topic,demo,metric,pol,mean,sd,n,t,p,q
criminal,asian→black,d_approach_retreat,neg,0.22,3.9760326132170323,250,0.8748684340822691,0.38248857237282585,0.9110298645203798
criminal,asian→black,d_approach_retreat,pos,0.128,3.4302598634686112,250,0.5900012777636263,0.5557248148462322,0.9110298645203798
criminal,asian→black,d_latency,neg,-0.15,2.990362699791653,250,-0.793117251392792,0.428464587855389,0.7984474371261613
criminal,asian→black,d_latency,pos,-0.232,2.1289211401279133,250,-1.7230521209324454,0.08612057151091672,0.563113167643201
criminal,asian→black,d_peak_speed,neg,-9.838121384382248e-05,0.002869203030312802,250,-0.5421517951705404,0.5881987867199557,0.8344461270834415
criminal,asian→black,d_peak_speed,pos,-4.8595994710922244e-05,0.0040256980705641,250,-0.19086631157422665,0.8487858644697864,0.9259482157852216
criminal,asian→black,d_time_to_half,neg,-0.13,3.3461750626948383,250,-0.6142776276188215,0.539592731768623,0.8699189937451774
criminal,asian→black,d_time_to_half,pos,-0.266,3.1610461640737904,250,-1.3305181480183423,0.1845648153136218,0.8699189937451774
criminal,asian→black,pull_AUC,neg,-0.31944065552813866,18.63619214728801,250,-0.2710210435540011,0.7865993828420241,0.897051044886248
criminal,asian→black,pull_AUC,pos,-2.6977894511232643,16.223134458489227,250,-2.629319055128966,0.009088059949402276,0.0605870663293485
criminal,asian→black,pull_MAD,neg,-1.0654785440536214,40.66336174713263,250,-0.4142966607387159,0.6790135263630143,0.8597597930901316
criminal,asian→black,pull_MAD,pos,-5.963045131986146,35.68733969803124,250,-2.6419459347506176,0.00876515620264146,0.055622647095650166
criminal,asian→black,pull_early,neg,-0.163564492203295,8.238299262944295,250,-0.31392179573870516,0.7538432721567798,0.9134288741790955
criminal,asian→black,pull_early,pos,-0.3994930576067421,6.425092226710597,250,-0.9831049321053291,0.3265100647560262,0.6996644244771989
criminal,asian→black,pull_final,neg,3.95236361744198,51.248478164296785,118,0.8377547965431837,0.4038765309939075,0.7127232899892485
criminal,asian→black,pull_final,pos,-0.5142902196312957,67.88487725256803,97,-0.07461413273471754,0.9406769881928589,0.9566206659588397
criminal,asian→black,pull_release,neg,-1.1664463805500418,38.137767705319526,250,-0.48359245348321267,0.6291001203189555,0.782625143011315
criminal,asian→black,pull_release,pos,-5.8739227978512645,32.944150972916134,250,-2.819161261200745,0.005202076341406804,0.03901557256055103
criminal,asian→black,pull_tcp,neg,-4.994202732574195,88.58949389537891,250,-0.8913616636201971,0.37359568409233457,0.6943839225575564
criminal,asian→black,pull_tcp,pos,-0.8808398274704814,80.1772854819206,250,-0.17370631169750525,0.8622374106590669,0.9406226298098912
criminal,asian→black,q_exploded,neg,0.1,0.2149063492682878,250,7.357338838371431,2.7152668467510864e-12,1.4810546436824107e-11
criminal,asian→black,q_exploded,pos,0.124,0.23843532796649483,250,8.222825728156787,1.1044998030788175e-14,1.6567497046182262e-13
criminal,asian→black,q_jerk_in_grasp,neg,0.046,0.15806307520408394,250,4.601478624274767,6.686613741880112e-06,nan
criminal,asian→black,q_jerk_in_grasp,pos,0.058,0.1665742715781979,250,5.505415168622353,9.153225739376847e-08,nan
criminal,asian→black,q_tile_drift,neg,0.24189404958486557,1.2767108741353044,250,2.995729748318943,0.0030142537510513124,0.003477985097366899
criminal,asian→black,q_tile_drift,pos,0.2530882915556431,0.5993989258292345,250,6.676150189369901,1.5852071851894031e-10,8.646584646487653e-10
criminal,asian→black,xpos_reversals,neg,0.84,0.7725199988313427,250,17.192520831563403,3.322878169048757e-44,5.112120260075011e-44
criminal,asian→black,xpos_reversals,pos,1.102,0.8920645248331891,250,19.532387425434262,3.768643594950573e-52,1.615132969264531e-51
criminal,asian→latino,d_approach_retreat,neg,0.042,4.417157584295357,250,0.15034064236159603,0.8806175813473002,0.976479842992558
criminal,asian→latino,d_approach_retreat,pos,0.218,3.7474859042309467,250,0.9197853541468883,0.3585751258534303,0.9110298645203798
criminal,asian→latino,d_latency,neg,0.286,2.7864423633329847,250,1.6228783747860311,0.10588075757745974,0.563113167643201
criminal,asian→latino,d_latency,pos,-0.17,2.2039805172645983,250,-1.2195824736595993,0.2237771360327798,0.7066646401035152
criminal,asian→latino,d_peak_speed,neg,-0.00048679695278406145,0.006105262408990088,250,-1.2607051308395105,0.20859513923826067,0.5214878480956516
criminal,asian→latino,d_peak_speed,pos,0.00019930681586265565,0.00718229639048513,250,0.43876182285983145,0.6612145881821878,0.8344461270834415
criminal,asian→latino,d_time_to_half,neg,-0.096,3.210609920911762,250,-0.4727741190215237,0.6367884772245201,0.8699189937451774
criminal,asian→latino,d_time_to_half,pos,0.072,4.239659757508584,250,0.2685168203991925,0.7885238603838013,0.885304931817945
criminal,asian→latino,pull_AUC,neg,0.716815944348247,18.792947326636515,250,0.6030908850715805,0.5469971489919219,0.7632518358026816
criminal,asian→latino,pull_AUC,pos,-0.5245228310398751,15.845105797295782,250,-0.5234066758736162,0.6011567677512548,0.7769315083156063
criminal,asian→latino,pull_MAD,neg,1.2098567242664284,39.395665913332245,250,0.48557408568355515,0.6276961573824926,0.8372670232617166
criminal,asian→latino,pull_MAD,pos,-0.6427708338908269,34.23929446087434,250,-0.2968256035391532,0.7668471067843659,0.8681288001332443
criminal,asian→latino,pull_early,neg,0.29086873233318317,8.006074617773448,250,0.574443618260035,0.5661862392697479,0.8285652281996311
criminal,asian→latino,pull_early,pos,0.0873147871810943,5.422754856832134,250,0.25458794302425,0.799251502646608,0.9134288741790955
criminal,asian→latino,pull_final,neg,1.1842620799912336,60.6224625321273,123,0.2166540467460987,0.8288398311511278,0.8880426762333512
criminal,asian→latino,pull_final,pos,-2.561313985400678,65.43121385116918,108,-0.40680822155691365,0.6849614398242626,0.8387282936623625
criminal,asian→latino,pull_release,neg,1.8538098242133856,36.73974279993869,250,0.7978092586593234,0.4257413645756799,0.6549867147318152
criminal,asian→latino,pull_release,pos,-1.1085068344837055,32.82160199479201,250,-0.5340090345663218,0.5938116990767015,0.782625143011315
criminal,asian→latino,pull_tcp,neg,-1.1275806450285017,72.73945968226025,250,-0.24510239004988743,0.8065790311769904,0.9368705158493773
criminal,asian→latino,pull_tcp,pos,3.968604295514524,75.23508371366708,250,0.8340409876804634,0.40505728815857456,0.6943839225575564
criminal,asian→latino,q_exploded,neg,0.084,0.19259379397558904,250,6.8961548025740695,4.381045985142684e-11,1.5462515241680063e-10
criminal,asian→latino,q_exploded,pos,0.124,0.22985939477311307,250,8.529615033745534,1.4472170490519578e-15,4.3416511471558737e-14
criminal,asian→latino,q_jerk_in_grasp,neg,0.034,0.1480936423606041,250,3.630049161189606,0.00034389409547876847,nan
criminal,asian→latino,q_jerk_in_grasp,pos,0.034,0.1547247848153119,250,3.474473742977367,0.000603579542930815,nan
criminal,asian→latino,q_tile_drift,neg,0.13127311716973783,0.34081459517822876,250,6.0901447836974265,4.24969620814366e-09,1.108616402124433e-08
criminal,asian→latino,q_tile_drift,pos,0.21471284958720208,1.1365394892771878,250,2.987057000687758,0.003098002304099179,0.0035071724197349194
criminal,asian→latino,xpos_reversals,neg,0.864,0.8100176010780413,250,16.865114379917312,4.404731908715791e-43,5.872975878287722e-43
criminal,asian→latino,xpos_reversals,pos,0.974,0.7633181633328894,250,20.17545624458541,2.656111370915186e-54,2.1805362440315593e-53
criminal,asian→middle_eastern,d_approach_retreat,neg,0.61,3.702395295439802,250,2.6050559418636707,0.009738670381367847,0.19477340762735693
criminal,asian→middle_eastern,d_approach_retreat,pos,0.108,3.0955882585813423,250,0.5516334195147464,0.5816942400805709,0.9110298645203798
criminal,asian→middle_eastern,d_latency,neg,-0.06,2.853237434112641,250,-0.3324936392282947,0.7397962841568584,0.8642231524198668
criminal,asian→middle_eastern,d_latency,pos,0.148,2.234292786773504,250,1.047349515863527,0.29595398070307827,0.7435538646410307
criminal,asian→middle_eastern,d_peak_speed,neg,0.0005610099285840988,0.004864385827241517,250,1.8235284240396985,0.0694222094221998,0.4165332565331988
criminal,asian→middle_eastern,d_peak_speed,pos,0.000601144090294838,0.004437650916345958,250,2.1418815530074573,0.03317352952858744,0.28434453881646377
criminal,asian→middle_eastern,d_time_to_half,neg,-0.172,3.6383190434385204,250,-0.7474767207810868,0.4554811494156854,0.8699189937451774
criminal,asian→middle_eastern,d_time_to_half,pos,0.168,2.338729274301302,250,1.1357933830691092,0.25713506361805766,0.8699189937451774
criminal,asian→middle_eastern,pull_AUC,neg,-1.096342956561005,16.707026924059637,250,-1.0375696571192772,0.3004769735216649,0.6009539470433298
criminal,asian→middle_eastern,pull_AUC,pos,-1.5055741561901617,17.27262731644744,250,-1.3782047839686258,0.1693772087344156,0.4065053009625975
criminal,asian→middle_eastern,pull_MAD,neg,-0.2786196226067841,33.94562133585977,250,-0.12977706307635367,0.8968475843756266,0.9783791829552291
criminal,asian→middle_eastern,pull_MAD,pos,-4.2864091204083525,38.626978932426454,250,-1.7545788175049812,0.0805613801689373,0.26853793389645764
criminal,asian→middle_eastern,pull_early,neg,-0.7392737157642842,7.357131403545896,250,-1.588790948456029,0.11337650677495346,0.5232761851151698
criminal,asian→middle_eastern,pull_early,pos,-0.29986260575242335,5.725471259035856,250,-0.8280967420753829,0.4084087049214469,0.7657663217277129
criminal,asian→middle_eastern,pull_final,neg,-6.24648998383759,48.55096282859917,127,-1.4499067157567582,0.14956914677491603,0.5982765870996641
criminal,asian→middle_eastern,pull_final,pos,-1.6830122829331,61.25001197416296,111,-0.2894960197274915,0.7727467694395841,0.8748076635165103
criminal,asian→middle_eastern,pull_release,neg,-1.4538497957400978,32.82550392992611,250,-0.7002903504731697,0.48439979187570115,0.7088777442083432
criminal,asian→middle_eastern,pull_release,pos,-4.216947052394971,34.84467899701289,250,-1.9135141780248122,0.056828935218562894,0.22731574087425158
criminal,asian→middle_eastern,pull_tcp,neg,-6.19316926470492,70.41369838704432,250,-1.3906754836088273,0.16556544960409963,0.5441302070049653
criminal,asian→middle_eastern,pull_tcp,pos,1.3528820401988924,82.07152000420633,250,0.26063783468033186,0.7945872270074924,0.9368705158493773
criminal,asian→middle_eastern,q_exploded,neg,0.064,0.16737999957291225,250,6.045697537554814,5.407771813247685e-09,1.2017270696105967e-08
criminal,asian→middle_eastern,q_exploded,pos,0.112,0.24432515039689603,250,7.248027830199137,5.302384509036088e-12,2.447254388785887e-11
criminal,asian→middle_eastern,q_jerk_in_grasp,neg,0.03,0.15555316502274832,250,3.049386034388233,0.0025406657820912677,nan
criminal,asian→middle_eastern,q_jerk_in_grasp,pos,0.052,0.20849431531356508,250,3.9434753432353418,0.00010444551904511857,nan
criminal,asian→middle_eastern,q_tile_drift,neg,0.13787690852582454,0.3419022066146939,250,6.376166331322472,8.755911665548865e-10,2.7650247364891155e-09
criminal,asian→middle_eastern,q_tile_drift,pos,0.29522620762884616,1.63689621980179,250,2.8516995451122087,0.004713506288690682,0.005237229209656313
criminal,asian→middle_eastern,xpos_reversals,neg,0.886,0.8028588476919645,250,17.44875836495827,4.410034634140886e-45,7.151407514823059e-45
criminal,asian→middle_eastern,xpos_reversals,pos,1.014,0.8388196909321946,250,19.113461343803483,9.691454309298281e-51,3.2304847697660935e-50
criminal,black→latino,d_approach_retreat,neg,0.01,3.853869385039897,250,0.04102730715840857,0.9673070037535223,0.9786462403116853
criminal,black→latino,d_approach_retreat,pos,-0.006,3.5407785090004142,250,-0.02679307094863535,0.9786462403116853,0.9786462403116853
criminal,black→latino,d_latency,neg,0.288,2.9780077435228285,250,1.5291027501680365,0.12750832034775683,0.563113167643201
criminal,black→latino,d_latency,pos,0.12,2.3757476100855723,250,0.7986397999712966,0.42526038240636665,0.7984474371261613
criminal,black→latino,d_peak_speed,neg,0.00012294510006904602,0.0031488638561412504,250,0.6173441614778885,0.5375718699185692,0.8344461270834415
criminal,black→latino,d_peak_speed,pos,-0.0004379921332001686,0.005366842010822599,250,-1.2903796453811516,0.19811583691942614,0.5168239223985029
criminal,black→latino,d_time_to_half,neg,0.25,2.4389122929475677,250,1.6207417899531056,0.10633867026743077,0.7089244684495385
criminal,black→latino,d_time_to_half,pos,0.224,3.8516444096819913,250,0.9195425648550478,0.3587017887004117,0.8699189937451774
criminal,black→latino,pull_AUC,neg,-0.8425231471060574,16.327301269918372,250,-0.8159009508745232,0.41533659369024334,0.6922276561504055
criminal,black→latino,pull_AUC,pos,1.6191785489111643,15.540511691015533,250,1.6474014031358546,0.10073689713397885,0.3357896571132628
criminal,black→latino,pull_MAD,neg,-2.2594166714418678,35.181426943776984,250,-1.015436763911083,0.31088332738994506,0.5652424134362638
criminal,black→latino,pull_MAD,pos,2.7752339322678745,35.805147849465456,250,1.2255305162610808,0.22153329969834407,0.4747142136393087
criminal,black→latino,pull_early,neg,-0.060945893451571406,6.520524747885058,250,-0.14778552708002385,0.882631631483109,0.9134288741790955
criminal,black→latino,pull_early,pos,0.03594401357695461,4.389415328743564,250,0.1294761860501911,0.8970853941943397,0.9134288741790955
criminal,black→latino,pull_final,neg,-1.223890735427775,53.72877003717454,126,-0.25569428488586765,0.7986071878854735,0.8873413198727483
criminal,black→latino,pull_final,pos,1.6197380783194875,70.71464448602823,94,0.22207483933857577,0.8247425704895852,0.8880426762333512
criminal,black→latino,pull_release,neg,-2.7404274260625243,33.14219751685728,250,-1.3073955678923261,0.19228432323206157,0.4153355497079035
criminal,black→latino,pull_release,pos,3.451573136728257,33.278857982443554,250,1.6399049252938978,0.1022876239082463,0.340958746360821
criminal,black→latino,pull_tcp,neg,5.546466400846839,85.55031130919325,250,1.0250966082918087,0.3063124311043021,0.6337498574571768
criminal,black→latino,pull_tcp,pos,1.188963487977162,80.27009953763633,250,0.23419882985339877,0.8150230731518837,0.9368705158493773
criminal,black→latino,q_exploded,neg,0.096,0.21204682365384947,250,7.158292921938171,9.142548264077214e-12,3.918234970318806e-11
criminal,black→latino,q_exploded,pos,0.124,0.2341866210823665,250,8.372007505137633,4.131678427387818e-15,8.263356854775636e-14
criminal,black→latino,q_jerk_in_grasp,neg,0.062,0.18787546075797143,250,5.217850541508805,3.813588174050101e-07,nan
criminal,black→latino,q_jerk_in_grasp,pos,0.084,0.23055720874877042,250,5.760637997304877,2.4627337859260855e-08,nan
criminal,black→latino,q_tile_drift,neg,0.19882269966602326,0.6711041824767939,250,4.684314283125283,4.623221419095901e-06,7.34062710452452e-06
criminal,black→latino,q_tile_drift,pos,0.12038495916128159,0.2938790571753436,250,6.476995513648724,4.958752674094521e-10,1.8595322527854453e-09
criminal,black→latino,xpos_reversals,neg,1.104,0.9211831051712857,250,18.949297469891953,3.47275657211308e-50,1.0418269716339242e-49
criminal,black→latino,xpos_reversals,pos,1.024,0.7692796400910624,250,21.046782959374216,3.4314434918490275e-57,6.862886983698056e-56
criminal,black→middle_eastern,d_approach_retreat,neg,-0.044,3.8210555954413716,250,-0.18207039072319037,0.8556756210948946,0.976479842992558
criminal,black→middle_eastern,d_approach_retreat,pos,-0.126,2.96957868903342,250,-0.6708813385761936,0.5029179438624951,0.9110298645203798
criminal,black→middle_eastern,d_latency,neg,-0.084,3.0195055314767143,250,-0.4398589780430618,0.6604207864831173,0.8255259831038967
criminal,black→middle_eastern,d_latency,pos,0.118,1.9458213904503507,250,0.9588463918918716,0.33856622653704727,0.7738594489625183
criminal,black→middle_eastern,d_peak_speed,neg,-0.0002347804829478264,0.003030665929232634,250,-1.2248810881927867,0.2217774979043903,0.5322659949705367
criminal,black→middle_eastern,d_peak_speed,pos,2.2134028375148773e-05,0.002096363133000647,250,0.16694136230129072,0.8675516774288905,0.9295196543880969
criminal,black→middle_eastern,d_time_to_half,neg,-0.128,3.4753313095075375,250,-0.5823495725345817,0.5608581711292078,0.8699189937451774
criminal,black→middle_eastern,d_time_to_half,pos,0.11,3.7826092224971486,250,0.4598023773506304,0.6460592903009762,0.8699189937451774
criminal,black→middle_eastern,pull_AUC,neg,0.5741369138344251,18.181874945071876,250,0.49928303378544747,0.6180208516130694,0.7769315083156063
criminal,black→middle_eastern,pull_AUC,pos,2.103333938403591,15.694958546960516,250,2.1189370795043434,0.03508608090668591,0.16193575803085805
criminal,black→middle_eastern,pull_MAD,neg,0.23309030006348638,38.060085358823216,250,0.09683323641335856,0.9229367227077676,0.9795813990131002
criminal,black→middle_eastern,pull_MAD,pos,4.409001293471083,34.67804488459203,250,2.0102757148503407,0.045480446409637554,0.1972995146191043
criminal,black→middle_eastern,pull_early,neg,0.3240703046321872,7.642688578752555,250,0.670444879509663,0.5031955782855799,0.8237644078195286
criminal,black→middle_eastern,pull_early,pos,0.5121206022333354,4.573665366961406,250,1.7704263537216043,0.07787970306243648,0.3893985153121824
criminal,black→middle_eastern,pull_final,neg,3.5463322381814564,51.89890924872132,123,0.7578334057642472,0.45001207090374196,0.7297493041682303
criminal,black→middle_eastern,pull_final,pos,7.1198346984321965,57.56811079825112,104,1.2612599426126614,0.21006436763226266,0.6566504275147793
criminal,black→middle_eastern,pull_release,neg,-0.21244035148993134,35.00281189487423,250,-0.09596305857548906,0.9236270993662397,0.9392817959656674
criminal,black→middle_eastern,pull_release,pos,3.0842603626661003,32.17351398060455,250,1.5157324202885478,0.13085544807352803,0.3887024285269173
criminal,black→middle_eastern,pull_tcp,neg,1.0656524766236544,68.48373833579828,250,0.24603570878435507,0.8058572789824814,0.9368705158493773
criminal,black→middle_eastern,pull_tcp,pos,-9.03812895808369,77.83418412941518,250,-1.836023182715393,0.06754653973477272,0.35370540513018434
criminal,black→middle_eastern,q_exploded,neg,0.098,0.20386821477607522,250,7.600576947144327,5.99280461511313e-13,3.995203076742087e-12
criminal,black→middle_eastern,q_exploded,pos,0.104,0.20822446954879129,250,7.897171676560539,9.132437440966443e-14,7.82780352082838e-13
criminal,black→middle_eastern,q_jerk_in_grasp,neg,0.046,0.15806307520408394,250,4.601478624274767,6.686613741880112e-06,nan
criminal,black→middle_eastern,q_jerk_in_grasp,pos,0.054,0.179479389918794,250,4.757175565572034,3.3279752254795066e-06,nan
criminal,black→middle_eastern,q_tile_drift,neg,0.20864586743712427,0.8349494421022258,250,3.951114475995362,0.00010135792317223997,0.00014142966024033486
criminal,black→middle_eastern,q_tile_drift,pos,0.17376835203170776,0.383810821417264,250,7.15852377018762,9.129793512092197e-12,1.0955752214510636e-10
criminal,black→middle_eastern,xpos_reversals,neg,0.954,0.7857184060810962,250,19.19779951985279,5.034849782315764e-51,1.777005805523211e-50
criminal,black→middle_eastern,xpos_reversals,pos,1.09,0.8797704154697082,250,19.589671287953273,2.420186835707957e-52,1.2100934178539786e-51
criminal,latino→middle_eastern,d_approach_retreat,neg,0.02,3.7260075858914297,250,0.08487040316671333,0.9324326194085379,0.9786462403116853
criminal,latino→middle_eastern,d_approach_retreat,pos,0.222,3.7362486824176293,250,0.9394792748419487,0.34839517482142235,0.9110298645203798
criminal,latino→middle_eastern,d_latency,neg,0.088,3.056078280710644,250,0.4552900949090013,0.6492972926162444,0.8255259831038967
criminal,latino→middle_eastern,d_latency,pos,0.088,2.0535638529132636,250,0.6775548607851618,0.49868303568643113,0.8111080564999278
criminal,latino→middle_eastern,d_peak_speed,neg,0.00024716271460056307,0.003023018083831316,250,1.2927430619557392,0.19729817748675912,0.5168239223985029
criminal,latino→middle_eastern,d_peak_speed,pos,0.00027879118174314497,0.003411840550511245,250,1.2919934458047648,0.19755724890972814,0.5168239223985029
criminal,latino→middle_eastern,d_time_to_half,neg,-0.184,3.7330801692705187,250,-0.7793284139202975,0.43652634186543904,0.8699189937451774
criminal,latino→middle_eastern,d_time_to_half,pos,0.064,3.2338421327824642,250,0.3129184449035541,0.7546045523600047,0.885304931817945
criminal,latino→middle_eastern,pull_AUC,neg,-0.1213111824921275,17.09475701411854,250,-0.11220388859772419,0.9107521457471449,0.9261886227937067
criminal,latino→middle_eastern,pull_AUC,pos,-0.6696356100803768,15.681648707921257,250,-0.6751757323644009,0.500190600738729,0.7145580010553272
criminal,latino→middle_eastern,pull_MAD,neg,-0.42850181146059163,36.92737461083816,250,-0.18347387541136054,0.8545755289105115,0.9495283654561238
criminal,latino→middle_eastern,pull_MAD,pos,-0.769592429706827,35.019269830197416,250,-0.34747511294453554,0.7285279402794358,0.8597597930901316
criminal,latino→middle_eastern,pull_early,neg,-0.0705352418124676,7.414037409031791,250,-0.1504254747665682,0.8805507260989911,0.9134288741790955
criminal,latino→middle_eastern,pull_early,pos,-0.7628396006301046,5.665055133394946,250,-2.1291148722843074,0.03422632085424796,0.29336846446498255
criminal,latino→middle_eastern,pull_final,neg,-5.566972898824126,73.88372395471919,131,-0.8623944995635774,0.39005855068256756,0.7091973648773955
criminal,latino→middle_eastern,pull_final,pos,-4.693217816502722,54.58475649053315,129,-0.9765493350297632,0.3306343224791931,0.7091973648773955
criminal,latino→middle_eastern,pull_release,neg,-0.2890951009467244,35.47001804842992,250,-0.12886925771220692,0.8975651318112414,0.9285156535978359
criminal,latino→middle_eastern,pull_release,pos,-0.8562937160022557,32.60047623883414,250,-0.4153065846060992,0.6782751239431397,0.782625143011315
criminal,latino→middle_eastern,pull_tcp,neg,2.0984382135793567,72.8489804505412,250,0.45545210399690245,0.6491809193804345,0.9058338409959552
criminal,latino→middle_eastern,pull_tcp,pos,-5.303242990747094,71.12571552859397,250,-1.1789214851091425,0.2395547322061825,0.5528186127834981
criminal,latino→middle_eastern,q_exploded,neg,0.082,0.19603499400745267,250,6.613787743527797,2.271144329830096e-10,6.48898379951456e-10
criminal,latino→middle_eastern,q_exploded,pos,0.11,0.23046138461615817,250,7.546829226898021,8.389261388680875e-13,5.033556833208525e-12
criminal,latino→middle_eastern,q_jerk_in_grasp,neg,0.038,0.1327648523672451,250,4.5255407942608885,9.33672645505983e-06,nan
criminal,latino→middle_eastern,q_jerk_in_grasp,pos,0.06,0.1747057192922248,250,5.430178828110835,1.3368183832455612e-07,nan
criminal,latino→middle_eastern,q_tile_drift,neg,0.12281111089885235,0.32670483724127397,250,5.943634561631748,9.360969346604208e-09,2.2907801099541352e-08
criminal,latino→middle_eastern,q_tile_drift,pos,0.11398219960927963,0.27566873407592146,250,6.537617780440942,3.512873824391789e-10,1.5055173533107668e-09
criminal,latino→middle_eastern,xpos_reversals,neg,0.93,0.7800859802266573,250,18.849962045863823,7.525044878538382e-50,1.963055185705665e-49
criminal,latino→middle_eastern,xpos_reversals,pos,0.878,0.688485328959718,250,20.163681554572996,2.907381658708746e-54,2.1805362440315593e-53
education,asian→black,d_approach_retreat,neg,0.312,3.832153127206877,250,1.2873058529000576,0.19918298830966755,0.9110298645203798
education,asian→black,d_approach_retreat,pos,0.062,3.6664598335238003,250,0.26737128433506785,0.7894046304414843,0.9666179148263073
education,asian→black,d_latency,neg,-0.35,2.8214076921745725,250,-1.9614272409633213,0.05094349620336207,0.563113167643201
education,asian→black,d_latency,pos,0.142,2.8285754996870276,250,0.7937624924517569,0.428089488892998,0.7984474371261613
education,asian→black,d_peak_speed,neg,-0.00010815270990133286,0.003006192610826048,250,-0.5688406278027516,0.5699770057475033,0.8344461270834415
education,asian→black,d_peak_speed,pos,-0.00015774911642074584,0.0036711666467400365,250,-0.6794114170921616,0.4975082953010119,0.8344461270834415
education,asian→black,d_time_to_half,neg,-0.224,5.090922703784022,250,-0.6956992249668303,0.48726600497297423,0.8699189937451774
education,asian→black,d_time_to_half,pos,-0.062,4.419875245836134,250,-0.22179496481845773,0.8246552929326987,0.8996239559265804
education,asian→black,pull_AUC,neg,0.6928806420839343,20.085574083519422,250,0.5454364825506705,0.5859416116844879,0.7769315083156063
education,asian→black,pull_AUC,pos,-3.052774757915922,17.624943036929906,250,-2.738653225220589,0.006614802392611667,0.055585048079772825
education,asian→black,pull_MAD,neg,2.0726548143127004,43.103623213877945,250,0.7602968762068266,0.4477964481850353,0.7069308760357347
education,asian→black,pull_MAD,pos,-6.35433396494016,34.8355073092493,250,-2.8841503819931673,0.004268226094712591,0.036584795097536496
education,asian→black,pull_early,neg,0.37821245864033703,8.633696197041022,250,0.6926423987246606,0.48917946135348156,0.8237644078195286
education,asian→black,pull_early,pos,-1.0527522338554265,8.20512506705256,250,-2.028667962771985,0.04355638312903997,0.3266728734677998
education,asian→black,pull_final,neg,7.673016031300281,58.53231486028521,114,1.399660901688873,0.16435421943550174,0.6163283228831316
education,asian→black,pull_final,pos,-8.387161195177665,55.80901520001366,139,-1.7718136003398337,0.07863248624128004,0.3931624312064002
education,asian→black,pull_release,neg,0.6330778664560057,36.959884352694914,250,0.2708298509725876,0.7867462669026695,0.8582686548029121
education,asian→black,pull_release,pos,-5.477679952629842,33.3251797351189,250,-2.598927459871917,0.00990947596973945,0.059456855818436696
education,asian→black,pull_tcp,neg,8.047881883569062,75.42490934146514,250,1.687084367371803,0.09283942289865768,0.3713576915946307
education,asian→black,pull_tcp,pos,-6.617379024159163,76.56286203044343,250,-1.3665887939667554,0.17298693437759277,0.5441302070049653
education,asian→black,q_exploded,neg,0.116,0.22968461002061347,250,7.985389368199522,5.177430421201888e-14,6.212916505442266e-13
education,asian→black,q_exploded,pos,0.09,0.20753864497154864,250,6.85667455943375,5.5292327893830545e-11,1.8430775964610182e-10
education,asian→black,q_jerk_in_grasp,neg,0.054,0.1618294009754727,250,5.276018838967766,2.870405329316315e-07,nan
education,asian→black,q_jerk_in_grasp,pos,0.03,0.13480612286929777,250,3.5186951373503867,0.000515403844830429,nan
education,asian→black,q_tile_drift,neg,0.18609103217720985,0.4373385941683656,250,6.727870826615376,1.174481909308689e-10,8.646584646487653e-10
education,asian→black,q_tile_drift,pos,0.20879370146989823,0.9972116646166692,250,3.310549210211715,0.0010690684015059832,0.00128288208180718
education,asian→black,xpos_reversals,neg,0.976,0.7454170553088932,250,20.702390523150648,4.713875539357224e-56,7.070813309035836e-55
education,asian→black,xpos_reversals,pos,0.754,0.6945600439259906,250,17.16451570039512,4.14427876167669e-44,6.216418142515035e-44
education,asian→latino,d_approach_retreat,neg,0.01,3.5850117485090327,250,0.044104146401801,0.9648567354417028,0.9786462403116853
education,asian→latino,d_approach_retreat,pos,0.32,3.769940291197831,250,1.3421019606286113,0.18078540181862623,0.9110298645203798
education,asian→latino,d_latency,neg,-0.022,2.8774354099010826,250,-0.12088908804749844,0.9038763783762103,0.962192340501872
education,asian→latino,d_latency,pos,0.366,3.0191896303638144,250,1.9167289327934,0.05641697346625931,0.563113167643201
education,asian→latino,d_peak_speed,neg,-7.456669211387635e-05,0.003158740205151522,250,-0.3732509946208977,0.7092792080209253,0.8344461270834415
education,asian→latino,d_peak_speed,pos,1.9235357642173768e-05,0.0030181501925592427,250,0.10076957387202864,0.919814471322114,0.9515322117125318
education,asian→latino,d_time_to_half,neg,0.116,3.9642660887596786,250,0.4626634544280834,0.6440096731235392,0.8699189937451774
education,asian→latino,d_time_to_half,pos,0.328,4.536599933410846,250,1.1431767047567147,0.25406314540495695,0.8699189937451774
education,asian→latino,pull_AUC,neg,-0.16932901779739062,19.215492734331036,250,-0.13933167824582038,0.8893006855850614,0.9261886227937067
education,asian→latino,pull_AUC,pos,-1.0747583172396014,15.558381216989966,250,-1.092235808239337,0.2757851186726455,0.5789564089600299
education,asian→latino,pull_MAD,neg,-0.06446473565185443,36.973873465388685,250,-0.02756749216596805,0.9780291905472437,0.9946059564887224
education,asian→latino,pull_MAD,pos,-2.025272530567017,29.911703731918678,250,-1.0705632378155991,0.28540247188266205,0.5351296347799913
education,asian→latino,pull_early,neg,-0.06927591809071608,8.553417465560813,250,-0.12805974281506813,0.8982050596094439,0.9134288741790955
education,asian→latino,pull_early,pos,-1.2549204960931093,7.869626507224865,250,-2.5213439585978987,0.012315918821199876,0.24631837642399754
education,asian→latino,pull_final,neg,4.990122656313507,60.58879370033642,124,0.9171275873022956,0.36087055602324136,0.7091973648773955
education,asian→latino,pull_final,pos,-5.840708298019582,54.084384403798154,133,-1.2454303545589327,0.21517984298158976,0.6566504275147793
education,asian→latino,pull_release,neg,-0.9713686360628344,34.390421656052084,250,-0.44659780102887464,0.6555536435838768,0.782625143011315
education,asian→latino,pull_release,pos,-0.8672539571998641,28.455170827616985,250,-0.4818979705235226,0.6303017124850367,0.782625143011315
education,asian→latino,pull_tcp,neg,-9.311833537649363,83.11377661397638,250,-1.7714634306705022,0.07770679184442447,0.35370540513018434
education,asian→latino,pull_tcp,pos,-5.315852634143084,63.52758211964701,250,-1.323063263925093,0.18702802030733978,0.5441302070049653
education,asian→latino,q_exploded,neg,0.088,0.21550351985123836,250,6.456517143824699,5.568447095258787e-10,1.5186673896160327e-09
education,asian→latino,q_exploded,pos,0.076,0.1959017867201845,250,6.1340201688940095,3.3459799793048514e-09,7.721492259934273e-09
education,asian→latino,q_jerk_in_grasp,neg,0.052,0.18283795797235872,250,4.496835344048619,1.0580808698532675e-05,nan
education,asian→latino,q_jerk_in_grasp,pos,0.034,0.14115131872964015,250,3.8085878833219677,0.00017609176870228942,nan
education,asian→latino,q_tile_drift,neg,0.19588556537032129,0.5739166084584773,250,5.39664245807269,1.5807545422416023e-07,3.1615090844832045e-07
education,asian→latino,q_tile_drift,pos,0.14015935251116754,0.4401315902292403,250,5.035116759954445,9.169193513957075e-07,1.576902497486629e-06
education,asian→latino,xpos_reversals,neg,0.86,0.751437711682181,250,18.095703379437506,2.7319907330133626e-47,5.122482624400055e-47
education,asian→latino,xpos_reversals,pos,0.832,0.7926469306232794,250,16.596386812418828,3.6844537565180553e-42,4.251292795982371e-42
education,asian→middle_eastern,d_approach_retreat,neg,0.712,3.625414531069289,250,3.105219657979098,0.002121348339094964,0.12728090034569783
education,asian→middle_eastern,d_approach_retreat,pos,-0.098,3.5968242351153683,250,-0.4308011601886922,0.6669856361092541,0.9110298645203798
education,asian→middle_eastern,d_latency,neg,-0.146,2.9791248276894717,250,-0.7748794781832951,0.4391460904193887,0.7984474371261613
education,asian→middle_eastern,d_latency,pos,0.044,2.9808734333585534,250,0.2333883342551704,0.8156516221919287,0.9233791949342588
education,asian→middle_eastern,d_peak_speed,neg,0.0001743607521057129,0.003085035482278248,250,0.8936317173034096,0.3723818650284054,0.7979611393465831
education,asian→middle_eastern,d_peak_speed,pos,4.768814146518707e-05,0.0031780624139944227,250,0.23725642351493337,0.8126529539258268,0.9199844761424454
education,asian→middle_eastern,d_time_to_half,neg,0.188,4.783532663101176,250,0.6214112476930745,0.5348975515555907,0.8699189937451774
education,asian→middle_eastern,d_time_to_half,pos,0.138,3.417113204241617,250,0.6385423762981367,0.5237075487716585,0.8699189937451774
education,asian→middle_eastern,pull_AUC,neg,-2.5195009198715144,18.796846100325496,250,-2.1193346562393267,0.03505215107838566,0.16193575803085805
education,asian→middle_eastern,pull_AUC,pos,-0.2743599740728423,18.19653890293107,250,-0.23839764844378533,0.8117687649234211,0.897051044886248
education,asian→middle_eastern,pull_MAD,neg,-3.53741973142256,38.707419362344105,250,-1.444981811703883,0.14972025773576367,0.39057458539764434
education,asian→middle_eastern,pull_MAD,pos,-0.19049983898410527,34.55188549007079,250,-0.0871751825610538,0.9306023290624451,0.9795813990131002
education,asian→middle_eastern,pull_early,neg,-1.2718376251403243,8.863060751192801,250,-2.2689135402809804,0.02412990833980675,0.25987464663893445
education,asian→middle_eastern,pull_early,pos,0.6648411285947077,8.290785103344621,250,1.2679210848608495,0.20601043397220772,0.6663787019138212
education,asian→middle_eastern,pull_final,neg,2.9441879137226827,53.468995568532996,115,0.5904898269033367,0.5560310865470633,0.7943301236386618
education,asian→middle_eastern,pull_final,pos,-9.448711028237316,56.74154768402004,142,-1.984337600827952,0.049159400351103645,0.2681421837332926
education,asian→middle_eastern,pull_release,neg,-2.3761723826173693,33.94865835034677,250,-1.1066883357679471,0.26949670826499694,0.461994357025709
education,asian→middle_eastern,pull_release,pos,-1.1099592825048603,31.007753223627706,250,-0.5659873866783495,0.5719120661849455,0.782625143011315
education,asian→middle_eastern,pull_tcp,neg,-0.9062973549589515,81.51666124733356,250,-0.1757900676501352,0.8606017486422524,0.9406226298098912
education,asian→middle_eastern,pull_tcp,pos,1.3736079833470285,63.44145105565107,250,0.3423416210764877,0.7323826058830527,0.9368705158493773
education,asian→middle_eastern,q_exploded,neg,0.108,0.21568979659087645,250,7.9170640590383705,8.037940968464057e-14,7.82780352082838e-13
education,asian→middle_eastern,q_exploded,pos,0.072,0.181515264274547,250,6.271758808883003,1.56757369968705e-09,3.918934249217625e-09
education,asian→middle_eastern,q_jerk_in_grasp,neg,0.07,0.21975707654308438,250,5.036457521503023,9.111138048500259e-07,nan
education,asian→middle_eastern,q_jerk_in_grasp,pos,0.042,0.15917710073245575,250,4.171946250934297,4.174821723595396e-05,nan
education,asian→middle_eastern,q_tile_drift,neg,0.1347656700462103,0.30117561256777947,250,7.075049405749031,1.5097406364234972e-11,1.5097406364234974e-10
education,asian→middle_eastern,q_tile_drift,pos,0.09593294124305249,0.2314125205646186,250,6.55467120419787,3.186991646395071e-10,1.4709192214131096e-09
education,asian→middle_eastern,xpos_reversals,neg,0.834,0.6938079546327258,250,19.006264997181606,2.229591214671951e-50,7.040814362121951e-50
education,asian→middle_eastern,xpos_reversals,pos,0.912,0.8384916654877194,250,17.197530665949124,3.1941419464979833e-44,5.043382020786289e-44
education,black→latino,d_approach_retreat,neg,0.228,3.106221248038695,250,1.16057300646829,0.24692707187878146,0.9110298645203798
education,black→latino,d_approach_retreat,pos,0.094,3.4367731433067004,250,0.43246104363150345,0.6657806595841094,0.9110298645203798
education,black→latino,d_latency,neg,0.068,2.7633167894244157,250,0.3890883624244914,0.6975433112104762,0.8370519734525714
education,black→latino,d_latency,pos,0.118,2.8108145998730403,250,0.6637733486881761,0.5074495005217876,0.8111080564999278
education,black→latino,d_peak_speed,neg,-6.471887230873108e-05,0.00853546044157855,250,-0.11988752422554755,0.9046689214916335,0.9515322117125318
education,black→latino,d_peak_speed,pos,0.00012898802757263183,0.0029957194776754673,250,0.6807979870308551,0.49663190784425404,0.8344461270834415
education,black→latino,d_time_to_half,neg,0.026,3.8449262452386916,250,0.10691911095328921,0.9149392450580005,0.9630939421663163
education,black→latino,d_time_to_half,pos,0.414,2.7253097535898645,250,2.4018975266668527,0.017043636813983666,0.2880547593913723
education,black→latino,pull_AUC,neg,-1.078729224251375,19.59625093747409,250,-0.8703811096584657,0.38493047701724814,0.6922276561504055
education,black→latino,pull_AUC,pos,1.2295551028528549,15.02027905911361,250,1.2943150451450633,0.1967557041084629,0.43723489801880644
education,black→latino,pull_MAD,neg,-2.5604212409909795,40.83873485887648,250,-0.9913092213784025,0.3224969377080932,0.5691122430142821
education,black→latino,pull_MAD,pos,1.8142782537895257,31.30935021946119,250,0.9162201628384111,0.36043792413090314,0.6120413725053717
education,black→latino,pull_early,neg,0.5168532820884136,7.455900597843612,250,1.0960671793328396,0.27410833090346476,0.6996644244771989
education,black→latino,pull_early,pos,0.7102380502270537,6.036193354566816,250,1.860419131484018,0.0640051583883087,0.3610632190053385
education,black→latino,pull_final,neg,2.438812738347968,62.06516507488393,110,0.4121230284207392,0.6810586246292823,0.8387282936623625
education,black→latino,pull_final,pos,0.7010358954281655,43.11493418372049,129,0.18467469208178836,0.8537764764236885,0.8987120804459879
education,black→latino,pull_release,neg,-2.7637191810645163,37.20262628587855,250,-1.1746008679737459,0.24127652311129721,0.461994357025709
education,black→latino,pull_release,pos,2.532978560833726,29.273066634951327,250,1.3681486836514458,0.1724988548199075,0.4153355497079035
education,black→latino,pull_tcp,neg,-4.430356884375215,86.85268476063264,250,-0.8065391784171528,0.42070168497027616,0.7011694749504602
education,black→latino,pull_tcp,pos,3.150652015581727,75.09750521154216,250,0.663353360126487,0.5077179291289561,0.78110450635224
education,black→latino,q_exploded,neg,0.096,0.20725786666173301,250,7.323694397367247,3.338543990278476e-12,1.669271995139238e-11
education,black→latino,q_exploded,pos,0.09,0.21232126903619564,250,6.7022251399278305,1.3630378458832567e-10,4.304330039631337e-10
education,black→latino,q_jerk_in_grasp,neg,0.068,0.21809691666834943,250,4.929801030118277,1.5041290078289232e-06,nan
education,black→latino,q_jerk_in_grasp,pos,0.044,0.1794234407326349,250,3.8774258391005434,0.00013512729520947605,nan
education,black→latino,q_tile_drift,neg,0.37824369974434374,1.791310974994976,250,3.3386486726692697,0.0009707739490190094,0.0011887027947171545
education,black→latino,q_tile_drift,pos,0.2189463633298874,1.0337054043308922,250,3.3489676586405017,0.0009368411845028809,0.0011710514806286011
education,black→latino,xpos_reversals,neg,0.92,0.7110713676979543,250,20.457126946157018,3.0681602336319897e-55,3.6817922803583875e-54
education,black→latino,xpos_reversals,pos,0.902,0.7692613679425448,250,18.539696443490964,8.462455980229992e-49,1.813383424334998e-48
education,black→middle_eastern,d_approach_retreat,neg,0.036,3.6543290057037434,250,0.1557631997397812,0.8763458806050233,0.976479842992558
education,black→middle_eastern,d_approach_retreat,pos,-0.152,3.7860577031692095,250,-0.634784572806749,0.5261517544931278,0.9110298645203798
education,black→middle_eastern,d_latency,neg,-0.082,2.7158385659802873,250,-0.47739724183534055,0.6334980439522262,0.8255259831038967
education,black→middle_eastern,d_latency,pos,0.106,2.8301595737433964,250,0.5921952865973628,0.5542571719416174,0.8111080564999278
education,black→middle_eastern,d_peak_speed,neg,-0.00011702445149421691,0.004124154934622565,250,-0.44865410553191043,0.6540713827109145,0.8344461270834415
education,black→middle_eastern,d_peak_speed,pos,-0.0001391015723347664,0.0030148194806949844,250,-0.7295259260218224,0.4663657078870934,0.8344461270834415
education,black→middle_eastern,d_time_to_half,neg,-0.2,5.413429678451004,250,-0.5841541957691473,0.559645411495439,0.8699189937451774
education,black→middle_eastern,d_time_to_half,pos,0.53,3.559322281053179,250,2.3543908468346424,0.019330361696098187,0.2880547593913723
education,black→middle_eastern,pull_AUC,neg,-0.8537771330878561,19.38154371690343,250,-0.6965080785519828,0.486760374677765,0.7123322556259976
education,black→middle_eastern,pull_AUC,pos,0.36312779987566457,16.520323944187947,250,0.3475449189774811,0.7284755712347707,0.8741706854817248
education,black→middle_eastern,pull_MAD,neg,-1.330481653623283,40.62340519233248,250,-0.5178483180566698,0.6050238861643131,0.8372670232617166
education,black→middle_eastern,pull_MAD,pos,1.3798114824760714,32.97301453934579,250,0.6616542477593657,0.5088046529671595,0.7632069794507392
education,black→middle_eastern,pull_early,neg,-0.5400642585998866,9.497873246393276,250,-0.8990608190493344,0.36948886000177283,0.7238880608493691
education,black→middle_eastern,pull_early,pos,-0.29772390350699407,7.269129060318895,250,-0.6475917824170471,0.5178456360875836,0.8237644078195286
education,black→middle_eastern,pull_final,neg,-5.836480370916353,50.025649731987876,101,-1.1725165411558172,0.2437753624594614,0.6566504275147793
education,black→middle_eastern,pull_final,pos,-0.43923074438694926,46.54565971224858,126,-0.10592508320176425,0.9158115918478063,0.9473913019115238
education,black→middle_eastern,pull_release,neg,-0.8685581125319004,37.538754735912015,250,-0.36583817645794797,0.7147964401509863,0.8092035171520601
education,black→middle_eastern,pull_release,pos,1.9804065801436082,30.066009239045975,250,1.0414743500952424,0.2986656013379925,0.4977760022299875
education,black→middle_eastern,pull_tcp,neg,6.663193373475224,80.24918922165114,250,1.3128399024770323,0.19044557245173785,0.5441302070049653
education,black→middle_eastern,pull_tcp,pos,3.9976442945189774,71.9366513601924,250,0.8786662297191987,0.38042937625404216,0.6943839225575564
education,black→middle_eastern,q_exploded,neg,0.124,0.22985939477311307,250,8.529615033745534,1.4472170490519578e-15,4.3416511471558737e-14
education,black→middle_eastern,q_exploded,pos,0.076,0.19070783390214097,250,6.301081011074782,1.3319308358355919e-09,3.4746021804406744e-09
education,black→middle_eastern,q_jerk_in_grasp,neg,0.064,0.2051153069778716,250,4.933463358553983,1.4786571803418661e-06,nan
education,black→middle_eastern,q_jerk_in_grasp,pos,0.036,0.12950322133966166,250,4.395334517103491,1.6385759712668788e-05,nan
education,black→middle_eastern,q_tile_drift,neg,0.3797739918977022,1.8982755504879476,250,3.1632678674662618,0.0017538498138527524,0.002063352722179709
education,black→middle_eastern,q_tile_drift,pos,0.12322761324048043,0.4979256683411183,250,3.913033141718645,0.00011765946641763198,0.00016044472693313452
education,black→middle_eastern,xpos_reversals,neg,0.962,0.7495353312895968,250,20.293313617704598,1.0755531095223959e-54,1.075553109522396e-53
education,black→middle_eastern,xpos_reversals,pos,0.934,0.7381214623438953,250,20.007325929923855,9.667347579028551e-54,5.80040854741713e-53
education,latino→middle_eastern,d_approach_retreat,neg,-0.088,3.9912373900351326,250,-0.3486142352614709,0.72767352108779,0.9491393753319
education,latino→middle_eastern,d_approach_retreat,pos,0.174,3.6964006154690754,250,0.7442866319286562,0.457404902238025,0.9110298645203798
education,latino→middle_eastern,d_latency,neg,-0.248,2.9446868632999954,250,-1.3316269201589832,0.1842005334795285,0.6501195299277476
education,latino→middle_eastern,d_latency,pos,0.264,2.739035095250159,250,1.5239697069456593,0.12878531472433183,0.563113167643201
education,latino→middle_eastern,d_peak_speed,neg,-2.147490531206131e-05,0.005715916026246205,250,-0.05940396343362729,0.9526780037644927,0.9526780037644927
education,latino→middle_eastern,d_peak_speed,pos,6.476281583309173e-05,0.002653110914670721,250,0.38595824355877445,0.6998571530599542,0.8344461270834415
education,latino→middle_eastern,d_time_to_half,neg,-0.122,4.3559169009742105,250,-0.44284347395867185,0.6582634230888564,0.8699189937451774
education,latino→middle_eastern,d_time_to_half,pos,-0.612,4.275344463446717,250,-2.2633426903604716,0.024476018287722213,0.2880547593913723
education,latino→middle_eastern,pull_AUC,neg,-0.09256395304156775,17.68135038775738,250,-0.0827744811399982,0.9340973625736111,0.9340973625736111
education,latino→middle_eastern,pull_AUC,pos,0.13479921015566093,16.348959297807337,250,0.1303668701838285,0.8963814345374453,0.9261886227937067
education,latino→middle_eastern,pull_MAD,neg,-0.004923598181919886,37.486396402764626,250,-0.002076724629788985,0.9983446774772069,0.9983446774772069
education,latino→middle_eastern,pull_MAD,pos,0.6385375370085239,31.262949605457667,250,0.3229434544635051,0.7470090895671196,0.8619335648851381
education,latino→middle_eastern,pull_early,neg,0.16744112195447106,7.99389788135418,250,0.3311871925367,0.7407816400815922,0.9134288741790955
education,latino→middle_eastern,pull_early,pos,0.32357119731605044,8.669321728247523,250,0.5901395754021246,0.5556322467848085,0.8285652281996311
education,latino→middle_eastern,pull_final,neg,5.723685471653085,56.330676348735004,119,1.1084198005797348,0.2699346521328257,0.6592437989448883
education,latino→middle_eastern,pull_final,pos,4.88815470291431,63.873626537871,144,0.9183423521473792,0.35998601860488044,0.7091973648773955
education,latino→middle_eastern,pull_release,neg,0.6745310700498521,34.23254411404192,250,0.31155360916239316,0.7556404898390008,0.8396005442655564
education,latino→middle_eastern,pull_release,pos,0.793793766759336,29.74956261031787,250,0.4218879329898719,0.6734708302442389,0.782625143011315
education,latino→middle_eastern,pull_tcp,neg,-4.9761007151100785,76.4438811149956,250,-1.0292394823902842,0.30436588277956567,0.6337498574571768
education,latino→middle_eastern,pull_tcp,pos,0.4604638987220824,64.95995854548347,250,0.11207786556878252,0.9108519645341413,0.9759128191437229
education,latino→middle_eastern,q_exploded,neg,0.124,0.25074987937790144,250,7.818995383641185,1.5055599766798924e-13,1.1291699825099194e-12
education,latino→middle_eastern,q_exploded,pos,0.066,0.17540543969071304,250,5.949368672349201,9.078368878240333e-09,1.8782832161876552e-08
education,latino→middle_eastern,q_jerk_in_grasp,neg,0.064,0.20016057810696003,250,5.055585174784697,8.320686011142864e-07,nan
education,latino→middle_eastern,q_jerk_in_grasp,pos,0.042,0.1653643901391845,250,4.0158483218570575,7.845714793691489e-05,nan
education,latino→middle_eastern,q_tile_drift,neg,0.22673342876136304,0.7655169033645933,250,4.683071356322185,4.649063832865529e-06,7.34062710452452e-06
education,latino→middle_eastern,q_tile_drift,pos,0.10419483418762684,0.26455415025807866,250,6.227326166213096,2.0044811351307995e-09,5.7270889575165695e-09
education,latino→middle_eastern,xpos_reversals,neg,0.912,0.7171563658031966,250,20.107171626675584,4.487238705185161e-54,2.9914924701234406e-53
education,latino→middle_eastern,xpos_reversals,pos,0.814,0.7725225981540181,250,16.660315319758855,2.2224980339063246e-42,2.6669976406875893e-42
janitor,asian→black,d_approach_retreat,neg,0.206,3.2847713606225724,250,0.9915898649810725,0.32236023593732466,0.9110298645203798
janitor,asian→black,d_approach_retreat,pos,-0.464,4.062847637272998,250,-1.8057492740522567,0.0721651394644627,0.9110298645203798
janitor,asian→black,d_latency,neg,0.16,4.04919546771244,250,0.6247715498812176,0.5326930840352659,0.8111080564999278
janitor,asian→black,d_latency,pos,-0.096,2.8061149521176056,250,-0.5409234128970232,0.5890439452380278,0.821921784053062
janitor,asian→black,d_peak_speed,neg,0.0011433872431516647,0.006021461727659132,250,3.002350674531017,0.0029517227422572218,0.044275841133858324
janitor,asian→black,d_peak_speed,pos,-0.0003046008348464966,0.004399613502539514,250,-1.0946784470359998,0.2747152938131121,0.633958370337951
janitor,asian→black,d_time_to_half,neg,1.256,8.504337660049993,250,2.3351734726088806,0.02032943693152485,0.2880547593913723
janitor,asian→black,d_time_to_half,pos,0.854,7.582457295266367,250,1.7808112968006675,0.0761623818891685,0.5712178641687637
janitor,asian→black,pull_AUC,neg,-3.5519831694976536,29.174452600977148,250,-1.925033038292601,0.05536438621218188,0.23727594090935092
janitor,asian→black,pull_AUC,pos,1.8044562635040666,18.05458577751499,250,1.58026104867392,0.11531652224813102,0.3459495667443931
janitor,asian→black,pull_MAD,neg,-9.865288963736965,66.34193547144176,250,-2.351211392872338,0.01949261502169127,0.10632335466377058
janitor,asian→black,pull_MAD,pos,2.9085143604688346,36.83934135481923,250,1.2483298626057433,0.21308278097485334,0.47351729105522966
janitor,asian→black,pull_early,neg,0.3096721636131404,9.09797864341181,250,0.5381796349230645,0.5909337680527149,0.829490405413623
janitor,asian→black,pull_early,pos,0.6660079154651614,7.93752747840051,250,1.3266738025801394,0.18583201113171013,0.6558776863472122
janitor,asian→black,pull_final,neg,-4.670911296541037,68.26143176481057,168,-0.8869126871655074,0.37640137429433573,0.7091973648773955
janitor,asian→black,pull_final,pos,3.5693201697887567,42.00091730722842,194,1.183661700689726,0.23800283807445996,0.6566504275147793
janitor,asian→black,pull_release,neg,-10.177698661631439,62.927125491158165,250,-2.557300119653881,0.011142449143242026,0.06077699532677469
janitor,asian→black,pull_release,pos,3.286596485413611,34.74761561195507,250,1.4955170967523268,0.13604584998442107,0.3887024285269173
janitor,asian→black,pull_tcp,neg,-13.78635194641538,66.74849892766947,250,-3.265711849386331,0.0012452802024414268,0.015426824055143173
janitor,asian→black,pull_tcp,pos,5.785729208029807,62.80407240665071,250,1.456599987965021,0.14648664874817902,0.5441302070049653
janitor,asian→black,q_exploded,neg,0.05,0.15030090301053795,250,5.259911279353167,3.1060815741836094e-07,4.659122361275414e-07
janitor,asian→black,q_exploded,pos,0.036,0.12950322133966166,250,4.395334517103491,1.6385759712668788e-05,2.0482199640835982e-05
janitor,asian→black,q_jerk_in_grasp,neg,0.046,0.15157804463199095,250,4.7983457208764095,2.759122149441704e-06,nan
janitor,asian→black,q_jerk_in_grasp,pos,0.004,0.044631467279106385,250,1.4170619309433983,0.15771479274702124,nan
janitor,asian→black,q_tile_drift,neg,0.13788027155399324,0.38717618491862194,250,5.6307143814228375,4.8304059807627846e-08,1.0734235512806188e-07
janitor,asian→black,q_tile_drift,pos,0.05833759218454361,0.23188173932504358,250,3.9778825415527583,9.120875719520722e-05,0.00013029822456458174
janitor,asian→black,xpos_reversals,neg,1.01,0.83166499665831,250,19.20184479089168,4.8792312175638605e-51,1.777005805523211e-50
janitor,asian→black,xpos_reversals,pos,0.87,0.8116248762569048,250,16.948603011249094,2.277925496753479e-43,3.2541792810763985e-43
janitor,asian→latino,d_approach_retreat,neg,-0.256,3.2308229396656634,250,-1.2528434645305562,0.21143795923755648,0.9110298645203798
janitor,asian→latino,d_approach_retreat,pos,0.132,4.266778361991802,250,0.489152020246216,0.6251646664449741,0.9110298645203798
janitor,asian→latino,d_latency,neg,-0.216,3.732972587275374,250,-0.9148901560711924,0.36113440951584186,0.7738594489625183
janitor,asian→latino,d_latency,pos,-0.058,2.8629393438819113,250,-0.3203213240995078,0.7489933987638846,0.8642231524198668
janitor,asian→latino,d_peak_speed,neg,0.0005681529566645622,0.005632834646954587,250,1.5948075125819006,0.11202374093950813,0.44809496375803254
janitor,asian→latino,d_peak_speed,pos,0.00034489957988262176,0.004190991140152598,250,1.3012056098316662,0.19439081132936034,0.5168239223985029
janitor,asian→latino,d_time_to_half,neg,-0.2,7.936494932098736,250,-0.39844763805980826,0.6906416944431577,0.8699189937451774
janitor,asian→latino,d_time_to_half,pos,-0.232,9.34996596003511,250,-0.39232678508933794,0.6951523836570411,0.8699189937451774
janitor,asian→latino,pull_AUC,neg,-1.9291982871699034,28.163970488544937,250,-1.0830611841526028,0.2798289309973478,0.5789564089600299
janitor,asian→latino,pull_AUC,pos,-1.9820900231688345,16.859240205849765,250,-1.858897235041057,0.06422147745144245,0.24154933989461727
janitor,asian→latino,pull_MAD,neg,-5.9118043869547545,62.99183947722905,250,-1.4839038754305962,0.13909912897521448,0.3793612608414941
janitor,asian→latino,pull_MAD,pos,-3.452228158619255,35.100026694584045,250,-1.555113344898164,0.1211891477077526,0.3793612608414941
janitor,asian→latino,pull_early,neg,0.19757631793618186,8.338502419947861,250,0.37464231880130555,0.7082453666372114,0.9134288741790955
janitor,asian→latino,pull_early,pos,-0.4477904878556728,6.892226714615046,250,-1.0272716748994701,0.30528943351779164,0.6996644244771989
janitor,asian→latino,pull_final,neg,-2.939555777477161,61.89803051418348,155,-0.591249414371793,0.5552201578665774,0.7943301236386618
janitor,asian→latino,pull_final,pos,2.6038089833621467,45.90069623436217,196,0.7941780573642012,0.42805720141257086,0.7134286690209515
janitor,asian→latino,pull_release,neg,-5.233655280433595,61.151757140838406,250,-1.353213051279995,0.1772148352593371,0.4153355497079035
janitor,asian→latino,pull_release,pos,-2.5397998853586614,33.41548015759376,250,-1.2017712151508189,0.2305939105324206,0.461994357025709
janitor,asian→latino,pull_tcp,neg,1.2756083877757192,76.76659080261935,250,0.2627332974938443,0.7929734031088301,0.9368705158493773
janitor,asian→latino,pull_tcp,pos,3.611919048242271,57.89829493193863,250,0.986375413129176,0.32490641305947854,0.6498128261189571
janitor,asian→latino,q_exploded,neg,0.074,0.1888562063228706,250,6.195415851264017,2.3898092352376023e-09,5.735542164570245e-09
janitor,asian→latino,q_exploded,pos,0.022,0.10275326238970181,250,3.385299255017952,0.0008259681083473675,0.0008544497672558975
janitor,asian→latino,q_jerk_in_grasp,neg,0.05,0.15030090301053795,250,5.259911279353167,3.1060815741836094e-07,nan
janitor,asian→latino,q_jerk_in_grasp,pos,0.002,0.03162277660168379,250,1.0,0.31828130151580086,nan
janitor,asian→latino,q_tile_drift,neg,0.07960101038217544,0.2230971783963252,250,5.64149889003103,4.5696295285112295e-08,1.0545298911948992e-07
janitor,asian→latino,q_tile_drift,pos,0.040467367470264436,0.17580064296512932,250,3.63960705599993,0.00033200256354524635,0.0004426700847269951
janitor,asian→latino,xpos_reversals,neg,0.858,0.7503921330968593,250,18.078775834355994,3.1197448448185887e-47,5.672263354215615e-47
janitor,asian→latino,xpos_reversals,pos,0.914,0.8663754530818676,250,16.68053827652005,1.894113357841611e-42,2.319322478989728e-42
janitor,asian→middle_eastern,d_approach_retreat,neg,0.068,3.3631262946692297,250,0.3196949237860824,0.7494676781641253,0.95676724872016
janitor,asian→middle_eastern,d_approach_retreat,pos,0.058,3.7399981745158013,250,0.24520346766414056,0.8065008580227973,0.9678010296273567
janitor,asian→middle_eastern,d_latency,neg,-0.226,3.2294957145475705,250,-1.1064804142311342,0.26958646909018374,0.7435538646410307
janitor,asian→middle_eastern,d_latency,pos,-0.02,2.8051873921755894,250,-0.1127296404150685,0.9103357299516888,0.962192340501872
janitor,asian→middle_eastern,d_peak_speed,neg,0.000730435386300087,0.006871079674750042,250,1.6808417407685303,0.09404757700816292,0.4381149514499984
janitor,asian→middle_eastern,d_peak_speed,pos,0.00046363723278045657,0.0038979918555492577,250,1.8806474179219805,0.061187005194333094,0.40791336796222066
janitor,asian→middle_eastern,d_time_to_half,neg,0.456,8.856966037507327,250,0.814047726349085,0.4163954086374355,0.8699189937451774
janitor,asian→middle_eastern,d_time_to_half,pos,-0.282,7.707470167671242,250,-0.578505190917218,0.5634459678525751,0.8699189937451774
janitor,asian→middle_eastern,pull_AUC,neg,-0.7553684552974532,25.09139881682731,250,-0.4759967367345586,0.6344940651244118,0.7769315083156063
janitor,asian→middle_eastern,pull_AUC,pos,-0.7560164470460732,15.856439978166422,250,-0.7538684359495564,0.4516405058130015,0.7095503839992272
janitor,asian→middle_eastern,pull_MAD,neg,-1.3050825259275733,55.01564684898474,250,-0.37507814165535397,0.7079216339544298,0.8597597930901316
janitor,asian→middle_eastern,pull_MAD,pos,-3.006811631731689,34.38360143056816,250,-1.3826901278157402,0.16799867766235824,0.4032895347082365
janitor,asian→middle_eastern,pull_early,neg,-0.4876487527042627,7.222326553187835,250,-1.0675789479534206,0.2867444272066767,0.6996644244771989
janitor,asian→middle_eastern,pull_early,pos,0.8153227422386408,5.755617533101575,250,2.239791715467844,0.025987464663893445,0.25987464663893445
janitor,asian→middle_eastern,pull_final,neg,-2.094697124781723,53.00404607970203,161,-0.5014471320091906,0.6167457222577315,0.8387282936623625
janitor,asian→middle_eastern,pull_final,pos,-1.4006396358117763,46.06461760839088,198,-0.42785000045989036,0.6692276768602431,0.8387282936623625
janitor,asian→middle_eastern,pull_release,neg,-1.6722996891476214,52.11004411380018,250,-0.5074142651414074,0.612313295522924,0.782625143011315
janitor,asian→middle_eastern,pull_release,pos,-3.113444421440363,32.71032963200509,250,-1.5049643110999746,0.1336006557645392,0.3887024285269173
janitor,asian→middle_eastern,pull_tcp,neg,0.14315578516107053,74.34880543156534,250,0.0304442242690372,0.9757371628274616,0.987712664000469
janitor,asian→middle_eastern,pull_tcp,pos,-0.8775067529641092,44.581345639866335,250,-0.3112198568389394,0.755893881846151,0.9368705158493773
janitor,asian→middle_eastern,q_exploded,neg,0.062,0.17686470676195395,250,5.5426890565092375,7.57650889999165e-08,1.2627514833319417e-07
janitor,asian→middle_eastern,q_exploded,pos,0.012,0.0766780155734951,250,2.4744597025759245,0.014010888417100414,0.014010888417100414
janitor,asian→middle_eastern,q_jerk_in_grasp,neg,0.028,0.12360060045863426,250,3.581850498952381,0.00041021674263115696,nan
janitor,asian→middle_eastern,q_jerk_in_grasp,pos,0.0,0.0,250,nan,nan,nan
janitor,asian→middle_eastern,q_tile_drift,neg,0.08998224642872811,0.22218122006740093,250,6.403530586586301,7.508351482081982e-10,2.502783827360661e-09
janitor,asian→middle_eastern,q_tile_drift,pos,0.05621459463238716,0.34070508258269394,250,2.608798134648796,0.00963567522365958,0.010511645698537724
janitor,asian→middle_eastern,xpos_reversals,neg,0.938,0.9079943916462503,250,16.333891885939984,2.9394248921011824e-41,3.3276508212466213e-41
janitor,asian→middle_eastern,xpos_reversals,pos,0.918,0.7954918157439854,250,18.24639068925909,8.389137080301784e-48,1.6778274160603568e-47
janitor,black→latino,d_approach_retreat,neg,-0.146,3.4244109510170917,250,-0.6741196442083784,0.5008605831220164,0.9110298645203798
janitor,black→latino,d_approach_retreat,pos,0.384,3.8195418047710348,250,1.589607711568758,0.11319210964564494,0.9110298645203798
janitor,black→latino,d_latency,neg,0.394,3.929060200127366,250,1.585541242236442,0.11411253814748334,0.563113167643201
janitor,black→latino,d_latency,pos,0.194,2.937666341526305,250,1.0441653250415135,0.2974215458564123,0.7435538646410307
janitor,black→latino,d_peak_speed,neg,0.00015836958587169648,0.006086816289754472,250,0.4113879732949728,0.6811419335583142,0.8344461270834415
janitor,black→latino,d_peak_speed,pos,-2.04402357339859e-05,0.004503828822060274,250,-0.07175861182107555,0.942851614133415,0.9526780037644927
janitor,black→latino,d_time_to_half,neg,0.004,9.163616725177008,250,0.006901811271700248,0.9944987213707484,0.994933436135521
janitor,black→latino,d_time_to_half,pos,-0.332,7.513961302657296,250,-0.6986169750465814,0.4854434043458339,0.8699189937451774
janitor,black→latino,pull_AUC,neg,-2.5543608862189005,28.203515744614652,250,-1.432019759458591,0.15339224631153017,0.3834806157788255
janitor,black→latino,pull_AUC,pos,-0.23516602333290348,16.98221181280215,250,-0.2189527106992222,0.8268662473773319,0.897051044886248
janitor,black→latino,pull_MAD,neg,-6.242026280714199,66.0816918676194,250,-1.4935316956797466,0.13656411855823483,0.3793612608414941
janitor,black→latino,pull_MAD,pos,-0.8250157328422938,37.26224173417457,250,-0.3500767398626321,0.7265770424445757,0.8597597930901316
janitor,black→latino,pull_early,neg,-0.12161741335876272,8.735185915354162,250,-0.22013728905063945,0.8259446095837047,0.9134288741790955
janitor,black→latino,pull_early,pos,0.08814678555354478,8.24143475140186,250,0.1691117015300117,0.865846079778064,0.9134288741790955
janitor,black→latino,pull_final,neg,-3.2693853239155044,69.10116039294853,166,-0.6095857587556813,0.5429747622312803,0.7943301236386618
janitor,black→latino,pull_final,pos,0.9081385566484338,42.79033249033696,192,0.29407429741894353,0.7690204616027304,0.8748076635165103
janitor,black→latino,pull_release,neg,-4.445376281160861,62.64065167519589,250,-1.1220759785393324,0.2629109870358712,0.461994357025709
janitor,black→latino,pull_release,pos,-1.1811096696656023,35.71888651586154,250,-0.522832188642527,0.6015559353807622,0.782625143011315
janitor,black→latino,pull_tcp,neg,1.245564274955541,73.68591509016008,250,0.2672708940491747,0.7894818305954481,0.9368705158493773
janitor,black→latino,pull_tcp,pos,0.6650895406492054,48.22748015882487,250,0.2180497290632112,0.8275689556669499,0.9368705158493773
janitor,black→latino,q_exploded,neg,0.042,0.1460180986746583,250,4.547917790074688,8.465695366245046e-06,1.154413004487961e-05
janitor,black→latino,q_exploded,pos,0.026,0.11123620802555081,250,3.6957039719248708,0.0002696528704738786,0.00029961430052653266
janitor,black→latino,q_jerk_in_grasp,neg,0.034,0.12612545548813034,250,4.262321195575122,2.8727377166774393e-05,nan
janitor,black→latino,q_jerk_in_grasp,pos,0.0,0.0,250,nan,nan,nan
janitor,black→latino,q_tile_drift,neg,0.0698700484931469,0.16984937229904604,250,6.504248160415507,4.248011985149376e-10,1.6992047940597505e-09
janitor,black→latino,q_tile_drift,pos,0.04355907076597214,0.18964225903163545,250,3.6317294753894744,0.0003417748881732884,0.0004457933323999414
janitor,black→latino,xpos_reversals,neg,1.028,0.9522832422624983,250,17.068563691877927,8.835859636819472e-44,1.2930526297784594e-43
janitor,black→latino,xpos_reversals,pos,0.898,0.8541159501056631,250,16.623769515602074,2.9671141358365845e-42,3.490722512748923e-42
janitor,black→middle_eastern,d_approach_retreat,neg,-0.17,3.1790762973570907,250,-0.8455084935764909,0.39863872686795476,0.9110298645203798
janitor,black→middle_eastern,d_approach_retreat,pos,-0.228,3.8456693423594093,250,-0.9374171858416204,0.34945234234747546,0.9110298645203798
janitor,black→middle_eastern,d_latency,neg,0.34,3.2978634923928904,250,1.630107502838323,0.1043430694168209,0.563113167643201
janitor,black→middle_eastern,d_latency,pos,-0.024,2.6577582122645085,250,-0.14277947386977696,0.8865798165373598,0.962192340501872
janitor,black→middle_eastern,d_peak_speed,neg,-0.0008201707601547242,0.005366872456164598,250,-2.4163120081058413,0.016398718986776417,0.196784627841317
janitor,black→middle_eastern,d_peak_speed,pos,0.00015925848484039308,0.0039971424908369175,250,0.6299744754628352,0.5292889444045688,0.8344461270834415
janitor,black→middle_eastern,d_time_to_half,neg,-0.332,8.701877192115887,250,-0.6032469546496907,0.5468935007445934,0.8699189937451774
janitor,black→middle_eastern,d_time_to_half,pos,-0.416,7.609636672083925,250,-0.8643694589624801,0.3882168758955019,0.8699189937451774
janitor,black→middle_eastern,pull_AUC,neg,2.7777129657705664,28.57249223898534,250,1.5371252154950708,0.12553237043641316,0.35866391553260907
janitor,black→middle_eastern,pull_AUC,pos,-0.8286112871301989,15.844904949291355,250,-0.8268585298053127,0.4091089047101789,0.6922276561504055
janitor,black→middle_eastern,pull_MAD,neg,7.786009539328515,62.3571240673823,250,1.9742350530366632,0.04946017346813214,0.19784069387252856
janitor,black→middle_eastern,pull_MAD,pos,-2.8752296424354427,34.250364896911705,250,-1.3273251968984645,0.1856168405437361,0.42834655510092945
janitor,black→middle_eastern,pull_early,neg,0.5970665348693727,8.09038781124361,250,1.1668724719398431,0.244378157815009,0.6786226766043906
janitor,black→middle_eastern,pull_early,pos,0.543247614055872,6.230281437234998,250,1.3786694960533454,0.16923398847012677,0.6346274567629754
janitor,black→middle_eastern,pull_final,neg,6.995534292213989,61.16449442265193,161,1.4512239517630645,0.1486753374715266,0.5982765870996641
janitor,black→middle_eastern,pull_final,pos,0.03755642148572599,42.576123872663636,198,0.012412254700267987,0.9901092687945421,0.9901092687945421
janitor,black→middle_eastern,pull_release,neg,7.8066993756219745,58.79638238060817,250,2.0993596915005006,0.03679209823889695,0.1698096841795244
janitor,black→middle_eastern,pull_release,pos,-2.8087077119853348,32.34430091494772,250,-1.3730260664637126,0.1709794378298284,0.4153355497079035
janitor,black→middle_eastern,pull_tcp,neg,8.407467858400196,72.23068638675659,250,1.8404053122827084,0.06689872661562386,0.35370540513018434
janitor,black→middle_eastern,pull_tcp,pos,-7.864997755270451,57.9581734166124,250,-2.145625477185708,0.03287012703249946,0.3287012703249946
janitor,black→middle_eastern,q_exploded,neg,0.056,0.17023489559639313,250,5.201270525324108,4.1335097300175983e-07,6.049038629294046e-07
janitor,black→middle_eastern,q_exploded,pos,0.026,0.11123620802555081,250,3.6957039719248703,0.0002696528704738794,0.00029961430052653266
janitor,black→middle_eastern,q_jerk_in_grasp,neg,0.038,0.1401232962523022,250,4.287886250906837,2.5815658974413434e-05,nan
janitor,black→middle_eastern,q_jerk_in_grasp,pos,0.002,0.0316227766016838,250,1.0,0.31828130151580086,nan
janitor,black→middle_eastern,q_tile_drift,neg,0.09712258960306644,0.2449104288997837,250,6.270222888816924,1.5809841465599886e-09,4.742952439679966e-09
janitor,black→middle_eastern,q_tile_drift,pos,0.04841813775897026,0.16286973199581203,250,4.700431243605282,4.3004088505752e-06,7.167348084291999e-06
janitor,black→middle_eastern,xpos_reversals,neg,1.074,0.9137086263220136,250,18.585170967970615,5.932931178354692e-49,1.423903482805126e-48
janitor,black→middle_eastern,xpos_reversals,pos,0.982,0.8887268091857372,250,17.470816848264743,3.706807923791024e-45,6.178013206318373e-45
janitor,latino→middle_eastern,d_approach_retreat,neg,0.028,3.258479207696123,250,0.13586671701876327,0.8920364233709774,0.976479842992558
janitor,latino→middle_eastern,d_approach_retreat,pos,0.176,4.261651168588405,250,0.6529873588574184,0.5143668756813158,0.9110298645203798
janitor,latino→middle_eastern,d_latency,neg,-0.086,3.2858471000122074,250,-0.41382917478641995,0.6793554321492796,0.8318637944685057
janitor,latino→middle_eastern,d_latency,pos,-0.222,2.7728090232682945,250,-1.2659105525592718,0.20672822934777466,0.6890940978259156
janitor,latino→middle_eastern,d_peak_speed,neg,0.000177546888589859,0.005606411817102344,250,0.5007236158672876,0.6170079580892203,0.8344461270834415
janitor,latino→middle_eastern,d_peak_speed,pos,9.978686273097991e-05,0.0038232431764720336,250,0.41267812721717756,0.6801975580192663,0.8344461270834415
janitor,latino→middle_eastern,d_time_to_half,neg,0.174,8.611582981414227,250,0.31947454611819587,0.7496345599346697,0.885304931817945
janitor,latino→middle_eastern,d_time_to_half,pos,-0.242,7.831588030810695,250,-0.48857983256400284,0.625569207962189,0.8699189937451774
janitor,latino→middle_eastern,pull_AUC,neg,1.1834381065340476,26.309948640480155,250,0.7112062318370773,0.47762214375199696,0.7123322556259976
janitor,latino→middle_eastern,pull_AUC,pos,0.8965691389616987,16.435921931713747,250,0.8625012246694692,0.38924167867998816,0.6922276561504055
janitor,latino→middle_eastern,pull_MAD,neg,2.2505645510740577,58.60808145542374,250,0.6071611479076793,0.5442972273179504,0.7965325277823665
janitor,latino→middle_eastern,pull_MAD,pos,1.6845144419185818,35.95310125761563,250,0.7408126422448446,0.45950506942322755,0.7069308760357347
janitor,latino→middle_eastern,pull_early,neg,0.24430134780704976,7.246370387646413,250,0.5330590717777116,0.5944681238797631,0.829490405413623
janitor,latino→middle_eastern,pull_early,pos,0.14181423373520383,6.99456316459116,250,0.3205746897139821,0.7488015899415483,0.9134288741790955
janitor,latino→middle_eastern,pull_final,neg,3.463486661147102,50.69773806326522,166,0.8801951681794775,0.3800337901112868,0.7091973648773955
janitor,latino→middle_eastern,pull_final,pos,3.909504108536893,40.51070103598684,195,1.3476255020917387,0.17935054403434772,0.6330019201212272
janitor,latino→middle_eastern,pull_release,neg,2.6167538021691144,56.13689039201825,250,0.7370288978401103,0.46179866384593626,0.6926979957689043
janitor,latino→middle_eastern,pull_release,pos,1.8834425304085016,35.01619468341225,250,0.8504590935666759,0.3958869380532535,0.6250846390314528
janitor,latino→middle_eastern,pull_tcp,neg,2.7358733504079282,61.060441977365386,250,0.7084448537280554,0.4793317310771148,0.7568395753849181
janitor,latino→middle_eastern,pull_tcp,pos,0.2896337630227208,56.19911263397338,250,0.08148726336682163,0.9351199145599354,0.984336752168353
janitor,latino→middle_eastern,q_exploded,neg,0.046,0.14480287112465615,250,5.022855252729052,9.717011138848907e-07,1.3881444484069868e-06
janitor,latino→middle_eastern,q_exploded,pos,0.022,0.10275326238970181,250,3.3852992550179524,0.0008259681083473662,0.0008544497672558975
janitor,latino→middle_eastern,q_jerk_in_grasp,neg,0.032,0.13802973895266687,250,3.665618941729984,0.0003015698615449509,nan
janitor,latino→middle_eastern,q_jerk_in_grasp,pos,0.002,0.03162277660168379,250,1.0,0.31828130151580086,nan
janitor,latino→middle_eastern,q_tile_drift,neg,0.11045008918642998,0.7081597485257786,250,2.466066804311868,0.014335276609706704,0.014829596492800039
janitor,latino→middle_eastern,q_tile_drift,pos,0.04766803243756294,0.1268853083240051,250,5.939992425938288,9.544917124808896e-09,2.2907801099541352e-08
janitor,latino→middle_eastern,xpos_reversals,neg,0.96,0.9086819087254792,250,16.704341335570607,1.569224317360319e-42,2.0032650859918965e-42
janitor,latino→middle_eastern,xpos_reversals,pos,0.912,0.9808692153751604,250,14.701232238033375,1.208133790935232e-35,1.2286106348493885e-35
pilot,asian→black,d_approach_retreat,neg,0.226,3.6077677242038777,250,0.9904666899748379,0.32290756408956545,0.9110298645203798
pilot,asian→black,d_approach_retreat,pos,-0.276,3.940804965371974,250,-1.1073735466176389,0.2692010451622446,0.9110298645203798
pilot,asian→black,d_latency,neg,-0.326,3.7186067477723848,250,-1.3861408144763485,0.16694392037576744,0.6260397014091279
pilot,asian→black,d_latency,pos,-0.01,2.7262851138661848,250,-0.05799609226644507,0.9537982556419393,0.9727967444844223
pilot,asian→black,d_peak_speed,neg,0.00026378461718559265,0.004901134665992803,250,0.8509868212865103,0.3955942831731323,0.815401028712744
pilot,asian→black,d_peak_speed,pos,-0.0003144912570714951,0.0030316742340174203,250,-1.6401971316647492,0.10222682200499962,0.4381149514499984
pilot,asian→black,d_time_to_half,neg,0.282,7.817668434964234,250,0.5703505511816725,0.568954252307893,0.8699189937451774
pilot,asian→black,d_time_to_half,pos,-0.318,4.016266623415513,250,-1.251914265440822,0.2117758157345328,0.8699189937451774
pilot,asian→black,pull_AUC,neg,-0.5581949379202277,31.907702675695997,250,-0.2766052135036243,0.782312724320996,0.897051044886248
pilot,asian→black,pull_AUC,pos,1.8419635893391129,16.98182051816491,250,1.715010561788719,0.08758739369533494,0.30913197774824097
pilot,asian→black,pull_MAD,neg,-2.3585647605129636,67.90099262215796,250,-0.5492141104426679,0.5833507076785498,0.8333581538264997
pilot,asian→black,pull_MAD,pos,2.631453920714557,30.094041076111925,250,1.3825640641268842,0.16803730612843187,0.4032895347082365
pilot,asian→black,pull_early,neg,-0.2317163105588404,10.858456231274362,250,-0.3374104461858952,0.7360917629270043,0.9134288741790955
pilot,asian→black,pull_early,pos,0.6920023762620986,13.650388310192419,250,0.8015536281862082,0.42357545610396385,0.7701371929162979
pilot,asian→black,pull_final,neg,-12.32091671321541,67.55932426669837,150,-2.233589474013094,0.026999779201709484,0.20249834401282113
pilot,asian→black,pull_final,pos,-2.5690569502258342,50.76940904244023,151,-0.621813429096768,0.5350085036833634,0.7943301236386618
pilot,asian→black,pull_release,neg,-1.8518997805658728,65.67990995413352,250,-0.445815265965177,0.6561180831657771,0.782625143011315
pilot,asian→black,pull_release,pos,2.1956432724837214,29.42479843880724,250,1.17982688729604,0.23919503155903793,0.461994357025709
pilot,asian→black,pull_tcp,neg,-9.222058354876935,83.64656767035355,250,-1.743210147685025,0.08253126119704302,0.35370540513018434
pilot,asian→black,pull_tcp,pos,-6.295098373666406,75.20635794481909,250,-1.3234817839612547,0.18688909108764648,0.5441302070049653
pilot,asian→black,q_exploded,neg,0.07,0.1850322885097751,250,5.981643474081886,7.636722332650887e-09,1.6364404998537614e-08
pilot,asian→black,q_exploded,pos,0.066,0.18103894719536573,250,5.764238270395102,2.4168094978231335e-08,4.394199086951152e-08
pilot,asian→black,q_jerk_in_grasp,neg,0.034,0.1338494028772725,250,4.016358614027903,7.829790164402925e-05,nan
pilot,asian→black,q_jerk_in_grasp,pos,0.012,0.07667801557349509,250,2.4744597025759245,0.014010888417100414,nan
pilot,asian→black,q_tile_drift,neg,0.13940602934360505,0.4347831237429334,250,5.069660575725426,7.781883224819861e-07,1.4148878590581565e-06
pilot,asian→black,q_tile_drift,pos,0.13940256389975547,0.3609706426199182,250,6.106169886709603,3.894870442062559e-09,1.0622373932897887e-08
pilot,asian→black,xpos_reversals,neg,0.94,0.8504664441885776,250,17.475945234937228,3.56009859319814e-45,6.10302615976824e-45
pilot,asian→black,xpos_reversals,pos,0.608,0.6418597477198362,250,14.977297020201938,1.3606698732169923e-36,1.4322840770705183e-36
pilot,asian→latino,d_approach_retreat,neg,-0.144,4.195195186234177,250,-0.542725621633124,0.5878041726966403,0.9110298645203798
pilot,asian→latino,d_approach_retreat,pos,0.108,4.126797527299504,250,0.41379057857688606,0.6793836632742725,0.9110298645203798
pilot,asian→latino,d_latency,neg,-0.382,3.659870847239544,250,-1.6503178890799477,0.10013870690223194,0.563113167643201
pilot,asian→latino,d_latency,pos,-0.018,2.6352331614604894,250,-0.10799992713260384,0.9140827234767783,0.962192340501872
pilot,asian→latino,d_peak_speed,neg,0.0005483243614435196,0.004967760799276995,250,1.7452066924914063,0.0821824982627671,0.4381149514499984
pilot,asian→latino,d_peak_speed,pos,0.00022414898872375488,0.003339558275076356,250,1.0612501432906682,0.28960448574105685,0.6435655238690152
pilot,asian→latino,d_time_to_half,neg,0.346,8.423604480850178,250,0.6494536115184678,0.5166438526284667,0.8699189937451774
pilot,asian→latino,d_time_to_half,pos,0.046,4.9289005103535874,250,0.14756310465405412,0.8828069905815359,0.9458646327659314
pilot,asian→latino,pull_AUC,neg,-3.3174059712684483,28.237587532478923,250,-1.8575522396495696,0.06441315730523127,0.24154933989461727
pilot,asian→latino,pull_AUC,pos,-0.24129791948868545,15.98698102970913,250,-0.23864762797496772,0.8115751200048003,0.897051044886248
pilot,asian→latino,pull_MAD,neg,-7.649267177749425,60.3194679165157,250,-2.0050828984710893,0.04603655341112434,0.1972995146191043
pilot,asian→latino,pull_MAD,pos,-0.6051399429995218,27.777613555218885,250,-0.34445373055876166,0.7307958241266119,0.8597597930901316
pilot,asian→latino,pull_early,neg,-0.43791222926229245,11.907653589880335,250,-0.5814747839522083,0.5614465149332861,0.8285652281996311
pilot,asian→latino,pull_early,pos,-1.149288967717439,12.403337391466007,250,-1.4650777903499697,0.14416119846743444,0.5766447938697378
pilot,asian→latino,pull_final,neg,-2.2948626229711073,64.99434192488368,152,-0.43531430179823377,0.6639558854417551,0.8387282936623625
pilot,asian→latino,pull_final,pos,-3.3378404116590175,38.94889670144976,143,-1.024798372786609,0.30720094368361134,0.7089252546544877
pilot,asian→latino,pull_release,neg,-7.386390807572752,57.80938683580544,250,-2.0202444549708702,0.04442883085733812,0.19040927510287764
pilot,asian→latino,pull_release,pos,-0.9556832735906937,27.043952914881395,250,-0.5587452166819619,0.5768377434689018,0.782625143011315
pilot,asian→latino,pull_tcp,neg,-5.867371149361134,78.3735605918714,250,-1.1837063781089432,0.23765811674287793,0.5528186127834981
pilot,asian→latino,pull_tcp,pos,0.06286670919507742,64.47921638914518,250,0.015415974416941185,0.987712664000469,0.987712664000469
pilot,asian→latino,q_exploded,neg,0.062,0.17109381160485584,250,5.729640747709985,2.8950191347194367e-08,5.108857296563712e-08
pilot,asian→latino,q_exploded,pos,0.066,0.18103894719536576,250,5.764238270395101,2.4168094978231335e-08,4.394199086951152e-08
pilot,asian→latino,q_jerk_in_grasp,neg,0.04,0.14311508554601562,250,4.419209404939518,1.4794093491450815e-05,nan
pilot,asian→latino,q_jerk_in_grasp,pos,0.012,0.0766780155734951,250,2.474459702575924,0.014010888417100438,nan
pilot,asian→latino,q_tile_drift,neg,0.09424718272686004,0.21940396636668114,250,6.791941034759174,8.083526898688983e-11,6.928737341733413e-10
pilot,asian→latino,q_tile_drift,pos,0.21789199474453927,1.5976528082509482,250,2.1563977597376516,0.03201045282312171,0.03201045282312171
pilot,asian→latino,xpos_reversals,neg,0.744,0.6988688508459444,250,16.832447005739425,5.70167773840085e-43,7.436970963131542e-43
pilot,asian→latino,xpos_reversals,pos,0.704,0.7500896867392661,250,14.839848568217876,4.0368612471210344e-36,4.1760633590907254e-36
pilot,asian→middle_eastern,d_approach_retreat,neg,0.166,3.604081243039022,250,0.7282550755505643,0.46714176245476136,0.9110298645203798
pilot,asian→middle_eastern,d_approach_retreat,pos,-0.176,3.924107347397059,250,-0.7091560180671573,0.478891123602986,0.9110298645203798
pilot,asian→middle_eastern,d_latency,neg,-0.248,3.9155872220106005,250,-1.0014396503713419,0.3175864921991852,0.7622075812780446
pilot,asian→middle_eastern,d_latency,pos,0.112,2.719381573920496,250,0.6512052249957865,0.5155145406428261,0.8111080564999278
pilot,asian→middle_eastern,d_peak_speed,neg,0.00043258459866046903,0.005193748953605887,250,1.3169221545904437,0.189075415197296,0.5168239223985029
pilot,asian→middle_eastern,d_peak_speed,pos,-0.0001624850258231163,0.0030977424019918254,250,-0.8293503793955539,0.407700514356372,0.815401028712744
pilot,asian→middle_eastern,d_time_to_half,neg,-0.036,8.832028243363258,250,-0.06444838752163588,0.94866491201287,0.9813774951857276
pilot,asian→middle_eastern,d_time_to_half,pos,0.138,4.427682632481229,250,0.492802164615269,0.6225866606146621,0.8699189937451774
pilot,asian→middle_eastern,pull_AUC,neg,-4.7102403819350345,27.584423011796613,250,-2.699909279858088,0.00741133974396971,0.055585048079772825
pilot,asian→middle_eastern,pull_AUC,pos,0.7526338415207656,15.415436574156308,250,0.7719655463141126,0.4408668668210963,0.7095503839992272
pilot,asian→middle_eastern,pull_MAD,neg,-10.292136889956891,60.86300228306013,250,-2.6737585513066415,0.007996867070474699,0.055622647095650166
pilot,asian→middle_eastern,pull_MAD,pos,0.05303205737436656,28.065641729767083,250,0.029876760332520444,0.9761892726707568,0.9946059564887224
pilot,asian→middle_eastern,pull_early,neg,-0.8168167894706133,10.299092695157219,250,-1.2539946780981701,0.21101992227271005,0.6663787019138212
pilot,asian→middle_eastern,pull_early,pos,0.9009716742206363,12.32421813780305,250,1.1559039956835402,0.24882831475494321,0.6786226766043906
pilot,asian→middle_eastern,pull_final,neg,-12.355114222134882,62.13969992532215,145,-2.394206547769191,0.017943536281611275,0.15380173955666807
pilot,asian→middle_eastern,pull_final,pos,-1.6038581897536743,53.267916843958176,145,-0.36256364481953673,0.717462455708894,0.8609549468506728
pilot,asian→middle_eastern,pull_release,neg,-10.5437015570933,58.887047429686035,250,-2.831022554602588,0.005018881162714078,0.03901557256055103
pilot,asian→middle_eastern,pull_release,pos,-0.2703649112954736,27.74993566269968,250,-0.15404881104504606,0.8776960304000251,0.9238905583158158
pilot,asian→middle_eastern,pull_tcp,neg,-8.402633974095806,75.6870052305375,250,-1.7553516367783444,0.08042887814638348,0.35370540513018434
pilot,asian→middle_eastern,pull_tcp,pos,1.887540525989607,63.102609216208755,250,0.4729540752861775,0.6366602608034851,0.9058338409959552
pilot,asian→middle_eastern,q_exploded,neg,0.058,0.17249643497858522,250,5.316402750947749,2.353342069157812e-07,3.7158032670912816e-07
pilot,asian→middle_eastern,q_exploded,pos,0.062,0.16512135004584916,250,5.936882628321513,9.70477265746447e-09,1.940954531492894e-08
pilot,asian→middle_eastern,q_jerk_in_grasp,neg,0.026,0.11992300073137627,250,3.4280004112199594,0.0007113408949062985,nan
pilot,asian→middle_eastern,q_jerk_in_grasp,pos,0.006,0.05455184336443482,250,1.739049021153719,0.08326201990151925,nan
pilot,asian→middle_eastern,q_tile_drift,neg,0.09237090554833412,0.21863045359625674,250,6.680278210565392,1.5478015734400525e-10,8.646584646487653e-10
pilot,asian→middle_eastern,q_tile_drift,pos,0.14837535594403745,0.9089147406727398,250,2.5811225873291286,0.010421045381974086,0.011165405766400807
pilot,asian→middle_eastern,xpos_reversals,neg,0.842,0.7978610965056944,250,16.686098629968555,1.8126561941809552e-42,2.265820242726194e-42
pilot,asian→middle_eastern,xpos_reversals,pos,0.798,0.830031208587313,250,15.201221030648234,2.3117156577082717e-37,2.476838204687434e-37
pilot,black→latino,d_approach_retreat,neg,0.176,3.8358675052812097,250,0.7254693591780262,0.46884539929941793,0.9110298645203798
pilot,black→latino,d_approach_retreat,pos,0.152,3.9549288043389046,250,0.6076799711517696,0.5439535565179735,0.9110298645203798
pilot,black→latino,d_latency,neg,0.264,3.9454493129584742,250,1.0579800119881035,0.29108984277484296,0.7435538646410307
pilot,black→latino,d_latency,pos,-0.146,2.4832135223517047,250,-0.929627142871189,0.3534645143470454,0.7738594489625183
pilot,black→latino,d_peak_speed,neg,-8.186759054660797e-05,0.0065089688005805155,250,-0.198870251655117,0.8425265268657476,0.9259482157852216
pilot,black→latino,d_peak_speed,pos,0.0010825158059597016,0.010351459451509996,250,1.6534941599303556,0.09949047789240599,0.4381149514499984
pilot,black→latino,d_time_to_half,neg,0.742,8.231492322990638,250,1.4252640540594272,0.15533316848555334,0.8699189937451774
pilot,black→latino,d_time_to_half,pos,-0.076,4.661237231692942,250,-0.2577996894673271,0.7967744386361505,0.885304931817945
pilot,black→latino,pull_AUC,neg,1.8484221074927387,29.42055360536157,250,0.9933912215745008,0.32148369906950136,0.6222265143280671
pilot,black→latino,pull_AUC,pos,-2.14131556898457,15.593196383497107,250,-2.1712784924382547,0.03085483907023491,0.16193575803085805
pilot,black→latino,pull_MAD,neg,3.670269730184227,64.24250152437133,250,0.9033281471885666,0.36722482350322305,0.6120413725053717
pilot,black→latino,pull_MAD,pos,-3.3070393300103023,28.729605706182962,250,-1.8200348277559448,0.06995428744558575,0.24689748510206733
pilot,black→latino,pull_early,neg,0.4932800314389169,10.983221108889234,250,0.7101233819120478,0.4782921430537831,0.8237644078195286
pilot,black→latino,pull_early,pos,-1.4771555047831497,12.657598494964512,250,-1.8452062037000159,0.06619492348431205,0.3610632190053385
pilot,black→latino,pull_final,neg,10.277493124462287,64.11059308891458,158,2.0150505425663043,0.04560592341385529,0.2681421837332926
pilot,black→latino,pull_final,pos,-4.713197039794733,47.39339505082879,134,-1.1511983930432395,0.25171599721399873,0.6566504275147793
pilot,black→latino,pull_release,neg,3.4861919940449297,61.27515771817403,250,0.89957394418557,0.36921615996806867,0.5987289080563276
pilot,black→latino,pull_release,pos,-3.140648312168196,28.977744221309884,250,-1.7136603042950858,0.08783566444707261,0.31000822746025625
pilot,black→latino,pull_tcp,neg,3.3342905351892114,84.07872391238743,250,0.6270285740139698,0.5312150037439916,0.7968225056159873
pilot,black→latino,pull_tcp,pos,-3.426888123678509,69.31311750511458,250,-0.7817258945686034,0.43511835367518314,0.7055973302840808
pilot,black→latino,q_exploded,neg,0.06,0.16886105597472617,250,5.618129607056972,5.1530905893734386e-08,8.833869581783037e-08
pilot,black→latino,q_exploded,pos,0.09,0.20264317661375242,250,7.02231859396936,2.070431600602676e-11,7.764118502260035e-11
pilot,black→latino,q_jerk_in_grasp,neg,0.052,0.18283795797235872,250,4.496835344048619,1.0580808698532675e-05,nan
pilot,black→latino,q_jerk_in_grasp,pos,0.024,0.1533560311469902,250,2.4744597025759245,0.014010888417100414,nan
pilot,black→latino,q_tile_drift,neg,0.09892013844847679,0.3008467693403844,250,5.1988749063557025,4.1818368944644014e-07,8.093877860253681e-07
pilot,black→latino,q_tile_drift,pos,0.14195826263725758,0.33499143692529526,250,6.700342055522819,1.3780007445112198e-10,8.646584646487653e-10
pilot,black→latino,xpos_reversals,neg,0.904,0.8447713029079927,250,16.91995807002198,2.8561719608595767e-43,3.985356224455223e-43
pilot,black→latino,xpos_reversals,pos,0.816,0.8066889040713323,250,15.993889079632245,4.338333427572919e-40,4.820370475081021e-40
pilot,black→middle_eastern,d_approach_retreat,neg,0.15,3.766063320196158,250,0.6297579311552182,0.5294304014268099,0.9110298645203798
pilot,black→middle_eastern,d_approach_retreat,pos,0.318,3.7176821599714898,250,1.352461362567445,0.177454712591042,0.9110298645203798
pilot,black→middle_eastern,d_latency,neg,-0.17,3.697945266872827,250,-0.7268728488824225,0.46798664706199256,0.8111080564999278
pilot,black→middle_eastern,d_latency,pos,-0.104,2.746882862782356,250,-0.5986365147081435,0.5499594831626986,0.8111080564999278
pilot,black→middle_eastern,d_peak_speed,neg,-0.00023195600509643555,0.005616702784670928,250,-0.6529714328664943,0.5143771258368468,0.8344461270834415
pilot,black→middle_eastern,d_peak_speed,pos,-0.00016790138185024262,0.006952533954940508,250,-0.3818397668947207,0.7029058799995012,0.8344461270834415
pilot,black→middle_eastern,d_time_to_half,neg,-0.47,8.52848404821411,250,-0.8713567920610507,0.3843987176267708,0.8699189937451774
pilot,black→middle_eastern,d_time_to_half,pos,-0.272,4.2587042922696545,250,-1.0098605873236062,0.3135423997438681,0.8699189937451774
pilot,black→middle_eastern,pull_AUC,neg,2.734464650098985,33.21633070229029,250,1.3016393281109668,0.19424266103326052,0.43723489801880644
pilot,black→middle_eastern,pull_AUC,pos,0.46617282544410515,14.366301171521163,250,0.5130645299994696,0.6083610676096328,0.7769315083156063
pilot,black→middle_eastern,pull_MAD,neg,5.496950703365728,74.07514425229034,250,1.1733277460180467,0.24178553744128858,0.48357107488257717
pilot,black→middle_eastern,pull_MAD,pos,0.8173922823229809,26.635819876385682,250,0.4852152788950967,0.6279502674462875,0.8372670232617166
pilot,black→middle_eastern,pull_early,neg,0.21731530955294162,12.064893510067071,250,0.2847979337896464,0.776035678925227,0.9134288741790955
pilot,black→middle_eastern,pull_early,pos,0.06225476153194902,12.081598461434423,250,0.08147383902056059,0.9351305792868985,0.9351305792868985
pilot,black→middle_eastern,pull_final,neg,3.5104170714326406,79.18057596799878,146,0.5356936387751797,0.5929910303252612,0.8274293446398994
pilot,black→middle_eastern,pull_final,pos,5.864833717126972,56.76407732673432,130,1.1780230722453122,0.24095601544687478,0.6566504275147793
pilot,black→middle_eastern,pull_release,neg,5.206636166200042,71.40925590533101,250,1.152849796868557,0.2500775566739007,0.461994357025709
pilot,black→middle_eastern,pull_release,pos,0.38315687037538737,26.402403526114362,250,0.22945797535623783,0.8187013482716755,0.8771800160053667
pilot,black→middle_eastern,pull_tcp,neg,9.32249048864469,84.3925692141272,250,1.7466172486450582,0.08193682325671225,0.35370540513018434
pilot,black→middle_eastern,pull_tcp,pos,0.14917134819552302,70.42559856838601,250,0.033490749920843166,0.9733100727379185,0.987712664000469
pilot,black→middle_eastern,q_exploded,neg,0.082,0.19603499400745267,250,6.613787743527797,2.271144329830096e-10,6.48898379951456e-10
pilot,black→middle_eastern,q_exploded,pos,0.094,0.21057389549003314,250,7.058189700201877,1.6704236108175964e-11,6.681694443270385e-11
pilot,black→middle_eastern,q_jerk_in_grasp,neg,0.036,0.1370369164344537,250,4.153698095670211,4.4987158941037884e-05,nan
pilot,black→middle_eastern,q_jerk_in_grasp,pos,0.026,0.14971190539991766,250,2.7459145264616707,0.006474435940559323,nan
pilot,black→middle_eastern,q_tile_drift,neg,0.09810366253554821,0.19059536193996823,250,8.138472449150548,1.9176836289824605e-14,5.753050886947382e-13
pilot,black→middle_eastern,q_tile_drift,pos,0.13286940711736678,0.3179688534752488,250,6.607093010129892,2.3602132470934216e-10,1.1801066235467108e-09
pilot,black→middle_eastern,xpos_reversals,neg,0.826,0.7740287345620386,250,16.873025707353282,4.1378786405119674e-43,5.64256178251632e-43
pilot,black→middle_eastern,xpos_reversals,pos,0.764,0.6886223952303986,250,17.542125765168482,2.1144052747744533e-45,3.7313034260725647e-45
pilot,latino→middle_eastern,d_approach_retreat,neg,-0.11,4.257865388981048,250,-0.40847996688519783,0.6832723983902849,0.9110298645203798
pilot,latino→middle_eastern,d_approach_retreat,pos,-0.28,4.113793039603568,250,-1.0761816847894625,0.28288761380818933,0.9110298645203798
pilot,latino→middle_eastern,d_latency,neg,-0.002,3.6645205475441798,250,-0.008629444477498197,0.9931216946587592,0.9931216946587592
pilot,latino→middle_eastern,d_latency,pos,0.096,2.7650253998557393,250,0.5489617842064004,0.5835235992814822,0.821921784053062
pilot,latino→middle_eastern,d_peak_speed,neg,0.0002908939868211746,0.00591425018491616,250,0.7776873882914337,0.4374916010872446,0.8344461270834415
pilot,latino→middle_eastern,d_peak_speed,pos,-0.0003622131496667862,0.0029366821010379292,250,-1.95019159718662,0.05227543367158151,0.3920657525368613
pilot,latino→middle_eastern,d_time_to_half,neg,0.688,8.87862466284134,250,1.2252162428384452,0.2216514487040228,0.8699189937451774
pilot,latino→middle_eastern,d_time_to_half,pos,0.002,4.9749367819034385,250,0.006356417777350075,0.9949334361355211,0.994933436135521
pilot,latino→middle_eastern,pull_AUC,neg,-1.487613535036804,27.84918852703531,250,-0.844593199590758,0.3991487589283975,0.6922276561504055
pilot,latino→middle_eastern,pull_AUC,pos,0.4762877635900629,15.610997389967398,250,0.48240164192851737,0.6299444459400423,0.7769315083156063
pilot,latino→middle_eastern,pull_MAD,neg,-4.165773941840107,57.6649633947948,250,-1.1422303161282894,0.25445545959797256,0.4924944379315598
pilot,latino→middle_eastern,pull_MAD,pos,2.0929202708299273,27.850640266698086,250,1.18819441017894,0.23588889014918052,0.48357107488257717
pilot,latino→middle_eastern,pull_early,neg,0.14869378604926164,10.774787863744745,250,0.21819967305881433,0.8274522582920127,0.9134288741790955
pilot,latino→middle_eastern,pull_early,pos,-0.685812848014757,12.175807705850605,250,-0.8905900539524042,0.37400883143884067,0.7238880608493691
pilot,latino→middle_eastern,pull_final,neg,-2.629357137938974,65.90101102484854,146,-0.4820964456332282,0.6304643371336902,0.8387282936623625
pilot,latino→middle_eastern,pull_final,pos,-4.039800654884727,43.586365024705415,140,-1.0966632784619395,0.2746849162270368,0.6592437989448883
pilot,latino→middle_eastern,pull_release,neg,-4.762872008705017,56.732559091778654,250,-1.3274144505806187,0.18558737243429882,0.4153355497079035
pilot,latino→middle_eastern,pull_release,pos,1.8936559557332657,26.91545047673871,250,1.1124216423639983,0.2670297350942954,0.461994357025709
pilot,latino→middle_eastern,pull_tcp,neg,-7.99984744284302,68.36821960281137,250,-1.8501095245880406,0.06548245054629244,0.35370540513018434
pilot,latino→middle_eastern,pull_tcp,pos,3.6556544706691056,67.48709676974217,250,0.8564744239431106,0.3925588968768342,0.6943839225575564
pilot,latino→middle_eastern,q_exploded,neg,0.054,0.15550152054422575,250,5.4907178094289515,9.859120671369688e-08,1.5987763250869764e-07
pilot,latino→middle_eastern,q_exploded,pos,0.068,0.18305747775123135,250,5.873425208656994,1.3601740600840768e-08,2.632594955001439e-08
pilot,latino→middle_eastern,q_jerk_in_grasp,neg,0.042,0.1653643901391845,250,4.0158483218570575,7.845714793691489e-05,nan
pilot,latino→middle_eastern,q_jerk_in_grasp,pos,0.01,0.0832328711710313,250,1.899656719561172,0.058633658897003275,nan
pilot,latino→middle_eastern,q_tile_drift,neg,0.1350594602227211,0.3939972234530585,250,5.420032026032739,1.406472401320901e-07,2.909942899284623e-07
pilot,latino→middle_eastern,q_tile_drift,pos,0.12508816975355147,0.3827187374754673,250,5.167809752042279,4.860402746653054e-07,9.113255149974476e-07
pilot,latino→middle_eastern,xpos_reversals,neg,0.786,0.7884736920482565,250,15.761782960922332,2.7272436974134287e-39,2.9751749426328315e-39
pilot,latino→middle_eastern,xpos_reversals,pos,0.65,0.7555019076945607,250,13.603410250688935,6.902448811005966e-32,6.902448811005966e-32
wealthy,asian→black,d_approach_retreat,neg,-0.564,3.1437935286853707,250,-2.8365803670967797,0.004935077685522864,0.1480523305656859
wealthy,asian→black,d_approach_retreat,pos,-0.166,3.739703937769496,250,-0.7018444512228478,0.483431662774342,0.9110298645203798
wealthy,asian→black,d_latency,neg,0.762,3.960441438216474,250,3.0421552933420695,0.0026002258265768498,0.156013549594611
wealthy,asian→black,d_latency,pos,0.008,2.3210958497604315,250,0.05449628735486764,0.956583465409682,0.9727967444844223
wealthy,asian→black,d_peak_speed,neg,-0.0015365665405988693,0.005040192584349667,250,-4.82030196602594,2.4953845658461974e-06,0.00014972307395077185
wealthy,asian→black,d_peak_speed,pos,0.00039845927059650423,0.00462023428908935,250,1.3636092577273466,0.17392209795239863,0.5168239223985029
wealthy,asian→black,d_time_to_half,neg,1.354,10.36035868725181,250,2.066397545259003,0.03982513631856169,0.3413583113019573
wealthy,asian→black,d_time_to_half,pos,0.09,5.055008649824369,250,0.28150791534752606,0.7785546615061936,0.885304931817945
wealthy,asian→black,pull_AUC,neg,17.227360345240996,25.58093857868082,250,10.648103586165519,4.597831687954205e-22,2.7586990127725233e-20
wealthy,asian→black,pull_AUC,pos,8.206874954352275,26.768178860580147,250,4.847624760562646,2.2010427018610174e-06,3.301564052791526e-05
wealthy,asian→black,pull_MAD,neg,38.754567462997514,56.72266590086952,250,10.802798226365338,1.4638899018986232e-22,8.783339411391739e-21
wealthy,asian→black,pull_MAD,pos,16.70762115828693,52.22051213740702,250,5.058753254313713,8.196347407780122e-07,1.2294521111670184e-05
wealthy,asian→black,pull_early,neg,2.256028760690242,7.849311711797581,250,4.544468109162591,8.594684854642185e-06,0.0005156810912785311
wealthy,asian→black,pull_early,pos,1.2630786182358862,13.08571706259766,250,1.5261698225541467,0.12823675279743443,0.5495860834175762
wealthy,asian→black,pull_final,neg,34.19804558164769,54.14505152361303,170,8.235063952681994,4.6927485184052293e-14,2.8156491110431378e-12
wealthy,asian→black,pull_final,pos,18.66913970891686,65.21436961277023,174,3.7762055768451064,0.00021870103612980284,0.0026244124335576343
wealthy,asian→black,pull_release,neg,36.11772961379029,52.07416697254155,250,10.966501831312593,4.333462215201938e-23,2.6000773291211626e-21
wealthy,asian→black,pull_release,pos,15.064238922670484,47.32616950858862,250,5.032871528294168,9.267216188670534e-07,1.3900824283005801e-05
wealthy,asian→black,pull_tcp,neg,36.18029246060178,69.96843651885938,250,8.175981648216526,1.5010560556048773e-14,9.006336333629264e-13
wealthy,asian→black,pull_tcp,pos,13.610272523015738,66.08657811168699,250,3.2562936361751906,0.0012855686712619312,0.015426824055143173
wealthy,asian→black,q_exploded,neg,0.05,0.15030090301053795,250,5.259911279353167,3.1060815741836094e-07,4.659122361275414e-07
wealthy,asian→black,q_exploded,pos,0.028,0.12360060045863426,250,3.581850498952381,0.00041021674263115696,0.000447509173779444
wealthy,asian→black,q_jerk_in_grasp,neg,0.022,0.10275326238970181,250,3.385299255017952,0.0008259681083473675,nan
wealthy,asian→black,q_jerk_in_grasp,pos,0.004,0.044631467279106385,250,1.4170619309433983,0.15771479274702124,nan
wealthy,asian→black,q_tile_drift,neg,0.06268510994315148,0.13140773312417967,250,7.542467938743849,8.620873175986382e-13,1.7241746351972763e-11
wealthy,asian→black,q_tile_drift,pos,0.11127012231945992,0.6995610840250527,250,2.5149127795281276,0.012537051934468114,0.013196896773124332
wealthy,asian→black,xpos_reversals,neg,0.866,0.737032473823155,250,18.5780990049219,6.2697434931378706e-49,1.4468638830318162e-48
wealthy,asian→black,xpos_reversals,pos,0.75,0.6261535539245701,250,18.938711041892397,3.770939817610858e-50,1.077411376460245e-49
wealthy,asian→latino,d_approach_retreat,neg,-0.21,3.531399599667265,250,-0.9402480374890599,0.3480015784311976,0.9110298645203798
wealthy,asian→latino,d_approach_retreat,pos,-0.18,3.3439990007876914,250,-0.8510917298363855,0.3955361211198779,0.9110298645203798
wealthy,asian→latino,d_latency,neg,0.346,3.7024473616600484,250,1.4776011156140805,0.14077829191080024,0.563113167643201
wealthy,asian→latino,d_latency,pos,-0.212,2.2227953745472018,250,-1.5080174982194707,0.13281776549639798,0.563113167643201
wealthy,asian→latino,d_peak_speed,neg,-0.0004984961748123169,0.005154460998851634,250,-1.5291446745252164,0.12749793138741955,0.45033098902580637
wealthy,asian→latino,d_peak_speed,pos,9.067294746637344e-05,0.0037908117741696835,250,0.3781947683452815,0.7056081295527306,0.8344461270834415
wealthy,asian→latino,d_time_to_half,neg,-0.37,9.64698696120809,250,-0.6064291052570139,0.544782320211286,0.8699189937451774
wealthy,asian→latino,d_time_to_half,pos,0.276,5.81835345676001,250,0.750030606332819,0.45394436063388854,0.8699189937451774
wealthy,asian→latino,pull_AUC,neg,2.136681594893994,22.78240512412612,250,1.482894461232919,0.13936700584719397,0.36356610221007124
wealthy,asian→latino,pull_AUC,pos,3.720623833815581,25.669005452909925,250,2.291800056910901,0.022752407831973204,0.13651444699183923
wealthy,asian→latino,pull_MAD,neg,5.860694501912222,49.17504406636207,250,1.8844053572639463,0.06067501546610799,0.22753130799790497
wealthy,asian→latino,pull_MAD,pos,7.8980683668749405,47.620931181437236,250,2.622364214161655,0.009270441182608362,0.055622647095650166
wealthy,asian→latino,pull_early,neg,0.6462030546041205,8.497541426184416,250,1.202391009951653,0.23035423436440733,0.6786226766043906
wealthy,asian→latino,pull_early,pos,-0.14556262306869025,11.652442383626342,250,-0.19751628711438315,0.843584678810848,0.9134288741790955
wealthy,asian→latino,pull_final,neg,6.6565806550101385,43.17776759052214,177,2.051056610581995,0.04174352776917901,0.2681421837332926
wealthy,asian→latino,pull_final,pos,3.0147784985289725,57.16860886519484,179,0.7055443208454725,0.4813938664184718,0.7600955785554818
wealthy,asian→latino,pull_release,neg,5.535552407382056,46.718623377125624,250,1.873444940067128,0.062178348690851065,0.2331688075906915
wealthy,asian→latino,pull_release,pos,7.063958848477341,42.333419598080226,250,2.63836461488002,0.008855676140762969,0.059037840938419794
wealthy,asian→latino,pull_tcp,neg,1.9104472445324063,72.45334007194745,250,0.4169141571883285,0.6771003937787756,0.9233187187892394
wealthy,asian→latino,pull_tcp,pos,5.415187714621425,71.46573258344546,250,1.1980795911922355,0.2320251651311821,0.5528186127834981
wealthy,asian→latino,q_exploded,neg,0.036,0.12950322133966166,250,4.395334517103491,1.6385759712668788e-05,2.0482199640835982e-05
wealthy,asian→latino,q_exploded,pos,0.036,0.12950322133966166,250,4.395334517103491,1.6385759712668788e-05,2.0482199640835982e-05
wealthy,asian→latino,q_jerk_in_grasp,neg,0.022,0.11209935352285025,250,3.1030557419549805,0.002136331750893276,nan
wealthy,asian→latino,q_jerk_in_grasp,pos,0.002,0.0316227766016838,250,1.0,0.31828130151580086,nan
wealthy,asian→latino,q_tile_drift,neg,0.10522892469167709,0.46682016832434786,250,3.564146328022685,0.00043746499771363527,0.000558465954528045
wealthy,asian→latino,q_tile_drift,pos,0.11945652420818806,0.862531274694973,250,2.1898029030802744,0.02946675630264008,0.029966192850142456
wealthy,asian→latino,xpos_reversals,neg,1.04,0.9064693855767836,250,18.140539652547016,1.9224041409541425e-47,3.7207822082983404e-47
wealthy,asian→latino,xpos_reversals,pos,0.93,0.7966420489886705,250,18.458216131636913,1.599534135096394e-48,3.309380969164953e-48
wealthy,asian→middle_eastern,d_approach_retreat,neg,-0.028,3.3544336183025583,250,-0.1319802156787356,0.8951065227431781,0.976479842992558
wealthy,asian→middle_eastern,d_approach_retreat,pos,-0.072,4.037327837104268,250,-0.2819736230479456,0.7781979523229472,0.9666179148263073
wealthy,asian→middle_eastern,d_latency,neg,0.37,3.4814626709642122,250,1.6803896017909188,0.09413557109728164,0.563113167643201
wealthy,asian→middle_eastern,d_latency,pos,0.236,2.430624558209656,250,1.5351970448892436,0.12600507754435392,0.563113167643201
wealthy,asian→middle_eastern,d_peak_speed,neg,-0.0005184346586465836,0.005361981294799997,250,-1.528757980641428,0.12759378022397846,0.45033098902580637
wealthy,asian→middle_eastern,d_peak_speed,pos,-0.00013309375941753388,0.003922475054030229,250,-0.5364972578747835,0.592093919017296,0.8344461270834415
wealthy,asian→middle_eastern,d_time_to_half,neg,-0.206,10.11691513691551,250,-0.32195051019934556,0.7477603070625114,0.885304931817945
wealthy,asian→middle_eastern,d_time_to_half,pos,-0.158,6.384912248235732,250,-0.3912660431979026,0.695935194996142,0.8699189937451774
wealthy,asian→middle_eastern,pull_AUC,neg,4.902813880223875,24.819697231215578,250,3.1233376178932692,0.0019996477141630375,0.019996477141630376
wealthy,asian→middle_eastern,pull_AUC,pos,2.343293662008253,24.488578211774705,250,1.5129798746380205,0.13155295564131136,0.3587807881126674
wealthy,asian→middle_eastern,pull_MAD,neg,10.17735199170187,54.73774239951228,250,2.9398008971699703,0.003593022150303489,0.03593022150303489
wealthy,asian→middle_eastern,pull_MAD,pos,6.064954729676247,47.37161143158699,250,2.024321135801526,0.044004761722393336,0.1972995146191043
wealthy,asian→middle_eastern,pull_early,neg,0.6874874085886407,10.90785069499708,250,0.9965419103252086,0.31995434739178336,0.6996644244771989
wealthy,asian→middle_eastern,pull_early,pos,-0.8624097548425197,13.560000715959756,250,-1.0055969607877573,0.3155856946899642,0.6996644244771989
wealthy,asian→middle_eastern,pull_final,neg,11.057062833610553,52.21028500678551,172,2.7774607926895034,0.006090278090094512,0.06090278090094512
wealthy,asian→middle_eastern,pull_final,pos,3.672709917450805,51.22002524452652,178,0.9566582931126152,0.3400445703830245,0.7091973648773955
wealthy,asian→middle_eastern,pull_release,neg,9.815280051436275,50.37150438274164,250,3.0809721900610714,0.002294923053993813,0.022949230539938126
wealthy,asian→middle_eastern,pull_release,pos,5.824731928296387,43.41450442775694,250,2.1213439950663986,0.03488110170347731,0.1698096841795244
wealthy,asian→middle_eastern,pull_tcp,neg,4.472123049665242,63.77984231615634,250,1.1086649245209947,0.2686444347527806,0.596987632783957
wealthy,asian→middle_eastern,pull_tcp,pos,5.001852121204138,65.87923185338383,250,1.2004728028365153,0.23109658772412955,0.5528186127834981
wealthy,asian→middle_eastern,q_exploded,neg,0.04,0.13591870946388993,250,4.653189649374231,5.3139517069474345e-06,7.414816335275491e-06
wealthy,asian→middle_eastern,q_exploded,pos,0.03,0.11898162255585565,250,3.986679949692048,8.808955676381966e-05,0.00010363477266331724
wealthy,asian→middle_eastern,q_jerk_in_grasp,neg,0.026,0.11992300073137627,250,3.428000411219959,0.0007113408949063002,nan
wealthy,asian→middle_eastern,q_jerk_in_grasp,pos,0.004,0.04463146727910637,250,1.4170619309433985,0.15771479274702113,nan
wealthy,asian→middle_eastern,q_tile_drift,neg,0.07540273052453995,0.159517956965859,250,7.473903715569851,1.321160094345112e-12,1.9817401415176682e-11
wealthy,asian→middle_eastern,q_tile_drift,pos,0.06637210638821125,0.24203110450991216,250,4.335951565290727,2.1088205348631723e-05,3.163230802294759e-05
wealthy,asian→middle_eastern,xpos_reversals,neg,1.178,0.8765783240720316,250,21.24831849807548,7.447816632443172e-58,2.234344989732952e-56
wealthy,asian→middle_eastern,xpos_reversals,pos,0.852,0.7253969969698327,250,18.570938242907463,6.630295801908887e-49,1.4733990670908636e-48
wealthy,black→latino,d_approach_retreat,neg,0.166,3.2244429175462317,250,0.813998115351075,0.41642377521947105,0.9110298645203798
wealthy,black→latino,d_approach_retreat,pos,0.158,3.499574845089835,250,0.7138579576425348,0.4759836060899316,0.9110298645203798
wealthy,black→latino,d_latency,neg,-0.116,3.8355429287433265,250,-0.47819072214076086,0.632934027239562,0.8255259831038967
wealthy,black→latino,d_latency,pos,-0.12,2.311921261565522,250,-0.820688242131664,0.4126088558537474,0.7984474371261613
wealthy,black→latino,d_peak_speed,neg,0.0013169947266578675,0.005258411178560299,250,3.960039317246764,9.786045056588453e-05,0.001957209011317691
wealthy,black→latino,d_peak_speed,pos,0.00010239605605602264,0.0038328360220283865,250,0.4224088360346131,0.6730911467201934,0.8344461270834415
wealthy,black→latino,d_time_to_half,neg,-0.426,9.536314233320256,250,-0.7063160096616801,0.48065200260032104,0.8699189937451774
wealthy,black→latino,d_time_to_half,pos,-0.638,4.587607280734587,250,-2.198894787332766,0.028805475939137234,0.2880547593913723
wealthy,black→latino,pull_AUC,neg,-12.470285150766008,24.967011649967702,250,-7.89732161402821,9.123660439129468e-14,2.7370981317388404e-12
wealthy,black→latino,pull_AUC,pos,-7.391398283925053,27.232107133209503,250,-4.291561713591925,2.5421009794185265e-05,0.0003050521175302232
wealthy,black→latino,pull_MAD,neg,-28.81329809484305,53.88742147726825,250,-8.45425948980787,2.3928869783561585e-15,7.178660935068476e-14
wealthy,black→latino,pull_MAD,pos,-14.425097354333849,49.45548915311773,250,-4.611840251759822,6.3867426919089216e-06,7.664091230290706e-05
wealthy,black→latino,pull_early,neg,-1.3976628202944994,9.436359201929342,250,-2.3418978752745887,0.01997480910892316,0.25987464663893445
wealthy,black→latino,pull_early,pos,-1.6632403563708067,13.295527159863667,250,-1.9779688910416353,0.04903466699903752,0.3268977799935835
wealthy,black→latino,pull_final,neg,-28.04820183482458,53.88954559001821,179,-6.963490988396509,6.170909336334703e-11,1.851272800900411e-09
wealthy,black→latino,pull_final,pos,-16.173016979714124,51.793776563129796,181,-4.201000672094359,4.176196973890194e-05,0.000626429546083529
wealthy,black→latino,pull_release,neg,-28.729868080001324,48.949780433861314,250,-9.280104956929028,8.568480176606222e-18,2.5705440529818666e-16
wealthy,black→latino,pull_release,pos,-13.187955513596535,45.06515155699774,250,-4.62707609572711,5.969205319104746e-06,7.163046382925695e-05
wealthy,black→latino,pull_tcp,neg,-26.80911588203162,66.7397334067002,250,-6.351378999822524,1.0060157794317294e-09,3.0180473382951885e-08
wealthy,black→latino,pull_tcp,pos,-9.570893999189138,73.83231060246021,250,-2.049632744425237,0.04144798977405131,0.35370540513018434
wealthy,black→latino,q_exploded,neg,0.044,0.15543694081614295,250,4.475777003742929,1.1593162377194202e-05,1.545754983625894e-05
wealthy,black→latino,q_exploded,pos,0.026,0.11123620802555081,250,3.6957039719248703,0.0002696528704738794,0.00029961430052653266
wealthy,black→latino,q_jerk_in_grasp,neg,0.012,0.0766780155734951,250,2.4744597025759245,0.014010888417100414,nan
wealthy,black→latino,q_jerk_in_grasp,pos,0.0,0.0,250,nan,nan,nan
wealthy,black→latino,q_tile_drift,neg,0.05647669553756714,0.1981193619291332,250,4.507257414912902,1.0111745730570113e-05,1.5556531893184788e-05
wealthy,black→latino,q_tile_drift,pos,0.06103670135140419,0.17529666577469297,250,5.505381299778823,9.154794392452054e-08,1.96174165552544e-07
wealthy,black→latino,xpos_reversals,neg,1.004,0.8053435994983831,250,19.71162850730167,9.435727132186943e-53,5.1467602539201504e-52
wealthy,black→latino,xpos_reversals,pos,0.814,0.6843077585660818,250,18.80801425349094,1.0433348699423055e-49,2.608337174855764e-49
wealthy,black→middle_eastern,d_approach_retreat,neg,-0.112,3.609093824345902,250,-0.4906703942547792,0.6240917139652319,0.9110298645203798
wealthy,black→middle_eastern,d_approach_retreat,pos,0.132,3.924817546215918,250,0.5317707717963589,0.595358872516737,0.9110298645203798
wealthy,black→middle_eastern,d_latency,neg,-0.54,3.898357186690322,250,-2.190191732970332,0.029438208902831508,0.563113167643201
wealthy,black→middle_eastern,d_latency,pos,-0.144,2.0351489688229716,250,-1.118758356366435,0.26432135160478487,0.7435538646410307
wealthy,black→middle_eastern,d_peak_speed,neg,0.0011892426460981369,0.00454524657147858,250,4.1369762818525135,4.816455681407624e-05,0.0014449367044222872
wealthy,black→middle_eastern,d_peak_speed,pos,-0.0007568755149841308,0.005154463778348037,250,-2.321726017958201,0.02105522935058702,0.2105522935058702
wealthy,black→middle_eastern,d_time_to_half,neg,-0.286,9.94448465735664,250,-0.4547301554430471,0.6496995707204127,0.8699189937451774
wealthy,black→middle_eastern,d_time_to_half,pos,-0.396,5.498191013203405,250,-1.1387945147953984,0.25588329329558207,0.8699189937451774
wealthy,black→middle_eastern,pull_AUC,neg,-11.14822888572677,27.765360623703668,250,-6.348521028335022,1.02222744490596e-09,2.0444548898119205e-08
wealthy,black→middle_eastern,pull_AUC,pos,-2.455951531973219,24.56403671317418,250,-1.5808477968627084,0.11518223822659748,0.3459495667443931
wealthy,black→middle_eastern,pull_MAD,neg,-25.231094582815423,57.72199857793944,250,-6.911379431283795,4.004022352519006e-11,8.008044705038012e-10
wealthy,black→middle_eastern,pull_MAD,pos,-4.470711909085512,47.32037448613547,250,-1.4938208487014475,0.13648854290615905,0.3793612608414941
wealthy,black→middle_eastern,pull_early,neg,-2.2045058295130735,10.44774474112227,250,-3.336250889123139,0.0009788210523406144,0.029364631570218434
wealthy,black→middle_eastern,pull_early,pos,-0.8082171308342369,13.826944668128338,250,-0.9242124846618245,0.356270461709143,0.7238880608493691
wealthy,black→middle_eastern,pull_final,neg,-17.881166411533872,58.21957146086792,187,-4.199984076551237,4.136097659371782e-05,0.000626429546083529
wealthy,black→middle_eastern,pull_final,pos,-5.606021089531357,51.49481718526438,179,-1.4565242578738133,0.1470094312801695,0.5982765870996641
wealthy,black→middle_eastern,pull_release,neg,-22.032742728915764,50.96379466640238,250,-6.8356026645931465,6.258429298706902e-11,1.2516858597413803e-09
wealthy,black→middle_eastern,pull_release,pos,-3.36067951656878,40.78462978725859,250,-1.3028684842385156,0.19382325653035495,0.4153355497079035
wealthy,black→middle_eastern,pull_tcp,neg,-24.57352702319622,70.22571851629016,250,-5.532753325903778,7.968825594341937e-08,1.5937651188683875e-06
wealthy,black→middle_eastern,pull_tcp,pos,-3.7946201469749212,70.5174643091358,250,-0.8508277089345829,0.39568250612451683,0.6943839225575564
wealthy,black→middle_eastern,q_exploded,neg,0.026,0.11992300073137625,250,3.4280004112199594,0.0007113408949062985,0.000762150958828177
wealthy,black→middle_eastern,q_exploded,pos,0.03,0.11898162255585565,250,3.986679949692048,8.808955676381966e-05,0.00010363477266331724
wealthy,black→middle_eastern,q_jerk_in_grasp,neg,0.016,0.08817652976618226,250,2.8690425160108184,0.0044705263301208255,nan
wealthy,black→middle_eastern,q_jerk_in_grasp,pos,0.004,0.06324555320336758,250,1.0,0.31828130151580086,nan
wealthy,black→middle_eastern,q_tile_drift,neg,0.09189988535642624,0.28862485939506693,250,5.034440814345684,9.198597902005336e-07,1.576902497486629e-06
wealthy,black→middle_eastern,q_tile_drift,pos,0.0454832573980093,0.08406210130993626,250,8.555025780946782,1.2208495179179438e-15,7.325097107507664e-14
wealthy,black→middle_eastern,xpos_reversals,neg,0.934,0.7555975852551234,250,19.54457896791723,3.429576987017619e-52,1.5828816863158242e-51
wealthy,black→middle_eastern,xpos_reversals,pos,0.812,0.6636397145158891,250,19.346110576955574,1.5939023266749153e-51,6.375609306699661e-51
wealthy,latino→middle_eastern,d_approach_retreat,neg,0.12,3.6224423188525248,250,0.5237810375134015,0.6008967169886713,0.9110298645203798
wealthy,latino→middle_eastern,d_approach_retreat,pos,0.022,3.909174154508996,250,0.08898312760440645,0.9291668467813146,0.9786462403116853
wealthy,latino→middle_eastern,d_latency,neg,0.16,3.993015991306234,250,0.6335617321950978,0.5269483952992803,0.8111080564999278
wealthy,latino→middle_eastern,d_latency,pos,-0.06,2.1119282572699816,250,-0.4492024266377518,0.6536763638018862,0.8255259831038967
wealthy,latino→middle_eastern,d_peak_speed,neg,-0.00020338542759418488,0.0073491508572587775,250,-0.43757517472214635,0.6620735704712043,0.8344461270834415
wealthy,latino→middle_eastern,d_peak_speed,pos,-0.00010645252466201783,0.006038438615625755,250,-0.2787412955860094,0.7806747214214973,0.9007785247171122
wealthy,latino→middle_eastern,d_time_to_half,neg,1.692,10.479140496346476,250,2.552964054098884,0.01127845555344709,0.2880547593913723
wealthy,latino→middle_eastern,d_time_to_half,pos,-0.18,5.1961137779665965,250,-0.5477266310487318,0.5843702611854124,0.8699189937451774
wealthy,latino→middle_eastern,pull_AUC,neg,1.268519937918133,27.177489793769446,250,0.7380027168801153,0.46120774959949773,0.7095503839992272
wealthy,latino→middle_eastern,pull_AUC,pos,0.3095055817377176,23.798586611262802,250,0.2056304020935864,0.8372476418938315,0.897051044886248
wealthy,latino→middle_eastern,pull_MAD,neg,2.7081991962110625,57.58089626147347,250,0.743656175355011,0.45778563553042007,0.7069308760357347
wealthy,latino→middle_eastern,pull_MAD,pos,1.0358384433947505,46.33728435595931,250,0.3534528204035268,0.7240480591081814,0.8597597930901316
wealthy,latino→middle_eastern,pull_early,neg,0.31954720950743637,11.285666221229704,250,0.4476904518466281,0.6547658497538071,0.8928625223915551
wealthy,latino→middle_eastern,pull_early,pos,-0.5064210986020042,12.479912906933544,250,-0.6416086949842902,0.5217174582857015,0.8237644078195286
wealthy,latino→middle_eastern,pull_final,neg,1.3952849864825068,53.356795832801964,166,0.33692033483589173,0.7366051172994598,0.8665942556464232
wealthy,latino→middle_eastern,pull_final,pos,-2.956349815181254,49.47044518039624,184,-0.8106229858653583,0.4186351526421609,0.7134286690209515
wealthy,latino→middle_eastern,pull_release,neg,4.408422011882067,50.83292173666861,250,1.3712230153704732,0.17153995066278313,0.4153355497079035
wealthy,latino→middle_eastern,pull_release,pos,0.005949309095740318,41.99198925376228,250,0.002240113838523447,0.9982144428781339,0.9982144428781339
wealthy,latino→middle_eastern,pull_tcp,neg,2.5077695697546005,77.00909719075254,250,0.5148913554746444,0.6070856961878233,0.8884180919821804
wealthy,latino→middle_eastern,pull_tcp,pos,5.993278964422643,74.7427898255731,250,1.2678421707685756,0.2060385733054732,0.5528186127834981
wealthy,latino→middle_eastern,q_exploded,neg,0.038,0.1401232962523022,250,4.287886250906837,2.5815658974413434e-05,3.1611010989077676e-05
wealthy,latino→middle_eastern,q_exploded,pos,0.018,0.093331899013649,250,3.049386034388233,0.0025406657820912677,0.00258372791399112
wealthy,latino→middle_eastern,q_jerk_in_grasp,neg,0.018,0.10353200230850378,250,2.7489566807284436,0.006416434286813926,nan
wealthy,latino→middle_eastern,q_jerk_in_grasp,pos,0.002,0.0316227766016838,250,1.0,0.31828130151580086,nan
wealthy,latino→middle_eastern,q_tile_drift,neg,0.08753594668209552,0.21521211851352884,250,6.431165925191146,6.425858187036671e-10,2.267949948365884e-09
wealthy,latino→middle_eastern,q_tile_drift,pos,0.06790066236257553,0.2632625775766963,250,4.0780719705073505,6.114916643179546e-05,8.94865850221397e-05
wealthy,latino→middle_eastern,xpos_reversals,neg,1.102,0.9219522677100712,250,18.899188730025653,5.129111816732128e-50,1.3988486772905803e-49
wealthy,latino→middle_eastern,xpos_reversals,pos,0.964,0.6961627469788401,250,21.894561850886966,5.71745161820889e-60,3.430470970925334e-58
