topic,demo,metric,pol,mean,sd,n,t,p,q
criminal,asian→black,d_approach_retreat,neg,-0.134,3.818818863214143,250,-0.5548118693772162,0.5795213674474664,0.7902564101556361
criminal,asian→black,d_approach_retreat,pos,-0.206,4.798611328575271,250,-0.6787684534018078,0.4979149642236659,0.7860378395091643
criminal,asian→black,d_latency,neg,-0.114,2.426428283891257,250,-0.7428607217705666,0.458266265865684,0.8483376964586382
criminal,asian→black,d_latency,pos,0.108,2.152409689134371,250,0.7933572986180331,0.42832501837327763,0.8483376964586382
criminal,asian→black,d_peak_speed,neg,-0.00030210444331169126,0.0045830325538829516,250,-1.0422554508289061,0.2983041338309906,0.7344599369511248
criminal,asian→black,d_peak_speed,pos,-0.00015041952580213547,0.0029618929262861223,250,-0.8029802527224511,0.422751943054964,0.7926598932280575
criminal,asian→black,d_time_to_half,neg,0.544,5.514681390921282,250,1.559726596321287,0.1200945551889233,0.6004727759446166
criminal,asian→black,d_time_to_half,pos,0.4,5.817333191579058,250,1.0871915209347016,0.27800345106153257,0.76117323549182
criminal,asian→black,pull_AUC,neg,-0.8211889916123825,12.318365173389811,250,-1.0540471752541136,0.2928830287704396,0.608014630077901
criminal,asian→black,pull_AUC,pos,-1.117366075823456,14.407675066888945,250,-1.2262289937142148,0.22127087432947815,0.510625094606488
criminal,asian→black,pull_MAD,neg,-1.2273767568171023,26.006369570906347,250,-0.746222206854029,0.456237125032694,0.7398439865395037
criminal,asian→black,pull_MAD,pos,-2.607816596478224,32.38194919447434,250,-1.2733390623481418,0.20408519151804375,0.6133679404997794
criminal,asian→black,pull_early,neg,0.6206905514001848,17.993386384140855,250,0.5454214739423316,0.5859519161149302,0.9084102999518718
criminal,asian→black,pull_early,pos,-0.9005916818976404,16.915992331519234,250,-0.8417835917588768,0.4007168312552366,0.9084102999518718
criminal,asian→black,pull_final,neg,-0.35113880286019955,38.539216268871186,209,-0.13171920128659553,0.8953337192655498,0.9592861277845177
criminal,asian→black,pull_final,pos,-6.061364765423284,34.474721981625095,213,-2.566016527410369,0.010977093212749025,0.16465639819123537
criminal,asian→black,pull_release,neg,-1.7821644209325314,26.98627571925129,250,-1.044178676911965,0.2974153818989866,0.6086361068929933
criminal,asian→black,pull_release,pos,-3.1644353824667633,25.419552800729765,250,-1.9683318969981531,0.05013925040541166,0.17866010684305428
criminal,asian→black,pull_tcp,neg,-2.6651024877792224,24.98317582969304,250,-1.6866939008504258,0.09291462177416153,0.3982055218892637
criminal,asian→black,pull_tcp,pos,-0.16590852907393128,25.057830419099407,250,-0.10468760190866219,0.9167079771520767,0.9396791858939905
criminal,asian→black,q_exploded,neg,0.016,0.08817652976618226,250,2.869042516010818,0.004470526330120834,0.017882105320483337
criminal,asian→black,q_exploded,pos,0.01,0.07014042140491769,250,2.2542476911513574,0.025050382500227265,0.037575573750340895
criminal,asian→black,q_jerk_in_grasp,neg,0.0,0.0,250,nan,nan,nan
criminal,asian→black,q_jerk_in_grasp,pos,0.0,0.0,250,nan,nan,nan
criminal,asian→black,q_tile_drift,neg,0.0007624422907829284,0.0021142943829526384,250,5.701794042377843,3.345923314101065e-08,8.728495602002778e-08
criminal,asian→black,q_tile_drift,pos,0.0007294113337993622,0.0020097902998098384,250,5.738412525340553,2.7656910087709165e-08,7.542793660284317e-08
criminal,asian→black,xpos_reversals,neg,0.898,0.7201879495874141,250,19.71516838387844,9.181427142762514e-53,1.6693503895931844e-52
criminal,asian→black,xpos_reversals,pos,0.784,0.6864611537899654,250,18.0580188105631,3.671208525151278e-47,4.495357377736259e-47
criminal,asian→latino,d_approach_retreat,neg,0.294,4.329380804758395,250,1.073721247929572,0.2839870579970833,0.740835803470652
criminal,asian→latino,d_approach_retreat,pos,-0.328,4.573410141380843,250,-1.1339755679796302,0.25789534912613904,0.740835803470652
criminal,asian→latino,d_latency,neg,-0.086,2.92056893285645,250,-0.4655871596026588,0.6419180003715327,0.8558906671620435
criminal,asian→latino,d_latency,pos,-0.162,2.404972258938772,250,-1.0650621416592394,0.28787949431185794,0.7978866486945464
criminal,asian→latino,d_peak_speed,neg,1.7906054854393005e-06,0.004587384683994269,250,0.006171699252229891,0.995080669393063,0.995080669393063
criminal,asian→latino,d_peak_speed,pos,-0.00010753832012414933,0.004160999957473671,250,-0.40863498055297065,0.6831587679744718,0.8539484599680898
criminal,asian→latino,d_time_to_half,neg,0.274,8.179703797624182,250,0.5296426987599495,0.5968315923455152,0.8613962750532319
criminal,asian→latino,d_time_to_half,pos,0.06,6.945889541743694,250,0.13658197302866362,0.8914715906065113,0.9886188336819788
criminal,asian→latino,pull_AUC,neg,-1.332375156506966,13.488123734400103,250,-1.5618703814377184,0.11958855397929292,0.39862851326430976
criminal,asian→latino,pull_AUC,pos,0.13335191845494565,14.978799806136001,250,0.1407642127969172,0.8881700226505016,0.9621466973363296
criminal,asian→latino,pull_MAD,neg,-1.994283592659049,28.770333200003687,250,-1.0960037218312852,0.2741360456882418,0.6383460225018986
criminal,asian→latino,pull_MAD,pos,-0.6841363966371865,35.6570913896419,250,-0.3033659167475347,0.7618643332710658,0.8971358375698534
criminal,asian→latino,pull_early,neg,0.026665181666612397,21.364172706754285,250,0.019734606494264388,0.9842708884322804,0.9842708884322804
criminal,asian→latino,pull_early,pos,-1.7879861503839494,16.848394963415945,250,-1.6779368813251263,0.09461407091269369,0.8109777506802317
criminal,asian→latino,pull_final,neg,-3.6420215670627045,45.60481710508885,223,-1.1925709508408953,0.23431056050754887,0.5846469945986594
criminal,asian→latino,pull_final,pos,-2.35281763351858,34.58119083458157,222,-1.0137358589560386,0.31181736511626856,0.6162298999819292
criminal,asian→latino,pull_release,neg,-1.463403920060955,25.705595404328367,250,-0.9001327243002452,0.3689193398758721,0.6389566763145678
criminal,asian→latino,pull_release,pos,-0.5042622666805983,26.944732874473743,250,-0.2959051975424473,0.7675491076620411,0.9210589291944493
criminal,asian→latino,pull_tcp,neg,-4.359571282751858,28.276196493919876,250,-2.4377703837081124,0.01547859500147697,0.15478595001476972
criminal,asian→latino,pull_tcp,pos,-2.515666343504563,25.134623904726546,250,-1.5825252664723533,0.11479901258662258,0.4591960503464903
criminal,asian→latino,q_exploded,neg,0.01,0.07014042140491769,250,2.2542476911513574,0.025050382500227265,0.037575573750340895
criminal,asian→latino,q_exploded,pos,0.004,0.04463146727910638,250,1.4170619309433985,0.15771479274702113,0.1603879248274791
criminal,asian→latino,q_jerk_in_grasp,neg,0.0,0.0,250,nan,nan,nan
criminal,asian→latino,q_jerk_in_grasp,pos,0.0,0.0,250,nan,nan,nan
criminal,asian→latino,q_tile_drift,neg,0.0003111259937286377,0.0011849161616360084,250,4.151630348713186,4.5368941242011066e-05,5.040993471334563e-05
criminal,asian→latino,q_tile_drift,pos,0.00046262744069099424,0.0015320515018536738,250,4.774501441067514,3.075991552798631e-06,3.7665202687330178e-06
criminal,asian→latino,xpos_reversals,neg,0.968,0.7741921557184002,250,19.769541401530365,6.035585828753124e-53,1.156708706259591e-52
criminal,asian→latino,xpos_reversals,pos,0.99,0.6905122945434518,250,22.66907416642451,1.7737552129894052e-62,3.5475104259788104e-61
criminal,asian→middle_eastern,d_approach_retreat,neg,0.368,4.242235524932107,250,1.3715860094314165,0.1714269959266825,0.740835803470652
criminal,asian→middle_eastern,d_approach_retreat,pos,0.526,4.310993232493228,250,1.9292051269198793,0.05484179802031977,0.49494018361849274
criminal,asian→middle_eastern,d_latency,neg,0.104,1.8408527795082619,250,0.8932731620867659,0.37257342419384243,0.8352814474201345
criminal,asian→middle_eastern,d_latency,pos,0.016,1.6693985642335565,250,0.1515409311074961,0.8796717301906714,0.9405338959621565
criminal,asian→middle_eastern,d_peak_speed,neg,-0.0002395365610718727,0.0031324521482046517,250,-1.2090864920399311,0.2277764286750715,0.7344599369511248
criminal,asian→middle_eastern,d_peak_speed,pos,-0.00011614123731851578,0.0035054313470230013,250,-0.52385969633746,0.6008420830420782,0.8017946975490888
criminal,asian→middle_eastern,d_time_to_half,neg,-0.456,6.431291475291774,250,-1.1210801272005486,0.26333378641270844,0.76117323549182
criminal,asian→middle_eastern,d_time_to_half,pos,0.288,4.1980412338140765,250,1.0847153653384385,0.2790968530136674,0.76117323549182
criminal,asian→middle_eastern,pull_AUC,neg,0.07702223489909076,13.908479609438963,250,0.08756014301963697,0.9302966568187663,0.9623758518814823
criminal,asian→middle_eastern,pull_AUC,pos,-2.84815323640136,15.790159669555198,250,-2.8519823550530328,0.00470944942267674,0.05325183405771636
criminal,asian→middle_eastern,pull_MAD,neg,0.4732830829173324,32.09570747572743,250,0.2331546237416563,0.8158328896816952,0.9082370842386687
criminal,asian→middle_eastern,pull_MAD,pos,-6.027789443135261,38.83548174320872,250,-2.4541402656294826,0.014807703307433669,0.1480770330743367
criminal,asian→middle_eastern,pull_early,neg,1.5676710672676568,19.348556138172196,250,1.2810803966742772,0.20135726146555616,0.9084102999518718
criminal,asian→middle_eastern,pull_early,pos,0.6031257264316084,16.634981745070043,250,0.5732651349415322,0.5669825438076658,0.9084102999518718
criminal,asian→middle_eastern,pull_final,neg,0.6853642872909004,39.19636834619151,209,0.2527835353188545,0.8006851321105672,0.9312332626514452
criminal,asian→middle_eastern,pull_final,pos,-2.680519902076962,29.825183964947346,215,-1.3178170886510996,0.18897386264949315,0.568470259745306
criminal,asian→middle_eastern,pull_release,neg,0.9233452678890899,27.367496890420792,250,0.5334565533996416,0.5941934232678645,0.8009049625760377
criminal,asian→middle_eastern,pull_release,pos,-3.876952659134986,24.200096695283232,250,-2.533047891891795,0.011922388249808957,0.07948258833205972
criminal,asian→middle_eastern,pull_tcp,neg,1.1379046672955155,24.8917399245351,250,0.7228041349658982,0.4704785800583321,0.7629382379324304
criminal,asian→middle_eastern,pull_tcp,pos,-2.1287598689086735,22.650719554660302,250,-1.485985856005143,0.13854787590744216,0.5195545346529081
criminal,asian→middle_eastern,q_exploded,neg,0.002,0.03162277660168379,250,1.0,0.31828130151580086,0.31828130151580086
criminal,asian→middle_eastern,q_exploded,pos,0.012,0.0766780155734951,250,2.4744597025759245,0.014010888417100414,0.025474342576546252
criminal,asian→middle_eastern,q_jerk_in_grasp,neg,0.0,0.0,250,nan,nan,nan
criminal,asian→middle_eastern,q_jerk_in_grasp,pos,0.0,0.0,250,nan,nan,nan
criminal,asian→middle_eastern,q_tile_drift,neg,0.0005728638172149658,0.0021070681257938694,250,4.298756241721273,2.4665151369873208e-05,2.7922812871554574e-05
criminal,asian→middle_eastern,q_tile_drift,pos,0.0007114017903804779,0.0019257750822713694,250,5.840894946232785,1.6155470332460848e-08,5.101727473408689e-08
criminal,asian→middle_eastern,xpos_reversals,neg,1.142,0.7327918775088681,250,24.640837315152865,1.0008426135368859e-68,6.005055681221315e-67
criminal,asian→middle_eastern,xpos_reversals,pos,0.95,0.7380235191777006,250,20.35276450611746,6.820271695036871e-55,1.860074098646419e-54
criminal,black→latino,d_approach_retreat,neg,-0.538,4.461971847858785,250,-1.9064501516151564,0.05774302142215749,0.49494018361849274
criminal,black→latino,d_approach_retreat,pos,-0.192,4.602593995340429,250,-0.6595816526148106,0.5101319086856986,0.7860378395091643
criminal,black→latino,d_latency,neg,-0.158,2.44416278649922,250,-1.0221084149273039,0.3077215888592748,0.8027519709372386
criminal,black→latino,d_latency,pos,-0.05,1.5964632094465772,250,-0.49520052223198435,0.6208952887979712,0.8558906671620435
criminal,black→latino,d_peak_speed,neg,0.00016438458859920502,0.002870261480246711,250,0.905544173903198,0.36605254592834957,0.7843983127036063
criminal,black→latino,d_peak_speed,pos,-9.550796449184417e-05,0.0035816976769615415,250,-0.4216194800909723,0.6736665368661336,0.8539484599680898
criminal,black→latino,d_time_to_half,neg,-0.916,7.85811324524535,250,-1.8430927668717982,0.06650399017700664,0.49877992632754986
criminal,black→latino,d_time_to_half,pos,0.006,4.3435503587359845,250,0.02184119486821352,0.9825921253411012,0.9886188336819788
criminal,black→latino,pull_AUC,neg,0.3062409822969437,13.307302324824887,250,0.3638675192413158,0.7162657067219036,0.9342596174633525
criminal,black→latino,pull_AUC,pos,-1.4902699342602574,14.840973156162963,250,-1.58771506125082,0.11361976849918119,0.39862851326430976
criminal,black→latino,pull_MAD,neg,-1.799731120453216,27.279394530019545,250,-1.0431407321478652,0.29789481050088606,0.6383460225018986
criminal,black→latino,pull_MAD,pos,-2.3977033751271666,34.572118065917714,250,-1.096577855660764,0.27388536537876584,0.6383460225018986
criminal,black→latino,pull_early,neg,-2.07628009095788,17.885011250642293,250,-1.835552143600883,0.06761648179183995,0.6761648179183996
criminal,black→latino,pull_early,pos,-0.3256990283727648,15.863340723644678,250,-0.32463236442579074,0.7457318909392827,0.9084102999518718
criminal,black→latino,pull_final,neg,2.475960842521573,37.73625184745871,207,0.9439960630207002,0.34627749746354264,0.6492703077441424
criminal,black→latino,pull_final,pos,-3.644233331548273,38.25682216978534,213,-1.3902313750530648,0.1659164866529573,0.568470259745306
criminal,black→latino,pull_release,neg,0.22777990507893264,26.6365054409599,250,0.13520979823403312,0.8925552361860629,0.9540494798055978
criminal,black→latino,pull_release,pos,-2.3773058392107487,26.966793982147777,250,-1.3938811472547992,0.16459618679402818,0.37983735414006503
criminal,black→latino,pull_tcp,neg,1.257968591991812,24.488663359614385,250,0.8122219488323715,0.41744010743414917,0.7434496241187206
criminal,black→latino,pull_tcp,pos,0.1558315826114267,25.80810082326974,250,0.09547055318314684,0.9240178661290906,0.9396791858939905
criminal,black→latino,q_exploded,neg,0.012,0.0766780155734951,250,2.474459702575924,0.014010888417100438,0.025474342576546252
criminal,black→latino,q_exploded,pos,0.008,0.07719999583827526,250,1.6384859226122093,0.10258329981652874,0.11398144424058748
criminal,black→latino,q_jerk_in_grasp,neg,0.0,0.0,250,nan,nan,nan
criminal,black→latino,q_jerk_in_grasp,pos,0.0,0.0,250,nan,nan,nan
criminal,black→latino,q_tile_drift,neg,0.0005074166804552078,0.001659591750209809,250,4.834298654465608,2.340147432137215e-06,2.925184290171519e-06
criminal,black→latino,q_tile_drift,pos,0.00043821439146995544,0.001288654981216549,250,5.376751732265468,1.7453483027480048e-07,3.3780934891896865e-07
criminal,black→latino,xpos_reversals,neg,0.926,0.7641069543925143,250,19.16138242482018,6.67975924567587e-51,1.0832042020014926e-50
criminal,black→latino,xpos_reversals,pos,0.904,0.6933302440462532,250,20.615709680490344,9.13254016963475e-56,2.739762050890425e-55
criminal,black→middle_eastern,d_approach_retreat,neg,0.184,4.402005749482149,250,0.6609022370534517,0.5092860176548641,0.7860378395091643
criminal,black→middle_eastern,d_approach_retreat,pos,-0.798,3.977622647727012,250,-3.172117865751298,0.0017032996224757293,0.10219797734854376
criminal,black→middle_eastern,d_latency,neg,-0.038,1.7759990683452096,250,-0.3383069091313314,0.7354169933684487,0.8955239627001959
criminal,black→middle_eastern,d_latency,pos,0.072,2.175256989849142,250,0.523349637754557,0.601196393836501,0.8558906671620435
criminal,black→middle_eastern,d_peak_speed,neg,-0.00024819473922252654,0.005154341648635256,250,-0.7613588045939137,0.44716324474234903,0.8017946975490888
criminal,black→middle_eastern,d_peak_speed,pos,0.00024241502583026886,0.0037064974656705225,250,1.0341078440930773,0.3020890431089878,0.7344599369511248
criminal,black→middle_eastern,d_time_to_half,neg,-0.178,5.210943458425512,250,-0.5400993390168615,0.589611245001625,0.8613962750532319
criminal,black→middle_eastern,d_time_to_half,pos,0.004,4.429272833245352,250,0.01427899241804602,0.9886188336819788,0.9886188336819788
criminal,black→middle_eastern,pull_AUC,neg,-0.09030935838940775,13.214761062931096,250,-0.10805464630762693,0.9140393624695131,0.9621466973363296
criminal,black→middle_eastern,pull_AUC,pos,0.804417010894604,13.164085957567035,250,0.9661855563732467,0.3348887980433941,0.608014630077901
criminal,black→middle_eastern,pull_MAD,neg,0.6238189869746568,27.485236459425845,250,0.35886335731747143,0.7200014102099348,0.8971358375698534
criminal,black→middle_eastern,pull_MAD,pos,-0.6292501445207744,32.89630672173867,250,-0.30244484456986465,0.7625654619343754,0.8971358375698534
criminal,black→middle_eastern,pull_early,neg,-0.5632642447948456,20.170787291304062,250,-0.4415291065149091,0.659213171298522,0.9084102999518718
criminal,black→middle_eastern,pull_early,pos,-0.7734159674495461,16.655872443574168,250,-0.7342023193827911,0.4635162405769767,0.9084102999518718
criminal,black→middle_eastern,pull_final,neg,-2.451422900533847,33.0386592720992,210,-1.0752401458939502,0.28350693779798747,0.5865660782027327
criminal,black→middle_eastern,pull_final,pos,0.6834306593707485,36.31470679679882,222,0.2804067106991417,0.7794277973081976,0.9312332626514452
criminal,black→middle_eastern,pull_release,neg,-3.3431171387201175,26.911508150757793,250,-1.9641902980459627,0.05062036360553204,0.17866010684305428
criminal,black→middle_eastern,pull_release,pos,1.822669783141464,25.952751998201656,250,1.1104386805475555,0.2678812063061483,0.5740311563703179
criminal,black→middle_eastern,pull_tcp,neg,1.0286643910221756,23.924893406981635,250,0.679819627240405,0.49725019831477646,0.7650003050996561
criminal,black→middle_eastern,pull_tcp,pos,0.013621706515550613,24.69931639760117,250,0.00872000210736183,0.9930495153588996,0.9930495153588996
criminal,black→middle_eastern,q_exploded,neg,0.02,0.09817613873476319,250,3.221024681681281,0.001447437527999285,0.012406607382851013
criminal,black→middle_eastern,q_exploded,pos,0.004,0.04463146727910637,250,1.4170619309433985,0.15771479274702113,0.1603879248274791
criminal,black→middle_eastern,q_jerk_in_grasp,neg,0.0,0.0,250,nan,nan,nan
criminal,black→middle_eastern,q_jerk_in_grasp,pos,0.0,0.0,250,nan,nan,nan
criminal,black→middle_eastern,q_tile_drift,neg,0.00071596759557724,0.002544972578129071,250,4.4481586016985935,1.306259159773579e-05,1.5072221074310528e-05
criminal,black→middle_eastern,q_tile_drift,pos,0.000318051278591156,0.0009517099589134509,250,5.283996682272121,2.7602050712156637e-07,4.626433279288726e-07
criminal,black→middle_eastern,xpos_reversals,neg,1.036,0.7327014437153034,250,22.356443296482723,1.8106716207659066e-61,1.8106716207659065e-60
criminal,black→middle_eastern,xpos_reversals,pos,0.97,0.7749206462807198,250,19.791764131498827,5.08497828783445e-53,1.01699565756689e-52
criminal,latino→middle_eastern,d_approach_retreat,neg,-0.038,4.538274976137536,250,-0.13239232056038894,0.89478090923271,0.9451602126697016
criminal,latino→middle_eastern,d_approach_retreat,pos,0.054,5.070198383356054,250,0.16839872992904614,0.8664063116041913,0.9451602126697016
criminal,latino→middle_eastern,d_latency,neg,-0.094,3.051789257252658,250,-0.48701609940692225,0.626675358908841,0.8558906671620435
criminal,latino→middle_eastern,d_latency,pos,-0.03,2.458919506726938,250,-0.19290653790316703,0.8471894144228052,0.924215052485327
criminal,latino→middle_eastern,d_peak_speed,neg,-0.00020052039623260498,0.0036511359597785355,250,-0.8683614858496541,0.38603263451714664,0.7926598932280575
criminal,latino→middle_eastern,d_peak_speed,pos,0.00041874051094055177,0.003515605598932803,250,1.8832797449702061,0.06082799528644869,0.6642503751343115
criminal,latino→middle_eastern,d_time_to_half,neg,0.044,7.0260604967803735,250,0.09901723527086649,0.9212042527141773,0.9886188336819788
criminal,latino→middle_eastern,d_time_to_half,pos,-0.354,6.609267255499544,250,-0.8468762484737771,0.3978773048355282,0.7747121027046563
criminal,latino→middle_eastern,pull_AUC,neg,-0.6391881155483893,15.623644537538897,250,-0.6468690111283721,0.5183125661009108,0.7600460039659117
criminal,latino→middle_eastern,pull_AUC,pos,-0.9109339629694703,14.80968929953515,250,-0.9725477904109114,0.33172191063193923,0.608014630077901
criminal,latino→middle_eastern,pull_MAD,neg,-0.3212116779293865,33.618177543311916,250,-0.15107310799234228,0.8800403635486109,0.9344790575107309
criminal,latino→middle_eastern,pull_MAD,pos,-0.3045691752992569,34.08353136985829,250,-0.1412899808669021,0.8877551046351944,0.9344790575107309
criminal,latino→middle_eastern,pull_early,neg,-0.2899986945092677,19.706024452822557,250,-0.23268427259900681,0.816197727326597,0.9084102999518718
criminal,latino→middle_eastern,pull_early,pos,1.0634783342480665,17.151762867143738,250,0.9803697160797386,0.3278552202187245,0.9084102999518718
criminal,latino→middle_eastern,pull_final,neg,3.731919047764477,41.86327598742494,218,1.3162162567475302,0.18949008658176864,0.568470259745306
criminal,latino→middle_eastern,pull_final,pos,4.238368752732069,34.433031904478526,204,1.7580796942526398,0.08024101136520344,0.4101900801400807
criminal,latino→middle_eastern,pull_release,neg,0.15500543324742466,28.75375231748162,250,0.08523586997461888,0.932142367673232,0.9540494798055978
criminal,latino→middle_eastern,pull_release,pos,0.8158977422863245,24.614770492923526,250,0.5240949136933066,0.6006787219320282,0.8009049625760377
criminal,latino→middle_eastern,pull_tcp,neg,1.7327573648653924,26.984193987528958,250,1.0153091672737107,0.31094400566985625,0.6514854546039544
criminal,latino→middle_eastern,pull_tcp,pos,0.5801698290742934,24.082634880258727,250,0.3809089202048382,0.7035956134745428,0.8859930746373267
criminal,latino→middle_eastern,q_exploded,neg,0.014,0.08265183180792075,250,2.678215731820878,0.007894212526393,0.0197355313159825
criminal,latino→middle_eastern,q_exploded,pos,0.018,0.093331899013649,250,3.0493860343882333,0.0025406657820912625,0.016937771880608417
criminal,latino→middle_eastern,q_jerk_in_grasp,neg,0.0,0.0,250,nan,nan,nan
criminal,latino→middle_eastern,q_jerk_in_grasp,pos,0.0,0.0,250,nan,nan,nan
criminal,latino→middle_eastern,q_tile_drift,neg,0.0005052672326564789,0.0016318106985036614,250,4.8957740126040035,1.7619920124631649e-06,2.2493515052721256e-06
criminal,latino→middle_eastern,q_tile_drift,pos,0.0006336332857608796,0.002167720558195931,250,4.621731285254546,6.112594846316965e-06,7.191288054490547e-06
criminal,latino→middle_eastern,xpos_reversals,neg,0.806,0.731782771112019,250,17.41497541833731,5.754429478813062e-45,6.639726321707378e-45
criminal,latino→middle_eastern,xpos_reversals,pos,0.954,0.8009056119149042,250,18.833760451419888,8.537178322237968e-50,1.2805767483356953e-49
education,asian→black,d_approach_retreat,neg,-0.158,4.374078904759291,250,-0.5711372396174222,0.568421735021145,0.7902564101556361
education,asian→black,d_approach_retreat,pos,-0.23,4.027528266287273,250,-0.9029407290904026,0.36743000901785816,0.7860378395091643
education,asian→black,d_latency,neg,0.048,2.343001198991135,250,0.3239207213240878,0.7462699689168298,0.8955239627001959
education,asian→black,d_latency,pos,0.188,2.4635201900750943,250,1.206623356501765,0.22872233740922562,0.7978866486945464
education,asian→black,d_peak_speed,neg,9.343075752258301e-05,0.004683112529586682,250,0.3154461860778187,0.7526871202983846,0.8889752467244206
education,asian→black,d_peak_speed,pos,0.0002015478014945984,0.003049388075953867,250,1.0450459145365627,0.2970152013281269,0.7344599369511248
education,asian→black,d_time_to_half,neg,0.186,7.5268197842287305,250,0.39072520775890307,0.6963344488557847,0.9337032290510423
education,asian→black,d_time_to_half,pos,0.818,6.269537815315471,250,2.0629456287022765,0.04015477878199423,0.4297994924711175
education,asian→black,pull_AUC,neg,-1.353299403155211,15.677690708579657,250,-1.3648401890512334,0.17353529569009069,0.47327807915479275
education,asian→black,pull_AUC,pos,-0.5965124542263919,14.516455170077435,250,-0.6497240496772979,0.5164694097704307,0.7600460039659117
education,asian→black,pull_MAD,neg,-2.6438549710437655,34.489222737263184,250,-1.2120602971176517,0.22663815035398704,0.6383460225018986
education,asian→black,pull_MAD,pos,-1.5307422181591395,30.57833804492395,250,-0.7915132458882589,0.42939787984649835,0.7372804185767257
education,asian→black,pull_early,neg,-0.32887831451371347,17.340259358433023,250,-0.29988148545043664,0.7645177449722127,0.9084102999518718
education,asian→black,pull_early,pos,-0.31071382761001576,17.48839679757237,250,-0.280918659134311,0.7790060700339416,0.9084102999518718
education,asian→black,pull_final,neg,-1.2727397202979773,35.00381646769944,220,-0.5393063580281519,0.5902233437924234,0.8431762054177476
education,asian→black,pull_final,pos,0.5551965383610507,36.76700729613247,221,0.2244835931592624,0.8225893820087766,0.9312332626514452
education,asian→black,pull_release,neg,-2.857550461005303,28.340343872285437,250,-1.5942587052512371,0.11214660163654418,0.2924061139554887
education,asian→black,pull_release,pos,-1.7972357640974224,27.60676851442853,250,-1.0293415007791566,0.30431805344649665,0.6086361068929933
education,asian→black,pull_tcp,neg,-3.2413282501511276,28.764705576535878,250,-1.7816938691503157,0.07601787798014292,0.38008938990071456
education,asian→black,pull_tcp,pos,-0.4052188277710229,27.26394322131252,250,-0.2350016716470837,0.8144005777874739,0.8981876062860515
education,asian→black,q_exploded,neg,0.016,0.08817652976618225,250,2.8690425160108184,0.0044705263301208255,0.017882105320483337
education,asian→black,q_exploded,pos,0.014,0.08265183180792074,250,2.678215731820878,0.007894212526393,0.0197355313159825
education,asian→black,q_jerk_in_grasp,neg,0.0,0.0,250,nan,nan,nan
education,asian→black,q_jerk_in_grasp,pos,0.0,0.0,250,nan,nan,nan
education,asian→black,q_tile_drift,neg,0.00044721421599388123,0.0026943490949289384,250,2.6244103394190383,0.009216446142155867,0.009534254629816415
education,asian→black,q_tile_drift,pos,0.0004424649178981781,0.0011191446439726958,250,6.251188945116291,1.7568024926223088e-09,7.529153539809895e-09
education,asian→black,xpos_reversals,neg,0.826,0.6591371992154275,250,19.814094473868263,4.280726881714711e-53,9.172986175102953e-53
education,asian→black,xpos_reversals,pos,0.848,0.716203735793565,250,18.721009971077,2.055656055756826e-49,2.868357287102548e-49
education,asian→latino,d_approach_retreat,neg,-0.26,4.52418756158158,250,-0.9086628045946377,0.3644067749628692,0.7860378395091643
education,asian→latino,d_approach_retreat,pos,0.34,4.570553559401469,250,1.1761971394533306,0.24063938152747094,0.740835803470652
education,asian→latino,d_latency,neg,0.126,2.7322122786750977,250,0.7291654976648271,0.46658573305225104,0.8483376964586382
education,asian→latino,d_latency,pos,-0.09,2.3999874497663827,250,-0.5929301618699254,0.5537660172154415,0.8558906671620435
education,asian→latino,d_peak_speed,neg,7.206985354423523e-05,0.004124040755794166,250,0.27631260374226635,0.7825371808670637,0.8889752467244206
education,asian→latino,d_peak_speed,pos,6.027685850858688e-05,0.003347291189048785,250,0.2847259953219094,0.7760907329450231,0.8889752467244206
education,asian→latino,d_time_to_half,neg,0.024,7.357305469742329,250,0.05157775775123493,0.9589064947971822,0.9886188336819788
education,asian→latino,d_time_to_half,pos,0.18,5.464893433632888,250,0.5207878120067161,0.6029773925372623,0.8613962750532319
education,asian→latino,pull_AUC,neg,0.4102507885684491,14.118231008418979,250,0.45945094076688725,0.64631123921099,0.8667300991274373
education,asian→latino,pull_AUC,pos,0.21968289979249217,11.839428667438664,250,0.2933833826987774,0.7694734973050225,0.9496685307809049
education,asian→latino,pull_MAD,neg,1.7559345782035962,31.441425236362605,250,0.8830313269241615,0.3780710663666492,0.7088832494374673
education,asian→latino,pull_MAD,pos,-0.12080285515636223,25.683693740703397,250,-0.07436861963902601,0.9407767872291687,0.97321736609914
education,asian→latino,pull_early,neg,0.406174121052027,17.009343969635104,250,0.37756757445622596,0.7060734829294799,0.9084102999518718
education,asian→latino,pull_early,pos,0.29453165456652625,20.785671193252295,250,0.22404637858182702,0.8229049378347271,0.9084102999518718
education,asian→latino,pull_final,neg,-2.148541806465281,41.26430674242302,210,-0.7545341538578961,0.45137788158233316,0.7127019182878944
education,asian→latino,pull_final,pos,-0.5997148874236948,36.32799052748344,220,-0.24485828014272235,0.8067954421069157,0.9312332626514452
education,asian→latino,pull_release,neg,-0.5743224284378812,28.177314422343926,250,-0.32227467777102775,0.7475150297520934,0.916335323379797
education,asian→latino,pull_release,pos,-0.22883326513692737,27.411488010796056,250,-0.13199471731722273,0.8950950643641515,0.9540494798055978
education,asian→latino,pull_tcp,neg,-3.2895946616772562,28.31657187804409,250,-1.8368416477873597,0.06742515270174594,0.3677735601913415
education,asian→latino,pull_tcp,pos,-0.8493003114126623,27.117118287866372,250,-0.49520811412251786,0.6208899380317238,0.858985750338375
education,asian→latino,q_exploded,neg,0.012,0.0766780155734951,250,2.4744597025759245,0.014010888417100414,0.025474342576546252
education,asian→latino,q_exploded,pos,0.014,0.08265183180792075,250,2.678215731820878,0.007894212526393,0.0197355313159825
education,asian→latino,q_jerk_in_grasp,neg,0.0,0.0,250,nan,nan,nan
education,asian→latino,q_jerk_in_grasp,pos,0.0,0.0,250,nan,nan,nan
education,asian→latino,q_tile_drift,neg,0.0003710343241691589,0.0009682336055370238,250,6.0590416804683915,5.0309812096046856e-09,1.8866179536017572e-08
education,asian→latino,q_tile_drift,pos,0.0006184078752994538,0.0018819671551570456,250,5.195567317880388,4.249463595494327e-07,6.07066227927761e-07
education,asian→latino,xpos_reversals,neg,0.736,0.635546755726799,250,18.31050459239868,5.07855506479109e-48,6.483261784839689e-48
education,asian→latino,xpos_reversals,pos,0.804,0.7166858127637713,250,17.737697562135274,4.54034442642859e-46,5.341581678151282e-46
education,asian→middle_eastern,d_approach_retreat,neg,0.212,4.8488246412513645,250,0.6913045052735518,0.4900182106883245,0.7860378395091643
education,asian→middle_eastern,d_approach_retreat,pos,0.37,4.77654283407813,250,1.224779903484439,0.2218155628808537,0.740835803470652
education,asian→middle_eastern,d_latency,neg,-0.048,1.9418494062274405,250,-0.39083702165909295,0.6962518989994819,0.8755494738878115
education,asian→middle_eastern,d_latency,pos,0.336,1.927163677365633,250,2.756707451203655,0.006270777972466091,0.3574136364628546
education,asian→middle_eastern,d_peak_speed,neg,0.0003187462016940117,0.004329352496038162,250,1.164104786804605,0.24549573127940544,0.7344599369511248
education,asian→middle_eastern,d_peak_speed,pos,0.0004913889169692994,0.0031531661513107614,250,2.4640442653813137,0.014414438064420295,0.6642503751343115
education,asian→middle_eastern,d_time_to_half,neg,0.04,6.127526935508445,250,0.10321546338191599,0.9178750469095315,0.9886188336819788
education,asian→middle_eastern,d_time_to_half,pos,0.384,4.363105632809296,250,1.39157142148171,0.16529412027964654,0.6918515309496112
education,asian→middle_eastern,pull_AUC,neg,0.12769994186134986,15.23787394465013,250,0.13250623900020048,0.8946909028071064,0.9621466973363296
education,asian→middle_eastern,pull_AUC,pos,1.2708612974343647,13.808170250620385,250,1.4552312931790266,0.14686477180888102,0.44059431542664307
education,asian→middle_eastern,pull_MAD,neg,1.6387201552838089,33.441811807544035,250,0.7747917738644524,0.43919782610842995,0.7372804185767257
education,asian→middle_eastern,pull_MAD,pos,3.7890109764784574,29.270236787417417,250,2.0467727767411397,0.04173038965522122,0.28066450269305965
education,asian→middle_eastern,pull_early,neg,2.0866289287805557,17.620985407632187,250,1.872341385540736,0.06233141577522933,0.6761648179183996
education,asian→middle_eastern,pull_early,pos,0.3715712383389473,20.080194589305705,250,0.29257969113161386,0.7700870929493324,0.9084102999518718
education,asian→middle_eastern,pull_final,neg,-0.9992685347342641,42.4738200675889,218,-0.34736746262831825,0.7286519457955598,0.9301939733560337
education,asian→middle_eastern,pull_final,pos,3.119163549221728,40.815945857660346,207,1.0994954957966294,0.27283526414604103,0.5846469945986594
education,asian→middle_eastern,pull_release,neg,-0.6158447561319917,30.317095382206954,250,-0.32118382217958263,0.7483405140935009,0.916335323379797
education,asian→middle_eastern,pull_release,pos,2.1170211699791253,26.66892924116881,250,1.2551326473194224,0.21060728602071152,0.4680161911571367
education,asian→middle_eastern,pull_tcp,neg,0.5916020683944225,29.91123712480626,250,0.31272695221314845,0.7547498723877936,0.8879410263385806
education,asian→middle_eastern,pull_tcp,pos,-1.3572515798732638,27.366152886632207,250,-0.784181534036159,0.43367894740258706,0.7434496241187206
education,asian→middle_eastern,q_exploded,neg,0.01,0.07014042140491769,250,2.2542476911513574,0.025050382500227265,0.037575573750340895
education,asian→middle_eastern,q_exploded,pos,0.012,0.0766780155734951,250,2.4744597025759245,0.014010888417100414,0.025474342576546252
education,asian→middle_eastern,q_jerk_in_grasp,neg,0.0,0.0,250,nan,nan,nan
education,asian→middle_eastern,q_jerk_in_grasp,pos,0.0,0.0,250,nan,nan,nan
education,asian→middle_eastern,q_tile_drift,neg,0.0005099912881851197,0.0030372961114474364,250,2.654884473446586,0.008445017005315573,0.008889491584542709
education,asian→middle_eastern,q_tile_drift,pos,0.00043176665902137755,0.002308019621674371,250,2.9578735973620645,0.0033957324533570423,0.0036382847714539735
education,asian→middle_eastern,xpos_reversals,neg,0.898,0.7367272685825416,250,19.272568424776903,2.81877796285889e-51,4.8321907934723823e-51
education,asian→middle_eastern,xpos_reversals,pos,0.776,0.6779842554236858,250,18.097230464128955,2.6994776340652593e-47,3.3743470425815744e-47
education,black→latino,d_approach_retreat,neg,0.422,4.433683139866781,250,1.5049352090496404,0.13360813528162124,0.740835803470652
education,black→latino,d_approach_retreat,pos,0.076,3.7724194616157822,250,0.31853973904304195,0.7503425769187302,0.9379282211484128
education,black→latino,d_latency,neg,-0.038,2.773142129259931,250,-0.21666136369012448,0.82864966464647,0.924215052485327
education,black→latino,d_latency,pos,0.136,2.2251537557993135,250,0.9663821222736384,0.33479066227888954,0.8352814474201345
education,black→latino,d_peak_speed,neg,-0.0002445429265499115,0.0037696554978256377,250,-1.025707301405969,0.30602497372963533,0.7344599369511248
education,black→latino,d_peak_speed,pos,-9.443312883377075e-06,0.003123637849128214,250,-0.04780063952903176,0.9619134437342398,0.9836870643681322
education,black→latino,d_time_to_half,neg,0.436,6.232920760351384,250,1.1060248580439882,0.269783207234895,0.76117323549182
education,black→latino,d_time_to_half,pos,0.752,6.208597485014123,250,1.9151127176359473,0.056623773196087704,0.4853466273950375
education,black→latino,pull_AUC,neg,-0.44076264168575857,15.300482310746848,250,-0.45548036556360016,0.6491606196116675,0.8667300991274373
education,black→latino,pull_AUC,pos,-0.8701919758972831,13.874770991938666,250,-0.9916519152051472,0.32233001634804304,0.608014630077901
education,black→latino,pull_MAD,neg,-1.4939630105672403,34.0753660822517,250,-0.6932171824700316,0.4888193581749689,0.7533905397842705
education,black→latino,pull_MAD,pos,-2.452431566780433,30.47753699466465,250,-1.272292698402618,0.20445598016659314,0.6133679404997794
education,black→latino,pull_early,neg,0.8483104839920996,16.247855953415606,250,0.825522241244055,0.40986537163686,0.9084102999518718
education,black→latino,pull_early,pos,-0.7080740563571456,18.05105956228449,250,-0.620220315166815,0.5356799515088142,0.9084102999518718
education,black→latino,pull_final,neg,0.22994033576836764,40.58177329311397,211,0.0823048387636143,0.9344827012552089,0.965507746077258
education,black→latino,pull_final,pos,1.0697158297382614,36.576898927489296,211,0.42481786110127595,0.6714043951494959,0.9155514479311307
education,black→latino,pull_release,neg,-1.6836979119107127,29.368467540047813,250,-0.9064688659779363,0.3655640794014896,0.6389566763145678
education,black→latino,pull_release,pos,-0.8248118150513619,28.037134506716082,250,-0.4651481013430705,0.6422319289816639,0.837693820410866
education,black→latino,pull_tcp,neg,0.6105174510739744,26.23609512134797,250,0.3679331256699183,0.713235670271491,0.8859930746373267
education,black→latino,pull_tcp,pos,2.123245539376512,28.066563741237736,250,1.1961371541820254,0.23278079660377313,0.6199627580642914
education,black→latino,q_exploded,neg,0.012,0.0766780155734951,250,2.4744597025759245,0.014010888417100414,0.025474342576546252
education,black→latino,q_exploded,pos,0.012,0.0766780155734951,250,2.4744597025759245,0.014010888417100414,0.025474342576546252
education,black→latino,q_jerk_in_grasp,neg,0.0,0.0,250,nan,nan,nan
education,black→latino,q_jerk_in_grasp,pos,0.0,0.0,250,nan,nan,nan
education,black→latino,q_tile_drift,neg,0.0003867194652557373,0.0011102345079232296,250,5.507459536715471,9.059023014074942e-08,2.013116225349987e-07
education,black→latino,q_tile_drift,pos,0.00033621466159820557,0.0010083838355106794,250,5.271822474497693,2.9300744102161933e-07,4.626433279288726e-07
education,black→latino,xpos_reversals,neg,0.808,0.664002709628187,250,19.240285561837606,3.6208482202203946e-51,6.034747033700658e-51
education,black→latino,xpos_reversals,pos,0.976,0.7207648770799868,250,21.41047028282031,2.1855865085608557e-58,1.008732234720395e-57
education,black→middle_eastern,d_approach_retreat,neg,-0.17,3.659462619930236,250,-0.7345165917268928,0.4633250955352033,0.7860378395091643
education,black→middle_eastern,d_approach_retreat,pos,-0.432,4.231904068878779,250,-1.6140535406260779,0.10778231313365874,0.7185487542243916
education,black→middle_eastern,d_latency,neg,0.066,2.195432461903376,250,0.47532850404828053,0.6349695384800003,0.8558906671620435
education,black→middle_eastern,d_latency,pos,0.088,1.301164137397661,250,1.0693517677615236,0.28594672162312545,0.7978866486945464
education,black→middle_eastern,d_peak_speed,neg,0.0002983926832675934,0.003323496591417741,250,1.4195900165678932,0.15697777184615283,0.7087850456824297
education,black→middle_eastern,d_peak_speed,pos,0.00031573160737752916,0.0033359554387082965,250,1.4964693428363258,0.13579781861329693,0.7087850456824297
education,black→middle_eastern,d_time_to_half,neg,-0.276,5.6044144963938525,250,-0.778661744922745,0.436918330832725,0.7747121027046563
education,black→middle_eastern,d_time_to_half,pos,-0.378,4.789349378556499,250,-1.2479158034446016,0.2132341341805169,0.752591061813589
education,black→middle_eastern,pull_AUC,neg,1.7538151606847558,14.899391394097082,250,1.8611667939991436,0.06389910919136602,0.3194955459568301
education,black→middle_eastern,pull_AUC,pos,2.496984851061867,14.043099154369587,250,2.8114020009019436,0.005325183405771636,0.05325183405771636
education,black→middle_eastern,pull_MAD,neg,2.479200696768239,35.525758432314085,250,1.1034135968414573,0.27091282759550034,0.6383460225018986
education,black→middle_eastern,pull_MAD,pos,3.5294720282778145,29.201518968453037,250,1.9110599279561002,0.05714513285353083,0.34287079712118496
education,black→middle_eastern,pull_early,neg,-0.9893088342621918,11.317826096469789,250,-1.3820981162497146,0.16818014021758307,0.9084102999518718
education,black→middle_eastern,pull_early,pos,-0.888465692475438,16.721361392857236,250,-0.8401155698785554,0.40164953099705913,0.9084102999518718
education,black→middle_eastern,pull_final,neg,5.405180722859057,43.920144175965476,211,1.78767139019465,0.07527099853164448,0.4101900801400807
education,black→middle_eastern,pull_final,pos,3.6029245486004955,38.19221273850411,226,1.4181904813653416,0.15751868286323814,0.568470259745306
education,black→middle_eastern,pull_release,neg,2.9574452214874327,30.121891004957813,250,1.5524030270115061,0.12183588081478697,0.2924061139554887
education,black→middle_eastern,pull_release,pos,4.072576463222504,27.9777270912057,250,2.3015839576589903,0.02218482700187209,0.131954873763526
education,black→middle_eastern,pull_tcp,neg,1.7272626103949733,26.79359471279162,250,1.019289129481471,0.30905504503248576,0.6514854546039544
education,black→middle_eastern,pull_tcp,pos,1.0592512213625014,27.175609987541716,250,0.6162964649839154,0.538261877065682,0.8073928155985228
education,black→middle_eastern,q_exploded,neg,0.004,0.04463146727910638,250,1.4170619309433985,0.15771479274702113,0.1603879248274791
education,black→middle_eastern,q_exploded,pos,0.01,0.07014042140491769,250,2.2542476911513574,0.025050382500227265,0.037575573750340895
education,black→middle_eastern,q_jerk_in_grasp,neg,0.0,0.0,250,nan,nan,nan
education,black→middle_eastern,q_jerk_in_grasp,pos,0.0,0.0,250,nan,nan,nan
education,black→middle_eastern,q_tile_drift,neg,0.0002867898643016815,0.0008631168516917034,250,5.25368714135515,3.202095572780908e-07,4.926300881201397e-07
education,black→middle_eastern,q_tile_drift,pos,0.0008514944314956665,0.0054837920036262325,250,2.455109362915261,0.014768807177647513,0.015019125943370354
education,black→middle_eastern,xpos_reversals,neg,0.848,0.6728349183189268,250,19.927707248924985,1.7839923710216836e-53,4.0827002265868794e-53
education,black→middle_eastern,xpos_reversals,pos,0.956,0.7377268897467556,250,20.489543523069507,2.3944792255953507e-55,6.841369215986716e-55
education,latino→middle_eastern,d_approach_retreat,neg,0.702,3.7795948657756417,250,2.9367154368046724,0.003627734276314042,0.10883202828942126
education,latino→middle_eastern,d_approach_retreat,pos,-0.252,4.20012621726584,250,-0.9486547893329577,0.3437160054076751,0.7860378395091643
education,latino→middle_eastern,d_latency,neg,-0.236,2.4869749047199545,250,-1.5004122606612593,0.1347745448442496,0.7978866486945464
education,latino→middle_eastern,d_latency,pos,-0.054,1.9655885003251423,250,-0.4343813408066982,0.6643877206787575,0.8665926791462055
education,latino→middle_eastern,d_peak_speed,neg,0.0001197703778743744,0.0036919251179535293,250,0.5129399679048781,0.6084480725266125,0.8017946975490888
education,latino→middle_eastern,d_peak_speed,pos,0.0002695097029209137,0.0033371801067994616,250,1.2769231588803733,0.20281886497306575,0.7344599369511248
education,latino→middle_eastern,d_time_to_half,neg,-0.326,6.212495828382558,250,-0.8297007721961644,0.40750270617412254,0.7747121027046563
education,latino→middle_eastern,d_time_to_half,pos,-0.39,3.8504811152993734,250,-1.6014729725142154,0.1105400649515389,0.6004727759446166
education,latino→middle_eastern,pull_AUC,neg,-0.5477900490595496,15.297875285522576,250,-0.5661780483473133,0.5717826620605742,0.8168323743722488
education,latino→middle_eastern,pull_AUC,pos,1.5538430441901905,14.293556519247696,250,1.7188455299539704,0.08688536583205723,0.3636330955808143
education,latino→middle_eastern,pull_MAD,neg,0.07096340922405937,36.494037909880696,250,0.030745570582348756,0.9754970773842094,0.9754970773842094
education,latino→middle_eastern,pull_MAD,pos,2.091093594636768,30.982491731187384,250,1.0671540909320563,0.28693582202349505,0.6383460225018986
education,latino→middle_eastern,pull_early,neg,1.9020759008824826,14.59632680429456,250,2.0604129415407466,0.040398117262816814,0.6761648179183996
education,latino→middle_eastern,pull_early,pos,-0.5540989950299265,18.46719513537274,250,-0.474412833313444,0.6356213195903304,0.9084102999518718
education,latino→middle_eastern,pull_final,neg,2.2731897046911382,40.040082989695804,214,0.8305152246677394,0.4071774737641968,0.7127019182878944
education,latino→middle_eastern,pull_final,pos,4.586849789748984,40.749936875265604,220,1.6695480326949468,0.09643757519389722,0.4450965008949102
education,latino→middle_eastern,pull_release,neg,-0.2912318891030736,28.035565132449797,250,-0.1642478210245391,0.8696693042479435,0.9540494798055978
education,latino→middle_eastern,pull_release,pos,3.919141884223791,27.52172009700573,250,2.25156981173925,0.02522171684322146,0.131954873763526
education,latino→middle_eastern,pull_tcp,neg,-0.8700931500643492,28.516722337205202,250,-0.48243204428936565,0.629922883581475,0.858985750338375
education,latino→middle_eastern,pull_tcp,pos,2.0833484549075365,26.719480488972046,250,1.232832030551555,0.2188011131445736,0.6199627580642914
education,latino→middle_eastern,q_exploded,neg,0.016,0.08817652976618226,250,2.8690425160108184,0.0044705263301208255,0.017882105320483337
education,latino→middle_eastern,q_exploded,pos,0.006,0.054551843364434825,250,1.7390490211537188,0.08326201990151932,0.09425889045455019
education,latino→middle_eastern,q_jerk_in_grasp,neg,0.0,0.0,250,nan,nan,nan
education,latino→middle_eastern,q_jerk_in_grasp,pos,0.0,0.0,250,nan,nan,nan
education,latino→middle_eastern,q_tile_drift,neg,0.00035436934232711793,0.0012023239486882533,250,4.660201004530462,5.150174213590564e-06,6.180209056308677e-06
education,latino→middle_eastern,q_tile_drift,pos,0.0004972504675388336,0.0013845218381468556,250,5.678653819975163,3.7721479525646434e-08,9.053155086155144e-08
education,latino→middle_eastern,xpos_reversals,neg,0.84,0.6147451883393195,250,21.60499410916283,5.039687113085953e-59,3.0238122678515715e-58
education,latino→middle_eastern,xpos_reversals,pos,0.826,0.8181696684830737,250,15.962711940555879,5.553359220043386e-40,5.744854365562124e-40
janitor,asian→black,d_approach_retreat,neg,-0.382,4.486601651306927,250,-1.3462194329559423,0.1794560287103021,0.740835803470652
janitor,asian→black,d_approach_retreat,pos,-0.08,4.670423043539256,250,-0.2708343660253953,0.786742798116816,0.9451602126697016
janitor,asian→black,d_latency,neg,0.192,2.5382883269089205,250,1.1959975238347202,0.23283518208114962,0.7978866486945464
janitor,asian→black,d_latency,pos,-0.256,3.5638839874924693,250,-1.1357595867938108,0.2571491843274886,0.7978866486945464
janitor,asian→black,d_peak_speed,neg,-0.00025053057074546814,0.003627455285685651,250,-1.0920151520322317,0.2758819021143352,0.7344599369511248
janitor,asian→black,d_peak_speed,pos,-0.00015683060511946677,0.0043788134856817965,250,-0.5662971494694282,0.5717018339558435,0.8017946975490888
janitor,asian→black,d_time_to_half,neg,-0.462,9.140775190558914,250,-0.7991511926180848,0.42496438412929616,0.7747121027046563
janitor,asian→black,d_time_to_half,pos,-0.584,9.761356479572147,250,-0.9459597943191188,0.3450861458724528,0.7747121027046563
janitor,asian→black,pull_AUC,neg,1.047387955070951,12.950366158028656,250,1.2787791061015428,0.20216539233592898,0.49517413846820857
janitor,asian→black,pull_AUC,pos,-0.13854378518583219,17.918460205094203,250,-0.12225211090509008,0.9027979655903928,0.9621466973363296
janitor,asian→black,pull_MAD,neg,-0.4775182082876563,30.685403369201655,250,-0.24605268247952863,0.8058441544564517,0.9082370842386687
janitor,asian→black,pull_MAD,pos,-0.5242928018420931,35.86833471275951,250,-0.23111742264166904,0.8174133758148018,0.9082370842386687
janitor,asian→black,pull_early,neg,-1.3017708439379936,20.89276800682034,250,-0.9851640666042488,0.32549978392966805,0.9084102999518718
janitor,asian→black,pull_early,pos,-2.1428314313292502,23.321853525626757,250,-1.4527635973172537,0.14754840784461729,0.9084102999518718
janitor,asian→black,pull_final,neg,0.6571769137707554,48.620807834672966,193,0.18777543756089077,0.8512509893268886,0.9458344325854318
janitor,asian→black,pull_final,pos,-3.31032814418261,40.60440214559952,205,-1.1672794949468521,0.24446009034474292,0.5846469945986594
janitor,asian→black,pull_release,neg,-1.4769644858315587,25.48818924014671,250,-0.9162227560384222,0.3604365669773918,0.6389566763145678
janitor,asian→black,pull_release,pos,1.5115654363762587,34.76516802730473,250,0.6874682164028495,0.4924275584357982,0.7575808591319972
janitor,asian→black,pull_tcp,neg,-0.6798269979190081,32.1401258079988,250,-0.33444202134448214,0.7383275621977723,0.8859930746373267
janitor,asian→black,pull_tcp,pos,0.2591924862936139,35.259562414604666,250,0.11622926561764367,0.9075645281475088,0.9396791858939905
janitor,asian→black,q_exploded,neg,0.01,0.07014042140491769,250,2.2542476911513574,0.025050382500227265,0.037575573750340895
janitor,asian→black,q_exploded,pos,0.008,0.06286340134701322,250,2.012158166696862,0.04528026312539456,0.05780459122390794
janitor,asian→black,q_jerk_in_grasp,neg,0.0,0.0,250,nan,nan,nan
janitor,asian→black,q_jerk_in_grasp,pos,0.0,0.0,250,nan,nan,nan
janitor,asian→black,q_tile_drift,neg,0.0027591568529605867,0.005587901812557683,250,7.807241760592124,1.6226801911355463e-13,2.4340202867033196e-12
janitor,asian→black,q_tile_drift,pos,0.0008044266998767852,0.0019210819708824329,250,6.62080176905426,2.1813706279742947e-10,1.0906853139871473e-09
janitor,asian→black,xpos_reversals,neg,1.328,1.0072109488991516,250,20.84719560134611,1.5642155120252368e-56,5.5207606306773065e-56
janitor,asian→black,xpos_reversals,pos,0.928,0.7423072681317927,250,19.766704400065464,6.169113100051152e-53,1.156708706259591e-52
janitor,asian→latino,d_approach_retreat,neg,0.062,4.980197331617231,250,0.1968408095857239,0.8441126851390546,0.9451602126697016
janitor,asian→latino,d_approach_retreat,pos,0.134,4.4632641539158895,250,0.47470325735794255,0.6354145628541359,0.8472194171388479
janitor,asian→latino,d_latency,neg,-0.01,2.952927211508246,250,-0.053544795277110896,0.957340774133842,0.957340774133842
janitor,asian→latino,d_latency,pos,0.436,3.446944983441932,250,1.9999638324030709,0.046590390837587044,0.6988558625638056
janitor,asian→latino,d_peak_speed,neg,0.000594751376658678,0.0045955389800785736,250,2.0462985951323276,0.04177736946462008,0.6642503751343115
janitor,asian→latino,d_peak_speed,pos,0.00021645591408014299,0.003760041670530314,250,0.910220898443423,0.3635862797494578,0.7843983127036063
janitor,asian→latino,d_time_to_half,neg,-0.304,7.929887544339041,250,-0.6061450451321089,0.5449706126910465,0.8613962750532319
janitor,asian→latino,d_time_to_half,pos,0.668,10.176345514580786,250,1.0378978750111245,0.30032443153533067,0.7747121027046563
janitor,asian→latino,pull_AUC,neg,0.2577458075758126,13.928248667272197,250,0.2925937886269364,0.7700763286637586,0.9496685307809049
janitor,asian→latino,pull_AUC,pos,0.31714153407723067,17.568902475875017,250,0.28541611796783756,0.7755626334710722,0.9496685307809049
janitor,asian→latino,pull_MAD,neg,3.38022331207525,34.09221265169757,250,1.5676900727098568,0.11822339236020275,0.4433377213507603
janitor,asian→latino,pull_MAD,pos,2.0087353524565694,33.56379677069174,250,0.9462843214166186,0.34492097037658853,0.6675889749224295
janitor,asian→latino,pull_early,neg,1.246225633472204,18.1194941772386,250,1.0874783373392516,0.27787699070680416,0.9084102999518718
janitor,asian→latino,pull_early,pos,0.6219781681895249,25.91215911877087,250,0.3795260088830998,0.7046207682517399,0.9084102999518718
janitor,asian→latino,pull_final,neg,0.23193430883730662,50.0606176360801,188,0.06352544520846325,0.9494159503093037,0.965507746077258
janitor,asian→latino,pull_final,pos,1.2089476197344466,43.856386995311176,211,0.40042009255319216,0.6892541776462494,0.9190055701949992
janitor,asian→latino,pull_release,neg,-1.6188700492493808,27.57539237590951,250,-0.9282400267728107,0.35418199362500635,0.6389566763145678
janitor,asian→latino,pull_release,pos,0.4689466059207916,36.43688957809393,250,0.20349423247788082,0.8389149553860276,0.9540494798055978
janitor,asian→latino,pull_tcp,neg,0.46788644324988127,30.338452528802286,250,0.24384678908393084,0.8075502714031825,0.8981876062860515
janitor,asian→latino,pull_tcp,pos,-1.8066758289933205,33.64501339670225,250,-0.8490427014886776,0.3966730577513988,0.7434496241187206
janitor,asian→latino,q_exploded,neg,0.022,0.10275326238970181,250,3.385299255017952,0.0008259681083473675,0.00991161730016841
janitor,asian→latino,q_exploded,pos,0.016,0.08817652976618226,250,2.8690425160108184,0.0044705263301208255,0.017882105320483337
janitor,asian→latino,q_jerk_in_grasp,neg,0.002,0.03162277660168379,250,1.0,0.31828130151580086,nan
janitor,asian→latino,q_jerk_in_grasp,pos,0.0,0.0,250,nan,nan,nan
janitor,asian→latino,q_tile_drift,neg,0.0043696494251489635,0.02927554994746163,250,2.3599974696827646,0.01904713686563236,0.01904713686563236
janitor,asian→latino,q_tile_drift,pos,0.0007192080318927764,0.0016751348218546323,250,6.788514758919984,8.247124484856177e-11,4.948274690913706e-10
janitor,asian→latino,xpos_reversals,neg,1.226,1.0139211727635995,250,19.118608603463706,9.311603769591799e-51,1.4702532267776526e-50
janitor,asian→latino,xpos_reversals,pos,0.954,0.8034089017765582,250,18.775077554714855,1.3486290290386512e-49,1.9266128986266446e-49
janitor,asian→middle_eastern,d_approach_retreat,neg,0.318,4.662922623157952,250,1.0782982875796703,0.2819441364623817,0.740835803470652
janitor,asian→middle_eastern,d_approach_retreat,pos,0.314,4.097506833306808,250,1.2116577539561142,0.22679199179258094,0.740835803470652
janitor,asian→middle_eastern,d_latency,neg,0.238,2.3927509331546504,250,1.5727129654230294,0.11705505400982291,0.7978866486945464
janitor,asian→middle_eastern,d_latency,pos,-0.046,3.3719972511624903,250,-0.21569527127816715,0.82940186740875,0.924215052485327
janitor,asian→middle_eastern,d_peak_speed,neg,-0.00023027968406677247,0.003229036694836722,250,-1.127593721185335,0.2605769142178711,0.7344599369511248
janitor,asian→middle_eastern,d_peak_speed,pos,0.0005329611226916314,0.006056920274699343,250,1.3912772296723555,0.16538317732590024,0.7087850456824297
janitor,asian→middle_eastern,d_time_to_half,neg,0.412,6.6678404589148785,250,0.9769717827062399,0.32953132567541343,0.7747121027046563
janitor,asian→middle_eastern,d_time_to_half,pos,0.472,9.677802199967033,250,0.7711436051072419,0.44135295329909185,0.7747121027046563
janitor,asian→middle_eastern,pull_AUC,neg,-1.5309244930805639,13.58191004791437,250,-1.7822266186399462,0.07593075966348127,0.35044965998529815
janitor,asian→middle_eastern,pull_AUC,pos,-0.14992034975737936,16.38986790368212,250,-0.14462891819155005,0.8851208574384664,0.9621466973363296
janitor,asian→middle_eastern,pull_MAD,neg,-3.715229598414153,34.66957537356624,250,-1.6943656556029105,0.09144612225698728,0.38294740100677954
janitor,asian→middle_eastern,pull_MAD,pos,-1.1347964322566986,32.780510983318386,250,-0.5473589793018028,0.5846223868763893,0.8210657023289957
janitor,asian→middle_eastern,pull_early,neg,0.5729061529040338,18.819766319069103,250,0.481325936248673,0.6307075760005233,0.9084102999518718
janitor,asian→middle_eastern,pull_early,pos,0.837605232000351,24.634507735574108,250,0.5376077211743671,0.5913280362367119,0.9084102999518718
janitor,asian→middle_eastern,pull_final,neg,-4.940994635615696,42.592984813508224,188,-1.5905789534370778,0.1133934897576474,0.485972098961346
janitor,asian→middle_eastern,pull_final,pos,-0.27386912416174974,47.29449015201726,214,-0.08471092256975987,0.9325707785559814,0.965507746077258
janitor,asian→middle_eastern,pull_release,neg,-5.081171323545277,26.83727117650547,250,-2.9936118426977267,0.0030345113913143673,0.026324615683532147
janitor,asian→middle_eastern,pull_release,pos,-1.0859680310823023,32.46089134929434,250,-0.5289645942552434,0.5973012205588764,0.8009049625760377
janitor,asian→middle_eastern,pull_tcp,neg,-1.034680562093854,29.116298416152294,250,-0.561875548216105,0.5747062172274,0.8410334886254635
janitor,asian→middle_eastern,pull_tcp,pos,-3.292845314834267,37.01203421087873,250,-1.4066899320045907,0.16076620219237547,0.5552959136740836
janitor,asian→middle_eastern,q_exploded,neg,0.032,0.12262195797781592,250,4.126213885105937,5.0321589250682754e-05,0.0030192953550409653
janitor,asian→middle_eastern,q_exploded,pos,0.006,0.054551843364434825,250,1.7390490211537188,0.08326201990151932,0.09425889045455019
janitor,asian→middle_eastern,q_jerk_in_grasp,neg,0.0,0.0,250,nan,nan,nan
janitor,asian→middle_eastern,q_jerk_in_grasp,pos,0.0,0.0,250,nan,nan,nan
janitor,asian→middle_eastern,q_tile_drift,neg,0.002399718701839447,0.0044558502789033,250,8.51529603389512,1.5926115519830766e-15,4.7778346559492296e-14
janitor,asian→middle_eastern,q_tile_drift,pos,0.0006656412780284882,0.0018328929629090993,250,5.742131662327218,2.7125757635385175e-08,7.542793660284317e-08
janitor,asian→middle_eastern,xpos_reversals,neg,1.446,1.0736362415252505,250,21.29517111916501,5.224620860712485e-58,1.959232822767182e-57
janitor,asian→middle_eastern,xpos_reversals,pos,1.012,0.8665214583326856,250,18.465930423974164,1.5059382336935558e-48,1.9642672613394206e-48
janitor,black→latino,d_approach_retreat,neg,0.004,4.9594727015996005,250,0.012752475315161774,0.9898354841554051,0.9937250857860496
janitor,black→latino,d_approach_retreat,pos,-0.072,5.1207131154991465,250,-0.2223166836304298,0.8242496057267511,0.9451602126697016
janitor,black→latino,d_latency,neg,0.018,3.252844908691468,250,0.08749417737522662,0.9303490351445043,0.9461176628588179
janitor,black→latino,d_latency,pos,-0.144,3.2297040037451157,250,-0.7049686016678444,0.48148867016966745,0.8496858885347072
janitor,black→latino,d_peak_speed,neg,0.0001841129809617996,0.004447440853576015,250,0.6545521186351104,0.5133602990131217,0.8017946975490888
janitor,black→latino,d_peak_speed,pos,0.00020818736404180528,0.006258033072819638,250,0.5260009357397948,0.5993557135482757,0.8017946975490888
janitor,black→latino,d_time_to_half,neg,0.79,9.422315006426036,250,1.3256823561031674,0.1861598647893195,0.6980994929599481
janitor,black→latino,d_time_to_half,pos,0.862,9.97275183269221,250,1.3666655847833686,0.1729628827374028,0.6918515309496112
janitor,black→latino,pull_AUC,neg,-0.7713618586998434,13.152664520349786,250,-0.9272875355021989,0.3546752008787756,0.608014630077901
janitor,black→latino,pull_AUC,pos,-1.086641198022431,17.068879899952087,250,-1.0065866082796047,0.3151106349421999,0.608014630077901
janitor,black→latino,pull_MAD,neg,-2.1913654582202433,33.98603261683653,250,-1.0194932300455648,0.3089583814104599,0.6392242374009515
janitor,black→latino,pull_MAD,pos,-2.3015916517190633,34.48354753570249,250,-1.0553252758472265,0.29229945935112656,0.6383460225018986
janitor,black→latino,pull_early,neg,0.885982010513544,18.998074407376198,250,0.7373697615560051,0.4615917790806576,0.9084102999518718
janitor,black→latino,pull_early,pos,-1.6254961451981216,26.957140674255463,250,-0.9534153137314899,0.3413042979138776,0.9084102999518718
janitor,black→latino,pull_final,neg,-4.05124927023321,44.08410800049496,178,-1.2260746390259638,0.221799287198172,0.5846469945986594
janitor,black→latino,pull_final,pos,-7.938358726778678,43.684302002470616,209,-2.6271112401548375,0.009252516944818672,0.16465639819123537
janitor,black→latino,pull_release,neg,-2.9968465119600296,28.5832056798186,250,-1.6577673060681126,0.0986237112171338,0.28178203204895375
janitor,black→latino,pull_release,pos,-6.129337998107076,33.36021469205736,250,-2.905057536642584,0.004002036822465527,0.03001527616849145
janitor,black→latino,pull_tcp,neg,-1.3765538036823273,31.51691306167591,250,-0.6905887852794932,0.4904672277202269,0.7650003050996561
janitor,black→latino,pull_tcp,pos,-4.373087802203372,37.24819458123787,250,-1.8563205570543635,0.06458910505875472,0.3677735601913415
janitor,black→latino,q_exploded,neg,0.028,0.11519147670388154,250,3.8433301238220436,0.00015413562876865312,0.004624068863059594
janitor,black→latino,q_exploded,pos,0.016,0.08817652976618226,250,2.8690425160108184,0.0044705263301208255,0.017882105320483337
janitor,black→latino,q_jerk_in_grasp,neg,0.0,0.0,250,nan,nan,nan
janitor,black→latino,q_jerk_in_grasp,pos,0.0,0.0,250,nan,nan,nan
janitor,black→latino,q_tile_drift,neg,0.002509319722652435,0.005832492732638572,250,6.80255086882372,7.596913832374611e-11,4.948274690913706e-10
janitor,black→latino,q_tile_drift,pos,0.0006711974442005158,0.0018469428659209238,250,5.746016085611492,2.6581633095667145e-08,7.542793660284317e-08
janitor,black→latino,xpos_reversals,neg,1.158,1.0257899297222988,250,17.84925657959196,1.889679788598895e-46,2.267615746318674e-46
janitor,black→latino,xpos_reversals,pos,1.124,0.7881043292197675,250,22.55031445867171,4.2814838077203465e-62,6.42222571158052e-61
janitor,black→middle_eastern,d_approach_retreat,neg,0.196,4.6189743119851965,250,0.6709351249093815,0.5028837356669583,0.7860378395091643
janitor,black→middle_eastern,d_approach_retreat,pos,0.176,4.290999265764932,250,0.648521281080224,0.5172454764869298,0.7860378395091643
janitor,black→middle_eastern,d_latency,neg,-0.158,2.0100240762609274,250,-1.2428703621203394,0.2150846952503976,0.7978866486945464
janitor,black→middle_eastern,d_latency,pos,0.034,2.7869179475876833,250,0.19289667379477476,0.8471971314448831,0.924215052485327
janitor,black→middle_eastern,d_peak_speed,neg,0.0003086021542549133,0.0030482840718218922,250,1.6007131804105172,0.1107083958557186,0.6642503751343115
janitor,black→middle_eastern,d_peak_speed,pos,0.00034114699065685274,0.005493464438061299,250,0.9818954136786552,0.3271044498593728,0.7548564227523987
janitor,black→middle_eastern,d_time_to_half,neg,0.848,6.590952786550527,250,2.0343124451557837,0.04297994924711175,0.4297994924711175
janitor,black→middle_eastern,d_time_to_half,pos,0.152,8.21748161032711,250,0.2924656404107608,0.7701741791726746,0.9627177239658433
janitor,black→middle_eastern,pull_AUC,neg,-0.638738334436291,13.849276746189092,250,-0.7292322923061124,0.4665449535788433,0.7366499267034368
janitor,black→middle_eastern,pull_AUC,pos,0.01988345222830378,15.189555788285709,250,0.02069744423898209,0.9835035834602202,0.9835035834602202
janitor,black→middle_eastern,pull_MAD,neg,-6.223126564733684,31.78013430125078,250,-3.096156536897202,0.0021847575411723923,0.026217090494068708
janitor,black→middle_eastern,pull_MAD,pos,-0.331795013993979,28.88221228098985,250,-0.18163912623809153,0.8560137155470743,0.9338331442331719
janitor,black→middle_eastern,pull_early,neg,0.3023238614201542,19.98591493276314,250,0.23917643908749964,0.8111655183501598,0.9084102999518718
janitor,black→middle_eastern,pull_early,pos,0.1128977812826638,23.471392599689455,250,0.07605303565103912,0.9394379737231093,0.9718323866101131
janitor,black→middle_eastern,pull_final,neg,-3.620460010259538,49.2192688581359,185,-1.0004939366233845,0.3183854483239968,0.6162298999819292
janitor,black→middle_eastern,pull_final,pos,-3.2518247215402574,42.524067711414794,209,-1.1055171149296257,0.2702126575825287,0.5846469945986594
janitor,black→middle_eastern,pull_release,neg,-3.692342073773034,28.229371135695708,250,-2.068096167900074,0.03966377536808042,0.16998760872034466
janitor,black→middle_eastern,pull_release,pos,-1.2043064737226814,31.892489522157053,250,-0.5970608621198372,0.5510092556985711,0.8009049625760377
janitor,black→middle_eastern,pull_tcp,neg,-3.933533391682431,32.56307503026074,250,-1.909973913471664,0.05728552058874319,0.3677735601913415
janitor,black→middle_eastern,pull_tcp,pos,2.714598063379526,36.25986946448439,250,1.1837208653728795,0.23765239059131169,0.6199627580642914
janitor,black→middle_eastern,q_exploded,neg,0.024,0.10709752339840678,250,3.5432501815056043,0.0004718117123891182,0.0070771756858367734
janitor,black→middle_eastern,q_exploded,pos,0.024,0.10709752339840677,250,3.543250181505605,0.00047181171238911725,0.0070771756858367734
janitor,black→middle_eastern,q_jerk_in_grasp,neg,0.0,0.0,250,nan,nan,nan
janitor,black→middle_eastern,q_jerk_in_grasp,pos,0.0,0.0,250,nan,nan,nan
janitor,black→middle_eastern,q_tile_drift,neg,0.002291982501745224,0.004551924789156807,250,7.961340969463099,6.045844644456312e-14,1.2091689288912626e-12
janitor,black→middle_eastern,q_tile_drift,pos,0.0008729607462882996,0.002634281913499947,250,5.239652316717509,3.4292951961788413e-07,5.065509199769114e-07
janitor,black→middle_eastern,xpos_reversals,neg,1.294,1.0775940030184676,250,18.98668367119594,2.5963492330996057e-50,3.9943834355378547e-50
janitor,black→middle_eastern,xpos_reversals,pos,1.15,0.8505254695170444,250,21.378662012665092,2.7792176957857623e-58,1.1116870783143049e-57
janitor,latino→middle_eastern,d_approach_retreat,neg,-0.392,4.9778965251661305,250,-1.2451171257970597,0.21425919687602732,0.740835803470652
janitor,latino→middle_eastern,d_approach_retreat,pos,0.044,4.2631869595654415,250,0.16318803088756825,0.8705027560661351,0.9451602126697016
janitor,latino→middle_eastern,d_latency,neg,0.356,2.2219388038811445,250,2.5333074994088864,0.011913787882095154,0.3574136364628546
janitor,latino→middle_eastern,d_latency,pos,0.22,3.04313038995721,250,1.1430681503706874,0.25410812382517695,0.7978866486945464
janitor,latino→middle_eastern,d_peak_speed,neg,-0.0004296336323022842,0.003742642943157216,250,-1.8150553741314217,0.07071847883877139,0.6642503751343115
janitor,latino→middle_eastern,d_peak_speed,pos,5.098462849855423e-05,0.004171705270460757,250,0.19323938444859848,0.8469290260777501,0.907423956511875
janitor,latino→middle_eastern,d_time_to_half,neg,-0.08,8.618044020015429,250,-0.14677472766785507,0.8834285979353595,0.9886188336819788
janitor,latino→middle_eastern,d_time_to_half,pos,0.202,8.763870016761016,250,0.36443950339994624,0.7158391422724658,0.9337032290510423
janitor,latino→middle_eastern,pull_AUC,neg,-0.8112094736351777,13.157323678744074,250,-0.9748447552208955,0.330583365744071,0.608014630077901
janitor,latino→middle_eastern,pull_AUC,pos,-0.13167518995215674,15.703524333354725,250,-0.13257963713906618,0.8946329120039025,0.9621466973363296
janitor,latino→middle_eastern,pull_MAD,neg,-1.2373989713937044,33.08181125109462,250,-0.591412467451305,0.5547806057876077,0.8118740572501576
janitor,latino→middle_eastern,pull_MAD,pos,0.06731315034441639,30.03674031209172,250,0.03543375036005695,0.9717622617514654,0.9754970773842094
janitor,latino→middle_eastern,pull_early,neg,-1.649656641483307,20.14006065626737,250,-1.295098469002795,0.19648576414673913,0.9084102999518718
janitor,latino→middle_eastern,pull_early,pos,0.840773928165436,24.167533292367224,250,0.5500686764605144,0.5827653454610362,0.9084102999518718
janitor,latino→middle_eastern,pull_final,neg,-0.7880493661283141,38.92493406225902,194,-0.28198525745651515,0.7782569564922039,0.9312332626514452
janitor,latino→middle_eastern,pull_final,pos,2.003461372889311,37.589631014835575,209,0.7705237932647251,0.44186355000399646,0.7127019182878944
janitor,latino→middle_eastern,pull_release,neg,-1.1347954897210002,28.70104572659318,250,-0.6251581319003241,0.5324397706293093,0.7986596559439639
janitor,latino→middle_eastern,pull_release,pos,-0.1510634779697284,31.314788312053388,250,-0.07627461135784475,0.9392618728671824,0.9540494798055978
janitor,latino→middle_eastern,pull_tcp,neg,1.4459953487385064,31.126012024517635,250,0.7345365645334428,0.4633129492754623,0.7629382379324304
janitor,latino→middle_eastern,pull_tcp,pos,-0.8114977208897471,34.93991962336301,250,-0.36722767849919347,0.7137611049646392,0.8859930746373267
janitor,latino→middle_eastern,q_exploded,neg,0.012,0.0766780155734951,250,2.474459702575924,0.014010888417100438,0.025474342576546252
janitor,latino→middle_eastern,q_exploded,pos,0.014,0.08265183180792075,250,2.678215731820878,0.007894212526393,0.0197355313159825
janitor,latino→middle_eastern,q_jerk_in_grasp,neg,0.0,0.0,250,nan,nan,nan
janitor,latino→middle_eastern,q_jerk_in_grasp,pos,0.0,0.0,250,nan,nan,nan
janitor,latino→middle_eastern,q_tile_drift,neg,0.0027308464497327804,0.004332230244732115,250,9.966800277802516,6.598795266121234e-20,3.95927715967274e-18
janitor,latino→middle_eastern,q_tile_drift,pos,0.0009544816613197327,0.002881334091333102,250,5.237740468401051,3.461431286508894e-07,5.065509199769114e-07
janitor,latino→middle_eastern,xpos_reversals,neg,1.416,0.9468527448774323,250,23.645625948827252,1.3458307545300441e-65,4.037492263590132e-64
janitor,latino→middle_eastern,xpos_reversals,pos,0.992,0.840692007936816,250,18.657126565206976,3.3834608252016907e-49,4.613810216184124e-49
pilot,asian→black,d_approach_retreat,neg,-0.182,4.601802074113713,250,-0.6253360367106734,0.532323216569355,0.7860378395091643
pilot,asian→black,d_approach_retreat,pos,0.306,4.423077941196106,250,1.093872837960715,0.27506781824927273,0.740835803470652
pilot,asian→black,d_latency,neg,-0.242,2.4655123207998906,250,-1.5519516720818278,0.12194384583514607,0.7978866486945464
pilot,asian→black,d_latency,pos,0.058,1.6143296568433152,250,0.5680751249048254,0.5704958593291745,0.8558906671620435
pilot,asian→black,d_peak_speed,neg,-0.00038063472509384155,0.0029941184815000343,250,-2.0100618851354795,0.04550323282798188,0.6642503751343115
pilot,asian→black,d_peak_speed,pos,-0.0002117496058344841,0.0041689175501072795,250,-0.803099413734649,0.4226832005763055,0.7926598932280575
pilot,asian→black,d_time_to_half,neg,-0.312,10.65885080117019,250,-0.4628222349562376,0.6438960055350538,0.8984595426070519
pilot,asian→black,d_time_to_half,pos,0.14,3.8960385606232717,250,0.5681654140927559,0.5704346500474506,0.8613962750532319
pilot,asian→black,pull_AUC,neg,-0.47941507258540983,11.747876735634009,250,-0.6452415224047827,0.5193647693767063,0.7600460039659117
pilot,asian→black,pull_AUC,pos,0.9048081269648327,15.204658101487986,250,0.9409138000806712,0.3476609466195314,0.608014630077901
pilot,asian→black,pull_MAD,neg,-1.3718606720864766,22.20242869516652,250,-0.976966172432089,0.3295340976763734,0.6590681953527469
pilot,asian→black,pull_MAD,pos,1.1492430480662734,33.537510795077935,250,0.5418150499018493,0.5884304200024468,0.8210657023289957
pilot,asian→black,pull_early,neg,-0.24967664480209367,21.630883142571786,250,-0.18250454013353423,0.855335291891901,0.9084102999518718
pilot,asian→black,pull_early,pos,1.4914076015353204,17.6302714479328,250,1.3375417827425,0.18226627787874286,0.9084102999518718
pilot,asian→black,pull_final,neg,-1.832359562700932,37.72783865901298,217,-0.7154489320652065,0.47510433010322317,0.7309297386203434
pilot,asian→black,pull_final,pos,2.406286674824248,42.220804917212654,205,0.81601433474884,0.4154437272846264,0.7127019182878944
pilot,asian→black,pull_release,neg,0.2007098742760718,31.513274916951552,250,0.10070364842611285,0.9198667524218568,0.9540494798055978
pilot,asian→black,pull_release,pos,-0.11423822096548975,31.315063502127945,250,-0.057680383447410076,0.9540494798055978,0.9540494798055978
pilot,asian→black,pull_tcp,neg,2.614350243238732,34.136755399818824,250,1.2109090734050092,0.22707831710475523,0.6199627580642914
pilot,asian→black,pull_tcp,pos,1.6536595532670617,32.75054037095625,250,0.7983579207532574,0.42542358818953574,0.7434496241187206
pilot,asian→black,q_exploded,neg,0.008,0.06286340134701322,250,2.012158166696862,0.04528026312539456,0.05780459122390794
pilot,asian→black,q_exploded,pos,0.014,0.08265183180792074,250,2.678215731820878,0.007894212526393,0.0197355313159825
pilot,asian→black,q_jerk_in_grasp,neg,0.0,0.0,250,nan,nan,nan
pilot,asian→black,q_jerk_in_grasp,pos,0.0,0.0,250,nan,nan,nan
pilot,asian→black,q_tile_drift,neg,0.0005922491252422332,0.0018543574494559074,250,5.04987907956284,8.549260124717746e-07,1.139901349962366e-06
pilot,asian→black,q_tile_drift,pos,0.0011234543025493622,0.002960033214079642,250,6.001071924249542,6.879574017375296e-09,2.4280849473089278e-08
pilot,asian→black,xpos_reversals,neg,0.88,0.8284596438729557,250,16.795050679468684,7.661788041533299e-43,8.209058615928535e-43
pilot,asian→black,xpos_reversals,pos,0.754,0.7201098755965835,250,16.555510739188303,5.090588651774561e-42,5.3585143702890113e-42
pilot,asian→latino,d_approach_retreat,neg,-0.098,4.174097310007716,250,-0.37122183274630977,0.7107879685372634,0.9073888960050173
pilot,asian→latino,d_approach_retreat,pos,0.234,4.547191639597886,250,0.8136593211022413,0.41661752169677335,0.7860378395091643
pilot,asian→latino,d_latency,neg,0.126,2.6138962900736984,250,0.7621706084788498,0.44667953048184283,0.8483376964586382
pilot,asian→latino,d_latency,pos,0.018,2.1238453040421774,250,0.1340045759799378,0.8935072011640487,0.9405338959621565
pilot,asian→latino,d_peak_speed,neg,0.00012374238669872283,0.003683596531639448,250,0.5311490844779487,0.5957889348885075,0.8017946975490888
pilot,asian→latino,d_peak_speed,pos,7.777479290962219e-05,0.0050807381807205475,250,0.24203716211513226,0.8089505900676106,0.8988339889640118
pilot,asian→latino,d_time_to_half,neg,-0.04,9.14246897483515,250,-0.0691777608187158,0.9449036465361071,0.9886188336819788
pilot,asian→latino,d_time_to_half,pos,0.12,6.1353213994622,250,0.30925300771811953,0.7573876920899534,0.9627177239658433
pilot,asian→latino,pull_AUC,neg,-0.6905862521422563,12.300152111420187,250,-0.8877229556946992,0.3755464680604099,0.6154226881064189
pilot,asian→latino,pull_AUC,pos,-2.6886632458770876,17.30931286701799,250,-2.455989958548156,0.014733541773444263,0.11050156330083197
pilot,asian→latino,pull_MAD,neg,0.5235124837979672,26.105224928257943,250,0.31708055320020695,0.7514481778440697,0.8971358375698534
pilot,asian→latino,pull_MAD,pos,-4.903158041313291,37.94593642247585,250,-2.0430576499274467,0.042099675403958946,0.28066450269305965
pilot,asian→latino,pull_early,neg,-0.482741220295429,21.478405587719433,250,-0.3553712984765241,0.7226122960993517,0.9084102999518718
pilot,asian→latino,pull_early,pos,-0.3688337065279487,18.39050919484052,250,-0.31710774783703505,0.7514275682160567,0.9084102999518718
pilot,asian→latino,pull_final,neg,-4.926414440490935,39.60994800703638,213,-1.815166525824884,0.07091141339623004,0.4101900801400807
pilot,asian→latino,pull_final,pos,-5.542017345126912,40.99474010467752,211,-1.9637263644493541,0.05088150810569905,0.4101900801400807
pilot,asian→latino,pull_release,neg,-3.227917922195047,30.754861958809606,250,-1.659505535724021,0.09827286807152442,0.28178203204895375
pilot,asian→latino,pull_release,pos,-6.030031591653824,31.889391810884113,250,-2.9898083829068476,0.0030712051630787506,0.026324615683532147
pilot,asian→latino,pull_tcp,neg,-2.123281850479543,33.20715907899495,250,-1.010987833382532,0.31300364703003286,0.6514854546039544
pilot,asian→latino,pull_tcp,pos,-2.257908612722531,35.450469059279484,250,-1.0070577561011484,0.3148846363919112,0.6514854546039544
pilot,asian→latino,q_exploded,neg,0.01,0.07014042140491769,250,2.2542476911513574,0.025050382500227265,0.037575573750340895
pilot,asian→latino,q_exploded,pos,0.02,0.09817613873476319,250,3.221024681681281,0.001447437527999285,0.012406607382851013
pilot,asian→latino,q_jerk_in_grasp,neg,0.0,0.0,250,nan,nan,nan
pilot,asian→latino,q_jerk_in_grasp,pos,0.0,0.0,250,nan,nan,nan
pilot,asian→latino,q_tile_drift,neg,0.0004952751696109772,0.0014459791851894367,250,5.41569899670344,1.437281680311342e-07,2.9736862351269147e-07
pilot,asian→latino,q_tile_drift,pos,0.0008956322073936462,0.0026251684832270497,250,5.394392282370055,1.598588653810743e-07,3.197177307621486e-07
pilot,asian→latino,xpos_reversals,neg,0.728,0.72256793291059,250,15.930253971618232,7.1812201724626774e-40,7.3029357686061124e-40
pilot,asian→latino,xpos_reversals,pos,0.752,0.6988918365503972,250,17.01288150813263,1.3712867309010193e-43,1.5236519232233547e-43
pilot,asian→middle_eastern,d_approach_retreat,neg,0.454,3.6956074001745502,250,1.9424060814044193,0.05321545795990553,0.49494018361849274
pilot,asian→middle_eastern,d_approach_retreat,pos,0.578,4.239908406224442,250,2.1554669493496688,0.03208396239922435,0.48125943598836524
pilot,asian→middle_eastern,d_latency,neg,0.092,1.953150066104213,250,0.7447700762588714,0.45711307097936715,0.8483376964586382
pilot,asian→middle_eastern,d_latency,pos,0.24,2.1552215477019327,250,1.7607160601416123,0.07951403388519608,0.7951403388519608
pilot,asian→middle_eastern,d_peak_speed,neg,-0.00019561104476451875,0.004887608790766356,250,-0.6328006837511686,0.5274445060606618,0.8017946975490888
pilot,asian→middle_eastern,d_peak_speed,pos,8.406513929367065e-05,0.004873045542833428,250,0.2727630079081375,0.7852614679399048,0.8889752467244206
pilot,asian→middle_eastern,d_time_to_half,neg,0.356,7.451803910873153,250,0.7553680024895024,0.4507421245470298,0.7747121027046563
pilot,asian→middle_eastern,d_time_to_half,pos,0.06,4.998031741109751,250,0.18981137919701777,0.8496115802906268,0.9886188336819788
pilot,asian→middle_eastern,pull_AUC,neg,-1.1007725342044141,10.254971530153943,250,-1.6972004181611304,0.09090827389520358,0.3636330955808143
pilot,asian→middle_eastern,pull_AUC,pos,-2.2777247566672156,19.08247797880887,250,-1.8872806042328243,0.06028570163034313,0.3194955459568301
pilot,asian→middle_eastern,pull_MAD,neg,-0.9310604596883066,17.700187479249102,250,-0.8317063577406072,0.40637159566765835,0.7372804185767257
pilot,asian→middle_eastern,pull_MAD,pos,-4.163213030919433,38.995302697774086,250,-1.6880540284855776,0.09265289109783237,0.38294740100677954
pilot,asian→middle_eastern,pull_early,neg,0.9284750945866111,17.775172110251788,250,0.8258980648464654,0.40965253507439436,0.9084102999518718
pilot,asian→middle_eastern,pull_early,pos,2.433600242150715,20.032038047054044,250,1.9208529011019209,0.05589216335226249,0.6761648179183996
pilot,asian→middle_eastern,pull_final,neg,-1.6995014178777441,43.54027178074911,222,-0.5815765446981627,0.5614446659323533,0.8216263403888098
pilot,asian→middle_eastern,pull_final,pos,-2.314042249835017,40.68674647935521,205,-0.814320281982013,0.416411045198232,0.7127019182878944
pilot,asian→middle_eastern,pull_release,neg,-3.184130122535862,29.00865388977304,250,-1.7355344360039762,0.08388333587165692,0.26489474485786396
pilot,asian→middle_eastern,pull_release,pos,-4.159909607376903,33.40143038560154,250,-1.9691954907114504,0.05003941749617572,0.17866010684305428
pilot,asian→middle_eastern,pull_tcp,neg,-6.853272088803351,31.994849536656428,250,-3.386787176581159,0.0008216996502487146,0.04930197901492288
pilot,asian→middle_eastern,pull_tcp,pos,-0.5258640022948384,37.84680930273412,250,-0.21969196576679026,0.8262910563407488,0.8981876062860515
pilot,asian→middle_eastern,q_exploded,neg,0.006,0.054551843364434825,250,1.7390490211537188,0.08326201990151932,0.09425889045455019
pilot,asian→middle_eastern,q_exploded,pos,0.004,0.04463146727910637,250,1.4170619309433985,0.15771479274702113,0.1603879248274791
pilot,asian→middle_eastern,q_jerk_in_grasp,neg,0.0,0.0,250,nan,nan,nan
pilot,asian→middle_eastern,q_jerk_in_grasp,pos,0.0,0.0,250,nan,nan,nan
pilot,asian→middle_eastern,q_tile_drift,neg,0.000667559415102005,0.001995872564371416,250,5.288434399309922,2.700696413854256e-07,4.626433279288726e-07
pilot,asian→middle_eastern,q_tile_drift,pos,0.0009158697128295899,0.0026151677163983524,250,5.537377802473367,7.783824428206366e-08,1.7962671757399307e-07
pilot,asian→middle_eastern,xpos_reversals,neg,0.88,0.649064820000475,250,21.43702951691433,1.7884211446303876e-58,8.942105723151937e-58
pilot,asian→middle_eastern,xpos_reversals,pos,0.71,0.7119885608936238,250,15.767227607572481,2.612124299025394e-39,2.6121242990253937e-39
pilot,black→latino,d_approach_retreat,neg,-0.036,3.8021743937491776,250,-0.14970643633971564,0.8811174174546438,0.9451602126697016
pilot,black→latino,d_approach_retreat,pos,0.036,4.431620588924182,250,0.1284428500609727,0.8979022020362166,0.9451602126697016
pilot,black→latino,d_latency,neg,-0.176,3.1369388808468477,250,-0.8871082436253676,0.37587665133906056,0.8352814474201345
pilot,black→latino,d_latency,pos,-0.102,1.9575299984365802,250,-0.8238758067431596,0.4107985603162472,0.8483376964586382
pilot,black→latino,d_peak_speed,neg,0.00020067214220762251,0.003880513005188357,250,0.8176509542331692,0.4143382233090003,0.7926598932280575
pilot,black→latino,d_peak_speed,pos,0.00041323792934417724,0.003919286820858499,250,1.6671056904341197,0.09675062004070177,0.6642503751343115
pilot,black→latino,d_time_to_half,neg,0.468,9.07360442099803,250,0.8155226282148292,0.4155526131706846,0.7747121027046563
pilot,black→latino,d_time_to_half,pos,-0.94,7.089105845362092,250,-2.096555662589664,0.03704217507636067,0.4297994924711175
pilot,black→latino,pull_AUC,neg,1.198916841612733,12.529315461353594,250,1.512974893291571,0.13155422056019025,0.4154343807163903
pilot,black→latino,pull_AUC,pos,1.3837705082248744,17.26798340664705,250,1.2670462039229606,0.2063225576950869,0.49517413846820857
pilot,black→latino,pull_MAD,neg,2.3744413900375365,26.980708068475348,250,1.3914836749351405,0.1653206789051692,0.5510689296838973
pilot,black→latino,pull_MAD,pos,4.059956267620437,38.38820149277218,250,1.6722206963478092,0.09573685025169489,0.38294740100677954
pilot,black→latino,pull_early,neg,0.4146648000925775,19.048800482568122,250,0.34419102530653406,0.7309931259131176,0.9084102999518718
pilot,black→latino,pull_early,pos,-0.20127351185801662,18.422281174153238,250,-0.17274807721023094,0.8629897849542782,0.9084102999518718
pilot,black→latino,pull_final,neg,0.06538632747140669,40.7975664424338,210,0.02322535357041126,0.9814926739150167,0.9814926739150167
pilot,black→latino,pull_final,pos,1.5829251685581511,38.14623981132748,214,0.6070375220725421,0.5444725432099828,0.8167088148149743
pilot,black→latino,pull_release,neg,-1.127799367532134,31.208374408033905,250,-0.5713874581338015,0.5682524098666835,0.8009049625760377
pilot,black→latino,pull_release,pos,1.567519033982535,32.96207703740484,250,0.7519141493156882,0.4528128347509446,0.7149676338172809
pilot,black→latino,pull_tcp,neg,-2.40280086081475,35.26823407934211,250,-1.077219158023913,0.28242489067891025,0.6514854546039544
pilot,black→latino,pull_tcp,pos,0.4516344969160855,34.08551934783291,250,0.20950152843276595,0.8342280457791902,0.8981876062860515
pilot,black→latino,q_exploded,neg,0.012,0.07667801557349509,250,2.4744597025759245,0.014010888417100414,0.025474342576546252
pilot,black→latino,q_exploded,pos,0.01,0.07014042140491769,250,2.2542476911513574,0.025050382500227265,0.037575573750340895
pilot,black→latino,q_jerk_in_grasp,neg,0.0,0.0,250,nan,nan,nan
pilot,black→latino,q_jerk_in_grasp,pos,0.0,0.0,250,nan,nan,nan
pilot,black→latino,q_tile_drift,neg,0.0012525801956653594,0.005084424388727228,250,3.895235790214448,0.00012610380389245295,0.00013756778606449413
pilot,black→latino,q_tile_drift,pos,0.0010018310844898224,0.0023098963281895047,250,6.85759793433577,5.499268017778327e-11,4.1244510133337456e-10
pilot,black→latino,xpos_reversals,neg,0.77,0.7170471577978844,250,16.979035282753312,1.7913432452666958e-43,1.954192631200032e-43
pilot,black→latino,xpos_reversals,pos,0.896,0.7219896649573462,250,19.622169963321152,1.8827205003538028e-52,3.322447941800828e-52
pilot,black→middle_eastern,d_approach_retreat,neg,0.204,4.420014719487021,250,0.7297539528886672,0.46622653775682743,0.7860378395091643
pilot,black→middle_eastern,d_approach_retreat,pos,0.002,4.0169065401886614,250,0.007872420302862853,0.9937250857860496,0.9937250857860496
pilot,black→middle_eastern,d_latency,neg,0.07,2.873521970345142,250,0.38517094787550704,0.7004395791102491,0.8755494738878115
pilot,black→middle_eastern,d_latency,pos,-0.102,1.5290349214993944,250,-1.0547578632830539,0.292558437854667,0.7978866486945464
pilot,black→middle_eastern,d_peak_speed,neg,7.575306296348572e-05,0.0031809503295577263,250,0.37654190395998177,0.7068347286241252,0.8655119126009696
pilot,black→middle_eastern,d_peak_speed,pos,-0.0001209048181772232,0.003793026187770041,250,-0.5039967912182162,0.6147092681209682,0.8017946975490888
pilot,black→middle_eastern,d_time_to_half,neg,0.468,9.821651355111596,250,0.7534099366032659,0.4519153932443828,0.7747121027046563
pilot,black→middle_eastern,d_time_to_half,pos,0.306,4.924058224431385,250,0.9825807493607227,0.3267675734453396,0.7747121027046563
pilot,black→middle_eastern,pull_AUC,neg,-0.9153761247709334,12.263590918906866,250,-1.180189998653611,0.23905088142000536,0.5312241809333452
pilot,black→middle_eastern,pull_AUC,pos,-1.3948012211437435,17.32264940390555,250,-1.273116091873334,0.2041641618494196,0.49517413846820857
pilot,black→middle_eastern,pull_MAD,neg,-0.5227242697589098,20.070790981559643,250,-0.4117922612529694,0.6808459459616625,0.8735339461964973
pilot,black→middle_eastern,pull_MAD,pos,-2.4738094303756952,37.47179567817645,250,-1.0438347236381522,0.2975741970367031,0.6383460225018986
pilot,black→middle_eastern,pull_early,neg,0.7731634601950647,19.783926404897933,250,0.6179151417658012,0.537196013704557,0.9084102999518718
pilot,black→middle_eastern,pull_early,pos,0.3298647679388523,17.91852871533957,250,0.29107411749622863,0.7712369450827716,0.9084102999518718
pilot,black→middle_eastern,pull_final,neg,-3.259008506880899,43.262444021956654,214,-1.101999329831044,0.27170560567167423,0.5846469945986594
pilot,black→middle_eastern,pull_final,pos,-1.2834851705785573,42.944800527235586,209,-0.43206929910293906,0.6661386173606473,0.9155514479311307
pilot,black→middle_eastern,pull_release,neg,-1.6716311620548368,33.00994553641902,250,-0.8006923055924512,0.424073107828142,0.6876861208023924
pilot,black→middle_eastern,pull_release,pos,-2.9818635284900665,29.819151506698308,250,-1.5811114577986634,0.11512193671592073,0.2924061139554887
pilot,black→middle_eastern,pull_tcp,neg,1.1275369180366397,33.03909145306462,250,0.5396009166879855,0.589954486284965,0.8427921232642358
pilot,black→middle_eastern,pull_tcp,pos,-0.9247468970716,35.938992468420096,250,-0.4068431323567517,0.6844726952388203,0.8859930746373267
pilot,black→middle_eastern,q_exploded,neg,0.012,0.0766780155734951,250,2.474459702575924,0.014010888417100438,0.025474342576546252
pilot,black→middle_eastern,q_exploded,pos,0.014,0.08265183180792075,250,2.678215731820878,0.007894212526393,0.0197355313159825
pilot,black→middle_eastern,q_jerk_in_grasp,neg,0.0,0.0,250,nan,nan,nan
pilot,black→middle_eastern,q_jerk_in_grasp,pos,0.0,0.0,250,nan,nan,nan
pilot,black→middle_eastern,q_tile_drift,neg,0.0005840767025947571,0.0017491373509844119,250,5.279781794725025,2.8179041302568844e-07,4.626433279288726e-07
pilot,black→middle_eastern,q_tile_drift,pos,0.001137441784143448,0.003410781123427604,250,5.272848965641399,2.9153681269673675e-07,4.626433279288726e-07
pilot,black→middle_eastern,xpos_reversals,neg,0.906,0.7170919630940905,250,19.97668156641039,1.223745615494028e-53,2.9369894771856675e-53
pilot,black→middle_eastern,xpos_reversals,pos,0.912,0.7282702177352585,250,19.80032380729563,4.760201700455258e-53,9.848693173355707e-53
pilot,latino→middle_eastern,d_approach_retreat,neg,-0.472,4.20379633360821,250,-1.775294206889357,0.0770708137604504,0.578031103203378
pilot,latino→middle_eastern,d_approach_retreat,pos,-0.228,4.303498156795489,250,-0.8376898051877728,0.4030082708188425,0.7860378395091643
pilot,latino→middle_eastern,d_latency,neg,-0.154,1.9318935921539835,250,-1.2603974712783101,0.20870586398760604,0.7978866486945464
pilot,latino→middle_eastern,d_latency,pos,-0.208,1.7558668153058674,250,-1.873017211730959,0.06223763901723056,0.7468516682067667
pilot,latino→middle_eastern,d_peak_speed,neg,-7.737837731838227e-06,0.0029807184249342838,250,-0.04104579485386894,0.9672922799619967,0.9836870643681322
pilot,latino→middle_eastern,d_peak_speed,pos,-0.00042237768322229383,0.00408765192875048,250,-1.633793110432262,0.10356600993593601,0.6642503751343115
pilot,latino→middle_eastern,d_time_to_half,neg,0.21,8.707709043551501,250,0.3813163171357587,0.7032937125852639,0.9337032290510423
pilot,latino→middle_eastern,d_time_to_half,pos,0.582,5.587769561703381,250,1.646851733857967,0.10084995806889507,0.6004727759446166
pilot,latino→middle_eastern,pull_AUC,neg,0.12800027529983804,12.12100068851843,250,0.16697153208624899,0.8675279637241009,0.9621466973363296
pilot,latino→middle_eastern,pull_AUC,pos,-0.1255394848023367,16.465924539802163,250,-0.12054917028796457,0.9041453464615192,0.9621466973363296
pilot,latino→middle_eastern,pull_MAD,neg,0.9861232757568357,25.05505502499441,250,0.6223086722394056,0.534308359134823,0.8014625387022345
pilot,latino→middle_eastern,pull_MAD,pos,-1.7672665143385529,36.31648391262801,250,-0.7694284820223437,0.4423682511460354,0.7372804185767257
pilot,latino→middle_eastern,pull_early,neg,-2.321195641160011,18.246623205894974,250,-2.0114037096324453,0.045360403530860745,0.6761648179183996
pilot,latino→middle_eastern,pull_early,pos,-1.4166370246966835,18.929388128060154,250,-1.1832922399443673,0.23782184804289358,0.9084102999518718
pilot,latino→middle_eastern,pull_final,neg,0.6449071878922128,40.200282009602425,210,0.2324758076035214,0.8163959657141459,0.9312332626514452
pilot,latino→middle_eastern,pull_final,pos,1.1368523013185372,45.39695682669525,220,0.37143997776220616,0.7106689551420484,0.9269595067070197
pilot,latino→middle_eastern,pull_release,neg,0.30258033389691263,33.207704870981495,250,0.14406943117659296,0.8855621752138901,0.9540494798055978
pilot,latino→middle_eastern,pull_release,pos,1.621907901018858,28.717695093257834,250,0.8929900372552285,0.37272472785016453,0.6389566763145678
pilot,latino→middle_eastern,pull_tcp,neg,0.41719785891473293,32.29274228922066,250,0.20427120392877274,0.8383084325336481,0.8981876062860515
pilot,latino→middle_eastern,pull_tcp,pos,2.306227572262287,33.345733880845295,250,1.0935329774251341,0.2752166300980293,0.6514854546039544
pilot,latino→middle_eastern,q_exploded,neg,0.006,0.05455184336443482,250,1.739049021153719,0.08326201990151925,0.09425889045455019
pilot,latino→middle_eastern,q_exploded,pos,0.008,0.06286340134701322,250,2.012158166696862,0.04528026312539456,0.05780459122390794
pilot,latino→middle_eastern,q_jerk_in_grasp,neg,0.0,0.0,250,nan,nan,nan
pilot,latino→middle_eastern,q_jerk_in_grasp,pos,0.0,0.0,250,nan,nan,nan
pilot,latino→middle_eastern,q_tile_drift,neg,0.000980389267206192,0.0029029648158785375,250,5.339822000248291,2.0962400431942032e-07,3.930450080989131e-07
pilot,latino→middle_eastern,q_tile_drift,pos,0.00106585893034935,0.0028277218823435585,250,5.959818582903347,8.584656227915966e-09,2.8615520759719887e-08
pilot,latino→middle_eastern,xpos_reversals,neg,0.994,0.7571373905127456,250,20.75781775932815,3.089526091329163e-56,1.0298420304430543e-55
pilot,latino→middle_eastern,xpos_reversals,pos,0.73,0.6737326343963178,250,17.131890115367206,5.360795174632109e-44,6.068824725998613e-44
wealthy,asian→black,d_approach_retreat,neg,-0.234,5.297973015436106,250,-0.6983547956203486,0.4856070252868291,0.7860378395091643
wealthy,asian→black,d_approach_retreat,pos,0.062,4.996299433793827,250,0.1962064299072292,0.8446086303399812,0.9451602126697016
wealthy,asian→black,d_latency,neg,-0.042,2.881396498771478,250,-0.23047099172866295,0.8179150414657076,0.924215052485327
wealthy,asian→black,d_latency,pos,-0.35,4.19606097558691,250,-1.3188525947291827,0.18843003882764067,0.7978866486945464
wealthy,asian→black,d_peak_speed,neg,-0.00015004873275756836,0.00396515867959783,250,-0.5983313580579831,0.5501627151930605,0.8017946975490888
wealthy,asian→black,d_peak_speed,pos,-0.0003502887487411499,0.005175947785632461,250,-1.070055505416115,0.2856304835047446,0.7344599369511248
wealthy,asian→black,d_time_to_half,neg,-1.494,10.140526867010523,250,-2.329485876942579,0.020633687309766904,0.4297994924711175
wealthy,asian→black,d_time_to_half,pos,-0.552,12.368070693958822,250,-0.7056788854164505,0.48104752299154696,0.8017458716525783
wealthy,asian→black,pull_AUC,neg,2.622115188544308,15.568250496291723,250,2.663066182387334,0.00824804521088752,0.07069753037903588
wealthy,asian→black,pull_AUC,pos,2.1273479948882947,14.963603843084906,250,2.2478759495989014,0.02545972925570175,0.169731528371345
wealthy,asian→black,pull_MAD,neg,10.233463380592875,38.84911339607613,250,4.164966688515031,4.2959849309272636e-05,0.0012887954792781791
wealthy,asian→black,pull_MAD,pos,3.1888630762696266,28.751688712069758,250,1.7536483801714982,0.0807211428279464,0.38294740100677954
wealthy,asian→black,pull_early,neg,-0.6164735313504932,19.906296738751536,250,-0.4896592525117357,0.6248061439027511,0.9084102999518718
wealthy,asian→black,pull_early,pos,0.7360086247324933,27.445761344918413,250,0.4240114898677689,0.6719235066292113,0.9084102999518718
wealthy,asian→black,pull_final,neg,3.845100658756423,41.34916054283049,206,1.334672236713834,0.18346410065810534,0.568470259745306
wealthy,asian→black,pull_final,pos,9.307230898752895,49.08675430159965,207,2.7279810189569638,0.0069226056287020644,0.16465639819123537
wealthy,asian→black,pull_release,neg,6.913221052382141,30.040144009313813,250,3.6387183242157075,0.0003330917460712151,0.004996376191068227
wealthy,asian→black,pull_release,pos,9.717338096350431,34.87350988312672,250,4.4057683441350495,1.5670945810391155e-05,0.0006940748240889297
wealthy,asian→black,pull_tcp,neg,5.912762969033793,33.82725267735898,250,2.763718121773617,0.0061416161304618305,0.11098070674940844
wealthy,asian→black,pull_tcp,pos,5.711344220908359,31.29954363427349,250,2.8851628717572355,0.004254971760275512,0.11098070674940844
wealthy,asian→black,q_exploded,neg,0.008,0.06286340134701322,250,2.012158166696862,0.04528026312539456,0.05780459122390794
wealthy,asian→black,q_exploded,pos,0.014,0.08265183180792075,250,2.678215731820878,0.007894212526393,0.0197355313159825
wealthy,asian→black,q_jerk_in_grasp,neg,0.0,0.0,250,nan,nan,nan
wealthy,asian→black,q_jerk_in_grasp,pos,0.0,0.0,250,nan,nan,nan
wealthy,asian→black,q_tile_drift,neg,0.0007871672809123993,0.001841074605703118,250,6.760295045985142,9.72441020050455e-11,5.304223745729754e-10
wealthy,asian→black,q_tile_drift,pos,0.0014880686402320863,0.004327502538844821,250,5.436953734357826,1.2921925242610938e-07,2.7689839805594865e-07
wealthy,asian→black,xpos_reversals,neg,1.076,0.7724056199737728,250,22.026061659524906,2.1344123259071416e-60,1.8294962793489786e-59
wealthy,asian→black,xpos_reversals,pos,0.958,0.8048772013400228,250,18.819404956418325,9.547329547119415e-50,1.3971701776272315e-49
wealthy,asian→latino,d_approach_retreat,neg,0.242,5.841998956455651,250,0.6549737508212761,0.5130892485790566,0.7860378395091643
wealthy,asian→latino,d_approach_retreat,pos,0.218,4.843481521902612,250,0.711653927860869,0.4773452886459989,0.7860378395091643
wealthy,asian→latino,d_latency,neg,-0.116,2.943330900043112,250,-0.6231446973463959,0.5337597744065979,0.8558906671620435
wealthy,asian→latino,d_latency,pos,-0.166,4.001686893294861,250,-0.6558960078405007,0.5124966280340241,0.8541610467233735
wealthy,asian→latino,d_peak_speed,neg,0.00025870195031166076,0.0037998073230951523,250,1.0764853695873424,0.2827521139690461,0.7344599369511248
wealthy,asian→latino,d_peak_speed,pos,-7.062352448701859e-05,0.005237950432096821,250,-0.21318566934037492,0.8313565854679186,0.9069344568740929
wealthy,asian→latino,d_time_to_half,neg,-0.684,9.742680498362486,250,-1.1100630467758439,0.2680427122948344,0.76117323549182
wealthy,asian→latino,d_time_to_half,pos,-0.488,13.24960619252618,250,-0.5823537227214536,0.5608553806143464,0.8613962750532319
wealthy,asian→latino,pull_AUC,neg,1.8983041593931211,14.811158167791445,250,2.0265008203435815,0.043779437916929835,0.262676627501579
wealthy,asian→latino,pull_AUC,pos,-0.033832584313908225,12.877418336717588,250,-0.0415409450730425,0.9668979414053693,0.9832860421071553
wealthy,asian→latino,pull_MAD,neg,5.985973018719815,40.03082958872798,250,2.3643413021845703,0.01883021918576492,0.16140187873512787
wealthy,asian→latino,pull_MAD,pos,-0.6393694506585598,24.831186999848033,250,-0.40712184448211564,0.6842682578539229,0.8735339461964973
wealthy,asian→latino,pull_early,neg,0.8603288793587124,19.728861546512995,250,0.6894971585612371,0.4911525034892038,0.9084102999518718
wealthy,asian→latino,pull_early,pos,-0.07317640930414217,29.20917395975213,250,-0.03961154887719222,0.9684345611936497,0.9842708884322804
wealthy,asian→latino,pull_final,neg,3.092410860823741,39.76103387711028,211,1.1297458352892644,0.2598721034149387,0.5846469945986594
wealthy,asian→latino,pull_final,pos,5.639517123164446,45.05824136101568,206,1.7963927463907907,0.07390438066472298,0.4101900801400807
wealthy,asian→latino,pull_release,neg,3.160415015881881,32.06358392821629,250,1.558482954363228,0.12038886619465347,0.2924061139554887
wealthy,asian→latino,pull_release,pos,4.0771880289539695,34.26087933637474,250,1.8816213812963032,0.06105396597445943,0.20351321991486476
wealthy,asian→latino,pull_tcp,neg,2.955255470238626,33.68159460584766,250,1.3873064002740991,0.16658877410222506,0.5552959136740836
wealthy,asian→latino,pull_tcp,pos,2.7166849998757243,32.049084454802305,250,1.3402742123471576,0.18137786342583498,0.5727722002921104
wealthy,asian→latino,q_exploded,neg,0.014,0.08265183180792074,250,2.678215731820878,0.007894212526393,0.0197355313159825
wealthy,asian→latino,q_exploded,pos,0.022,0.11209935352285028,250,3.103055741954979,0.002136331750893286,0.016022488131699646
wealthy,asian→latino,q_jerk_in_grasp,neg,0.0,0.0,250,nan,nan,nan
wealthy,asian→latino,q_jerk_in_grasp,pos,0.0,0.0,250,nan,nan,nan
wealthy,asian→latino,q_tile_drift,neg,0.0006122105419635773,0.0018899627094672595,250,5.121740525549069,6.06712528577818e-07,8.465756212713741e-07
wealthy,asian→latino,q_tile_drift,pos,0.001242609664797783,0.002698075856029078,250,7.281998344336021,4.309524679598315e-12,4.3095246795983154e-11
wealthy,asian→latino,xpos_reversals,neg,1.058,0.8063727102222424,250,20.74530624638852,3.3985866262864145e-56,1.0732378819851835e-55
wealthy,asian→latino,xpos_reversals,pos,1.16,0.9108890577353578,250,20.13550417937428,3.609655069666695e-54,9.416491486087031e-54
wealthy,asian→middle_eastern,d_approach_retreat,neg,-0.452,4.801448911171121,250,-1.4884564314227755,0.13789593165015013,0.740835803470652
wealthy,asian→middle_eastern,d_approach_retreat,pos,0.178,4.553928971372437,250,0.6180217423772557,0.5371258569979289,0.7860378395091643
wealthy,asian→middle_eastern,d_latency,neg,0.32,2.5284724026105274,250,2.001067621321698,0.046470495951182,0.6988558625638056
wealthy,asian→middle_eastern,d_latency,pos,0.02,3.4431119761519935,250,0.09184359039355224,0.9268961560197058,0.9461176628588179
wealthy,asian→middle_eastern,d_peak_speed,neg,-0.0003797834366559982,0.0037499132111846792,250,-1.6013446309332315,0.11056848457075343,0.6642503751343115
wealthy,asian→middle_eastern,d_peak_speed,pos,-0.00016950533539056777,0.004564316554285966,250,-0.5871886064536945,0.5576090882770879,0.8017946975490888
wealthy,asian→middle_eastern,d_time_to_half,neg,-2.198,10.204131181668078,250,-3.4058197475631937,0.000768885528675916,0.04613313172055496
wealthy,asian→middle_eastern,d_time_to_half,pos,-1.11,9.89923630984089,250,-1.7729287860809333,0.07746301036856519,0.5164200691237679
wealthy,asian→middle_eastern,pull_AUC,neg,3.072760890825564,16.115007204268753,250,3.0148677555424315,0.0028367485782392087,0.04255122867358813
wealthy,asian→middle_eastern,pull_AUC,pos,0.4200024013683775,14.619441561213394,250,0.4542458771434965,0.6500475743455779,0.8667300991274373
wealthy,asian→middle_eastern,pull_MAD,neg,9.726946146907284,44.94641676057131,250,3.4217749399112294,0.000727071886011152,0.010906078290167279
wealthy,asian→middle_eastern,pull_MAD,pos,0.8777959056477994,27.440953778276373,250,0.5057831453392839,0.6134563467541947,0.8365313819375383
wealthy,asian→middle_eastern,pull_early,neg,0.18163208179175877,14.613004859964047,250,0.19652736727460712,0.8443577202403049,0.9084102999518718
wealthy,asian→middle_eastern,pull_early,pos,0.6189295038580901,28.711933688413943,250,0.34083858031117775,0.7335125094621463,0.9084102999518718
wealthy,asian→middle_eastern,pull_final,neg,9.042056059846484,42.79366734461415,219,3.1268694280299703,0.002007607110036978,0.12045642660221868
wealthy,asian→middle_eastern,pull_final,pos,5.972460824712582,47.95750992651188,197,1.7479531875089487,0.08203801602801614,0.4101900801400807
wealthy,asian→middle_eastern,pull_release,neg,8.979919168399647,32.91274459815369,250,4.313982033868577,2.313582746963099e-05,0.0006940748240889297
wealthy,asian→middle_eastern,pull_release,pos,4.800756960641593,33.98237032804618,250,2.23370623384758,0.026390974752705198,0.131954873763526
wealthy,asian→middle_eastern,pull_tcp,neg,5.4324063553940505,34.0751850796894,250,2.520716647384959,0.01233733458217405,0.1480480149860886
wealthy,asian→middle_eastern,pull_tcp,pos,3.6029877956025302,32.83120613930163,250,1.7351856900337983,0.08394519334555445,0.387439353902559
wealthy,asian→middle_eastern,q_exploded,neg,0.006,0.054551843364434825,250,1.7390490211537188,0.08326201990151932,0.09425889045455019
wealthy,asian→middle_eastern,q_exploded,pos,0.008,0.06286340134701322,250,2.012158166696862,0.04528026312539456,0.05780459122390794
wealthy,asian→middle_eastern,q_jerk_in_grasp,neg,0.0,0.0,250,nan,nan,nan
wealthy,asian→middle_eastern,q_jerk_in_grasp,pos,0.0,0.0,250,nan,nan,nan
wealthy,asian→middle_eastern,q_tile_drift,neg,0.0006681414246559143,0.0016681640165788665,250,6.332856601701497,1.1157395397138128e-09,5.149567106371443e-09
wealthy,asian→middle_eastern,q_tile_drift,pos,0.0012308287471532822,0.002605220698619007,250,7.4700432341088705,1.3532074042402663e-12,1.6238488850883195e-11
wealthy,asian→middle_eastern,xpos_reversals,neg,1.22,0.8605592652432393,250,22.41553197567953,1.1662037356534608e-61,1.399444482784153e-60
wealthy,asian→middle_eastern,xpos_reversals,pos,0.954,0.7570843459135246,250,19.923888956919594,1.837215101964096e-53,4.0827002265868794e-53
wealthy,black→latino,d_approach_retreat,neg,0.386,5.358625145857402,250,1.13894809172147,0.2558193512087039,0.740835803470652
wealthy,black→latino,d_approach_retreat,pos,-0.014,4.9847965642690575,250,-0.0444069147773226,0.9646156408143227,0.9937250857860496
wealthy,black→latino,d_latency,neg,-0.176,3.075199409082684,250,-0.9049183388657939,0.366383374250576,0.8352814474201345
wealthy,black→latino,d_latency,pos,0.306,3.7480066991492254,250,1.2908954568186555,0.19793717183409457,0.7978866486945464
wealthy,black→latino,d_peak_speed,neg,-0.0001503157913684845,0.0036370287308249076,250,-0.653473348981874,0.514054138089363,0.8017946975490888
wealthy,black→latino,d_peak_speed,pos,0.0001612880825996399,0.004583809912847392,250,0.5563469146339514,0.5784733435933471,0.8017946975490888
wealthy,black→latino,d_time_to_half,neg,0.902,10.157464859376965,250,1.4040779313347465,0.1615416730083989,0.6918515309496112
wealthy,black→latino,d_time_to_half,pos,0.036,11.73360190455678,250,0.04851110370544051,0.9613478030779117,0.9886188336819788
wealthy,black→latino,pull_AUC,neg,-3.6148239478502826,16.16195677337175,250,-3.5364149205504387,0.0004835853644538557,0.0188151160562999
wealthy,black→latino,pull_AUC,pos,-2.731395489140228,13.581616175095917,250,-3.179824413029338,0.001660382356317098,0.03320764712634196
wealthy,black→latino,pull_MAD,neg,-11.125393464370864,41.39850498576951,250,-4.249136922342574,3.0349215644992596e-05,0.0012887954792781791
wealthy,black→latino,pull_MAD,pos,-2.6340666684508323,29.5449682278669,250,-1.4096563104744966,0.15988895629526623,0.5510689296838973
wealthy,black→latino,pull_early,neg,0.5146371636539696,18.015061442430234,250,0.4516847225073428,0.6518893022915918,0.9084102999518718
wealthy,black→latino,pull_early,pos,0.40464282929897377,28.68678953580197,250,0.22302826495145114,0.823696358083959,0.9084102999518718
wealthy,black→latino,pull_final,neg,-6.364937075526335,45.36682880847546,212,-2.042789525527987,0.04231660903300989,0.4101900801400807
wealthy,black→latino,pull_final,pos,-2.480747306894579,48.244388113439314,218,-0.7592135888908844,0.44854871383984385,0.7127019182878944
wealthy,black→latino,pull_release,neg,-7.9763175512780435,32.704804551032204,250,-3.856211824084946,0.00014667428629920463,0.0029334857259840923
wealthy,black→latino,pull_release,pos,-4.954378728289157,36.684370514449874,250,-2.1353945771416454,0.03370493475033838,0.15556123730925406
wealthy,black→latino,pull_tcp,neg,-5.709754487033933,33.43061088340524,250,-2.7004934373419394,0.007398713783293896,0.11098070674940844
wealthy,black→latino,pull_tcp,pos,-4.060203978791833,31.03780438188588,250,-2.0683634995382434,0.03963843106074468,0.2972882329555851
wealthy,black→latino,q_exploded,neg,0.004,0.04463146727910637,250,1.4170619309433987,0.1577147927470211,0.1603879248274791
wealthy,black→latino,q_exploded,pos,0.006,0.054551843364434825,250,1.7390490211537188,0.08326201990151932,0.09425889045455019
wealthy,black→latino,q_jerk_in_grasp,neg,0.0,0.0,250,nan,nan,nan
wealthy,black→latino,q_jerk_in_grasp,pos,0.0,0.0,250,nan,nan,nan
wealthy,black→latino,q_tile_drift,neg,0.0006828117072582245,0.002160698322516586,250,4.996625825694229,1.099735750611671e-06,1.4344379355804404e-06
wealthy,black→latino,q_tile_drift,pos,0.0014752551913261413,0.0033228504029106866,250,7.019826307094027,2.101491076841974e-11,1.8012780658645491e-10
wealthy,black→latino,xpos_reversals,neg,1.078,0.780610923350819,250,21.835047497339996,8.936024056791563e-60,5.9573493711943755e-59
wealthy,black→latino,xpos_reversals,pos,1.076,0.7954589996224326,250,21.38771931649675,2.595393439246438e-58,1.1116870783143049e-57
wealthy,black→middle_eastern,d_approach_retreat,neg,-0.19,5.033711653645667,250,-0.5968088726306352,0.5511772346594634,0.7873960495135193
wealthy,black→middle_eastern,d_approach_retreat,pos,-0.738,4.607087694858049,250,-2.532794107445539,0.011930801061314675,0.23861602122629352
wealthy,black→middle_eastern,d_latency,neg,-0.196,2.593934847286622,250,-1.1947224157178602,0.2333322512774647,0.7978866486945464
wealthy,black→middle_eastern,d_latency,pos,0.318,3.2950425218627353,250,1.5259352334018772,0.12829515648743106,0.7978866486945464
wealthy,black→middle_eastern,d_peak_speed,neg,-0.0005355429202318192,0.0037822547964309976,250,-2.23879075295042,0.026053464481720565,0.6642503751343115
wealthy,black→middle_eastern,d_peak_speed,pos,0.00043625963479280473,0.004725196643659877,250,1.4598060156814554,0.14560386761396413,0.7087850456824297
wealthy,black→middle_eastern,d_time_to_half,neg,1.234,9.483670387358698,250,2.0573525192573663,0.04069383745245043,0.4297994924711175
wealthy,black→middle_eastern,d_time_to_half,pos,0.578,11.644022028319249,250,0.7848647499686822,0.43327896416329614,0.7747121027046563
wealthy,black→middle_eastern,pull_AUC,neg,-3.429750229755964,15.6565425602957,250,-3.4636710147677103,0.0006271705352099966,0.0188151160562999
wealthy,black→middle_eastern,pull_AUC,pos,-0.84789758183239,15.22827694512554,250,-0.8803647289845282,0.379510657665625,0.6154226881064189
wealthy,black→middle_eastern,pull_MAD,neg,-10.086958937859162,40.09009337907643,250,-3.9782602408299295,9.107271133800972e-05,0.0018214542267601943
wealthy,black→middle_eastern,pull_MAD,pos,-3.4817695448547603,29.73889294678185,250,-1.8511654198513634,0.06532985987042891,0.3563446902023395
wealthy,black→middle_eastern,pull_early,neg,-1.7521555179264399,18.34838967377925,250,-1.5098878838935976,0.13233993407041464,0.9084102999518718
wealthy,black→middle_eastern,pull_early,pos,-4.119405258446932,26.74348910524241,250,-2.4354905918789242,0.015574132394945038,0.6761648179183996
wealthy,black→middle_eastern,pull_final,neg,-5.993148233626762,45.37768102661106,211,-1.9184653039327983,0.05640815108059307,0.4101900801400807
wealthy,black→middle_eastern,pull_final,pos,-0.49415602235671613,50.81153115023367,209,-0.1405966437333803,0.8883246609695372,0.9592861277845177
wealthy,black→middle_eastern,pull_release,neg,-6.514942140318453,32.02685309369233,250,-3.2163721998144386,0.0014701482908060308,0.017641779489672372
wealthy,black→middle_eastern,pull_release,pos,-1.876567265484482,36.29822234859203,250,-0.8174266337969888,0.4144661174301475,0.6876861208023924
wealthy,black→middle_eastern,pull_tcp,neg,-4.664392119273543,32.840219584866794,250,-2.2457375717184926,0.025598406310312714,0.2194149112312518
wealthy,black→middle_eastern,pull_tcp,pos,-1.6775020426139235,30.92993456595054,250,-0.8575393560781382,0.3919714954449336,0.7434496241187206
wealthy,black→middle_eastern,q_exploded,neg,0.008,0.06286340134701322,250,2.012158166696862,0.04528026312539456,0.05780459122390794
wealthy,black→middle_eastern,q_exploded,pos,0.008,0.06286340134701322,250,2.012158166696862,0.04528026312539456,0.05780459122390794
wealthy,black→middle_eastern,q_jerk_in_grasp,neg,0.0,0.0,250,nan,nan,nan
wealthy,black→middle_eastern,q_jerk_in_grasp,pos,0.0,0.0,250,nan,nan,nan
wealthy,black→middle_eastern,q_tile_drift,neg,0.0008239225447177887,0.002447159416359721,250,5.323461641795946,2.27278258771624e-07,4.1323319776658907e-07
wealthy,black→middle_eastern,q_tile_drift,pos,0.0013378516137599946,0.0037187764590428216,250,5.688239555951123,3.589518687439685e-08,8.973796718599212e-08
wealthy,black→middle_eastern,xpos_reversals,neg,1.166,0.8593006402659349,250,21.454748076384632,1.564522201963979e-58,8.533757465258068e-58
wealthy,black→middle_eastern,xpos_reversals,pos,1.202,0.8701867038735961,250,21.840472456095675,8.579437631827506e-60,5.9573493711943755e-59
wealthy,latino→middle_eastern,d_approach_retreat,neg,-0.134,5.035321424436534,250,-0.4207727478985923,0.6742839642477743,0.8795008229318795
wealthy,latino→middle_eastern,d_approach_retreat,pos,0.472,5.15339167763644,250,1.4481676815646594,0.14882815252286125,0.740835803470652
wealthy,latino→middle_eastern,d_latency,neg,-0.12,3.372699275299597,250,-0.5625661943822383,0.5742364430957603,0.8558906671620435
wealthy,latino→middle_eastern,d_latency,pos,-0.146,3.4085417155296818,250,-0.6772581604048773,0.49887091094240754,0.8541610467233735
wealthy,latino→middle_eastern,d_peak_speed,neg,-0.00015845796465873717,0.004291544692347059,250,-0.5838085324028498,0.5598776082776551,0.8017946975490888
wealthy,latino→middle_eastern,d_peak_speed,pos,3.155563771724701e-05,0.0039791316571258385,250,0.12538877424037592,0.900316951134205,0.9477020538254789
wealthy,latino→middle_eastern,d_time_to_half,neg,-0.166,10.563322352198945,250,-0.24847205930370747,0.8039739905835351,0.9844579476533084
wealthy,latino→middle_eastern,d_time_to_half,pos,0.062,9.883211394576133,250,0.09918902222309904,0.9210679975476307,0.9886188336819788
wealthy,latino→middle_eastern,pull_AUC,neg,-1.6413358796528135,16.2950477934589,250,-1.5926187670165668,0.11251436933170549,0.39862851326430976
wealthy,latino→middle_eastern,pull_AUC,pos,-1.3475521390419218,14.964698214212925,250,-1.4237955100080546,0.1557575542140831,0.4450215834688089
wealthy,latino→middle_eastern,pull_MAD,neg,-1.98073842894286,45.27025440308356,250,-0.6918057968828616,0.48970385085977586,0.7533905397842705
wealthy,latino→middle_eastern,pull_MAD,pos,-0.7465464466996495,27.52662425312018,250,-0.42881886441429284,0.6684257976095624,0.8735339461964973
wealthy,latino→middle_eastern,pull_early,neg,-0.9235180281102664,17.625972596736307,250,-0.8284423492172581,0.4082133949098935,0.9084102999518718
wealthy,latino→middle_eastern,pull_early,pos,0.9821133770048625,29.97823686640796,250,0.5179949717681869,0.6049217107419641,0.9084102999518718
wealthy,latino→middle_eastern,pull_final,neg,4.871337777230009,47.47048326261326,216,1.5081740608722303,0.13297801223770256,0.5319120489508102
wealthy,latino→middle_eastern,pull_final,pos,-3.6113695956139575,44.21940704723694,202,-1.160739349422752,0.24712463019834535,0.5846469945986594
wealthy,latino→middle_eastern,pull_release,neg,0.4375878368737176,36.032243458643556,250,0.1920188847657246,0.8478839141101651,0.9540494798055978
wealthy,latino→middle_eastern,pull_release,pos,-0.8735565803945065,34.10842695189091,250,-0.40494808848425745,0.6858633398645235,0.875570221103647
wealthy,latino→middle_eastern,pull_tcp,neg,1.9227519267005846,34.698603808593084,250,0.8761556368941267,0.3817898715746695,0.7434496241187206
wealthy,latino→middle_eastern,pull_tcp,pos,-0.7204880500212312,32.46820490683923,250,-0.35086375602497344,0.7259872284304376,0.8859930746373267
wealthy,latino→middle_eastern,q_exploded,neg,0.016,0.08817652976618226,250,2.8690425160108184,0.0044705263301208255,0.017882105320483337
wealthy,latino→middle_eastern,q_exploded,pos,0.014,0.08265183180792075,250,2.678215731820878,0.007894212526393,0.0197355313159825
wealthy,latino→middle_eastern,q_jerk_in_grasp,neg,0.0,0.0,250,nan,nan,nan
wealthy,latino→middle_eastern,q_jerk_in_grasp,pos,0.0,0.0,250,nan,nan,nan
wealthy,latino→middle_eastern,q_tile_drift,neg,0.0006765659153461456,0.002095234249251921,250,5.105608789314052,6.554740751685984e-07,8.93828284320816e-07
wealthy,latino→middle_eastern,q_tile_drift,pos,0.0014672478437423705,0.003799272783609447,250,6.106227878942535,3.8936406208475525e-09,1.557456248339021e-08
wealthy,latino→middle_eastern,xpos_reversals,neg,0.948,0.8061610151386119,250,18.59330310908282,5.5679555799453494e-49,7.423940773260466e-49
wealthy,latino→middle_eastern,xpos_reversals,pos,0.996,0.7864208995984918,250,20.025081677863295,8.433383694843399e-54,2.10834592371085e-53
