topic,demo,metric,pol,mean,sd,n,t,p,q
criminal,asian→black,d_approach_retreat,neg,0.008,1.6218686233247441,250,0.07799096954439821,0.9378978714758205,1.0
criminal,asian→black,d_approach_retreat,pos,0.066,1.2339914666475762,250,0.845671672828188,0.3985478394805879,0.9845554210636229
criminal,asian→black,d_latency,neg,0.02,2.634647122832086,250,0.12002661125901075,0.9045588554047657,0.9521672162155428
criminal,asian→black,d_latency,pos,-0.184,3.144151196585169,250,-0.9253039263870853,0.35570372839384534,0.8536889481452289
criminal,asian→black,d_peak_speed,neg,0.0004290609210729599,0.0032008617397910415,250,2.1194445056675026,0.03504278132428934,0.10512834397286804
criminal,asian→black,d_peak_speed,pos,0.0014105592221021652,0.004525596373404949,250,4.928168078146718,1.5156226610202747e-06,3.0312453220405494e-05
criminal,asian→black,d_time_to_half,neg,-0.034,2.197991964202507,250,-0.2445810589774727,0.8069822580764666,0.9223229817726415
criminal,asian→black,d_time_to_half,pos,0.25,2.2994892046734288,250,1.719010929547657,0.08685519093772413,0.5191370878496289
criminal,asian→black,pull_AUC,neg,-0.8792838090347825,15.398797177223363,250,-0.9028430968527846,0.36748172862515915,0.5745957606496112
criminal,asian→black,pull_AUC,pos,-5.0728815090158,12.047783722782768,250,-6.657597877652061,1.7645853895918067e-10,1.058751233755084e-08
criminal,asian→black,pull_MAD,neg,-1.5697382069355807,33.76706789257829,250,-0.7350279982699045,0.46301414507433103,0.6613428735952244
criminal,asian→black,pull_MAD,pos,-10.346000417070464,25.004659629750073,250,-6.542165835376675,3.422893859042171e-10,2.0537363154253025e-08
criminal,asian→black,pull_early,neg,-0.09901821613311776,4.321886676840227,250,-0.36225278014046614,0.7174703993134881,0.9520793067151095
criminal,asian→black,pull_early,pos,-0.39676136037451215,5.3275591900157595,250,-1.1775275896339914,0.24010925262018204,0.820252629130358
criminal,asian→black,pull_final,neg,-1.392988835700264,31.771185537191975,233,-0.6692558490861353,0.5039977402165452,0.6181438009270281
criminal,asian→black,pull_final,pos,-11.06274743276851,35.952203069276685,228,-4.646275019957999,5.727725202381853e-06,0.00017183175607145558
criminal,asian→black,pull_release,neg,-1.9486884991056286,31.684061339055198,250,-0.9724596290553285,0.3317656606440784,0.536005845716499
criminal,asian→black,pull_release,pos,-9.555461630108766,23.308032090945837,250,-6.482105123157756,4.817147539810283e-10,2.89028852388617e-08
criminal,asian→black,pull_tcp,neg,-1.2718176897615194,27.85481042728842,250,-0.7219292837476555,0.4710153544626611,0.6712469672733267
criminal,asian→black,pull_tcp,pos,-4.055592270568013,25.669204971835438,250,-2.4981118133655533,0.013131522094092895,0.06060702504965951
criminal,asian→black,q_exploded,neg,0.008,0.06286340134701322,250,2.012158166696862,0.04528026312539456,nan
criminal,asian→black,q_exploded,pos,0.01,0.07014042140491769,250,2.2542476911513574,0.025050382500227265,nan
criminal,asian→black,q_jerk_in_grasp,neg,0.0,0.0,250,nan,nan,nan
criminal,asian→black,q_jerk_in_grasp,pos,0.0,0.0,250,nan,nan,nan
criminal,asian→black,q_tile_drift,neg,0.0016648300290107727,0.0038880283140268297,250,6.770340110082223,9.170917328875245e-11,6.878187996656434e-10
criminal,asian→black,q_tile_drift,pos,0.0034334339499473574,0.032768614463296646,250,1.6566876041926344,0.09884214363331564,0.10404436171927962
criminal,asian→black,xpos_reversals,neg,0.636,0.5297419239819483,250,18.982909420773197,2.673698861955686e-50,8.443259564070587e-50
criminal,asian→black,xpos_reversals,pos,0.648,0.5597762031297521,250,18.30334973451998,5.371057272038298e-48,1.4011453753143387e-47
criminal,asian→latino,d_approach_retreat,neg,0.038,0.9202954824948352,250,0.6528693956023672,0.5144428007581168,0.9845554210636229
criminal,asian→latino,d_approach_retreat,pos,0.062,1.3107357141887144,250,0.7479052138736926,0.4552231001921262,0.9845554210636229
criminal,asian→latino,d_latency,neg,0.246,2.361523060369861,250,1.6470732754131638,0.10080437717296623,0.8228741219424321
criminal,asian→latino,d_latency,pos,-0.292,2.7336105256645644,250,-1.6889477635894816,0.09248123323577102,0.8228741219424321
criminal,asian→latino,d_peak_speed,neg,-0.00010821197926998139,0.003166347098211647,250,-0.5403645178403504,0.5894286658990886,0.7158451301030685
criminal,asian→latino,d_peak_speed,pos,0.0002728031575679779,0.004181056538994631,250,1.031652314139776,0.30323601854386667,0.5351223856656471
criminal,asian→latino,d_time_to_half,neg,0.086,0.9556448232018262,250,1.4228920210298948,0.1560190875574418,0.5250796869731957
criminal,asian→latino,d_time_to_half,pos,0.128,3.4634662397047116,250,0.5843445734526094,0.5595175467818136,0.7629784728842913
criminal,asian→latino,pull_AUC,neg,-0.35766335997320703,13.851288965672087,250,-0.4082763907052583,0.683421637784168,0.7885634282125016
criminal,asian→latino,pull_AUC,pos,-1.4877606423276653,11.142472544378835,250,-2.1111616942165914,0.035755336477092343,0.10215810422026383
criminal,asian→latino,pull_MAD,neg,-0.6306088882684707,30.82466045816085,250,-0.32346834807503083,0.7466120760105516,0.7999415100113053
criminal,asian→latino,pull_MAD,pos,-3.207483123266138,23.061131322520545,250,-2.1991445441721287,0.028787493246984597,0.0785113452190489
criminal,asian→latino,pull_early,neg,-0.17256559431552884,2.763294788794465,250,-0.9874088100020403,0.3244007698976785,0.820252629130358
criminal,asian→latino,pull_early,pos,-0.11856123358011254,5.024754702380337,250,-0.3730764609611545,0.7094089355840796,0.9520793067151095
criminal,asian→latino,pull_final,neg,0.7994241073869603,33.81068421090295,223,0.3530821095879756,0.7243619151495178,0.8048465723883531
criminal,asian→latino,pull_final,pos,-2.2743106578189405,29.453511595448667,235,-1.1837135981937028,0.2377275391871115,0.41951918680078504
criminal,asian→latino,pull_release,neg,-0.7579249027185142,28.716176864851604,250,-0.4173203486021284,0.6768036951612519,0.7661928624467003
criminal,asian→latino,pull_release,pos,-2.5604415857960703,21.266085087444953,250,-1.9036948252664538,0.05810287905535171,0.1394469097328441
criminal,asian→latino,pull_tcp,neg,-0.9290915172896348,26.249669135838534,250,-0.5596347394271834,0.5762316625198782,0.6914779950238539
criminal,asian→latino,pull_tcp,pos,-2.46926936134696,26.61089637086303,250,-1.4671650344847988,0.14359306101074407,0.3190956911349868
criminal,asian→latino,q_exploded,neg,0.02,0.09817613873476319,250,3.221024681681281,0.001447437527999285,nan
criminal,asian→latino,q_exploded,pos,0.002,0.03162277660168379,250,1.0,0.31828130151580086,nan
criminal,asian→latino,q_jerk_in_grasp,neg,0.0,0.0,250,nan,nan,nan
criminal,asian→latino,q_jerk_in_grasp,pos,0.0,0.0,250,nan,nan,nan
criminal,asian→latino,q_tile_drift,neg,0.003995740219950676,0.04143148679205992,250,1.524883731158768,0.12855719578793443,0.1329902025392425
criminal,asian→latino,q_tile_drift,pos,0.0016201601922512055,0.0051896976289354715,250,4.936122244660544,1.4604263295911832e-06,3.2453918435359627e-06
criminal,asian→latino,xpos_reversals,neg,0.672,0.5931469406249101,250,17.9133570628747,1.1422993384163653e-46,2.4477842966064974e-46
criminal,asian→latino,xpos_reversals,pos,0.57,0.6226159349146458,250,14.475201847693471,7.207616976909234e-35,7.722446760974179e-35
criminal,asian→middle_eastern,d_approach_retreat,neg,-0.016,1.1317541561132074,250,-0.22353106586530175,0.8233054883236277,0.9845554210636229
criminal,asian→middle_eastern,d_approach_retreat,pos,-0.03,1.5050450633021861,250,-0.3151677385556246,0.7528982632347561,0.9845554210636229
criminal,asian→middle_eastern,d_latency,neg,-0.178,2.5521303802728506,250,-1.1027756024161133,0.2711893162101954,0.8228741219424321
criminal,asian→middle_eastern,d_latency,pos,-0.178,3.220372524536121,250,-0.8739445812888563,0.3829905305377923,0.8838243012410592
criminal,asian→middle_eastern,d_peak_speed,neg,0.00022407230734825133,0.003144949799711337,250,1.1265344392059866,0.2610238812448001,0.4745888749905456
criminal,asian→middle_eastern,d_peak_speed,pos,0.00026667395234107973,0.004292159022290096,250,0.9823693363381716,0.32687146922047916,0.544785782034132
criminal,asian→middle_eastern,d_time_to_half,neg,-0.086,1.8963090338357902,250,-0.7170663481583942,0.4740052491223936,0.7252669641101052
criminal,asian→middle_eastern,d_time_to_half,pos,-0.228,3.3377504869676837,250,-1.0800677122714046,0.2811570635885461,0.5817042694935436
criminal,asian→middle_eastern,pull_AUC,neg,0.6551039515070239,15.469642408364606,250,0.6695761079191278,0.5037484518297383,0.6792171166514459
criminal,asian→middle_eastern,pull_AUC,pos,-1.0920816070167902,12.188519851355116,250,-1.4166877155990452,0.15782411267012547,0.28695293212750084
criminal,asian→middle_eastern,pull_MAD,neg,1.466963457185775,34.243597469920346,250,0.6773449800385035,0.4988159314951436,0.6650879086601914
criminal,asian→middle_eastern,pull_MAD,pos,-2.721061213884968,26.34082667088032,250,-1.6333487168289227,0.10365945814957223,0.20731891629914445
criminal,asian→middle_eastern,pull_early,neg,-0.05506820306181903,4.315074497850337,250,-0.20178208790457616,0.8402518364956084,0.9520793067151095
criminal,asian→middle_eastern,pull_early,pos,0.43389842845499516,4.019858830099166,250,1.7066610608456996,0.08913177580341698,0.820252629130358
criminal,asian→middle_eastern,pull_final,neg,-0.045141978214656854,30.139994192242906,230,-0.02271440371995363,0.9818978659798995,0.9823821683708981
criminal,asian→middle_eastern,pull_final,pos,-3.8991695573713514,26.61140855878897,224,-2.1929476666960057,0.029344940121050798,0.09266823196121304
criminal,asian→middle_eastern,pull_release,neg,1.1145920860108163,32.0269953221369,250,0.5502623050243268,0.5826327517316003,0.7163243331648532
criminal,asian→middle_eastern,pull_release,pos,-2.3856638212455437,24.44349756913637,250,-1.5431775639428797,0.12405761381246104,0.25667092512922973
criminal,asian→middle_eastern,pull_tcp,neg,-0.2098760639782995,26.362151094958723,250,-0.12587864816721345,0.8999295621435839,0.930961616010604
criminal,asian→middle_eastern,pull_tcp,pos,-2.661321957129985,24.664501514484822,250,-1.7060630571847029,0.08924322837011099,0.2549806524860314
criminal,asian→middle_eastern,q_exploded,neg,0.008,0.06286340134701322,250,2.012158166696862,0.04528026312539456,nan
criminal,asian→middle_eastern,q_exploded,pos,0.008,0.06286340134701322,250,2.012158166696862,0.04528026312539456,nan
criminal,asian→middle_eastern,q_jerk_in_grasp,neg,0.0,0.0,250,nan,nan,nan
criminal,asian→middle_eastern,q_jerk_in_grasp,pos,0.0,0.0,250,nan,nan,nan
criminal,asian→middle_eastern,q_tile_drift,neg,0.0014525447189807892,0.004346563403392606,250,5.283886704198629,2.7616959088602596e-07,6.904239772150649e-07
criminal,asian→middle_eastern,q_tile_drift,pos,0.0014127919375896453,0.003708033575365681,250,6.024271749299279,6.071267226159645e-09,2.8021233351506055e-08
criminal,asian→middle_eastern,xpos_reversals,neg,0.66,0.5776979658602202,250,18.06396576629219,3.5039263994227405e-47,8.75981599855685e-47
criminal,asian→middle_eastern,xpos_reversals,pos,0.73,0.6242264289007255,250,18.49058759005256,1.2419945380143065e-48,3.5485558228980185e-48
criminal,black→latino,d_approach_retreat,neg,0.08,1.4098050222648566,250,0.8972241154562407,0.3704660070058058,0.9845554210636229
criminal,black→latino,d_approach_retreat,pos,-0.062,1.5246159566464743,250,-0.6429855796658892,0.520825112686895,0.9845554210636229
criminal,black→latino,d_latency,neg,-0.08,2.574902033462188,250,-0.49124628728750697,0.6236849711721617,0.9428815103207272
criminal,black→latino,d_latency,pos,-0.226,3.325682585370188,250,-1.0744782955865013,0.28364846234768915,0.8228741219424321
criminal,black→latino,d_peak_speed,neg,-8.905404806137085e-05,0.0029870125641353975,250,-0.4713967897445861,0.6377701679841483,0.7308214101536238
criminal,black→latino,d_peak_speed,pos,-0.00060691037774086,0.004613059437161065,250,-2.0802020387963887,0.03852986318441093,0.11008532338403124
criminal,black→latino,d_time_to_half,neg,0.264,2.233890118211047,250,1.8685818417805913,0.06285523405151154,0.5191370878496289
criminal,black→latino,d_time_to_half,pos,-0.226,3.2073466119452427,250,-1.114121480566465,0.26630132746779667,0.5747490138417767
criminal,black→latino,pull_AUC,neg,0.11385716557208786,14.654853914900157,250,0.12284256575653446,0.902330858316373,0.9273367076770431
criminal,black→latino,pull_AUC,pos,3.152485396208917,12.755954794697395,250,3.9076001376951464,0.00012017864857128289,0.0007210718914276973
criminal,black→latino,pull_MAD,neg,-0.3442324563488364,32.490072143914865,250,-0.16752172814437574,0.8670955260502996,0.8969953717761721
criminal,black→latino,pull_MAD,pos,6.48018030601088,26.273771945824624,250,3.899731157333476,0.00012391821824971644,0.0007435093094982986
criminal,black→latino,pull_early,neg,0.03709037862718108,5.4940628853155715,250,0.10674256755725546,0.9150791610448566,0.9652620803832446
criminal,black→latino,pull_early,pos,0.3580265149474145,5.681170111272303,250,0.9964313933495265,0.3200079114517462,0.820252629130358
criminal,black→latino,pull_final,neg,2.1330206318248917,33.690312445393566,223,0.9454584530250495,0.345452765148354,0.4999008974063665
criminal,black→latino,pull_final,pos,6.125252142354362,27.75838556522034,223,3.295203183815625,0.0011447774336898447,0.009074873310044656
criminal,black→latino,pull_release,neg,0.4917008266784251,30.08980501335611,250,0.25837564234818555,0.7963304510642211,0.8382425800676011
criminal,black→latino,pull_release,pos,5.958361886092462,24.721384588011347,250,3.8108696170533993,0.00017456342856048146,0.0010473805713628887
criminal,black→latino,pull_tcp,neg,0.6041240028571337,26.627416821352934,250,0.35872947252521825,0.7201014507062374,0.785565218952259
criminal,black→latino,pull_tcp,pos,1.9082566481083632,25.212722267080093,250,1.1967048429474734,0.23255977739952027,0.43604958262410054
criminal,black→latino,q_exploded,neg,0.004,0.04463146727910638,250,1.4170619309433983,0.15771479274702124,nan
criminal,black→latino,q_exploded,pos,0.004,0.04463146727910637,250,1.4170619309433985,0.15771479274702113,nan
criminal,black→latino,q_jerk_in_grasp,neg,0.0,0.0,250,nan,nan,nan
criminal,black→latino,q_jerk_in_grasp,pos,0.0,0.0,250,nan,nan,nan
criminal,black→latino,q_tile_drift,neg,0.0010176605582237243,0.002547679151621342,250,6.31579774646535,1.2271275222766906e-09,8.18085014851127e-09
criminal,black→latino,q_tile_drift,pos,0.0014214543104171752,0.0037233710874391437,250,6.036241224983394,5.69136531473035e-09,2.8021233351506055e-08
criminal,black→latino,xpos_reversals,neg,0.704,0.5618243376228744,250,19.81262935473711,4.329350807813521e-53,2.1646754039067608e-52
criminal,black→latino,xpos_reversals,pos,0.61,0.6019546474530797,250,16.02271351225899,3.4529164053449346e-40,3.836573783716594e-40
criminal,black→middle_eastern,d_approach_retreat,neg,-0.014,1.0261657099401773,250,-0.215715097539842,0.8293864290316699,0.9845554210636229
criminal,black→middle_eastern,d_approach_retreat,pos,-0.08,1.36640706712618,250,-0.9257205224558049,0.35548756097581247,0.9845554210636229
criminal,black→middle_eastern,d_latency,neg,0.008,2.6331864124537256,250,0.048037277500936545,0.9617250407237383,0.9780254651427848
criminal,black→middle_eastern,d_latency,pos,0.208,3.363627798653039,250,0.9777445554148704,0.32914964877697284,0.8228741219424321
criminal,black→middle_eastern,d_peak_speed,neg,-0.0003646298497915268,0.003206304565606294,250,-1.7981149398517289,0.07337004625118508,0.19140012065526543
criminal,black→middle_eastern,d_peak_speed,pos,-0.0012112776339054108,0.004507347417645972,250,-4.2490580900919035,3.0359171344473463e-05,0.00030359171344473463
criminal,black→middle_eastern,d_time_to_half,neg,0.006,2.33769615073745,250,0.04058197630822303,0.9676616732163729,0.9703812393111829
criminal,black→middle_eastern,d_time_to_half,pos,0.076,2.6052588151613465,250,0.461246116459091,0.645024685961894,0.8234357693130561
criminal,black→middle_eastern,pull_AUC,neg,1.784053421568312,16.07334075347967,250,1.7549781237453963,0.08049289574563223,0.17248477659778333
criminal,black→middle_eastern,pull_AUC,pos,4.224021494207031,13.05616755470428,250,5.115409537766344,6.254147308318999e-07,1.100898072369322e-05
criminal,black→middle_eastern,pull_MAD,neg,3.7496518177725373,35.012623842654136,250,1.6933092803953929,0.09164720857079342,0.19638687550884307
criminal,black→middle_eastern,pull_MAD,pos,8.0529334786674,26.89232008773153,250,4.734736823623773,3.684048991767506e-06,5.526073487651259e-05
criminal,black→middle_eastern,pull_early,neg,0.11836423128843296,5.99908494207815,250,0.3119647146025847,0.7553284060147676,0.9520793067151095
criminal,black→middle_eastern,pull_early,pos,0.5680870547890664,6.181101471178122,250,1.4531787018600022,0.1474332388303824,0.820252629130358
criminal,black→middle_eastern,pull_final,neg,1.5188931741119762,37.0022044003831,224,0.6143610043490009,0.5396030851420295,0.6475237021704353
criminal,black→middle_eastern,pull_final,pos,6.411008069518934,31.80995946393477,218,2.9757158254632623,0.0032543555695271923,0.016271777847635963
criminal,black→middle_eastern,pull_release,neg,4.004836233332753,32.313073529822866,250,1.9596409084410715,0.051153326925426124,0.1334434615445899
criminal,black→middle_eastern,pull_release,pos,7.705638103769161,25.524390175150952,250,4.773349542472927,3.0921567152629343e-06,4.638235072894401e-05
criminal,black→middle_eastern,pull_tcp,neg,1.9244022145867348,26.924647195730216,250,1.1300972837503402,0.2595226470756504,0.45798114189820666
criminal,black→middle_eastern,pull_tcp,pos,4.009549335110933,26.293327624836525,250,2.4111265927762373,0.01662819240265242,0.07126368172565321
criminal,black→middle_eastern,q_exploded,neg,0.0,0.0,250,nan,nan,nan
criminal,black→middle_eastern,q_exploded,pos,0.016,0.08817652976618226,250,2.869042516010818,0.004470526330120834,nan
criminal,black→middle_eastern,q_jerk_in_grasp,neg,0.0,0.0,250,nan,nan,nan
criminal,black→middle_eastern,q_jerk_in_grasp,pos,0.0,0.0,250,nan,nan,nan
criminal,black→middle_eastern,q_tile_drift,neg,0.0015292417109012604,0.0035478353749007854,250,6.815263940362455,7.051678263973993e-11,6.346067681937425e-10
criminal,black→middle_eastern,q_tile_drift,pos,0.001415378898382187,0.003057770814680713,250,7.318764783709072,3.4410061344505852e-12,6.877501538210328e-11
criminal,black→middle_eastern,xpos_reversals,neg,0.666,0.5698622393943559,250,18.478825021907564,1.361570342758078e-48,3.713373662067485e-48
criminal,black→middle_eastern,xpos_reversals,pos,0.662,0.5883371161579014,250,17.791056806873463,2.985110111720374e-46,5.970220223440748e-46
criminal,latino→middle_eastern,d_approach_retreat,neg,0.014,1.1524393545273668,250,0.19207903248199074,0.8478368507860596,0.9845554210636229
criminal,latino→middle_eastern,d_approach_retreat,pos,-0.176,1.5126720420591202,250,-1.839661383018681,0.06700833811919639,0.6247655997322277
criminal,latino→middle_eastern,d_latency,neg,0.206,2.4886416675362466,250,1.3088047316984779,0.1918071423993946,0.8228741219424321
criminal,latino→middle_eastern,d_latency,pos,-0.15,2.9819571212699167,250,-0.7953529003516497,0.4271657561274974,0.9385598477775448
criminal,latino→middle_eastern,d_peak_speed,neg,-9.910449385643005e-06,0.0030717890748855076,250,-0.051011954158370086,0.9593568924078676,0.9756171787198653
criminal,latino→middle_eastern,d_peak_speed,pos,0.00019390033185482026,0.004264448881909632,250,0.7189284063467957,0.4728591555958881,0.6604345544528832
criminal,latino→middle_eastern,d_time_to_half,neg,-0.102,2.2469515269935476,250,-0.7177554065190587,0.4735809559844024,0.7252669641101052
criminal,latino→middle_eastern,d_time_to_half,pos,-0.188,1.9621560144136343,250,-1.5149361104430745,0.13105693929936044,0.5242277571974417
criminal,latino→middle_eastern,pull_AUC,neg,0.10467689635561243,14.940484649664807,250,0.11077867239351585,0.9118810958824257,0.9273367076770431
criminal,latino→middle_eastern,pull_AUC,pos,0.28784749737594395,12.331313897160241,250,0.369082207329482,0.7123800985908275,0.8064680361405594
criminal,latino→middle_eastern,pull_MAD,neg,-0.14575996635481714,32.93654355150226,250,-0.06997295946218213,0.9442713449364183,0.9602759440031373
criminal,latino→middle_eastern,pull_MAD,pos,0.8532212492707186,25.851035286000528,250,0.5218596597581725,0.6022319460481957,0.7374268727120764
criminal,latino→middle_eastern,pull_early,neg,0.28547638952732085,6.203292850583489,250,0.7276422626273872,0.46751623866963243,0.8736276839043877
criminal,latino→middle_eastern,pull_early,pos,0.30513672530651087,4.223700454948469,250,1.1422768494427797,0.25443615985795165,0.820252629130358
criminal,latino→middle_eastern,pull_final,neg,1.6199455530057143,30.222225453720597,226,0.8058017319887355,0.4212079707260694,0.5743745055355493
criminal,latino→middle_eastern,pull_final,pos,1.901624847216428,26.222583142521,225,1.0877789023764395,0.27786175970723265,0.46210843762526727
criminal,latino→middle_eastern,pull_release,neg,-0.27809190050538746,30.089191332767328,250,-0.14613284131107204,0.8839347559636078,0.8839347559636078
criminal,latino→middle_eastern,pull_release,pos,0.7711888556368649,23.711078970267064,250,0.5142560768764137,0.607529070398964,0.7163243331648532
criminal,latino→middle_eastern,pull_tcp,neg,2.454814066295512,27.207396546426367,250,1.4265980334551753,0.15494843575774858,0.325244975881514
criminal,latino→middle_eastern,pull_tcp,pos,-0.12773438403382897,25.384193272479916,250,-0.07956360573086743,0.9366482477472957,0.9525236417769108
criminal,latino→middle_eastern,q_exploded,neg,0.002,0.03162277660168379,250,1.0,0.31828130151580086,nan
criminal,latino→middle_eastern,q_exploded,pos,0.01,0.07014042140491769,250,2.2542476911513574,0.025050382500227265,nan
criminal,latino→middle_eastern,q_jerk_in_grasp,neg,0.0,0.0,250,nan,nan,nan
criminal,latino→middle_eastern,q_jerk_in_grasp,pos,0.0,0.0,250,nan,nan,nan
criminal,latino→middle_eastern,q_tile_drift,neg,0.001899521842598915,0.005741715181853449,250,5.230854629324718,3.579615980798699e-07,8.260652263381614e-07
criminal,latino→middle_eastern,q_tile_drift,pos,0.001871860980987549,0.004271589253278061,250,6.928737540220222,3.61302764720986e-11,4.3356331766518315e-10
criminal,latino→middle_eastern,xpos_reversals,neg,0.652,0.5815917777822651,250,17.725534586234097,4.9958976509168085e-46,9.669479324355113e-46
criminal,latino→middle_eastern,xpos_reversals,pos,0.516,0.5805965634396328,250,14.05222985630488,2.0261090379113726e-33,2.060449869062413e-33
education,asian→black,d_approach_retreat,neg,-0.022,1.878999349179469,250,-0.18512541942626157,0.8532813649218065,0.9845554210636229
education,asian→black,d_approach_retreat,pos,-0.014,1.4419155599159443,250,-0.15351761390569266,0.8781144422658668,0.9940918214330567
education,asian→black,d_latency,neg,0.048,3.218560630176241,250,0.23580311998001816,0.8137792804367413,0.9428815103207272
education,asian→black,d_latency,pos,-0.352,3.2779683197402756,250,-1.6978836093014253,0.09077903337548053,0.8228741219424321
education,asian→black,d_peak_speed,neg,0.0012325924783945083,0.004304066546853109,250,4.528042975274604,9.23520925518518e-06,0.00013852813882777768
education,asian→black,d_peak_speed,pos,0.0012223250716924667,0.003860248323215575,250,5.006583701404202,1.0493131899511254e-06,3.0312453220405494e-05
education,asian→black,d_time_to_half,neg,-0.304,3.073984633355283,250,-1.5636584488092964,0.11916779989214239,0.5191370878496289
education,asian→black,d_time_to_half,pos,0.078,1.0024648337831545,250,1.2302559111339793,0.21976228948060786,0.5408464906567234
education,asian→black,pull_AUC,neg,-3.9422021072928675,12.265315999905908,250,-5.081947198040628,7.339320482462147e-07,1.100898072369322e-05
education,asian→black,pull_AUC,pos,-4.915457668134139,13.118734736009115,250,-5.924367816805417,1.0374967740063497e-08,3.112490322019049e-07
education,asian→black,pull_MAD,neg,-8.552688501009252,26.15988985625961,250,-5.169359643662434,4.824151781708493e-07,9.648303563416986e-06
education,asian→black,pull_MAD,pos,-11.233726054551079,29.51309222622685,250,-6.018373247786918,6.267499729432447e-09,1.8802499188297341e-07
education,asian→black,pull_early,neg,-0.15635312758386147,5.527482084207789,250,-0.4472488512160999,0.6550841943182033,0.9520793067151095
education,asian→black,pull_early,pos,-0.1839741364121437,2.906254001437489,250,-1.0009058075053552,0.31784402061985567,0.820252629130358
education,asian→black,pull_final,neg,-7.265299178093215,40.62037899411266,212,-2.6042187544672584,0.009862938206763676,0.042269735171844326
education,asian→black,pull_final,pos,-7.89547228977686,36.041914189589264,224,-3.278644087515843,0.001209983108005954,0.009074873310044656
education,asian→black,pull_release,neg,-8.30532687494997,24.37385351545532,250,-5.387689234366788,1.6528824485608074e-07,3.305764897121615e-06
education,asian→black,pull_release,pos,-10.44072253559716,29.616764811758898,250,-5.5739483769048865,6.461056966702597e-08,1.938317090010779e-06
education,asian→black,pull_tcp,neg,-5.976519321091473,28.946574436262576,250,-3.2645336974616543,0.001250255026012126,0.01071647165153251
education,asian→black,pull_tcp,pos,-6.308860241959337,25.39054138588143,250,-3.928700751407769,0.00011067224478703621,0.002292205477171367
education,asian→black,q_exploded,neg,0.01,0.07014042140491769,250,2.2542476911513574,0.025050382500227265,nan
education,asian→black,q_exploded,pos,0.01,0.07014042140491769,250,2.2542476911513574,0.025050382500227265,nan
education,asian→black,q_jerk_in_grasp,neg,0.0,0.0,250,nan,nan,nan
education,asian→black,q_jerk_in_grasp,pos,0.0,0.0,250,nan,nan,nan
education,asian→black,q_tile_drift,neg,0.0073000496923923495,0.03519220689115756,250,3.2798147799835324,0.0011871401387190915,0.00192509211684177
education,asian→black,q_tile_drift,pos,0.0028987835347652436,0.008166137551677052,250,5.612664711831552,5.2996736585511727e-08,1.7665578861837242e-07
education,asian→black,xpos_reversals,neg,0.78,0.6982479508048791,250,17.66261234342387,8.193829633103445e-46,1.489787206018808e-45
education,asian→black,xpos_reversals,pos,0.62,0.6807744231836593,250,14.39986640608163,1.306550126627069e-34,1.3753159227653359e-34
education,asian→latino,d_approach_retreat,neg,-0.11,1.9354285143441867,250,-0.8986396036858784,0.3697128087606927,0.9845554210636229
education,asian→latino,d_approach_retreat,pos,-0.134,1.4986754526747275,250,-1.4137323918473912,0.1586894842854532,0.9845554210636229
education,asian→latino,d_latency,neg,-0.08,2.974726203188412,250,-0.42521932361760806,0.671044045017271,0.9428815103207272
education,asian→latino,d_latency,pos,0.082,3.0415918734271354,250,0.42626818278816503,0.6702807052746158,0.9428815103207272
education,asian→latino,d_peak_speed,neg,0.00015838254988193511,0.004277355809460359,250,0.5854663740439865,0.5587643935992637,0.7158451301030685
education,asian→latino,d_peak_speed,pos,0.00016909176111221314,0.003787501275183219,250,0.7058942820525034,0.4809137869576048,0.6604345544528832
education,asian→latino,d_time_to_half,neg,0.09,3.015838378378058,250,0.47185053326401566,0.6374466918005264,0.8234357693130561
education,asian→latino,d_time_to_half,pos,0.166,1.0477763794653236,250,2.505010142793183,0.012884468361993456,0.3865340508598037
education,asian→latino,pull_AUC,neg,-1.1766922112662546,10.835620804068746,250,-1.717034750415118,0.08721627493447333,0.18044746538166895
education,asian→latino,pull_AUC,pos,-0.951112384553987,12.80883313756969,250,-1.1740653554002103,0.2414905369639642,0.41398377765251004
education,asian→latino,pull_MAD,neg,-2.258226884566248,23.433511928726734,250,-1.5237025611814685,0.12885204774365522,0.24062050865503712
education,asian→latino,pull_MAD,pos,-2.424298683819361,28.565461391231505,250,-1.3418837288185428,0.18085606520429423,0.3191577621252251
education,asian→latino,pull_early,neg,0.03904339615255606,4.435886460942538,250,0.13916728991762561,0.889430447629996,0.9652620803832446
education,asian→latino,pull_early,pos,0.27009104341268536,2.9848039692706485,250,1.430752038640928,0.1537550428658903,0.820252629130358
education,asian→latino,pull_final,neg,-3.4525228401839234,37.04727367759698,198,-1.3113327324710775,0.19127170706020083,0.347766740109456
education,asian→latino,pull_final,pos,-4.332225595419182,37.06355472335284,205,-1.6735586034297827,0.09575000175049259,0.22096154250113673
education,asian→latino,pull_release,neg,-1.9823260080593172,21.92078296187278,250,-1.4298451979019056,0.15401496505974988,0.2930957276584112
education,asian→latino,pull_release,pos,-1.7095973803661764,28.244200226265587,250,-0.957049865194421,0.3394703689537827,0.536005845716499
education,asian→latino,pull_tcp,neg,-1.0237606219016016,27.78933190767127,250,-0.5824924749460835,0.56076208987771,0.6914779950238539
education,asian→latino,pull_tcp,pos,-2.8530221183318645,28.146029085405225,250,-1.6027213077537448,0.11026393959270168,0.28395840637810854
education,asian→latino,q_exploded,neg,0.016,0.08817652976618226,250,2.8690425160108184,0.0044705263301208255,nan
education,asian→latino,q_exploded,pos,0.014,0.08265183180792075,250,2.678215731820878,0.007894212526393,nan
education,asian→latino,q_jerk_in_grasp,neg,0.0,0.0,250,nan,nan,nan
education,asian→latino,q_jerk_in_grasp,pos,0.0,0.0,250,nan,nan,nan
education,asian→latino,q_tile_drift,neg,0.007087813824415207,0.047423053620876975,250,2.363158169396508,0.018889084759079112,0.02361135594884889
education,asian→latino,q_tile_drift,pos,0.0035670251846313477,0.017657375809610618,250,3.1941111114818725,0.0015834573638126208,0.0024360882520194165
education,asian→latino,xpos_reversals,neg,0.548,0.7026170242250922,250,12.331953952322017,1.3681972919476446e-27,1.3681972919476446e-27
education,asian→latino,xpos_reversals,pos,0.61,0.6002844038135985,250,16.067295439027472,2.425839427060482e-40,2.746233313653376e-40
education,asian→middle_eastern,d_approach_retreat,neg,-0.048,1.904785771508535,250,-0.39844199268632047,0.6906458496759803,0.9845554210636229
education,asian→middle_eastern,d_approach_retreat,pos,-0.024,1.3138985186341736,250,-0.2888147857984316,0.7729634134549199,0.9845554210636229
education,asian→middle_eastern,d_latency,neg,0.03,3.115594278920696,250,0.15224756709643794,0.8791149678030139,0.9428815103207272
education,asian→middle_eastern,d_latency,pos,0.208,2.936191561110095,250,1.1200797693634539,0.2637589740834961,0.8228741219424321
education,asian→middle_eastern,d_peak_speed,neg,6.90745711326599e-05,0.003965999690337425,250,0.27538198466165026,0.7832511657710124,0.8244749113379077
education,asian→middle_eastern,d_peak_speed,pos,0.00013488830626010893,0.0037959882499262547,250,0.561848785375692,0.5747244248607931,0.7158451301030685
education,asian→middle_eastern,d_time_to_half,neg,-0.208,3.9197184555889137,250,-0.8390318855390844,0.4022561913140802,0.6895820422527089
education,asian→middle_eastern,d_time_to_half,pos,0.074,0.9815179621586967,250,1.1920747040522546,0.23436681261791348,0.5408464906567234
education,asian→middle_eastern,pull_AUC,neg,-0.5891591438549103,12.546618905761022,250,-0.7424648875087932,0.4585055435839531,0.6550079194056473
education,asian→middle_eastern,pull_AUC,pos,-0.6882981893308024,14.457923907169175,250,-0.7527325505482318,0.4523216855077815,0.6550079194056473
education,asian→middle_eastern,pull_MAD,neg,-1.9955267354426907,26.042968567879566,250,-1.2115380777946685,0.2268377433286982,0.3780629055478303
education,asian→middle_eastern,pull_MAD,pos,-1.6295059987953573,32.87304551204303,250,-0.7837652911126137,0.43392273869891007,0.6613428735952244
education,asian→middle_eastern,pull_early,neg,0.24971863329410546,6.138780969400984,250,0.6431893069079362,0.5206931462363467,0.8736276839043877
education,asian→middle_eastern,pull_early,pos,0.12898103706538688,2.937304774993677,250,0.6942995081232262,0.4881416692143127,0.8736276839043877
education,asian→middle_eastern,pull_final,neg,-0.7630683037198402,41.42063398430642,220,-0.27324864229465234,0.7849195985931335,0.8393303631839418
education,asian→middle_eastern,pull_final,pos,0.15226941640404137,34.82178595094377,220,0.0648594082542159,0.9483451055264855,0.9810466608894678
education,asian→middle_eastern,pull_release,neg,-1.9266204391606152,24.613331548074218,250,-1.2376440715637482,0.2170138359059455,0.3829655927751979
education,asian→middle_eastern,pull_release,pos,-1.5687954308050394,32.23427877007252,250,-0.7695172551549296,0.44231566733340644,0.6171846520931253
education,asian→middle_eastern,pull_tcp,neg,-3.111370467580855,27.498870750957117,250,-1.7889857025849194,0.07483257330240352,0.22449771990721054
education,asian→middle_eastern,pull_tcp,pos,-1.1101478564087301,28.5025946254576,250,-0.6158379284301349,0.5385640073054578,0.6914779950238539
education,asian→middle_eastern,q_exploded,neg,0.01,0.07014042140491769,250,2.2542476911513574,0.025050382500227265,nan
education,asian→middle_eastern,q_exploded,pos,0.014,0.08265183180792075,250,2.678215731820878,0.007894212526393,nan
education,asian→middle_eastern,q_jerk_in_grasp,neg,0.0,0.0,250,nan,nan,nan
education,asian→middle_eastern,q_jerk_in_grasp,pos,0.0,0.0,250,nan,nan,nan
education,asian→middle_eastern,q_tile_drift,neg,0.00973605114221573,0.05461476867449269,250,2.8186603891691404,0.005209944299020329,0.007442777570029041
education,asian→middle_eastern,q_tile_drift,pos,0.0026813656091690063,0.00705623352859003,250,6.0083205369148525,6.616330338462682e-09,2.835570145055435e-08
education,asian→middle_eastern,xpos_reversals,neg,0.678,0.6701585258721975,250,15.996396157191,4.2530461468823376e-40,4.6396867056898226e-40
education,asian→middle_eastern,xpos_reversals,pos,0.674,0.6390285046215666,250,16.676682867344788,1.9527340165755315e-42,2.7247451394077183e-42
education,black→latino,d_approach_retreat,neg,0.004,1.7533628045838066,250,0.036071001984315565,0.9712546445983529,1.0
education,black→latino,d_approach_retreat,pos,0.052,1.4545648958175013,250,0.5652495767001763,0.5724129576611576,0.9845554210636229
education,black→latino,d_latency,neg,0.116,3.122747220125768,250,0.5873421425458162,0.5575061502376377,0.9428815103207272
education,black→latino,d_latency,pos,0.228,3.002344465439738,250,1.2007271564237205,0.2309980537089821,0.8228741219424321
education,black→latino,d_peak_speed,neg,-0.0008021584898233414,0.00402767605900008,250,-3.1490217126753124,0.0018381450562507025,0.010904140321562346
education,black→latino,d_peak_speed,pos,-0.0003205481469631195,0.004091773282305464,250,-1.2386588579251718,0.21663827917090794,0.4093849030006007
education,black→latino,d_time_to_half,neg,0.098,1.712637881764918,250,0.9047540463636653,0.36647025347727546,0.6467122120187214
education,black→latino,d_time_to_half,pos,0.03,1.5950790288991121,250,0.2973781489388879,0.7664257684878263,0.9223229817726415
education,black→latino,pull_AUC,neg,2.5731691571922948,13.019069872359896,250,3.1250601699660923,0.0019884191921044386,0.007953676768417755
education,black→latino,pull_AUC,pos,2.9968056032663206,13.83011448442289,250,3.4261218234130757,0.0007160540136050602,0.0032944352783744286
education,black→latino,pull_MAD,neg,5.44163913147524,27.228471505173644,250,3.159922850772683,0.00177331489815787,0.00709325959263148
education,black→latino,pull_MAD,pos,6.291669651735574,31.307473421284932,250,3.17751709266263,0.0016731255234109035,0.00709325959263148
education,black→latino,pull_early,neg,0.027096999995410286,5.0725654416243575,250,0.08446242707874183,0.9327566424563043,0.9652620803832446
education,black→latino,pull_early,pos,-0.009916660189628715,2.4026267087527966,250,-0.06526031044877251,0.9480191063975316,0.9652620803832446
education,black→latino,pull_final,neg,2.146346820066276,39.06549885239705,206,0.7885697895063706,0.43127445946229703,0.575032612616396
education,black→latino,pull_final,pos,5.029652048116467,32.97413007472297,224,2.2829090194150656,0.023378088014612722,0.07792696004870908
education,black→latino,pull_release,neg,5.4449600885564,25.876267811386697,250,3.3270786525430567,0.0010101806126142907,0.004329345482632674
education,black→latino,pull_release,pos,6.164581808960065,31.11922299810007,250,3.13216678641767,0.0019427072776994996,0.007770829110797998
education,black→latino,pull_tcp,neg,1.7269789725542068,30.04926325242802,250,0.908705644230302,0.36438419997453453,0.590893297256002
education,black→latino,pull_tcp,pos,3.6631493988097645,27.38191836934954,250,2.11524542463796,0.035402481700896736,0.12494993541492964
education,black→latino,q_exploded,neg,0.024,0.10709752339840678,250,3.5432501815056043,0.0004718117123891182,nan
education,black→latino,q_exploded,pos,0.002,0.03162277660168379,250,1.0,0.31828130151580086,nan
education,black→latino,q_jerk_in_grasp,neg,0.0,0.0,250,nan,nan,nan
education,black→latino,q_jerk_in_grasp,pos,0.0,0.0,250,nan,nan,nan
education,black→latino,q_tile_drift,neg,0.0045744357705116276,0.00670215162988748,250,10.791785119017746,1.5884629166532337e-22,9.530777499919402e-21
education,black→latino,q_tile_drift,pos,0.0017485276460647583,0.004061533144726778,250,6.806949144950717,7.403745628926996e-11,6.346067681937425e-10
education,black→latino,xpos_reversals,neg,0.658,0.6447470784584626,250,16.13639495168993,1.4035899999053604e-40,1.6195269229677234e-40
education,black→latino,xpos_reversals,pos,0.718,0.595731132583582,250,19.056544436028275,1.5082060607214582e-50,5.027353535738194e-50
education,black→middle_eastern,d_approach_retreat,neg,0.0,1.5169722539575694,250,0.0,1.0,1.0
education,black→middle_eastern,d_approach_retreat,pos,-0.034,1.2213972510939755,250,-0.4401411594361465,0.6602166877809412,0.9845554210636229
education,black→middle_eastern,d_latency,neg,-0.144,2.980064957109891,250,-0.7640235860930175,0.44557655464841295,0.9385598477775448
education,black→middle_eastern,d_latency,pos,0.236,3.3175788336178353,250,1.1247623119567238,0.2617728273951613,0.8228741219424321
education,black→middle_eastern,d_peak_speed,neg,-0.0008165269941091538,0.004169076486582041,250,-3.0967110830253692,0.002180828064312469,0.010904140321562346
education,black→middle_eastern,d_peak_speed,pos,-0.0006738123744726181,0.003886103358412235,250,-2.7415403328468795,0.006558666010072882,0.02623466404029153
education,black→middle_eastern,d_time_to_half,neg,-0.042,3.2606384424233297,250,-0.2036651166210909,0.8387815507878874,0.9223229817726415
education,black→middle_eastern,d_time_to_half,pos,0.014,1.0636396557429948,250,0.20811506511306044,0.8353092490917974,0.9223229817726415
education,black→middle_eastern,pull_AUC,neg,3.183230512360885,12.426631911063746,250,4.050276377560892,6.83759549262661e-05,0.0004558396995084406
education,black→middle_eastern,pull_AUC,pos,4.023763527766536,13.962023075222138,250,4.556738463008871,8.144283982382535e-06,8.144283982382536e-05
education,black→middle_eastern,pull_MAD,neg,6.749093363925349,26.520952007701258,250,4.023706834681928,7.603856588862352e-05,0.0005702892441646764
education,black→middle_eastern,pull_MAD,pos,9.035699266096781,32.2557763943887,250,4.4291896099187325,1.4173670609525713e-05,0.00014173670609525713
education,black→middle_eastern,pull_early,neg,-0.07547428794205191,4.306808755382265,250,-0.27708527152267576,0.7819445185402691,0.9520793067151095
education,black→middle_eastern,pull_early,pos,0.09072305038571356,3.122084968253107,250,0.4594549450356503,0.6463083682749611,0.9520793067151095
education,black→middle_eastern,pull_final,neg,7.509175065719961,37.21585157748678,204,2.881902953508021,0.004377945329173807,0.020205901519263728
education,black→middle_eastern,pull_final,pos,7.4819683931255065,34.170459025466265,217,3.225484232796453,0.0014527819754419976,0.009172394490380898
education,black→middle_eastern,pull_release,neg,6.348739788169041,25.050124894172715,250,4.007261059009605,8.118361658305395e-05,0.000610667842073509
education,black→middle_eastern,pull_release,pos,8.867991887498647,31.7573495412001,250,4.4152067224643545,1.5050170728763258e-05,0.00015050170728763258
education,black→middle_eastern,pull_tcp,neg,1.1505413078702986,28.245084194919126,250,0.6440644768256057,0.5201264429596392,0.6914779950238539
education,black→middle_eastern,pull_tcp,pos,5.983038550883066,26.231495577455956,250,3.606357306909349,0.0003751216872666728,0.0037512168726667274
education,black→middle_eastern,q_exploded,neg,0.016,0.08817652976618226,250,2.869042516010818,0.004470526330120834,nan
education,black→middle_eastern,q_exploded,pos,0.02,0.09817613873476319,250,3.221024681681281,0.001447437527999285,nan
education,black→middle_eastern,q_jerk_in_grasp,neg,0.0,0.0,250,nan,nan,nan
education,black→middle_eastern,q_jerk_in_grasp,pos,0.0,0.0,250,nan,nan,nan
education,black→middle_eastern,q_tile_drift,neg,0.004995953530073166,0.010862833392519831,250,7.271856093396714,4.585001025473552e-12,6.877501538210328e-11
education,black→middle_eastern,q_tile_drift,pos,0.002301307290792465,0.004616676922719007,250,7.881613503257225,1.0090050838067115e-13,3.0270152514201345e-12
education,black→middle_eastern,xpos_reversals,neg,0.714,0.6819561987606774,250,16.554334819915525,5.1381545031086265e-42,6.701940656228643e-42
education,black→middle_eastern,xpos_reversals,pos,0.686,0.582891973018016,250,18.60827198943482,4.9538890529483905e-49,1.4861667158845172e-48
education,latino→middle_eastern,d_approach_retreat,neg,-0.204,1.7875023520640576,250,-1.804486136562105,0.07236336415807165,0.6247655997322277
education,latino→middle_eastern,d_approach_retreat,pos,0.026,1.7396636798173093,250,0.2363077993701981,0.8133881042248741,0.9845554210636229
education,latino→middle_eastern,d_latency,neg,0.034,3.068469655071789,250,0.1751971707916555,0.8610670871802317,0.9428815103207272
education,latino→middle_eastern,d_latency,pos,-0.26,3.208047110791897,250,-1.2814528017339855,0.2012267092781853,0.8228741219424321
education,latino→middle_eastern,d_peak_speed,neg,-4.423891007900238e-05,0.004203816069269006,250,-0.16639133914028878,0.8679840212582619,0.8979145047499261
education,latino→middle_eastern,d_peak_speed,pos,0.00010338157415390014,0.003836182609228346,250,0.4261022945485901,0.6704014128060183,0.7448904586733536
education,latino→middle_eastern,d_time_to_half,neg,0.136,3.097722962145066,250,0.694170794222817,0.488222235605974,0.7252669641101052
education,latino→middle_eastern,d_time_to_half,pos,-0.28,2.561218334587998,250,-1.7285479587775545,0.0851296341212962,0.5191370878496289
education,latino→middle_eastern,pull_AUC,neg,0.20145915790446878,12.43783813170858,250,0.2561014975960785,0.798083916674049,0.8487645752587158
education,latino→middle_eastern,pull_AUC,pos,0.04219382679056878,14.154728890021588,250,0.04713216229485347,0.9624456738304528,0.9624456738304528
education,latino→middle_eastern,pull_MAD,neg,0.7479427243093961,26.032728090855684,250,0.45427481897294636,0.6500267745143111,0.7755916739368042
education,latino→middle_eastern,pull_MAD,pos,0.07627435076050472,32.104551919665674,250,0.03756487180654955,0.970064715184152,0.970064715184152
education,latino→middle_eastern,pull_early,neg,0.41680721268057824,4.957566434325527,250,1.3293418804544617,0.18495185855356513,0.820252629130358
education,latino→middle_eastern,pull_early,pos,0.38744312264025205,3.874315379232276,250,1.5811861082330494,0.11510486806161652,0.820252629130358
education,latino→middle_eastern,pull_final,neg,-1.8966040745109431,28.48341678281943,198,-0.9369516700605856,0.3499306281844565,0.4999008974063665
education,latino→middle_eastern,pull_final,pos,1.172460028337891,38.026389435228,223,0.4604318792588618,0.6456569343788743,0.759596393386911
education,latino→middle_eastern,pull_release,neg,0.5355960168526508,23.43568851633592,250,0.3613513035445285,0.7181432629850308,0.7979369588722565
education,latino→middle_eastern,pull_release,pos,-0.363346922385972,31.151956007455755,250,-0.1844192151653489,0.8538347042049597,0.8683064788525013
education,latino→middle_eastern,pull_tcp,neg,-0.8884582407772541,28.85050135844747,250,-0.4869155672367144,0.6267465021285255,0.7231690409175293
education,latino→middle_eastern,pull_tcp,pos,0.0352407933678478,26.47299318882259,250,0.021048087157897907,0.9832241527659379,0.9832241527659379
education,latino→middle_eastern,q_exploded,neg,0.028,0.11519147670388154,250,3.8433301238220436,0.00015413562876865312,nan
education,latino→middle_eastern,q_exploded,pos,0.012,0.07667801557349509,250,2.4744597025759245,0.014010888417100414,nan
education,latino→middle_eastern,q_jerk_in_grasp,neg,0.0,0.0,250,nan,nan,nan
education,latino→middle_eastern,q_jerk_in_grasp,pos,0.0,0.0,250,nan,nan,nan
education,latino→middle_eastern,q_tile_drift,neg,0.00504541203379631,0.015051872382423627,250,5.300003001437132,2.5513649899226214e-07,6.655734756319882e-07
education,latino→middle_eastern,q_tile_drift,pos,0.004634368255734444,0.03544137383846228,250,2.0675213199831175,0.03971832054365432,0.048634678216719573
education,latino→middle_eastern,xpos_reversals,neg,0.718,0.6880185156750119,250,16.50039430823532,7.872335308424458e-42,9.840419135530574e-42
education,latino→middle_eastern,xpos_reversals,pos,0.63,0.5911835518414492,250,16.849546301656755,4.9811804588364105e-43,7.471770688254615e-43
janitor,asian→black,d_approach_retreat,neg,-0.042,1.3492657530261252,250,-0.49217754704436006,0.6230274835517152,0.9845554210636229
janitor,asian→black,d_approach_retreat,pos,-0.006,0.7946634255075272,250,-0.11938177442161993,0.9050691605256937,1.0
janitor,asian→black,d_latency,neg,0.08,1.2664975579356748,250,0.998747337601733,0.3188866804383325,0.8228741219424321
janitor,asian→black,d_latency,pos,-0.236,1.5367989471678019,250,-2.428090965233625,0.01588782897046167,0.47663486911385006
janitor,asian→black,d_peak_speed,neg,0.0007656779885292053,0.0024383193266302307,250,4.965072399591723,1.275484114044515e-06,3.0312453220405494e-05
janitor,asian→black,d_peak_speed,pos,0.0001143721044063568,0.0019551648561860918,250,0.9249254597798565,0.35590018311866667,0.5619476575557895
janitor,asian→black,d_time_to_half,neg,-0.062,0.6202376795362128,250,-1.5805329263214523,0.11525428455367893,0.5191370878496289
janitor,asian→black,d_time_to_half,pos,-0.034,1.008918065380238,250,-0.5328353418134308,0.5946227699353157,0.7928303599137542
janitor,asian→black,pull_AUC,neg,-3.2540830479277765,10.279386397192038,250,-5.005315360849546,1.0556089064134512e-06,1.2667306876961413e-05
janitor,asian→black,pull_AUC,pos,-2.422119213817362,14.14208719653995,250,-2.7080208789807276,0.007237743638563258,0.02285603254283134
janitor,asian→black,pull_MAD,neg,-6.949142586365342,23.600010455687368,250,-4.655743352200941,5.253727488047015e-06,6.304472985656418e-05
janitor,asian→black,pull_MAD,pos,-6.9204844588786365,36.97532997712043,250,-2.9593371330825224,0.0033801983169099844,0.012004357528117566
janitor,asian→black,pull_early,neg,-0.1612064078450203,2.1178323849565794,250,-1.2035405299904125,0.229910183940509,0.820252629130358
janitor,asian→black,pull_early,pos,-0.05329444408416748,0.8249050869714301,250,-1.0215225521108506,0.30799837250111795,0.820252629130358
janitor,asian→black,pull_final,neg,-7.751828959832589,25.740033564288133,240,-4.665526855525728,5.1275505792982905e-06,0.00017183175607145558
janitor,asian→black,pull_final,pos,-5.771176469680227,35.56899117384612,244,-2.534473296226813,0.011890545835229607,0.047562183340918426
janitor,asian→black,pull_release,neg,-6.9883131086826324,23.779585898587037,250,-4.6466297857529195,5.471717083305006e-06,6.566060499966008e-05
janitor,asian→black,pull_release,pos,-6.650329556316137,35.74073647143324,250,-2.9420474596969997,0.003567939319206334,0.011893131064021114
janitor,asian→black,pull_tcp,neg,-3.0327918231487274,16.530182648845607,250,-2.9009146583611134,0.004053547302779101,0.022946425542290084
janitor,asian→black,pull_tcp,pos,-3.476929876022041,19.228254609028912,250,-2.8590784490011996,0.004608692226677802,0.02304346113338901
janitor,asian→black,q_exploded,neg,0.004,0.04463146727910638,250,1.4170619309433985,0.15771479274702113,nan
janitor,asian→black,q_exploded,pos,0.006,0.054551843364434825,250,1.7390490211537188,0.08326201990151932,nan
janitor,asian→black,q_jerk_in_grasp,neg,0.0,0.0,250,nan,nan,nan
janitor,asian→black,q_jerk_in_grasp,pos,0.0,0.0,250,nan,nan,nan
janitor,asian→black,q_tile_drift,neg,0.00021184760332107545,0.0011579023485904685,250,2.8928214203812352,0.004155924981900078,0.006081841436926943
janitor,asian→black,q_tile_drift,pos,3.5517841577529906e-05,0.0003165723115354313,250,1.7739592640503512,0.07729195222212822,0.08918302179476333
janitor,asian→black,xpos_reversals,neg,0.67,0.4679486121514389,250,22.63844765530735,2.2259727633290255e-62,2.671167315994831e-61
janitor,asian→black,xpos_reversals,pos,0.85,0.5529221387919506,250,24.306641229955513,1.109539266585167e-67,6.657235599511002e-66
janitor,asian→latino,d_approach_retreat,neg,-0.056,1.3013986914919147,250,-0.6803739320131683,0.4968998457093602,0.9845554210636229
janitor,asian→latino,d_approach_retreat,pos,-0.002,0.3944850743635078,250,-0.0801621624156665,0.9361726730106252,1.0
janitor,asian→latino,d_latency,neg,0.044,1.0976718699759715,250,0.6337969517723658,0.5267951093129225,0.9428815103207272
janitor,asian→latino,d_latency,pos,0.026,1.384192165780181,250,0.2969935143291182,0.7667190606492618,0.9428815103207272
janitor,asian→latino,d_peak_speed,neg,0.0003373040407896042,0.0022858400860607518,250,2.3331663474142528,0.020436352879874258,0.07212830428190914
janitor,asian→latino,d_peak_speed,pos,5.8670639991760256e-05,0.002014469584666108,250,0.4605005098264525,0.6455589123023677,0.7308214101536238
janitor,asian→latino,d_time_to_half,neg,0.146,2.2521038802751088,250,1.0250249609449291,0.3063461677903863,0.605499150720209
janitor,asian→latino,d_time_to_half,pos,0.046,0.923197255569341,250,0.7878314817889948,0.4315446068822729,0.6998020652144966
janitor,asian→latino,pull_AUC,neg,-1.2196275759795674,9.990789948904306,250,-1.9301782226281694,0.05472050677054448,0.14274914809707254
janitor,asian→latino,pull_AUC,pos,-0.7057753407701615,13.724162098936455,250,-0.813112515403823,0.4169303366386282,0.6253955049579424
janitor,asian→latino,pull_MAD,neg,-2.8344845950603483,21.92880829454479,250,-2.043756138649946,0.042030033637677766,0.10964356601133331
janitor,asian→latino,pull_MAD,pos,-1.2052890679240227,36.4291499986818,250,-0.5231330807442973,0.6013468532626776,0.7374268727120764
janitor,asian→latino,pull_early,neg,0.07653905451297771,2.8949783560731435,250,0.4180303139556253,0.6762852289785319,0.9520793067151095
janitor,asian→latino,pull_early,pos,0.0006408691406249861,0.006318051408231994,250,1.603822156186613,0.1100208926738036,0.820252629130358
janitor,asian→latino,pull_final,neg,-3.1933934293823962,24.307020588266052,242,-2.0437528777206095,0.042065374926202145,0.12018678550343471
janitor,asian→latino,pull_final,pos,-1.5768356479459094,36.80114512496865,243,-0.667925822236867,0.5048174374237396,0.6181438009270281
janitor,asian→latino,pull_release,neg,-2.9461911618709564,22.274164728529563,250,-2.091363381594487,0.037509093438276284,0.10229752755893533
janitor,asian→latino,pull_release,pos,-1.415997174452059,34.82638440321534,250,-0.6428712466657726,0.5208991806743066,0.6649776774565617
janitor,asian→latino,pull_tcp,neg,-2.1073727682232857,17.600315851300675,250,-1.8931756347165813,0.05949401589977087,0.18787583968348698
janitor,asian→latino,pull_tcp,pos,-1.4324687663465738,18.522264363277923,250,-1.2228159284044116,0.22255532933211075,0.43075225032021436
janitor,asian→latino,q_exploded,neg,0.002,0.03162277660168379,250,1.0,0.31828130151580086,nan
janitor,asian→latino,q_exploded,pos,0.002,0.03162277660168379,250,1.0,0.31828130151580086,nan
janitor,asian→latino,q_jerk_in_grasp,neg,0.0,0.0,250,nan,nan,nan
janitor,asian→latino,q_jerk_in_grasp,pos,0.0,0.0,250,nan,nan,nan
janitor,asian→latino,q_tile_drift,neg,0.0001785656213760376,0.0008669266813052084,250,3.2567579677059846,0.0012835543565158712,0.0020266647734461123
janitor,asian→latino,q_tile_drift,pos,0.00014460942149162293,0.00206201144515385,250,1.1088569467147475,0.26856173719413845,0.26856173719413845
janitor,asian→latino,xpos_reversals,neg,0.452,0.49868904444774886,250,14.331069815048545,2.2487513751206987e-34,2.3262945259869297e-34
janitor,asian→latino,xpos_reversals,pos,0.814,0.5510158563014156,250,23.35771272223593,1.1059986621277635e-64,2.211997324255527e-63
janitor,asian→middle_eastern,d_approach_retreat,neg,-0.036,1.2834691942897432,250,-0.4434932925252657,0.6577940756998173,0.9845554210636229
janitor,asian→middle_eastern,d_approach_retreat,pos,-0.018,0.7230263261272668,250,-0.39363018901341923,0.6941909390238001,0.9845554210636229
janitor,asian→middle_eastern,d_latency,neg,0.062,1.3061316624593078,250,0.7505415440326934,0.4536372597591466,0.9385598477775448
janitor,asian→middle_eastern,d_latency,pos,-0.034,1.488187760749624,250,-0.3612361399598081,0.718229237138113,0.9428815103207272
janitor,asian→middle_eastern,d_peak_speed,neg,0.00035999324917793276,0.0026009085129834624,250,2.1884633850134274,0.02956528552888591,0.09336405956490287
janitor,asian→middle_eastern,d_peak_speed,pos,-0.00011557292938232422,0.0019382922834981328,250,-0.942772397685949,0.3467111403882587,0.5619476575557895
janitor,asian→middle_eastern,d_time_to_half,neg,-0.054,0.6290204024248074,250,-1.35737245557393,0.17589188549325704,0.5250796869731957
janitor,asian→middle_eastern,d_time_to_half,pos,0.086,0.8535327013589794,250,1.593119269721461,0.11240202679556606,0.5191370878496289
janitor,asian→middle_eastern,pull_AUC,neg,-1.1739858619561419,10.959762141450902,250,-1.6936814944990919,0.09157631499929782,0.18315262999859563
janitor,asian→middle_eastern,pull_AUC,pos,-1.4473122911444867,12.960171982003853,250,-1.7657185922874132,0.07866859260674228,0.17248477659778333
janitor,asian→middle_eastern,pull_MAD,neg,-2.3619252594187854,24.733921160782643,250,-1.5098826090482875,0.1323412797602704,0.24062050865503712
janitor,asian→middle_eastern,pull_MAD,pos,-3.583614189326763,34.26144258136596,250,-1.6538099740922572,0.09942620948342015,0.2057093989312141
janitor,asian→middle_eastern,pull_early,neg,0.002964687347412113,1.3114264919595486,250,0.03574414816836854,0.9715150059265487,0.9715150059265487
janitor,asian→middle_eastern,pull_early,pos,-0.040153850615024564,0.6479305517599986,250,-0.9798706391041163,0.3281010516521432,0.820252629130358
janitor,asian→middle_eastern,pull_final,neg,-3.3235331260790137,26.50071045449553,239,-1.9388376526703106,0.05370333035534679,0.13425832588836698
janitor,asian→middle_eastern,pull_final,pos,-2.370468309509153,34.42137660930929,238,-1.0624154975841997,0.2891284617336905,0.46210843762526727
janitor,asian→middle_eastern,pull_release,neg,-2.241101659834385,24.921500191478913,250,-1.421861777703838,0.1563177214178193,0.2930957276584112
janitor,asian→middle_eastern,pull_release,pos,-3.111112181097269,32.9352679886353,250,-1.4935661904977366,0.13655510097388388,0.27311020194776775
janitor,asian→middle_eastern,pull_tcp,neg,-0.5866313045844436,17.451796458817082,250,-0.531490002654019,0.5955530815173367,0.7006506841380431
janitor,asian→middle_eastern,pull_tcp,pos,-2.1890609646216035,18.157988537512818,250,-1.9061633866737022,0.057780387067716425,0.18787583968348698
janitor,asian→middle_eastern,q_exploded,neg,0.002,0.0316227766016838,250,1.0,0.31828130151580086,nan
janitor,asian→middle_eastern,q_exploded,pos,0.002,0.03162277660168379,250,1.0,0.31828130151580086,nan
janitor,asian→middle_eastern,q_jerk_in_grasp,neg,0.0,0.0,250,nan,nan,nan
janitor,asian→middle_eastern,q_jerk_in_grasp,pos,0.0,0.0,250,nan,nan,nan
janitor,asian→middle_eastern,q_tile_drift,neg,0.00029482010006904604,0.00281113381021955,250,1.6582330816620523,0.09852960084180003,0.10404436171927962
janitor,asian→middle_eastern,q_tile_drift,pos,0.0001061970591545105,0.0011835258010524867,250,1.4187463739330655,0.15722342910173487,0.15988823298481514
janitor,asian→middle_eastern,xpos_reversals,neg,0.55,0.5035017936660202,250,17.271564222532636,1.7816455662713313e-44,2.9694092771188855e-44
janitor,asian→middle_eastern,xpos_reversals,pos,0.85,0.5881186395078344,250,22.85198793726819,4.5796776874430645e-63,6.869516531164597e-62
janitor,black→latino,d_approach_retreat,neg,0.142,1.768997855751843,250,1.2692028604892276,0.20555376925989952,0.9845554210636229
janitor,black→latino,d_approach_retreat,pos,0.022,0.5932315692704802,250,0.5863655284668802,0.5581610782708559,0.9845554210636229
janitor,black→latino,d_latency,neg,-0.208,1.2518003099792943,250,-2.6272311488958753,0.009142470995304937,0.47663486911385006
janitor,black→latino,d_latency,pos,0.098,1.452527225688201,250,1.0667724680674073,0.28710781414083536,0.8228741219424321
janitor,black→latino,d_peak_speed,neg,-0.00044100897014141084,0.0025219243387586926,250,-2.764937854754348,0.006119391999955318,0.02622596571409422
janitor,black→latino,d_peak_speed,pos,4.5484304428100587e-07,0.0019719770126239338,250,0.0036469492002316277,0.9970930820653632,0.9970930820653632
janitor,black→latino,d_time_to_half,neg,0.024,0.5573747990954262,250,0.6808225270250104,0.49661640469626667,0.7252669641101052
janitor,black→latino,d_time_to_half,pos,0.002,0.8508181746207942,250,0.03716749071066556,0.970381239311183,0.9703812393111829
janitor,black→latino,pull_AUC,neg,2.101627335620579,9.756528809417688,250,3.405888151028176,0.0007687015649540333,0.0032944352783744286
janitor,black→latino,pull_AUC,pos,1.5389591230372899,13.167916151771944,250,1.8479066841712326,0.06580174161859036,0.16270677395636804
janitor,black→latino,pull_MAD,neg,4.636382993757724,21.6843406084936,250,3.3806724008480633,0.0008393739394004495,0.004196869697002247
janitor,black→latino,pull_MAD,pos,5.107677324526012,34.48837586818653,250,2.341643161224702,0.019988142439845556,0.05710897839955874
janitor,black→latino,pull_early,neg,0.08582118675112718,2.5442744494119807,250,0.5333355874696425,0.5942770169641025,0.9520793067151095
janitor,black→latino,pull_early,pos,-0.036366289854049695,0.5790501037722199,250,-0.9930082495409315,0.32166992139396705,0.820252629130358
janitor,black→latino,pull_final,neg,6.455321432318256,33.00871365086103,238,3.01701695240966,0.002831197278865388,0.01544289424835666
janitor,black→latino,pull_final,pos,5.35917973944119,35.28542841234631,245,2.3773108385403576,0.01821104460659799,0.067376267799223
janitor,black→latino,pull_release,neg,4.809387125074863,21.73049302448393,250,3.499372390582669,0.0005523329276095586,0.0027616646380477935
janitor,black→latino,pull_release,pos,5.043012000620365,33.72702312990734,250,2.3641879284895313,0.018837841021262423,0.05382240291789264
janitor,black→latino,pull_tcp,neg,3.431730553507805,17.19713572917346,250,3.155201260249801,0.0018011306297999105,0.01287032047946873
janitor,black→latino,pull_tcp,pos,3.1087696105241776,17.014982304585676,250,2.8888636244192516,0.004206844682753182,0.022946425542290084
janitor,black→latino,q_exploded,neg,0.006,0.054551843364434825,250,1.7390490211537188,0.08326201990151932,nan
janitor,black→latino,q_exploded,pos,0.0,0.0,250,nan,nan,nan
janitor,black→latino,q_jerk_in_grasp,neg,0.0,0.0,250,nan,nan,nan
janitor,black→latino,q_jerk_in_grasp,pos,0.0,0.0,250,nan,nan,nan
janitor,black→latino,q_tile_drift,neg,0.00017006808519363402,0.0011107185310687605,250,2.4209666601940767,0.016195122217761537,0.02112407245794983
janitor,black→latino,q_tile_drift,pos,1.5408486127853394e-05,0.0001192993071601845,250,2.042170764399341,0.04218824251378204,0.050625891016538443
janitor,black→latino,xpos_reversals,neg,0.578,0.5098586306940118,250,17.92454199597793,1.0462738250815447e-46,2.414478057880488e-46
janitor,black→latino,xpos_reversals,pos,0.756,0.591492564463207,250,20.20889234048862,2.054963153407599e-54,1.2329778920445593e-53
janitor,black→middle_eastern,d_approach_retreat,neg,0.18,1.5810118258805965,250,1.800144595734659,0.07304810668308429,0.6247655997322277
janitor,black→middle_eastern,d_approach_retreat,pos,-0.024,0.5004255217424917,250,-0.758301291066994,0.4489877553669318,0.9845554210636229
janitor,black→middle_eastern,d_latency,neg,-0.178,1.369972004521512,250,-2.0543683434851268,0.04098396566209064,0.8196793132418129
janitor,black→middle_eastern,d_latency,pos,0.14,1.7023489559639309,250,1.300317631331027,0.1946943888720837,0.8228741219424321
janitor,black→middle_eastern,d_peak_speed,neg,-0.0002872087210416794,0.002781566232324277,250,-1.6325940971693391,0.10381829591038501,0.23958068287011924
janitor,black→middle_eastern,d_peak_speed,pos,6.993599236011505e-05,0.0020513694777762187,250,0.5390472771434693,0.590335861749254,0.7158451301030685
janitor,black→middle_eastern,d_time_to_half,neg,0.046,1.1007865023222165,250,0.6607310866406578,0.5093956051435438,0.7252669641101052
janitor,black→middle_eastern,d_time_to_half,pos,0.012,0.9724394861464992,250,0.1951141045927445,0.845462733291588,0.9223229817726415
janitor,black→middle_eastern,pull_AUC,neg,1.488773212696845,10.93721562940065,250,2.1522453388012472,0.032339509804528946,0.09701852941358684
janitor,black→middle_eastern,pull_AUC,pos,0.27661069715432823,14.339624104874506,250,0.30500096159333334,0.7606202066025289,0.8451335628916988
janitor,black→middle_eastern,pull_MAD,neg,3.6184464474394917,23.79855198626931,250,2.40403961801024,0.01694640293521622,0.05083920880564866
janitor,black→middle_eastern,pull_MAD,pos,0.8550762198120355,37.83633814760383,250,0.3573269190459528,0.7211497468404138,0.7867088147349969
janitor,black→middle_eastern,pull_early,neg,-0.3027162596583367,3.4840430138217635,250,-1.3737959914525046,0.17074051281704977,0.820252629130358
janitor,black→middle_eastern,pull_early,pos,0.07409704923629758,1.1666135156707795,250,1.0042547953407412,0.3162307290855238,0.820252629130358
janitor,black→middle_eastern,pull_final,neg,2.3856946504889174,26.115271989495124,239,1.4122749431541681,0.15917522830697395,0.3164658254177845
janitor,black→middle_eastern,pull_final,pos,2.1353010471465654,38.333345427572084,243,0.8683314424228205,0.38607320761215813,0.5387068013192904
janitor,black→middle_eastern,pull_release,neg,3.8809873461723328,24.68694711742415,250,2.4856778616289024,0.013587488224776663,0.04076246467432999
janitor,black→middle_eastern,pull_release,pos,1.0872481055557728,36.14616757101689,250,0.4755940430620163,0.6347805790687195,0.7324391296946764
janitor,black→middle_eastern,pull_tcp,neg,1.9383923029527068,18.86377535417009,250,1.6247369789936092,0.10548370254713627,0.28395840637810854
janitor,black→middle_eastern,pull_tcp,pos,1.0440061064437032,19.246413695822326,250,0.8576759389212629,0.39189619712108537,0.6187834691385558
janitor,black→middle_eastern,q_exploded,neg,0.01,0.07014042140491769,250,2.2542476911513574,0.025050382500227265,nan
janitor,black→middle_eastern,q_exploded,pos,0.0,0.0,250,nan,nan,nan
janitor,black→middle_eastern,q_jerk_in_grasp,neg,0.0,0.0,250,nan,nan,nan
janitor,black→middle_eastern,q_jerk_in_grasp,pos,0.0,0.0,250,nan,nan,nan
janitor,black→middle_eastern,q_tile_drift,neg,6.25019371509552e-05,0.0004145272904080328,250,2.3840225256962193,0.01787440633541947,0.022818391066492937
janitor,black→middle_eastern,q_tile_drift,pos,0.00012130755186080932,0.0011493484727556433,250,1.668807025685722,0.09641246908094428,0.10404436171927962
janitor,black→middle_eastern,xpos_reversals,neg,0.604,0.4920900430223793,250,19.407176936669266,9.931456441854076e-52,4.2563384750803186e-51
janitor,black→middle_eastern,xpos_reversals,pos,0.782,0.5803647931884659,250,21.304713511874162,4.860795732187584e-58,4.166396341875072e-57
janitor,latino→middle_eastern,d_approach_retreat,neg,-0.02,0.9159453167592335,250,-0.3452474293287554,0.7301998345913508,0.9845554210636229
janitor,latino→middle_eastern,d_approach_retreat,pos,0.016,0.36917361312329194,250,0.6852662374030035,0.4938133735545397,0.9845554210636229
janitor,latino→middle_eastern,d_latency,neg,-0.02,0.9524856511584048,250,-0.33200265603187246,0.740166546107218,0.9428815103207272
janitor,latino→middle_eastern,d_latency,pos,-0.114,1.7332109162826332,250,-1.0399762944961999,0.29935967462382984,0.8228741219424321
janitor,latino→middle_eastern,d_peak_speed,neg,0.00023733167350292205,0.0022790509749333744,250,1.6465376541009717,0.10091460647809866,0.23958068287011924
janitor,latino→middle_eastern,d_peak_speed,pos,6.373625993728638e-05,0.0019499055159656956,250,0.5168244032648591,0.6057374768073276,0.7158451301030685
janitor,latino→middle_eastern,d_time_to_half,neg,-0.024,0.40258202786093983,250,-0.9425987574171679,0.3467998059935462,0.6467122120187214
janitor,latino→middle_eastern,d_time_to_half,pos,0.154,1.052480336841383,250,2.31353851762897,0.02150816837216607,0.4301633674433214
janitor,latino→middle_eastern,pull_AUC,neg,-0.5558691258661447,9.073557481710504,250,-0.9686457170999593,0.33366190347923574,0.5410733569933552
janitor,latino→middle_eastern,pull_AUC,pos,-1.2761877550733276,13.809203449831235,250,-1.4612211496160337,0.1452155158257148,0.2722790921732152
janitor,latino→middle_eastern,pull_MAD,neg,-1.145818586871028,20.40971777750821,250,-0.8876645329856021,0.37557784118135285,0.6090451478616533
janitor,latino→middle_eastern,pull_MAD,pos,-4.176003112271428,37.35925728351928,250,-1.7673907768711368,0.07838763527245637,0.18089454293643778
janitor,latino→middle_eastern,pull_early,neg,-0.01866450160741811,0.6921678028221528,250,-0.42635858118988823,0.6702149310521796,0.9520793067151095
janitor,latino→middle_eastern,pull_early,pos,-0.0005325376987457553,0.012643279297967977,250,-0.6659791452253361,0.506040934641671,0.8736276839043877
janitor,latino→middle_eastern,pull_final,neg,-0.409297594645371,24.667930303807786,240,-0.2570467401490235,0.7973638450247447,0.8393303631839418
janitor,latino→middle_eastern,pull_final,pos,-4.327246343904776,37.27494016202423,243,-1.8096633938881814,0.07158862500929081,0.17181270002229795
janitor,latino→middle_eastern,pull_release,neg,-1.2001356314867735,20.973433394103903,250,-0.9047546067706775,0.3664699571074691,0.5637999340114909
janitor,latino→middle_eastern,pull_release,pos,-3.0354544976726174,35.22152759300008,250,-1.3626538373587522,0.17422277125641647,0.31676867501166633
janitor,latino→middle_eastern,pull_tcp,neg,-0.670087531208992,15.40523534268041,250,-0.6877541248684632,0.49224777600043956,0.6712469672733267
janitor,latino→middle_eastern,pull_tcp,pos,-1.7406327417120337,18.007664508200392,250,-1.5283392333211794,0.12769763764618733,0.30608512461329157
janitor,latino→middle_eastern,q_exploded,neg,0.004,0.04463146727910638,250,1.4170619309433983,0.15771479274702124,nan
janitor,latino→middle_eastern,q_exploded,pos,0.004,0.04463146727910638,250,1.4170619309433983,0.15771479274702124,nan
janitor,latino→middle_eastern,q_jerk_in_grasp,neg,0.0,0.0,250,nan,nan,nan
janitor,latino→middle_eastern,q_jerk_in_grasp,pos,0.0,0.0,250,nan,nan,nan
janitor,latino→middle_eastern,q_tile_drift,neg,4.848307371139526e-05,0.00027959564206597807,250,2.7417619917277327,0.006554373983782464,0.009145638116905764
janitor,latino→middle_eastern,q_tile_drift,pos,3.503236174583435e-05,0.000288696708155358,250,1.9186580900010388,0.056170960275128974,0.06608348267662231
janitor,latino→middle_eastern,xpos_reversals,neg,0.508,0.4969141724474323,250,16.164129948773788,1.1268665896142341e-40,1.352239907537081e-40
janitor,latino→middle_eastern,xpos_reversals,pos,0.824,0.538687979219718,250,24.18577072903213,2.657485001644794e-67,7.972455004934382e-66
pilot,asian→black,d_approach_retreat,neg,0.002,1.8635684989290848,250,0.0169689370795096,0.986474985546079,1.0
pilot,asian→black,d_approach_retreat,pos,-0.028,1.1288548414264998,250,-0.3921840578405303,0.6952576951779861,0.9845554210636229
pilot,asian→black,d_latency,neg,0.084,2.9399860666828266,250,0.45175609242572795,0.6518379511253618,0.9428815103207272
pilot,asian→black,d_latency,pos,-0.042,2.8900945635645527,250,-0.2297773633456153,0.8184534183694058,0.9428815103207272
pilot,asian→black,d_peak_speed,neg,0.000649120569229126,0.0038748755800672367,250,2.648729530037489,0.008595973674844416,0.03223490128066656
pilot,asian→black,d_peak_speed,pos,7.146930694580078e-05,0.003573725257567828,250,0.31620476736960396,0.7521119929752039,0.8058342781877185
pilot,asian→black,d_time_to_half,neg,0.14,1.5774515566744414,250,1.4032724826013234,0.16178137310830903,0.5250796869731957
pilot,asian→black,d_time_to_half,pos,0.108,1.2926794190058435,250,1.3210003279886715,0.18771394069077837,0.5250796869731957
pilot,asian→black,pull_AUC,neg,-6.0279329191443285,26.21640661225551,250,-3.635509223123788,0.00033705271606643126,0.0018384693603623525
pilot,asian→black,pull_AUC,pos,0.7064132050567069,21.12263439704901,250,0.5287869531820467,0.5974242756382755,0.7315399293529904
pilot,asian→black,pull_MAD,neg,-14.509429374999018,60.56866401082469,250,-3.787671820378122,0.00019070384872114712,0.001040202811206257
pilot,asian→black,pull_MAD,pos,1.3602608369104565,51.75614884121847,250,0.41555665876149556,0.6780923310338245,0.7824142281159514
pilot,asian→black,pull_early,neg,0.3724905669689178,8.973608259748614,250,0.6563238356597597,0.5122218379405714,0.8736276839043877
pilot,asian→black,pull_early,pos,0.01800861656665802,0.8735404291135602,250,0.32596227925632487,0.7447266682534145,0.9520793067151095
pilot,asian→black,pull_final,neg,-14.077778916622115,59.29555022714487,233,-3.624015092648746,0.00035642320352386874,0.004983189399406044
pilot,asian→black,pull_final,pos,3.2629171572527396,52.44456877081083,237,0.957810738465257,0.3391383760709221,0.4999008974063665
pilot,asian→black,pull_release,neg,-13.799686978571117,59.10114295614669,250,-3.691844156214698,0.0002735618504194024,0.0014921555477421947
pilot,asian→black,pull_release,pos,0.9430047078058124,50.49425244383471,250,0.2952853618582519,0.7680219693784474,0.822880681476908
pilot,asian→black,pull_tcp,neg,-7.888245923211798,31.819335313943526,250,-3.9197587904917537,0.00011461027385856835,0.002292205477171367
pilot,asian→black,pull_tcp,pos,0.3088236232288182,25.047042693570873,250,0.19495036931434234,0.8455907757469521,0.9059901168717344
pilot,asian→black,q_exploded,neg,0.012,0.08881188096647437,250,2.1363882573518125,0.033623061666532054,nan
pilot,asian→black,q_exploded,pos,0.004,0.044631467279106385,250,1.417061930943398,0.15771479274702124,nan
pilot,asian→black,q_jerk_in_grasp,neg,0.0,0.0,250,nan,nan,nan
pilot,asian→black,q_jerk_in_grasp,pos,0.0,0.0,250,nan,nan,nan
pilot,asian→black,q_tile_drift,neg,0.0024986202269792557,0.006698940149288093,250,5.897448513449573,1.1973542884921187e-08,4.789417153968475e-08
pilot,asian→black,q_tile_drift,pos,0.0014222128689289092,0.004113132593784958,250,5.467161440666412,1.1102450452913973e-07,3.1721287008325635e-07
pilot,asian→black,xpos_reversals,neg,0.518,0.4976611966656298,250,16.457580367349852,1.1045882999897691e-41,1.3525571020282886e-41
pilot,asian→black,xpos_reversals,pos,0.57,0.5031028222930148,250,17.91381588837692,1.1381919685520182e-46,2.4477842966064974e-46
pilot,asian→latino,d_approach_retreat,neg,0.176,1.6003965372073325,250,1.7388217708869356,0.08330207996429702,0.6247655997322277
pilot,asian→latino,d_approach_retreat,pos,0.004,1.915374280535831,250,0.033019944898536734,0.9736851355418525,1.0
pilot,asian→latino,d_latency,neg,-0.086,2.800531360941073,250,-0.4855433553921965,0.6277179191016822,0.9428815103207272
pilot,asian→latino,d_latency,pos,0.044,2.8024057364426347,250,0.24825137780375953,0.8041445294656107,0.9428815103207272
pilot,asian→latino,d_peak_speed,neg,0.00023169624805450439,0.0036417366990975997,250,1.005959422257444,0.3154116476884159,0.5407056817515701
pilot,asian→latino,d_peak_speed,pos,0.00020681041479110718,0.0046685666161714896,250,0.7004205020002348,0.48431867326544775,0.6604345544528832
pilot,asian→latino,d_time_to_half,neg,0.102,2.5019261656077325,250,0.6446079939749637,0.5197746576122421,0.7252669641101052
pilot,asian→latino,d_time_to_half,pos,-0.028,3.2707809514133652,250,-0.1353557083155526,0.8924399972058192,0.9394105233745466
pilot,asian→latino,pull_AUC,neg,-1.1178522742144763,26.751452506687976,250,-0.6607041754523612,0.5094128374885845,0.6792171166514459
pilot,asian→latino,pull_AUC,pos,-0.8474989738711385,21.452986053241812,250,-0.6246279807941564,0.5327871753574831,0.6811745071161188
pilot,asian→latino,pull_MAD,neg,-2.729092658737209,61.701026389125005,250,-0.6993521220236373,0.4849847739698312,0.6613428735952244
pilot,asian→latino,pull_MAD,pos,-1.4706404482387005,52.670964435516616,250,-0.4414741105888429,0.6592529228462836,0.7755916739368042
pilot,asian→latino,pull_early,neg,0.23944460004568083,7.75793833071374,250,0.488010008132371,0.625972191394241,0.9520793067151095
pilot,asian→latino,pull_early,pos,0.019395609200000608,4.806168108259859,250,0.06380790298731889,0.9491743790435238,0.9652620803832446
pilot,asian→latino,pull_final,neg,-5.690867717978893,61.335065875425556,227,-1.3979208526473001,0.163507343132522,0.3164658254177845
pilot,asian→latino,pull_final,pos,-2.455908900554307,56.24128303749567,244,-0.6821061205813008,0.4958214985240764,0.6181438009270281
pilot,asian→latino,pull_release,neg,-2.772205628454685,59.40719369485693,250,-0.7378301669393815,0.46131242205896483,0.6290623937167702
pilot,asian→latino,pull_release,pos,-1.6771419048309326,51.75970805364005,250,-0.5123278876576006,0.6088756831901253,0.7163243331648532
pilot,asian→latino,pull_tcp,neg,-2.0301703470759094,33.01849656452707,250,-0.9721766589747796,0.3319061096988427,0.5531768494980711
pilot,asian→latino,pull_tcp,pos,-0.7651488911360502,28.304705395392062,250,-0.4274224393686935,0.6694410549872676,0.7578577980987935
pilot,asian→latino,q_exploded,neg,0.006,0.054551843364434825,250,1.7390490211537188,0.08326201990151932,nan
pilot,asian→latino,q_exploded,pos,0.0,0.0,250,nan,nan,nan
pilot,asian→latino,q_jerk_in_grasp,neg,0.0,0.0,250,nan,nan,nan
pilot,asian→latino,q_jerk_in_grasp,pos,0.0,0.0,250,nan,nan,nan
pilot,asian→latino,q_tile_drift,neg,0.0025283537209033966,0.006898491902731838,250,5.795003169787158,2.0570136908230553e-08,7.713801340586458e-08
pilot,asian→latino,q_tile_drift,pos,0.0011588481068611144,0.004788778021216452,250,3.826236530091276,0.0001645926920590474,0.0002821589006726527
pilot,asian→latino,xpos_reversals,neg,0.648,0.5207501540005209,250,19.67503905708936,1.2515439401940788e-52,5.7763566470495945e-52
pilot,asian→latino,xpos_reversals,pos,0.64,0.582888528060536,250,17.36058959027561,8.832575125707579e-45,1.514155735835585e-44
pilot,asian→middle_eastern,d_approach_retreat,neg,0.064,1.6200004958103262,250,0.6246472478687196,0.5327745477430386,0.9845554210636229
pilot,asian→middle_eastern,d_approach_retreat,pos,0.142,1.7392342403977354,250,1.2909228018683114,0.19792770345580932,0.9845554210636229
pilot,asian→middle_eastern,d_latency,neg,-0.056,2.7824146573257558,250,-0.31822638028300254,0.7505799602537697,0.9428815103207272
pilot,asian→middle_eastern,d_latency,pos,-0.096,2.8014597457088883,250,-0.541822269338634,0.5884254536027992,0.9428815103207272
pilot,asian→middle_eastern,d_peak_speed,neg,0.0001621030867099762,0.0036013207406249198,250,0.7117041311604252,0.47731424844820547,0.6604345544528832
pilot,asian→middle_eastern,d_peak_speed,pos,0.00030989308655261994,0.0034413183083397683,250,1.4238264188917071,0.15574861293097692,0.31149722586195383
pilot,asian→middle_eastern,d_time_to_half,neg,0.438,3.498300792346898,250,1.9796434002814063,0.04884484696154853,0.5191370878496289
pilot,asian→middle_eastern,d_time_to_half,pos,-0.22,2.6155236292990525,250,-1.3299460908014964,0.1847529716483144,0.5250796869731957
pilot,asian→middle_eastern,pull_AUC,neg,-2.146750006730508,25.34749084618864,250,-1.339110768289511,0.18175574628602437,0.3207454346223959
pilot,asian→middle_eastern,pull_AUC,pos,-2.373492043450475,20.53164727932096,250,-1.8278223767145938,0.06877282099644133,0.16270677395636804
pilot,asian→middle_eastern,pull_MAD,neg,-4.5474208444938995,58.42560032423832,250,-1.2306426693198513,0.21961779190498773,0.37648764326569323
pilot,asian→middle_eastern,pull_MAD,pos,-5.2076317447377365,51.529858720525624,250,-1.597906334081236,0.11133201518282512,0.21548131970869377
pilot,asian→middle_eastern,pull_early,neg,-0.2742785058915615,6.799285666650531,250,-0.6378205258380607,0.5241766103426326,0.8736276839043877
pilot,asian→middle_eastern,pull_early,pos,-0.24106433987617487,5.104213940768368,250,-0.7467480649321193,0.4559201542643678,0.8736276839043877
pilot,asian→middle_eastern,pull_final,neg,-3.856255386621405,55.57024977758087,231,-1.054701173223982,0.29266867716266926,0.46210843762526727
pilot,asian→middle_eastern,pull_final,pos,-5.256699331915279,52.53488569256748,239,-1.5469073257483255,0.12321424404506817,0.2738094312112626
pilot,asian→middle_eastern,pull_release,neg,-4.09310020133853,55.69898365985175,250,-1.1619170114995576,0.24638168926182127,0.42236861016312216
pilot,asian→middle_eastern,pull_release,pos,-5.055300729814917,50.51848857357121,250,-1.5822192047615853,0.11486885842197063,0.24614755376136563
pilot,asian→middle_eastern,pull_tcp,neg,-3.131488070823252,31.182016168395148,250,-1.5878759596509129,0.11358336255124342,0.28395840637810854
pilot,asian→middle_eastern,pull_tcp,pos,-1.9949923539534211,26.92910714099172,250,-1.1713570227344159,0.24257496227138706,0.4410453859479765
pilot,asian→middle_eastern,q_exploded,neg,0.01,0.07014042140491769,250,2.2542476911513574,0.025050382500227265,nan
pilot,asian→middle_eastern,q_exploded,pos,0.004,0.04463146727910637,250,1.4170619309433987,0.1577147927470211,nan
pilot,asian→middle_eastern,q_jerk_in_grasp,neg,0.0,0.0,250,nan,nan,nan
pilot,asian→middle_eastern,q_jerk_in_grasp,pos,0.0,0.0,250,nan,nan,nan
pilot,asian→middle_eastern,q_tile_drift,neg,0.004167654424905777,0.027152124745492504,250,2.426933546953689,0.01593739835208882,0.02112407245794983
pilot,asian→middle_eastern,q_tile_drift,pos,0.0015568098425865174,0.006089784301294543,250,4.042068440170424,7.066095363694005e-05,0.00012847446115807283
pilot,asian→middle_eastern,xpos_reversals,neg,0.53,0.5188224232117471,250,16.152030877096575,1.2401521418186437e-40,1.4590025197866396e-40
pilot,asian→middle_eastern,xpos_reversals,pos,0.644,0.6055831269898287,250,16.814428295511615,6.574039618745857e-43,9.391485169636938e-43
pilot,black→latino,d_approach_retreat,neg,0.018,1.438385138698574,250,0.19786424494948535,0.843312715198254,0.9845554210636229
pilot,black→latino,d_approach_retreat,pos,0.228,1.9216626000925285,250,1.8759778810382068,0.06182820333267294,0.6247655997322277
pilot,black→latino,d_latency,neg,0.182,2.8177357111966,250,1.0212713205565938,0.30811711449490903,0.8228741219424321
pilot,black→latino,d_latency,pos,0.212,2.9372719086016263,250,1.1411998698391888,0.25488310083805116,0.8228741219424321
pilot,black→latino,d_peak_speed,neg,-0.000731632724404335,0.0037791240801896982,250,-3.061060937321515,0.0024471431119773173,0.011294506670664542
pilot,black→latino,d_peak_speed,pos,0.0005560441315174102,0.003805616913124964,250,2.3102245645126707,0.02169391140306053,0.07231303801020177
pilot,black→latino,d_time_to_half,neg,0.226,2.957517818473178,250,1.2082340581924293,0.22810346782296145,0.5408464906567234
pilot,black→latino,d_time_to_half,pos,0.006,1.3091292056586445,250,0.07246674308004729,0.9422886457047752,0.9703812393111829
pilot,black→latino,pull_AUC,neg,6.310551125265471,23.562198308477797,250,4.234688670708042,3.222698506173929e-05,0.0002762313005291939
pilot,black→latino,pull_AUC,pos,-1.9640166374428079,20.539859233145897,250,-1.5118813294401448,0.1318321401114015,0.2551589808607771
pilot,black→latino,pull_MAD,neg,14.994837925359606,56.08784508269045,250,4.227104902969797,3.3256545939402065e-05,0.0002850561080520177
pilot,black→latino,pull_MAD,pos,-6.037154544731602,50.34925527366005,250,-1.895873021758098,0.059134668905309405,0.14502438003151089
pilot,black→latino,pull_early,neg,0.18831198327243334,2.808506930461095,250,1.0601625571681437,0.2900979175063355,0.820252629130358
pilot,black→latino,pull_early,pos,0.31076053380966184,3.9652175476763616,250,1.2391641592327862,0.2164514505530645,0.820252629130358
pilot,black→latino,pull_final,neg,13.623906363345748,57.15088944594629,226,3.583710143043182,0.000415265783283837,0.004983189399406044
pilot,black→latino,pull_final,pos,-6.619646918360081,51.73559617952437,236,-1.9656281761174257,0.05051920572090239,0.13178923231539755
pilot,black→latino,pull_release,neg,13.91372603608761,55.31970162354547,250,3.9767988367905316,9.160017631102634e-05,0.000610667842073509
pilot,black→latino,pull_release,pos,-5.962674438022077,48.870975246507356,250,-1.9291237871871412,0.05485194679537537,0.1371298669884384
pilot,black→latino,pull_tcp,neg,7.016784970648587,29.441456581464905,250,3.7683295827246077,0.00020523033526029236,0.002737315632298512
pilot,black→latino,pull_tcp,pos,-2.3386523253284395,24.50900102325835,250,-1.5087248958594575,0.13263688733242635,0.30608512461329157
pilot,black→latino,q_exploded,neg,0.008,0.06286340134701322,250,2.012158166696862,0.04528026312539456,nan
pilot,black→latino,q_exploded,pos,0.008,0.06286340134701322,250,2.012158166696862,0.04528026312539456,nan
pilot,black→latino,q_jerk_in_grasp,neg,0.0,0.0,250,nan,nan,nan
pilot,black→latino,q_jerk_in_grasp,pos,0.0,0.0,250,nan,nan,nan
pilot,black→latino,q_tile_drift,neg,0.004079310536384583,0.025131293570536426,250,2.566503897201322,0.01085860698200486,0.014807191339097536
pilot,black→latino,q_tile_drift,pos,0.0015519616156816482,0.006020759968383363,250,4.075676137631075,6.17422275750115e-05,0.00011576667670314655
pilot,black→latino,xpos_reversals,neg,0.6,0.573861715987663,250,16.531566257521675,6.152020469138702e-42,7.85364315209196e-42
pilot,black→latino,xpos_reversals,pos,0.614,0.5842683269796906,250,16.61598270592954,3.1555504504072865e-42,4.2074006005430484e-42
pilot,black→middle_eastern,d_approach_retreat,neg,-0.078,1.3476574946519484,250,-0.9151348115970535,0.36100622692477335,0.9845554210636229
pilot,black→middle_eastern,d_approach_retreat,pos,-0.114,1.8058372553392192,250,-0.9981510022382301,0.31917513996745606,0.9845554210636229
pilot,black→middle_eastern,d_latency,neg,-0.058,2.838991986957349,250,-0.3230232863149703,0.7469487028259749,0.9428815103207272
pilot,black→middle_eastern,d_latency,pos,0.064,3.2173450602861657,250,0.3145229474279254,0.7533872708713071,0.9428815103207272
pilot,black→middle_eastern,d_peak_speed,neg,-0.0007498759478330612,0.003827541163984113,250,-3.0977014434793952,0.002173826645427462,0.010904140321562346
pilot,black→middle_eastern,d_peak_speed,pos,0.0007794364392757415,0.0036015530249564045,250,3.421849438788563,0.0007268817295493117,0.005451612971619837
pilot,black→middle_eastern,d_time_to_half,neg,0.282,3.4123382318925155,250,1.3066733711108451,0.19252921855683844,0.5250796869731957
pilot,black→middle_eastern,d_time_to_half,pos,-0.086,1.2254021551176857,250,-1.1096597049332038,0.2682162064594958,0.5747490138417767
pilot,black→middle_eastern,pull_AUC,neg,5.1133573515728585,27.523589989829617,250,2.9374539671808084,0.0036193978250350345,0.013572741843881379
pilot,black→middle_eastern,pull_AUC,pos,-3.899628333301004,22.18964501700155,250,-2.7787077152223363,0.0058735052228252585,0.019578350742750862
pilot,black→middle_eastern,pull_MAD,neg,11.790451677683741,63.429560347920464,250,2.9390619877484663,0.00360130725843527,0.012004357528117566
pilot,black→middle_eastern,pull_MAD,pos,-9.985697965566068,53.443817630265045,250,-2.9542752555738234,0.00343420408183303,0.012004357528117566
pilot,black→middle_eastern,pull_early,neg,-0.11981242671608942,10.49266377982787,250,-0.18054526875398752,0.8568713760435985,0.9520793067151095
pilot,black→middle_eastern,pull_early,pos,0.06953150629997258,4.134761871022182,250,0.2658894706745261,0.7905443563389896,0.9520793067151095
pilot,black→middle_eastern,pull_final,neg,8.844477421905049,62.0276985352962,229,2.1577655313741424,0.0319911544548491,0.09597346336454729
pilot,black→middle_eastern,pull_final,pos,-10.809136351967956,52.11728331989181,239,-3.2063296882243515,0.0015287324150634828,0.009172394490380898
pilot,black→middle_eastern,pull_release,neg,11.483713992871344,61.00371803143251,250,2.9764326984716503,0.0032035032567735654,0.011306482082730232
pilot,black→middle_eastern,pull_release,pos,-10.091122179757804,52.82343543967373,250,-3.02052772310892,0.002786122632780382,0.010447959872926432
pilot,black→middle_eastern,pull_tcp,neg,4.513510342687368,33.102002539251345,250,2.1559077745666193,0.03204913065995197,0.12494993541492964
pilot,black→middle_eastern,pull_tcp,pos,-3.4525132197886705,25.58554799703729,250,-2.1335883498836834,0.03385419597518717,0.12494993541492964
pilot,black→middle_eastern,q_exploded,neg,0.01,0.07014042140491769,250,2.254247691151358,0.025050382500227234,nan
pilot,black→middle_eastern,q_exploded,pos,0.008,0.06286340134701322,250,2.012158166696862,0.04528026312539456,nan
pilot,black→middle_eastern,q_jerk_in_grasp,neg,0.0,0.0,250,nan,nan,nan
pilot,black→middle_eastern,q_jerk_in_grasp,pos,0.0,0.0,250,nan,nan,nan
pilot,black→middle_eastern,q_tile_drift,neg,0.00251232984662056,0.006564147426659741,250,6.0515738241007275,5.238560459556366e-09,2.8021233351506055e-08
pilot,black→middle_eastern,q_tile_drift,pos,0.0014265777766704559,0.005007063115462819,250,4.504871348361933,1.0217337959680171e-05,2.1139319916579663e-05
pilot,black→middle_eastern,xpos_reversals,neg,0.628,0.5539344487337612,250,17.925499805304895,1.0384363840553317e-46,2.414478057880488e-46
pilot,black→middle_eastern,xpos_reversals,pos,0.606,0.5007664807803058,250,19.134070825546793,8.25786182104826e-51,2.9145394662523266e-50
pilot,latino→middle_eastern,d_approach_retreat,neg,-0.06,1.7908737855199766,250,-0.5297320814683015,0.5967697020485203,0.9845554210636229
pilot,latino→middle_eastern,d_approach_retreat,pos,-0.112,1.6777111966717486,250,-1.0555305902513874,0.2922057879095225,0.9845554210636229
pilot,latino→middle_eastern,d_latency,neg,-0.214,2.8122658760205654,250,-1.2031711244770735,0.23005281550795978,0.8228741219424321
pilot,latino→middle_eastern,d_latency,pos,0.124,2.8694177515537413,250,0.6832787412159685,0.4950660047355576,0.9428815103207272
pilot,latino→middle_eastern,d_peak_speed,neg,0.0002720039337873459,0.0034850081943125083,250,1.2340745205382881,0.2183386149336537,0.4093849030006007
pilot,latino→middle_eastern,d_peak_speed,pos,9.080947935581207e-05,0.0036189496483925118,250,0.396751565783681,0.6918904964586563,0.7547896325003524
pilot,latino→middle_eastern,d_time_to_half,neg,-0.238,2.4194567746370983,250,-1.5553534392714299,0.12113198716491341,0.5191370878496289
pilot,latino→middle_eastern,d_time_to_half,pos,-0.024,1.2204021985003213,250,-0.31094119601432824,0.7561054674286629,0.9223229817726415
pilot,latino→middle_eastern,pull_AUC,neg,-0.9880500047922605,26.44767855906382,250,-0.5906923835122458,0.5552623061848272,0.694077882731034
pilot,latino→middle_eastern,pull_AUC,pos,-0.8140145377221512,20.64569037426694,250,-0.6234085518640469,0.5335866972409598,0.6811745071161188
pilot,latino→middle_eastern,pull_MAD,neg,-2.175577812595293,61.52608249683906,250,-0.5590946827373201,0.5765995969027238,0.7360845917907112
pilot,latino→middle_eastern,pull_MAD,pos,-2.3316886736638844,50.16354830992627,250,-0.7349407340205932,0.4630671960622508,0.6613428735952244
pilot,latino→middle_eastern,pull_early,neg,0.3062215059995651,5.29660286322732,250,0.9141306725189356,0.36153250933358605,0.8676780224006064
pilot,latino→middle_eastern,pull_early,pos,0.1217384450137615,2.40552546889894,250,0.8001801893763857,0.4243691593997917,0.8736276839043877
pilot,latino→middle_eastern,pull_final,neg,-3.900923294269985,61.26313123588591,223,-0.9508689188505841,0.34270497387559173,0.4999008974063665
pilot,latino→middle_eastern,pull_final,pos,-1.4077085388712904,49.333846771975445,234,-0.4364914016739552,0.66288443240699,0.7648666527772962
pilot,latino→middle_eastern,pull_release,neg,-2.9011385068297386,59.54951651726824,250,-0.7703005856094217,0.4418518259051044,0.6171846520931253
pilot,latino→middle_eastern,pull_release,pos,-2.428003627806902,49.126674177970195,250,-0.781451396771389,0.4352794264627988,0.6171846520931253
pilot,latino→middle_eastern,pull_tcp,neg,-0.7374646693933755,32.40827965573382,250,-0.3597951008136173,0.7193053327544929,0.785565218952259
pilot,latino→middle_eastern,pull_tcp,pos,-1.2448471174575388,24.418740668768827,250,-0.8060514428771841,0.42098231628495264,0.626337920342592
pilot,latino→middle_eastern,q_exploded,neg,0.008,0.06286340134701322,250,2.012158166696862,0.04528026312539456,nan
pilot,latino→middle_eastern,q_exploded,pos,0.004,0.044631467279106385,250,1.4170619309433983,0.15771479274702124,nan
pilot,latino→middle_eastern,q_jerk_in_grasp,neg,0.0,0.0,250,nan,nan,nan
pilot,latino→middle_eastern,q_jerk_in_grasp,pos,0.0,0.0,250,nan,nan,nan
pilot,latino→middle_eastern,q_tile_drift,neg,0.0020859757214784624,0.005464036028419309,250,6.0362288877451284,5.6917446485878756e-09,2.8021233351506055e-08
pilot,latino→middle_eastern,q_tile_drift,pos,0.002108034312725067,0.005964315774223051,250,5.588394433112709,6.001291562564672e-08,1.895144703967791e-07
pilot,latino→middle_eastern,xpos_reversals,neg,0.618,0.5060636339497492,250,19.308713992459236,2.1298211624734783e-51,8.519284649893913e-51
pilot,latino→middle_eastern,xpos_reversals,pos,0.53,0.5031028222930147,250,16.65670600147328,2.28683329759158e-42,3.118409042170336e-42
wealthy,asian→black,d_approach_retreat,neg,0.068,1.3809431617790275,250,0.7785797665069243,0.436966546692664,0.9845554210636229
wealthy,asian→black,d_approach_retreat,pos,-0.182,1.4616503298487595,250,-1.9687832390466364,0.050087053560560243,0.6247655997322277
wealthy,asian→black,d_latency,neg,0.102,3.2954568946624554,250,0.48938938005774285,0.6249968843740386,0.9428815103207272
wealthy,asian→black,d_latency,pos,-0.292,3.076458089672284,250,-1.5007275409812737,0.13469298225705462,0.8228741219424321
wealthy,asian→black,d_peak_speed,neg,0.000745294988155365,0.007562685503704744,250,1.5581962849867443,0.12045678771892801,0.25812168796913143
wealthy,asian→black,d_peak_speed,pos,0.0007093208581209182,0.0035725500008076797,250,3.1393115603982205,0.0018977301074817755,0.010904140321562346
wealthy,asian→black,d_time_to_half,neg,0.028,3.247058600985349,250,0.13634458962004137,0.8916590445284421,0.9394105233745466
wealthy,asian→black,d_time_to_half,pos,-0.256,1.5485658606916266,250,-2.6138477592472036,0.009498244806211692,0.3865340508598037
wealthy,asian→black,pull_AUC,neg,-3.1402755747937134,27.334946278547076,250,-1.816433658905,0.07050626871442615,0.16270677395636804
wealthy,asian→black,pull_AUC,pos,-5.574943801773269,25.6252164573075,250,-3.439877331458483,0.0006822081199368343,0.0032944352783744286
wealthy,asian→black,pull_MAD,neg,-6.684719510991126,62.3809653000622,250,-1.6943421019871467,0.09145060191376046,0.19638687550884307
wealthy,asian→black,pull_MAD,pos,-12.980317947119474,62.75920502966843,250,-3.270227008663836,0.0012263844336682546,0.005660235847699637
wealthy,asian→black,pull_early,neg,0.14758431315422063,11.889770720182861,250,0.1962622271961307,0.8445650066596515,0.9520793067151095
wealthy,asian→black,pull_early,pos,0.04423436950892216,3.274483846374846,250,0.21359298911271063,0.8310392541684256,0.9520793067151095
wealthy,asian→black,pull_final,neg,-8.373806563516458,62.93032381339649,228,-2.0092333653008927,0.04569643034676046,0.12462662821843762
wealthy,asian→black,pull_final,pos,-13.338506136885067,62.449380624548475,240,-3.3089078940286,0.0010811304234386594,0.009074873310044656
wealthy,asian→black,pull_release,neg,-6.1908345627598464,59.99775501554482,250,-1.6314891974325956,0.10405121407428577,0.2312249201650795
wealthy,asian→black,pull_release,pos,-13.370986624853685,61.7580823406334,250,-3.4232581951759604,0.0007232946528348015,0.003338283013083699
wealthy,asian→black,pull_tcp,neg,-4.027046635048464,44.87754687254088,250,-1.4188208244356952,0.15720173834273177,0.325244975881514
wealthy,asian→black,pull_tcp,pos,-9.288917385973036,39.26662430083996,250,-3.740343925640667,0.000228109636024876,0.002737315632298512
wealthy,asian→black,q_exploded,neg,0.008,0.06286340134701322,250,2.012158166696862,0.04528026312539456,nan
wealthy,asian→black,q_exploded,pos,0.006,0.054551843364434825,250,1.7390490211537188,0.08326201990151932,nan
wealthy,asian→black,q_jerk_in_grasp,neg,0.0,0.0,250,nan,nan,nan
wealthy,asian→black,q_jerk_in_grasp,pos,0.0,0.0,250,nan,nan,nan
wealthy,asian→black,q_tile_drift,neg,0.0025165763199329378,0.007069651236207229,250,5.628363274750524,4.8891548353668516e-08,1.7255840595412416e-07
wealthy,asian→black,q_tile_drift,pos,0.0006310916543006897,0.003275559970051606,250,3.0463295713714786,0.0025656872123895015,0.0038485308185842526
wealthy,asian→black,xpos_reversals,neg,0.57,0.5090545611078826,250,17.704372026184217,5.900262966810004e-46,1.1062993062768757e-45
wealthy,asian→black,xpos_reversals,pos,0.676,0.5235651649295537,250,20.41483889174955,4.240313752049868e-55,2.8268758346999115e-54
wealthy,asian→latino,d_approach_retreat,neg,0.032,1.6110113065149092,250,0.31406634055318355,0.7537336203546869,0.9845554210636229
wealthy,asian→latino,d_approach_retreat,pos,-0.208,0.8876303004071026,250,-3.7051109736415646,0.000260345512896616,0.01562073077379696
wealthy,asian→latino,d_latency,neg,-0.002,3.2823912578298633,250,-0.009634066787818292,0.9923209599684778,0.9923209599684778
wealthy,asian→latino,d_latency,pos,-0.328,2.6932192110698123,250,-1.925626900832956,0.05528974618284804,0.8228741219424321
wealthy,asian→latino,d_peak_speed,neg,0.0003325911313295364,0.002976973208915569,250,1.7664678698211111,0.07854259862785848,0.19635649656964618
wealthy,asian→latino,d_peak_speed,pos,9.55190360546112e-05,0.0029445435855944176,250,0.512910923299066,0.6084683605876082,0.7158451301030685
wealthy,asian→latino,d_time_to_half,neg,0.018,1.2748241866341057,250,0.2232503841699076,0.8235236805607601,0.9223229817726415
wealthy,asian→latino,d_time_to_half,pos,-0.176,1.6972171884408183,250,-1.6396277152393508,0.10234533215507989,0.5191370878496289
wealthy,asian→latino,pull_AUC,neg,-1.9058617925989385,28.6800993692273,250,-1.0507048968893549,0.29441280064709585,0.4906880010784931
wealthy,asian→latino,pull_AUC,pos,-1.1195460327981142,25.38863984659306,250,-0.6972243157647322,0.48631287891789077,0.6785761101179871
wealthy,asian→latino,pull_MAD,neg,-3.3374387137591843,64.54108224116183,250,-0.8176116296955183,0.41436064211503654,0.6542536454447945
wealthy,asian→latino,pull_MAD,pos,-2.789144212901592,62.45026961983217,250,-0.706165761103909,0.4807452593464867,0.6613428735952244
wealthy,asian→latino,pull_early,neg,0.16931796669960034,10.948099081227515,250,0.2445312284748005,0.8070208025059904,0.9520793067151095
wealthy,asian→latino,pull_early,pos,0.08411838114261624,2.056500812778554,250,0.6467434290420292,0.5183937178840978,0.8736276839043877
wealthy,asian→latino,pull_final,neg,-5.648982245475054,59.50979249392767,226,-1.427039496752714,0.15495476377900363,0.3164658254177845
wealthy,asian→latino,pull_final,pos,-1.5117949988954693,61.80354056380402,242,-0.3805285374604785,0.7038883008057377,0.796854680157439
wealthy,asian→latino,pull_release,neg,-3.489345248788595,62.92715117749092,250,-0.8767502041953091,0.38146740328989104,0.5722011049348366
wealthy,asian→latino,pull_release,pos,-3.929622918367386,61.456341047044646,250,-1.0110070462970095,0.31299446978349105,0.5216574496391517
wealthy,asian→latino,pull_tcp,neg,-2.2740215584635735,45.28845303361421,250,-0.7939206454825513,0.42799757890077117,0.626337920342592
wealthy,asian→latino,pull_tcp,pos,-2.5439190790057182,38.079085480472,250,-1.0562988017321713,0.2918554835723744,0.5003236861240704
wealthy,asian→latino,q_exploded,neg,0.01,0.07014042140491769,250,2.254247691151358,0.025050382500227234,nan
wealthy,asian→latino,q_exploded,pos,0.004,0.04463146727910638,250,1.4170619309433985,0.15771479274702113,nan
wealthy,asian→latino,q_jerk_in_grasp,neg,0.0,0.0,250,nan,nan,nan
wealthy,asian→latino,q_jerk_in_grasp,pos,0.0,0.0,250,nan,nan,nan
wealthy,asian→latino,q_tile_drift,neg,0.0022859587371349336,0.006772975758924762,250,5.336528952567909,2.130667975752321e-07,5.810912661142694e-07
wealthy,asian→latino,q_tile_drift,pos,0.0007187862992286682,0.0029474507917813847,250,3.85587753122786,0.0001468635148051248,0.000259170908479632
wealthy,asian→latino,xpos_reversals,neg,0.618,0.5461401617764627,250,17.89181359256963,1.3528210575886877e-46,2.798940119149009e-46
wealthy,asian→latino,xpos_reversals,pos,0.588,0.5304540753961814,250,17.526675262040907,2.387842414506738e-45,4.213839555011891e-45
wealthy,asian→middle_eastern,d_approach_retreat,neg,0.09,1.3800427791518481,250,1.031145533003215,0.30347309753583473,0.9845554210636229
wealthy,asian→middle_eastern,d_approach_retreat,pos,0.062,1.030243469489471,250,0.9515285499824427,0.3422588359655442,0.9845554210636229
wealthy,asian→middle_eastern,d_latency,neg,-0.248,3.3030495827620783,250,-1.1871527206472576,0.2362986967467182,0.8228741219424321
wealthy,asian→middle_eastern,d_latency,pos,0.03,3.1393505838554274,250,0.15109546906440732,0.8800227429660121,0.9428815103207272
wealthy,asian→middle_eastern,d_peak_speed,neg,0.0002936389967799187,0.003048266434020796,250,1.5231083958211782,0.12900056717733976,0.26689772519449606
wealthy,asian→middle_eastern,d_peak_speed,pos,0.00012852531671524048,0.00311152403497427,250,0.6531087872795934,0.5142887264300636,0.6857183019067515
wealthy,asian→middle_eastern,d_time_to_half,neg,0.022,1.5349070848217963,250,0.22662644928693348,0.8209001593733083,0.9223229817726415
wealthy,asian→middle_eastern,d_time_to_half,pos,0.076,1.4970600372129637,250,0.8026835804802406,0.4229231181285793,0.6998020652144966
wealthy,asian→middle_eastern,pull_AUC,neg,-3.799564656697889,29.787005914070246,250,-2.0168657546352304,0.04478291819227565,0.12213523143347906
wealthy,asian→middle_eastern,pull_AUC,pos,-0.420880521246698,27.114571255460138,250,-0.24542911953115257,0.80632634649578,0.8487645752587158
wealthy,asian→middle_eastern,pull_MAD,neg,-7.750336536802352,64.96723834258268,250,-1.8862365643340455,0.06042682501312954,0.14502438003151089
wealthy,asian→middle_eastern,pull_MAD,pos,-1.4813152498751878,65.32309604890868,250,-0.3585508346726093,0.7202349387924784,0.7867088147349969
wealthy,asian→middle_eastern,pull_early,neg,-1.3188105359673499,13.182988282599993,250,-1.5817525611354515,0.11497541511757334,0.820252629130358
wealthy,asian→middle_eastern,pull_early,pos,-0.41051152497529986,4.682063244101642,250,-1.3863027441015736,0.16689454727963607,0.820252629130358
wealthy,asian→middle_eastern,pull_final,neg,-6.017752884440291,63.778504491142236,223,-1.4090047258799032,0.16023290405227375,0.3164658254177845
wealthy,asian→middle_eastern,pull_final,pos,-0.09470218562601525,66.78310097007133,243,-0.022105307366459055,0.982382168370898,0.9823821683708981
wealthy,asian→middle_eastern,pull_release,neg,-7.2675840575248,63.103582221517826,250,-1.8209836826561185,0.06980944393719182,0.16109871677813498
wealthy,asian→middle_eastern,pull_release,pos,-1.3467895947396755,64.44605761231065,250,-0.3304253825744455,0.7413564145111957,0.8087524521940318
wealthy,asian→middle_eastern,pull_tcp,neg,-3.842771819792688,45.164919114031804,250,-1.34528210359173,0.17975801165123706,0.3595160233024741
wealthy,asian→middle_eastern,pull_tcp,pos,-1.4919715342111886,41.225706769269,250,-0.5722192076231617,0.5676897318748604,0.6914779950238539
wealthy,asian→middle_eastern,q_exploded,neg,0.014,0.08265183180792075,250,2.678215731820878,0.007894212526393,nan
wealthy,asian→middle_eastern,q_exploded,pos,0.002,0.03162277660168379,250,1.0,0.31828130151580086,nan
wealthy,asian→middle_eastern,q_jerk_in_grasp,neg,0.0,0.0,250,nan,nan,nan
wealthy,asian→middle_eastern,q_jerk_in_grasp,pos,0.0,0.0,250,nan,nan,nan
wealthy,asian→middle_eastern,q_tile_drift,neg,0.0014963181763887406,0.004278203604876907,250,5.530093911734417,8.077147555972773e-08,2.4231442667918317e-07
wealthy,asian→middle_eastern,q_tile_drift,pos,0.0012687984108924865,0.011444746536005683,250,1.7528972168145438,0.08085031163014472,0.09152865467563553
wealthy,asian→middle_eastern,xpos_reversals,neg,0.638,0.5263689362302001,250,19.164629676257015,6.513454127643656e-51,2.442545297866371e-50
wealthy,asian→middle_eastern,xpos_reversals,pos,0.61,0.4446242942667537,250,21.692352370037256,2.611164860314243e-59,2.6111648603142433e-58
wealthy,black→latino,d_approach_retreat,neg,0.018,1.4369884282665215,250,0.19805656316834847,0.8431624074694106,0.9845554210636229
wealthy,black→latino,d_approach_retreat,pos,0.064,1.407061936509083,250,0.7191786125381758,0.4727052711637605,0.9845554210636229
wealthy,black→latino,d_latency,neg,-0.086,3.324728451634574,250,-0.4089896103255829,0.6828988391657707,0.9428815103207272
wealthy,black→latino,d_latency,pos,-0.062,2.976001063393168,250,-0.3294038052306591,0.7421274075001578,0.9428815103207272
wealthy,black→latino,d_peak_speed,neg,-0.00015975064039230346,0.002893333389238731,250,-0.8729997780226271,0.3835042914854355,0.5888750680428042
wealthy,black→latino,d_peak_speed,pos,-0.0008460525274276734,0.0030249150763474674,250,-4.422360527959168,1.4595441712301322e-05,0.00017514530054761585
wealthy,black→latino,d_time_to_half,neg,-0.068,1.1665415882464003,250,-0.9216768740096969,0.35758929165833664,0.6467122120187214
wealthy,black→latino,d_time_to_half,pos,0.154,1.7213763522788208,250,1.4145388921523008,0.1584529688770824,0.5250796869731957
wealthy,black→latino,pull_AUC,neg,1.4968863965434256,26.546433780050286,250,0.8915642776764446,0.37348724442224723,0.5745957606496112
wealthy,black→latino,pull_AUC,pos,6.486885591404595,25.287091957858898,250,4.05608786964363,6.680081814284232e-05,0.0004558396995084406
wealthy,black→latino,pull_MAD,neg,2.800398427899927,60.049178321011205,250,0.7373654091300031,0.4615944204258392,0.6613428735952244
wealthy,black→latino,pull_MAD,pos,15.160968077704311,61.138738905928406,250,3.9208521075662386,0.00011412173971719989,0.0007435093094982986
wealthy,black→latino,pull_early,neg,0.8112601801753045,10.024553438219025,250,1.2795731800739036,0.20188627368149595,0.820252629130358
wealthy,black→latino,pull_early,pos,0.06902339796070012,3.735713719289545,250,0.2921411620395048,0.7704219585296728,0.9520793067151095
wealthy,black→latino,pull_final,neg,2.805399356639661,59.141515558297556,227,0.7146858310380096,0.47554076338473883,0.6181438009270281
wealthy,black→latino,pull_final,pos,14.74999716862085,60.78564366502113,235,3.719845037160393,0.00024961847858644517,0.004983189399406044
wealthy,black→latino,pull_release,neg,2.505352472420782,59.122271050258384,250,0.6700199445695372,0.5034659603741708,0.6566947309228315
wealthy,black→latino,pull_release,pos,15.159082870930433,59.973252535835364,250,3.9965507192344516,8.47105329712377e-05,0.000610667842073509
wealthy,black→latino,pull_tcp,neg,1.6900985389947891,44.114151836719195,250,0.6057648884567014,0.5452226547193229,0.6914779950238539
wealthy,black→latino,pull_tcp,pos,9.99032949283719,38.49344982591815,250,4.103580728122854,5.5162155081074614e-05,0.002292205477171367
wealthy,black→latino,q_exploded,neg,0.01,0.07014042140491769,250,2.254247691151358,0.025050382500227234,nan
wealthy,black→latino,q_exploded,pos,0.004,0.04463146727910637,250,1.4170619309433985,0.15771479274702113,nan
wealthy,black→latino,q_jerk_in_grasp,neg,0.0,0.0,250,nan,nan,nan
wealthy,black→latino,q_jerk_in_grasp,pos,0.0,0.0,250,nan,nan,nan
wealthy,black→latino,q_tile_drift,neg,0.0020227260887622834,0.006102451546588338,250,5.240862196364952,3.40910832317372e-07,8.181859975616928e-07
wealthy,black→latino,q_tile_drift,pos,0.0007821575403213501,0.003433717242154999,250,3.6016351115419014,0.0003816564891569649,0.0006360941485949415
wealthy,black→latino,xpos_reversals,neg,0.556,0.5156817922356514,250,17.047590253585696,1.042653462367314e-43,1.6462949405799693e-43
wealthy,black→latino,xpos_reversals,pos,0.6,0.4635293278218801,250,20.466521557726832,2.855424272798849e-55,2.1415682045991366e-54
wealthy,black→middle_eastern,d_approach_retreat,neg,0.118,1.6029202767619537,250,1.1639654489044942,0.24555209022007554,0.9845554210636229
wealthy,black→middle_eastern,d_approach_retreat,pos,0.214,1.8576888954097006,250,1.82142290064878,0.06974248084107171,0.6247655997322277
wealthy,black→middle_eastern,d_latency,neg,0.018,3.3121833030392094,250,0.08592670253304063,0.9315937370709446,0.9637176590389083
wealthy,black→middle_eastern,d_latency,pos,0.12,3.056299045483227,250,0.6208052837319907,0.5352955756794118,0.9428815103207272
wealthy,black→middle_eastern,d_peak_speed,neg,-0.0002985982745885849,0.003014313623936042,250,-1.5662780501640674,0.11855348424609785,0.25812168796913143
wealthy,black→middle_eastern,d_peak_speed,pos,-0.000755521222949028,0.0031099827523708187,250,-3.841127226981374,0.00015544704581470822,0.001332403249840356
wealthy,black→middle_eastern,d_time_to_half,neg,0.094,1.1651585203353405,250,1.2755951008720938,0.20328741885631743,0.5303150057121324
wealthy,black→middle_eastern,d_time_to_half,pos,0.206,1.7053435979733216,250,1.9099646510206594,0.05728671917413406,0.5191370878496289
wealthy,black→middle_eastern,pull_AUC,neg,0.47551998149817826,28.598252174462644,250,0.26290526520326146,0.792841001409966,0.8487645752587158
wealthy,black→middle_eastern,pull_AUC,pos,4.679381830513741,26.140800579388436,250,2.830346488641781,0.0050291630471517475,0.017749987225241463
wealthy,black→middle_eastern,pull_MAD,neg,1.1312119460850953,62.93712227535753,250,0.28418889652833057,0.7765018067493888,0.8173703228940935
wealthy,black→middle_eastern,pull_MAD,pos,11.18275281958282,63.171901198482246,250,2.7989476926967436,0.0055283242488671554,0.017457866049054176
wealthy,black→middle_eastern,pull_early,neg,-0.6437540501356125,14.421198919004198,250,-0.7058113069587046,0.48096530234131185,0.8736276839043877
wealthy,black→middle_eastern,pull_early,pos,-0.3242201611399651,7.229192643151361,250,-0.7091207989320953,0.47891293865785534,0.8736276839043877
wealthy,black→middle_eastern,pull_final,neg,4.796523926884981,61.7664033940357,221,1.1544375344366524,0.2495732960903921,0.4278399361549579
wealthy,black→middle_eastern,pull_final,pos,9.280013667457567,61.56283038231145,245,2.359462501088501,0.01908994254311318,0.067376267799223
wealthy,black→middle_eastern,pull_release,neg,0.9011688195168972,60.798559834007044,250,0.23435966524363447,0.814898357608258,0.84299830097406
wealthy,black→middle_eastern,pull_release,pos,11.15753273293376,61.50453668615672,250,2.868342597554704,0.004480106979876237,0.014147706252240749
wealthy,black→middle_eastern,pull_tcp,neg,0.3983409460633993,43.68698247401483,250,0.14416933872874807,0.885483366510317,0.930961616010604
wealthy,black→middle_eastern,pull_tcp,pos,7.599317415617406,38.338408343736305,250,3.134083121093056,0.0019305480719203096,0.01287032047946873
wealthy,black→middle_eastern,q_exploded,neg,0.022,0.10275326238970181,250,3.3852992550179524,0.0008259681083473662,nan
wealthy,black→middle_eastern,q_exploded,pos,0.0,0.0,250,nan,nan,nan
wealthy,black→middle_eastern,q_jerk_in_grasp,neg,0.0,0.0,250,nan,nan,nan
wealthy,black→middle_eastern,q_jerk_in_grasp,pos,0.0,0.0,250,nan,nan,nan
wealthy,black→middle_eastern,q_tile_drift,neg,0.005259189411997795,0.04892464758898318,250,1.6996563090113765,0.0904443817817286,0.100493757535254
wealthy,black→middle_eastern,q_tile_drift,pos,0.0008878664076328277,0.0030340277076019613,250,4.626984946505945,5.971623284121115e-06,1.2796335608830959e-05
wealthy,black→middle_eastern,xpos_reversals,neg,0.558,0.5241516381344584,250,16.83244700573943,5.70167773840085e-43,8.343918641562219e-43
wealthy,black→middle_eastern,xpos_reversals,pos,0.598,0.4735960015569843,250,19.964717127717936,1.3417599328508724e-53,7.318690542822941e-53
wealthy,latino→middle_eastern,d_approach_retreat,neg,-0.082,1.2635911722556508,250,-1.026070669957735,0.30585401909651505,0.9845554210636229
wealthy,latino→middle_eastern,d_approach_retreat,pos,0.042,1.3350526063969874,250,0.4974173343083166,0.6193337373186978,0.9845554210636229
wealthy,latino→middle_eastern,d_latency,neg,-0.036,3.416341545898614,250,-0.1666138971127334,0.8678090755311878,0.9428815103207272
wealthy,latino→middle_eastern,d_latency,pos,-0.05,2.821407692174572,250,-0.2802038915661888,0.7795537290682021,0.9428815103207272
wealthy,latino→middle_eastern,d_peak_speed,neg,0.0003543271571397781,0.0029682934815143183,250,1.8874158845682292,0.06026743585311861,0.16436573414486896
wealthy,latino→middle_eastern,d_peak_speed,pos,0.0001642991751432419,0.0030332868673456663,250,0.8564300606263066,0.39258337869520277,0.5888750680428042
wealthy,latino→middle_eastern,d_time_to_half,neg,-0.16,2.501485502431606,250,-1.0113279192206202,0.31284122787210794,0.605499150720209
wealthy,latino→middle_eastern,d_time_to_half,pos,-0.274,2.2963048718010044,250,-1.8866486099612798,0.0603710957327209,0.5191370878496289
wealthy,latino→middle_eastern,pull_AUC,neg,-0.7800840575971872,28.78636040277685,250,-0.42847417212130895,0.6686763462033465,0.7866780543568782
wealthy,latino→middle_eastern,pull_AUC,pos,-0.754738701695297,26.22088982341336,250,-0.4551129560645916,0.6494245436082371,0.7793094523298845
wealthy,latino→middle_eastern,pull_MAD,neg,-2.3915357461199163,64.33426861374863,250,-0.5877660713650309,0.5572219761346006,0.7268112732190442
wealthy,latino→middle_eastern,pull_MAD,pos,-1.6028620502405102,64.02112293820156,250,-0.3958611331060197,0.6925464514793838,0.7840148507313779
wealthy,latino→middle_eastern,pull_early,neg,1.0963336925953626,11.226901956140772,250,1.5440196938247637,0.12385349694226615,0.820252629130358
wealthy,latino→middle_eastern,pull_early,pos,0.49416642040014275,4.8017764299707535,250,1.6272013643565921,0.10495906773613413,0.820252629130358
wealthy,latino→middle_eastern,pull_final,neg,-5.790356895511634,65.84015738013518,233,-1.3424324233972746,0.18076792615813359,0.33893986154650046
wealthy,latino→middle_eastern,pull_final,pos,-1.082989252624318,61.69603958829597,237,-0.27023464932715396,0.7872159039020135,0.8393303631839418
wealthy,latino→middle_eastern,pull_release,neg,-2.7620415622368455,62.669947272336344,250,-0.6968525352959444,0.4865451346169143,0.6487268461558857
wealthy,latino→middle_eastern,pull_release,pos,-2.1467096507549286,62.74343476079193,250,-0.5409722943389347,0.5890103027831176,0.7163243331648532
wealthy,latino→middle_eastern,pull_tcp,neg,-1.9518205597996712,44.81059957038142,250,-0.688698501257222,0.4916541933625995,0.6712469672733267
wealthy,latino→middle_eastern,pull_tcp,pos,-1.9901906996965408,39.01683659804612,250,-0.8065153582236358,0.42071538797050834,0.626337920342592
wealthy,latino→middle_eastern,q_exploded,neg,0.004,0.044631467279106385,250,1.4170619309433983,0.15771479274702124,nan
wealthy,latino→middle_eastern,q_exploded,pos,0.0,0.0,250,nan,nan,nan
wealthy,latino→middle_eastern,q_jerk_in_grasp,neg,0.0,0.0,250,nan,nan,nan
wealthy,latino→middle_eastern,q_jerk_in_grasp,pos,0.0,0.0,250,nan,nan,nan
wealthy,latino→middle_eastern,q_tile_drift,neg,0.0022614692002534864,0.008172083647762856,250,4.375501915645575,1.7831577311129006e-05,3.566315462225801e-05
wealthy,latino→middle_eastern,q_tile_drift,pos,0.0007315876185894013,0.0026828358863035463,250,4.311637537226703,2.3365253839736978e-05,4.5223071947878025e-05
wealthy,latino→middle_eastern,xpos_reversals,neg,0.558,0.5125297522953686,250,17.214131730610767,2.80216578682465e-44,4.544052627283216e-44
wealthy,latino→middle_eastern,xpos_reversals,pos,0.556,0.521489987659318,250,16.85771942569148,4.669716463716834e-43,7.184179174948976e-43
