topic,demo,metric,pol,mean,sd,n,t,p,q
criminal,asian→black,d_approach_retreat,neg,0.304,4.30927644202774,250,1.115422068674283,0.26574493460803394,0.711598070430707
criminal,asian→black,d_approach_retreat,pos,0.006,3.5356707809814454,250,0.026831776961631436,0.9786153995051574,0.9961696604795246
criminal,asian→black,d_latency,neg,0.084,3.4166706827285633,250,0.38872830910646894,0.6978093258240963,0.8741851932668847
criminal,asian→black,d_latency,pos,0.264,2.668104030293021,250,1.5644841670449536,0.11897389265722476,0.5948694632861238
criminal,asian→black,d_peak_speed,neg,6.751421093940734e-05,0.005676782513210531,250,0.18804549980622587,0.850994139035022,0.9117794346803807
criminal,asian→black,d_peak_speed,pos,-0.00012215562164783478,0.0031855083555992836,250,-0.6063239368403051,0.5448520285005483,0.8483328712520863
criminal,asian→black,d_time_to_half,neg,-0.06,7.220035710621562,250,-0.13139592878396486,0.8955682116703537,0.9782928370290481
criminal,asian→black,d_time_to_half,pos,0.214,7.546056977230855,250,0.4483980317919419,0.6542558955542606,0.9782928370290481
criminal,asian→black,pull_AUC,neg,-0.015689264040405475,10.477513732213255,250,-0.02367632744155658,0.9811297512589943,0.9811297512589943
criminal,asian→black,pull_AUC,pos,-0.43523567556986836,7.296429175668866,250,-0.9431572764061799,0.34651466224928285,0.5197719933739242
criminal,asian→black,pull_MAD,neg,0.10851685145520577,23.939405177889565,250,0.07167271128055233,0.9429199075168023,0.9825411658552429
criminal,asian→black,pull_MAD,pos,-2.0130532488273456,17.15201851825069,250,-1.8557096678511913,0.06467651944566578,0.15522364666959787
criminal,asian→black,pull_early,neg,-0.1613655842840671,3.1243706339631623,250,-0.8166169159870864,0.41492796555464706,0.7779899354149632
criminal,asian→black,pull_early,pos,-0.00944078266620637,0.9785231367562592,250,-0.15254813605539563,0.8788781660767271,0.9416551779393504
criminal,asian→black,pull_final,neg,-1.5811195240045588,25.920852076607357,225,-0.914969646444298,0.36119144918546553,0.5857158635439982
criminal,asian→black,pull_final,pos,-1.0598001547623426,22.112886940765964,225,-0.718902166144955,0.472950464165496,0.6561380974059859
criminal,asian→black,pull_release,neg,0.1932292280253023,23.352772358320998,250,0.13082910707564652,0.8960161340511666,0.8960161340511666
criminal,asian→black,pull_release,pos,-2.2528759909328073,16.68854318868829,250,-2.134464146063212,0.03378175193558069,0.09651929124451626
criminal,asian→black,pull_tcp,neg,-1.672639540862292,26.86503111578074,250,-0.9844303977887658,0.32585951178811623,0.45468769086713895
criminal,asian→black,pull_tcp,pos,-3.4893468858208507,21.561977805771072,250,-2.558736449180476,0.01109772099926621,0.03329316299779863
criminal,asian→black,q_exploded,neg,0.006,0.054551843364434825,250,1.7390490211537188,0.08326201990151932,nan
criminal,asian→black,q_exploded,pos,0.008,0.06286340134701322,250,2.012158166696862,0.04528026312539456,nan
criminal,asian→black,q_jerk_in_grasp,neg,0.0,0.0,250,nan,nan,nan
criminal,asian→black,q_jerk_in_grasp,pos,0.0,0.0,250,nan,nan,nan
criminal,asian→black,q_tile_drift,neg,5.440682172775268e-05,0.0006710751906260061,250,1.281894184986493,0.20107205620294388,0.21543434593172558
criminal,asian→black,q_tile_drift,pos,9.204000234603881e-06,4.9072161130117435e-05,250,2.9655922681800506,0.0033145365202278823,0.007102578257631177
criminal,asian→black,xpos_reversals,neg,0.494,0.5833740662772209,250,13.389052191607322,3.7027602384946407e-31,4.114178042771823e-31
criminal,asian→black,xpos_reversals,pos,0.578,0.5310783150410374,250,17.208351723380815,2.932853554551116e-44,6.517452343446925e-44
criminal,asian→latino,d_approach_retreat,neg,-0.322,4.103494935141375,250,-1.2407148329270896,0.21587883747450232,0.711598070430707
criminal,asian→latino,d_approach_retreat,pos,-0.196,2.866435033137292,250,-1.0811450708419317,0.28067857012451125,0.711598070430707
criminal,asian→latino,d_latency,neg,-0.266,3.361762900502769,250,-1.2510785003293783,0.21208003482442778,0.7069334494147593
criminal,asian→latino,d_latency,pos,0.098,2.46611493883928,250,0.628322722951353,0.530368436206285,0.8155097086386537
criminal,asian→latino,d_peak_speed,neg,-0.00013009636104106904,0.0042122511620948195,250,-0.48833842090362956,0.625739922079747,0.8483328712520863
criminal,asian→latino,d_peak_speed,pos,-9.086805582046508e-05,0.004384104895350172,250,-0.3277180060732083,0.7434002633734638,0.8483328712520863
criminal,asian→latino,d_time_to_half,neg,-0.496,6.886485222147757,250,-1.1388173130750838,0.2558738004762541,0.6674968708076193
criminal,asian→latino,d_time_to_half,pos,-0.536,5.8313568653930155,250,-1.4533331306726798,0.14739041085168322,0.5877743674349043
criminal,asian→latino,pull_AUC,neg,-0.47519798668549346,10.34525101442091,250,-0.7262791281515575,0.468349819524602,0.6417243566550808
criminal,asian→latino,pull_AUC,pos,-1.230767050227802,6.868750532314266,250,-2.8331405613703255,0.004986793321042819,0.03817235663537003
criminal,asian→latino,pull_MAD,neg,-1.5373533504118677,22.48351059076013,250,-1.0811341352071522,0.2806834242343869,0.45516230956927606
criminal,asian→latino,pull_MAD,pos,-3.3480276875849815,17.087555212878225,250,-3.097983599811832,0.0021718357201072776,0.011846376655130606
criminal,asian→latino,pull_early,neg,0.36186554208397864,5.015859192712245,250,1.1407011996863032,0.25509023231641886,0.7156323152954864
criminal,asian→latino,pull_early,pos,0.08928549364209175,1.959620220100352,250,0.7204087787659021,0.4719490850301429,0.7932379863925403
criminal,asian→latino,pull_final,neg,-0.45741746519880105,28.668303787352702,233,-0.2435503205651512,0.8077943270607524,0.8655265620538156
criminal,asian→latino,pull_final,pos,-5.322489132249987,27.749937828481308,237,-2.9527517929566334,0.0034676083705423135,0.0341532905955685
criminal,asian→latino,pull_release,neg,-1.7335966592654586,21.873025956362312,250,-1.2531677140316027,0.21132015453667816,0.3622631220628768
criminal,asian→latino,pull_release,pos,-3.4248939731623977,16.907720409193008,250,-3.2028166534762623,0.0015382158924777817,0.008390268504424264
criminal,asian→latino,pull_tcp,neg,-2.1406990396790206,26.725105632906857,250,-1.2665028986799485,0.20651656183210662,0.33240650851962955
criminal,asian→latino,pull_tcp,pos,-4.3723614666378126,22.63537188423858,250,-3.054206720976723,0.0025016576835987367,0.010721390072566015
criminal,asian→latino,q_exploded,neg,0.004,0.04463146727910638,250,1.4170619309433985,0.15771479274702113,nan
criminal,asian→latino,q_exploded,pos,0.002,0.03162277660168379,250,1.0,0.31828130151580086,nan
criminal,asian→latino,q_jerk_in_grasp,neg,0.0,0.0,250,nan,nan,nan
criminal,asian→latino,q_jerk_in_grasp,pos,0.0,0.0,250,nan,nan,nan
criminal,asian→latino,q_tile_drift,neg,1.2534856796264649e-05,7.126484140723483e-05,250,2.781083689903037,0.005831995653986795,0.011287733523845411
criminal,asian→latino,q_tile_drift,pos,7.024028897285462e-05,0.0009868465603598941,250,1.125399355810819,0.26150342460422554,0.26593568603819545
criminal,asian→latino,xpos_reversals,neg,0.508,0.607794088995997,250,13.215306634679338,1.4405865830985745e-30,1.5715489997438994e-30
criminal,asian→latino,xpos_reversals,pos,0.548,0.5355776073492766,250,16.178123711603796,1.008686940280134e-40,1.4409813432573344e-40
criminal,asian→middle_eastern,d_approach_retreat,neg,-0.332,3.1790251340958053,250,-1.6512549270462331,0.09994712023518708,0.711598070430707
criminal,asian→middle_eastern,d_approach_retreat,pos,-0.262,3.2270748439093837,250,-1.28369620637683,0.20044156409687494,0.711598070430707
criminal,asian→middle_eastern,d_latency,neg,-0.608,4.276856556868856,250,-2.247754620498639,0.025467580096778453,0.3964924516827194
criminal,asian→middle_eastern,d_latency,pos,-0.062,2.7340549052459786,250,-0.3585539093495275,0.7202326411512048,0.8741851932668847
criminal,asian→middle_eastern,d_peak_speed,neg,0.00034414122998714447,0.00488485494061329,250,1.1139226617388396,0.26638645337602496,0.7072738225367197
criminal,asian→middle_eastern,d_peak_speed,pos,0.00018238286674022674,0.0026146009011423737,250,1.1029317415864377,0.27112163197240924,0.7072738225367197
criminal,asian→middle_eastern,d_time_to_half,neg,-0.042,5.6206407472492455,250,-0.11814992960728919,0.9060441161515163,0.9782928370290481
criminal,asian→middle_eastern,d_time_to_half,pos,-0.11,6.244588018282093,250,-0.2785216107132529,0.7808431364249002,0.9782928370290481
criminal,asian→middle_eastern,pull_AUC,neg,-1.1958041474580765,8.785830125910456,250,-2.1520247303048694,0.03235707310925822,0.10218023087134175
criminal,asian→middle_eastern,pull_AUC,pos,-1.2435304083897558,7.469121940750249,250,-2.6324301982114853,0.009007522745973504,0.041289380761801886
criminal,asian→middle_eastern,pull_MAD,neg,-3.712811729256064,19.894477541979022,250,-2.950804202589187,0.003471692614935473,0.017358463074677363
criminal,asian→middle_eastern,pull_MAD,pos,-3.6571695914119484,17.270401904869935,250,-3.3482097759137885,0.0009392952781101477,0.006261968520734318
criminal,asian→middle_eastern,pull_early,neg,-0.06372922733426088,3.4901847317099515,250,-0.28870894721980744,0.7730443178044288,0.9202133916538128
criminal,asian→middle_eastern,pull_early,pos,-0.27582250982522966,2.5172799046259944,250,-1.7324798870975942,0.08442638797257711,0.5628425864838474
criminal,asian→middle_eastern,pull_final,neg,-3.2562518716014015,29.126474772380682,232,-1.7028408431477347,0.08994293066127408,0.28403030735139184
criminal,asian→middle_eastern,pull_final,pos,-4.4417587246809775,27.006502857996487,233,-2.5105251399422714,0.012736942798421231,0.08003241347839377
criminal,asian→middle_eastern,pull_release,neg,-3.887974062934518,20.04108008082134,250,-3.0674129021363683,0.0023976016863641917,0.011988008431820957
criminal,asian→middle_eastern,pull_release,pos,-3.632355706533417,17.214081584870094,250,-3.3363723902213733,0.0009784117973809928,0.006087850481422135
criminal,asian→middle_eastern,pull_tcp,neg,-6.845688946545124,23.19605319543611,250,-4.666304444495013,5.011572764137389e-06,0.00013886038278830104
criminal,asian→middle_eastern,pull_tcp,pos,-5.3309125332016265,22.037712956899288,250,-3.8247674894906667,0.00016552205088799348,0.0016552205088799347
criminal,asian→middle_eastern,q_exploded,neg,0.008,0.06286340134701322,250,2.012158166696862,0.04528026312539456,nan
criminal,asian→middle_eastern,q_exploded,pos,0.002,0.03162277660168379,250,1.0,0.31828130151580086,nan
criminal,asian→middle_eastern,q_jerk_in_grasp,neg,0.0,0.0,250,nan,nan,nan
criminal,asian→middle_eastern,q_jerk_in_grasp,pos,0.0,0.0,250,nan,nan,nan
criminal,asian→middle_eastern,q_tile_drift,neg,7.30249285697937e-06,5.208807789568917e-05,250,2.2166790327154855,0.027549063608919906,0.04031570284232181
criminal,asian→middle_eastern,q_tile_drift,pos,2.483394742012024e-05,0.00022941645851492942,250,1.7115563035189099,0.08822366318960331,0.10802897533420813
criminal,asian→middle_eastern,xpos_reversals,neg,0.376,0.5212589024405184,250,11.405238305344731,1.6118159362449446e-24,1.6118159362449446e-24
criminal,asian→middle_eastern,xpos_reversals,pos,0.504,0.4867563321700402,250,16.371517280725378,2.1824557198451904e-41,3.6374261997419843e-41
criminal,black→latino,d_approach_retreat,neg,-0.034,3.9476804230955125,250,-0.13617799431877106,0.8917906030328033,0.9961696604795246
criminal,black→latino,d_approach_retreat,pos,0.01,2.582552673858369,250,0.061223875357475144,0.9512300281883471,0.9961696604795246
criminal,black→latino,d_latency,neg,0.054,3.689244652285569,250,0.23143354499856902,0.8171680749990852,0.8741851932668847
criminal,black→latino,d_latency,pos,0.18,2.395527962029972,250,1.1880679078944238,0.23593862986753686,0.7180460165785107
criminal,black→latino,d_peak_speed,neg,-0.00016059564054012298,0.006170224783581779,250,-0.4115312036538638,0.6810370659906022,0.8483328712520863
criminal,black→latino,d_peak_speed,pos,-0.00044820119440555574,0.002387387242815935,250,-2.9683844307086904,0.0032856054761179502,0.028162332652439576
criminal,black→latino,d_time_to_half,neg,-0.494,6.172305356481856,250,-1.2654632863251565,0.20688815932450413,0.6434208229508089
criminal,black→latino,d_time_to_half,pos,-0.538,5.822470321312963,250,-1.4609824415446269,0.14528096788852854,0.5877743674349043
criminal,black→latino,pull_AUC,neg,-0.8677278770893463,9.88995739258785,250,-1.3872640557994187,0.16660166617310654,0.3332033323462131
criminal,black→latino,pull_AUC,pos,0.25921785580044593,6.105921402980241,250,0.6712490879053912,0.5026840793798133,0.6417243566550808
criminal,black→latino,pull_MAD,neg,-2.527673255710397,24.805538797906625,250,-1.6111733620985935,0.10840878244482442,0.2197338605336388
criminal,black→latino,pull_MAD,pos,0.8276031888555737,16.405163006279974,250,0.7976486044668529,0.4258344393105329,0.6209280198387062
criminal,black→latino,pull_early,neg,-0.17480201870203033,5.043787946811912,250,-0.5479735910023371,0.5842009312659251,0.8423761082524279
criminal,black→latino,pull_early,pos,0.09647362679243088,1.0034057306184558,250,1.5202045667662767,0.12972834298104166,0.5960975193093645
criminal,black→latino,pull_final,neg,-0.6708876739671862,28.599979921344307,229,-0.35497831674482777,0.7229339776188495,0.8655265620538156
criminal,black→latino,pull_final,pos,1.5457386647578963,27.779532579788395,235,0.8529922150650131,0.39453587736384066,0.5971182028327849
criminal,black→latino,pull_release,neg,-1.747491357207764,22.88587980686721,250,-1.2073061920427608,0.22845982918652552,0.38076638197754253
criminal,black→latino,pull_release,pos,0.8174297090154141,16.6731509188105,250,0.775180324392397,0.43896865173339594,0.5815415049858218
criminal,black→latino,pull_tcp,neg,-1.9044551514089108,27.759159202581966,250,-1.0847619584120587,0.27907625167483185,0.4084042707436564
criminal,black→latino,pull_tcp,pos,1.84462404018268,21.69963648546334,250,1.3440809014443438,0.18014556274397783,0.30024260457329643
criminal,black→latino,q_exploded,neg,0.01,0.07014042140491769,250,2.254247691151358,0.025050382500227234,nan
criminal,black→latino,q_exploded,pos,0.004,0.044631467279106385,250,1.4170619309433983,0.15771479274702124,nan
criminal,black→latino,q_jerk_in_grasp,neg,0.0,0.0,250,nan,nan,nan
criminal,black→latino,q_jerk_in_grasp,pos,0.0,0.0,250,nan,nan,nan
criminal,black→latino,q_tile_drift,neg,2.239355444908142e-05,0.00015080145083005652,250,2.3479428273504444,0.019660662423314677,0.030247172958945658
criminal,black→latino,q_tile_drift,pos,4.958122968673706e-06,2.81127219052968e-05,250,2.788588304082086,0.005702627387745091,0.011287733523845411
criminal,black→latino,xpos_reversals,neg,0.572,0.5586271180565014,250,16.189894503415086,9.189349949585325e-41,1.3447829194515109e-40
criminal,black→latino,xpos_reversals,pos,0.554,0.5561665983682966,250,15.749793576898366,2.998946577382711e-39,4.0894726055218785e-39
criminal,black→middle_eastern,d_approach_retreat,neg,0.088,3.6289022757450535,250,0.38342233125812586,0.7017338052822621,0.9318495766361489
criminal,black→middle_eastern,d_approach_retreat,pos,0.108,2.7985107915822676,250,0.6101923714667675,0.5422908689416004,0.8459126767835397
criminal,black→middle_eastern,d_latency,neg,-0.114,3.7230968022866104,250,-0.48413951127699334,0.6287124012527099,0.8741851932668847
criminal,black→middle_eastern,d_latency,pos,-0.222,2.5077622466940075,250,-1.3997053378621982,0.16284619720237248,0.6079099993001325
criminal,black→middle_eastern,d_peak_speed,neg,0.0005996956676244735,0.004188203849962336,250,2.263982700657811,0.02443603642625658,0.11278170658272267
criminal,black→middle_eastern,d_peak_speed,pos,-0.00012161348760128021,0.0028298862038293776,250,-0.6794895400675266,0.49745889532644216,0.8483328712520863
criminal,black→middle_eastern,d_time_to_half,neg,-0.342,6.396224099492113,250,-0.8454198468933111,0.3986881064559392,0.8309081329781727
criminal,black→middle_eastern,d_time_to_half,pos,-0.536,6.023440157028308,250,-1.406987354122298,0.16067808098643413,0.5877743674349043
criminal,black→middle_eastern,pull_AUC,neg,-1.679413000226114,9.818587656887635,250,-2.704447115204978,0.0073137681614672,0.03817235663537003
criminal,black→middle_eastern,pull_AUC,pos,-0.2748414767889309,6.285167926796704,250,-0.691409579075702,0.4899523098903332,0.6417243566550808
criminal,black→middle_eastern,pull_MAD,neg,-3.9287413591286167,22.718797990805243,250,-2.7342491969821925,0.00670127097144978,0.03092894294515283
criminal,black→middle_eastern,pull_MAD,pos,-0.8713272660621444,17.027132001552868,250,-0.8091141678800102,0.4192219305380658,0.6209280198387062
criminal,black→middle_eastern,pull_early,neg,-0.18290805891156187,3.7801243700558462,250,-0.7650622200986588,0.4449589963351678,0.7906198384697047
criminal,black→middle_eastern,pull_early,pos,-0.03153062760829922,0.8731212606566251,250,-0.570989413439708,0.5685217817481436,0.8423761082524279
criminal,black→middle_eastern,pull_final,neg,-2.8856815762676136,29.689114870515915,230,-1.4740597056844098,0.14183885397803572,0.35192020989590334
criminal,black→middle_eastern,pull_final,pos,0.8905544781094908,28.654674907646193,239,0.48046743402091,0.6313363860696399,0.773064962534253
criminal,black→middle_eastern,pull_release,neg,-4.055898647988215,22.333042949865785,250,-2.8715024896590156,0.004437001614275942,0.020478468988965885
criminal,black→middle_eastern,pull_release,pos,-0.9569560285308398,17.12470340203123,250,-0.8835658638115693,0.3777828986020132,0.5721342376911213
criminal,black→middle_eastern,pull_tcp,neg,-4.590433150995523,26.906262546304642,250,-2.697554924045586,0.007462424038296195,0.02633796719398657
criminal,black→middle_eastern,pull_tcp,pos,-1.5226263892836869,22.008132951356682,250,-1.0939063813947536,0.2750531338671718,0.4084042707436564
criminal,black→middle_eastern,q_exploded,neg,0.01,0.07014042140491769,250,2.2542476911513574,0.025050382500227265,nan
criminal,black→middle_eastern,q_exploded,pos,0.0,0.0,250,nan,nan,nan
criminal,black→middle_eastern,q_jerk_in_grasp,neg,0.0,0.0,250,nan,nan,nan
criminal,black→middle_eastern,q_jerk_in_grasp,pos,0.0,0.0,250,nan,nan,nan
criminal,black→middle_eastern,q_tile_drift,neg,1.6584903001785277e-05,9.553078107571737e-05,250,2.7449826991907718,0.006492296833925143,0.011456994412809077
criminal,black→middle_eastern,q_tile_drift,pos,1.4017820358276368e-05,0.00015867480910161885,250,1.3968266423072262,0.16370938383636277,0.18189931537373644
criminal,black→middle_eastern,xpos_reversals,neg,0.404,0.542180633513804,250,11.781683960457237,9.278453705085657e-26,9.435715632290498e-26
criminal,black→middle_eastern,xpos_reversals,pos,0.55,0.5795199509024481,250,15.005977882074513,1.0843672712737185e-36,1.4458230283649582e-36
criminal,latino→middle_eastern,d_approach_retreat,neg,-0.304,4.630263638872181,250,-1.038096838180627,0.3002319870386543,0.711598070430707
criminal,latino→middle_eastern,d_approach_retreat,pos,-0.23,3.2589234924001005,250,-1.1158958833106494,0.2655424365076711,0.711598070430707
criminal,latino→middle_eastern,d_latency,neg,-0.106,3.1660479209498713,250,-0.5293688540843086,0.5970212259278093,0.852887465611156
criminal,latino→middle_eastern,d_latency,pos,-0.158,2.2597481822958856,250,-1.1055211244798389,0.2700008667695491,0.7180460165785107
criminal,latino→middle_eastern,d_peak_speed,neg,0.0003918233811855316,0.004853927616021591,250,1.276341988459861,0.20302381098996414,0.6090714329698924
criminal,latino→middle_eastern,d_peak_speed,pos,0.00010736614465713501,0.002529820415490476,250,0.6710388583883709,0.5028177644992708,0.8483328712520863
criminal,latino→middle_eastern,d_time_to_half,neg,-0.336,6.704394051545119,250,-0.7924096388484968,0.42887616639775006,0.8309081329781727
criminal,latino→middle_eastern,d_time_to_half,pos,0.18,5.641356184322487,250,0.5044974649997827,0.6143579889199877,0.9782928370290481
criminal,latino→middle_eastern,pull_AUC,neg,-1.255144603839362,10.585244653341528,250,-1.8748342012809045,0.0619860980093171,0.17710313716947743
criminal,latino→middle_eastern,pull_AUC,pos,-0.1379739700189676,6.715404392397926,250,-0.3248590684796611,0.7455605047164336,0.814625937163139
criminal,latino→middle_eastern,pull_MAD,neg,-3.2104219483956693,24.38131456887673,250,-2.0819725651883894,0.038366370235338516,0.10961820067239576
criminal,latino→middle_eastern,pull_MAD,pos,-0.2579564962163568,16.812275449497623,250,-0.24259954214129578,0.8085153451414869,0.8820167401543494
criminal,latino→middle_eastern,pull_early,neg,0.07378126382827747,5.65972705691962,250,0.20612022452381024,0.8368654312267194,0.9202133916538128
criminal,latino→middle_eastern,pull_early,pos,0.029229602217674264,0.7495697964473691,250,0.6165677869268946,0.5380831430378763,0.8278202200582712
criminal,latino→middle_eastern,pull_final,neg,-2.4925932866125575,28.350616458566375,226,-1.321731175868902,0.18759996372440643,0.4019999222665852
criminal,latino→middle_eastern,pull_final,pos,-4.1375239910384485,29.71077368332665,235,-2.134816225412779,0.03381549146011887,0.12680809297544576
criminal,latino→middle_eastern,pull_release,neg,-3.357780199181434,23.29331374981146,250,-2.2792448995611725,0.023499321605653187,0.07833107201884396
criminal,latino→middle_eastern,pull_release,pos,-0.42191173299215734,16.76560087889226,250,-0.39789866687205155,0.6910458042428589,0.8008757438307643
criminal,latino→middle_eastern,pull_tcp,neg,-4.964034705422819,26.879593450621698,250,-2.9199950665355074,0.0038212361973485173,0.01432963574005694
criminal,latino→middle_eastern,pull_tcp,pos,-2.3041490204632282,22.214063876903467,250,-1.6400328669004898,0.10226099843123136,0.19173937205855882
criminal,latino→middle_eastern,q_exploded,neg,0.004,0.044631467279106385,250,1.4170619309433983,0.15771479274702124,nan
criminal,latino→middle_eastern,q_exploded,pos,0.01,0.07014042140491769,250,2.254247691151358,0.025050382500227234,nan
criminal,latino→middle_eastern,q_jerk_in_grasp,neg,0.0,0.0,250,nan,nan,nan
criminal,latino→middle_eastern,q_jerk_in_grasp,pos,0.0,0.0,250,nan,nan,nan
criminal,latino→middle_eastern,q_tile_drift,neg,7.737219333648681e-06,4.4195511038900195e-05,250,2.7680679864844677,0.006062692512317861,0.011367548460595988
criminal,latino→middle_eastern,q_tile_drift,pos,5.852580070495605e-06,4.0337586684221444e-05,250,2.294074179023006,0.02261936175346416,0.033929042630196235
criminal,latino→middle_eastern,xpos_reversals,neg,0.686,0.6098291287443232,250,17.786314006861897,3.098460478829719e-46,8.852744225227768e-46
criminal,latino→middle_eastern,xpos_reversals,pos,0.57,0.5226784585998713,250,17.242897967561465,2.233462163739712e-44,5.360309192975309e-44
education,asian→black,d_approach_retreat,neg,0.144,1.8663324428269994,250,1.2199540998560918,0.22363646686580277,0.711598070430707
education,asian→black,d_approach_retreat,pos,0.214,4.803279084109038,250,0.7044431600017674,0.48181515702341615,0.8275317920510771
education,asian→black,d_latency,neg,0.054,2.514233377773759,250,0.33959256757679246,0.7344496340666229,0.8741851932668847
education,asian→black,d_latency,pos,-0.23,1.812523369188773,250,-2.0063847843359226,0.04589659398914473,0.40075246203366266
education,asian→black,d_peak_speed,neg,-0.0006680136471986771,0.0034834695279791906,250,-3.0320986250300805,0.0026851997589857463,0.028162332652439576
education,asian→black,d_peak_speed,pos,-0.00042248769104480746,0.0025059673076175634,250,-2.665683991618549,0.008185901363316666,0.06139426022487499
education,asian→black,d_time_to_half,neg,-1.17,5.6191100354381245,250,-3.2922160618523315,0.001138110309323566,0.06828661855941397
education,asian→black,d_time_to_half,pos,-0.75,6.578114193701834,250,-1.8027265681987237,0.07264024128375901,0.5877743674349043
education,asian→black,pull_AUC,neg,-1.5306286366538142,9.27663201512757,250,-2.6088524023650077,0.00963418884442044,0.041289380761801886
education,asian→black,pull_AUC,pos,-0.7093175206184097,7.84419755575142,250,-1.429756793780005,0.15404032175256074,0.32251100975418834
education,asian→black,pull_MAD,neg,-5.120193589115515,24.873003752220054,250,-3.2548288023219083,0.0012919425146154613,0.007751655087692768
education,asian→black,pull_MAD,pos,-2.109000673759729,20.265576389377244,250,-1.645461640905096,0.10113633885235916,0.21854646631800806
education,asian→black,pull_early,neg,-0.15800992846488957,2.1127826208411897,250,-1.1824956858798454,0.23813699439241287,0.7156323152954864
education,asian→black,pull_early,pos,-0.16814838945865626,3.1325759917633027,250,-0.8487134820935233,0.39685591530602393,0.7779899354149632
education,asian→black,pull_final,neg,-5.03279531270543,30.940157363429154,235,-2.493564926040606,0.013338735579732293,0.08003241347839377
education,asian→black,pull_final,pos,-1.3418341256089477,24.088444633921466,231,-0.8466346985680417,0.3980788018885233,0.5971182028327849
education,asian→black,pull_release,neg,-5.16319372295402,24.54668735854309,250,-3.325795437635007,0.0010146417469036892,0.006087850481422135
education,asian→black,pull_release,pos,-2.480170686263591,19.704121571154815,250,-1.9901898002033525,0.04766353131110866,0.12433964689854433
education,asian→black,pull_tcp,neg,-5.662472350813914,25.259624166947926,250,-3.5444529376114526,0.00046976801860138136,0.0031317867906758756
education,asian→black,pull_tcp,pos,-5.402560108806938,23.984922902379356,250,-3.561486357352898,0.0004417028949453551,0.0031317867906758756
education,asian→black,q_exploded,neg,0.006,0.054551843364434825,250,1.7390490211537188,0.08326201990151932,nan
education,asian→black,q_exploded,pos,0.002,0.0316227766016838,250,1.0,0.31828130151580086,nan
education,asian→black,q_jerk_in_grasp,neg,0.0,0.0,250,nan,nan,nan
education,asian→black,q_jerk_in_grasp,pos,0.0,0.0,250,nan,nan,nan
education,asian→black,q_tile_drift,neg,1.7367541790008546e-05,8.74923887560799e-05,250,3.138615266734747,0.0019020706643103462,0.004564969594344831
education,asian→black,q_tile_drift,pos,3.3484697341918944e-05,0.00036723521270932025,250,1.4416905936204956,0.15064616654510696,0.17054283005106446
education,asian→black,xpos_reversals,neg,0.588,0.5012594579423981,250,18.54747311713249,7.963744730409374e-49,2.6545815768031248e-48
education,asian→black,xpos_reversals,pos,0.652,0.576389538071601,250,17.88551750373425,1.4213838981923673e-46,4.264151694577102e-46
education,asian→latino,d_approach_retreat,neg,-0.272,3.0684977945013157,250,-1.4015645132728323,0.16229055531817116,0.711598070430707
education,asian→latino,d_approach_retreat,pos,-0.264,4.766042872093634,250,-0.875822275091833,0.3819707465742833,0.7639414931485666
education,asian→latino,d_latency,neg,0.256,2.762060810278933,250,1.4654693299843597,0.14405449143435134,0.6079099993001325
education,asian→latino,d_latency,pos,0.118,1.7375708936448513,250,1.07376558062942,0.2839672222557899,0.7180460165785107
education,asian→latino,d_peak_speed,neg,0.00016336497664451598,0.004456777213427625,250,0.5795728520380429,0.5627267048146323,0.8483328712520863
education,asian→latino,d_peak_speed,pos,-0.0003792010694742203,0.00309217838259737,250,-1.9389875394301004,0.053632679394531244,0.21453071757812497
education,asian→latino,d_time_to_half,neg,-0.404,5.359634945309984,250,-1.19183506688825,0.23446060902358154,0.6434208229508089
education,asian→latino,d_time_to_half,pos,-0.096,4.847553931259132,250,-0.3131256089989608,0.7544473494531737,0.9782928370290481
education,asian→latino,pull_AUC,neg,-0.80621942120716,9.632368754130507,250,-1.32339704280114,0.1869172150246768,0.350469778171269
education,asian→latino,pull_AUC,pos,-0.2236017244531774,7.127651648648893,250,-0.49601942748383576,0.6203182405239573,0.7286727145937232
education,asian→latino,pull_MAD,neg,-2.9437551866471767,25.06404480405658,250,-1.8570369101463864,0.06448672443195247,0.15522364666959787
education,asian→latino,pull_MAD,pos,-1.094939161706716,17.405787319108903,250,-0.9946409165034842,0.32087652053590177,0.506647137688266
education,asian→latino,pull_early,neg,0.12167373523116107,1.9397134475245221,250,0.991811793751764,0.32225216115216415,0.7436588334280712
education,asian→latino,pull_early,pos,0.05458804294466969,1.714776855196626,250,0.5033382279248433,0.615171460034877,0.8423761082524279
education,asian→latino,pull_final,neg,-2.120881926096338,28.609585609768867,222,-1.104539905488407,0.2705601130547951,0.5236647349447646
education,asian→latino,pull_final,pos,-1.451573623100934,22.30607843643504,232,-0.9911966723775508,0.32262666813129426,0.581618151899363
education,asian→latino,pull_release,neg,-2.9377408362925053,24.688564164372927,250,-1.8814282102679178,0.061080333128007994,0.14836978276818474
education,asian→latino,pull_release,pos,-1.5790156433358788,17.152663239687023,250,-1.4555424496483502,0.146778744143106,0.2816970242323945
education,asian→latino,pull_tcp,neg,-2.9721846107859164,26.792052239463715,250,-1.754041256820998,0.08065365158937998,0.15610384178589673
education,asian→latino,pull_tcp,pos,-2.318210231605917,20.79192144000519,250,-1.7629021079495109,0.07914367618235188,0.15610384178589673
education,asian→latino,q_exploded,neg,0.006,0.05455184336443482,250,1.739049021153719,0.08326201990151925,nan
education,asian→latino,q_exploded,pos,0.006,0.054551843364434825,250,1.7390490211537188,0.08326201990151932,nan
education,asian→latino,q_jerk_in_grasp,neg,0.0,0.0,250,nan,nan,nan
education,asian→latino,q_jerk_in_grasp,pos,0.0,0.0,250,nan,nan,nan
education,asian→latino,q_tile_drift,neg,1.5066683292388915e-05,7.507894903467255e-05,250,3.172995666624906,0.0016983599149522413,0.0042458997873806035
education,asian→latino,q_tile_drift,pos,5.215135216712952e-05,0.0005571204351985315,250,1.4800844259726247,0.1401148332590216,0.16484098030473132
education,asian→latino,xpos_reversals,neg,0.592,0.5065197419607491,250,18.47971776551949,1.3521040076962747e-48,4.269802129567183e-48
education,asian→latino,xpos_reversals,pos,0.656,0.6042553251664132,250,17.165377437916227,4.1162029027122135e-44,8.820434791526172e-44
education,asian→middle_eastern,d_approach_retreat,neg,0.34,3.089755062360369,250,1.7399023268140335,0.08311173786668236,0.711598070430707
education,asian→middle_eastern,d_approach_retreat,pos,0.604,4.701659964916946,250,2.0312142105064392,0.04329554325994132,0.711598070430707
education,asian→middle_eastern,d_latency,neg,-0.046,2.828938949912019,250,-0.2571012929993937,0.7973129036464247,0.8741851932668847
education,asian→middle_eastern,d_latency,pos,-0.214,1.6931245325524416,250,-1.9984573085591173,0.04675445390392731,0.40075246203366266
education,asian→middle_eastern,d_peak_speed,neg,0.00035870948433876037,0.0055880609913960344,250,1.0149665425641636,0.3111069789341486,0.7777674473353716
education,asian→middle_eastern,d_peak_speed,pos,-4.3092280626296994e-05,0.0031228576905034645,250,-0.21818118187812194,0.8274666492729941,0.9026908901159936
education,asian→middle_eastern,d_time_to_half,neg,-0.964,5.638606168023467,250,-2.7031819332320053,0.007340854601079979,0.22022563803239936
education,asian→middle_eastern,d_time_to_half,pos,-0.828,5.355665093560043,250,-2.444482484321032,0.015200322386284588,0.3040064477256918
education,asian→middle_eastern,pull_AUC,neg,-2.27664675719263,9.038952341575246,250,-3.9824245710705766,8.958546246974152e-05,0.0026875638740922457
education,asian→middle_eastern,pull_AUC,pos,-1.8550630875714358,7.7998694281858025,250,-3.760463309059889,0.00021143212271885,0.00317148184078275
education,asian→middle_eastern,pull_MAD,neg,-6.6122444662638,24.046690973823065,250,-4.34774019053185,2.0062225004774577e-05,0.0006018667501432373
education,asian→middle_eastern,pull_MAD,pos,-4.88867548289476,18.82528641429115,250,-4.106006391391488,5.462288277130885e-05,0.0007551631483329602
education,asian→middle_eastern,pull_early,neg,-0.3378963068127632,3.365089780664402,250,-1.5876574060921982,0.11363281619082743,0.5960975193093645
education,asian→middle_eastern,pull_early,pos,-0.5769905228167772,2.9835598706062276,250,-3.057763744592844,0.002473229142282426,0.10220109431605502
education,asian→middle_eastern,pull_final,neg,-6.21922988768505,26.75277235880532,230,-3.5255894203216274,0.0005102322430474745,0.0076534836457121174
education,asian→middle_eastern,pull_final,pos,-6.537852539162187,24.268790464574774,237,-4.147259034169256,4.6962469082742324e-05,0.0014088740724822698
education,asian→middle_eastern,pull_release,neg,-6.306722622830421,23.6371871040019,250,-4.218693191221262,3.443526030004447e-05,0.0006887052060008894
education,asian→middle_eastern,pull_release,pos,-4.5846343310549855,17.97549329723227,250,-4.032681185825497,7.33633285870185e-05,0.0008803599430442219
education,asian→middle_eastern,pull_tcp,neg,-8.080423544161022,25.09250024160917,250,-5.091669345892238,7.006513406261491e-07,4.203908043756895e-05
education,asian→middle_eastern,pull_tcp,pos,-6.394155647198204,22.012016225007613,250,-4.592967620976613,6.9430191394150516e-06,0.00013886038278830104
education,asian→middle_eastern,q_exploded,neg,0.004,0.04463146727910637,250,1.4170619309433985,0.15771479274702113,nan
education,asian→middle_eastern,q_exploded,pos,0.006,0.054551843364434825,250,1.7390490211537188,0.08326201990151932,nan
education,asian→middle_eastern,q_jerk_in_grasp,neg,0.0,0.0,250,nan,nan,nan
education,asian→middle_eastern,q_jerk_in_grasp,pos,0.0,0.0,250,nan,nan,nan
education,asian→middle_eastern,q_tile_drift,neg,1.1025577783584595e-05,9.168473107321969e-05,250,1.9014037510583044,0.058403529094379215,0.07617851621005985
education,asian→middle_eastern,q_tile_drift,pos,4.912155866622925e-05,0.0006277756265673538,250,1.237193680584868,0.21718066953023668,0.2286112310844597
education,asian→middle_eastern,xpos_reversals,neg,0.562,0.5236917147026414,250,16.96799849147647,1.9544533990043457e-43,3.782813030330992e-43
education,asian→middle_eastern,xpos_reversals,pos,0.678,0.5572775187747366,250,19.236593809742583,3.7260515416166235e-51,2.235630924969974e-50
education,black→latino,d_approach_retreat,neg,-0.034,2.393902059039403,250,-0.2245652449308395,0.8225016720219867,0.9870020064263839
education,black→latino,d_approach_retreat,pos,-0.154,4.14560346782586,250,-0.5873581053343364,0.5574954485444241,0.8459126767835397
education,black→latino,d_latency,neg,-0.034,2.747734371569935,250,-0.19564744241324558,0.8450456868246552,0.8741851932668847
education,black→latino,d_latency,pos,0.002,2.0857606742772394,250,0.015161268016831198,0.9879156625432715,0.9879156625432715
education,black→latino,d_peak_speed,neg,-0.00013258934020996094,0.003100831291569332,250,-0.6760837161028269,0.4996149584187435,0.8483328712520863
education,black→latino,d_peak_speed,pos,-3.405693173408508e-05,0.0023045789194003465,250,-0.23365976641103656,0.8154411099928555,0.9026908901159936
education,black→latino,d_time_to_half,neg,-0.438,4.945603296653654,250,-1.4003120873958248,0.16266470273935013,0.5877743674349043
education,black→latino,d_time_to_half,pos,0.164,4.501796160944962,250,0.5760073509844937,0.5651304549057578,0.9782928370290481
education,black→latino,pull_AUC,neg,1.0023222209090603,10.0255000362616,250,1.5807795900487542,0.11519784177639725,0.25599520394754943
education,black→latino,pull_AUC,pos,-0.1962500473665539,7.1839169073069185,250,-0.4319350770629159,0.6661623862281041,0.7541460976167217
education,black→latino,pull_MAD,neg,2.627050868822262,25.306887368152662,250,1.6413445386920757,0.10198835094840375,0.21854646631800806
education,black→latino,pull_MAD,pos,-0.12489654030650837,19.95552145951528,250,-0.09895946343593683,0.9212500757568559,0.9825411658552429
education,black→latino,pull_early,neg,0.24333597272634505,2.9720354070500714,250,1.2945604696406277,0.1966711101943834,0.6941333300978239
education,black→latino,pull_early,pos,0.04248326197266579,0.8044178199408124,250,0.83503788042094,0.4044968553772995,0.7779899354149632
education,black→latino,pull_final,neg,0.21916856525551576,29.71086225355018,239,0.11404124744964403,0.9093012397967566,0.9247131252170406
education,black→latino,pull_final,pos,-1.875297900526142,27.615458199835707,232,-1.0343368712524215,0.30206032178355624,0.566363103344168
education,black→latino,pull_release,neg,2.3955167829990387,25.049598141314476,250,1.51205803077182,0.13178720205576352,0.27266317666709694
education,black→latino,pull_release,pos,-0.27788601152133197,19.648178331610442,250,-0.22362193366634994,0.8232348537831613,0.866563003982275
education,black→latino,pull_tcp,neg,3.701513394713402,26.482275233590524,250,2.210008961403199,0.02801460180510068,0.07219601718137574
education,black→latino,pull_tcp,pos,1.3769524788949639,23.983884245265255,250,0.9077566457948978,0.3648844949505714,0.47081477679738626
education,black→latino,q_exploded,neg,0.002,0.0316227766016838,250,1.0,0.31828130151580086,nan
education,black→latino,q_exploded,pos,0.002,0.03162277660168379,250,1.0,0.31828130151580086,nan
education,black→latino,q_jerk_in_grasp,neg,0.0,0.0,250,nan,nan,nan
education,black→latino,q_jerk_in_grasp,pos,0.0,0.0,250,nan,nan,nan
education,black→latino,q_tile_drift,neg,1.617458462715149e-05,0.00012092466221474822,250,2.114892309482336,0.0354328741062782,0.04944121968317888
education,black→latino,q_tile_drift,pos,3.8729220628738404e-05,0.0002990050350422275,250,2.0480014520941996,0.04160886723947886,0.056739364417471176
education,black→latino,xpos_reversals,neg,0.614,0.5167903725463803,250,18.785552000285463,1.242910063808713e-49,5.326757416323055e-49
education,black→latino,xpos_reversals,pos,0.7,0.6353065856980591,250,17.421465572292334,5.467638228353873e-45,1.3669095570884684e-44
education,black→middle_eastern,d_approach_retreat,neg,0.318,2.9075231319891865,250,1.7293143515689915,0.08499218807879562,0.711598070430707
education,black→middle_eastern,d_approach_retreat,pos,0.108,4.661249293903908,250,0.36634597911856026,0.7144180087543808,0.9318495766361489
education,black→middle_eastern,d_latency,neg,-0.12,2.4201297718200565,250,-0.7839937420686803,0.43378892630790344,0.8155097086386537
education,black→middle_eastern,d_latency,pos,-0.244,1.7998393502607362,250,-2.143512833435124,0.03304103764022662,0.3964924516827194
education,black→middle_eastern,d_peak_speed,neg,8.6751788854599e-05,0.0028927676274604634,250,0.474170896532359,0.635793579419266,0.8483328712520863
education,black→middle_eastern,d_peak_speed,pos,8.781988918781281e-05,0.0032684242634152547,250,0.4248390834776394,0.6713208609681203,0.8483328712520863
education,black→middle_eastern,d_time_to_half,neg,-0.638,5.683057678601657,250,-1.7750419415801615,0.07711256269137623,0.5877743674349043
education,black→middle_eastern,d_time_to_half,pos,-0.01,4.6117211415642,250,-0.03428522197133325,0.9726771768644322,0.9782928370290481
education,black→middle_eastern,pull_AUC,neg,-0.45353378264801597,9.45545515139655,250,-0.758398049610364,0.4489299515835937,0.6413285022622768
education,black→middle_eastern,pull_AUC,pos,0.0996500124257988,8.007310818591902,250,0.19677081061842647,0.8441674058680418,0.8732766267600433
education,black→middle_eastern,pull_MAD,neg,-1.283684423865052,25.937614252618864,250,-0.7825250496746642,0.43464961388709433,0.6209280198387062
education,black→middle_eastern,pull_MAD,pos,0.06811537331435819,21.192327938671156,250,0.05082021285471168,0.9595095275370127,0.9825411658552429
education,black→middle_eastern,pull_early,neg,0.05396194458007811,1.8744325185230928,250,0.45518483636657747,0.649372905811976,0.8423761082524279
education,black→middle_eastern,pull_early,pos,0.06571606025099755,1.50008685307818,250,0.692667990588603,0.48916342494206655,0.7932379863925403
education,black→middle_eastern,pull_final,neg,-2.1157838015132544,33.127275800743355,234,-0.9769975915330946,0.329583619409639,0.581618151899363
education,black→middle_eastern,pull_final,pos,0.21750065164035381,28.8548072570992,237,0.11604236137432583,0.9077176506446426,0.9247131252170406
education,black→middle_eastern,pull_release,neg,-1.44166254485026,25.503425340559623,250,-0.893789206391645,0.37229774543854677,0.5721342376911213
education,black→middle_eastern,pull_release,pos,-0.19058791862335056,20.83050460614517,250,-0.14466570271725715,0.8850918434260839,0.8960161340511666
education,black→middle_eastern,pull_tcp,neg,-1.794385714805685,25.71480225459924,250,-1.103322865070914,0.27095213630283216,0.4084042707436564
education,black→middle_eastern,pull_tcp,pos,0.4130727215670049,24.560458674415685,250,0.2659255384340597,0.7905166097290265,0.8949244638441809
education,black→middle_eastern,q_exploded,neg,0.002,0.03162277660168379,250,1.0,0.31828130151580086,nan
education,black→middle_eastern,q_exploded,pos,0.002,0.03162277660168379,250,1.0,0.31828130151580086,nan
education,black→middle_eastern,q_jerk_in_grasp,neg,0.0,0.0,250,nan,nan,nan
education,black→middle_eastern,q_jerk_in_grasp,pos,0.0,0.0,250,nan,nan,nan
education,black→middle_eastern,q_tile_drift,neg,1.0647505521774292e-05,5.296276515057275e-05,250,3.178683057078091,0.0016666747137328865,0.0042458997873806035
education,black→middle_eastern,q_tile_drift,pos,2.0781368017196656e-05,0.00010834885931817075,250,3.032632564941899,0.002680624816197918,0.005956944035995372
education,black→middle_eastern,xpos_reversals,neg,0.66,0.558253156144577,250,18.6931612722545,2.554316030558268e-49,9.015233049029182e-49
education,black→middle_eastern,xpos_reversals,pos,0.704,0.5863096759772759,250,18.985218596706417,2.6261048387797962e-50,1.2120483871291367e-49
education,latino→middle_eastern,d_approach_retreat,neg,-0.004,2.703185685705964,250,-0.023396673612841503,0.9813525968350412,0.9961696604795246
education,latino→middle_eastern,d_approach_retreat,pos,-0.23,4.809221814164046,250,-0.7561762484074077,0.4502583317797403,0.8275317920510771
education,latino→middle_eastern,d_latency,neg,-0.182,2.980504930134191,250,-0.9654983763518432,0.3352320200247335,0.8045568480593605
education,latino→middle_eastern,d_latency,pos,0.044,1.8014006152732456,250,0.3862000930489945,0.6996782731408628,0.8741851932668847
education,latino→middle_eastern,d_peak_speed,neg,0.00017643631994724275,0.003219940233935498,250,0.8663835234133463,0.3871139334238042,0.8483328712520863
education,latino→middle_eastern,d_peak_speed,pos,-8.571499586105346e-05,0.0029929106239540643,250,-0.45282778306746163,0.651067061890017,0.8483328712520863
education,latino→middle_eastern,d_time_to_half,neg,-0.19,5.617036978485247,250,-0.5348306925282333,0.5932442022356904,0.9782928370290481
education,latino→middle_eastern,d_time_to_half,pos,-0.008,4.644158571295921,250,-0.02723660367424506,0.9782928370290481,0.9782928370290481
education,latino→middle_eastern,pull_AUC,neg,-1.5389791831107185,10.174544530827362,250,-2.391595749308428,0.01751816701526949,0.05839389005089831
education,latino→middle_eastern,pull_AUC,pos,-0.7660679464218206,8.509795115941317,250,-1.4233712563788448,0.155880321381191,0.32251100975418834
education,latino→middle_eastern,pull_MAD,neg,-3.26703693528194,26.09293631134436,250,-1.9797078013974498,0.04883755895062236,0.12740232769727572
education,latino→middle_eastern,pull_MAD,pos,-1.6065314726391806,19.959425149451118,250,-1.2726565390146012,0.20432699404756763,0.371503625541032
education,latino→middle_eastern,pull_early,neg,-0.16356624141335493,2.2337133097379143,250,-1.1578072014081549,0.2480520808533399,0.7156323152954864
education,latino→middle_eastern,pull_early,pos,-0.0854663960635662,2.784493069972071,250,-0.485310015459347,0.627883169881041,0.8423761082524279
education,latino→middle_eastern,pull_final,neg,-3.314065006501621,32.22055595200745,233,-1.5700227800541149,0.11777264485039597,0.33649327100113136
education,latino→middle_eastern,pull_final,pos,-0.4301466268231779,29.81093798989352,226,-0.21691775446255593,0.8284689999478884,0.872072631524093
education,latino→middle_eastern,pull_release,neg,-3.468530038371682,25.50419884757427,250,-2.1503233878308947,0.03249279848832701,0.09651929124451626
education,latino→middle_eastern,pull_release,pos,-1.7347445419291034,19.00630309729239,250,-1.4431380692394944,0.15023841292394374,0.2816970242323945
education,latino→middle_eastern,pull_tcp,neg,-3.396501637995243,26.78172642931238,250,-2.0052257050916027,0.04602118332843165,0.1095750776232596
education,latino→middle_eastern,pull_tcp,pos,-3.1806024094112217,21.605147088364028,250,-2.3276740269395755,0.020731445105318845,0.05923270030091099
education,latino→middle_eastern,q_exploded,neg,0.004,0.04463146727910637,250,1.4170619309433985,0.15771479274702113,nan
education,latino→middle_eastern,q_exploded,pos,0.004,0.04463146727910638,250,1.4170619309433985,0.15771479274702113,nan
education,latino→middle_eastern,q_jerk_in_grasp,neg,0.0,0.0,250,nan,nan,nan
education,latino→middle_eastern,q_jerk_in_grasp,pos,0.0,0.0,250,nan,nan,nan
education,latino→middle_eastern,q_tile_drift,neg,1.2540459632873535e-05,5.670320403918742e-05,250,3.496840788562222,0.0005573509787822954,0.0017600557224704068
education,latino→middle_eastern,q_tile_drift,pos,2.2024184465408326e-05,0.00013207942347097813,250,2.636541888513455,0.00890206845654509,0.015260688782648727
education,latino→middle_eastern,xpos_reversals,neg,0.562,0.5462136922399158,250,16.26835861370189,4.93772464492209e-41,7.796407334087511e-41
education,latino→middle_eastern,xpos_reversals,pos,0.712,0.5730353199512632,250,19.64574970903521,1.5692020496222961e-52,1.8830424595467553e-51
janitor,asian→black,d_approach_retreat,neg,0.102,5.750030207708324,250,0.2804788059241587,0.7793430750570642,0.9870020064263839
janitor,asian→black,d_approach_retreat,pos,-0.18,6.200919740045824,250,-0.45897221919703635,0.6466545058437341,0.8818015988778192
janitor,asian→black,d_latency,neg,0.152,3.645828336198526,250,0.6592002694877018,0.5103763384796383,0.8155097086386537
janitor,asian→black,d_latency,pos,0.262,3.026050881221757,250,1.3689735888208279,0.17224116646837084,0.6079099993001325
janitor,asian→black,d_peak_speed,neg,-0.00013683517277240752,0.004415578411676969,250,-0.48998202459632906,0.6245780482274412,0.8483328712520863
janitor,asian→black,d_peak_speed,pos,-9.388178586959839e-07,0.003954087745201427,250,-0.0037540931471795,0.9970076799399676,0.9970076799399676
janitor,asian→black,d_time_to_half,neg,-0.312,5.185577775664915,250,-0.9513217934967958,0.34236354105439404,0.7608078690097645
janitor,asian→black,d_time_to_half,pos,-0.242,3.9322112278668664,250,-0.9730799662253771,0.3314578984283424,0.7608078690097645
janitor,asian→black,pull_AUC,neg,-0.6082713915949192,14.08984146865289,250,-0.6825921488327612,0.4954991302073426,0.6417243566550808
janitor,asian→black,pull_AUC,pos,0.8089592452407348,11.752239745429907,250,1.0883686023365198,0.27748471454746115,0.4499752127796667
janitor,asian→black,pull_MAD,neg,-1.4409527602232988,24.84347177780462,250,-0.9170805038374489,0.3599878409596984,0.5538274476303052
janitor,asian→black,pull_MAD,pos,0.4494013069849461,19.906885621945,250,0.35694476286193566,0.7214354694046194,0.8015949660051327
janitor,asian→black,pull_early,neg,-0.2978729920927435,12.759773131655828,250,-0.3691120127071404,0.7123579112415628,0.8904473890519534
janitor,asian→black,pull_early,pos,0.03308721426874398,12.095368913531328,250,0.04325248748808348,0.9655349291749902,0.9958654290817994
janitor,asian→black,pull_final,neg,-1.450654379431367,29.067904176391146,232,-0.7601411193415267,0.4479453523623158,0.6555297839448524
janitor,asian→black,pull_final,pos,-1.0552508337423205,25.96591865465116,225,-0.6095976312896394,0.5427462221081413,0.6831040255853496
janitor,asian→black,pull_release,neg,-1.1430667573586106,23.669807844091327,250,-0.7635665009799766,0.4458484871557967,0.5815415049858218
janitor,asian→black,pull_release,pos,1.7785941504407674,19.916755612632432,250,1.4119791038851857,0.15920458335703366,0.28946287883097027
janitor,asian→black,pull_tcp,neg,-2.01271769561572,25.350342068480046,250,-1.2553621935115746,0.21052412206243207,0.33240650851962955
janitor,asian→black,pull_tcp,pos,1.0656560334609821,20.951337446938677,250,0.8042207989279717,0.4220366104050236,0.5106433213626531
janitor,asian→black,q_exploded,neg,0.006,0.05455184336443482,250,1.739049021153719,0.08326201990151925,nan
janitor,asian→black,q_exploded,pos,0.004,0.04463146727910638,250,1.4170619309433983,0.15771479274702124,nan
janitor,asian→black,q_jerk_in_grasp,neg,0.0,0.0,250,nan,nan,nan
janitor,asian→black,q_jerk_in_grasp,pos,0.0,0.0,250,nan,nan,nan
janitor,asian→black,q_tile_drift,neg,3.9296627044677735e-05,0.00021368873701442734,250,2.9076601687004917,0.003969983495131729,0.008213758955444956
janitor,asian→black,q_tile_drift,pos,1.868376135826111e-05,7.709099903243945e-05,250,3.8320453679867623,0.0001609660017515587,0.0005681153002996189
janitor,asian→black,xpos_reversals,neg,0.482,0.5096222713321613,250,14.954387964804083,1.631118485472502e-36,2.1275458506163067e-36
janitor,asian→black,xpos_reversals,pos,0.584,0.5833568555211588,250,15.828820181503376,1.603663175416328e-39,2.237669547092551e-39
janitor,asian→latino,d_approach_retreat,neg,-0.348,5.720822251120521,250,-0.9618133350700151,0.3370764539994615,0.711598070430707
janitor,asian→latino,d_approach_retreat,pos,-0.192,5.621703496343721,250,-0.5400118586361017,0.5896714821459708,0.8539648315722271
janitor,asian→latino,d_latency,neg,-0.168,3.621635122959714,250,-0.7334568901492804,0.46396979825625506,0.8155097086386537
janitor,asian→latino,d_latency,pos,-0.13,3.054080817292532,250,-0.6730275333485272,0.5015539212444768,0.8155097086386537
janitor,asian→latino,d_peak_speed,neg,-1.3076946139335632e-05,0.004357513254002094,250,-0.04745015359582235,0.9621924925022962,0.9943549515913068
janitor,asian→latino,d_peak_speed,pos,4.4461265206336973e-05,0.004232991907078531,250,0.16607504667054473,0.8682326598730998,0.9139291156558946
janitor,asian→latino,d_time_to_half,neg,-0.308,4.61892562135204,250,-1.054337739093923,0.2927502908328051,0.7026006979987324
janitor,asian→latino,d_time_to_half,pos,-0.366,4.870722714242327,250,-1.1881128238293348,0.2359209684152966,0.6434208229508089
janitor,asian→latino,pull_AUC,neg,0.4563482987946956,15.026453683554609,250,0.48018649673598013,0.6315163526478934,0.7286727145937232
janitor,asian→latino,pull_AUC,pos,-1.2465137156499781,12.111760577912474,250,-1.6272706394485217,0.10494435015809428,0.25599520394754943
janitor,asian→latino,pull_MAD,neg,0.03507425187155576,25.31700547079337,250,0.021905142626069036,0.9825411658552428,0.9825411658552429
janitor,asian→latino,pull_MAD,pos,-3.0816381936986,20.35145402715265,250,-2.3941767511188816,0.017398197164342065,0.06959278865736826
janitor,asian→latino,pull_early,neg,0.090449952869676,13.208239464444803,250,0.10827630211165395,0.9138637188350929,0.9619618093000978
janitor,asian→latino,pull_early,pos,0.6427501976490022,11.77048437475319,250,0.8634116177299924,0.3887420842022479,0.7779899354149632
janitor,asian→latino,pull_final,neg,-3.768387946518616,38.894039750240026,226,-1.456554609202116,0.14663342078995972,0.35192020989590334
janitor,asian→latino,pull_final,pos,-3.3472386955835924,27.038223608932437,231,-1.8815446035433372,0.06116090445734532,0.2038696815244844
janitor,asian→latino,pull_release,neg,0.2473770058786613,24.050602775594967,250,0.16263101316596426,0.8709408701485224,0.8960161340511666
janitor,asian→latino,pull_release,pos,-3.090784823987633,19.894535024670123,250,-2.4564333343713347,0.014715814082689837,0.058863256330759346
janitor,asian→latino,pull_tcp,neg,-1.5620921240188181,23.925368243449903,250,-1.0323287350576207,0.3029197728240061,0.43274253260572304
janitor,asian→latino,pull_tcp,pos,-3.318584216525778,20.225115011761,250,-2.5943696056127186,0.010038242764848214,0.032131523687857357
janitor,asian→latino,q_exploded,neg,0.004,0.044631467279106385,250,1.4170619309433983,0.15771479274702124,nan
janitor,asian→latino,q_exploded,pos,0.004,0.04463146727910638,250,1.4170619309433983,0.15771479274702124,nan
janitor,asian→latino,q_jerk_in_grasp,neg,0.0,0.0,250,nan,nan,nan
janitor,asian→latino,q_jerk_in_grasp,pos,0.0,0.0,250,nan,nan,nan
janitor,asian→latino,q_tile_drift,neg,3.3642321825027464e-05,0.00013258031662961238,250,4.012147709704504,7.962124501625326e-05,0.00029857966881094975
janitor,asian→latino,q_tile_drift,pos,3.2115340232849123e-05,0.00018457045627747902,250,2.751188489623879,0.006374182200625007,0.011456994412809077
janitor,asian→latino,xpos_reversals,neg,0.552,0.5333232930781844,250,16.365094972113344,2.2962424480347574e-41,3.723636402218526e-41
janitor,asian→latino,xpos_reversals,pos,0.564,0.506884332868585,250,17.593013678698203,1.416658772603075e-45,3.863614834372023e-45
janitor,asian→middle_eastern,d_approach_retreat,neg,0.962,6.158837643946947,250,2.4697120503508,0.014193576742838629,0.711598070430707
janitor,asian→middle_eastern,d_approach_retreat,pos,-0.454,6.443520764252835,250,-1.1140447204587531,0.2663341907038332,0.711598070430707
janitor,asian→middle_eastern,d_latency,neg,-0.078,3.587533636129624,250,-0.3437705154999436,0.7313089822737365,0.8741851932668847
janitor,asian→middle_eastern,d_latency,pos,0.268,3.010386304581398,250,1.4076107302829552,0.16049350418229325,0.6079099993001325
janitor,asian→middle_eastern,d_peak_speed,neg,-0.00010204131901264191,0.00469435258284041,250,-0.34369274339055583,0.7313674040445792,0.8483328712520863
janitor,asian→middle_eastern,d_peak_speed,pos,0.00013630053400993347,0.00427259584824493,250,0.5044007777446172,0.6144258190180842,0.8483328712520863
janitor,asian→middle_eastern,d_time_to_half,neg,-0.432,4.4785719181121575,250,-1.5251557574279062,0.12848936547112685,0.5877743674349043
janitor,asian→middle_eastern,d_time_to_half,pos,-0.778,5.449818168736381,250,-2.2571872523422596,0.024863473437633,0.372952101564495
janitor,asian→middle_eastern,pull_AUC,neg,-1.2447503167613816,14.52411332216621,250,-1.3550727785821752,0.17662240733033047,0.3418498206393493
janitor,asian→middle_eastern,pull_AUC,pos,-0.7177692307435206,12.453124482020078,250,-0.9113317733286986,0.36300200143711947,0.531222441127492
janitor,asian→middle_eastern,pull_MAD,neg,-1.0774182103015482,26.076756455647594,250,-0.6532820795581131,0.5141772092479264,0.687395543107328
janitor,asian→middle_eastern,pull_MAD,pos,-1.6127051528450105,21.712994878462496,250,-1.17437081015913,0.24136844764219353,0.4252851560630313
janitor,asian→middle_eastern,pull_early,neg,-1.0202830516267567,12.397630737489603,250,-1.3012237456997497,0.1943846147751568,0.6941333300978239
janitor,asian→middle_eastern,pull_early,pos,0.204349452164024,13.178601969742632,250,0.24517384656187474,0.8065237667019639,0.9202133916538128
janitor,asian→middle_eastern,pull_final,neg,-1.1173016222133099,26.736073707631643,230,-0.6337773546952699,0.5268586473404696,0.6831040255853496
janitor,asian→middle_eastern,pull_final,pos,-4.807310975498378,33.195522578615744,230,-2.1962745283913083,0.029075644119830105,0.11630257647932042
janitor,asian→middle_eastern,pull_release,neg,-0.7199840783141553,25.172245918047082,250,-0.4522420394950623,0.6514883529023365,0.7817860234828038
janitor,asian→middle_eastern,pull_release,pos,-2.3138159864465706,20.878703920482884,250,-1.7522468424158835,0.08096228526285106,0.17991618947300234
janitor,asian→middle_eastern,pull_tcp,neg,-1.253669215249829,24.30179249749395,250,-0.8156703158901097,0.4154682766418224,0.5106433213626531
janitor,asian→middle_eastern,pull_tcp,pos,-3.576685633568559,21.838376367138626,250,-2.5895865348072564,0.01017498250115483,0.032131523687857357
janitor,asian→middle_eastern,q_exploded,neg,0.004,0.04463146727910638,250,1.4170619309433985,0.15771479274702113,nan
janitor,asian→middle_eastern,q_exploded,pos,0.002,0.03162277660168379,250,1.0,0.31828130151580086,nan
janitor,asian→middle_eastern,q_jerk_in_grasp,neg,0.0,0.0,250,nan,nan,nan
janitor,asian→middle_eastern,q_jerk_in_grasp,pos,0.0,0.0,250,nan,nan,nan
janitor,asian→middle_eastern,q_tile_drift,neg,0.00022502946853637695,0.0026186325263095607,250,1.3587352446030563,0.17546004910329144,0.19141096265813612
janitor,asian→middle_eastern,q_tile_drift,pos,8.171799778938294e-05,0.0006380503469156536,250,2.025036112684816,0.04393074303333862,0.05857432404445149
janitor,asian→middle_eastern,xpos_reversals,neg,0.44,0.513277522653237,250,13.554092172998761,1.0162335570558794e-31,1.1504530834594862e-31
janitor,asian→middle_eastern,xpos_reversals,pos,0.61,0.5622852111113524,250,17.153122068514648,4.534016761681339e-44,9.380724334513115e-44
janitor,black→latino,d_approach_retreat,neg,0.404,6.514949136332223,250,0.9804836138960743,0.3277991341788574,0.711598070430707
janitor,black→latino,d_approach_retreat,pos,-0.006,6.333356901245517,250,-0.014979154228051569,0.9880608059587337,0.9961696604795246
janitor,black→latino,d_latency,neg,0.08,3.4891685526433114,250,0.36252506721381667,0.7172672071062798,0.8741851932668847
janitor,black→latino,d_latency,pos,0.202,2.9946733165893686,250,1.0665271631055886,0.2872184066314043,0.7180460165785107
janitor,black→latino,d_peak_speed,neg,-0.00017129483819007874,0.006257512267857694,250,-0.4328252322356949,0.6655163962982826,0.8483328712520863
janitor,black→latino,d_peak_speed,pos,0.0005590782314538956,0.005214412999242455,250,1.6952633037217693,0.09127553096962808,0.33195035620162383
janitor,black→latino,d_time_to_half,neg,0.406,4.4918672604991094,250,1.4291214049429684,0.15422266237847396,0.5877743674349043
janitor,black→latino,d_time_to_half,pos,-0.144,5.428548660760903,250,-0.41941963821359485,0.6752710943637015,0.9782928370290481
janitor,black→latino,pull_AUC,neg,-1.0848049655319336,14.261680847847519,250,-1.2026823993397358,0.23024161497051884,0.3970456818213141
janitor,black→latino,pull_AUC,pos,-2.0612130751592366,12.06740424129532,250,-2.700716711767071,0.007393893066777269,0.03817235663537003
janitor,black→latino,pull_MAD,neg,-2.0199393789866007,24.473566487563815,250,-1.3050016997542153,0.1930969632394601,0.3620568060739877
janitor,black→latino,pull_MAD,pos,-4.965004352983088,21.70167036369873,250,-3.617399510025831,0.00036024932816517167,0.0030878513842729
janitor,black→latino,pull_early,neg,-0.5475996827706696,12.364779947263079,250,-0.7002398145889688,0.4844312910112808,0.7932379863925403
janitor,black→latino,pull_early,pos,-0.3469738850340944,11.969967778802033,250,-0.45832527939142037,0.6471185133416797,0.8423761082524279
janitor,black→latino,pull_final,neg,-2.6956091629212358,28.66342657190564,224,-1.4075143334308213,0.16066728239759465,0.3573391054396679
janitor,black→latino,pull_final,pos,-5.019543538348783,26.516140574093093,236,-2.908103869648292,0.003984550569482992,0.0341532905955685
janitor,black→latino,pull_release,neg,-2.2297771799494512,23.85727150915062,250,-1.4777831070503749,0.14072958742935698,0.28145917485871397
janitor,black→latino,pull_release,pos,-5.081138446927071,21.830935448254372,250,-3.6800920961508643,0.0002857951742222487,0.002857951742222487
janitor,black→latino,pull_tcp,neg,-1.4622490834444761,24.099110205360297,250,-0.959379323712467,0.3382983159916725,0.4580462050255038
janitor,black→latino,pull_tcp,pos,-4.963443543529138,23.427643827155904,250,-3.3498431918739446,0.0009340135676835882,0.004670067838417941
janitor,black→latino,q_exploded,neg,0.012,0.0766780155734951,250,2.4744597025759245,0.014010888417100414,nan
janitor,black→latino,q_exploded,pos,0.004,0.04463146727910637,250,1.4170619309433985,0.15771479274702113,nan
janitor,black→latino,q_jerk_in_grasp,neg,0.0,0.0,250,nan,nan,nan
janitor,black→latino,q_jerk_in_grasp,pos,0.0,0.0,250,nan,nan,nan
janitor,black→latino,q_tile_drift,neg,6.175214052200317e-05,0.0002951463615522864,250,3.3081453793513043,0.0010778936702228136,0.00307969620063661
janitor,black→latino,q_tile_drift,pos,9.90358293056488e-05,0.0009620703481617667,250,1.6276293681012757,0.10486816417914602,0.12584179701497522
janitor,black→latino,xpos_reversals,neg,0.618,0.5677723679850839,250,17.210133005586844,2.891940891021994e-44,6.517452343446925e-44
janitor,black→latino,xpos_reversals,pos,0.462,0.5182957862922999,250,14.094001124811928,1.4580071833118952e-33,1.7496086199742744e-33
janitor,black→middle_eastern,d_approach_retreat,neg,0.662,5.6647252757569095,250,1.84777523103426,0.06582083586195968,0.711598070430707
janitor,black→middle_eastern,d_approach_retreat,pos,-0.098,6.055748041105194,250,-0.2558752515733323,0.7982584185257372,0.9870020064263839
janitor,black→middle_eastern,d_latency,neg,-0.192,3.5317174451603286,250,-0.8595779817894885,0.3908485158745161,0.8155097086386537
janitor,black→middle_eastern,d_latency,pos,-0.342,2.9849078208204656,250,-1.8116119905510393,0.07125094931652215,0.4275056958991329
janitor,black→middle_eastern,d_peak_speed,neg,0.00022010737657546998,0.00395993458924458,250,0.8788537084341819,0.38032790153926943,0.8483328712520863
janitor,black→middle_eastern,d_peak_speed,pos,0.0003817828297615051,0.003930617462828911,250,1.53576801228803,0.12586495497804187,0.39746827887802694
janitor,black→middle_eastern,d_time_to_half,neg,0.088,5.063676458573201,250,0.27478101767705443,0.783712334289559,0.9782928370290481
janitor,black→middle_eastern,d_time_to_half,pos,-0.292,3.746582914354965,250,-1.232303005001215,0.2189982496819941,0.6434208229508089
janitor,black→middle_eastern,pull_AUC,neg,-0.9684934936113772,13.164435403968577,250,-1.163226999443673,0.2458509282475984,0.4097515470793307
janitor,black→middle_eastern,pull_AUC,pos,-0.7634904255721892,12.149265963882396,250,-0.9936274025594924,0.3213688900386423,0.4944136769825266
janitor,black→middle_eastern,pull_MAD,neg,-0.7224600849393757,23.29171566221919,250,-0.49043604603866775,0.6242572628674921,0.7523654515442464
janitor,black→middle_eastern,pull_MAD,pos,-1.5105303178401663,21.271312642620533,250,-1.1228071251094471,0.26260087120338244,0.4376681186723041
janitor,black→middle_eastern,pull_early,neg,-0.7995485292747617,11.930093619041997,250,-1.0596708345651256,0.2903211960865289,0.7436588334280712
janitor,black→middle_eastern,pull_early,pos,-0.3456194075173699,12.401993140523027,250,-0.4406326140197806,0.6598612847977352,0.8423761082524279
janitor,black→middle_eastern,pull_final,neg,-1.6160032564662716,26.78299221965075,234,-0.9229773960101371,0.35697376739881714,0.5857158635439982
janitor,black→middle_eastern,pull_final,pos,-1.2364228456677433,25.828053046041568,235,-0.7338533523012367,0.46377275956186026,0.6561380974059859
janitor,black→middle_eastern,pull_release,neg,-0.3782724882476032,22.547178495618322,250,-0.26526659184300244,0.7910235736473457,0.8618427826678844
janitor,black→middle_eastern,pull_release,pos,-1.7795677077956498,21.864721533292588,250,-1.2868874635678462,0.19932856978089605,0.351756299613346
janitor,black→middle_eastern,pull_tcp,neg,0.7063165385043249,22.332201799518653,250,0.5000781003975675,0.6174617386054547,0.7264255748299467
janitor,black→middle_eastern,pull_tcp,pos,-0.2419447309221141,24.196686083115818,250,-0.15809942216102207,0.8745065952045636,0.94871559972259
janitor,black→middle_eastern,q_exploded,neg,0.006,0.054551843364434825,250,1.7390490211537188,0.08326201990151932,nan
janitor,black→middle_eastern,q_exploded,pos,0.002,0.03162277660168379,250,1.0,0.31828130151580086,nan
janitor,black→middle_eastern,q_jerk_in_grasp,neg,0.0,0.0,250,nan,nan,nan
janitor,black→middle_eastern,q_jerk_in_grasp,pos,0.0,0.0,250,nan,nan,nan
janitor,black→middle_eastern,q_tile_drift,neg,7.222253084182739e-05,0.0003055493228233932,250,3.737329438853642,0.00023071293909650252,0.0007690431303216751
janitor,black→middle_eastern,q_tile_drift,pos,3.235489130020142e-05,0.00020867978974574994,250,2.4514867989962354,0.014914669206932105,0.023549477695155956
janitor,black→middle_eastern,xpos_reversals,neg,0.528,0.5140749871074043,250,16.239679486876707,6.196118194826049e-41,9.294177292239073e-41
janitor,black→middle_eastern,xpos_reversals,pos,0.48,0.5484552970401558,250,13.837894219204593,1.0944318815333493e-32,1.2628060171538645e-32
janitor,latino→middle_eastern,d_approach_retreat,neg,0.004,5.7801057507592235,250,0.010941937038965111,0.9912785331437008,0.9961696604795246
janitor,latino→middle_eastern,d_approach_retreat,pos,-0.658,5.788615402070894,250,-1.7973025981708761,0.07349922485148219,0.711598070430707
janitor,latino→middle_eastern,d_latency,neg,0.14,3.456034824307664,250,0.6405011739316914,0.5224358056525654,0.8155097086386537
janitor,latino→middle_eastern,d_latency,pos,-0.072,3.155414801619769,250,-0.36078298075937004,0.718567573173204,0.8741851932668847
janitor,latino→middle_eastern,d_peak_speed,neg,-0.00015680807828903198,0.003790556032396468,250,-0.654086997618975,0.513659393658723,0.8483328712520863
janitor,latino→middle_eastern,d_peak_speed,pos,9.72524881362915e-05,0.004807763649683798,250,0.3198361993620584,0.749360702939343,0.8483328712520863
janitor,latino→middle_eastern,d_time_to_half,neg,0.084,5.002704489457211,250,0.2654877217052697,0.790853436333697,0.9782928370290481
janitor,latino→middle_eastern,d_time_to_half,pos,0.338,6.542474446839681,250,0.8168544316235093,0.4147924593017055,0.8309081329781727
janitor,latino→middle_eastern,pull_AUC,neg,0.28760883332744436,14.065927283800749,250,0.3232986244518366,0.7467404423995441,0.814625937163139
janitor,latino→middle_eastern,pull_AUC,pos,1.0921263495327764,10.9057493861044,250,1.58338809876246,0.11460228801426388,0.25599520394754943
janitor,latino→middle_eastern,pull_MAD,neg,0.6574954074062406,22.47717446205703,250,0.46250987685615497,0.6441196239964624,0.7523654515442464
janitor,latino→middle_eastern,pull_MAD,pos,0.9387235654715914,20.060837946051585,250,0.7398755147086687,0.46007252989937963,0.6419616696270414
janitor,latino→middle_eastern,pull_early,neg,0.920300795766525,14.468877916433808,250,1.005691893972716,0.31554010347433586,0.7436588334280712
janitor,latino→middle_eastern,pull_early,pos,1.045012164488435,11.700738705670895,250,1.412141021816153,0.15915696015826813,0.6366278406330725
janitor,latino→middle_eastern,pull_final,neg,-0.5569978983790224,26.09238967662756,234,-0.32654845202724575,0.7443025709413882,0.8655265620538156
janitor,latino→middle_eastern,pull_final,pos,-0.416884926802855,25.621332390621077,224,-0.24352216223971396,0.8078247912502279,0.8655265620538156
janitor,latino→middle_eastern,pull_release,neg,0.4725200410466641,21.81201391063002,250,0.342526732264621,0.7322434897458341,0.8136038774953712
janitor,latino→middle_eastern,pull_release,pos,0.7426223030779511,19.381330317193402,250,0.605835069247781,0.5451761208151468,0.6814701510189335
janitor,latino→middle_eastern,pull_tcp,neg,-0.10015941085293889,20.633471354866238,250,-0.07675195849223314,0.9388825037203112,0.9547957664952318
janitor,latino→middle_eastern,pull_tcp,pos,-0.10855626419652253,20.790468177583932,250,-0.08255827771837433,0.9342691046547109,0.9547957664952318
janitor,latino→middle_eastern,q_exploded,neg,0.004,0.044631467279106385,250,1.4170619309433983,0.15771479274702124,nan
janitor,latino→middle_eastern,q_exploded,pos,0.012,0.0766780155734951,250,2.4744597025759245,0.014010888417100414,nan
janitor,latino→middle_eastern,q_jerk_in_grasp,neg,0.0,0.0,250,nan,nan,nan
janitor,latino→middle_eastern,q_jerk_in_grasp,pos,0.0,0.0,250,nan,nan,nan
janitor,latino→middle_eastern,q_tile_drift,neg,2.9537618160247804e-05,0.00015140898543458312,250,3.0845642936789894,0.002268408881463338,0.005234789726453857
janitor,latino→middle_eastern,q_tile_drift,pos,3.4413039684295655e-05,0.0002116093173663413,250,2.5713325851275957,0.010712292398388943,0.01737128497036045
janitor,latino→middle_eastern,xpos_reversals,neg,0.382,0.4858189789636517,250,12.432512092891095,6.299876187510749e-28,6.631448618432368e-28
janitor,latino→middle_eastern,xpos_reversals,pos,0.58,0.5646906250399701,250,16.24005217695828,6.177865120969887e-41,9.294177292239073e-41
pilot,asian→black,d_approach_retreat,neg,0.396,5.568051435389996,250,1.1245064525333068,0.2618810834122487,0.711598070430707
pilot,asian→black,d_approach_retreat,pos,0.296,6.743164321017319,250,0.6940615287190746,0.48829063424838093,0.8275317920510771
pilot,asian→black,d_latency,neg,0.124,3.434210127057916,250,0.5709062860938126,0.5685780449140705,0.8320654315815665
pilot,asian→black,d_latency,pos,0.224,3.0844577348493996,250,1.1482572574662018,0.25196430219516924,0.7180460165785107
pilot,asian→black,d_peak_speed,neg,0.0007084147036075592,0.006664037293879924,250,1.6808159172595964,0.09405260092379342,0.33195035620162383
pilot,asian→black,d_peak_speed,pos,0.0005067662298679352,0.005037499060189017,250,1.590606279516601,0.11296699028668655,0.3765566342889552
pilot,asian→black,d_time_to_half,neg,-0.242,5.809080621809508,250,-0.6586852925466617,0.5107064867609576,0.9285572486562866
pilot,asian→black,d_time_to_half,pos,-0.096,5.610230185199507,250,-0.2705581102331978,0.786955045372258,0.9782928370290481
pilot,asian→black,pull_AUC,neg,-3.2454865558608947,19.050315566176753,250,-2.6936901901503383,0.007546969277259547,0.03817235663537003
pilot,asian→black,pull_AUC,pos,-1.3911581083840814,12.411117182081083,250,-1.772293397671161,0.07756863865459072,0.20235297040328018
pilot,asian→black,pull_MAD,neg,-3.3582252999348565,24.949429342039515,250,-2.128233214918121,0.03430007465589203,0.10346377936332359
pilot,asian→black,pull_MAD,pos,-1.234971350356936,16.866272572696417,250,-1.157731293428685,0.24808300770343494,0.4252851560630313
pilot,asian→black,pull_early,neg,-2.8045709232930682,24.155283789830584,250,-1.8357954421593816,0.06758034822046623,0.5628425864838474
pilot,asian→black,pull_early,pos,-1.3580056976759807,14.014755500612791,250,-1.5320963251746906,0.12676816869464103,0.5960975193093645
pilot,asian→black,pull_final,neg,-6.205475924883125,38.647794950467954,215,-2.3543422952891135,0.019460936544859628,0.10462398514795292
pilot,asian→black,pull_final,pos,1.027102499160345,22.527710020678786,231,0.6929513236699055,0.48903920639148757,0.6561380974059859
pilot,asian→black,pull_release,neg,-3.126455283316318,26.35008305700394,250,-1.8760319799672645,0.061820742820076977,0.14836978276818474
pilot,asian→black,pull_release,pos,-0.9286391353234649,17.0856921637663,250,-0.8593783511501996,0.39095839575559954,0.5721342376911213
pilot,asian→black,pull_tcp,neg,-3.814935758477077,31.835826840997637,250,-1.894702811436627,0.05929034160373245,0.1270507320079981
pilot,asian→black,pull_tcp,pos,-2.208835909841582,18.056860281511028,250,-1.9341547599562028,0.05422718901500726,0.12050486447779392
pilot,asian→black,q_exploded,neg,0.01,0.07014042140491769,250,2.2542476911513574,0.025050382500227265,nan
pilot,asian→black,q_exploded,pos,0.008,0.06286340134701322,250,2.012158166696862,0.04528026312539456,nan
pilot,asian→black,q_jerk_in_grasp,neg,0.0,0.0,250,nan,nan,nan
pilot,asian→black,q_jerk_in_grasp,pos,0.0,0.0,250,nan,nan,nan
pilot,asian→black,q_tile_drift,neg,0.0016603808999061584,0.004634616228062795,250,5.66453096520808,4.057840228118394e-08,2.4347041368710366e-07
pilot,asian→black,q_tile_drift,pos,0.0019744723737239837,0.021340576377022906,250,1.4629009469420018,0.14475556962076797,0.16702565725473228
pilot,asian→black,xpos_reversals,neg,0.54,0.5846084743425229,250,14.604902352907237,2.5869913005079705e-35,3.233739125634963e-35
pilot,asian→black,xpos_reversals,pos,0.576,0.5471943774811543,250,16.643737648051026,2.5337548485222637e-42,4.6068269973132065e-42
pilot,asian→latino,d_approach_retreat,neg,0.196,5.978003857516481,250,0.5184058392783444,0.6046354958157911,0.8539648315722271
pilot,asian→latino,d_approach_retreat,pos,0.518,6.640108444945954,250,1.2334586411868107,0.21856777835029398,0.711598070430707
pilot,asian→latino,d_latency,neg,-0.054,3.179705348678973,250,-0.26852015347905894,0.788521298069786,0.8741851932668847
pilot,asian→latino,d_latency,pos,0.134,2.6146490315590984,250,0.8103290371822605,0.41852485912167525,0.8155097086386537
pilot,asian→latino,d_peak_speed,neg,0.000206049382686615,0.004320432422306594,250,0.7540742408065478,0.4515171490803759,0.8483328712520863
pilot,asian→latino,d_peak_speed,pos,0.00015475603938102723,0.004277049895238408,250,0.5721017735327139,0.5677691596910497,0.8483328712520863
pilot,asian→latino,d_time_to_half,neg,0.058,5.7236944987358855,250,0.16022178011970567,0.8728362740829154,0.9782928370290481
pilot,asian→latino,d_time_to_half,pos,0.054,4.372936575939418,250,0.19524979459873398,0.8453566256020238,0.9782928370290481
pilot,asian→latino,pull_AUC,neg,-0.8418077741500659,19.641796053489323,250,-0.6776442213078365,0.49862645864101973,0.6417243566550808
pilot,asian→latino,pull_AUC,pos,-0.4352776668666218,12.79269506339452,250,-0.5379901713756977,0.5910643677160392,0.7237522869992317
pilot,asian→latino,pull_MAD,neg,-1.0329559103515926,25.21331882368818,250,-0.6477714064708584,0.5177296280098638,0.687395543107328
pilot,asian→latino,pull_MAD,pos,-0.025964398197829298,16.063033534023567,250,-0.025557637107212445,0.9796306459993042,0.9825411658552429
pilot,asian→latino,pull_early,neg,-0.734016573242843,22.90490398862708,250,-0.5066959051458394,0.6128165889392059,0.8423761082524279
pilot,asian→latino,pull_early,pos,-1.0355060764355586,15.741071623306341,250,-1.0401317682947469,0.2992875908001174,0.7436588334280712
pilot,asian→latino,pull_final,neg,-2.449366999551272,36.77600691239405,195,-0.9300506392251344,0.35350070994904315,0.5857158635439982
pilot,asian→latino,pull_final,pos,-0.12890414122271718,26.03567543657672,224,-0.07410065214043056,0.9409967222309967,0.9409967222309967
pilot,asian→latino,pull_release,neg,-1.4363562342477962,28.039783030296494,250,-0.8099487122809874,0.4187430092680854,0.5803789792251329
pilot,asian→latino,pull_release,pos,0.8049721354618669,15.849778783182616,250,0.8030223752176412,0.4227276423682822,0.5803789792251329
pilot,asian→latino,pull_tcp,neg,-0.0258546385448426,33.2704407216105,250,-0.012287114944795115,0.9902063862133681,0.9902063862133681
pilot,asian→latino,pull_tcp,pos,1.0734193585813046,17.88412582285025,250,0.9490120152523468,0.34353465376912784,0.4580462050255038
pilot,asian→latino,q_exploded,neg,0.01,0.07014042140491769,250,2.2542476911513574,0.025050382500227265,nan
pilot,asian→latino,q_exploded,pos,0.006,0.05455184336443482,250,1.739049021153719,0.08326201990151925,nan
pilot,asian→latino,q_jerk_in_grasp,neg,0.0,0.0,250,nan,nan,nan
pilot,asian→latino,q_jerk_in_grasp,pos,0.0,0.0,250,nan,nan,nan
pilot,asian→latino,q_tile_drift,neg,0.00097816401720047,0.002058448661390697,250,7.513488865648481,1.0328493748661198e-12,3.0985481245983594e-11
pilot,asian→latino,q_tile_drift,pos,0.0003461942970752716,0.0016892202423039262,250,3.2404374050884006,0.0013561420361067138,0.003698569189381947
pilot,asian→latino,xpos_reversals,neg,0.592,0.5664091075436849,250,16.525761590753508,6.441068014986642e-42,1.1041830882834244e-41
pilot,asian→latino,xpos_reversals,pos,0.582,0.5379904598966035,250,17.10481630633108,6.637470155621943e-44,1.3274940311243886e-43
pilot,asian→middle_eastern,d_approach_retreat,neg,0.21,5.746912913219454,250,0.5777695944441754,0.5639417845223598,0.8459126767835397
pilot,asian→middle_eastern,d_approach_retreat,pos,0.542,6.928147871670099,250,1.2369499926667242,0.2172709749835156,0.711598070430707
pilot,asian→middle_eastern,d_latency,neg,-0.432,3.7235514420194953,250,-1.834409931573046,0.06778633162661384,0.4275056958991329
pilot,asian→middle_eastern,d_latency,pos,0.316,2.3254623412133784,250,2.1485614342217305,0.03263387601097854,0.3964924516827194
pilot,asian→middle_eastern,d_peak_speed,neg,0.001303167298436165,0.004592173783670168,250,4.486956536750539,1.1044668406681628e-05,0.0006626801044008977
pilot,asian→middle_eastern,d_peak_speed,pos,0.0005424975901842117,0.0035832357536149067,250,2.393825201710524,0.017414495093907842,0.10214648461019428
pilot,asian→middle_eastern,d_time_to_half,neg,-0.496,5.892271161254461,250,-1.3309721128903251,0.1844156025059172,0.614718675019724
pilot,asian→middle_eastern,d_time_to_half,pos,0.428,4.5826650845450665,250,1.4767114916564186,0.14101656041189575,0.5877743674349043
pilot,asian→middle_eastern,pull_AUC,neg,-6.867881979256784,17.38838372190676,250,-6.245016817841184,1.8178270952954566e-09,1.090696257177274e-07
pilot,asian→middle_eastern,pull_AUC,pos,-1.566317577700298,13.158229566804144,250,-1.8821419171719591,0.060982961904635605,0.17710313716947743
pilot,asian→middle_eastern,pull_MAD,neg,-9.261838105842472,23.324773113064726,250,-6.278411282336701,1.5107657345433647e-09,9.064594407260188e-08
pilot,asian→middle_eastern,pull_MAD,pos,-2.2477529674302787,16.21192703522,250,-2.1922190307913305,0.029289754656112055,0.09763251552037351
pilot,asian→middle_eastern,pull_early,neg,-4.233827356435358,22.63991447687942,250,-2.95684369301352,0.0034067031438685005,0.10220109431605502
pilot,asian→middle_eastern,pull_early,pos,-1.8406760193407536,15.020556471942335,250,-1.9375875542433338,0.05380433414711787,0.5628425864838474
pilot,asian→middle_eastern,pull_final,neg,-10.49169870342119,38.431647378405074,206,-3.918234456316866,0.00012151598729790041,0.0024303197459580083
pilot,asian→middle_eastern,pull_final,pos,-2.619331233030867,26.09840745476388,224,-1.5021054558160292,0.13448456849980664,0.35192020989590334
pilot,asian→middle_eastern,pull_release,neg,-8.827984315343201,26.038557879768778,250,-5.360615152657323,1.891015728763481e-07,1.1346094372580886e-05
pilot,asian→middle_eastern,pull_release,pos,-0.8035667131189257,15.921009956808408,250,-0.7980338785807503,0.42561125143176415,0.5803789792251329
pilot,asian→middle_eastern,pull_tcp,neg,-8.374284010729752,31.826414093424443,250,-4.160351079656706,4.377946215073967e-05,0.0006566919322610951
pilot,asian→middle_eastern,pull_tcp,pos,-2.9453663320746273,20.224876862592343,250,-2.3026261707824895,0.022125102756454493,0.06034118933578498
pilot,asian→middle_eastern,q_exploded,neg,0.012,0.0766780155734951,250,2.474459702575924,0.014010888417100438,nan
pilot,asian→middle_eastern,q_exploded,pos,0.016,0.08817652976618226,250,2.869042516010818,0.004470526330120834,nan
pilot,asian→middle_eastern,q_jerk_in_grasp,neg,0.0,0.0,250,nan,nan,nan
pilot,asian→middle_eastern,q_jerk_in_grasp,pos,0.0,0.0,250,nan,nan,nan
pilot,asian→middle_eastern,q_tile_drift,neg,0.0012796425521373748,0.0028891395322981337,250,7.003097306979252,2.3221814846640006e-11,4.6443629693280013e-10
pilot,asian→middle_eastern,q_tile_drift,pos,0.0004252171814441681,0.0019692460092362034,250,3.414136139654279,0.0007468183786807965,0.0022404551360423893
pilot,asian→middle_eastern,xpos_reversals,neg,0.46,0.5759573835194076,250,12.628084692558145,1.3885404253872305e-28,1.4877218843434613e-28
pilot,asian→middle_eastern,xpos_reversals,pos,0.596,0.503784871534615,250,18.705578431912627,2.3185390027013505e-49,8.694521260130064e-49
pilot,black→latino,d_approach_retreat,neg,-0.24,5.572486917146335,250,-0.6809765996086597,0.4965190752306462,0.8275317920510771
pilot,black→latino,d_approach_retreat,pos,-0.004,6.451081289148106,250,-0.009803868587078284,0.9921856201101358,0.9961696604795246
pilot,black→latino,d_latency,neg,-0.042,3.2225417142996933,250,-0.20607283551631972,0.8369024073934307,0.8741851932668847
pilot,black→latino,d_latency,pos,0.044,2.192554029594428,250,0.3173016837198453,0.7512805978496753,0.8741851932668847
pilot,black→latino,d_peak_speed,neg,0.0001542721837759018,0.005107172587685773,250,0.4776140535334703,0.6333439099207705,0.8483328712520863
pilot,black→latino,d_peak_speed,pos,-7.624448835849761e-05,0.0031547310722428857,250,-0.3821343828138547,0.7026876283918314,0.8483328712520863
pilot,black→latino,d_time_to_half,neg,0.066,5.456163752268279,250,0.19126105359681184,0.8484769351704994,0.9782928370290481
pilot,black→latino,d_time_to_half,pos,0.384,4.375973098894576,250,1.387479532051292,0.1665360707732229,0.5877743674349043
pilot,black→latino,pull_AUC,neg,-0.03104404195549762,18.253274933723016,250,-0.026891032078805395,0.9785681853115189,0.9811297512589943
pilot,black→latino,pull_AUC,pos,0.1828304669484265,10.539207445836174,250,0.27429040760440765,0.7840888740845767,0.8389706859632425
pilot,black→latino,pull_MAD,neg,-0.9512462121644052,24.258039769659234,250,-0.620022201837116,0.535810161102448,0.687395543107328
pilot,black→latino,pull_MAD,pos,-0.28043609176980644,11.687425835616347,250,-0.3793892686814304,0.7047221633885425,0.7977986755341991
pilot,black→latino,pull_early,neg,-0.39696547593921444,23.387626300216827,250,-0.26837162530022296,0.78863548173619,0.9202133916538128
pilot,black→latino,pull_early,pos,0.008802484651096051,14.219665316865779,250,0.009787818470354663,0.992198412783122,0.9958654290817994
pilot,black→latino,pull_final,neg,0.7171431676362352,38.413499755311896,208,0.26924872549823403,0.7880064738331674,0.8655265620538156
pilot,black→latino,pull_final,pos,1.0645631675335974,23.412725474217222,229,0.6880772586772324,0.4921035730544895,0.6561380974059859
pilot,black→latino,pull_release,neg,-1.01515617541736,27.34575646085427,250,-0.5869659703324961,0.557758370854825,0.6829694336997857
pilot,black→latino,pull_release,pos,0.34390934091061354,13.809502757603834,250,0.39376393378322094,0.6940923113199957,0.8008757438307643
pilot,black→latino,pull_tcp,neg,-0.6518409899435937,33.87070959483443,250,-0.3042897868303051,0.7611612723110008,0.8782630065126933
pilot,black→latino,pull_tcp,pos,0.8146326560527086,16.137634851631418,250,0.7981636321442369,0.4255361011355443,0.5106433213626531
pilot,black→latino,q_exploded,neg,0.014,0.08265183180792075,250,2.678215731820878,0.007894212526393,nan
pilot,black→latino,q_exploded,pos,0.012,0.0766780155734951,250,2.4744597025759245,0.014010888417100414,nan
pilot,black→latino,q_jerk_in_grasp,neg,0.0,0.0,250,nan,nan,nan
pilot,black→latino,q_jerk_in_grasp,pos,0.0,0.0,250,nan,nan,nan
pilot,black→latino,q_tile_drift,neg,0.0015387622714042664,0.0052608400912973925,250,4.62473052851493,6.031728435504633e-06,3.0158642177523162e-05
pilot,black→latino,q_tile_drift,pos,0.0006975355446338653,0.0025701135612761924,250,4.291252151663219,2.545402478823818e-05,0.00010908867766387792
pilot,black→latino,xpos_reversals,neg,0.646,0.5822715523212261,250,17.541912878321327,2.1179512054767254e-45,5.525090101243632e-45
pilot,black→latino,xpos_reversals,pos,0.444,0.499863435165307,250,14.04434873947556,2.155856311134203e-33,2.5363015425108268e-33
pilot,black→middle_eastern,d_approach_retreat,neg,-0.402,6.263571289704046,250,-1.0147849849472652,0.31119336181358687,0.711598070430707
pilot,black→middle_eastern,d_approach_retreat,pos,0.432,6.563971273208164,250,1.0406078061071795,0.29906695323349414,0.711598070430707
pilot,black→middle_eastern,d_latency,neg,-0.138,2.9592201566870577,250,-0.7373468244954675,0.4616056989290783,0.8155097086386537
pilot,black→middle_eastern,d_latency,pos,0.018,2.8858253501913853,250,0.09862169566023092,0.9215179891969605,0.9371369381664005
pilot,black→middle_eastern,d_peak_speed,neg,0.00016590000689029695,0.004331590359677046,250,0.6055765227648177,0.5453475618208392,0.8483328712520863
pilot,black→middle_eastern,d_peak_speed,pos,7.971775531768799e-05,0.003466886504773221,250,0.3635678243473154,0.7164892435740942,0.8483328712520863
pilot,black→middle_eastern,d_time_to_half,neg,0.124,4.990012514974125,250,0.392907260937914,0.6947241396414163,0.9782928370290481
pilot,black→middle_eastern,d_time_to_half,pos,0.028,4.181525633845382,250,0.10587496315703401,0.9157668021907515,0.9782928370290481
pilot,black→middle_eastern,pull_AUC,neg,-1.312954167442682,19.46325922934838,250,-1.0666059531972771,0.2871828820101056,0.4534466558054299
pilot,black→middle_eastern,pull_AUC,pos,-0.9197066883953949,11.950151656245023,250,-1.2168748976086492,0.22480393828694006,0.3970456818213141
pilot,black→middle_eastern,pull_MAD,neg,-2.9253064880939204,25.790044278169326,250,-1.793450072568403,0.07411440412487327,0.17103324028816907
pilot,black→middle_eastern,pull_MAD,pos,-0.40777420793194286,14.28134850057329,250,-0.45146131266395284,0.6520500580050135,0.7523654515442464
pilot,black→middle_eastern,pull_early,neg,-0.30536664871033303,24.436102043154328,250,-0.19758759594141068,0.8435289423493284,0.9202133916538128
pilot,black→middle_eastern,pull_early,pos,-0.8958063303260135,15.51419027307934,250,-0.9129668698027066,0.3621430786189094,0.7760208827548059
pilot,black→middle_eastern,pull_final,neg,-4.0469787029969035,38.631390027202066,202,-1.4889025322513039,0.13808034902782076,0.35192020989590334
pilot,black→middle_eastern,pull_final,pos,0.38941625712646377,23.47192530540309,225,0.248860874465732,0.803696425616749,0.8655265620538156
pilot,black→middle_eastern,pull_release,neg,-1.8188216576818377,27.839983321965047,250,-1.0329781863374559,0.3026163438373441,0.49072920622272015
pilot,black→middle_eastern,pull_release,pos,-0.5672830421826802,13.962820216323811,250,-0.6423868758223377,0.5212130296368954,0.665378335706675
pilot,black→middle_eastern,pull_tcp,neg,-2.867778521263972,32.48036703439833,250,-1.3960297835457878,0.16394893662403248,0.2810553199269128
pilot,black→middle_eastern,pull_tcp,pos,-0.21883350680582225,15.075543927563382,250,-0.2295148729602769,0.8186571792842536,0.9096190880936151
pilot,black→middle_eastern,q_exploded,neg,0.012,0.07667801557349509,250,2.4744597025759245,0.014010888417100414,nan
pilot,black→middle_eastern,q_exploded,pos,0.012,0.0766780155734951,250,2.4744597025759245,0.014010888417100414,nan
pilot,black→middle_eastern,q_jerk_in_grasp,neg,0.0,0.0,250,nan,nan,nan
pilot,black→middle_eastern,q_jerk_in_grasp,pos,0.0,0.0,250,nan,nan,nan
pilot,black→middle_eastern,q_tile_drift,neg,0.0011690430045127869,0.0027003815357768547,250,6.845030096614456,5.921184000974243e-11,8.881776001461364e-10
pilot,black→middle_eastern,q_tile_drift,pos,0.00033672091364860533,0.001203645314903544,250,4.423250810508909,1.453978213717628e-05,6.710668678696744e-05
pilot,black→middle_eastern,xpos_reversals,neg,0.588,0.6275598181059753,250,14.814677505890035,4.926191142744074e-36,6.288754650311585e-36
pilot,black→middle_eastern,xpos_reversals,pos,0.468,0.5099177034159809,250,14.51161564939324,5.406134710204445e-35,6.619756788005443e-35
pilot,latino→middle_eastern,d_approach_retreat,neg,-0.382,5.9170195607187,250,-1.0207757924308727,0.3083514100391338,0.711598070430707
pilot,latino→middle_eastern,d_approach_retreat,pos,-0.212,6.60040281112269,250,-0.5078499624492349,0.6120081292934294,0.8539648315722271
pilot,latino→middle_eastern,d_latency,neg,0.162,3.5922657883257894,250,0.7130443724572434,0.47648600160289245,0.8155097086386537
pilot,latino→middle_eastern,d_latency,pos,0.134,2.668619515869943,250,0.7939408445876298,0.4279858411050421,0.8155097086386537
pilot,latino→middle_eastern,d_peak_speed,neg,0.0013156626522541047,0.006968004235268803,250,2.9854248598777837,0.0031139997513879893,0.028162332652439576
pilot,latino→middle_eastern,d_peak_speed,pos,6.637528538703919e-06,0.003764663879318759,250,0.027877267253500062,0.9777823690647851,0.9943549515913068
pilot,latino→middle_eastern,d_time_to_half,neg,0.102,5.26721655916334,250,0.3061885890907909,0.7597169156965502,0.9782928370290481
pilot,latino→middle_eastern,d_time_to_half,pos,0.014,4.173785565140488,250,0.053035651390570586,0.9577460263649888,0.9782928370290481
pilot,latino→middle_eastern,pull_AUC,neg,-3.2338562024473156,19.009987340100377,250,-2.6897312034564727,0.007634471327074007,0.03817235663537003
pilot,latino→middle_eastern,pull_AUC,pos,-0.9055751075796611,11.940469562448422,250,-1.199148792820395,0.23160998106243322,0.3970456818213141
pilot,latino→middle_eastern,pull_MAD,neg,-6.4157449506409465,24.91851648827779,250,-4.0709419720660405,6.293026236108001e-05,0.0007551631483329602
pilot,latino→middle_eastern,pull_MAD,pos,-1.8068368710787037,14.285957205318878,250,-1.9997679507444606,0.04661169508214626,0.12712280476948978
pilot,latino→middle_eastern,pull_early,neg,-1.6609025713434677,23.378916651753226,250,-1.1232845335204598,0.26239851560834504,0.7156323152954864
pilot,latino→middle_eastern,pull_early,pos,0.0047412272077053215,14.452147832832503,250,0.005187144863910004,0.9958654290817994,0.9958654290817994
pilot,latino→middle_eastern,pull_final,neg,-4.743077300604818,35.94620859614507,213,-1.9257367313217755,0.055474966758778534,0.19579400032510072
pilot,latino→middle_eastern,pull_final,pos,-3.229685801375853,21.567087440803324,219,-2.216107545907874,0.027717957037486286,0.11630257647932042
pilot,latino→middle_eastern,pull_release,neg,-6.186804030323401,27.05050862285574,250,-3.616270667162405,0.0003617438809470362,0.003100661836688882
pilot,latino→middle_eastern,pull_release,pos,-2.118342345173005,14.30836037811954,250,-2.340864535734341,0.020028949054470734,0.0749993640975903
pilot,latino→middle_eastern,pull_tcp,neg,-6.758452745620161,29.702685975378213,250,-3.597671966854194,0.00038722334087942464,0.0031317867906758756
pilot,latino→middle_eastern,pull_tcp,pos,-3.0341912718722597,16.361758183144396,250,-2.932128432751221,0.00367990648551107,0.01432963574005694
pilot,latino→middle_eastern,q_exploded,neg,0.016,0.08817652976618226,250,2.8690425160108184,0.0044705263301208255,nan
pilot,latino→middle_eastern,q_exploded,pos,0.004,0.04463146727910637,250,1.4170619309433985,0.15771479274702113,nan
pilot,latino→middle_eastern,q_jerk_in_grasp,neg,0.0,0.0,250,nan,nan,nan
pilot,latino→middle_eastern,q_jerk_in_grasp,pos,0.0,0.0,250,nan,nan,nan
pilot,latino→middle_eastern,q_tile_drift,neg,0.0014289117753505706,0.0028651750669907586,250,7.8854095821245345,9.847621493954944e-14,5.908572896372966e-12
pilot,latino→middle_eastern,q_tile_drift,pos,0.00022179901599884034,0.0008366627823680303,250,4.191593603311107,3.851016316942099e-05,0.00015404065267768396
pilot,latino→middle_eastern,xpos_reversals,neg,0.424,0.545356447306231,250,12.292930014252654,1.8479508423140124e-27,1.9116732851524266e-27
pilot,latino→middle_eastern,xpos_reversals,pos,0.54,0.515229897608396,250,16.571533837782262,4.4846855152730735e-42,7.914150909305424e-42
wealthy,asian→black,d_approach_retreat,neg,-0.374,3.125732685191923,250,-1.8918633869523547,0.059669492056132485,0.711598070430707
wealthy,asian→black,d_approach_retreat,pos,0.228,5.922017999698669,250,0.6087446091476565,0.5432486757877933,0.8459126767835397
wealthy,asian→black,d_latency,neg,0.226,3.8734919335189204,250,0.9225199941862262,0.35715042258535745,0.8155097086386537
wealthy,asian→black,d_latency,pos,-0.392,3.8983489451294595,250,-1.5899203229802696,0.1131215956357804,0.5948694632861238
wealthy,asian→black,d_peak_speed,neg,-0.0007503741830587387,0.005117282180433358,250,-2.3185075907352037,0.02123226824475299,0.10616134122376496
wealthy,asian→black,d_peak_speed,pos,-0.0002296142876148224,0.005919834798049135,250,-0.6132807392016373,0.5402505097463154,0.8483328712520863
wealthy,asian→black,d_time_to_half,neg,0.392,3.084866545966892,250,2.0091839052270446,0.04559689482543034,0.547162737905164
wealthy,asian→black,d_time_to_half,pos,0.078,5.936149212231742,250,0.20775897696850576,0.8355869873312066,0.9782928370290481
wealthy,asian→black,pull_AUC,neg,2.824737515133922,17.932236502360002,250,2.4906554011742905,0.01340329406270805,0.05026235273515519
wealthy,asian→black,pull_AUC,pos,3.728624540544335,24.180698129346126,250,2.438090501905161,0.015465221695441404,0.054583135395675546
wealthy,asian→black,pull_MAD,neg,6.184889830267057,41.76882122175795,250,2.3412605825069237,0.020008183694624745,0.07503068885484279
wealthy,asian→black,pull_MAD,pos,6.548543213691737,45.15249070576818,250,2.2931527793503492,0.02267318547024976,0.08002300754205798
wealthy,asian→black,pull_early,neg,0.6122361294925214,7.824766786104948,250,1.2371363185418958,0.21720192421367446,0.7156323152954864
wealthy,asian→black,pull_early,pos,1.4128153756260873,15.0535501473167,250,1.4839404846574165,0.13908942117218503,0.5960975193093645
wealthy,asian→black,pull_final,neg,3.554732086344395,42.96911640631539,234,1.2654890155851874,0.20696009105345436,0.4139201821069088
wealthy,asian→black,pull_final,pos,4.467965684273432,46.553926924203346,215,1.4072547988820672,0.16080259744785055,0.3573391054396679
wealthy,asian→black,pull_release,neg,6.103028260171413,41.62616436814587,250,2.3181897995489025,0.021249819827650583,0.0749993640975903
wealthy,asian→black,pull_release,pos,5.727155285538174,42.94388067705163,250,2.10866541754466,0.03597251001124571,0.09810684548521559
wealthy,asian→black,pull_tcp,neg,4.745683162007481,37.671900429476324,250,1.9918251633664803,0.04748253363674583,0.1095750776232596
wealthy,asian→black,pull_tcp,pos,5.04546079703141,43.24588376236257,250,1.8447013421418084,0.0662686454473862,0.13710754230493696
wealthy,asian→black,q_exploded,neg,0.004,0.04463146727910638,250,1.4170619309433985,0.15771479274702113,nan
wealthy,asian→black,q_exploded,pos,0.006,0.054551843364434825,250,1.7390490211537188,0.08326201990151932,nan
wealthy,asian→black,q_jerk_in_grasp,neg,0.0,0.0,250,nan,nan,nan
wealthy,asian→black,q_jerk_in_grasp,pos,0.0,0.0,250,nan,nan,nan
wealthy,asian→black,q_tile_drift,neg,0.0002350303828716278,0.002022655189524541,250,1.8372665125153596,0.06736221200119129,0.08599431319301017
wealthy,asian→black,q_tile_drift,pos,0.0024819822013378142,0.007826820303662165,250,5.013988161037565,1.0132786430967784e-06,5.526974416891519e-06
wealthy,asian→black,xpos_reversals,neg,0.674,0.5692276173213008,250,18.72164208215527,2.045548407669003e-49,8.182193630676012e-49
wealthy,asian→black,xpos_reversals,pos,0.878,0.66323110753947,250,20.931465322309265,8.239774139052876e-57,2.4719322417158628e-55
wealthy,asian→latino,d_approach_retreat,neg,-0.16,2.2655974326670725,250,-1.1166247329105525,0.2652311507509126,0.711598070430707
wealthy,asian→latino,d_approach_retreat,pos,0.002,6.580593654937648,250,0.00480545954664077,0.9961696604795245,0.9961696604795246
wealthy,asian→latino,d_latency,neg,-0.15,3.9001724809969756,250,-0.6081034253439017,0.5436731390924358,0.8155097086386537
wealthy,asian→latino,d_latency,pos,-0.332,3.580650812487006,250,-1.4660410050522232,0.14389880117426662,0.6079099993001325
wealthy,asian→latino,d_peak_speed,neg,-0.00024373632669448853,0.004545728591506597,250,-0.8477870217742457,0.39737077150885536,0.8483328712520863
wealthy,asian→latino,d_peak_speed,pos,-0.0006827375739812851,0.004280206878534042,250,-2.522081104054049,0.012290795775509279,0.08193863850339518
wealthy,asian→latino,d_time_to_half,neg,0.044,2.8616113078313825,250,0.2431151579996611,0.8081163449575346,0.9782928370290481
wealthy,asian→latino,d_time_to_half,pos,0.246,5.439008665284896,250,0.7151305984917693,0.47519832616961066,0.8909968615680199
wealthy,asian→latino,pull_AUC,neg,0.6919116578791463,19.741402775915923,250,0.5541695297333742,0.5799601788364213,0.7237522869992317
wealthy,asian→latino,pull_AUC,pos,3.9500975737463104,24.50019717729066,250,2.5492254659324782,0.011396909794911272,0.0455876391796451
wealthy,asian→latino,pull_MAD,neg,1.279287603928242,44.3511927316231,250,0.4560714562190493,0.6487361100522993,0.7523654515442464
wealthy,asian→latino,pull_MAD,pos,5.935838809165289,44.14584885630103,250,2.125994962933494,0.034487926454441195,0.10346377936332359
wealthy,asian→latino,pull_early,neg,0.9177104119211436,7.586751018965412,250,1.912580976275336,0.056948992917310974,0.5628425864838474
wealthy,asian→latino,pull_early,pos,2.509898351505399,18.10876660227151,250,2.191478762905745,0.02934388744994395,0.44015831174915926
wealthy,asian→latino,pull_final,neg,1.94183555982106,48.76234811381404,230,0.6039371667904485,0.5464832204682797,0.6831040255853496
wealthy,asian→latino,pull_final,pos,7.286843543529119,45.26970341424954,209,2.3270458413052975,0.020924797029590585,0.10462398514795292
wealthy,asian→latino,pull_release,neg,1.0263546457281336,44.50800814662079,250,0.36461060635472714,0.7157115574020679,0.8102394989457372
wealthy,asian→latino,pull_release,pos,5.75092610809952,41.54566933191458,250,2.1886788020709584,0.029549421160840993,0.09331396156055051
wealthy,asian→latino,pull_tcp,neg,0.25482462777290493,42.18320429425107,250,0.09551505642457819,0.9239825553244873,0.9547957664952318
wealthy,asian→latino,pull_tcp,pos,5.616209801053628,40.40254362211278,250,2.1978832514607225,0.028878406872550295,0.07219601718137574
wealthy,asian→latino,q_exploded,neg,0.004,0.044631467279106385,250,1.4170619309433983,0.15771479274702124,nan
wealthy,asian→latino,q_exploded,pos,0.008,0.06286340134701322,250,2.012158166696862,0.04528026312539456,nan
wealthy,asian→latino,q_jerk_in_grasp,neg,0.0,0.0,250,nan,nan,nan
wealthy,asian→latino,q_jerk_in_grasp,pos,0.0,0.0,250,nan,nan,nan
wealthy,asian→latino,q_tile_drift,neg,0.0013702036142349244,0.019875852128705154,250,1.0900071733073795,0.276763705751374,0.276763705751374
wealthy,asian→latino,q_tile_drift,pos,0.002291737198829651,0.005740083599980511,250,6.312721078540101,1.2483466209717281e-09,9.36259965728796e-09
wealthy,asian→latino,xpos_reversals,neg,0.712,0.5800013848480905,250,19.409795845828818,9.7320654709355e-52,7.299049103201625e-51
wealthy,asian→latino,xpos_reversals,pos,0.8,0.6478261455509787,250,19.52547103500338,3.975719786106743e-52,3.9757197861067425e-51
wealthy,asian→middle_eastern,d_approach_retreat,neg,0.258,2.6302297302203357,250,1.5509436817427658,0.12218523083299293,0.711598070430707
wealthy,asian→middle_eastern,d_approach_retreat,pos,-0.054,6.362547606752563,250,-0.13419388286215883,0.8933576636994315,0.9961696604795246
wealthy,asian→middle_eastern,d_latency,neg,-0.614,3.6979322345393215,250,-2.625302953375062,0.009192979608370157,0.3964924516827194
wealthy,asian→middle_eastern,d_latency,pos,0.268,3.8391577891668485,250,1.1037452215646535,0.2707691876730747,0.7180460165785107
wealthy,asian→middle_eastern,d_peak_speed,neg,0.0005286306589841843,0.0037886902695264267,250,2.2061409147530138,0.02828768556289558,0.12123293812669535
wealthy,asian→middle_eastern,d_peak_speed,pos,-0.00019219104945659637,0.004120322416670373,250,-0.7375168745557078,0.4615025060009471,0.8483328712520863
wealthy,asian→middle_eastern,d_time_to_half,neg,0.016,2.9696834983414115,250,0.0851882744254607,0.932180167284161,0.9782928370290481
wealthy,asian→middle_eastern,d_time_to_half,pos,-0.528,4.99751102708773,250,-1.6705141774763648,0.09607411886275449,0.5877743674349043
wealthy,asian→middle_eastern,pull_AUC,neg,-3.3707368849805035,19.669337402746937,250,-2.709599650314295,0.007204386295589483,0.03817235663537003
wealthy,asian→middle_eastern,pull_AUC,pos,0.4497400754964909,27.617910229810487,250,0.2574783866322156,0.7970221516650804,0.8389706859632425
wealthy,asian→middle_eastern,pull_MAD,neg,-7.207863309308887,45.56162867880715,250,-2.501366366999193,0.013014444602666363,0.05577619115428441
wealthy,asian→middle_eastern,pull_MAD,pos,1.8027168521704153,49.223101477654225,250,0.5790666433133541,0.563067672444834,0.7038345905560425
wealthy,asian→middle_eastern,pull_early,neg,-1.5254433266818528,8.844586734406224,250,-2.7270213401004115,0.006845400065678239,0.13690800131356476
wealthy,asian→middle_eastern,pull_early,pos,0.7983457146212458,20.186853107375644,250,0.6253056890564879,0.5323430978683994,0.8278202200582712
wealthy,asian→middle_eastern,pull_final,neg,-8.089434256005852,44.79782826252582,227,-2.7206590374242117,0.007022124617934089,0.05266593463450567
wealthy,asian→middle_eastern,pull_final,pos,-0.8970324083850867,50.93704290427977,221,-0.26180054222395666,0.7937201691691682,0.8655265620538156
wealthy,asian→middle_eastern,pull_release,neg,-7.614341506152414,44.91580783440213,250,-2.680421793878567,0.007843844714505274,0.033616477347879745
wealthy,asian→middle_eastern,pull_release,pos,0.713902793591842,45.526652333131416,250,0.24793815710279793,0.804386597156692,0.8618427826678844
wealthy,asian→middle_eastern,pull_tcp,neg,-9.063512222783174,41.7627878178546,250,-3.431445040232308,0.0007027740418295521,0.0038333129554339205
wealthy,asian→middle_eastern,pull_tcp,pos,-0.39827227941714227,43.67350927046202,250,-0.14418895491837402,0.8854678930744173,0.94871559972259
wealthy,asian→middle_eastern,q_exploded,neg,0.0,0.0,250,nan,nan,nan
wealthy,asian→middle_eastern,q_exploded,pos,0.01,0.07014042140491769,250,2.2542476911513574,0.025050382500227265,nan
wealthy,asian→middle_eastern,q_jerk_in_grasp,neg,0.0,0.0,250,nan,nan,nan
wealthy,asian→middle_eastern,q_jerk_in_grasp,pos,0.0,0.0,250,nan,nan,nan
wealthy,asian→middle_eastern,q_tile_drift,neg,8.851030468940735e-05,0.0007922229586303848,250,1.766511284259532,0.07853530338473998,0.09816912923092497
wealthy,asian→middle_eastern,q_tile_drift,pos,0.0019253412485122682,0.005119031957453855,250,5.946889635554619,9.199507106804106e-09,6.133004737869405e-08
wealthy,asian→middle_eastern,xpos_reversals,neg,0.606,0.5683803523166493,250,16.85790381609135,4.662919144867077e-43,8.74297339662577e-43
wealthy,asian→middle_eastern,xpos_reversals,pos,0.824,0.6862270983589094,250,18.985819695915787,2.6138554510652527e-50,1.2120483871291367e-49
wealthy,black→latino,d_approach_retreat,neg,0.124,2.382294125670636,250,0.8229933189935003,0.4112992709521217,0.7960631050686227
wealthy,black→latino,d_approach_retreat,pos,0.272,6.045179300160114,250,0.711425981643768,0.4774862394874909,0.8275317920510771
wealthy,black→latino,d_latency,neg,0.414,3.5606624761519177,250,1.8383979948649476,0.06719482813456229,0.4275056958991329
wealthy,black→latino,d_latency,pos,0.06,3.750020080267523,250,0.2529808581672543,0.8004917340929572,0.8741851932668847
wealthy,black→latino,d_peak_speed,neg,0.0006667191982269287,0.004454714846909574,250,2.366426694652569,0.01872685551186895,0.10214648461019428
wealthy,black→latino,d_peak_speed,pos,-0.0001449074000120163,0.005097804018821617,250,-0.4494459105913277,0.6535009855239389,0.8483328712520863
wealthy,black→latino,d_time_to_half,neg,0.152,3.0357468662825924,250,0.7916770164275767,0.42930253537205587,0.8309081329781727
wealthy,black→latino,d_time_to_half,pos,0.304,4.348935151021588,250,1.1052503375054523,0.2701179218729091,0.6752948046822728
wealthy,black→latino,pull_AUC,neg,-1.7261813648096749,16.95735152443074,250,-1.6095275136191547,0.10876807135880928,0.25599520394754943
wealthy,black→latino,pull_AUC,pos,0.8259538180654633,26.573569537077457,250,0.4914460783213333,0.6235438893500809,0.7286727145937232
wealthy,black→latino,pull_MAD,neg,-4.000664045056328,39.42364857939094,250,-1.604520508806232,0.1098669302668194,0.2197338605336388
wealthy,black→latino,pull_MAD,pos,1.8582338134944434,47.69715425656314,250,0.6159960030502658,0.5384598421007403,0.687395543107328
wealthy,black→latino,pull_early,neg,-0.36903996518813076,7.678427494997348,250,-0.7599256738336534,0.44801790846616607,0.7906198384697047
wealthy,black→latino,pull_early,pos,1.065722536295652,18.228030400154143,250,0.9244308064236129,0.356157051902133,0.7760208827548059
wealthy,black→latino,pull_final,neg,-4.175417284851316,39.93787356813661,229,-1.5820954738828372,0.11501393966845944,0.33649327100113136
wealthy,black→latino,pull_final,pos,4.370351632078465,50.76915332186948,217,1.2680790490166503,0.20613484058708476,0.4139201821069088
wealthy,black→latino,pull_release,neg,-4.378709295211593,39.006834954690724,250,-1.7749061928125152,0.07713503625822363,0.1780039298266699
wealthy,black→latino,pull_release,pos,2.513279201462865,45.51986172276641,250,0.872991082547255,0.38350902184344726,0.5721342376911213
wealthy,black→latino,pull_tcp,neg,-3.6462796041741967,36.61366623761529,250,-1.5746235927558765,0.11661303871855808,0.2117455085167412
wealthy,black→latino,pull_tcp,pos,2.490744102280587,43.74098949952512,250,0.9003482227949549,0.3688049084912859,0.47081477679738626
wealthy,black→latino,q_exploded,neg,0.008,0.06286340134701322,250,2.012158166696862,0.04528026312539456,nan
wealthy,black→latino,q_exploded,pos,0.008,0.06286340134701322,250,2.012158166696862,0.04528026312539456,nan
wealthy,black→latino,q_jerk_in_grasp,neg,0.0,0.0,250,nan,nan,nan
wealthy,black→latino,q_jerk_in_grasp,pos,0.0,0.0,250,nan,nan,nan
wealthy,black→latino,q_tile_drift,neg,7.788559794425965e-05,0.0004714287997780571,250,2.612227833173765,0.009542139853472922,0.01590356642245487
wealthy,black→latino,q_tile_drift,pos,0.002544908255338669,0.006287444931889918,250,6.399822670587216,7.666578274069586e-10,6.57135280634536e-09
wealthy,black→latino,xpos_reversals,neg,0.748,0.5949047374045238,250,19.880356812468385,2.568954732094672e-53,3.853432098142008e-52
wealthy,black→latino,xpos_reversals,pos,0.88,0.7180965468531441,250,19.376254858368494,1.2619115231617741e-51,8.412743487745161e-51
wealthy,black→middle_eastern,d_approach_retreat,neg,-0.032,2.1281664336883788,250,-0.2377466431279254,0.8122731160361174,0.9870020064263839
wealthy,black→middle_eastern,d_approach_retreat,pos,0.376,6.269757846505338,250,0.9482155685534562,0.3439390673748417,0.711598070430707
wealthy,black→middle_eastern,d_latency,neg,-0.552,3.8684824707507754,250,-2.256152485646617,0.024929129006046092,0.3964924516827194
wealthy,black→middle_eastern,d_latency,pos,-0.166,3.659646986289392,250,-0.7171977154553353,0.47392434245723236,0.8155097086386537
wealthy,black→middle_eastern,d_peak_speed,neg,0.0011065242290496827,0.004766264967248683,250,3.6707326113876544,0.0002959048881585695,0.0059180977631713904
wealthy,black→middle_eastern,d_peak_speed,pos,0.00042556969821453094,0.005993539819305536,250,1.1226834142100879,0.2626533253147785,0.7072738225367197
wealthy,black→middle_eastern,d_time_to_half,neg,-0.084,2.512407763696876,250,-0.5286389560094364,0.5975268047217803,0.9782928370290481
wealthy,black→middle_eastern,d_time_to_half,pos,-0.096,4.7688311989434125,250,-0.31829461215090366,0.7505282695251325,0.9782928370290481
wealthy,black→middle_eastern,pull_AUC,neg,-4.662192976803193,19.222156665395676,250,-3.8349361506556985,0.00015918948734318868,0.00317148184078275
wealthy,black→middle_eastern,pull_AUC,pos,-3.2374238895331846,28.021995941952618,250,-1.8267137829106468,0.068939994466999,0.1880181667281791
wealthy,black→middle_eastern,pull_MAD,neg,-11.81576859794557,45.88967936456797,250,-4.07114863215324,6.287794988121512e-05,0.0007551631483329602
wealthy,black→middle_eastern,pull_MAD,pos,-5.076277001327835,51.30556608128735,250,-1.5644108996567916,0.11899108831179,0.23030533221636776
wealthy,black→middle_eastern,pull_early,neg,-0.07563980221748358,5.770636855077807,250,-0.20725100433362642,0.8359832266809091,0.9202133916538128
wealthy,black→middle_eastern,pull_early,pos,-2.185369659564458,20.69958710881816,250,-1.6692955316742615,0.09631555145921686,0.5778933087553011
wealthy,black→middle_eastern,pull_final,neg,-12.863638173749155,47.20235654914978,235,-4.17766936910497,4.1599049705100136e-05,0.0014088740724822698
wealthy,black→middle_eastern,pull_final,pos,-2.9635210424506417,48.80204560856476,216,-0.892476654060294,0.37313530021322716,0.5891610003366745
wealthy,black→middle_eastern,pull_release,neg,-12.343744417652488,45.66194668561041,250,-4.274275414003716,2.732877613958397e-05,0.0006887052060008894
wealthy,black→middle_eastern,pull_release,pos,-5.103882177383639,47.72181377794784,250,-1.6910393080166246,0.09208051868855506,0.19731539718976082
wealthy,black→middle_eastern,pull_tcp,neg,-10.345214786240831,41.65739341548206,250,-3.926606890868811,0.00011158269539830082,0.0013389923447796098
wealthy,black→middle_eastern,pull_tcp,pos,-4.454097520094365,45.139531893352725,250,-1.560172701533926,0.11998912149282001,0.2117455085167412
wealthy,black→middle_eastern,q_exploded,neg,0.0,0.0,250,nan,nan,nan
wealthy,black→middle_eastern,q_exploded,pos,0.01,0.07014042140491769,250,2.2542476911513574,0.025050382500227265,nan
wealthy,black→middle_eastern,q_jerk_in_grasp,neg,0.0,0.0,250,nan,nan,nan
wealthy,black→middle_eastern,q_jerk_in_grasp,pos,0.0,0.0,250,nan,nan,nan
wealthy,black→middle_eastern,q_tile_drift,neg,3.94243597984314e-05,0.00029050588869462693,250,2.145752928059764,0.03285984079264417,0.04694262970377738
wealthy,black→middle_eastern,q_tile_drift,pos,0.0024123355448246,0.005910319029947206,250,6.4535220210414685,5.663578525949777e-10,5.663578525949777e-09
wealthy,black→middle_eastern,xpos_reversals,neg,0.666,0.5501405442919978,250,19.14126256939081,7.809286679947742e-51,4.259610916335132e-50
wealthy,black→middle_eastern,xpos_reversals,pos,0.794,0.6467124150587839,250,19.412403440140128,9.537518710342738e-52,7.299049103201625e-51
wealthy,latino→middle_eastern,d_approach_retreat,neg,-0.022,3.4391608437578123,250,-0.10114401693363126,0.9195175319801384,0.9961696604795246
wealthy,latino→middle_eastern,d_approach_retreat,pos,-0.402,5.433552241383104,250,-1.1698015983960586,0.2431993144914387,0.711598070430707
wealthy,latino→middle_eastern,d_latency,neg,0.178,4.007186816800404,250,0.7023448734035008,0.48312014915432544,0.8155097086386537
wealthy,latino→middle_eastern,d_latency,pos,-0.058,3.6434509657410015,250,-0.25170107408384434,0.8014797407833162,0.8741851932668847
wealthy,latino→middle_eastern,d_peak_speed,neg,0.0012164856493473053,0.004801876213360772,250,4.005585756399618,8.172592669678522e-05,0.0024517778009035566
wealthy,latino→middle_eastern,d_peak_speed,pos,0.0010164238661527635,0.005225154598272765,250,3.0757123303675593,0.0023342628771404607,0.028162332652439576
wealthy,latino→middle_eastern,d_time_to_half,neg,0.036,3.4318821747029973,250,0.16585941761813805,0.8684021741420203,0.9782928370290481
wealthy,latino→middle_eastern,d_time_to_half,pos,-0.476,4.807271934664739,250,-1.5655908243779482,0.11871440148059838,0.5877743674349043
wealthy,latino→middle_eastern,pull_AUC,neg,-4.3251810675820686,18.56381201850495,250,-3.683894087206857,0.0002817821554387549,0.003381385865265059
wealthy,latino→middle_eastern,pull_AUC,pos,-5.400963166572394,27.143158218980325,250,-3.146160263896838,0.0018555217269728484,0.018555217269728485
wealthy,latino→middle_eastern,pull_MAD,neg,-10.354586627983371,43.07783877704287,250,-3.8005711177181998,0.00018156249696672216,0.0018156249696672216
wealthy,latino→middle_eastern,pull_MAD,pos,-10.417459326134995,47.69225754116574,250,-3.45369464575195,0.0006497208606612645,0.004872906454959484
wealthy,latino→middle_eastern,pull_early,neg,0.13756675384938696,8.490890297978265,250,0.25617117711636256,0.7980301754290765,0.9202133916538128
wealthy,latino→middle_eastern,pull_early,pos,-2.3013267003465443,20.795378227542063,250,-1.7497719766444113,0.08138953643686479,0.5628425864838474
wealthy,latino→middle_eastern,pull_final,neg,-9.699236878143049,45.97551853714044,222,-3.1433114681123064,0.001899558417462847,0.022794701009554164
wealthy,latino→middle_eastern,pull_final,pos,-8.423605112721607,53.415562371219856,208,-2.2743738947915726,0.023968630596650945,0.11062444890761974
wealthy,latino→middle_eastern,pull_release,neg,-10.960753678155015,41.82698873914076,250,-4.143371007557503,4.692497795715779e-05,0.0007038746693573668
wealthy,latino→middle_eastern,pull_release,pos,-9.737624900182709,44.43549514108366,250,-3.4649184832056497,0.0006244028893003726,0.004683021669752795
wealthy,latino→middle_eastern,pull_tcp,neg,-8.912069907179102,40.48105471767897,250,-3.48094185908445,0.0005898548511605566,0.0035391291069633403
wealthy,latino→middle_eastern,pull_tcp,pos,-9.004127330845222,44.61765656841137,250,-3.1908388850482825,0.001600779042296167,0.007388210964443849
wealthy,latino→middle_eastern,q_exploded,neg,0.004,0.04463146727910637,250,1.4170619309433985,0.15771479274702113,nan
wealthy,latino→middle_eastern,q_exploded,pos,0.012,0.0766780155734951,250,2.474459702575924,0.014010888417100438,nan
wealthy,latino→middle_eastern,q_jerk_in_grasp,neg,0.0,0.0,250,nan,nan,nan
wealthy,latino→middle_eastern,q_jerk_in_grasp,pos,0.0,0.0,250,nan,nan,nan
wealthy,latino→middle_eastern,q_tile_drift,neg,0.0002476998269557953,0.0033664533029627765,250,1.1633840702921905,0.24578734285721,0.25426276847297585
wealthy,latino→middle_eastern,q_tile_drift,pos,0.0024310412406921386,0.005948156265156151,250,6.462193546782142,5.392436574431791e-10,5.663578525949777e-09
wealthy,latino→middle_eastern,xpos_reversals,neg,0.85,0.5601383936852761,250,23.993499119553196,1.0701989873391858e-66,6.4211939240351144e-65
wealthy,latino→middle_eastern,xpos_reversals,pos,0.856,0.6564967264253715,250,20.616322733574556,9.08990058591065e-56,1.8179801171821302e-54
