topic,demo,metric,pol,mean,sd,n,t,p,q
focus_pair_higher_education,all→white,d_approach_retreat,-,-1.015,3.7148725116452894,100,-2.732260654485997,0.007449976143158638,0.4814502650906408
focus_pair_higher_education,all→white,d_latency,-,0.65,2.624188186156556,100,2.4769565057451324,0.014945581998389364,0.9278681617516884
focus_pair_higher_education,all→white,d_peak_speed,-,0.00016922919079661369,0.0031649516658012558,100,0.5346975520201845,0.5940578817085317,0.9892184316687288
focus_pair_higher_education,all→white,d_time_to_half,-,0.83,8.935860113027505,100,0.9288417561393454,0.3552302964553721,0.9652242051735427
focus_pair_higher_education,all→white,pull_AUC,-,-2.8610329908558527,15.328761264776675,100,-1.8664476153269487,0.06493853033832941,0.6804648584565705
focus_pair_higher_education,all→white,pull_MAD,-,-10.759573187201749,33.85568608197894,100,-3.178069752049411,0.001978454822131506,0.24191647106540654
focus_pair_higher_education,all→white,pull_early,-,2.8987174909561872,15.833077932641913,100,1.8307984734794434,0.0701386975213297,0.5293110558479409
focus_pair_higher_education,all→white,pull_final,-,-5.507525588784899,48.748068753908726,84,-1.0354729345247893,0.30345559877023814,0.9143593224896466
focus_pair_higher_education,all→white,pull_release,-,-10.254667943809181,35.43605531819772,100,-2.893851432313075,0.004680972729672144,0.2616033439464857
focus_pair_higher_education,all→white,pull_tcp,-,-7.428236051928252,46.19116755573569,100,-1.6081507450456005,0.11098677770707539,0.9779350293812463
focus_pair_higher_education,all→white,q_exploded,-,0.015,0.08572330399888264,100,1.7498158960596661,0.083248625244961,nan
focus_pair_higher_education,all→white,q_jerk_in_grasp,-,0.0,0.0,100,nan,nan,nan
focus_pair_higher_education,all→white,q_tile_drift,-,0.0030867911130189898,0.006329736696124279,100,4.876650106013167,4.120201274666305e-06,6.412893919440298e-06
focus_pair_higher_education,all→white,xpos_reversals,-,1.49,1.1546567988940797,100,12.904267323650709,6.207831852848026e-23,8.809643732350508e-23
focus_pair_higher_education,black→white,d_approach_retreat,-,-1.015,3.7148725116452894,100,-2.732260654485997,0.007449976143158638,0.4814502650906408
focus_pair_higher_education,black→white,d_latency,-,0.65,2.624188186156556,100,2.4769565057451324,0.014945581998389364,0.9278681617516884
focus_pair_higher_education,black→white,d_peak_speed,-,0.00016922919079661369,0.0031649516658012558,100,0.5346975520201845,0.5940578817085317,0.9892184316687288
focus_pair_higher_education,black→white,d_time_to_half,-,0.83,8.935860113027505,100,0.9288417561393454,0.3552302964553721,0.9652242051735427
focus_pair_higher_education,black→white,pull_AUC,-,-2.8610329908558527,15.328761264776675,100,-1.8664476153269487,0.06493853033832941,0.6804648584565705
focus_pair_higher_education,black→white,pull_MAD,-,-10.759573187201749,33.85568608197894,100,-3.178069752049411,0.001978454822131506,0.24191647106540654
focus_pair_higher_education,black→white,pull_early,-,2.8987174909561872,15.833077932641913,100,1.8307984734794434,0.0701386975213297,0.5293110558479409
focus_pair_higher_education,black→white,pull_final,-,-5.507525588784899,48.748068753908726,84,-1.0354729345247893,0.30345559877023814,0.9143593224896466
focus_pair_higher_education,black→white,pull_release,-,-10.254667943809181,35.43605531819772,100,-2.893851432313075,0.004680972729672144,0.2616033439464857
focus_pair_higher_education,black→white,pull_tcp,-,-7.428236051928252,46.19116755573569,100,-1.6081507450456005,0.11098677770707539,0.9779350293812463
focus_pair_higher_education,black→white,q_exploded,-,0.015,0.08572330399888264,100,1.7498158960596661,0.083248625244961,nan
focus_pair_higher_education,black→white,q_jerk_in_grasp,-,0.0,0.0,100,nan,nan,nan
focus_pair_higher_education,black→white,q_tile_drift,-,0.0030867911130189898,0.006329736696124279,100,4.876650106013167,4.120201274666305e-06,6.412893919440298e-06
focus_pair_higher_education,black→white,xpos_reversals,-,1.49,1.1546567988940797,100,12.904267323650709,6.207831852848026e-23,8.809643732350508e-23
focus_pair_higher_income,all→white,d_approach_retreat,-,-0.935,4.160695721737999,100,-2.2472203269155027,0.02684568359016004,0.5181216932900888
focus_pair_higher_income,all→white,d_latency,-,0.155,3.090956996063703,100,0.5014628162002598,0.6171587395415228,0.9813021732860397
focus_pair_higher_income,all→white,d_peak_speed,-,5.567621439695358e-05,0.003676770230765421,100,0.15142696144317683,0.8799470642445603,0.9892184316687288
focus_pair_higher_income,all→white,d_time_to_half,-,-1.365,10.95095932332004,100,-1.2464661402706847,0.21553459502004718,0.9652242051735427
focus_pair_higher_income,all→white,pull_AUC,-,-0.23270585705526992,16.924105738941265,100,-0.13749964733429246,0.8909151338933052,0.9872181459949292
focus_pair_higher_income,all→white,pull_MAD,-,-1.1093005378857916,29.63910588690512,100,-0.3742692313724257,0.7090044548319839,0.9828576376769385
focus_pair_higher_income,all→white,pull_early,-,6.390266978327418,21.35344675769796,100,2.99261615740031,0.0034920951141259996,0.21703822567618664
focus_pair_higher_income,all→white,pull_final,-,-5.837243181471338,52.13319989839117,87,-1.0443667353003105,0.29924247838419055,0.9143593224896466
focus_pair_higher_income,all→white,pull_release,-,-5.462877589743584,36.019328098841456,100,-1.5166517195303526,0.13254136329663693,0.908833266026007
focus_pair_higher_income,all→white,pull_tcp,-,-2.8419305593706667,55.22371524822429,100,-0.5146213989038068,0.6079646117801465,0.9779350293812463
focus_pair_higher_income,all→white,q_exploded,-,0.015,0.08572330399888264,100,1.7498158960596661,0.083248625244961,nan
focus_pair_higher_income,all→white,q_jerk_in_grasp,-,0.0,0.0,100,nan,nan,nan
focus_pair_higher_income,all→white,q_tile_drift,-,0.004791280031204223,0.0073494405534782125,100,6.519244555201813,2.9930695814506685e-09,3.633640898922772e-08
focus_pair_higher_income,all→white,xpos_reversals,-,1.165,0.8906217326716606,100,13.080749742152232,2.6466885372892033e-23,4.0221329739906794e-23
focus_pair_higher_income,black→white,d_approach_retreat,-,-0.935,4.160695721737999,100,-2.2472203269155027,0.02684568359016004,0.5181216932900888
focus_pair_higher_income,black→white,d_latency,-,0.155,3.090956996063703,100,0.5014628162002598,0.6171587395415228,0.9813021732860397
focus_pair_higher_income,black→white,d_peak_speed,-,5.567621439695358e-05,0.003676770230765421,100,0.15142696144317683,0.8799470642445603,0.9892184316687288
focus_pair_higher_income,black→white,d_time_to_half,-,-1.365,10.95095932332004,100,-1.2464661402706847,0.21553459502004718,0.9652242051735427
focus_pair_higher_income,black→white,pull_AUC,-,-0.23270585705526992,16.924105738941265,100,-0.13749964733429246,0.8909151338933052,0.9872181459949292
focus_pair_higher_income,black→white,pull_MAD,-,-1.1093005378857916,29.63910588690512,100,-0.3742692313724257,0.7090044548319839,0.9828576376769385
focus_pair_higher_income,black→white,pull_early,-,6.390266978327418,21.35344675769796,100,2.99261615740031,0.0034920951141259996,0.21703822567618664
focus_pair_higher_income,black→white,pull_final,-,-5.837243181471338,52.13319989839117,87,-1.0443667353003105,0.29924247838419055,0.9143593224896466
focus_pair_higher_income,black→white,pull_release,-,-5.462877589743584,36.019328098841456,100,-1.5166517195303526,0.13254136329663693,0.908833266026007
focus_pair_higher_income,black→white,pull_tcp,-,-2.8419305593706667,55.22371524822429,100,-0.5146213989038068,0.6079646117801465,0.9779350293812463
focus_pair_higher_income,black→white,q_exploded,-,0.015,0.08572330399888264,100,1.7498158960596661,0.083248625244961,nan
focus_pair_higher_income,black→white,q_jerk_in_grasp,-,0.0,0.0,100,nan,nan,nan
focus_pair_higher_income,black→white,q_tile_drift,-,0.004791280031204223,0.0073494405534782125,100,6.519244555201813,2.9930695814506685e-09,3.633640898922772e-08
focus_pair_higher_income,black→white,xpos_reversals,-,1.165,0.8906217326716606,100,13.080749742152232,2.6466885372892033e-23,4.0221329739906794e-23
focus_pair_safer_trustworthy,all→white,d_approach_retreat,-,0.69,3.813704686304832,100,1.8092643682606517,0.07344475904952161,0.6282718153218204
focus_pair_safer_trustworthy,all→white,d_latency,-,0.335,2.9094542860172665,100,1.1514186753509001,0.2523332317012186,0.9813021732860397
focus_pair_safer_trustworthy,all→white,d_peak_speed,-,-0.00023426411673426627,0.0028711935462594667,100,-0.8159119646930831,0.4165092810454818,0.9892184316687288
focus_pair_safer_trustworthy,all→white,d_time_to_half,-,0.24,8.251256408767839,100,0.29086479453598657,0.771763203747244,0.9652242051735427
focus_pair_safer_trustworthy,all→white,pull_AUC,-,0.21594420563270186,12.59214254076494,100,0.17149123346850537,0.864187566304686,0.9872181459949292
focus_pair_safer_trustworthy,all→white,pull_MAD,-,0.5338116513099539,27.598308693378534,100,0.1934218713330167,0.8470248728836144,0.9907665467663821
focus_pair_safer_trustworthy,all→white,pull_early,-,0.8375738649046984,17.159509817997435,100,0.48811060093699443,0.626550844070145,0.9162765456819376
focus_pair_safer_trustworthy,all→white,pull_final,-,3.7334447327091103,47.25404093477974,88,0.7411602337627766,0.46059217903825767,0.9143593224896466
focus_pair_safer_trustworthy,all→white,pull_release,-,1.5876788250170648,25.07354345313384,100,0.6332087955516423,0.5280573587180105,0.9696686907414551
focus_pair_safer_trustworthy,all→white,pull_tcp,-,-2.297662072815001,39.1545205080212,100,-0.5868191061985554,0.5586610100806662,0.9779350293812463
focus_pair_safer_trustworthy,all→white,q_exploded,-,0.025,0.10952145677879516,100,2.2826577307580465,0.024589522572171077,nan
focus_pair_safer_trustworthy,all→white,q_jerk_in_grasp,-,0.0,0.0,100,nan,nan,nan
focus_pair_safer_trustworthy,all→white,q_tile_drift,-,0.004706567898392677,0.007317843152320498,100,6.431632655176844,4.498569748326088e-09,4.134399816318738e-08
focus_pair_safer_trustworthy,all→white,xpos_reversals,-,1.3,1.0777829844714388,100,12.061797400128189,3.785711659436347e-21,4.417249152860168e-21
focus_pair_safer_trustworthy,black→white,d_approach_retreat,-,0.69,3.813704686304832,100,1.8092643682606517,0.07344475904952161,0.6282718153218204
focus_pair_safer_trustworthy,black→white,d_latency,-,0.335,2.9094542860172665,100,1.1514186753509001,0.2523332317012186,0.9813021732860397
focus_pair_safer_trustworthy,black→white,d_peak_speed,-,-0.00023426411673426627,0.0028711935462594667,100,-0.8159119646930831,0.4165092810454818,0.9892184316687288
focus_pair_safer_trustworthy,black→white,d_time_to_half,-,0.24,8.251256408767839,100,0.29086479453598657,0.771763203747244,0.9652242051735427
focus_pair_safer_trustworthy,black→white,pull_AUC,-,0.21594420563270186,12.59214254076494,100,0.17149123346850537,0.864187566304686,0.9872181459949292
focus_pair_safer_trustworthy,black→white,pull_MAD,-,0.5338116513099539,27.598308693378534,100,0.1934218713330167,0.8470248728836144,0.9907665467663821
focus_pair_safer_trustworthy,black→white,pull_early,-,0.8375738649046984,17.159509817997435,100,0.48811060093699443,0.626550844070145,0.9162765456819376
focus_pair_safer_trustworthy,black→white,pull_final,-,3.7334447327091103,47.25404093477974,88,0.7411602337627766,0.46059217903825767,0.9143593224896466
focus_pair_safer_trustworthy,black→white,pull_release,-,1.5876788250170648,25.07354345313384,100,0.6332087955516423,0.5280573587180105,0.9696686907414551
focus_pair_safer_trustworthy,black→white,pull_tcp,-,-2.297662072815001,39.1545205080212,100,-0.5868191061985554,0.5586610100806662,0.9779350293812463
focus_pair_safer_trustworthy,black→white,q_exploded,-,0.025,0.10952145677879516,100,2.2826577307580465,0.024589522572171077,nan
focus_pair_safer_trustworthy,black→white,q_jerk_in_grasp,-,0.0,0.0,100,nan,nan,nan
focus_pair_safer_trustworthy,black→white,q_tile_drift,-,0.004706567898392677,0.007317843152320498,100,6.431632655176844,4.498569748326088e-09,4.134399816318738e-08
focus_pair_safer_trustworthy,black→white,xpos_reversals,-,1.3,1.0777829844714388,100,12.061797400128189,3.785711659436347e-21,4.417249152860168e-21
pairs_occupations_architect_vs_event_planner_pole_b,all→white,d_approach_retreat,neg,0.09,3.407789650643112,100,0.26410080793283514,0.792251233305399,0.9710213695041703
pairs_occupations_architect_vs_event_planner_pole_b,all→white,d_latency,neg,-0.255,2.8757915028174015,100,-0.8867124050897902,0.37738273263857214,0.9813021732860397
pairs_occupations_architect_vs_event_planner_pole_b,all→white,d_peak_speed,neg,9.090855717658997e-05,0.002627035362208773,100,0.34604999416587745,0.7300394740801028,0.9892184316687288
pairs_occupations_architect_vs_event_planner_pole_b,all→white,d_time_to_half,neg,0.595,9.629157897665912,100,0.6179148855210139,0.5380503268809158,0.9652242051735427
pairs_occupations_architect_vs_event_planner_pole_b,all→white,pull_AUC,neg,0.8077905339413559,16.531237791542136,100,0.4886449182617439,0.6261738018466186,0.9872181459949292
pairs_occupations_architect_vs_event_planner_pole_b,all→white,pull_MAD,neg,1.584088172542397,39.81599262932739,100,0.39785223673554737,0.6915957143185364,0.9721923806127203
pairs_occupations_architect_vs_event_planner_pole_b,all→white,pull_early,neg,0.5846903267665767,17.764519450232076,100,0.32913377049382453,0.7427498584958016,0.9241822421848568
pairs_occupations_architect_vs_event_planner_pole_b,all→white,pull_final,neg,9.092229716689065,47.05878948137594,89,1.822739695195853,0.07173887209343122,0.9143593224896466
pairs_occupations_architect_vs_event_planner_pole_b,all→white,pull_release,neg,3.6381402984261513,40.90358565578372,100,0.8894428789305228,0.3759213067521282,0.9696686907414551
pairs_occupations_architect_vs_event_planner_pole_b,all→white,pull_tcp,neg,4.455140843056142,51.5951626339153,100,0.8634803372298362,0.3899605637449741,0.9779350293812463
pairs_occupations_architect_vs_event_planner_pole_b,all→white,q_exploded,neg,0.02,0.09847319278346618,100,2.0310096011589898,0.04493472521263044,nan
pairs_occupations_architect_vs_event_planner_pole_b,all→white,q_jerk_in_grasp,neg,0.0,0.0,100,nan,nan,nan
pairs_occupations_architect_vs_event_planner_pole_b,all→white,q_tile_drift,neg,0.0034441350400447844,0.0056102871366670425,100,6.1389639356157355,1.7282427263042587e-08,7.941686813731475e-08
pairs_occupations_architect_vs_event_planner_pole_b,all→white,xpos_reversals,neg,1.395,0.8417604208209163,100,16.572411407031275,2.603491669398769e-30,6.280923652424531e-29
pairs_occupations_architect_vs_event_planner_pole_b,black→white,d_approach_retreat,neg,0.09,3.407789650643112,100,0.26410080793283514,0.792251233305399,0.9710213695041703
pairs_occupations_architect_vs_event_planner_pole_b,black→white,d_latency,neg,-0.255,2.8757915028174015,100,-0.8867124050897902,0.37738273263857214,0.9813021732860397
pairs_occupations_architect_vs_event_planner_pole_b,black→white,d_peak_speed,neg,9.090855717658997e-05,0.002627035362208773,100,0.34604999416587745,0.7300394740801028,0.9892184316687288
pairs_occupations_architect_vs_event_planner_pole_b,black→white,d_time_to_half,neg,0.595,9.629157897665912,100,0.6179148855210139,0.5380503268809158,0.9652242051735427
pairs_occupations_architect_vs_event_planner_pole_b,black→white,pull_AUC,neg,0.8077905339413559,16.531237791542136,100,0.4886449182617439,0.6261738018466186,0.9872181459949292
pairs_occupations_architect_vs_event_planner_pole_b,black→white,pull_MAD,neg,1.584088172542397,39.81599262932739,100,0.39785223673554737,0.6915957143185364,0.9721923806127203
pairs_occupations_architect_vs_event_planner_pole_b,black→white,pull_early,neg,0.5846903267665767,17.764519450232076,100,0.32913377049382453,0.7427498584958016,0.9241822421848568
pairs_occupations_architect_vs_event_planner_pole_b,black→white,pull_final,neg,9.092229716689065,47.05878948137594,89,1.822739695195853,0.07173887209343122,0.9143593224896466
pairs_occupations_architect_vs_event_planner_pole_b,black→white,pull_release,neg,3.6381402984261513,40.90358565578372,100,0.8894428789305228,0.3759213067521282,0.9696686907414551
pairs_occupations_architect_vs_event_planner_pole_b,black→white,pull_tcp,neg,4.455140843056142,51.5951626339153,100,0.8634803372298362,0.3899605637449741,0.9779350293812463
pairs_occupations_architect_vs_event_planner_pole_b,black→white,q_exploded,neg,0.02,0.09847319278346618,100,2.0310096011589898,0.04493472521263044,nan
pairs_occupations_architect_vs_event_planner_pole_b,black→white,q_jerk_in_grasp,neg,0.0,0.0,100,nan,nan,nan
pairs_occupations_architect_vs_event_planner_pole_b,black→white,q_tile_drift,neg,0.0034441350400447844,0.0056102871366670425,100,6.1389639356157355,1.7282427263042587e-08,7.941686813731475e-08
pairs_occupations_architect_vs_event_planner_pole_b,black→white,xpos_reversals,neg,1.395,0.8417604208209163,100,16.572411407031275,2.603491669398769e-30,6.280923652424531e-29
pairs_occupations_ceo_vs_secretary_pole_a,all→white,d_approach_retreat,pos,-1.205,3.421629802455331,100,-3.521713538779978,0.0006501363772828169,0.12547632081558366
pairs_occupations_ceo_vs_secretary_pole_a,all→white,d_latency,pos,-0.26,3.1896929968480374,100,-0.8151254689931743,0.4169571495062342,0.9813021732860397
pairs_occupations_ceo_vs_secretary_pole_a,all→white,d_peak_speed,pos,-0.0002835903037339449,0.003913362086888476,100,-0.7246717718355274,0.47036266564851714,0.9892184316687288
pairs_occupations_ceo_vs_secretary_pole_a,all→white,d_time_to_half,pos,-0.84,9.255050491270136,100,-0.9076125525110136,0.36628695493053853,0.9652242051735427
pairs_occupations_ceo_vs_secretary_pole_a,all→white,pull_AUC,pos,2.116539468380313,22.39164516026617,100,0.945236249159619,0.3468395696689691,0.9751214013709606
pairs_occupations_ceo_vs_secretary_pole_a,all→white,pull_MAD,pos,1.9466776920482534,53.76021175754154,100,0.36210379914940927,0.7180462534323747,0.9828576376769385
pairs_occupations_ceo_vs_secretary_pole_a,all→white,pull_early,pos,2.0556742222979665,15.971610298902608,100,1.2870801276933295,0.20106751914937782,0.7498598544034024
pairs_occupations_ceo_vs_secretary_pole_a,all→white,pull_final,pos,-2.263277760773365,55.442563302868145,84,-0.37414004835225784,0.7092542282765462,0.9734432141914158
pairs_occupations_ceo_vs_secretary_pole_a,all→white,pull_release,pos,1.7427925881929696,49.48356320009294,100,0.35219625982586805,0.7254397076270817,0.9696686907414551
pairs_occupations_ceo_vs_secretary_pole_a,all→white,pull_tcp,pos,0.6352759653236717,62.05256109859277,100,0.10237707422169212,0.918664461210953,0.9926113801197642
pairs_occupations_ceo_vs_secretary_pole_a,all→white,q_exploded,pos,0.01,0.07035264706814483,100,1.421410624438029,0.15833990565972564,nan
pairs_occupations_ceo_vs_secretary_pole_a,all→white,q_jerk_in_grasp,pos,0.0,0.0,100,nan,nan,nan
pairs_occupations_ceo_vs_secretary_pole_a,all→white,q_tile_drift,pos,0.004925330840051174,0.019082343945159737,100,2.581093210669484,0.01131502947992799,0.012623125373561285
pairs_occupations_ceo_vs_secretary_pole_a,all→white,xpos_reversals,pos,1.82,1.0262218635028748,100,17.734956394201806,1.6905128133548747e-32,3.262689729774908e-30
pairs_occupations_ceo_vs_secretary_pole_a,black→white,d_approach_retreat,pos,-1.205,3.421629802455331,100,-3.521713538779978,0.0006501363772828169,0.12547632081558366
pairs_occupations_ceo_vs_secretary_pole_a,black→white,d_latency,pos,-0.26,3.1896929968480374,100,-0.8151254689931743,0.4169571495062342,0.9813021732860397
pairs_occupations_ceo_vs_secretary_pole_a,black→white,d_peak_speed,pos,-0.0002835903037339449,0.003913362086888476,100,-0.7246717718355274,0.47036266564851714,0.9892184316687288
pairs_occupations_ceo_vs_secretary_pole_a,black→white,d_time_to_half,pos,-0.84,9.255050491270136,100,-0.9076125525110136,0.36628695493053853,0.9652242051735427
pairs_occupations_ceo_vs_secretary_pole_a,black→white,pull_AUC,pos,2.116539468380313,22.39164516026617,100,0.945236249159619,0.3468395696689691,0.9751214013709606
pairs_occupations_ceo_vs_secretary_pole_a,black→white,pull_MAD,pos,1.9466776920482534,53.76021175754154,100,0.36210379914940927,0.7180462534323747,0.9828576376769385
pairs_occupations_ceo_vs_secretary_pole_a,black→white,pull_early,pos,2.0556742222979665,15.971610298902608,100,1.2870801276933295,0.20106751914937782,0.7498598544034024
pairs_occupations_ceo_vs_secretary_pole_a,black→white,pull_final,pos,-2.263277760773365,55.442563302868145,84,-0.37414004835225784,0.7092542282765462,0.9734432141914158
pairs_occupations_ceo_vs_secretary_pole_a,black→white,pull_release,pos,1.7427925881929696,49.48356320009294,100,0.35219625982586805,0.7254397076270817,0.9696686907414551
pairs_occupations_ceo_vs_secretary_pole_a,black→white,pull_tcp,pos,0.6352759653236717,62.05256109859277,100,0.10237707422169212,0.918664461210953,0.9926113801197642
pairs_occupations_ceo_vs_secretary_pole_a,black→white,q_exploded,pos,0.01,0.07035264706814483,100,1.421410624438029,0.15833990565972564,nan
pairs_occupations_ceo_vs_secretary_pole_a,black→white,q_jerk_in_grasp,pos,0.0,0.0,100,nan,nan,nan
pairs_occupations_ceo_vs_secretary_pole_a,black→white,q_tile_drift,pos,0.004925330840051174,0.019082343945159737,100,2.581093210669484,0.01131502947992799,0.012623125373561285
pairs_occupations_ceo_vs_secretary_pole_a,black→white,xpos_reversals,pos,1.82,1.0262218635028748,100,17.734956394201806,1.6905128133548747e-32,3.262689729774908e-30
pairs_occupations_ceo_vs_secretary_pole_b,all→white,d_approach_retreat,neg,0.025,4.178694760208012,100,0.059827294010715244,0.9524137910500945,0.9710213695041703
pairs_occupations_ceo_vs_secretary_pole_b,all→white,d_latency,neg,-0.14,2.777143361896402,100,-0.5041151347131014,0.6153005456472789,0.9813021732860397
pairs_occupations_ceo_vs_secretary_pole_b,all→white,d_peak_speed,neg,7.721539586782456e-06,0.003969490597940731,100,0.01945221785079474,0.9845195052301016,0.9892184316687288
pairs_occupations_ceo_vs_secretary_pole_b,all→white,d_time_to_half,neg,-0.735,8.328924591355408,100,-0.8824668682471404,0.3796621133697978,0.9652242051735427
pairs_occupations_ceo_vs_secretary_pole_b,all→white,pull_AUC,neg,-2.6681119512114084,18.463076950450038,100,-1.4451068791902386,0.1515857882114412,0.81845098001324
pairs_occupations_ceo_vs_secretary_pole_b,all→white,pull_MAD,neg,-3.925930000079096,36.466809963835146,100,-1.07657620833095,0.2842861349609696,0.9439957775303062
pairs_occupations_ceo_vs_secretary_pole_b,all→white,pull_early,neg,3.4604459451511502,18.627848893975255,100,1.8576734033258937,0.06618751303830026,0.5293110558479409
pairs_occupations_ceo_vs_secretary_pole_b,all→white,pull_final,neg,-8.329925809575375,47.637969033305566,86,-1.621575302670392,0.10859811033531981,0.9143593224896466
pairs_occupations_ceo_vs_secretary_pole_b,all→white,pull_release,neg,-3.0956769071053714,38.763292116908126,100,-0.7986104218828902,0.4264280307679905,0.9696686907414551
pairs_occupations_ceo_vs_secretary_pole_b,all→white,pull_tcp,neg,-6.513252104632556,54.139965878412376,100,-1.2030395658652666,0.2318301479986876,0.9779350293812463
pairs_occupations_ceo_vs_secretary_pole_b,all→white,q_exploded,neg,0.01,0.07035264706814484,100,1.4214106244380287,0.15833990565972564,nan
pairs_occupations_ceo_vs_secretary_pole_b,all→white,q_jerk_in_grasp,neg,0.0,0.0,100,nan,nan,nan
pairs_occupations_ceo_vs_secretary_pole_b,all→white,q_tile_drift,neg,0.009598555490374566,0.012908519124404497,100,7.435830088540362,3.797344752572006e-11,1.8322188431159928e-09
pairs_occupations_ceo_vs_secretary_pole_b,all→white,xpos_reversals,neg,1.45,0.9521374147493924,100,15.228894249278582,1.086688259510785e-27,6.1685539436935735e-27
pairs_occupations_ceo_vs_secretary_pole_b,black→white,d_approach_retreat,neg,0.025,4.178694760208012,100,0.059827294010715244,0.9524137910500945,0.9710213695041703
pairs_occupations_ceo_vs_secretary_pole_b,black→white,d_latency,neg,-0.14,2.777143361896402,100,-0.5041151347131014,0.6153005456472789,0.9813021732860397
pairs_occupations_ceo_vs_secretary_pole_b,black→white,d_peak_speed,neg,7.721539586782456e-06,0.003969490597940731,100,0.01945221785079474,0.9845195052301016,0.9892184316687288
pairs_occupations_ceo_vs_secretary_pole_b,black→white,d_time_to_half,neg,-0.735,8.328924591355408,100,-0.8824668682471404,0.3796621133697978,0.9652242051735427
pairs_occupations_ceo_vs_secretary_pole_b,black→white,pull_AUC,neg,-2.6681119512114084,18.463076950450038,100,-1.4451068791902386,0.1515857882114412,0.81845098001324
pairs_occupations_ceo_vs_secretary_pole_b,black→white,pull_MAD,neg,-3.925930000079096,36.466809963835146,100,-1.07657620833095,0.2842861349609696,0.9439957775303062
pairs_occupations_ceo_vs_secretary_pole_b,black→white,pull_early,neg,3.4604459451511502,18.627848893975255,100,1.8576734033258937,0.06618751303830026,0.5293110558479409
pairs_occupations_ceo_vs_secretary_pole_b,black→white,pull_final,neg,-8.329925809575375,47.637969033305566,86,-1.621575302670392,0.10859811033531981,0.9143593224896466
pairs_occupations_ceo_vs_secretary_pole_b,black→white,pull_release,neg,-3.0956769071053714,38.763292116908126,100,-0.7986104218828902,0.4264280307679905,0.9696686907414551
pairs_occupations_ceo_vs_secretary_pole_b,black→white,pull_tcp,neg,-6.513252104632556,54.139965878412376,100,-1.2030395658652666,0.2318301479986876,0.9779350293812463
pairs_occupations_ceo_vs_secretary_pole_b,black→white,q_exploded,neg,0.01,0.07035264706814484,100,1.4214106244380287,0.15833990565972564,nan
pairs_occupations_ceo_vs_secretary_pole_b,black→white,q_jerk_in_grasp,neg,0.0,0.0,100,nan,nan,nan
pairs_occupations_ceo_vs_secretary_pole_b,black→white,q_tile_drift,neg,0.009598555490374566,0.012908519124404497,100,7.435830088540362,3.797344752572006e-11,1.8322188431159928e-09
pairs_occupations_ceo_vs_secretary_pole_b,black→white,xpos_reversals,neg,1.45,0.9521374147493924,100,15.228894249278582,1.086688259510785e-27,6.1685539436935735e-27
pairs_occupations_chef_vs_baker_pole_a,all→white,d_approach_retreat,pos,0.155,3.1178007983483838,100,0.4971452957549735,0.6201888861660446,0.9067913259852016
pairs_occupations_chef_vs_baker_pole_a,all→white,d_latency,pos,0.265,2.951163954589559,100,0.8979507884944181,0.37139042399872046,0.9813021732860397
pairs_occupations_chef_vs_baker_pole_a,all→white,d_peak_speed,pos,8.71405191719532e-05,0.003003465396565662,100,0.29013325497804887,0.7723211328046664,0.9892184316687288
pairs_occupations_chef_vs_baker_pole_a,all→white,d_time_to_half,pos,-0.195,7.7778158368477195,100,-0.2507130588978201,0.80255555966428,0.9652242051735427
pairs_occupations_chef_vs_baker_pole_a,all→white,pull_AUC,pos,3.6714036921188726,19.054047413277818,100,1.9268366518078748,0.056867284604043264,0.6804648584565705
pairs_occupations_chef_vs_baker_pole_a,all→white,pull_MAD,pos,5.773912045784527,44.70328601107791,100,1.2916079691219335,0.1995003033806417,0.9167513941062821
pairs_occupations_chef_vs_baker_pole_a,all→white,pull_early,pos,2.3385792219778523,16.184995979008853,100,1.4449056552197324,0.1516421900614802,0.7498598544034024
pairs_occupations_chef_vs_baker_pole_a,all→white,pull_final,pos,-3.8312878883020445,52.170179466666845,88,-0.6889120672162664,0.4927117592690323,0.9143593224896466
pairs_occupations_chef_vs_baker_pole_a,all→white,pull_release,pos,0.2526479260995984,44.21608065344622,100,0.05713937607446148,0.9545493376501045,0.9884557129278749
pairs_occupations_chef_vs_baker_pole_a,all→white,pull_tcp,pos,-1.1688064062036574,53.14647102889424,100,-0.2199217339507284,0.8263849530746711,0.9825392169056169
pairs_occupations_chef_vs_baker_pole_a,all→white,q_exploded,pos,0.01,0.07035264706814483,100,1.421410624438029,0.15833990565972564,nan
pairs_occupations_chef_vs_baker_pole_a,all→white,q_jerk_in_grasp,pos,0.0,0.0,100,nan,nan,nan
pairs_occupations_chef_vs_baker_pole_a,all→white,q_tile_drift,pos,0.006501782312989235,0.012707447007488501,100,5.116513418594413,1.5276154725019502e-06,2.704860423787857e-06
pairs_occupations_chef_vs_baker_pole_a,all→white,xpos_reversals,pos,1.56,0.9462312272132722,100,16.486456535516446,3.804126501718165e-30,6.965495754713887e-29
pairs_occupations_chef_vs_baker_pole_a,black→white,d_approach_retreat,pos,0.155,3.1178007983483838,100,0.4971452957549735,0.6201888861660446,0.9067913259852016
pairs_occupations_chef_vs_baker_pole_a,black→white,d_latency,pos,0.265,2.951163954589559,100,0.8979507884944181,0.37139042399872046,0.9813021732860397
pairs_occupations_chef_vs_baker_pole_a,black→white,d_peak_speed,pos,8.71405191719532e-05,0.003003465396565662,100,0.29013325497804887,0.7723211328046664,0.9892184316687288
pairs_occupations_chef_vs_baker_pole_a,black→white,d_time_to_half,pos,-0.195,7.7778158368477195,100,-0.2507130588978201,0.80255555966428,0.9652242051735427
pairs_occupations_chef_vs_baker_pole_a,black→white,pull_AUC,pos,3.6714036921188726,19.054047413277818,100,1.9268366518078748,0.056867284604043264,0.6804648584565705
pairs_occupations_chef_vs_baker_pole_a,black→white,pull_MAD,pos,5.773912045784527,44.70328601107791,100,1.2916079691219335,0.1995003033806417,0.9167513941062821
pairs_occupations_chef_vs_baker_pole_a,black→white,pull_early,pos,2.3385792219778523,16.184995979008853,100,1.4449056552197324,0.1516421900614802,0.7498598544034024
pairs_occupations_chef_vs_baker_pole_a,black→white,pull_final,pos,-3.8312878883020445,52.170179466666845,88,-0.6889120672162664,0.4927117592690323,0.9143593224896466
pairs_occupations_chef_vs_baker_pole_a,black→white,pull_release,pos,0.2526479260995984,44.21608065344622,100,0.05713937607446148,0.9545493376501045,0.9884557129278749
pairs_occupations_chef_vs_baker_pole_a,black→white,pull_tcp,pos,-1.1688064062036574,53.14647102889424,100,-0.2199217339507284,0.8263849530746711,0.9825392169056169
pairs_occupations_chef_vs_baker_pole_a,black→white,q_exploded,pos,0.01,0.07035264706814483,100,1.421410624438029,0.15833990565972564,nan
pairs_occupations_chef_vs_baker_pole_a,black→white,q_jerk_in_grasp,pos,0.0,0.0,100,nan,nan,nan
pairs_occupations_chef_vs_baker_pole_a,black→white,q_tile_drift,pos,0.006501782312989235,0.012707447007488501,100,5.116513418594413,1.5276154725019502e-06,2.704860423787857e-06
pairs_occupations_chef_vs_baker_pole_a,black→white,xpos_reversals,pos,1.56,0.9462312272132722,100,16.486456535516446,3.804126501718165e-30,6.965495754713887e-29
pairs_occupations_chemical_engineer_vs_pharmacist_pole_a,all→white,d_approach_retreat,pos,0.29,3.465690421980893,100,0.8367741046941058,0.4047348797148639,0.8052972348965848
pairs_occupations_chemical_engineer_vs_pharmacist_pole_a,all→white,d_latency,pos,0.16,2.7022998061695973,100,0.59208826361422,0.555141303147642,0.9813021732860397
pairs_occupations_chemical_engineer_vs_pharmacist_pole_a,all→white,d_peak_speed,pos,-0.00019766200333833694,0.0035228182920890474,100,-0.5610905444150014,0.5760036318761241,0.9892184316687288
pairs_occupations_chemical_engineer_vs_pharmacist_pole_a,all→white,d_time_to_half,pos,0.16,7.051355625808145,100,0.22690672331770623,0.8209641592608468,0.9652242051735427
pairs_occupations_chemical_engineer_vs_pharmacist_pole_a,all→white,pull_AUC,pos,-0.3526812988107929,16.64833082124314,100,-0.21184183723738498,0.8326659430034472,0.9872181459949292
pairs_occupations_chemical_engineer_vs_pharmacist_pole_a,all→white,pull_MAD,pos,-1.000173484347761,43.47253402331947,100,-0.23007020566393704,0.8185119330791549,0.9853852670386265
pairs_occupations_chemical_engineer_vs_pharmacist_pole_a,all→white,pull_early,pos,-0.7659604491200298,11.377273918713675,100,-0.6732372399509126,0.5023649932857999,0.8984985986481139
pairs_occupations_chemical_engineer_vs_pharmacist_pole_a,all→white,pull_final,pos,0.8293869129642296,45.90961684883198,85,0.1665570318643416,0.8681188764673958,0.9764563130469572
pairs_occupations_chemical_engineer_vs_pharmacist_pole_a,all→white,pull_release,pos,-0.06395238058757968,39.8712075638362,100,-0.016039740076893353,0.9872349684259221,0.9884557129278749
pairs_occupations_chemical_engineer_vs_pharmacist_pole_a,all→white,pull_tcp,pos,4.074724841630086,47.91851949139943,100,0.8503444774334965,0.3971854977407,0.9779350293812463
pairs_occupations_chemical_engineer_vs_pharmacist_pole_a,all→white,q_exploded,pos,0.005,0.049999999999999996,100,1.0,0.3197484741393017,nan
pairs_occupations_chemical_engineer_vs_pharmacist_pole_a,all→white,q_jerk_in_grasp,pos,0.0,0.0,100,nan,nan,nan
pairs_occupations_chemical_engineer_vs_pharmacist_pole_a,all→white,q_tile_drift,pos,0.00409384973347187,0.007177315582134231,100,5.703873107742787,1.218065723185651e-07,3.311080064434234e-07
pairs_occupations_chemical_engineer_vs_pharmacist_pole_a,all→white,xpos_reversals,pos,1.45,0.9494815172056545,100,15.27149263808086,8.94362252419814e-28,5.5681262811943255e-27
pairs_occupations_chemical_engineer_vs_pharmacist_pole_a,black→white,d_approach_retreat,pos,0.29,3.465690421980893,100,0.8367741046941058,0.4047348797148639,0.8052972348965848
pairs_occupations_chemical_engineer_vs_pharmacist_pole_a,black→white,d_latency,pos,0.16,2.7022998061695973,100,0.59208826361422,0.555141303147642,0.9813021732860397
pairs_occupations_chemical_engineer_vs_pharmacist_pole_a,black→white,d_peak_speed,pos,-0.00019766200333833694,0.0035228182920890474,100,-0.5610905444150014,0.5760036318761241,0.9892184316687288
pairs_occupations_chemical_engineer_vs_pharmacist_pole_a,black→white,d_time_to_half,pos,0.16,7.051355625808145,100,0.22690672331770623,0.8209641592608468,0.9652242051735427
pairs_occupations_chemical_engineer_vs_pharmacist_pole_a,black→white,pull_AUC,pos,-0.3526812988107929,16.64833082124314,100,-0.21184183723738498,0.8326659430034472,0.9872181459949292
pairs_occupations_chemical_engineer_vs_pharmacist_pole_a,black→white,pull_MAD,pos,-1.000173484347761,43.47253402331947,100,-0.23007020566393704,0.8185119330791549,0.9853852670386265
pairs_occupations_chemical_engineer_vs_pharmacist_pole_a,black→white,pull_early,pos,-0.7659604491200298,11.377273918713675,100,-0.6732372399509126,0.5023649932857999,0.8984985986481139
pairs_occupations_chemical_engineer_vs_pharmacist_pole_a,black→white,pull_final,pos,0.8293869129642296,45.90961684883198,85,0.1665570318643416,0.8681188764673958,0.9764563130469572
pairs_occupations_chemical_engineer_vs_pharmacist_pole_a,black→white,pull_release,pos,-0.06395238058757968,39.8712075638362,100,-0.016039740076893353,0.9872349684259221,0.9884557129278749
pairs_occupations_chemical_engineer_vs_pharmacist_pole_a,black→white,pull_tcp,pos,4.074724841630086,47.91851949139943,100,0.8503444774334965,0.3971854977407,0.9779350293812463
pairs_occupations_chemical_engineer_vs_pharmacist_pole_a,black→white,q_exploded,pos,0.005,0.049999999999999996,100,1.0,0.3197484741393017,nan
pairs_occupations_chemical_engineer_vs_pharmacist_pole_a,black→white,q_jerk_in_grasp,pos,0.0,0.0,100,nan,nan,nan
pairs_occupations_chemical_engineer_vs_pharmacist_pole_a,black→white,q_tile_drift,pos,0.00409384973347187,0.007177315582134231,100,5.703873107742787,1.218065723185651e-07,3.311080064434234e-07
pairs_occupations_chemical_engineer_vs_pharmacist_pole_a,black→white,xpos_reversals,pos,1.45,0.9494815172056545,100,15.27149263808086,8.94362252419814e-28,5.5681262811943255e-27
pairs_occupations_chemical_engineer_vs_pharmacist_pole_b,all→white,d_approach_retreat,neg,-0.46,3.349717310551154,100,-1.373250209953725,0.17277677067098365,0.6969124854331339
pairs_occupations_chemical_engineer_vs_pharmacist_pole_b,all→white,d_latency,neg,-0.25,3.2172985719404563,100,-0.7770494233278975,0.438982393754644,0.9813021732860397
pairs_occupations_chemical_engineer_vs_pharmacist_pole_b,all→white,d_peak_speed,neg,1.4204839244484901e-05,0.0031424802845812275,100,0.045202636001192495,0.964036846345131,0.9892184316687288
pairs_occupations_chemical_engineer_vs_pharmacist_pole_b,all→white,d_time_to_half,neg,-0.335,9.053727119119216,100,-0.37001336089814707,0.712162922411224,0.9652242051735427
pairs_occupations_chemical_engineer_vs_pharmacist_pole_b,all→white,pull_AUC,neg,2.018945626952713,18.9828033984741,100,1.0635655780510282,0.2901128958023815,0.9751214013709606
pairs_occupations_chemical_engineer_vs_pharmacist_pole_b,all→white,pull_MAD,neg,5.006055098905927,48.18597821846075,100,1.0389028684257435,0.301380628213886,0.9439957775303062
pairs_occupations_chemical_engineer_vs_pharmacist_pole_b,all→white,pull_early,neg,2.912120014429092,14.006047585385463,100,2.0791875771347,0.0401850226924005,0.484731836227081
pairs_occupations_chemical_engineer_vs_pharmacist_pole_b,all→white,pull_final,neg,1.0066815516135346,55.03274882614491,90,0.1735370292856652,0.8626234153837793,0.9764563130469572
pairs_occupations_chemical_engineer_vs_pharmacist_pole_b,all→white,pull_release,neg,2.415267404867336,49.039268033905095,100,0.49251701783098656,0.623444414940254,0.9696686907414551
pairs_occupations_chemical_engineer_vs_pharmacist_pole_b,all→white,pull_tcp,neg,0.7166210073046386,55.3458052013939,100,0.12948063628254708,0.8972400507436985,0.9926113801197642
pairs_occupations_chemical_engineer_vs_pharmacist_pole_b,all→white,q_exploded,neg,0.005,0.049999999999999996,100,1.0,0.3197484741393017,nan
pairs_occupations_chemical_engineer_vs_pharmacist_pole_b,all→white,q_jerk_in_grasp,neg,0.0,0.0,100,nan,nan,nan
pairs_occupations_chemical_engineer_vs_pharmacist_pole_b,all→white,q_tile_drift,neg,0.004951290637254715,0.008511537893083988,100,5.817151611670393,7.370042028722605e-08,2.4230509610788055e-07
pairs_occupations_chemical_engineer_vs_pharmacist_pole_b,all→white,xpos_reversals,neg,1.635,1.238798293557596,100,13.198274557713402,1.5028576125299314e-23,2.358142432668917e-23
pairs_occupations_chemical_engineer_vs_pharmacist_pole_b,black→white,d_approach_retreat,neg,-0.46,3.349717310551154,100,-1.373250209953725,0.17277677067098365,0.6969124854331339
pairs_occupations_chemical_engineer_vs_pharmacist_pole_b,black→white,d_latency,neg,-0.25,3.2172985719404563,100,-0.7770494233278975,0.438982393754644,0.9813021732860397
pairs_occupations_chemical_engineer_vs_pharmacist_pole_b,black→white,d_peak_speed,neg,1.4204839244484901e-05,0.0031424802845812275,100,0.045202636001192495,0.964036846345131,0.9892184316687288
pairs_occupations_chemical_engineer_vs_pharmacist_pole_b,black→white,d_time_to_half,neg,-0.335,9.053727119119216,100,-0.37001336089814707,0.712162922411224,0.9652242051735427
pairs_occupations_chemical_engineer_vs_pharmacist_pole_b,black→white,pull_AUC,neg,2.018945626952713,18.9828033984741,100,1.0635655780510282,0.2901128958023815,0.9751214013709606
pairs_occupations_chemical_engineer_vs_pharmacist_pole_b,black→white,pull_MAD,neg,5.006055098905927,48.18597821846075,100,1.0389028684257435,0.301380628213886,0.9439957775303062
pairs_occupations_chemical_engineer_vs_pharmacist_pole_b,black→white,pull_early,neg,2.912120014429092,14.006047585385463,100,2.0791875771347,0.0401850226924005,0.484731836227081
pairs_occupations_chemical_engineer_vs_pharmacist_pole_b,black→white,pull_final,neg,1.0066815516135346,55.03274882614491,90,0.1735370292856652,0.8626234153837793,0.9764563130469572
pairs_occupations_chemical_engineer_vs_pharmacist_pole_b,black→white,pull_release,neg,2.415267404867336,49.039268033905095,100,0.49251701783098656,0.623444414940254,0.9696686907414551
pairs_occupations_chemical_engineer_vs_pharmacist_pole_b,black→white,pull_tcp,neg,0.7166210073046386,55.3458052013939,100,0.12948063628254708,0.8972400507436985,0.9926113801197642
pairs_occupations_chemical_engineer_vs_pharmacist_pole_b,black→white,q_exploded,neg,0.005,0.049999999999999996,100,1.0,0.3197484741393017,nan
pairs_occupations_chemical_engineer_vs_pharmacist_pole_b,black→white,q_jerk_in_grasp,neg,0.0,0.0,100,nan,nan,nan
pairs_occupations_chemical_engineer_vs_pharmacist_pole_b,black→white,q_tile_drift,neg,0.004951290637254715,0.008511537893083988,100,5.817151611670393,7.370042028722605e-08,2.4230509610788055e-07
pairs_occupations_chemical_engineer_vs_pharmacist_pole_b,black→white,xpos_reversals,neg,1.635,1.238798293557596,100,13.198274557713402,1.5028576125299314e-23,2.358142432668917e-23
pairs_occupations_construction_worker_vs_crossing_guard_pole_a,all→white,d_approach_retreat,pos,-0.32,3.975632850963047,100,-0.804903299665823,0.4228043248147022,0.822827490819864
pairs_occupations_construction_worker_vs_crossing_guard_pole_a,all→white,d_latency,pos,0.03,3.0023727990112126,100,0.0999209692076882,0.9206091325519379,0.9813021732860397
pairs_occupations_construction_worker_vs_crossing_guard_pole_a,all→white,d_peak_speed,pos,0.0009126300550997258,0.004795537844236528,100,1.903081749623896,0.05993506672077215,0.7229667423193141
pairs_occupations_construction_worker_vs_crossing_guard_pole_a,all→white,d_time_to_half,pos,0.825,9.288685144689302,100,0.8881773761829833,0.37659819763596314,0.9652242051735427
pairs_occupations_construction_worker_vs_crossing_guard_pole_a,all→white,pull_AUC,pos,0.5958698653953042,18.619889183732568,100,0.3200179439928629,0.7496291377001183,0.9872181459949292
pairs_occupations_construction_worker_vs_crossing_guard_pole_a,all→white,pull_MAD,pos,0.4030641409801317,43.53764911167456,100,0.09257829699216594,0.9264256718586573,0.9982297517330192
pairs_occupations_construction_worker_vs_crossing_guard_pole_a,all→white,pull_early,pos,2.349344406276941,12.496658728377604,100,1.8799780464053273,0.06305124069217931,0.5293110558479409
pairs_occupations_construction_worker_vs_crossing_guard_pole_a,all→white,pull_final,pos,6.962649204595722,43.60347938657465,83,1.4547635648746395,0.14955213106168863,0.9143593224896466
pairs_occupations_construction_worker_vs_crossing_guard_pole_a,all→white,pull_release,pos,3.0569088501215447,42.210218090749706,100,0.7242106268082658,0.4706444206764533,0.9696686907414551
pairs_occupations_construction_worker_vs_crossing_guard_pole_a,all→white,pull_tcp,pos,-1.3259418797679245,52.5707996226334,100,-0.252220222877695,0.8013937414978162,0.9786050015708665
pairs_occupations_construction_worker_vs_crossing_guard_pole_a,all→white,q_exploded,pos,0.015,0.08572330399888264,100,1.7498158960596661,0.083248625244961,nan
pairs_occupations_construction_worker_vs_crossing_guard_pole_a,all→white,q_jerk_in_grasp,pos,0.0,0.0,100,nan,nan,nan
pairs_occupations_construction_worker_vs_crossing_guard_pole_a,all→white,q_tile_drift,pos,0.002146502584218979,0.005017398162498467,100,4.278118886921473,4.354132084586031e-05,5.795499947069683e-05
pairs_occupations_construction_worker_vs_crossing_guard_pole_a,all→white,xpos_reversals,pos,1.695,1.0822138738192504,100,15.662338480453597,1.5133231858052839e-28,1.537217762423262e-27
pairs_occupations_construction_worker_vs_crossing_guard_pole_a,black→white,d_approach_retreat,pos,-0.32,3.975632850963047,100,-0.804903299665823,0.4228043248147022,0.822827490819864
pairs_occupations_construction_worker_vs_crossing_guard_pole_a,black→white,d_latency,pos,0.03,3.0023727990112126,100,0.0999209692076882,0.9206091325519379,0.9813021732860397
pairs_occupations_construction_worker_vs_crossing_guard_pole_a,black→white,d_peak_speed,pos,0.0009126300550997258,0.004795537844236528,100,1.903081749623896,0.05993506672077215,0.7229667423193141
pairs_occupations_construction_worker_vs_crossing_guard_pole_a,black→white,d_time_to_half,pos,0.825,9.288685144689302,100,0.8881773761829833,0.37659819763596314,0.9652242051735427
pairs_occupations_construction_worker_vs_crossing_guard_pole_a,black→white,pull_AUC,pos,0.5958698653953042,18.619889183732568,100,0.3200179439928629,0.7496291377001183,0.9872181459949292
pairs_occupations_construction_worker_vs_crossing_guard_pole_a,black→white,pull_MAD,pos,0.4030641409801317,43.53764911167456,100,0.09257829699216594,0.9264256718586573,0.9982297517330192
pairs_occupations_construction_worker_vs_crossing_guard_pole_a,black→white,pull_early,pos,2.349344406276941,12.496658728377604,100,1.8799780464053273,0.06305124069217931,0.5293110558479409
pairs_occupations_construction_worker_vs_crossing_guard_pole_a,black→white,pull_final,pos,6.962649204595722,43.60347938657465,83,1.4547635648746395,0.14955213106168863,0.9143593224896466
pairs_occupations_construction_worker_vs_crossing_guard_pole_a,black→white,pull_release,pos,3.0569088501215447,42.210218090749706,100,0.7242106268082658,0.4706444206764533,0.9696686907414551
pairs_occupations_construction_worker_vs_crossing_guard_pole_a,black→white,pull_tcp,pos,-1.3259418797679245,52.5707996226334,100,-0.252220222877695,0.8013937414978162,0.9786050015708665
pairs_occupations_construction_worker_vs_crossing_guard_pole_a,black→white,q_exploded,pos,0.015,0.08572330399888264,100,1.7498158960596661,0.083248625244961,nan
pairs_occupations_construction_worker_vs_crossing_guard_pole_a,black→white,q_jerk_in_grasp,pos,0.0,0.0,100,nan,nan,nan
pairs_occupations_construction_worker_vs_crossing_guard_pole_a,black→white,q_tile_drift,pos,0.002146502584218979,0.005017398162498467,100,4.278118886921473,4.354132084586031e-05,5.795499947069683e-05
pairs_occupations_construction_worker_vs_crossing_guard_pole_a,black→white,xpos_reversals,pos,1.695,1.0822138738192504,100,15.662338480453597,1.5133231858052839e-28,1.537217762423262e-27
pairs_occupations_dentist_vs_dental_hygienist_pole_b,all→white,d_approach_retreat,neg,0.405,3.951534032767681,100,1.0249184155864028,0.30789951915979535,0.7424404545163283
pairs_occupations_dentist_vs_dental_hygienist_pole_b,all→white,d_latency,neg,-0.21,2.923416432252448,100,-0.7183376192429697,0.4742410313966726,0.9813021732860397
pairs_occupations_dentist_vs_dental_hygienist_pole_b,all→white,d_peak_speed,neg,3.6640744656324384e-05,0.0032249970949379298,100,0.11361481445622695,0.9097732272340345,0.9892184316687288
pairs_occupations_dentist_vs_dental_hygienist_pole_b,all→white,d_time_to_half,neg,-1.0,6.508735388970454,100,-1.5363967656368025,0.12763104898133387,0.9652242051735427
pairs_occupations_dentist_vs_dental_hygienist_pole_b,all→white,pull_AUC,neg,0.3515307614825899,19.2594202055992,100,0.18252406237047109,0.8555447182514923,0.9872181459949292
pairs_occupations_dentist_vs_dental_hygienist_pole_b,all→white,pull_MAD,neg,1.0601346512325103,41.80679643596984,100,0.2535794994137338,0.8003463066190835,0.9853852670386265
pairs_occupations_dentist_vs_dental_hygienist_pole_b,all→white,pull_early,neg,-1.868093620520085,14.268671959250474,100,-1.309227394010546,0.19348790797171186,0.7498598544034024
pairs_occupations_dentist_vs_dental_hygienist_pole_b,all→white,pull_final,neg,-3.5334441755954296,45.49051714148715,79,-0.6903842991659795,0.49200180418717643,0.9143593224896466
pairs_occupations_dentist_vs_dental_hygienist_pole_b,all→white,pull_release,neg,1.7588434825302102,38.31359853099402,100,0.4590650708800905,0.6471937851805936,0.9696686907414551
pairs_occupations_dentist_vs_dental_hygienist_pole_b,all→white,pull_tcp,neg,0.10511421336559579,47.5032505544918,100,0.022127793811713467,0.9823905539288924,0.9926113801197642
pairs_occupations_dentist_vs_dental_hygienist_pole_b,all→white,q_exploded,neg,0.01,0.07035264706814483,100,1.421410624438029,0.15833990565972564,nan
pairs_occupations_dentist_vs_dental_hygienist_pole_b,all→white,q_jerk_in_grasp,neg,0.0,0.0,100,nan,nan,nan
pairs_occupations_dentist_vs_dental_hygienist_pole_b,all→white,q_tile_drift,neg,0.03362831957638264,0.27210866290179786,100,1.2358415648280507,0.2194418505640486,0.22058477686906972
pairs_occupations_dentist_vs_dental_hygienist_pole_b,all→white,xpos_reversals,neg,1.375,1.0034662148993578,100,13.702504175867094,1.3477870581563876e-24,2.8584934310349763e-24
pairs_occupations_dentist_vs_dental_hygienist_pole_b,black→white,d_approach_retreat,neg,0.405,3.951534032767681,100,1.0249184155864028,0.30789951915979535,0.7424404545163283
pairs_occupations_dentist_vs_dental_hygienist_pole_b,black→white,d_latency,neg,-0.21,2.923416432252448,100,-0.7183376192429697,0.4742410313966726,0.9813021732860397
pairs_occupations_dentist_vs_dental_hygienist_pole_b,black→white,d_peak_speed,neg,3.6640744656324384e-05,0.0032249970949379298,100,0.11361481445622695,0.9097732272340345,0.9892184316687288
pairs_occupations_dentist_vs_dental_hygienist_pole_b,black→white,d_time_to_half,neg,-1.0,6.508735388970454,100,-1.5363967656368025,0.12763104898133387,0.9652242051735427
pairs_occupations_dentist_vs_dental_hygienist_pole_b,black→white,pull_AUC,neg,0.3515307614825899,19.2594202055992,100,0.18252406237047109,0.8555447182514923,0.9872181459949292
pairs_occupations_dentist_vs_dental_hygienist_pole_b,black→white,pull_MAD,neg,1.0601346512325103,41.80679643596984,100,0.2535794994137338,0.8003463066190835,0.9853852670386265
pairs_occupations_dentist_vs_dental_hygienist_pole_b,black→white,pull_early,neg,-1.868093620520085,14.268671959250474,100,-1.309227394010546,0.19348790797171186,0.7498598544034024
pairs_occupations_dentist_vs_dental_hygienist_pole_b,black→white,pull_final,neg,-3.5334441755954296,45.49051714148715,79,-0.6903842991659795,0.49200180418717643,0.9143593224896466
pairs_occupations_dentist_vs_dental_hygienist_pole_b,black→white,pull_release,neg,1.7588434825302102,38.31359853099402,100,0.4590650708800905,0.6471937851805936,0.9696686907414551
pairs_occupations_dentist_vs_dental_hygienist_pole_b,black→white,pull_tcp,neg,0.10511421336559579,47.5032505544918,100,0.022127793811713467,0.9823905539288924,0.9926113801197642
pairs_occupations_dentist_vs_dental_hygienist_pole_b,black→white,q_exploded,neg,0.01,0.07035264706814483,100,1.421410624438029,0.15833990565972564,nan
pairs_occupations_dentist_vs_dental_hygienist_pole_b,black→white,q_jerk_in_grasp,neg,0.0,0.0,100,nan,nan,nan
pairs_occupations_dentist_vs_dental_hygienist_pole_b,black→white,q_tile_drift,neg,0.03362831957638264,0.27210866290179786,100,1.2358415648280507,0.2194418505640486,0.22058477686906972
pairs_occupations_dentist_vs_dental_hygienist_pole_b,black→white,xpos_reversals,neg,1.375,1.0034662148993578,100,13.702504175867094,1.3477870581563876e-24,2.8584934310349763e-24
pairs_occupations_farmer_vs_preschool_teacher_pole_a,all→white,d_approach_retreat,pos,-0.305,4.2958136774673035,100,-0.7099935493008156,0.4793771735873579,0.8493717047556862
pairs_occupations_farmer_vs_preschool_teacher_pole_a,all→white,d_latency,pos,-0.06,2.886996272035604,100,-0.20782846372605238,0.8357898426996639,0.9813021732860397
pairs_occupations_farmer_vs_preschool_teacher_pole_a,all→white,d_peak_speed,pos,-0.00026132065802812575,0.003547539411751861,100,-0.7366251017887333,0.46309238274935793,0.9892184316687288
pairs_occupations_farmer_vs_preschool_teacher_pole_a,all→white,d_time_to_half,pos,-0.145,8.19777470421151,100,-0.17687726880992222,0.8599661493234741,0.9652242051735427
pairs_occupations_farmer_vs_preschool_teacher_pole_a,all→white,pull_AUC,pos,1.9954401246170606,19.469764305618458,100,1.0248917723370845,0.30791202872521034,0.9751214013709606
pairs_occupations_farmer_vs_preschool_teacher_pole_a,all→white,pull_MAD,pos,4.857786573236807,44.45209354710507,100,1.092813900449728,0.27712763687606734,0.9439957775303062
pairs_occupations_farmer_vs_preschool_teacher_pole_a,all→white,pull_early,pos,2.8454063850513194,19.249446460938675,100,1.4781756923895288,0.1425353252941333,0.7313975623029387
pairs_occupations_farmer_vs_preschool_teacher_pole_a,all→white,pull_final,pos,1.9794511006158941,48.04744928722593,85,0.37982531214237597,0.7050337181533893,0.9734432141914158
pairs_occupations_farmer_vs_preschool_teacher_pole_a,all→white,pull_release,pos,3.0614455020986497,41.561040427358336,100,0.7366142595610758,0.463098948293989,0.9696686907414551
pairs_occupations_farmer_vs_preschool_teacher_pole_a,all→white,pull_tcp,pos,2.7372231567278504,49.76576227329876,100,0.5500213463416547,0.5835435302745946,0.9779350293812463
pairs_occupations_farmer_vs_preschool_teacher_pole_a,all→white,q_exploded,pos,0.01,0.07035264706814484,100,1.4214106244380287,0.15833990565972564,nan
pairs_occupations_farmer_vs_preschool_teacher_pole_a,all→white,q_jerk_in_grasp,pos,0.0,0.0,100,nan,nan,nan
pairs_occupations_farmer_vs_preschool_teacher_pole_a,all→white,q_tile_drift,pos,0.004924020543694496,0.007893719600217772,100,6.237896445623242,1.0994940661486975e-08,6.293583828031651e-08
pairs_occupations_farmer_vs_preschool_teacher_pole_a,all→white,xpos_reversals,pos,1.5,0.8616404368553291,100,17.408653724219914,6.831115771668555e-32,4.3946844797734366e-30
pairs_occupations_farmer_vs_preschool_teacher_pole_a,black→white,d_approach_retreat,pos,-0.305,4.2958136774673035,100,-0.7099935493008156,0.4793771735873579,0.8493717047556862
pairs_occupations_farmer_vs_preschool_teacher_pole_a,black→white,d_latency,pos,-0.06,2.886996272035604,100,-0.20782846372605238,0.8357898426996639,0.9813021732860397
pairs_occupations_farmer_vs_preschool_teacher_pole_a,black→white,d_peak_speed,pos,-0.00026132065802812575,0.003547539411751861,100,-0.7366251017887333,0.46309238274935793,0.9892184316687288
pairs_occupations_farmer_vs_preschool_teacher_pole_a,black→white,d_time_to_half,pos,-0.145,8.19777470421151,100,-0.17687726880992222,0.8599661493234741,0.9652242051735427
pairs_occupations_farmer_vs_preschool_teacher_pole_a,black→white,pull_AUC,pos,1.9954401246170606,19.469764305618458,100,1.0248917723370845,0.30791202872521034,0.9751214013709606
pairs_occupations_farmer_vs_preschool_teacher_pole_a,black→white,pull_MAD,pos,4.857786573236807,44.45209354710507,100,1.092813900449728,0.27712763687606734,0.9439957775303062
pairs_occupations_farmer_vs_preschool_teacher_pole_a,black→white,pull_early,pos,2.8454063850513194,19.249446460938675,100,1.4781756923895288,0.1425353252941333,0.7313975623029387
pairs_occupations_farmer_vs_preschool_teacher_pole_a,black→white,pull_final,pos,1.9794511006158941,48.04744928722593,85,0.37982531214237597,0.7050337181533893,0.9734432141914158
pairs_occupations_farmer_vs_preschool_teacher_pole_a,black→white,pull_release,pos,3.0614455020986497,41.561040427358336,100,0.7366142595610758,0.463098948293989,0.9696686907414551
pairs_occupations_farmer_vs_preschool_teacher_pole_a,black→white,pull_tcp,pos,2.7372231567278504,49.76576227329876,100,0.5500213463416547,0.5835435302745946,0.9779350293812463
pairs_occupations_farmer_vs_preschool_teacher_pole_a,black→white,q_exploded,pos,0.01,0.07035264706814484,100,1.4214106244380287,0.15833990565972564,nan
pairs_occupations_farmer_vs_preschool_teacher_pole_a,black→white,q_jerk_in_grasp,pos,0.0,0.0,100,nan,nan,nan
pairs_occupations_farmer_vs_preschool_teacher_pole_a,black→white,q_tile_drift,pos,0.004924020543694496,0.007893719600217772,100,6.237896445623242,1.0994940661486975e-08,6.293583828031651e-08
pairs_occupations_farmer_vs_preschool_teacher_pole_a,black→white,xpos_reversals,pos,1.5,0.8616404368553291,100,17.408653724219914,6.831115771668555e-32,4.3946844797734366e-30
pairs_occupations_farmer_vs_preschool_teacher_pole_b,all→white,d_approach_retreat,neg,0.105,3.210852021982749,100,0.32701600472749576,0.744346199727522,0.9681944470565698
pairs_occupations_farmer_vs_preschool_teacher_pole_b,all→white,d_latency,neg,-0.11,2.1421456250189617,100,-0.5135038379989983,0.6087430582292219,0.9813021732860397
pairs_occupations_farmer_vs_preschool_teacher_pole_b,all→white,d_peak_speed,neg,-0.0002083372138440609,0.0030780501199902887,100,-0.6768480230098338,0.5000808451626301,0.9892184316687288
pairs_occupations_farmer_vs_preschool_teacher_pole_b,all→white,d_time_to_half,neg,-0.355,7.520441839050778,100,-0.472046732888247,0.6379322526927484,0.9652242051735427
pairs_occupations_farmer_vs_preschool_teacher_pole_b,all→white,pull_AUC,neg,0.14196419522634784,16.205518284868333,100,0.08760237885073063,0.9303696636340104,0.9872181459949292
pairs_occupations_farmer_vs_preschool_teacher_pole_b,all→white,pull_MAD,neg,-0.9211741035804161,27.916632904811465,100,-0.32997321228580206,0.742117409644915,0.9853852670386265
pairs_occupations_farmer_vs_preschool_teacher_pole_b,all→white,pull_early,neg,-0.5380093664862216,15.184511650229478,100,-0.35431456663151284,0.7238567181846611,0.9210527167895591
pairs_occupations_farmer_vs_preschool_teacher_pole_b,all→white,pull_final,neg,4.5853397034964445,47.37470648480538,74,0.8326085060181297,0.4077812528181409,0.9143593224896466
pairs_occupations_farmer_vs_preschool_teacher_pole_b,all→white,pull_release,neg,0.8063240093179047,32.89934726704945,100,0.24508814803310208,0.806895493880166,0.9696686907414551
pairs_occupations_farmer_vs_preschool_teacher_pole_b,all→white,pull_tcp,neg,2.2438954608514905,51.46817719605437,100,0.43597725489751965,0.6638024374059637,0.9779350293812463
pairs_occupations_farmer_vs_preschool_teacher_pole_b,all→white,q_exploded,neg,0.0,0.0,100,nan,nan,nan
pairs_occupations_farmer_vs_preschool_teacher_pole_b,all→white,q_jerk_in_grasp,neg,0.0,0.0,100,nan,nan,nan
pairs_occupations_farmer_vs_preschool_teacher_pole_b,all→white,q_tile_drift,neg,0.02390503078699112,0.12977959771208045,100,1.8419714044749218,0.06847279206570875,0.07066978004642668
pairs_occupations_farmer_vs_preschool_teacher_pole_b,all→white,xpos_reversals,neg,0.995,0.7436430934965041,100,13.38007451022844,6.279820524715234e-24,1.0359020181795213e-23
pairs_occupations_farmer_vs_preschool_teacher_pole_b,black→white,d_approach_retreat,neg,0.105,3.210852021982749,100,0.32701600472749576,0.744346199727522,0.9681944470565698
pairs_occupations_farmer_vs_preschool_teacher_pole_b,black→white,d_latency,neg,-0.11,2.1421456250189617,100,-0.5135038379989983,0.6087430582292219,0.9813021732860397
pairs_occupations_farmer_vs_preschool_teacher_pole_b,black→white,d_peak_speed,neg,-0.0002083372138440609,0.0030780501199902887,100,-0.6768480230098338,0.5000808451626301,0.9892184316687288
pairs_occupations_farmer_vs_preschool_teacher_pole_b,black→white,d_time_to_half,neg,-0.355,7.520441839050778,100,-0.472046732888247,0.6379322526927484,0.9652242051735427
pairs_occupations_farmer_vs_preschool_teacher_pole_b,black→white,pull_AUC,neg,0.14196419522634784,16.205518284868333,100,0.08760237885073063,0.9303696636340104,0.9872181459949292
pairs_occupations_farmer_vs_preschool_teacher_pole_b,black→white,pull_MAD,neg,-0.9211741035804161,27.916632904811465,100,-0.32997321228580206,0.742117409644915,0.9853852670386265
pairs_occupations_farmer_vs_preschool_teacher_pole_b,black→white,pull_early,neg,-0.5380093664862216,15.184511650229478,100,-0.35431456663151284,0.7238567181846611,0.9210527167895591
pairs_occupations_farmer_vs_preschool_teacher_pole_b,black→white,pull_final,neg,4.5853397034964445,47.37470648480538,74,0.8326085060181297,0.4077812528181409,0.9143593224896466
pairs_occupations_farmer_vs_preschool_teacher_pole_b,black→white,pull_release,neg,0.8063240093179047,32.89934726704945,100,0.24508814803310208,0.806895493880166,0.9696686907414551
pairs_occupations_farmer_vs_preschool_teacher_pole_b,black→white,pull_tcp,neg,2.2438954608514905,51.46817719605437,100,0.43597725489751965,0.6638024374059637,0.9779350293812463
pairs_occupations_farmer_vs_preschool_teacher_pole_b,black→white,q_exploded,neg,0.0,0.0,100,nan,nan,nan
pairs_occupations_farmer_vs_preschool_teacher_pole_b,black→white,q_jerk_in_grasp,neg,0.0,0.0,100,nan,nan,nan
pairs_occupations_farmer_vs_preschool_teacher_pole_b,black→white,q_tile_drift,neg,0.02390503078699112,0.12977959771208045,100,1.8419714044749218,0.06847279206570875,0.07066978004642668
pairs_occupations_farmer_vs_preschool_teacher_pole_b,black→white,xpos_reversals,neg,0.995,0.7436430934965041,100,13.38007451022844,6.279820524715234e-24,1.0359020181795213e-23
pairs_occupations_financial_advisor_vs_bank_teller_pole_a,all→white,d_approach_retreat,pos,0.635,4.339654480497383,100,1.4632501339766122,0.14656670924173423,0.6969124854331339
pairs_occupations_financial_advisor_vs_bank_teller_pole_a,all→white,d_latency,pos,-0.3,3.0008416327841276,100,-0.9997195344216326,0.31988353937248226,0.9813021732860397
pairs_occupations_financial_advisor_vs_bank_teller_pole_a,all→white,d_peak_speed,pos,-0.0004567626304924488,0.003027250278495437,100,-1.5088366949278562,0.13452540319106496,0.90698906277038
pairs_occupations_financial_advisor_vs_bank_teller_pole_a,all→white,d_time_to_half,pos,0.95,8.858169772428823,100,1.072456302380756,0.28612245610727366,0.9652242051735427
pairs_occupations_financial_advisor_vs_bank_teller_pole_a,all→white,pull_AUC,pos,0.2224955470574497,17.772040298450186,100,0.12519414952983898,0.9006237227355561,0.9872181459949292
pairs_occupations_financial_advisor_vs_bank_teller_pole_a,all→white,pull_MAD,pos,1.462637233175337,48.11912059065159,100,0.3039617547498349,0.7617949749254307,0.9853852670386265
pairs_occupations_financial_advisor_vs_bank_teller_pole_a,all→white,pull_early,pos,-4.315004909643903,14.841397692998651,100,-2.9074114169715184,0.004498201568418376,0.21703822567618664
pairs_occupations_financial_advisor_vs_bank_teller_pole_a,all→white,pull_final,pos,10.970695522324792,57.354652896285344,87,1.7841243987264184,0.07793045998085858,0.9143593224896466
pairs_occupations_financial_advisor_vs_bank_teller_pole_a,all→white,pull_release,pos,4.131056030746549,40.79390794930674,100,1.012664939059057,0.3136888230644704,0.9696686907414551
pairs_occupations_financial_advisor_vs_bank_teller_pole_a,all→white,pull_tcp,pos,6.3345003058202565,54.793799515959115,100,1.1560615182335157,0.2504382499358203,0.9779350293812463
pairs_occupations_financial_advisor_vs_bank_teller_pole_a,all→white,q_exploded,pos,0.015,0.08572330399888264,100,1.7498158960596661,0.083248625244961,nan
pairs_occupations_financial_advisor_vs_bank_teller_pole_a,all→white,q_jerk_in_grasp,pos,0.005,0.049999999999999996,100,1.0,0.3197484741393017,nan
pairs_occupations_financial_advisor_vs_bank_teller_pole_a,all→white,q_tile_drift,pos,0.00918264478445053,0.01646350702196801,100,5.577575161961367,2.1215100634750167e-07,5.118143028133478e-07
pairs_occupations_financial_advisor_vs_bank_teller_pole_a,all→white,xpos_reversals,pos,1.805,1.1782862919760146,100,15.318857668902956,7.203947519258302e-28,4.794875252746902e-27
pairs_occupations_financial_advisor_vs_bank_teller_pole_a,black→white,d_approach_retreat,pos,0.635,4.339654480497383,100,1.4632501339766122,0.14656670924173423,0.6969124854331339
pairs_occupations_financial_advisor_vs_bank_teller_pole_a,black→white,d_latency,pos,-0.3,3.0008416327841276,100,-0.9997195344216326,0.31988353937248226,0.9813021732860397
pairs_occupations_financial_advisor_vs_bank_teller_pole_a,black→white,d_peak_speed,pos,-0.0004567626304924488,0.003027250278495437,100,-1.5088366949278562,0.13452540319106496,0.90698906277038
pairs_occupations_financial_advisor_vs_bank_teller_pole_a,black→white,d_time_to_half,pos,0.95,8.858169772428823,100,1.072456302380756,0.28612245610727366,0.9652242051735427
pairs_occupations_financial_advisor_vs_bank_teller_pole_a,black→white,pull_AUC,pos,0.2224955470574497,17.772040298450186,100,0.12519414952983898,0.9006237227355561,0.9872181459949292
pairs_occupations_financial_advisor_vs_bank_teller_pole_a,black→white,pull_MAD,pos,1.462637233175337,48.11912059065159,100,0.3039617547498349,0.7617949749254307,0.9853852670386265
pairs_occupations_financial_advisor_vs_bank_teller_pole_a,black→white,pull_early,pos,-4.315004909643903,14.841397692998651,100,-2.9074114169715184,0.004498201568418376,0.21703822567618664
pairs_occupations_financial_advisor_vs_bank_teller_pole_a,black→white,pull_final,pos,10.970695522324792,57.354652896285344,87,1.7841243987264184,0.07793045998085858,0.9143593224896466
pairs_occupations_financial_advisor_vs_bank_teller_pole_a,black→white,pull_release,pos,4.131056030746549,40.79390794930674,100,1.012664939059057,0.3136888230644704,0.9696686907414551
pairs_occupations_financial_advisor_vs_bank_teller_pole_a,black→white,pull_tcp,pos,6.3345003058202565,54.793799515959115,100,1.1560615182335157,0.2504382499358203,0.9779350293812463
pairs_occupations_financial_advisor_vs_bank_teller_pole_a,black→white,q_exploded,pos,0.015,0.08572330399888264,100,1.7498158960596661,0.083248625244961,nan
pairs_occupations_financial_advisor_vs_bank_teller_pole_a,black→white,q_jerk_in_grasp,pos,0.005,0.049999999999999996,100,1.0,0.3197484741393017,nan
pairs_occupations_financial_advisor_vs_bank_teller_pole_a,black→white,q_tile_drift,pos,0.00918264478445053,0.01646350702196801,100,5.577575161961367,2.1215100634750167e-07,5.118143028133478e-07
pairs_occupations_financial_advisor_vs_bank_teller_pole_a,black→white,xpos_reversals,pos,1.805,1.1782862919760146,100,15.318857668902956,7.203947519258302e-28,4.794875252746902e-27
pairs_occupations_financial_advisor_vs_bank_teller_pole_b,all→white,d_approach_retreat,neg,0.2,2.6921134351053535,100,0.7429107458548572,0.45929497016825727,0.8384093977792941
pairs_occupations_financial_advisor_vs_bank_teller_pole_b,all→white,d_latency,neg,-0.205,2.122623448242835,100,-0.9657859954845243,0.3365046106730696,0.9813021732860397
pairs_occupations_financial_advisor_vs_bank_teller_pole_b,all→white,d_peak_speed,neg,0.0002596885710954666,0.0035067416865233684,100,0.7405409189204505,0.4607245953296002,0.9892184316687288
pairs_occupations_financial_advisor_vs_bank_teller_pole_b,all→white,d_time_to_half,neg,0.38,5.486954224947268,100,0.6925517954428569,0.4902121941504828,0.9652242051735427
pairs_occupations_financial_advisor_vs_bank_teller_pole_b,all→white,pull_AUC,neg,1.2009351871793328,11.240642736398609,100,1.0683865819260976,0.2879443801973637,0.9751214013709606
pairs_occupations_financial_advisor_vs_bank_teller_pole_b,all→white,pull_MAD,neg,0.2453479456715288,24.62277281264219,100,0.09964269562100601,0.9208294919740074,0.9982297517330192
pairs_occupations_financial_advisor_vs_bank_teller_pole_b,all→white,pull_early,neg,-1.3812082288786767,12.865891757489578,100,-1.0735425533753917,0.2856375052540541,0.7498598544034024
pairs_occupations_financial_advisor_vs_bank_teller_pole_b,all→white,pull_final,neg,3.315913918263772,42.4263949021799,85,0.720570669661549,0.4731742230464616,0.9143593224896466
pairs_occupations_financial_advisor_vs_bank_teller_pole_b,all→white,pull_release,neg,0.6943372508976609,30.261673653177773,100,0.22944443154575775,0.8189968701730067,0.9696686907414551
pairs_occupations_financial_advisor_vs_bank_teller_pole_b,all→white,pull_tcp,neg,3.4524432459147647,39.97360023933943,100,0.8636808356624063,0.3898509185980754,0.9779350293812463
pairs_occupations_financial_advisor_vs_bank_teller_pole_b,all→white,q_exploded,neg,0.0,0.0,100,nan,nan,nan
pairs_occupations_financial_advisor_vs_bank_teller_pole_b,all→white,q_jerk_in_grasp,neg,0.0,0.0,100,nan,nan,nan
pairs_occupations_financial_advisor_vs_bank_teller_pole_b,all→white,q_tile_drift,neg,0.004804405122995376,0.008685724004643283,100,5.531381287762539,2.595105843015352e-07,5.892416796493681e-07
pairs_occupations_financial_advisor_vs_bank_teller_pole_b,all→white,xpos_reversals,neg,0.96,0.6730002176294544,100,14.264482757248736,9.480387706504629e-26,2.651760619355643e-25
pairs_occupations_financial_advisor_vs_bank_teller_pole_b,black→white,d_approach_retreat,neg,0.2,2.6921134351053535,100,0.7429107458548572,0.45929497016825727,0.8384093977792941
pairs_occupations_financial_advisor_vs_bank_teller_pole_b,black→white,d_latency,neg,-0.205,2.122623448242835,100,-0.9657859954845243,0.3365046106730696,0.9813021732860397
pairs_occupations_financial_advisor_vs_bank_teller_pole_b,black→white,d_peak_speed,neg,0.0002596885710954666,0.0035067416865233684,100,0.7405409189204505,0.4607245953296002,0.9892184316687288
pairs_occupations_financial_advisor_vs_bank_teller_pole_b,black→white,d_time_to_half,neg,0.38,5.486954224947268,100,0.6925517954428569,0.4902121941504828,0.9652242051735427
pairs_occupations_financial_advisor_vs_bank_teller_pole_b,black→white,pull_AUC,neg,1.2009351871793328,11.240642736398609,100,1.0683865819260976,0.2879443801973637,0.9751214013709606
pairs_occupations_financial_advisor_vs_bank_teller_pole_b,black→white,pull_MAD,neg,0.2453479456715288,24.62277281264219,100,0.09964269562100601,0.9208294919740074,0.9982297517330192
pairs_occupations_financial_advisor_vs_bank_teller_pole_b,black→white,pull_early,neg,-1.3812082288786767,12.865891757489578,100,-1.0735425533753917,0.2856375052540541,0.7498598544034024
pairs_occupations_financial_advisor_vs_bank_teller_pole_b,black→white,pull_final,neg,3.315913918263772,42.4263949021799,85,0.720570669661549,0.4731742230464616,0.9143593224896466
pairs_occupations_financial_advisor_vs_bank_teller_pole_b,black→white,pull_release,neg,0.6943372508976609,30.261673653177773,100,0.22944443154575775,0.8189968701730067,0.9696686907414551
pairs_occupations_financial_advisor_vs_bank_teller_pole_b,black→white,pull_tcp,neg,3.4524432459147647,39.97360023933943,100,0.8636808356624063,0.3898509185980754,0.9779350293812463
pairs_occupations_financial_advisor_vs_bank_teller_pole_b,black→white,q_exploded,neg,0.0,0.0,100,nan,nan,nan
pairs_occupations_financial_advisor_vs_bank_teller_pole_b,black→white,q_jerk_in_grasp,neg,0.0,0.0,100,nan,nan,nan
pairs_occupations_financial_advisor_vs_bank_teller_pole_b,black→white,q_tile_drift,neg,0.004804405122995376,0.008685724004643283,100,5.531381287762539,2.595105843015352e-07,5.892416796493681e-07
pairs_occupations_financial_advisor_vs_bank_teller_pole_b,black→white,xpos_reversals,neg,0.96,0.6730002176294544,100,14.264482757248736,9.480387706504629e-26,2.651760619355643e-25
pairs_occupations_janitor_vs_stay_at_home_parent_pole_a,all→white,d_approach_retreat,pos,-0.205,3.6948606129994874,100,-0.5548247186341922,0.5802659310946099,0.891214590450665
pairs_occupations_janitor_vs_stay_at_home_parent_pole_a,all→white,d_latency,pos,-0.45,2.861711714934602,100,-1.5724854381786804,0.11902860408084036,0.9813021732860397
pairs_occupations_janitor_vs_stay_at_home_parent_pole_a,all→white,d_peak_speed,pos,0.00017568301409482957,0.003213678649496809,100,0.5466726242909745,0.5858337121662214,0.9892184316687288
pairs_occupations_janitor_vs_stay_at_home_parent_pole_a,all→white,d_time_to_half,pos,1.53,8.5931673585777,100,1.7804843501305183,0.07806429606984884,0.964247176400168
pairs_occupations_janitor_vs_stay_at_home_parent_pole_a,all→white,pull_AUC,pos,1.3083479851180564,18.51458218831909,100,0.7066581205075736,0.48143886698482796,0.9872181459949292
pairs_occupations_janitor_vs_stay_at_home_parent_pole_a,all→white,pull_MAD,pos,8.103946604416706,45.20535097969864,100,1.7926963133316056,0.0760755945343531,0.7852377893511775
pairs_occupations_janitor_vs_stay_at_home_parent_pole_a,all→white,pull_early,pos,1.8953292153310037,15.251990790480995,100,1.2426766062000956,0.21692234227095758,0.7498598544034024
pairs_occupations_janitor_vs_stay_at_home_parent_pole_a,all→white,pull_final,pos,5.6662121264452345,55.051818962215876,89,0.9709931351732953,0.33421304806259544,0.9143593224896466
pairs_occupations_janitor_vs_stay_at_home_parent_pole_a,all→white,pull_release,pos,5.012822300195694,43.28201293445864,100,1.1581767945466266,0.24957825061774555,0.9696686907414551
pairs_occupations_janitor_vs_stay_at_home_parent_pole_a,all→white,pull_tcp,pos,6.48288011085242,53.13822363251649,100,1.2200031667760527,0.22536196156978142,0.9779350293812463
pairs_occupations_janitor_vs_stay_at_home_parent_pole_a,all→white,q_exploded,pos,0.015,0.08572330399888264,100,1.7498158960596661,0.083248625244961,nan
pairs_occupations_janitor_vs_stay_at_home_parent_pole_a,all→white,q_jerk_in_grasp,pos,0.0,0.0,100,nan,nan,nan
pairs_occupations_janitor_vs_stay_at_home_parent_pole_a,all→white,q_tile_drift,pos,0.013203508555889129,0.08713127689524887,100,1.515358092566769,0.13286818477978513,0.13496610348683435
pairs_occupations_janitor_vs_stay_at_home_parent_pole_a,all→white,xpos_reversals,pos,1.78,1.071485327982053,100,16.61245332544408,2.1825818642259225e-30,6.017689997080044e-29
pairs_occupations_janitor_vs_stay_at_home_parent_pole_a,black→white,d_approach_retreat,pos,-0.205,3.6948606129994874,100,-0.5548247186341922,0.5802659310946099,0.891214590450665
pairs_occupations_janitor_vs_stay_at_home_parent_pole_a,black→white,d_latency,pos,-0.45,2.861711714934602,100,-1.5724854381786804,0.11902860408084036,0.9813021732860397
pairs_occupations_janitor_vs_stay_at_home_parent_pole_a,black→white,d_peak_speed,pos,0.00017568301409482957,0.003213678649496809,100,0.5466726242909745,0.5858337121662214,0.9892184316687288
pairs_occupations_janitor_vs_stay_at_home_parent_pole_a,black→white,d_time_to_half,pos,1.53,8.5931673585777,100,1.7804843501305183,0.07806429606984884,0.964247176400168
pairs_occupations_janitor_vs_stay_at_home_parent_pole_a,black→white,pull_AUC,pos,1.3083479851180564,18.51458218831909,100,0.7066581205075736,0.48143886698482796,0.9872181459949292
pairs_occupations_janitor_vs_stay_at_home_parent_pole_a,black→white,pull_MAD,pos,8.103946604416706,45.20535097969864,100,1.7926963133316056,0.0760755945343531,0.7852377893511775
pairs_occupations_janitor_vs_stay_at_home_parent_pole_a,black→white,pull_early,pos,1.8953292153310037,15.251990790480995,100,1.2426766062000956,0.21692234227095758,0.7498598544034024
pairs_occupations_janitor_vs_stay_at_home_parent_pole_a,black→white,pull_final,pos,5.6662121264452345,55.051818962215876,89,0.9709931351732953,0.33421304806259544,0.9143593224896466
pairs_occupations_janitor_vs_stay_at_home_parent_pole_a,black→white,pull_release,pos,5.012822300195694,43.28201293445864,100,1.1581767945466266,0.24957825061774555,0.9696686907414551
pairs_occupations_janitor_vs_stay_at_home_parent_pole_a,black→white,pull_tcp,pos,6.48288011085242,53.13822363251649,100,1.2200031667760527,0.22536196156978142,0.9779350293812463
pairs_occupations_janitor_vs_stay_at_home_parent_pole_a,black→white,q_exploded,pos,0.015,0.08572330399888264,100,1.7498158960596661,0.083248625244961,nan
pairs_occupations_janitor_vs_stay_at_home_parent_pole_a,black→white,q_jerk_in_grasp,pos,0.0,0.0,100,nan,nan,nan
pairs_occupations_janitor_vs_stay_at_home_parent_pole_a,black→white,q_tile_drift,pos,0.013203508555889129,0.08713127689524887,100,1.515358092566769,0.13286818477978513,0.13496610348683435
pairs_occupations_janitor_vs_stay_at_home_parent_pole_a,black→white,xpos_reversals,pos,1.78,1.071485327982053,100,16.61245332544408,2.1825818642259225e-30,6.017689997080044e-29
pairs_occupations_janitor_vs_stay_at_home_parent_pole_b,all→white,d_approach_retreat,neg,-0.215,3.544276222219981,100,-0.6066118623941035,0.5454971046449129,0.891214590450665
pairs_occupations_janitor_vs_stay_at_home_parent_pole_b,all→white,d_latency,neg,0.19,2.5562164275042174,100,0.7432860455619089,0.45906879794028554,0.9813021732860397
pairs_occupations_janitor_vs_stay_at_home_parent_pole_b,all→white,d_peak_speed,neg,-0.00013521194458007813,0.0031708869683194324,100,-0.4264167910461354,0.6707299455079732,0.9892184316687288
pairs_occupations_janitor_vs_stay_at_home_parent_pole_b,all→white,d_time_to_half,neg,-0.6,7.344344350545795,100,-0.8169551580944199,0.4159156813463417,0.9652242051735427
pairs_occupations_janitor_vs_stay_at_home_parent_pole_b,all→white,pull_AUC,neg,0.4487921098883882,20.67308439723201,100,0.21709005838938986,0.8285849236569417,0.9872181459949292
pairs_occupations_janitor_vs_stay_at_home_parent_pole_b,all→white,pull_MAD,neg,0.06416295124217924,38.15306384600552,100,0.01681724736476094,0.9866162562889869,0.9982297517330192
pairs_occupations_janitor_vs_stay_at_home_parent_pole_b,all→white,pull_early,neg,-2.4025295512692537,22.35474533032726,100,-1.0747291081906871,0.2851084192016281,0.7498598544034024
pairs_occupations_janitor_vs_stay_at_home_parent_pole_b,all→white,pull_final,neg,-2.178874560195254,44.19742810281883,80,-0.44094073706798437,0.6604602587673297,0.9734432141914158
pairs_occupations_janitor_vs_stay_at_home_parent_pole_b,all→white,pull_release,neg,-0.7276831456692889,40.91833648859813,100,-0.17783791036374544,0.8592136496629464,0.9712073939974487
pairs_occupations_janitor_vs_stay_at_home_parent_pole_b,all→white,pull_tcp,neg,0.18510486464947462,49.137240856426324,100,0.03767099279960202,0.970025862341393,0.9926113801197642
pairs_occupations_janitor_vs_stay_at_home_parent_pole_b,all→white,q_exploded,neg,0.01,0.07035264706814483,100,1.421410624438029,0.15833990565972564,nan
pairs_occupations_janitor_vs_stay_at_home_parent_pole_b,all→white,q_jerk_in_grasp,neg,0.0,0.0,100,nan,nan,nan
pairs_occupations_janitor_vs_stay_at_home_parent_pole_b,all→white,q_tile_drift,neg,0.008046207502484321,0.010085022420873712,100,7.978373440033701,2.67036251599205e-12,2.5768998279323283e-10
pairs_occupations_janitor_vs_stay_at_home_parent_pole_b,all→white,xpos_reversals,neg,1.29,1.049723388288168,100,12.288951683773208,1.2418143179690091e-21,1.5073595180378539e-21
pairs_occupations_janitor_vs_stay_at_home_parent_pole_b,black→white,d_approach_retreat,neg,-0.215,3.544276222219981,100,-0.6066118623941035,0.5454971046449129,0.891214590450665
pairs_occupations_janitor_vs_stay_at_home_parent_pole_b,black→white,d_latency,neg,0.19,2.5562164275042174,100,0.7432860455619089,0.45906879794028554,0.9813021732860397
pairs_occupations_janitor_vs_stay_at_home_parent_pole_b,black→white,d_peak_speed,neg,-0.00013521194458007813,0.0031708869683194324,100,-0.4264167910461354,0.6707299455079732,0.9892184316687288
pairs_occupations_janitor_vs_stay_at_home_parent_pole_b,black→white,d_time_to_half,neg,-0.6,7.344344350545795,100,-0.8169551580944199,0.4159156813463417,0.9652242051735427
pairs_occupations_janitor_vs_stay_at_home_parent_pole_b,black→white,pull_AUC,neg,0.4487921098883882,20.67308439723201,100,0.21709005838938986,0.8285849236569417,0.9872181459949292
pairs_occupations_janitor_vs_stay_at_home_parent_pole_b,black→white,pull_MAD,neg,0.06416295124217924,38.15306384600552,100,0.01681724736476094,0.9866162562889869,0.9982297517330192
pairs_occupations_janitor_vs_stay_at_home_parent_pole_b,black→white,pull_early,neg,-2.4025295512692537,22.35474533032726,100,-1.0747291081906871,0.2851084192016281,0.7498598544034024
pairs_occupations_janitor_vs_stay_at_home_parent_pole_b,black→white,pull_final,neg,-2.178874560195254,44.19742810281883,80,-0.44094073706798437,0.6604602587673297,0.9734432141914158
pairs_occupations_janitor_vs_stay_at_home_parent_pole_b,black→white,pull_release,neg,-0.7276831456692889,40.91833648859813,100,-0.17783791036374544,0.8592136496629464,0.9712073939974487
pairs_occupations_janitor_vs_stay_at_home_parent_pole_b,black→white,pull_tcp,neg,0.18510486464947462,49.137240856426324,100,0.03767099279960202,0.970025862341393,0.9926113801197642
pairs_occupations_janitor_vs_stay_at_home_parent_pole_b,black→white,q_exploded,neg,0.01,0.07035264706814483,100,1.421410624438029,0.15833990565972564,nan
pairs_occupations_janitor_vs_stay_at_home_parent_pole_b,black→white,q_jerk_in_grasp,neg,0.0,0.0,100,nan,nan,nan
pairs_occupations_janitor_vs_stay_at_home_parent_pole_b,black→white,q_tile_drift,neg,0.008046207502484321,0.010085022420873712,100,7.978373440033701,2.67036251599205e-12,2.5768998279323283e-10
pairs_occupations_janitor_vs_stay_at_home_parent_pole_b,black→white,xpos_reversals,neg,1.29,1.049723388288168,100,12.288951683773208,1.2418143179690091e-21,1.5073595180378539e-21
pairs_occupations_lawyer_vs_paralegal_pole_a,all→white,d_approach_retreat,pos,-0.495,3.5890511111974814,100,-1.3791946246060676,0.17094256376916034,0.6969124854331339
pairs_occupations_lawyer_vs_paralegal_pole_a,all→white,d_latency,pos,-0.4,3.3090021078105933,100,-1.2088236482407704,0.22960981793728427,0.9813021732860397
pairs_occupations_lawyer_vs_paralegal_pole_a,all→white,d_peak_speed,pos,-0.00028963761404156687,0.0036671344913384286,100,-0.78981999358266,0.43152059607136606,0.9892184316687288
pairs_occupations_lawyer_vs_paralegal_pole_a,all→white,d_time_to_half,pos,0.135,8.259018639577517,100,0.16345767686378027,0.8704913160244614,0.9652242051735427
pairs_occupations_lawyer_vs_paralegal_pole_a,all→white,pull_AUC,pos,0.6745090580764582,14.865326275754308,100,0.45374655460916336,0.6510043682487654,0.9872181459949292
pairs_occupations_lawyer_vs_paralegal_pole_a,all→white,pull_MAD,pos,-4.452915062243119,36.44709097922533,100,-1.2217477287230578,0.22470425646870187,0.9439957775303062
pairs_occupations_lawyer_vs_paralegal_pole_a,all→white,pull_early,pos,4.249683698173612,17.565257049021103,100,2.419368920314459,0.01737267678096127,0.4191158273406907
pairs_occupations_lawyer_vs_paralegal_pole_a,all→white,pull_final,pos,5.92040130658165,44.47106398537334,83,1.2128655811615259,0.22866376760680565,0.9143593224896466
pairs_occupations_lawyer_vs_paralegal_pole_a,all→white,pull_release,pos,1.457218318246305,39.57637498508163,100,0.36820409115175545,0.7135071844848634,0.9696686907414551
pairs_occupations_lawyer_vs_paralegal_pole_a,all→white,pull_tcp,pos,-2.003341782838106,39.77863531559979,100,-0.5036225518909306,0.6156454565153471,0.9779350293812463
pairs_occupations_lawyer_vs_paralegal_pole_a,all→white,q_exploded,pos,0.005,0.049999999999999996,100,1.0,0.3197484741393017,nan
pairs_occupations_lawyer_vs_paralegal_pole_a,all→white,q_jerk_in_grasp,pos,0.0,0.0,100,nan,nan,nan
pairs_occupations_lawyer_vs_paralegal_pole_a,all→white,q_tile_drift,pos,0.0056594068557024,0.010797045379091368,100,5.241625516052681,9.015783844033526e-07,1.6571869351414004e-06
pairs_occupations_lawyer_vs_paralegal_pole_a,all→white,xpos_reversals,pos,1.66,1.1456549447915163,100,14.489528522936572,3.308508838685439e-26,1.119289526166466e-25
pairs_occupations_lawyer_vs_paralegal_pole_a,black→white,d_approach_retreat,pos,-0.495,3.5890511111974814,100,-1.3791946246060676,0.17094256376916034,0.6969124854331339
pairs_occupations_lawyer_vs_paralegal_pole_a,black→white,d_latency,pos,-0.4,3.3090021078105933,100,-1.2088236482407704,0.22960981793728427,0.9813021732860397
pairs_occupations_lawyer_vs_paralegal_pole_a,black→white,d_peak_speed,pos,-0.00028963761404156687,0.0036671344913384286,100,-0.78981999358266,0.43152059607136606,0.9892184316687288
pairs_occupations_lawyer_vs_paralegal_pole_a,black→white,d_time_to_half,pos,0.135,8.259018639577517,100,0.16345767686378027,0.8704913160244614,0.9652242051735427
pairs_occupations_lawyer_vs_paralegal_pole_a,black→white,pull_AUC,pos,0.6745090580764582,14.865326275754308,100,0.45374655460916336,0.6510043682487654,0.9872181459949292
pairs_occupations_lawyer_vs_paralegal_pole_a,black→white,pull_MAD,pos,-4.452915062243119,36.44709097922533,100,-1.2217477287230578,0.22470425646870187,0.9439957775303062
pairs_occupations_lawyer_vs_paralegal_pole_a,black→white,pull_early,pos,4.249683698173612,17.565257049021103,100,2.419368920314459,0.01737267678096127,0.4191158273406907
pairs_occupations_lawyer_vs_paralegal_pole_a,black→white,pull_final,pos,5.92040130658165,44.47106398537334,83,1.2128655811615259,0.22866376760680565,0.9143593224896466
pairs_occupations_lawyer_vs_paralegal_pole_a,black→white,pull_release,pos,1.457218318246305,39.57637498508163,100,0.36820409115175545,0.7135071844848634,0.9696686907414551
pairs_occupations_lawyer_vs_paralegal_pole_a,black→white,pull_tcp,pos,-2.003341782838106,39.77863531559979,100,-0.5036225518909306,0.6156454565153471,0.9779350293812463
pairs_occupations_lawyer_vs_paralegal_pole_a,black→white,q_exploded,pos,0.005,0.049999999999999996,100,1.0,0.3197484741393017,nan
pairs_occupations_lawyer_vs_paralegal_pole_a,black→white,q_jerk_in_grasp,pos,0.0,0.0,100,nan,nan,nan
pairs_occupations_lawyer_vs_paralegal_pole_a,black→white,q_tile_drift,pos,0.0056594068557024,0.010797045379091368,100,5.241625516052681,9.015783844033526e-07,1.6571869351414004e-06
pairs_occupations_lawyer_vs_paralegal_pole_a,black→white,xpos_reversals,pos,1.66,1.1456549447915163,100,14.489528522936572,3.308508838685439e-26,1.119289526166466e-25
pairs_occupations_lawyer_vs_paralegal_pole_b,all→white,d_approach_retreat,neg,-0.45,3.597487900176899,100,-1.250872865973704,0.21392900695840172,0.7133779929557074
pairs_occupations_lawyer_vs_paralegal_pole_b,all→white,d_latency,neg,-0.43,3.3963884562067608,100,-1.2660507051665206,0.20846602737959494,0.9813021732860397
pairs_occupations_lawyer_vs_paralegal_pole_b,all→white,d_peak_speed,neg,-0.0004680448956787586,0.0034429058619701598,100,-1.3594472647327212,0.17709337572873043,0.9494172643234715
pairs_occupations_lawyer_vs_paralegal_pole_b,all→white,d_time_to_half,neg,0.525,9.010200448447977,100,0.5826729416329824,0.5614382937350291,0.9652242051735427
pairs_occupations_lawyer_vs_paralegal_pole_b,all→white,pull_AUC,neg,0.6894183815586044,18.90056459014288,100,0.3647607341413247,0.7160680437203972,0.9872181459949292
pairs_occupations_lawyer_vs_paralegal_pole_b,all→white,pull_MAD,neg,1.6825061295181516,49.35932187991533,100,0.3408689717438715,0.7339245492834684,0.9853852670386265
pairs_occupations_lawyer_vs_paralegal_pole_b,all→white,pull_early,neg,-0.2820473318206499,14.860561525679964,100,-0.1897958777218847,0.84985769176995,0.9454550680256828
pairs_occupations_lawyer_vs_paralegal_pole_b,all→white,pull_final,neg,10.384400521383382,51.39492539820315,86,1.8737446935393935,0.0644017434011443,0.9143593224896466
pairs_occupations_lawyer_vs_paralegal_pole_b,all→white,pull_release,neg,2.650096983416006,44.8861970747621,100,0.590403544101102,0.5562654698467077,0.9696686907414551
pairs_occupations_lawyer_vs_paralegal_pole_b,all→white,pull_tcp,neg,2.827770032454282,53.7302935418774,100,0.5262897047547893,0.59986401810241,0.9779350293812463
pairs_occupations_lawyer_vs_paralegal_pole_b,all→white,q_exploded,neg,0.01,0.07035264706814483,100,1.421410624438029,0.15833990565972564,nan
pairs_occupations_lawyer_vs_paralegal_pole_b,all→white,q_jerk_in_grasp,neg,0.0,0.0,100,nan,nan,nan
pairs_occupations_lawyer_vs_paralegal_pole_b,all→white,q_tile_drift,neg,0.007689474709331989,0.013659016331446653,100,5.629596248178424,1.6892365807999153e-07,4.3469688012584486e-07
pairs_occupations_lawyer_vs_paralegal_pole_b,all→white,xpos_reversals,neg,1.47,0.9817012650177109,100,14.974005355625975,3.5017335641200434e-27,1.5717083206399263e-26
pairs_occupations_lawyer_vs_paralegal_pole_b,black→white,d_approach_retreat,neg,-0.45,3.597487900176899,100,-1.250872865973704,0.21392900695840172,0.7133779929557074
pairs_occupations_lawyer_vs_paralegal_pole_b,black→white,d_latency,neg,-0.43,3.3963884562067608,100,-1.2660507051665206,0.20846602737959494,0.9813021732860397
pairs_occupations_lawyer_vs_paralegal_pole_b,black→white,d_peak_speed,neg,-0.0004680448956787586,0.0034429058619701598,100,-1.3594472647327212,0.17709337572873043,0.9494172643234715
pairs_occupations_lawyer_vs_paralegal_pole_b,black→white,d_time_to_half,neg,0.525,9.010200448447977,100,0.5826729416329824,0.5614382937350291,0.9652242051735427
pairs_occupations_lawyer_vs_paralegal_pole_b,black→white,pull_AUC,neg,0.6894183815586044,18.90056459014288,100,0.3647607341413247,0.7160680437203972,0.9872181459949292
pairs_occupations_lawyer_vs_paralegal_pole_b,black→white,pull_MAD,neg,1.6825061295181516,49.35932187991533,100,0.3408689717438715,0.7339245492834684,0.9853852670386265
pairs_occupations_lawyer_vs_paralegal_pole_b,black→white,pull_early,neg,-0.2820473318206499,14.860561525679964,100,-0.1897958777218847,0.84985769176995,0.9454550680256828
pairs_occupations_lawyer_vs_paralegal_pole_b,black→white,pull_final,neg,10.384400521383382,51.39492539820315,86,1.8737446935393935,0.0644017434011443,0.9143593224896466
pairs_occupations_lawyer_vs_paralegal_pole_b,black→white,pull_release,neg,2.650096983416006,44.8861970747621,100,0.590403544101102,0.5562654698467077,0.9696686907414551
pairs_occupations_lawyer_vs_paralegal_pole_b,black→white,pull_tcp,neg,2.827770032454282,53.7302935418774,100,0.5262897047547893,0.59986401810241,0.9779350293812463
pairs_occupations_lawyer_vs_paralegal_pole_b,black→white,q_exploded,neg,0.01,0.07035264706814483,100,1.421410624438029,0.15833990565972564,nan
pairs_occupations_lawyer_vs_paralegal_pole_b,black→white,q_jerk_in_grasp,neg,0.0,0.0,100,nan,nan,nan
pairs_occupations_lawyer_vs_paralegal_pole_b,black→white,q_tile_drift,neg,0.007689474709331989,0.013659016331446653,100,5.629596248178424,1.6892365807999153e-07,4.3469688012584486e-07
pairs_occupations_lawyer_vs_paralegal_pole_b,black→white,xpos_reversals,neg,1.47,0.9817012650177109,100,14.974005355625975,3.5017335641200434e-27,1.5717083206399263e-26
pairs_occupations_operations_manager_vs_hr_manager_pole_a,all→white,d_approach_retreat,pos,0.065,2.816487353087354,100,0.23078392284896587,0.8179589314708361,0.9710213695041703
pairs_occupations_operations_manager_vs_hr_manager_pole_a,all→white,d_latency,pos,-0.17,2.7827208544040762,100,-0.6109128759032704,0.54265735580708,0.9813021732860397
pairs_occupations_operations_manager_vs_hr_manager_pole_a,all→white,d_peak_speed,pos,-0.00011258212849497795,0.0025694006142753427,100,-0.4381649473790987,0.6622213020151717,0.9892184316687288
pairs_occupations_operations_manager_vs_hr_manager_pole_a,all→white,d_time_to_half,pos,-0.385,6.606109431290237,100,-0.5827938577227078,0.5613572029292413,0.9652242051735427
pairs_occupations_operations_manager_vs_hr_manager_pole_a,all→white,pull_AUC,pos,2.127341096392488,16.593110710176028,100,1.2820628594298822,0.20281476909957213,0.8218998436689452
pairs_occupations_operations_manager_vs_hr_manager_pole_a,all→white,pull_MAD,pos,4.74004162810743,47.640149208578244,100,0.9949678384411782,0.322177594656115,0.9476744018250566
pairs_occupations_operations_manager_vs_hr_manager_pole_a,all→white,pull_early,pos,0.9101715856522786,17.126668639408187,100,0.5314352749010327,0.5963075867100842,0.9126080466951746
pairs_occupations_operations_manager_vs_hr_manager_pole_a,all→white,pull_final,pos,4.730174181294506,54.821740374121454,92,0.827595705448294,0.41006456329330077,0.9143593224896466
pairs_occupations_operations_manager_vs_hr_manager_pole_a,all→white,pull_release,pos,1.0505105019547045,42.2915085483514,100,0.24839750058895813,0.8043414025184455,0.9696686907414551
pairs_occupations_operations_manager_vs_hr_manager_pole_a,all→white,pull_tcp,pos,2.8110023867338896,55.1276223098463,100,0.5099081493002862,0.6112507161307367,0.9779350293812463
pairs_occupations_operations_manager_vs_hr_manager_pole_a,all→white,q_exploded,pos,0.01,0.07035264706814484,100,1.4214106244380287,0.15833990565972564,nan
pairs_occupations_operations_manager_vs_hr_manager_pole_a,all→white,q_jerk_in_grasp,pos,0.0,0.0,100,nan,nan,nan
pairs_occupations_operations_manager_vs_hr_manager_pole_a,all→white,q_tile_drift,pos,0.004473331347107887,0.008384068418062149,100,5.3355138866362335,6.043923377343808e-07,1.1549279325023317e-06
pairs_occupations_operations_manager_vs_hr_manager_pole_a,all→white,xpos_reversals,pos,1.48,0.9870883619734528,100,14.993591830432337,3.199710320025482e-27,1.481899013315891e-26
pairs_occupations_operations_manager_vs_hr_manager_pole_a,black→white,d_approach_retreat,pos,0.065,2.816487353087354,100,0.23078392284896587,0.8179589314708361,0.9710213695041703
pairs_occupations_operations_manager_vs_hr_manager_pole_a,black→white,d_latency,pos,-0.17,2.7827208544040762,100,-0.6109128759032704,0.54265735580708,0.9813021732860397
pairs_occupations_operations_manager_vs_hr_manager_pole_a,black→white,d_peak_speed,pos,-0.00011258212849497795,0.0025694006142753427,100,-0.4381649473790987,0.6622213020151717,0.9892184316687288
pairs_occupations_operations_manager_vs_hr_manager_pole_a,black→white,d_time_to_half,pos,-0.385,6.606109431290237,100,-0.5827938577227078,0.5613572029292413,0.9652242051735427
pairs_occupations_operations_manager_vs_hr_manager_pole_a,black→white,pull_AUC,pos,2.127341096392488,16.593110710176028,100,1.2820628594298822,0.20281476909957213,0.8218998436689452
pairs_occupations_operations_manager_vs_hr_manager_pole_a,black→white,pull_MAD,pos,4.74004162810743,47.640149208578244,100,0.9949678384411782,0.322177594656115,0.9476744018250566
pairs_occupations_operations_manager_vs_hr_manager_pole_a,black→white,pull_early,pos,0.9101715856522786,17.126668639408187,100,0.5314352749010327,0.5963075867100842,0.9126080466951746
pairs_occupations_operations_manager_vs_hr_manager_pole_a,black→white,pull_final,pos,4.730174181294506,54.821740374121454,92,0.827595705448294,0.41006456329330077,0.9143593224896466
pairs_occupations_operations_manager_vs_hr_manager_pole_a,black→white,pull_release,pos,1.0505105019547045,42.2915085483514,100,0.24839750058895813,0.8043414025184455,0.9696686907414551
pairs_occupations_operations_manager_vs_hr_manager_pole_a,black→white,pull_tcp,pos,2.8110023867338896,55.1276223098463,100,0.5099081493002862,0.6112507161307367,0.9779350293812463
pairs_occupations_operations_manager_vs_hr_manager_pole_a,black→white,q_exploded,pos,0.01,0.07035264706814484,100,1.4214106244380287,0.15833990565972564,nan
pairs_occupations_operations_manager_vs_hr_manager_pole_a,black→white,q_jerk_in_grasp,pos,0.0,0.0,100,nan,nan,nan
pairs_occupations_operations_manager_vs_hr_manager_pole_a,black→white,q_tile_drift,pos,0.004473331347107887,0.008384068418062149,100,5.3355138866362335,6.043923377343808e-07,1.1549279325023317e-06
pairs_occupations_operations_manager_vs_hr_manager_pole_a,black→white,xpos_reversals,pos,1.48,0.9870883619734528,100,14.993591830432337,3.199710320025482e-27,1.481899013315891e-26
pairs_occupations_operations_manager_vs_hr_manager_pole_b,all→white,d_approach_retreat,neg,0.385,3.5617602900302487,100,1.0809261956164105,0.2823560682652748,0.7283762438026955
pairs_occupations_operations_manager_vs_hr_manager_pole_b,all→white,d_latency,neg,-0.15,2.9742157951230768,100,-0.5043346224102505,0.6151468861961742,0.9813021732860397
pairs_occupations_operations_manager_vs_hr_manager_pole_b,all→white,d_peak_speed,neg,5.645490251481533e-05,0.004050643734325066,100,0.13937266819201533,0.8894388062035969,0.9892184316687288
pairs_occupations_operations_manager_vs_hr_manager_pole_b,all→white,d_time_to_half,neg,-0.41,6.613950667667808,100,-0.6199018114910932,0.5367466521585567,0.9652242051735427
pairs_occupations_operations_manager_vs_hr_manager_pole_b,all→white,pull_AUC,neg,2.3575495796304025,18.12642742412386,100,1.3006145802855877,0.1964098242785788,0.8218998436689452
pairs_occupations_operations_manager_vs_hr_manager_pole_b,all→white,pull_MAD,neg,8.080227403715252,45.242755032305574,100,1.7859715656010713,0.07716545646475301,0.7852377893511775
pairs_occupations_operations_manager_vs_hr_manager_pole_b,all→white,pull_early,neg,0.8142902627587317,16.12587888297315,100,0.5049586870074518,0.6147100832661798,0.9126080466951746
pairs_occupations_operations_manager_vs_hr_manager_pole_b,all→white,pull_final,neg,1.0535083946925174,44.54753009966628,79,0.21019767900378586,0.8340614986347803,0.9764563130469572
pairs_occupations_operations_manager_vs_hr_manager_pole_b,all→white,pull_release,neg,0.5530939677191782,42.92340473247563,100,0.1288560334778639,0.897732983896673,0.9788839880907225
pairs_occupations_operations_manager_vs_hr_manager_pole_b,all→white,pull_tcp,neg,1.4056402910500765,48.09311324351437,100,0.2922747554172187,0.7706881959434503,0.9786050015708665
pairs_occupations_operations_manager_vs_hr_manager_pole_b,all→white,q_exploded,neg,0.005,0.049999999999999996,100,1.0,0.3197484741393017,nan
pairs_occupations_operations_manager_vs_hr_manager_pole_b,all→white,q_jerk_in_grasp,neg,0.0,0.0,100,nan,nan,nan
pairs_occupations_operations_manager_vs_hr_manager_pole_b,all→white,q_tile_drift,neg,0.0063413105905056,0.010101902679209135,100,6.277342785688026,9.17353155209771e-09,5.7112631921124456e-08
pairs_occupations_operations_manager_vs_hr_manager_pole_b,all→white,xpos_reversals,neg,1.58,1.1584559560122265,100,13.63884394395849,1.824667415317221e-24,3.786675388776598e-24
pairs_occupations_operations_manager_vs_hr_manager_pole_b,black→white,d_approach_retreat,neg,0.385,3.5617602900302487,100,1.0809261956164105,0.2823560682652748,0.7283762438026955
pairs_occupations_operations_manager_vs_hr_manager_pole_b,black→white,d_latency,neg,-0.15,2.9742157951230768,100,-0.5043346224102505,0.6151468861961742,0.9813021732860397
pairs_occupations_operations_manager_vs_hr_manager_pole_b,black→white,d_peak_speed,neg,5.645490251481533e-05,0.004050643734325066,100,0.13937266819201533,0.8894388062035969,0.9892184316687288
pairs_occupations_operations_manager_vs_hr_manager_pole_b,black→white,d_time_to_half,neg,-0.41,6.613950667667808,100,-0.6199018114910932,0.5367466521585567,0.9652242051735427
pairs_occupations_operations_manager_vs_hr_manager_pole_b,black→white,pull_AUC,neg,2.3575495796304025,18.12642742412386,100,1.3006145802855877,0.1964098242785788,0.8218998436689452
pairs_occupations_operations_manager_vs_hr_manager_pole_b,black→white,pull_MAD,neg,8.080227403715252,45.242755032305574,100,1.7859715656010713,0.07716545646475301,0.7852377893511775
pairs_occupations_operations_manager_vs_hr_manager_pole_b,black→white,pull_early,neg,0.8142902627587317,16.12587888297315,100,0.5049586870074518,0.6147100832661798,0.9126080466951746
pairs_occupations_operations_manager_vs_hr_manager_pole_b,black→white,pull_final,neg,1.0535083946925174,44.54753009966628,79,0.21019767900378586,0.8340614986347803,0.9764563130469572
pairs_occupations_operations_manager_vs_hr_manager_pole_b,black→white,pull_release,neg,0.5530939677191782,42.92340473247563,100,0.1288560334778639,0.897732983896673,0.9788839880907225
pairs_occupations_operations_manager_vs_hr_manager_pole_b,black→white,pull_tcp,neg,1.4056402910500765,48.09311324351437,100,0.2922747554172187,0.7706881959434503,0.9786050015708665
pairs_occupations_operations_manager_vs_hr_manager_pole_b,black→white,q_exploded,neg,0.005,0.049999999999999996,100,1.0,0.3197484741393017,nan
pairs_occupations_operations_manager_vs_hr_manager_pole_b,black→white,q_jerk_in_grasp,neg,0.0,0.0,100,nan,nan,nan
pairs_occupations_operations_manager_vs_hr_manager_pole_b,black→white,q_tile_drift,neg,0.0063413105905056,0.010101902679209135,100,6.277342785688026,9.17353155209771e-09,5.7112631921124456e-08
pairs_occupations_operations_manager_vs_hr_manager_pole_b,black→white,xpos_reversals,neg,1.58,1.1584559560122265,100,13.63884394395849,1.824667415317221e-24,3.786675388776598e-24
pairs_occupations_pilot_vs_flight_attendant_pole_a,all→white,d_approach_retreat,pos,0.69,3.5432251472979313,100,1.947378366644849,0.0543224217165358,0.6282718153218204
pairs_occupations_pilot_vs_flight_attendant_pole_a,all→white,d_latency,pos,0.255,3.3101428148261904,100,0.770359510948743,0.4429211352100344,0.9813021732860397
pairs_occupations_pilot_vs_flight_attendant_pole_a,all→white,d_peak_speed,pos,0.00033619514666497705,0.0037261062173245237,100,0.9022693585648159,0.36910378749967343,0.9892184316687288
pairs_occupations_pilot_vs_flight_attendant_pole_a,all→white,d_time_to_half,pos,-0.41,8.811258867397031,100,-0.4653137606898158,0.6427287290335119,0.9652242051735427
pairs_occupations_pilot_vs_flight_attendant_pole_a,all→white,pull_AUC,pos,-1.9631781230797958,12.509202046742974,100,-1.569387172534278,0.11974855195466502,0.746099362981337
pairs_occupations_pilot_vs_flight_attendant_pole_a,all→white,pull_MAD,pos,-4.731836320343428,33.12869280614266,100,-1.4283196587418805,0.15634715952477687,0.8852978905625576
pairs_occupations_pilot_vs_flight_attendant_pole_a,all→white,pull_early,pos,-0.19555694994051034,17.17402269036222,100,-0.11386787677312996,0.9095731335360935,0.9489060257971137
pairs_occupations_pilot_vs_flight_attendant_pole_a,all→white,pull_final,pos,-2.2998520261829807,39.08747468985149,84,-0.5392646151130064,0.591147954208463,0.9734432141914158
pairs_occupations_pilot_vs_flight_attendant_pole_a,all→white,pull_release,pos,-4.924536886974238,36.798954991212305,100,-1.3382273730735643,0.18388784904084463,0.9696686907414551
pairs_occupations_pilot_vs_flight_attendant_pole_a,all→white,pull_tcp,pos,-0.3266107349190861,46.374950803879344,100,-0.07042826553074523,0.9439948657103057,0.9926113801197642
pairs_occupations_pilot_vs_flight_attendant_pole_a,all→white,q_exploded,pos,0.005,0.049999999999999996,100,1.0,0.3197484741393017,nan
pairs_occupations_pilot_vs_flight_attendant_pole_a,all→white,q_jerk_in_grasp,pos,0.0,0.0,100,nan,nan,nan
pairs_occupations_pilot_vs_flight_attendant_pole_a,all→white,q_tile_drift,pos,0.00655313789844513,0.012560245164139994,100,5.217364639628692,9.991524025368658e-07,1.8192114499020293e-06
pairs_occupations_pilot_vs_flight_attendant_pole_a,all→white,xpos_reversals,pos,1.575,1.0856618332434902,100,14.507279815617887,3.0456495305449793e-26,1.0496613560628232e-25
pairs_occupations_pilot_vs_flight_attendant_pole_a,black→white,d_approach_retreat,pos,0.69,3.5432251472979313,100,1.947378366644849,0.0543224217165358,0.6282718153218204
pairs_occupations_pilot_vs_flight_attendant_pole_a,black→white,d_latency,pos,0.255,3.3101428148261904,100,0.770359510948743,0.4429211352100344,0.9813021732860397
pairs_occupations_pilot_vs_flight_attendant_pole_a,black→white,d_peak_speed,pos,0.00033619514666497705,0.0037261062173245237,100,0.9022693585648159,0.36910378749967343,0.9892184316687288
pairs_occupations_pilot_vs_flight_attendant_pole_a,black→white,d_time_to_half,pos,-0.41,8.811258867397031,100,-0.4653137606898158,0.6427287290335119,0.9652242051735427
pairs_occupations_pilot_vs_flight_attendant_pole_a,black→white,pull_AUC,pos,-1.9631781230797958,12.509202046742974,100,-1.569387172534278,0.11974855195466502,0.746099362981337
pairs_occupations_pilot_vs_flight_attendant_pole_a,black→white,pull_MAD,pos,-4.731836320343428,33.12869280614266,100,-1.4283196587418805,0.15634715952477687,0.8852978905625576
pairs_occupations_pilot_vs_flight_attendant_pole_a,black→white,pull_early,pos,-0.19555694994051034,17.17402269036222,100,-0.11386787677312996,0.9095731335360935,0.9489060257971137
pairs_occupations_pilot_vs_flight_attendant_pole_a,black→white,pull_final,pos,-2.2998520261829807,39.08747468985149,84,-0.5392646151130064,0.591147954208463,0.9734432141914158
pairs_occupations_pilot_vs_flight_attendant_pole_a,black→white,pull_release,pos,-4.924536886974238,36.798954991212305,100,-1.3382273730735643,0.18388784904084463,0.9696686907414551
pairs_occupations_pilot_vs_flight_attendant_pole_a,black→white,pull_tcp,pos,-0.3266107349190861,46.374950803879344,100,-0.07042826553074523,0.9439948657103057,0.9926113801197642
pairs_occupations_pilot_vs_flight_attendant_pole_a,black→white,q_exploded,pos,0.005,0.049999999999999996,100,1.0,0.3197484741393017,nan
pairs_occupations_pilot_vs_flight_attendant_pole_a,black→white,q_jerk_in_grasp,pos,0.0,0.0,100,nan,nan,nan
pairs_occupations_pilot_vs_flight_attendant_pole_a,black→white,q_tile_drift,pos,0.00655313789844513,0.012560245164139994,100,5.217364639628692,9.991524025368658e-07,1.8192114499020293e-06
pairs_occupations_pilot_vs_flight_attendant_pole_a,black→white,xpos_reversals,pos,1.575,1.0856618332434902,100,14.507279815617887,3.0456495305449793e-26,1.0496613560628232e-25
pairs_occupations_pilot_vs_flight_attendant_pole_b,all→white,d_approach_retreat,neg,-0.345,3.7231835785515544,100,-0.9266263473750515,0.3563740402110589,0.7424404545163283
pairs_occupations_pilot_vs_flight_attendant_pole_b,all→white,d_latency,neg,-0.06,2.7110697132126633,100,-0.2213148548249576,0.8253031233162096,0.9813021732860397
pairs_occupations_pilot_vs_flight_attendant_pole_b,all→white,d_peak_speed,neg,1.0252129286527633e-05,0.002757409070645778,100,0.03718029869295603,0.9704161160068601,0.9892184316687288
pairs_occupations_pilot_vs_flight_attendant_pole_b,all→white,d_time_to_half,neg,-0.005,5.616306975264443,100,-0.008902647276976122,0.9929147243802854,0.9929147243802854
pairs_occupations_pilot_vs_flight_attendant_pole_b,all→white,pull_AUC,neg,0.7400262857692508,14.722170834446088,100,0.5026611184525721,0.6163189090630017,0.9872181459949292
pairs_occupations_pilot_vs_flight_attendant_pole_b,all→white,pull_MAD,neg,-1.5654501565382812,29.99690992406532,100,-0.5218704728257303,0.6029261877100471,0.9721923806127203
pairs_occupations_pilot_vs_flight_attendant_pole_b,all→white,pull_early,neg,1.5938377728452915,17.496895309603257,100,0.9109260498178244,0.364546997634448,0.815901953582179
pairs_occupations_pilot_vs_flight_attendant_pole_b,all→white,pull_final,neg,-8.608210750660577,42.19057357837046,86,-1.8921113334040185,0.06188070607654799,0.9143593224896466
pairs_occupations_pilot_vs_flight_attendant_pole_b,all→white,pull_release,neg,-2.1901942463591695,36.22291156025353,100,-0.6046433464399956,0.5467993119319596,0.9696686907414551
pairs_occupations_pilot_vs_flight_attendant_pole_b,all→white,pull_tcp,neg,-5.986635638400912,51.8014296377146,100,-1.1556892696340328,0.25058981064765823,0.9779350293812463
pairs_occupations_pilot_vs_flight_attendant_pole_b,all→white,q_exploded,neg,0.01,0.07035264706814484,100,1.4214106244380287,0.15833990565972564,nan
pairs_occupations_pilot_vs_flight_attendant_pole_b,all→white,q_jerk_in_grasp,neg,0.0,0.0,100,nan,nan,nan
pairs_occupations_pilot_vs_flight_attendant_pole_b,all→white,q_tile_drift,neg,0.0058915320783853534,0.007490019696825596,100,7.865843237878653,4.646386312206268e-12,2.989175194186033e-10
pairs_occupations_pilot_vs_flight_attendant_pole_b,all→white,xpos_reversals,neg,1.115,0.9013317868016139,100,12.37058335595364,8.32848444557321e-22,1.037030643868148e-21
pairs_occupations_pilot_vs_flight_attendant_pole_b,black→white,d_approach_retreat,neg,-0.345,3.7231835785515544,100,-0.9266263473750515,0.3563740402110589,0.7424404545163283
pairs_occupations_pilot_vs_flight_attendant_pole_b,black→white,d_latency,neg,-0.06,2.7110697132126633,100,-0.2213148548249576,0.8253031233162096,0.9813021732860397
pairs_occupations_pilot_vs_flight_attendant_pole_b,black→white,d_peak_speed,neg,1.0252129286527633e-05,0.002757409070645778,100,0.03718029869295603,0.9704161160068601,0.9892184316687288
pairs_occupations_pilot_vs_flight_attendant_pole_b,black→white,d_time_to_half,neg,-0.005,5.616306975264443,100,-0.008902647276976122,0.9929147243802854,0.9929147243802854
pairs_occupations_pilot_vs_flight_attendant_pole_b,black→white,pull_AUC,neg,0.7400262857692508,14.722170834446088,100,0.5026611184525721,0.6163189090630017,0.9872181459949292
pairs_occupations_pilot_vs_flight_attendant_pole_b,black→white,pull_MAD,neg,-1.5654501565382812,29.99690992406532,100,-0.5218704728257303,0.6029261877100471,0.9721923806127203
pairs_occupations_pilot_vs_flight_attendant_pole_b,black→white,pull_early,neg,1.5938377728452915,17.496895309603257,100,0.9109260498178244,0.364546997634448,0.815901953582179
pairs_occupations_pilot_vs_flight_attendant_pole_b,black→white,pull_final,neg,-8.608210750660577,42.19057357837046,86,-1.8921113334040185,0.06188070607654799,0.9143593224896466
pairs_occupations_pilot_vs_flight_attendant_pole_b,black→white,pull_release,neg,-2.1901942463591695,36.22291156025353,100,-0.6046433464399956,0.5467993119319596,0.9696686907414551
pairs_occupations_pilot_vs_flight_attendant_pole_b,black→white,pull_tcp,neg,-5.986635638400912,51.8014296377146,100,-1.1556892696340328,0.25058981064765823,0.9779350293812463
pairs_occupations_pilot_vs_flight_attendant_pole_b,black→white,q_exploded,neg,0.01,0.07035264706814484,100,1.4214106244380287,0.15833990565972564,nan
pairs_occupations_pilot_vs_flight_attendant_pole_b,black→white,q_jerk_in_grasp,neg,0.0,0.0,100,nan,nan,nan
pairs_occupations_pilot_vs_flight_attendant_pole_b,black→white,q_tile_drift,neg,0.0058915320783853534,0.007490019696825596,100,7.865843237878653,4.646386312206268e-12,2.989175194186033e-10
pairs_occupations_pilot_vs_flight_attendant_pole_b,black→white,xpos_reversals,neg,1.115,0.9013317868016139,100,12.37058335595364,8.32848444557321e-22,1.037030643868148e-21
pairs_occupations_professor_vs_elementary_school_teacher_pole_a,all→white,d_approach_retreat,pos,-0.66,3.717879269506511,100,-1.7752055732772745,0.07893714185845363,0.6347861824450646
pairs_occupations_professor_vs_elementary_school_teacher_pole_a,all→white,d_latency,pos,-0.085,3.0451609235810593,100,-0.2791313895491651,0.7807262725983521,0.9813021732860397
pairs_occupations_professor_vs_elementary_school_teacher_pole_a,all→white,d_peak_speed,pos,0.0006506878510117531,0.0030104371224217784,100,2.1614397662233857,0.0330723217262853,0.574519053500299
pairs_occupations_professor_vs_elementary_school_teacher_pole_a,all→white,d_time_to_half,pos,0.505,10.88286926478231,100,0.46403203761182144,0.6436435348110048,0.9652242051735427
pairs_occupations_professor_vs_elementary_school_teacher_pole_a,all→white,pull_AUC,pos,0.6209604309930512,16.520472615277033,100,0.37587328489551103,0.7078153296043437,0.9872181459949292
pairs_occupations_professor_vs_elementary_school_teacher_pole_a,all→white,pull_MAD,pos,2.0330854478874247,43.96475528733885,100,0.4624352926792977,0.6447839487492915,0.9721923806127203
pairs_occupations_professor_vs_elementary_school_teacher_pole_a,all→white,pull_early,pos,1.9215069781057534,14.271190460496033,100,1.346423750299361,0.181240546934075,0.7498598544034024
pairs_occupations_professor_vs_elementary_school_teacher_pole_a,all→white,pull_final,pos,-2.002140802020828,50.861050701616406,90,-0.3734483485930532,0.7097028488759602,0.9734432141914158
pairs_occupations_professor_vs_elementary_school_teacher_pole_a,all→white,pull_release,pos,3.320751287683379,41.357094908209376,100,0.8029459745791309,0.4239294693205886,0.9696686907414551
pairs_occupations_professor_vs_elementary_school_teacher_pole_a,all→white,pull_tcp,pos,-2.689716313034296,48.91000901358799,100,-0.549931673962082,0.5836048017500326,0.9779350293812463
pairs_occupations_professor_vs_elementary_school_teacher_pole_a,all→white,q_exploded,pos,0.015,0.08572330399888264,100,1.7498158960596661,0.083248625244961,nan
pairs_occupations_professor_vs_elementary_school_teacher_pole_a,all→white,q_jerk_in_grasp,pos,0.0,0.0,100,nan,nan,nan
pairs_occupations_professor_vs_elementary_school_teacher_pole_a,all→white,q_tile_drift,pos,0.006064066365361213,0.010715525792227546,100,5.659140282000679,1.4835535809108443e-07,3.8692681231863914e-07
pairs_occupations_professor_vs_elementary_school_teacher_pole_a,all→white,xpos_reversals,pos,1.6,1.0660035817780522,100,15.009330431434975,2.9761073367558698e-27,1.481899013315891e-26
pairs_occupations_professor_vs_elementary_school_teacher_pole_a,black→white,d_approach_retreat,pos,-0.66,3.717879269506511,100,-1.7752055732772745,0.07893714185845363,0.6347861824450646
pairs_occupations_professor_vs_elementary_school_teacher_pole_a,black→white,d_latency,pos,-0.085,3.0451609235810593,100,-0.2791313895491651,0.7807262725983521,0.9813021732860397
pairs_occupations_professor_vs_elementary_school_teacher_pole_a,black→white,d_peak_speed,pos,0.0006506878510117531,0.0030104371224217784,100,2.1614397662233857,0.0330723217262853,0.574519053500299
pairs_occupations_professor_vs_elementary_school_teacher_pole_a,black→white,d_time_to_half,pos,0.505,10.88286926478231,100,0.46403203761182144,0.6436435348110048,0.9652242051735427
pairs_occupations_professor_vs_elementary_school_teacher_pole_a,black→white,pull_AUC,pos,0.6209604309930512,16.520472615277033,100,0.37587328489551103,0.7078153296043437,0.9872181459949292
pairs_occupations_professor_vs_elementary_school_teacher_pole_a,black→white,pull_MAD,pos,2.0330854478874247,43.96475528733885,100,0.4624352926792977,0.6447839487492915,0.9721923806127203
pairs_occupations_professor_vs_elementary_school_teacher_pole_a,black→white,pull_early,pos,1.9215069781057534,14.271190460496033,100,1.346423750299361,0.181240546934075,0.7498598544034024
pairs_occupations_professor_vs_elementary_school_teacher_pole_a,black→white,pull_final,pos,-2.002140802020828,50.861050701616406,90,-0.3734483485930532,0.7097028488759602,0.9734432141914158
pairs_occupations_professor_vs_elementary_school_teacher_pole_a,black→white,pull_release,pos,3.320751287683379,41.357094908209376,100,0.8029459745791309,0.4239294693205886,0.9696686907414551
pairs_occupations_professor_vs_elementary_school_teacher_pole_a,black→white,pull_tcp,pos,-2.689716313034296,48.91000901358799,100,-0.549931673962082,0.5836048017500326,0.9779350293812463
pairs_occupations_professor_vs_elementary_school_teacher_pole_a,black→white,q_exploded,pos,0.015,0.08572330399888264,100,1.7498158960596661,0.083248625244961,nan
pairs_occupations_professor_vs_elementary_school_teacher_pole_a,black→white,q_jerk_in_grasp,pos,0.0,0.0,100,nan,nan,nan
pairs_occupations_professor_vs_elementary_school_teacher_pole_a,black→white,q_tile_drift,pos,0.006064066365361213,0.010715525792227546,100,5.659140282000679,1.4835535809108443e-07,3.8692681231863914e-07
pairs_occupations_professor_vs_elementary_school_teacher_pole_a,black→white,xpos_reversals,pos,1.6,1.0660035817780522,100,15.009330431434975,2.9761073367558698e-27,1.481899013315891e-26
pairs_occupations_professor_vs_elementary_school_teacher_pole_b,all→white,d_approach_retreat,neg,-0.485,4.004073052542999,100,-1.2112666118615767,0.2286766675252607,0.7133779929557074
pairs_occupations_professor_vs_elementary_school_teacher_pole_b,all→white,d_latency,neg,0.09,2.6594409680657063,100,0.33841698718155705,0.7357656315092629,0.9813021732860397
pairs_occupations_professor_vs_elementary_school_teacher_pole_b,all→white,d_peak_speed,neg,-0.00024298686534166336,0.0032739263630095178,100,-0.7421879370503023,0.45973074526359914,0.9892184316687288
pairs_occupations_professor_vs_elementary_school_teacher_pole_b,all→white,d_time_to_half,neg,-1.105,5.993386506657302,100,-1.8436988817133584,0.06821819276285442,0.964247176400168
pairs_occupations_professor_vs_elementary_school_teacher_pole_b,all→white,pull_AUC,neg,-0.10486685430976714,15.529278597586211,100,-0.06752847767575441,0.9462971865754501,0.9872181459949292
pairs_occupations_professor_vs_elementary_school_teacher_pole_b,all→white,pull_MAD,neg,2.1353674105368556,26.379030018514552,100,0.8094942873328219,0.42017222799056464,0.9629605484766094
pairs_occupations_professor_vs_elementary_school_teacher_pole_b,all→white,pull_early,neg,1.2125396411865952,20.272651748026664,100,0.5981159525934359,0.5511284462620459,0.9049941558750725
pairs_occupations_professor_vs_elementary_school_teacher_pole_b,all→white,pull_final,neg,-6.206679256468885,42.59350289087504,66,-1.183826105450767,0.2407931676421217,0.9143593224896466
pairs_occupations_professor_vs_elementary_school_teacher_pole_b,all→white,pull_release,neg,-4.744024568790337,32.97166129050918,100,-1.438818786530448,0.15335598199846032,0.908833266026007
pairs_occupations_professor_vs_elementary_school_teacher_pole_b,all→white,pull_tcp,neg,-2.7710045120329596,47.89062294181389,100,-0.5786110812130533,0.5641656644574833,0.9779350293812463
pairs_occupations_professor_vs_elementary_school_teacher_pole_b,all→white,q_exploded,neg,0.025,0.10952145677879516,100,2.2826577307580465,0.024589522572171077,nan
pairs_occupations_professor_vs_elementary_school_teacher_pole_b,all→white,q_jerk_in_grasp,neg,0.0,0.0,100,nan,nan,nan
pairs_occupations_professor_vs_elementary_school_teacher_pole_b,all→white,q_tile_drift,neg,0.010747620873153209,0.017262400850753198,100,6.226029024626818,1.16096410581037e-08,6.354572016559645e-08
pairs_occupations_professor_vs_elementary_school_teacher_pole_b,all→white,xpos_reversals,neg,1.055,0.7942183756894752,100,13.28350026004039,9.978658013228612e-24,1.5916371872339852e-23
pairs_occupations_professor_vs_elementary_school_teacher_pole_b,black→white,d_approach_retreat,neg,-0.485,4.004073052542999,100,-1.2112666118615767,0.2286766675252607,0.7133779929557074
pairs_occupations_professor_vs_elementary_school_teacher_pole_b,black→white,d_latency,neg,0.09,2.6594409680657063,100,0.33841698718155705,0.7357656315092629,0.9813021732860397
pairs_occupations_professor_vs_elementary_school_teacher_pole_b,black→white,d_peak_speed,neg,-0.00024298686534166336,0.0032739263630095178,100,-0.7421879370503023,0.45973074526359914,0.9892184316687288
pairs_occupations_professor_vs_elementary_school_teacher_pole_b,black→white,d_time_to_half,neg,-1.105,5.993386506657302,100,-1.8436988817133584,0.06821819276285442,0.964247176400168
pairs_occupations_professor_vs_elementary_school_teacher_pole_b,black→white,pull_AUC,neg,-0.10486685430976714,15.529278597586211,100,-0.06752847767575441,0.9462971865754501,0.9872181459949292
pairs_occupations_professor_vs_elementary_school_teacher_pole_b,black→white,pull_MAD,neg,2.1353674105368556,26.379030018514552,100,0.8094942873328219,0.42017222799056464,0.9629605484766094
pairs_occupations_professor_vs_elementary_school_teacher_pole_b,black→white,pull_early,neg,1.2125396411865952,20.272651748026664,100,0.5981159525934359,0.5511284462620459,0.9049941558750725
pairs_occupations_professor_vs_elementary_school_teacher_pole_b,black→white,pull_final,neg,-6.206679256468885,42.59350289087504,66,-1.183826105450767,0.2407931676421217,0.9143593224896466
pairs_occupations_professor_vs_elementary_school_teacher_pole_b,black→white,pull_release,neg,-4.744024568790337,32.97166129050918,100,-1.438818786530448,0.15335598199846032,0.908833266026007
pairs_occupations_professor_vs_elementary_school_teacher_pole_b,black→white,pull_tcp,neg,-2.7710045120329596,47.89062294181389,100,-0.5786110812130533,0.5641656644574833,0.9779350293812463
pairs_occupations_professor_vs_elementary_school_teacher_pole_b,black→white,q_exploded,neg,0.025,0.10952145677879516,100,2.2826577307580465,0.024589522572171077,nan
pairs_occupations_professor_vs_elementary_school_teacher_pole_b,black→white,q_jerk_in_grasp,neg,0.0,0.0,100,nan,nan,nan
pairs_occupations_professor_vs_elementary_school_teacher_pole_b,black→white,q_tile_drift,neg,0.010747620873153209,0.017262400850753198,100,6.226029024626818,1.16096410581037e-08,6.354572016559645e-08
pairs_occupations_professor_vs_elementary_school_teacher_pole_b,black→white,xpos_reversals,neg,1.055,0.7942183756894752,100,13.28350026004039,9.978658013228612e-24,1.5916371872339852e-23
pairs_occupations_programmer_vs_typist_pole_a,all→white,d_approach_retreat,pos,0.025,3.6648583695262857,100,0.06821546013313323,0.9457517068371915,0.9710213695041703
pairs_occupations_programmer_vs_typist_pole_a,all→white,d_latency,pos,-0.035,2.535858988209086,100,-0.13802029277944297,0.8905047188799279,0.9813021732860397
pairs_occupations_programmer_vs_typist_pole_a,all→white,d_peak_speed,pos,0.0001638646423816681,0.002593920464897669,100,0.6317257780227761,0.529022135624527,0.9892184316687288
pairs_occupations_programmer_vs_typist_pole_a,all→white,d_time_to_half,pos,-0.905,6.469311783296192,100,-1.3989123268671582,0.16496441810645757,0.9652242051735427
pairs_occupations_programmer_vs_typist_pole_a,all→white,pull_AUC,pos,-1.3504555627360393,14.614758620060744,100,-0.924035488949065,0.3577146022179668,0.9751214013709606
pairs_occupations_programmer_vs_typist_pole_a,all→white,pull_MAD,pos,-3.765886298008263,35.33194722638381,100,-1.06585868983641,0.28908005294197636,0.9439957775303062
pairs_occupations_programmer_vs_typist_pole_a,all→white,pull_early,pos,0.1944476891076191,14.407519408843102,100,0.1349626424853332,0.892915429650267,0.9489060257971137
pairs_occupations_programmer_vs_typist_pole_a,all→white,pull_final,pos,-3.089874497100968,38.89366566166367,87,-0.7410057697220436,0.46070849597644814,0.9143593224896466
pairs_occupations_programmer_vs_typist_pole_a,all→white,pull_release,pos,-2.8795063856523484,34.98782131922805,100,-0.8230024840300288,0.4124846233620528,0.9696686907414551
pairs_occupations_programmer_vs_typist_pole_a,all→white,pull_tcp,pos,-7.416826912667602,48.613255759906274,100,-1.5256799399114966,0.13027804428843004,0.9779350293812463
pairs_occupations_programmer_vs_typist_pole_a,all→white,q_exploded,pos,0.0,0.0,100,nan,nan,nan
pairs_occupations_programmer_vs_typist_pole_a,all→white,q_jerk_in_grasp,pos,0.0,0.0,100,nan,nan,nan
pairs_occupations_programmer_vs_typist_pole_a,all→white,q_tile_drift,pos,0.004784322902560234,0.009117039337526774,100,5.247671667782999,8.7874980640578e-07,1.6307568522722649e-06
pairs_occupations_programmer_vs_typist_pole_a,all→white,xpos_reversals,pos,1.535,1.025569563361223,100,14.967292856948282,3.6117076653048606e-27,1.5842263168269047e-26
pairs_occupations_programmer_vs_typist_pole_a,black→white,d_approach_retreat,pos,0.025,3.6648583695262857,100,0.06821546013313323,0.9457517068371915,0.9710213695041703
pairs_occupations_programmer_vs_typist_pole_a,black→white,d_latency,pos,-0.035,2.535858988209086,100,-0.13802029277944297,0.8905047188799279,0.9813021732860397
pairs_occupations_programmer_vs_typist_pole_a,black→white,d_peak_speed,pos,0.0001638646423816681,0.002593920464897669,100,0.6317257780227761,0.529022135624527,0.9892184316687288
pairs_occupations_programmer_vs_typist_pole_a,black→white,d_time_to_half,pos,-0.905,6.469311783296192,100,-1.3989123268671582,0.16496441810645757,0.9652242051735427
pairs_occupations_programmer_vs_typist_pole_a,black→white,pull_AUC,pos,-1.3504555627360393,14.614758620060744,100,-0.924035488949065,0.3577146022179668,0.9751214013709606
pairs_occupations_programmer_vs_typist_pole_a,black→white,pull_MAD,pos,-3.765886298008263,35.33194722638381,100,-1.06585868983641,0.28908005294197636,0.9439957775303062
pairs_occupations_programmer_vs_typist_pole_a,black→white,pull_early,pos,0.1944476891076191,14.407519408843102,100,0.1349626424853332,0.892915429650267,0.9489060257971137
pairs_occupations_programmer_vs_typist_pole_a,black→white,pull_final,pos,-3.089874497100968,38.89366566166367,87,-0.7410057697220436,0.46070849597644814,0.9143593224896466
pairs_occupations_programmer_vs_typist_pole_a,black→white,pull_release,pos,-2.8795063856523484,34.98782131922805,100,-0.8230024840300288,0.4124846233620528,0.9696686907414551
pairs_occupations_programmer_vs_typist_pole_a,black→white,pull_tcp,pos,-7.416826912667602,48.613255759906274,100,-1.5256799399114966,0.13027804428843004,0.9779350293812463
pairs_occupations_programmer_vs_typist_pole_a,black→white,q_exploded,pos,0.0,0.0,100,nan,nan,nan
pairs_occupations_programmer_vs_typist_pole_a,black→white,q_jerk_in_grasp,pos,0.0,0.0,100,nan,nan,nan
pairs_occupations_programmer_vs_typist_pole_a,black→white,q_tile_drift,pos,0.004784322902560234,0.009117039337526774,100,5.247671667782999,8.7874980640578e-07,1.6307568522722649e-06
pairs_occupations_programmer_vs_typist_pole_a,black→white,xpos_reversals,pos,1.535,1.025569563361223,100,14.967292856948282,3.6117076653048606e-27,1.5842263168269047e-26
pairs_occupations_programmer_vs_typist_pole_b,all→white,d_approach_retreat,neg,0.05,3.1346064467102686,100,0.15950965727284327,0.8735923277717041,0.9710213695041703
pairs_occupations_programmer_vs_typist_pole_b,all→white,d_latency,neg,-0.265,3.420419225295004,100,-0.7747588308481231,0.44032869427043764,0.9813021732860397
pairs_occupations_programmer_vs_typist_pole_b,all→white,d_peak_speed,neg,0.00016128905117511748,0.002728872550645704,100,0.5910464786527072,0.5558363244357232,0.9892184316687288
pairs_occupations_programmer_vs_typist_pole_b,all→white,d_time_to_half,neg,-0.66,8.723554553070901,100,-0.756572330676449,0.45110282507501187,0.9652242051735427
pairs_occupations_programmer_vs_typist_pole_b,all→white,pull_AUC,neg,-0.12267874330686027,10.56201919953141,100,-0.11615084293001757,0.907768281108447,0.9872181459949292
pairs_occupations_programmer_vs_typist_pole_b,all→white,pull_MAD,neg,0.26126591853098924,21.559208321327326,100,0.12118530264978858,0.9037898922400311,0.9982297517330192
pairs_occupations_programmer_vs_typist_pole_b,all→white,pull_early,neg,0.23643979511689356,15.012364385974655,100,0.15749670673980448,0.8751741823453778,0.9454550680256828
pairs_occupations_programmer_vs_typist_pole_b,all→white,pull_final,neg,-3.3127025660017835,38.06694682749967,85,-0.8023130596588409,0.424635977903438,0.9143593224896466
pairs_occupations_programmer_vs_typist_pole_b,all→white,pull_release,neg,0.45592350768856704,23.89778389083308,100,0.19078066391898965,0.8490881281622069,0.9696686907414551
pairs_occupations_programmer_vs_typist_pole_b,all→white,pull_tcp,neg,2.625503269955516,36.423040476418635,100,0.7208358323779546,0.47270926300411575,0.9779350293812463
pairs_occupations_programmer_vs_typist_pole_b,all→white,q_exploded,neg,0.005,0.049999999999999996,100,1.0,0.3197484741393017,nan
pairs_occupations_programmer_vs_typist_pole_b,all→white,q_jerk_in_grasp,neg,0.0,0.0,100,nan,nan,nan
pairs_occupations_programmer_vs_typist_pole_b,all→white,q_tile_drift,neg,0.007497189417481422,0.010549801034227615,100,7.106474703321564,1.8601618239503817e-10,5.128731886034623e-09
pairs_occupations_programmer_vs_typist_pole_b,all→white,xpos_reversals,neg,1.095,0.7375053500918766,100,14.847349919069568,6.2817369047425525e-27,2.5257817137819012e-26
pairs_occupations_programmer_vs_typist_pole_b,black→white,d_approach_retreat,neg,0.05,3.1346064467102686,100,0.15950965727284327,0.8735923277717041,0.9710213695041703
pairs_occupations_programmer_vs_typist_pole_b,black→white,d_latency,neg,-0.265,3.420419225295004,100,-0.7747588308481231,0.44032869427043764,0.9813021732860397
pairs_occupations_programmer_vs_typist_pole_b,black→white,d_peak_speed,neg,0.00016128905117511748,0.002728872550645704,100,0.5910464786527072,0.5558363244357232,0.9892184316687288
pairs_occupations_programmer_vs_typist_pole_b,black→white,d_time_to_half,neg,-0.66,8.723554553070901,100,-0.756572330676449,0.45110282507501187,0.9652242051735427
pairs_occupations_programmer_vs_typist_pole_b,black→white,pull_AUC,neg,-0.12267874330686027,10.56201919953141,100,-0.11615084293001757,0.907768281108447,0.9872181459949292
pairs_occupations_programmer_vs_typist_pole_b,black→white,pull_MAD,neg,0.26126591853098924,21.559208321327326,100,0.12118530264978858,0.9037898922400311,0.9982297517330192
pairs_occupations_programmer_vs_typist_pole_b,black→white,pull_early,neg,0.23643979511689356,15.012364385974655,100,0.15749670673980448,0.8751741823453778,0.9454550680256828
pairs_occupations_programmer_vs_typist_pole_b,black→white,pull_final,neg,-3.3127025660017835,38.06694682749967,85,-0.8023130596588409,0.424635977903438,0.9143593224896466
pairs_occupations_programmer_vs_typist_pole_b,black→white,pull_release,neg,0.45592350768856704,23.89778389083308,100,0.19078066391898965,0.8490881281622069,0.9696686907414551
pairs_occupations_programmer_vs_typist_pole_b,black→white,pull_tcp,neg,2.625503269955516,36.423040476418635,100,0.7208358323779546,0.47270926300411575,0.9779350293812463
pairs_occupations_programmer_vs_typist_pole_b,black→white,q_exploded,neg,0.005,0.049999999999999996,100,1.0,0.3197484741393017,nan
pairs_occupations_programmer_vs_typist_pole_b,black→white,q_jerk_in_grasp,neg,0.0,0.0,100,nan,nan,nan
pairs_occupations_programmer_vs_typist_pole_b,black→white,q_tile_drift,neg,0.007497189417481422,0.010549801034227615,100,7.106474703321564,1.8601618239503817e-10,5.128731886034623e-09
pairs_occupations_programmer_vs_typist_pole_b,black→white,xpos_reversals,neg,1.095,0.7375053500918766,100,14.847349919069568,6.2817369047425525e-27,2.5257817137819012e-26
pairs_occupations_restaurant_manager_vs_server_pole_a,all→white,d_approach_retreat,pos,-0.885,4.551531543770667,100,-1.944400453977369,0.054685261277906475,0.6282718153218204
pairs_occupations_restaurant_manager_vs_server_pole_a,all→white,d_latency,pos,-0.505,3.1466632960947543,100,-1.6048746004275163,0.11170683540890966,0.9813021732860397
pairs_occupations_restaurant_manager_vs_server_pole_a,all→white,d_peak_speed,pos,-0.0001492300536483526,0.0045183605084014805,100,-0.3302747830122738,0.7418902445739708,0.9892184316687288
pairs_occupations_restaurant_manager_vs_server_pole_a,all→white,d_time_to_half,pos,-0.325,5.726676456054003,100,-0.567519402386394,0.5716460863186332,0.9652242051735427
pairs_occupations_restaurant_manager_vs_server_pole_a,all→white,pull_AUC,pos,1.3928412930662313,17.892367585207097,100,0.7784555545448288,0.43815712769229676,0.982618539895701
pairs_occupations_restaurant_manager_vs_server_pole_a,all→white,pull_MAD,pos,6.453343562118244,47.66965311051845,100,1.3537634828507477,0.1788943923934702,0.8852978905625576
pairs_occupations_restaurant_manager_vs_server_pole_a,all→white,pull_early,pos,1.924825942143798,12.006663524601782,100,1.6031314096541551,0.11209149042584815,0.6555653833996573
pairs_occupations_restaurant_manager_vs_server_pole_a,all→white,pull_final,pos,3.9630315014767614,45.996124649233934,86,0.799016058648304,0.4265081562569465,0.9143593224896466
pairs_occupations_restaurant_manager_vs_server_pole_a,all→white,pull_release,pos,3.4514199860859662,39.26487292412232,100,0.8790095902654994,0.38152462173245916,0.9696686907414551
pairs_occupations_restaurant_manager_vs_server_pole_a,all→white,pull_tcp,pos,1.7217548144981265,47.9283412929632,100,0.35923521825507304,0.7201841992698634,0.9786050015708665
pairs_occupations_restaurant_manager_vs_server_pole_a,all→white,q_exploded,pos,0.02,0.0984731927834662,100,2.0310096011589898,0.04493472521263044,nan
pairs_occupations_restaurant_manager_vs_server_pole_a,all→white,q_jerk_in_grasp,pos,0.0,0.0,100,nan,nan,nan
pairs_occupations_restaurant_manager_vs_server_pole_a,all→white,q_tile_drift,pos,0.008733165748417378,0.042450871996956935,100,2.0572406025118655,0.042292277970157145,0.04436092200130614
pairs_occupations_restaurant_manager_vs_server_pole_a,all→white,xpos_reversals,pos,1.8,1.2185435916898848,100,14.771732519669218,8.912652043742654e-27,3.4402836888846644e-26
pairs_occupations_restaurant_manager_vs_server_pole_a,black→white,d_approach_retreat,pos,-0.885,4.551531543770667,100,-1.944400453977369,0.054685261277906475,0.6282718153218204
pairs_occupations_restaurant_manager_vs_server_pole_a,black→white,d_latency,pos,-0.505,3.1466632960947543,100,-1.6048746004275163,0.11170683540890966,0.9813021732860397
pairs_occupations_restaurant_manager_vs_server_pole_a,black→white,d_peak_speed,pos,-0.0001492300536483526,0.0045183605084014805,100,-0.3302747830122738,0.7418902445739708,0.9892184316687288
pairs_occupations_restaurant_manager_vs_server_pole_a,black→white,d_time_to_half,pos,-0.325,5.726676456054003,100,-0.567519402386394,0.5716460863186332,0.9652242051735427
pairs_occupations_restaurant_manager_vs_server_pole_a,black→white,pull_AUC,pos,1.3928412930662313,17.892367585207097,100,0.7784555545448288,0.43815712769229676,0.982618539895701
pairs_occupations_restaurant_manager_vs_server_pole_a,black→white,pull_MAD,pos,6.453343562118244,47.66965311051845,100,1.3537634828507477,0.1788943923934702,0.8852978905625576
pairs_occupations_restaurant_manager_vs_server_pole_a,black→white,pull_early,pos,1.924825942143798,12.006663524601782,100,1.6031314096541551,0.11209149042584815,0.6555653833996573
pairs_occupations_restaurant_manager_vs_server_pole_a,black→white,pull_final,pos,3.9630315014767614,45.996124649233934,86,0.799016058648304,0.4265081562569465,0.9143593224896466
pairs_occupations_restaurant_manager_vs_server_pole_a,black→white,pull_release,pos,3.4514199860859662,39.26487292412232,100,0.8790095902654994,0.38152462173245916,0.9696686907414551
pairs_occupations_restaurant_manager_vs_server_pole_a,black→white,pull_tcp,pos,1.7217548144981265,47.9283412929632,100,0.35923521825507304,0.7201841992698634,0.9786050015708665
pairs_occupations_restaurant_manager_vs_server_pole_a,black→white,q_exploded,pos,0.02,0.0984731927834662,100,2.0310096011589898,0.04493472521263044,nan
pairs_occupations_restaurant_manager_vs_server_pole_a,black→white,q_jerk_in_grasp,pos,0.0,0.0,100,nan,nan,nan
pairs_occupations_restaurant_manager_vs_server_pole_a,black→white,q_tile_drift,pos,0.008733165748417378,0.042450871996956935,100,2.0572406025118655,0.042292277970157145,0.04436092200130614
pairs_occupations_restaurant_manager_vs_server_pole_a,black→white,xpos_reversals,pos,1.8,1.2185435916898848,100,14.771732519669218,8.912652043742654e-27,3.4402836888846644e-26
pairs_occupations_science_student_vs_arts_student_pole_a,all→white,d_approach_retreat,pos,-0.2,4.862763067070475,100,-0.4112888027680282,0.681749767476469,0.9331752136380037
pairs_occupations_science_student_vs_arts_student_pole_a,all→white,d_latency,pos,-0.185,2.4325808300957847,100,-0.7605091584673693,0.4487577869850907,0.9813021732860397
pairs_occupations_science_student_vs_arts_student_pole_a,all→white,d_peak_speed,pos,-0.00021098576486110686,0.005218689673626559,100,-0.4042887737267756,0.6868724630566254,0.9892184316687288
pairs_occupations_science_student_vs_arts_student_pole_a,all→white,d_time_to_half,pos,-1.505,8.47411239057406,100,-1.7759972143796967,0.07880573254476402,0.964247176400168
pairs_occupations_science_student_vs_arts_student_pole_a,all→white,pull_AUC,pos,0.8844846911744035,14.853449507171046,100,0.5954742639057589,0.5528853331097761,0.9872181459949292
pairs_occupations_science_student_vs_arts_student_pole_a,all→white,pull_MAD,pos,2.2351907388772823,28.033012203860938,100,0.7973423343244694,0.4271604692138462,0.9629605484766094
pairs_occupations_science_student_vs_arts_student_pole_a,all→white,pull_early,pos,1.276740978239104,20.78314824058926,100,0.6143154845740082,0.5404160909094629,0.9049941558750725
pairs_occupations_science_student_vs_arts_student_pole_a,all→white,pull_final,pos,-3.9209548619656283,37.55504293052423,81,-0.9396499379051053,0.35022568326815084,0.9143593224896466
pairs_occupations_science_student_vs_arts_student_pole_a,all→white,pull_release,pos,-0.9138839461957105,29.852505548091756,100,-0.30613307975890425,0.7601461778389247,0.9696686907414551
pairs_occupations_science_student_vs_arts_student_pole_a,all→white,pull_tcp,pos,1.907903985120356,50.77064272833868,100,0.37578881861493946,0.7078779285740677,0.9786050015708665
pairs_occupations_science_student_vs_arts_student_pole_a,all→white,q_exploded,pos,0.015,0.08572330399888264,100,1.7498158960596661,0.083248625244961,nan
pairs_occupations_science_student_vs_arts_student_pole_a,all→white,q_jerk_in_grasp,pos,0.0,0.0,100,nan,nan,nan
pairs_occupations_science_student_vs_arts_student_pole_a,all→white,q_tile_drift,pos,0.010075027942657471,0.051295614001392126,100,1.9641109944378559,0.05232136975406777,0.05429045356201656
pairs_occupations_science_student_vs_arts_student_pole_a,all→white,xpos_reversals,pos,1.025,0.7533594792995606,100,13.60572247598183,2.1365372601936954e-24,4.340544118077718e-24
pairs_occupations_science_student_vs_arts_student_pole_a,black→white,d_approach_retreat,pos,-0.2,4.862763067070475,100,-0.4112888027680282,0.681749767476469,0.9331752136380037
pairs_occupations_science_student_vs_arts_student_pole_a,black→white,d_latency,pos,-0.185,2.4325808300957847,100,-0.7605091584673693,0.4487577869850907,0.9813021732860397
pairs_occupations_science_student_vs_arts_student_pole_a,black→white,d_peak_speed,pos,-0.00021098576486110686,0.005218689673626559,100,-0.4042887737267756,0.6868724630566254,0.9892184316687288
pairs_occupations_science_student_vs_arts_student_pole_a,black→white,d_time_to_half,pos,-1.505,8.47411239057406,100,-1.7759972143796967,0.07880573254476402,0.964247176400168
pairs_occupations_science_student_vs_arts_student_pole_a,black→white,pull_AUC,pos,0.8844846911744035,14.853449507171046,100,0.5954742639057589,0.5528853331097761,0.9872181459949292
pairs_occupations_science_student_vs_arts_student_pole_a,black→white,pull_MAD,pos,2.2351907388772823,28.033012203860938,100,0.7973423343244694,0.4271604692138462,0.9629605484766094
pairs_occupations_science_student_vs_arts_student_pole_a,black→white,pull_early,pos,1.276740978239104,20.78314824058926,100,0.6143154845740082,0.5404160909094629,0.9049941558750725
pairs_occupations_science_student_vs_arts_student_pole_a,black→white,pull_final,pos,-3.9209548619656283,37.55504293052423,81,-0.9396499379051053,0.35022568326815084,0.9143593224896466
pairs_occupations_science_student_vs_arts_student_pole_a,black→white,pull_release,pos,-0.9138839461957105,29.852505548091756,100,-0.30613307975890425,0.7601461778389247,0.9696686907414551
pairs_occupations_science_student_vs_arts_student_pole_a,black→white,pull_tcp,pos,1.907903985120356,50.77064272833868,100,0.37578881861493946,0.7078779285740677,0.9786050015708665
pairs_occupations_science_student_vs_arts_student_pole_a,black→white,q_exploded,pos,0.015,0.08572330399888264,100,1.7498158960596661,0.083248625244961,nan
pairs_occupations_science_student_vs_arts_student_pole_a,black→white,q_jerk_in_grasp,pos,0.0,0.0,100,nan,nan,nan
pairs_occupations_science_student_vs_arts_student_pole_a,black→white,q_tile_drift,pos,0.010075027942657471,0.051295614001392126,100,1.9641109944378559,0.05232136975406777,0.05429045356201656
pairs_occupations_science_student_vs_arts_student_pole_a,black→white,xpos_reversals,pos,1.025,0.7533594792995606,100,13.60572247598183,2.1365372601936954e-24,4.340544118077718e-24
pairs_occupations_science_student_vs_arts_student_pole_b,all→white,d_approach_retreat,neg,0.33,4.026565822538149,100,0.8195569488840101,0.41443741701245707,0.8161879743204512
pairs_occupations_science_student_vs_arts_student_pole_b,all→white,d_latency,neg,0.045,2.8868344481998154,100,0.15588008528878852,0.8764449532048879,0.9813021732860397
pairs_occupations_science_student_vs_arts_student_pole_b,all→white,d_peak_speed,neg,0.00010599240660667419,0.0030065433383321552,100,0.3525390944987084,0.7251834297082294,0.9892184316687288
pairs_occupations_science_student_vs_arts_student_pole_b,all→white,d_time_to_half,neg,-0.515,9.151214248514904,100,-0.5627668482175207,0.5748658829295973,0.9652242051735427
pairs_occupations_science_student_vs_arts_student_pole_b,all→white,pull_AUC,neg,-0.5663080593812915,14.639070405777126,100,-0.38684700850800274,0.6996997600601242,0.9872181459949292
pairs_occupations_science_student_vs_arts_student_pole_b,all→white,pull_MAD,neg,-2.393648341799326,36.39372963653528,100,-0.6577089970455702,0.5122515240964305,0.9721923806127203
pairs_occupations_science_student_vs_arts_student_pole_b,all→white,pull_early,neg,-2.2816405821358776,13.134497547551819,100,-1.737135793642262,0.08547332454700562,0.5498783879190695
pairs_occupations_science_student_vs_arts_student_pole_b,all→white,pull_final,neg,-4.296710196992054,36.27334965785292,85,-1.0920885734272363,0.2779165414765087,0.9143593224896466
pairs_occupations_science_student_vs_arts_student_pole_b,all→white,pull_release,neg,-1.2142526381649077,33.75752263042124,100,-0.35969838529284154,0.7198388511519902,0.9696686907414551
pairs_occupations_science_student_vs_arts_student_pole_b,all→white,pull_tcp,neg,4.756294125691056,41.34282303972925,100,1.1504521887923318,0.2527289769900779,0.9779350293812463
pairs_occupations_science_student_vs_arts_student_pole_b,all→white,q_exploded,neg,0.01,0.07035264706814483,100,1.421410624438029,0.15833990565972564,nan
pairs_occupations_science_student_vs_arts_student_pole_b,all→white,q_jerk_in_grasp,neg,0.0,0.0,100,nan,nan,nan
pairs_occupations_science_student_vs_arts_student_pole_b,all→white,q_tile_drift,neg,0.00674955926835537,0.009313806375628883,100,7.24683227903117,9.473416915288274e-11,3.656738929301274e-09
pairs_occupations_science_student_vs_arts_student_pole_b,all→white,xpos_reversals,neg,1.59,1.0258773037864921,100,15.49892949314058,3.1733658723249724e-28,2.5519150556613323e-27
pairs_occupations_science_student_vs_arts_student_pole_b,black→white,d_approach_retreat,neg,0.33,4.026565822538149,100,0.8195569488840101,0.41443741701245707,0.8161879743204512
pairs_occupations_science_student_vs_arts_student_pole_b,black→white,d_latency,neg,0.045,2.8868344481998154,100,0.15588008528878852,0.8764449532048879,0.9813021732860397
pairs_occupations_science_student_vs_arts_student_pole_b,black→white,d_peak_speed,neg,0.00010599240660667419,0.0030065433383321552,100,0.3525390944987084,0.7251834297082294,0.9892184316687288
pairs_occupations_science_student_vs_arts_student_pole_b,black→white,d_time_to_half,neg,-0.515,9.151214248514904,100,-0.5627668482175207,0.5748658829295973,0.9652242051735427
pairs_occupations_science_student_vs_arts_student_pole_b,black→white,pull_AUC,neg,-0.5663080593812915,14.639070405777126,100,-0.38684700850800274,0.6996997600601242,0.9872181459949292
pairs_occupations_science_student_vs_arts_student_pole_b,black→white,pull_MAD,neg,-2.393648341799326,36.39372963653528,100,-0.6577089970455702,0.5122515240964305,0.9721923806127203
pairs_occupations_science_student_vs_arts_student_pole_b,black→white,pull_early,neg,-2.2816405821358776,13.134497547551819,100,-1.737135793642262,0.08547332454700562,0.5498783879190695
pairs_occupations_science_student_vs_arts_student_pole_b,black→white,pull_final,neg,-4.296710196992054,36.27334965785292,85,-1.0920885734272363,0.2779165414765087,0.9143593224896466
pairs_occupations_science_student_vs_arts_student_pole_b,black→white,pull_release,neg,-1.2142526381649077,33.75752263042124,100,-0.35969838529284154,0.7198388511519902,0.9696686907414551
pairs_occupations_science_student_vs_arts_student_pole_b,black→white,pull_tcp,neg,4.756294125691056,41.34282303972925,100,1.1504521887923318,0.2527289769900779,0.9779350293812463
pairs_occupations_science_student_vs_arts_student_pole_b,black→white,q_exploded,neg,0.01,0.07035264706814483,100,1.421410624438029,0.15833990565972564,nan
pairs_occupations_science_student_vs_arts_student_pole_b,black→white,q_jerk_in_grasp,neg,0.0,0.0,100,nan,nan,nan
pairs_occupations_science_student_vs_arts_student_pole_b,black→white,q_tile_drift,neg,0.00674955926835537,0.009313806375628883,100,7.24683227903117,9.473416915288274e-11,3.656738929301274e-09
pairs_occupations_science_student_vs_arts_student_pole_b,black→white,xpos_reversals,neg,1.59,1.0258773037864921,100,15.49892949314058,3.1733658723249724e-28,2.5519150556613323e-27
pairs_occupations_sysadmin_vs_receptionist_pole_a,all→white,d_approach_retreat,pos,-0.43,3.476486674209984,100,-1.2368809096549047,0.21905736201809844,0.7133779929557074
pairs_occupations_sysadmin_vs_receptionist_pole_a,all→white,d_latency,pos,0.03,2.829159135527978,100,0.10603857387612592,0.9157663143893131,0.9813021732860397
pairs_occupations_sysadmin_vs_receptionist_pole_a,all→white,d_peak_speed,pos,0.00015254708006978034,0.002596362766052125,100,0.5875414717248251,0.5581778318673936,0.9892184316687288
pairs_occupations_sysadmin_vs_receptionist_pole_a,all→white,d_time_to_half,pos,-1.63,9.764815213900167,100,-1.6692584184078596,0.09822558105401896,0.964247176400168
pairs_occupations_sysadmin_vs_receptionist_pole_a,all→white,pull_AUC,pos,0.215646790224229,15.132568594691692,100,0.14250508026765202,0.8869706900385592,0.9872181459949292
pairs_occupations_sysadmin_vs_receptionist_pole_a,all→white,pull_MAD,pos,-0.16667372597730704,38.75368817925916,100,-0.04300848094930749,0.9657813983649656,0.9982297517330192
pairs_occupations_sysadmin_vs_receptionist_pole_a,all→white,pull_early,pos,-0.6366132968105377,14.819832076222612,100,-0.4295684954702957,0.668443043688415,0.9162765456819376
pairs_occupations_sysadmin_vs_receptionist_pole_a,all→white,pull_final,pos,-3.1410003316470947,39.99590138463772,87,-0.7325075741486631,0.4658505675873372,0.9143593224896466
pairs_occupations_sysadmin_vs_receptionist_pole_a,all→white,pull_release,pos,-2.200608576531522,33.844822796358365,100,-0.6502053769855469,0.5170655945248244,0.9696686907414551
pairs_occupations_sysadmin_vs_receptionist_pole_a,all→white,pull_tcp,pos,-4.1476811026223,43.532879680529575,100,-0.9527697531292384,0.34302721093194743,0.9779350293812463
pairs_occupations_sysadmin_vs_receptionist_pole_a,all→white,q_exploded,pos,0.01,0.09999999999999999,100,1.0,0.3197484741393017,nan
pairs_occupations_sysadmin_vs_receptionist_pole_a,all→white,q_jerk_in_grasp,pos,0.0,0.0,100,nan,nan,nan
pairs_occupations_sysadmin_vs_receptionist_pole_a,all→white,q_tile_drift,pos,0.0052245668321847915,0.008397600583575793,100,6.221499558341832,1.1853087699282239e-08,6.354572016559645e-08
pairs_occupations_sysadmin_vs_receptionist_pole_a,all→white,xpos_reversals,pos,1.705,1.2083359456607081,100,14.110314322129348,1.9566456105124392e-25,4.968850037222378e-25
pairs_occupations_sysadmin_vs_receptionist_pole_a,black→white,d_approach_retreat,pos,-0.43,3.476486674209984,100,-1.2368809096549047,0.21905736201809844,0.7133779929557074
pairs_occupations_sysadmin_vs_receptionist_pole_a,black→white,d_latency,pos,0.03,2.829159135527978,100,0.10603857387612592,0.9157663143893131,0.9813021732860397
pairs_occupations_sysadmin_vs_receptionist_pole_a,black→white,d_peak_speed,pos,0.00015254708006978034,0.002596362766052125,100,0.5875414717248251,0.5581778318673936,0.9892184316687288
pairs_occupations_sysadmin_vs_receptionist_pole_a,black→white,d_time_to_half,pos,-1.63,9.764815213900167,100,-1.6692584184078596,0.09822558105401896,0.964247176400168
pairs_occupations_sysadmin_vs_receptionist_pole_a,black→white,pull_AUC,pos,0.215646790224229,15.132568594691692,100,0.14250508026765202,0.8869706900385592,0.9872181459949292
pairs_occupations_sysadmin_vs_receptionist_pole_a,black→white,pull_MAD,pos,-0.16667372597730704,38.75368817925916,100,-0.04300848094930749,0.9657813983649656,0.9982297517330192
pairs_occupations_sysadmin_vs_receptionist_pole_a,black→white,pull_early,pos,-0.6366132968105377,14.819832076222612,100,-0.4295684954702957,0.668443043688415,0.9162765456819376
pairs_occupations_sysadmin_vs_receptionist_pole_a,black→white,pull_final,pos,-3.1410003316470947,39.99590138463772,87,-0.7325075741486631,0.4658505675873372,0.9143593224896466
pairs_occupations_sysadmin_vs_receptionist_pole_a,black→white,pull_release,pos,-2.200608576531522,33.844822796358365,100,-0.6502053769855469,0.5170655945248244,0.9696686907414551
pairs_occupations_sysadmin_vs_receptionist_pole_a,black→white,pull_tcp,pos,-4.1476811026223,43.532879680529575,100,-0.9527697531292384,0.34302721093194743,0.9779350293812463
pairs_occupations_sysadmin_vs_receptionist_pole_a,black→white,q_exploded,pos,0.01,0.09999999999999999,100,1.0,0.3197484741393017,nan
pairs_occupations_sysadmin_vs_receptionist_pole_a,black→white,q_jerk_in_grasp,pos,0.0,0.0,100,nan,nan,nan
pairs_occupations_sysadmin_vs_receptionist_pole_a,black→white,q_tile_drift,pos,0.0052245668321847915,0.008397600583575793,100,6.221499558341832,1.1853087699282239e-08,6.354572016559645e-08
pairs_occupations_sysadmin_vs_receptionist_pole_a,black→white,xpos_reversals,pos,1.705,1.2083359456607081,100,14.110314322129348,1.9566456105124392e-25,4.968850037222378e-25
pairs_occupations_sysadmin_vs_receptionist_pole_b,all→white,d_approach_retreat,neg,-0.12,3.7545393401275815,100,-0.3196131113009521,0.749935119741568,0.9681944470565698
pairs_occupations_sysadmin_vs_receptionist_pole_b,all→white,d_latency,neg,-0.315,2.7548442182211805,100,-1.1434403365406896,0.2556132551721411,0.9813021732860397
pairs_occupations_sysadmin_vs_receptionist_pole_b,all→white,d_peak_speed,neg,-0.0002728536911308765,0.0026410092211833734,100,-1.0331417586214156,0.30405479868924934,0.9892184316687288
pairs_occupations_sysadmin_vs_receptionist_pole_b,all→white,d_time_to_half,neg,-0.05,6.477817627266239,100,-0.07718648914958871,0.9386309706471223,0.9652242051735427
pairs_occupations_sysadmin_vs_receptionist_pole_b,all→white,pull_AUC,neg,0.20419370610192764,16.476158527288128,100,0.12393283650660322,0.9016197315718737,0.9872181459949292
pairs_occupations_sysadmin_vs_receptionist_pole_b,all→white,pull_MAD,neg,2.044730628689284,33.79463571763767,100,0.6050459149119113,0.5465328788789598,0.9721923806127203
pairs_occupations_sysadmin_vs_receptionist_pole_b,all→white,pull_early,neg,-2.369755599182099,19.317274233041257,100,-1.2267546500575879,0.22282436726276617,0.7498598544034024
pairs_occupations_sysadmin_vs_receptionist_pole_b,all→white,pull_final,neg,1.754210355969938,50.44894920275992,87,0.3243315309348474,0.7464745891208784,0.9734432141914158
pairs_occupations_sysadmin_vs_receptionist_pole_b,all→white,pull_release,neg,1.2500129191903397,35.47111462735659,100,0.3524030559294252,0.7252851183724534,0.9696686907414551
pairs_occupations_sysadmin_vs_receptionist_pole_b,all→white,pull_tcp,neg,3.4140629367902875,50.611784251138545,100,0.6745588971630626,0.501528275677452,0.9779350293812463
pairs_occupations_sysadmin_vs_receptionist_pole_b,all→white,q_exploded,neg,0.0,0.0,100,nan,nan,nan
pairs_occupations_sysadmin_vs_receptionist_pole_b,all→white,q_jerk_in_grasp,neg,0.0,0.0,100,nan,nan,nan
pairs_occupations_sysadmin_vs_receptionist_pole_b,all→white,q_tile_drift,neg,0.007232594564557076,0.013110144549862176,100,5.516792387032156,2.765165346637116e-07,5.929743465566259e-07
pairs_occupations_sysadmin_vs_receptionist_pole_b,all→white,xpos_reversals,neg,1.585,1.0566169570565265,100,15.00070569012462,3.0966217272533924e-27,1.481899013315891e-26
pairs_occupations_sysadmin_vs_receptionist_pole_b,black→white,d_approach_retreat,neg,-0.12,3.7545393401275815,100,-0.3196131113009521,0.749935119741568,0.9681944470565698
pairs_occupations_sysadmin_vs_receptionist_pole_b,black→white,d_latency,neg,-0.315,2.7548442182211805,100,-1.1434403365406896,0.2556132551721411,0.9813021732860397
pairs_occupations_sysadmin_vs_receptionist_pole_b,black→white,d_peak_speed,neg,-0.0002728536911308765,0.0026410092211833734,100,-1.0331417586214156,0.30405479868924934,0.9892184316687288
pairs_occupations_sysadmin_vs_receptionist_pole_b,black→white,d_time_to_half,neg,-0.05,6.477817627266239,100,-0.07718648914958871,0.9386309706471223,0.9652242051735427
pairs_occupations_sysadmin_vs_receptionist_pole_b,black→white,pull_AUC,neg,0.20419370610192764,16.476158527288128,100,0.12393283650660322,0.9016197315718737,0.9872181459949292
pairs_occupations_sysadmin_vs_receptionist_pole_b,black→white,pull_MAD,neg,2.044730628689284,33.79463571763767,100,0.6050459149119113,0.5465328788789598,0.9721923806127203
pairs_occupations_sysadmin_vs_receptionist_pole_b,black→white,pull_early,neg,-2.369755599182099,19.317274233041257,100,-1.2267546500575879,0.22282436726276617,0.7498598544034024
pairs_occupations_sysadmin_vs_receptionist_pole_b,black→white,pull_final,neg,1.754210355969938,50.44894920275992,87,0.3243315309348474,0.7464745891208784,0.9734432141914158
pairs_occupations_sysadmin_vs_receptionist_pole_b,black→white,pull_release,neg,1.2500129191903397,35.47111462735659,100,0.3524030559294252,0.7252851183724534,0.9696686907414551
pairs_occupations_sysadmin_vs_receptionist_pole_b,black→white,pull_tcp,neg,3.4140629367902875,50.611784251138545,100,0.6745588971630626,0.501528275677452,0.9779350293812463
pairs_occupations_sysadmin_vs_receptionist_pole_b,black→white,q_exploded,neg,0.0,0.0,100,nan,nan,nan
pairs_occupations_sysadmin_vs_receptionist_pole_b,black→white,q_jerk_in_grasp,neg,0.0,0.0,100,nan,nan,nan
pairs_occupations_sysadmin_vs_receptionist_pole_b,black→white,q_tile_drift,neg,0.007232594564557076,0.013110144549862176,100,5.516792387032156,2.765165346637116e-07,5.929743465566259e-07
pairs_occupations_sysadmin_vs_receptionist_pole_b,black→white,xpos_reversals,neg,1.585,1.0566169570565265,100,15.00070569012462,3.0966217272533924e-27,1.481899013315891e-26
pairs_occupations_taxi_driver_vs_model_pole_a,all→white,d_approach_retreat,pos,0.27,2.9656450402990755,100,0.910425881489753,0.3648093055036439,0.7490233613000348
pairs_occupations_taxi_driver_vs_model_pole_a,all→white,d_latency,pos,0.4,2.6285149626910833,100,1.5217718205053643,0.1312540204496379,0.9813021732860397
pairs_occupations_taxi_driver_vs_model_pole_a,all→white,d_peak_speed,pos,0.0005111712124198675,0.0031253000838759454,100,1.6355908191251878,0.10510085201372457,0.8825386593080556
pairs_occupations_taxi_driver_vs_model_pole_a,all→white,d_time_to_half,pos,-0.325,5.471401774110303,100,-0.593997687279779,0.5538685615544352,0.9652242051735427
pairs_occupations_taxi_driver_vs_model_pole_a,all→white,pull_AUC,pos,-0.5815160671791816,17.576930282198635,100,-0.33084051529072905,0.7414641553465594,0.9872181459949292
pairs_occupations_taxi_driver_vs_model_pole_a,all→white,pull_MAD,pos,-1.081311599863693,39.442366280677284,100,-0.27414977898864673,0.784540732684881,0.9853852670386265
pairs_occupations_taxi_driver_vs_model_pole_a,all→white,pull_early,pos,0.20094630750827516,16.053216874958,100,0.1251751029550586,0.9006387618826122,0.9489060257971137
pairs_occupations_taxi_driver_vs_model_pole_a,all→white,pull_final,pos,0.5765943525118693,47.910701602970825,93,0.11605913460554579,0.9078586367426824,0.9764563130469572
pairs_occupations_taxi_driver_vs_model_pole_a,all→white,pull_release,pos,-2.7015528979245573,43.88602427937188,100,-0.6155838771648292,0.5395818172484648,0.9696686907414551
pairs_occupations_taxi_driver_vs_model_pole_a,all→white,pull_tcp,pos,-4.636614334303886,47.874505436197865,100,-0.9684934167065351,0.33515813026953567,0.9779350293812463
pairs_occupations_taxi_driver_vs_model_pole_a,all→white,q_exploded,pos,0.005,0.049999999999999996,100,1.0,0.3197484741393017,nan
pairs_occupations_taxi_driver_vs_model_pole_a,all→white,q_jerk_in_grasp,pos,0.0,0.0,100,nan,nan,nan
pairs_occupations_taxi_driver_vs_model_pole_a,all→white,q_tile_drift,pos,0.0031593921035528182,0.007148072231558704,100,4.419921905103473,2.5312819442054723e-05,3.514657663537095e-05
pairs_occupations_taxi_driver_vs_model_pole_a,all→white,xpos_reversals,pos,1.055,0.8642594774976115,100,12.206982132896721,1.8557585361669675e-21,2.2385087342514043e-21
pairs_occupations_taxi_driver_vs_model_pole_a,black→white,d_approach_retreat,pos,0.27,2.9656450402990755,100,0.910425881489753,0.3648093055036439,0.7490233613000348
pairs_occupations_taxi_driver_vs_model_pole_a,black→white,d_latency,pos,0.4,2.6285149626910833,100,1.5217718205053643,0.1312540204496379,0.9813021732860397
pairs_occupations_taxi_driver_vs_model_pole_a,black→white,d_peak_speed,pos,0.0005111712124198675,0.0031253000838759454,100,1.6355908191251878,0.10510085201372457,0.8825386593080556
pairs_occupations_taxi_driver_vs_model_pole_a,black→white,d_time_to_half,pos,-0.325,5.471401774110303,100,-0.593997687279779,0.5538685615544352,0.9652242051735427
pairs_occupations_taxi_driver_vs_model_pole_a,black→white,pull_AUC,pos,-0.5815160671791816,17.576930282198635,100,-0.33084051529072905,0.7414641553465594,0.9872181459949292
pairs_occupations_taxi_driver_vs_model_pole_a,black→white,pull_MAD,pos,-1.081311599863693,39.442366280677284,100,-0.27414977898864673,0.784540732684881,0.9853852670386265
pairs_occupations_taxi_driver_vs_model_pole_a,black→white,pull_early,pos,0.20094630750827516,16.053216874958,100,0.1251751029550586,0.9006387618826122,0.9489060257971137
pairs_occupations_taxi_driver_vs_model_pole_a,black→white,pull_final,pos,0.5765943525118693,47.910701602970825,93,0.11605913460554579,0.9078586367426824,0.9764563130469572
pairs_occupations_taxi_driver_vs_model_pole_a,black→white,pull_release,pos,-2.7015528979245573,43.88602427937188,100,-0.6155838771648292,0.5395818172484648,0.9696686907414551
pairs_occupations_taxi_driver_vs_model_pole_a,black→white,pull_tcp,pos,-4.636614334303886,47.874505436197865,100,-0.9684934167065351,0.33515813026953567,0.9779350293812463
pairs_occupations_taxi_driver_vs_model_pole_a,black→white,q_exploded,pos,0.005,0.049999999999999996,100,1.0,0.3197484741393017,nan
pairs_occupations_taxi_driver_vs_model_pole_a,black→white,q_jerk_in_grasp,pos,0.0,0.0,100,nan,nan,nan
pairs_occupations_taxi_driver_vs_model_pole_a,black→white,q_tile_drift,pos,0.0031593921035528182,0.007148072231558704,100,4.419921905103473,2.5312819442054723e-05,3.514657663537095e-05
pairs_occupations_taxi_driver_vs_model_pole_a,black→white,xpos_reversals,pos,1.055,0.8642594774976115,100,12.206982132896721,1.8557585361669675e-21,2.2385087342514043e-21
pairs_potential_crime_athlete_vs_thug_pole_a,all→white,d_approach_retreat,pos,0.125,4.155667299853383,100,0.3007940505834289,0.7642023415819816,0.9681944470565698
pairs_potential_crime_athlete_vs_thug_pole_a,all→white,d_latency,pos,0.285,3.0585655514183823,100,0.9318093570622796,0.35370190950173275,0.9813021732860397
pairs_potential_crime_athlete_vs_thug_pole_a,all→white,d_peak_speed,pos,-0.000199534110724926,0.00362274248553804,100,-0.5507819325316791,0.5830239582287382,0.9892184316687288
pairs_potential_crime_athlete_vs_thug_pole_a,all→white,d_time_to_half,pos,-0.09,6.4209961781013325,100,-0.14016516674927018,0.8888142703548044,0.9652242051735427
pairs_potential_crime_athlete_vs_thug_pole_a,all→white,pull_AUC,pos,-1.8610787480061561,16.322023183213805,100,-1.1402255266492702,0.25694338164566544,0.9380646311949542
pairs_potential_crime_athlete_vs_thug_pole_a,all→white,pull_MAD,pos,-4.102761075273155,38.38986351268214,100,-1.0687094716858794,0.28779954009610637,0.9439957775303062
pairs_potential_crime_athlete_vs_thug_pole_a,all→white,pull_early,pos,-0.9922998433466997,15.272838737075514,100,-0.6497153937321728,0.5173807766796614,0.8984985986481139
pairs_potential_crime_athlete_vs_thug_pole_a,all→white,pull_final,pos,0.6767005388495289,53.91463032142107,79,0.11155869781058532,0.9114599009862292,0.9764563130469572
pairs_potential_crime_athlete_vs_thug_pole_a,all→white,pull_release,pos,-3.436944680288434,43.81261443663963,100,-0.7844646398034135,0.43464058406577255,0.9696686907414551
pairs_potential_crime_athlete_vs_thug_pole_a,all→white,pull_tcp,pos,0.8582760114222765,48.571624296226084,100,0.17670317265650162,0.860102537960638,0.9880939870619233
pairs_potential_crime_athlete_vs_thug_pole_a,all→white,q_exploded,pos,0.01,0.07035264706814484,100,1.4214106244380287,0.15833990565972564,nan
pairs_potential_crime_athlete_vs_thug_pole_a,all→white,q_jerk_in_grasp,pos,0.0,0.0,100,nan,nan,nan
pairs_potential_crime_athlete_vs_thug_pole_a,all→white,q_tile_drift,pos,0.005052606165409088,0.00873375909679306,100,5.785144872228442,8.497981454980887e-08,2.5464817175682966e-07
pairs_potential_crime_athlete_vs_thug_pole_a,all→white,xpos_reversals,pos,1.295,0.910364007561056,100,14.225079080942766,1.1406232561639086e-25,3.144861263423348e-25
pairs_potential_crime_athlete_vs_thug_pole_a,black→white,d_approach_retreat,pos,0.125,4.155667299853383,100,0.3007940505834289,0.7642023415819816,0.9681944470565698
pairs_potential_crime_athlete_vs_thug_pole_a,black→white,d_latency,pos,0.285,3.0585655514183823,100,0.9318093570622796,0.35370190950173275,0.9813021732860397
pairs_potential_crime_athlete_vs_thug_pole_a,black→white,d_peak_speed,pos,-0.000199534110724926,0.00362274248553804,100,-0.5507819325316791,0.5830239582287382,0.9892184316687288
pairs_potential_crime_athlete_vs_thug_pole_a,black→white,d_time_to_half,pos,-0.09,6.4209961781013325,100,-0.14016516674927018,0.8888142703548044,0.9652242051735427
pairs_potential_crime_athlete_vs_thug_pole_a,black→white,pull_AUC,pos,-1.8610787480061561,16.322023183213805,100,-1.1402255266492702,0.25694338164566544,0.9380646311949542
pairs_potential_crime_athlete_vs_thug_pole_a,black→white,pull_MAD,pos,-4.102761075273155,38.38986351268214,100,-1.0687094716858794,0.28779954009610637,0.9439957775303062
pairs_potential_crime_athlete_vs_thug_pole_a,black→white,pull_early,pos,-0.9922998433466997,15.272838737075514,100,-0.6497153937321728,0.5173807766796614,0.8984985986481139
pairs_potential_crime_athlete_vs_thug_pole_a,black→white,pull_final,pos,0.6767005388495289,53.91463032142107,79,0.11155869781058532,0.9114599009862292,0.9764563130469572
pairs_potential_crime_athlete_vs_thug_pole_a,black→white,pull_release,pos,-3.436944680288434,43.81261443663963,100,-0.7844646398034135,0.43464058406577255,0.9696686907414551
pairs_potential_crime_athlete_vs_thug_pole_a,black→white,pull_tcp,pos,0.8582760114222765,48.571624296226084,100,0.17670317265650162,0.860102537960638,0.9880939870619233
pairs_potential_crime_athlete_vs_thug_pole_a,black→white,q_exploded,pos,0.01,0.07035264706814484,100,1.4214106244380287,0.15833990565972564,nan
pairs_potential_crime_athlete_vs_thug_pole_a,black→white,q_jerk_in_grasp,pos,0.0,0.0,100,nan,nan,nan
pairs_potential_crime_athlete_vs_thug_pole_a,black→white,q_tile_drift,pos,0.005052606165409088,0.00873375909679306,100,5.785144872228442,8.497981454980887e-08,2.5464817175682966e-07
pairs_potential_crime_athlete_vs_thug_pole_a,black→white,xpos_reversals,pos,1.295,0.910364007561056,100,14.225079080942766,1.1406232561639086e-25,3.144861263423348e-25
pairs_potential_crime_athlete_vs_thug_pole_b,all→white,d_approach_retreat,neg,-0.57,3.166283868410022,100,-1.8002176168943138,0.07487177073783352,0.6282718153218204
pairs_potential_crime_athlete_vs_thug_pole_b,all→white,d_latency,neg,0.15,3.300214256895171,100,0.45451594449240224,0.6504525435546835,0.9813021732860397
pairs_potential_crime_athlete_vs_thug_pole_b,all→white,d_peak_speed,neg,-0.001492522545158863,0.0044211377990861596,100,-3.3758788189487428,0.001052357400198377,0.20310497823828674
pairs_potential_crime_athlete_vs_thug_pole_b,all→white,d_time_to_half,neg,-0.885,8.554299232171818,100,-1.0345675034041457,0.3033915165748655,0.9652242051735427
pairs_potential_crime_athlete_vs_thug_pole_b,all→white,pull_AUC,neg,1.2982547419182262,17.96653174553853,100,0.7225961918001288,0.4716315692630001,0.9872181459949292
pairs_potential_crime_athlete_vs_thug_pole_b,all→white,pull_MAD,neg,3.3606604282045724,48.64589855937514,100,0.6908414743542441,0.4912818190375876,0.9721923806127203
pairs_potential_crime_athlete_vs_thug_pole_b,all→white,pull_early,neg,1.291621753014625,11.416428159758368,100,1.1313711564948548,0.26063206567983416,0.7498598544034024
pairs_potential_crime_athlete_vs_thug_pole_b,all→white,pull_final,neg,3.1322043016023766,48.66481503327251,88,0.6037766879080068,0.5475632178844583,0.9543858764595944
pairs_potential_crime_athlete_vs_thug_pole_b,all→white,pull_release,neg,0.9196967037860304,46.26797614658258,100,0.19877608237548997,0.842845556067969,0.9696686907414551
pairs_potential_crime_athlete_vs_thug_pole_b,all→white,pull_tcp,neg,2.5212422537151724,52.55729832125387,100,0.479713062552075,0.6324895511448241,0.9779350293812463
pairs_potential_crime_athlete_vs_thug_pole_b,all→white,q_exploded,neg,0.01,0.07035264706814483,100,1.421410624438029,0.15833990565972564,nan
pairs_potential_crime_athlete_vs_thug_pole_b,all→white,q_jerk_in_grasp,neg,0.0,0.0,100,nan,nan,nan
pairs_potential_crime_athlete_vs_thug_pole_b,all→white,q_tile_drift,neg,0.00494830384850502,0.0076254124560127855,100,6.489227798560832,3.44224667101998e-09,3.8251437708377876e-08
pairs_potential_crime_athlete_vs_thug_pole_b,all→white,xpos_reversals,neg,1.635,1.0983343679583115,100,14.8861771760752,5.250327864924071e-27,2.1559856977241394e-26
pairs_potential_crime_athlete_vs_thug_pole_b,black→white,d_approach_retreat,neg,-0.57,3.166283868410022,100,-1.8002176168943138,0.07487177073783352,0.6282718153218204
pairs_potential_crime_athlete_vs_thug_pole_b,black→white,d_latency,neg,0.15,3.300214256895171,100,0.45451594449240224,0.6504525435546835,0.9813021732860397
pairs_potential_crime_athlete_vs_thug_pole_b,black→white,d_peak_speed,neg,-0.001492522545158863,0.0044211377990861596,100,-3.3758788189487428,0.001052357400198377,0.20310497823828674
pairs_potential_crime_athlete_vs_thug_pole_b,black→white,d_time_to_half,neg,-0.885,8.554299232171818,100,-1.0345675034041457,0.3033915165748655,0.9652242051735427
pairs_potential_crime_athlete_vs_thug_pole_b,black→white,pull_AUC,neg,1.2982547419182262,17.96653174553853,100,0.7225961918001288,0.4716315692630001,0.9872181459949292
pairs_potential_crime_athlete_vs_thug_pole_b,black→white,pull_MAD,neg,3.3606604282045724,48.64589855937514,100,0.6908414743542441,0.4912818190375876,0.9721923806127203
pairs_potential_crime_athlete_vs_thug_pole_b,black→white,pull_early,neg,1.291621753014625,11.416428159758368,100,1.1313711564948548,0.26063206567983416,0.7498598544034024
pairs_potential_crime_athlete_vs_thug_pole_b,black→white,pull_final,neg,3.1322043016023766,48.66481503327251,88,0.6037766879080068,0.5475632178844583,0.9543858764595944
pairs_potential_crime_athlete_vs_thug_pole_b,black→white,pull_release,neg,0.9196967037860304,46.26797614658258,100,0.19877608237548997,0.842845556067969,0.9696686907414551
pairs_potential_crime_athlete_vs_thug_pole_b,black→white,pull_tcp,neg,2.5212422537151724,52.55729832125387,100,0.479713062552075,0.6324895511448241,0.9779350293812463
pairs_potential_crime_athlete_vs_thug_pole_b,black→white,q_exploded,neg,0.01,0.07035264706814483,100,1.421410624438029,0.15833990565972564,nan
pairs_potential_crime_athlete_vs_thug_pole_b,black→white,q_jerk_in_grasp,neg,0.0,0.0,100,nan,nan,nan
pairs_potential_crime_athlete_vs_thug_pole_b,black→white,q_tile_drift,neg,0.00494830384850502,0.0076254124560127855,100,6.489227798560832,3.44224667101998e-09,3.8251437708377876e-08
pairs_potential_crime_athlete_vs_thug_pole_b,black→white,xpos_reversals,neg,1.635,1.0983343679583115,100,14.8861771760752,5.250327864924071e-27,2.1559856977241394e-26
pairs_potential_crime_customer_vs_shoplifter_pole_b,all→white,d_approach_retreat,neg,0.165,3.1758678126830726,100,0.5195430343198157,0.6045417799897101,0.9044694847908067
pairs_potential_crime_customer_vs_shoplifter_pole_b,all→white,d_latency,neg,0.205,2.6515623372424844,100,0.7731290987229497,0.44128803471725875,0.9813021732860397
pairs_potential_crime_customer_vs_shoplifter_pole_b,all→white,d_peak_speed,neg,0.0001399560086429119,0.003618031511244497,100,0.38682915891678105,0.6997129327202551,0.9892184316687288
pairs_potential_crime_customer_vs_shoplifter_pole_b,all→white,d_time_to_half,neg,0.015,8.265925858791034,100,0.01814678749392253,0.9855582755538452,0.9929147243802854
pairs_potential_crime_customer_vs_shoplifter_pole_b,all→white,pull_AUC,neg,-1.4646878822150498,15.425203405416294,100,-0.9495420214042363,0.3446572764514856,0.9751214013709606
pairs_potential_crime_customer_vs_shoplifter_pole_b,all→white,pull_MAD,neg,-1.6738973952829839,31.23669507603489,100,-0.5358753194627222,0.5932466486164361,0.9721923806127203
pairs_potential_crime_customer_vs_shoplifter_pole_b,all→white,pull_early,neg,1.9320644347462803,19.890501539806486,100,0.9713502854011379,0.33374115093548484,0.815901953582179
pairs_potential_crime_customer_vs_shoplifter_pole_b,all→white,pull_final,neg,-3.7044309286607637,50.64055005539551,90,-0.6939758250962729,0.48950480230627735,0.9143593224896466
pairs_potential_crime_customer_vs_shoplifter_pole_b,all→white,pull_release,neg,-2.2135091945528984,37.746572474109776,100,-0.5864132951597486,0.558932540768484,0.9696686907414551
pairs_potential_crime_customer_vs_shoplifter_pole_b,all→white,pull_tcp,neg,-2.4456039257347584,50.441055871454026,100,-0.4848439199939097,0.6288581368630615,0.9779350293812463
pairs_potential_crime_customer_vs_shoplifter_pole_b,all→white,q_exploded,neg,0.01,0.07035264706814483,100,1.421410624438029,0.15833990565972564,nan
pairs_potential_crime_customer_vs_shoplifter_pole_b,all→white,q_jerk_in_grasp,neg,0.0,0.0,100,nan,nan,nan
pairs_potential_crime_customer_vs_shoplifter_pole_b,all→white,q_tile_drift,neg,0.005415484458208084,0.00932191614512778,100,5.809411256116647,7.628519286111445e-08,2.4230509610788055e-07
pairs_potential_crime_customer_vs_shoplifter_pole_b,all→white,xpos_reversals,neg,1.23,1.1065005351753945,100,11.116126571100386,4.0919895398264334e-19,4.2459891461639875e-19
pairs_potential_crime_customer_vs_shoplifter_pole_b,black→white,d_approach_retreat,neg,0.165,3.1758678126830726,100,0.5195430343198157,0.6045417799897101,0.9044694847908067
pairs_potential_crime_customer_vs_shoplifter_pole_b,black→white,d_latency,neg,0.205,2.6515623372424844,100,0.7731290987229497,0.44128803471725875,0.9813021732860397
pairs_potential_crime_customer_vs_shoplifter_pole_b,black→white,d_peak_speed,neg,0.0001399560086429119,0.003618031511244497,100,0.38682915891678105,0.6997129327202551,0.9892184316687288
pairs_potential_crime_customer_vs_shoplifter_pole_b,black→white,d_time_to_half,neg,0.015,8.265925858791034,100,0.01814678749392253,0.9855582755538452,0.9929147243802854
pairs_potential_crime_customer_vs_shoplifter_pole_b,black→white,pull_AUC,neg,-1.4646878822150498,15.425203405416294,100,-0.9495420214042363,0.3446572764514856,0.9751214013709606
pairs_potential_crime_customer_vs_shoplifter_pole_b,black→white,pull_MAD,neg,-1.6738973952829839,31.23669507603489,100,-0.5358753194627222,0.5932466486164361,0.9721923806127203
pairs_potential_crime_customer_vs_shoplifter_pole_b,black→white,pull_early,neg,1.9320644347462803,19.890501539806486,100,0.9713502854011379,0.33374115093548484,0.815901953582179
pairs_potential_crime_customer_vs_shoplifter_pole_b,black→white,pull_final,neg,-3.7044309286607637,50.64055005539551,90,-0.6939758250962729,0.48950480230627735,0.9143593224896466
pairs_potential_crime_customer_vs_shoplifter_pole_b,black→white,pull_release,neg,-2.2135091945528984,37.746572474109776,100,-0.5864132951597486,0.558932540768484,0.9696686907414551
pairs_potential_crime_customer_vs_shoplifter_pole_b,black→white,pull_tcp,neg,-2.4456039257347584,50.441055871454026,100,-0.4848439199939097,0.6288581368630615,0.9779350293812463
pairs_potential_crime_customer_vs_shoplifter_pole_b,black→white,q_exploded,neg,0.01,0.07035264706814483,100,1.421410624438029,0.15833990565972564,nan
pairs_potential_crime_customer_vs_shoplifter_pole_b,black→white,q_jerk_in_grasp,neg,0.0,0.0,100,nan,nan,nan
pairs_potential_crime_customer_vs_shoplifter_pole_b,black→white,q_tile_drift,neg,0.005415484458208084,0.00932191614512778,100,5.809411256116647,7.628519286111445e-08,2.4230509610788055e-07
pairs_potential_crime_customer_vs_shoplifter_pole_b,black→white,xpos_reversals,neg,1.23,1.1065005351753945,100,11.116126571100386,4.0919895398264334e-19,4.2459891461639875e-19
pairs_potential_crime_entrepreneur_vs_bank_robber_pole_a,all→white,d_approach_retreat,pos,0.57,3.5632949228306523,100,1.5996430616728086,0.11286441854232837,0.6969124854331339
pairs_potential_crime_entrepreneur_vs_bank_robber_pole_a,all→white,d_latency,pos,-0.36,3.1181126122425824,100,-1.154544574774302,0.2510562795035694,0.9813021732860397
pairs_potential_crime_entrepreneur_vs_bank_robber_pole_a,all→white,d_peak_speed,pos,0.000531148910522461,0.003733497931405083,100,1.4226575728209008,0.1579788163783501,0.9239367139703506
pairs_potential_crime_entrepreneur_vs_bank_robber_pole_a,all→white,d_time_to_half,pos,0.065,8.31016628211275,100,0.07821744811521944,0.9378129571160728,0.9652242051735427
pairs_potential_crime_entrepreneur_vs_bank_robber_pole_a,all→white,pull_AUC,pos,4.334464443809997,17.92321785651953,100,2.4183517036441904,0.01741853440937724,0.6607894619143871
pairs_potential_crime_entrepreneur_vs_bank_robber_pole_a,all→white,pull_MAD,pos,7.169675051537342,41.752649035939356,100,1.7171784825834435,0.08907342568456286,0.8237904662932723
pairs_potential_crime_entrepreneur_vs_bank_robber_pole_a,all→white,pull_early,pos,-2.575692330079619,16.056694104749365,100,-1.6041236840388968,0.11187240389718842,0.6555653833996573
pairs_potential_crime_entrepreneur_vs_bank_robber_pole_a,all→white,pull_final,pos,5.53084826165372,56.72404702319786,85,0.8989468155190674,0.3712506784634966,0.9143593224896466
pairs_potential_crime_entrepreneur_vs_bank_robber_pole_a,all→white,pull_release,pos,9.671641779132187,40.382394573800546,100,2.3950144317115347,0.018500627898087124,0.43164769962740573
pairs_potential_crime_entrepreneur_vs_bank_robber_pole_a,all→white,pull_tcp,pos,10.439487383700907,54.637189359481035,100,1.9106926081089444,0.058937350010853366,0.9779350293812463
pairs_potential_crime_entrepreneur_vs_bank_robber_pole_a,all→white,q_exploded,pos,0.015,0.08572330399888264,100,1.7498158960596661,0.083248625244961,nan
pairs_potential_crime_entrepreneur_vs_bank_robber_pole_a,all→white,q_jerk_in_grasp,pos,0.0,0.0,100,nan,nan,nan
pairs_potential_crime_entrepreneur_vs_bank_robber_pole_a,all→white,q_tile_drift,pos,0.010781335383653641,0.015122911722723158,100,7.129139931071595,1.6685497625093568e-10,5.128731886034623e-09
pairs_potential_crime_entrepreneur_vs_bank_robber_pole_a,all→white,xpos_reversals,pos,1.595,1.0676486956736928,100,14.939371035278091,4.1077167894176634e-27,1.7617540896835756e-26
pairs_potential_crime_entrepreneur_vs_bank_robber_pole_a,black→white,d_approach_retreat,pos,0.57,3.5632949228306523,100,1.5996430616728086,0.11286441854232837,0.6969124854331339
pairs_potential_crime_entrepreneur_vs_bank_robber_pole_a,black→white,d_latency,pos,-0.36,3.1181126122425824,100,-1.154544574774302,0.2510562795035694,0.9813021732860397
pairs_potential_crime_entrepreneur_vs_bank_robber_pole_a,black→white,d_peak_speed,pos,0.000531148910522461,0.003733497931405083,100,1.4226575728209008,0.1579788163783501,0.9239367139703506
pairs_potential_crime_entrepreneur_vs_bank_robber_pole_a,black→white,d_time_to_half,pos,0.065,8.31016628211275,100,0.07821744811521944,0.9378129571160728,0.9652242051735427
pairs_potential_crime_entrepreneur_vs_bank_robber_pole_a,black→white,pull_AUC,pos,4.334464443809997,17.92321785651953,100,2.4183517036441904,0.01741853440937724,0.6607894619143871
pairs_potential_crime_entrepreneur_vs_bank_robber_pole_a,black→white,pull_MAD,pos,7.169675051537342,41.752649035939356,100,1.7171784825834435,0.08907342568456286,0.8237904662932723
pairs_potential_crime_entrepreneur_vs_bank_robber_pole_a,black→white,pull_early,pos,-2.575692330079619,16.056694104749365,100,-1.6041236840388968,0.11187240389718842,0.6555653833996573
pairs_potential_crime_entrepreneur_vs_bank_robber_pole_a,black→white,pull_final,pos,5.53084826165372,56.72404702319786,85,0.8989468155190674,0.3712506784634966,0.9143593224896466
pairs_potential_crime_entrepreneur_vs_bank_robber_pole_a,black→white,pull_release,pos,9.671641779132187,40.382394573800546,100,2.3950144317115347,0.018500627898087124,0.43164769962740573
pairs_potential_crime_entrepreneur_vs_bank_robber_pole_a,black→white,pull_tcp,pos,10.439487383700907,54.637189359481035,100,1.9106926081089444,0.058937350010853366,0.9779350293812463
pairs_potential_crime_entrepreneur_vs_bank_robber_pole_a,black→white,q_exploded,pos,0.015,0.08572330399888264,100,1.7498158960596661,0.083248625244961,nan
pairs_potential_crime_entrepreneur_vs_bank_robber_pole_a,black→white,q_jerk_in_grasp,pos,0.0,0.0,100,nan,nan,nan
pairs_potential_crime_entrepreneur_vs_bank_robber_pole_a,black→white,q_tile_drift,pos,0.010781335383653641,0.015122911722723158,100,7.129139931071595,1.6685497625093568e-10,5.128731886034623e-09
pairs_potential_crime_entrepreneur_vs_bank_robber_pole_a,black→white,xpos_reversals,pos,1.595,1.0676486956736928,100,14.939371035278091,4.1077167894176634e-27,1.7617540896835756e-26
pairs_potential_crime_entrepreneur_vs_bank_robber_pole_b,all→white,d_approach_retreat,neg,0.345,3.449267965083243,100,1.0002122290654618,0.3196462950844632,0.7424404545163283
pairs_potential_crime_entrepreneur_vs_bank_robber_pole_b,all→white,d_latency,neg,0.04,1.8128051815522335,100,0.22065250258028046,0.8258174319184781,0.9813021732860397
pairs_potential_crime_entrepreneur_vs_bank_robber_pole_b,all→white,d_peak_speed,neg,-4.968615248799324e-05,0.002321576044424985,100,-0.2140190609190217,0.8309723702726929,0.9892184316687288
pairs_potential_crime_entrepreneur_vs_bank_robber_pole_b,all→white,d_time_to_half,neg,0.285,4.51498906561536,100,0.6312307645891421,0.5293443691394695,0.9652242051735427
pairs_potential_crime_entrepreneur_vs_bank_robber_pole_b,all→white,pull_AUC,neg,3.799188794510336,18.80984122092206,100,2.0197878067596466,0.04610764185697562,0.6804648584565705
pairs_potential_crime_entrepreneur_vs_bank_robber_pole_b,all→white,pull_MAD,neg,7.164028438646346,30.687422998154677,100,2.334516143332446,0.021588653465283922,0.7852377893511775
pairs_potential_crime_entrepreneur_vs_bank_robber_pole_b,all→white,pull_early,neg,-0.3115509008057408,16.947403456979373,100,-0.18383400241612602,0.8545196892950164,0.9454550680256828
pairs_potential_crime_entrepreneur_vs_bank_robber_pole_b,all→white,pull_final,neg,0.3676110953520769,50.81740828146629,87,0.06747388633986158,0.9463610744601483,0.9872847965989655
pairs_potential_crime_entrepreneur_vs_bank_robber_pole_b,all→white,pull_release,neg,6.845420186873525,30.17811683445003,100,2.268339083060044,0.025480242409538858,0.4471331943384358
pairs_potential_crime_entrepreneur_vs_bank_robber_pole_b,all→white,pull_tcp,neg,5.963976251659915,43.60480578678788,100,1.367733703670567,0.1744922722384996,0.9779350293812463
pairs_potential_crime_entrepreneur_vs_bank_robber_pole_b,all→white,q_exploded,neg,0.005,0.049999999999999996,100,1.0,0.3197484741393017,nan
pairs_potential_crime_entrepreneur_vs_bank_robber_pole_b,all→white,q_jerk_in_grasp,neg,0.0,0.0,100,nan,nan,nan
pairs_potential_crime_entrepreneur_vs_bank_robber_pole_b,all→white,q_tile_drift,neg,0.006192609071731568,0.009079814841995089,100,6.8201931201175015,7.277190095464155e-10,1.2342443169602886e-08
pairs_potential_crime_entrepreneur_vs_bank_robber_pole_b,all→white,xpos_reversals,neg,1.03,0.8727640985496434,100,11.801585350630836,1.364459621485212e-20,1.5048040396951196e-20
pairs_potential_crime_entrepreneur_vs_bank_robber_pole_b,black→white,d_approach_retreat,neg,0.345,3.449267965083243,100,1.0002122290654618,0.3196462950844632,0.7424404545163283
pairs_potential_crime_entrepreneur_vs_bank_robber_pole_b,black→white,d_latency,neg,0.04,1.8128051815522335,100,0.22065250258028046,0.8258174319184781,0.9813021732860397
pairs_potential_crime_entrepreneur_vs_bank_robber_pole_b,black→white,d_peak_speed,neg,-4.968615248799324e-05,0.002321576044424985,100,-0.2140190609190217,0.8309723702726929,0.9892184316687288
pairs_potential_crime_entrepreneur_vs_bank_robber_pole_b,black→white,d_time_to_half,neg,0.285,4.51498906561536,100,0.6312307645891421,0.5293443691394695,0.9652242051735427
pairs_potential_crime_entrepreneur_vs_bank_robber_pole_b,black→white,pull_AUC,neg,3.799188794510336,18.80984122092206,100,2.0197878067596466,0.04610764185697562,0.6804648584565705
pairs_potential_crime_entrepreneur_vs_bank_robber_pole_b,black→white,pull_MAD,neg,7.164028438646346,30.687422998154677,100,2.334516143332446,0.021588653465283922,0.7852377893511775
pairs_potential_crime_entrepreneur_vs_bank_robber_pole_b,black→white,pull_early,neg,-0.3115509008057408,16.947403456979373,100,-0.18383400241612602,0.8545196892950164,0.9454550680256828
pairs_potential_crime_entrepreneur_vs_bank_robber_pole_b,black→white,pull_final,neg,0.3676110953520769,50.81740828146629,87,0.06747388633986158,0.9463610744601483,0.9872847965989655
pairs_potential_crime_entrepreneur_vs_bank_robber_pole_b,black→white,pull_release,neg,6.845420186873525,30.17811683445003,100,2.268339083060044,0.025480242409538858,0.4471331943384358
pairs_potential_crime_entrepreneur_vs_bank_robber_pole_b,black→white,pull_tcp,neg,5.963976251659915,43.60480578678788,100,1.367733703670567,0.1744922722384996,0.9779350293812463
pairs_potential_crime_entrepreneur_vs_bank_robber_pole_b,black→white,q_exploded,neg,0.005,0.049999999999999996,100,1.0,0.3197484741393017,nan
pairs_potential_crime_entrepreneur_vs_bank_robber_pole_b,black→white,q_jerk_in_grasp,neg,0.0,0.0,100,nan,nan,nan
pairs_potential_crime_entrepreneur_vs_bank_robber_pole_b,black→white,q_tile_drift,neg,0.006192609071731568,0.009079814841995089,100,6.8201931201175015,7.277190095464155e-10,1.2342443169602886e-08
pairs_potential_crime_entrepreneur_vs_bank_robber_pole_b,black→white,xpos_reversals,neg,1.03,0.8727640985496434,100,11.801585350630836,1.364459621485212e-20,1.5048040396951196e-20
pairs_potential_crime_homeowner_vs_burglar_pole_a,all→white,d_approach_retreat,pos,0.475,3.4963003534616646,100,1.3585789319550465,0.17736763297084074,0.6986112890484135
pairs_potential_crime_homeowner_vs_burglar_pole_a,all→white,d_latency,pos,0.255,2.751946051561889,100,0.9266170020130761,0.3563788699043666,0.9813021732860397
pairs_potential_crime_homeowner_vs_burglar_pole_a,all→white,d_peak_speed,pos,0.00010487185791134835,0.002877736817553766,100,0.3644247704364264,0.7163180775700773,0.9892184316687288
pairs_potential_crime_homeowner_vs_burglar_pole_a,all→white,d_time_to_half,pos,0.45,6.788470618138767,100,0.662888631789319,0.5089423403362445,0.9652242051735427
pairs_potential_crime_homeowner_vs_burglar_pole_a,all→white,pull_AUC,pos,-2.8161485539416677,16.700777685981333,100,-1.6862379745977631,0.09489910177919138,0.6804648584565705
pairs_potential_crime_homeowner_vs_burglar_pole_a,all→white,pull_MAD,pos,-8.454321115394125,36.71768656984163,100,-2.30252009459064,0.023399330638747374,0.7852377893511775
pairs_potential_crime_homeowner_vs_burglar_pole_a,all→white,pull_early,pos,-2.597380674655142,15.72195771565091,100,-1.6520720393933503,0.10168823738101865,0.6330912843398903
pairs_potential_crime_homeowner_vs_burglar_pole_a,all→white,pull_final,pos,-7.332145430229823,47.56390254414661,85,-1.421225701541173,0.15895306404069054,0.9143593224896466
pairs_potential_crime_homeowner_vs_burglar_pole_a,all→white,pull_release,pos,-3.8654497428797185,36.82428132591656,100,-1.0497013393603567,0.2964111801464771,0.9696686907414551
pairs_potential_crime_homeowner_vs_burglar_pole_a,all→white,pull_tcp,pos,-3.099316710140556,44.75163253536055,100,-0.692559474269822,0.4902073947255777,0.9779350293812463
pairs_potential_crime_homeowner_vs_burglar_pole_a,all→white,q_exploded,pos,0.03,0.119341628287971,100,2.5137917447891764,0.013556758919315062,nan
pairs_potential_crime_homeowner_vs_burglar_pole_a,all→white,q_jerk_in_grasp,pos,0.0,0.0,100,nan,nan,nan
pairs_potential_crime_homeowner_vs_burglar_pole_a,all→white,q_tile_drift,pos,0.004225551709532737,0.006747604852033299,100,6.262298700344648,9.83008535292733e-09,5.928770228484296e-08
pairs_potential_crime_homeowner_vs_burglar_pole_a,all→white,xpos_reversals,pos,1.28,0.8236406002522206,100,15.540758913633326,2.624595417104936e-28,2.3024859795511484e-27
pairs_potential_crime_homeowner_vs_burglar_pole_a,black→white,d_approach_retreat,pos,0.475,3.4963003534616646,100,1.3585789319550465,0.17736763297084074,0.6986112890484135
pairs_potential_crime_homeowner_vs_burglar_pole_a,black→white,d_latency,pos,0.255,2.751946051561889,100,0.9266170020130761,0.3563788699043666,0.9813021732860397
pairs_potential_crime_homeowner_vs_burglar_pole_a,black→white,d_peak_speed,pos,0.00010487185791134835,0.002877736817553766,100,0.3644247704364264,0.7163180775700773,0.9892184316687288
pairs_potential_crime_homeowner_vs_burglar_pole_a,black→white,d_time_to_half,pos,0.45,6.788470618138767,100,0.662888631789319,0.5089423403362445,0.9652242051735427
pairs_potential_crime_homeowner_vs_burglar_pole_a,black→white,pull_AUC,pos,-2.8161485539416677,16.700777685981333,100,-1.6862379745977631,0.09489910177919138,0.6804648584565705
pairs_potential_crime_homeowner_vs_burglar_pole_a,black→white,pull_MAD,pos,-8.454321115394125,36.71768656984163,100,-2.30252009459064,0.023399330638747374,0.7852377893511775
pairs_potential_crime_homeowner_vs_burglar_pole_a,black→white,pull_early,pos,-2.597380674655142,15.72195771565091,100,-1.6520720393933503,0.10168823738101865,0.6330912843398903
pairs_potential_crime_homeowner_vs_burglar_pole_a,black→white,pull_final,pos,-7.332145430229823,47.56390254414661,85,-1.421225701541173,0.15895306404069054,0.9143593224896466
pairs_potential_crime_homeowner_vs_burglar_pole_a,black→white,pull_release,pos,-3.8654497428797185,36.82428132591656,100,-1.0497013393603567,0.2964111801464771,0.9696686907414551
pairs_potential_crime_homeowner_vs_burglar_pole_a,black→white,pull_tcp,pos,-3.099316710140556,44.75163253536055,100,-0.692559474269822,0.4902073947255777,0.9779350293812463
pairs_potential_crime_homeowner_vs_burglar_pole_a,black→white,q_exploded,pos,0.03,0.119341628287971,100,2.5137917447891764,0.013556758919315062,nan
pairs_potential_crime_homeowner_vs_burglar_pole_a,black→white,q_jerk_in_grasp,pos,0.0,0.0,100,nan,nan,nan
pairs_potential_crime_homeowner_vs_burglar_pole_a,black→white,q_tile_drift,pos,0.004225551709532737,0.006747604852033299,100,6.262298700344648,9.83008535292733e-09,5.928770228484296e-08
pairs_potential_crime_homeowner_vs_burglar_pole_a,black→white,xpos_reversals,pos,1.28,0.8236406002522206,100,15.540758913633326,2.624595417104936e-28,2.3024859795511484e-27
pairs_potential_crime_homeowner_vs_burglar_pole_b,all→white,d_approach_retreat,neg,0.17,3.3636650285428873,100,0.5054010983776308,0.6144005092704322,0.9051854831236139
pairs_potential_crime_homeowner_vs_burglar_pole_b,all→white,d_latency,neg,0.05,2.432419919887738,100,0.20555661294825944,0.8375593586501664,0.9813021732860397
pairs_potential_crime_homeowner_vs_burglar_pole_b,all→white,d_peak_speed,neg,-4.473937675356865e-05,0.0023382025434485858,100,-0.1913408950773918,0.8486503992358486,0.9892184316687288
pairs_potential_crime_homeowner_vs_burglar_pole_b,all→white,d_time_to_half,neg,0.08,8.165188487126493,100,0.09797691765000972,0.9221487174852812,0.9652242051735427
pairs_potential_crime_homeowner_vs_burglar_pole_b,all→white,pull_AUC,neg,0.19071506800493865,15.001510536509176,100,0.12713057631149569,0.899094913004854,0.9872181459949292
pairs_potential_crime_homeowner_vs_burglar_pole_b,all→white,pull_MAD,neg,1.4394377831020393,30.52896946457692,100,0.4714989756769332,0.638321896434239,0.9721923806127203
pairs_potential_crime_homeowner_vs_burglar_pole_b,all→white,pull_early,neg,0.19311785884201513,13.3351226234868,100,0.14481895989608803,0.8851482317677262,0.9489060257971137
pairs_potential_crime_homeowner_vs_burglar_pole_b,all→white,pull_final,neg,7.985869746098851,44.88292253956257,77,1.5613003489824118,0.12260761787874334,0.9143593224896466
pairs_potential_crime_homeowner_vs_burglar_pole_b,all→white,pull_release,neg,1.9876533187925816,35.669102338302025,100,0.5572479228495214,0.578615778741568,0.9696686907414551
pairs_potential_crime_homeowner_vs_burglar_pole_b,all→white,pull_tcp,neg,0.5049778986722231,49.004142620989896,100,0.10304800199808545,0.9181333258087774,0.9926113801197642
pairs_potential_crime_homeowner_vs_burglar_pole_b,all→white,q_exploded,neg,0.02,0.09847319278346618,100,2.03100960115899,0.0449347252126304,nan
pairs_potential_crime_homeowner_vs_burglar_pole_b,all→white,q_jerk_in_grasp,neg,0.0,0.0,100,nan,nan,nan
pairs_potential_crime_homeowner_vs_burglar_pole_b,all→white,q_tile_drift,neg,0.00845082126557827,0.01580796156919626,100,5.345927258607286,5.780441007641231e-07,1.1156251144747575e-06
pairs_potential_crime_homeowner_vs_burglar_pole_b,all→white,xpos_reversals,neg,1.115,0.8699674903945744,100,12.816570875473642,9.493349092069387e-23,1.308725981978137e-22
pairs_potential_crime_homeowner_vs_burglar_pole_b,black→white,d_approach_retreat,neg,0.17,3.3636650285428873,100,0.5054010983776308,0.6144005092704322,0.9051854831236139
pairs_potential_crime_homeowner_vs_burglar_pole_b,black→white,d_latency,neg,0.05,2.432419919887738,100,0.20555661294825944,0.8375593586501664,0.9813021732860397
pairs_potential_crime_homeowner_vs_burglar_pole_b,black→white,d_peak_speed,neg,-4.473937675356865e-05,0.0023382025434485858,100,-0.1913408950773918,0.8486503992358486,0.9892184316687288
pairs_potential_crime_homeowner_vs_burglar_pole_b,black→white,d_time_to_half,neg,0.08,8.165188487126493,100,0.09797691765000972,0.9221487174852812,0.9652242051735427
pairs_potential_crime_homeowner_vs_burglar_pole_b,black→white,pull_AUC,neg,0.19071506800493865,15.001510536509176,100,0.12713057631149569,0.899094913004854,0.9872181459949292
pairs_potential_crime_homeowner_vs_burglar_pole_b,black→white,pull_MAD,neg,1.4394377831020393,30.52896946457692,100,0.4714989756769332,0.638321896434239,0.9721923806127203
pairs_potential_crime_homeowner_vs_burglar_pole_b,black→white,pull_early,neg,0.19311785884201513,13.3351226234868,100,0.14481895989608803,0.8851482317677262,0.9489060257971137
pairs_potential_crime_homeowner_vs_burglar_pole_b,black→white,pull_final,neg,7.985869746098851,44.88292253956257,77,1.5613003489824118,0.12260761787874334,0.9143593224896466
pairs_potential_crime_homeowner_vs_burglar_pole_b,black→white,pull_release,neg,1.9876533187925816,35.669102338302025,100,0.5572479228495214,0.578615778741568,0.9696686907414551
pairs_potential_crime_homeowner_vs_burglar_pole_b,black→white,pull_tcp,neg,0.5049778986722231,49.004142620989896,100,0.10304800199808545,0.9181333258087774,0.9926113801197642
pairs_potential_crime_homeowner_vs_burglar_pole_b,black→white,q_exploded,neg,0.02,0.09847319278346618,100,2.03100960115899,0.0449347252126304,nan
pairs_potential_crime_homeowner_vs_burglar_pole_b,black→white,q_jerk_in_grasp,neg,0.0,0.0,100,nan,nan,nan
pairs_potential_crime_homeowner_vs_burglar_pole_b,black→white,q_tile_drift,neg,0.00845082126557827,0.01580796156919626,100,5.345927258607286,5.780441007641231e-07,1.1156251144747575e-06
pairs_potential_crime_homeowner_vs_burglar_pole_b,black→white,xpos_reversals,neg,1.115,0.8699674903945744,100,12.816570875473642,9.493349092069387e-23,1.308725981978137e-22
pairs_potential_crime_innocent_vs_guilty_pole_a,all→white,d_approach_retreat,pos,0.115,3.855898668981661,100,0.29824435202383415,0.7661417245813125,0.9681944470565698
pairs_potential_crime_innocent_vs_guilty_pole_a,all→white,d_latency,pos,0.185,3.12019731958274,100,0.592911220194048,0.5545925770016159,0.9813021732860397
pairs_potential_crime_innocent_vs_guilty_pole_a,all→white,d_peak_speed,pos,0.00025754082947969435,0.003841640316044423,100,0.6703928746376585,0.5041682494805005,0.9892184316687288
pairs_potential_crime_innocent_vs_guilty_pole_a,all→white,d_time_to_half,pos,-0.3,4.696871944241834,100,-0.6387229704394801,0.5244781138247234,0.9652242051735427
pairs_potential_crime_innocent_vs_guilty_pole_a,all→white,pull_AUC,pos,-1.8187131360402276,23.609713469933357,100,-0.7703241034061398,0.44294203611878746,0.982618539895701
pairs_potential_crime_innocent_vs_guilty_pole_a,all→white,pull_MAD,pos,-5.841073134494946,49.84812531575363,100,-1.1717738826677553,0.24410014356627138,0.9439957775303062
pairs_potential_crime_innocent_vs_guilty_pole_a,all→white,pull_early,pos,0.2383424971485509,14.455458739884534,100,0.16488061806778379,0.8693741453181376,0.9454550680256828
pairs_potential_crime_innocent_vs_guilty_pole_a,all→white,pull_final,pos,-5.3262537088206345,52.18042206087944,84,-0.9355217848844849,0.35223342494552057,0.9143593224896466
pairs_potential_crime_innocent_vs_guilty_pole_a,all→white,pull_release,pos,-3.763718741829507,46.92921041495468,100,-0.8019991618333605,0.4244743705358959,0.9696686907414551
pairs_potential_crime_innocent_vs_guilty_pole_a,all→white,pull_tcp,pos,-4.777957235928625,55.65512466749227,100,-0.858493672321139,0.39269370617112465,0.9779350293812463
pairs_potential_crime_innocent_vs_guilty_pole_a,all→white,q_exploded,pos,0.015,0.08572330399888264,100,1.7498158960596661,0.083248625244961,nan
pairs_potential_crime_innocent_vs_guilty_pole_a,all→white,q_jerk_in_grasp,pos,0.0,0.0,100,nan,nan,nan
pairs_potential_crime_innocent_vs_guilty_pole_a,all→white,q_tile_drift,pos,0.00480720229446888,0.013879147780241166,100,3.4636148923441676,0.0007889213555562618,0.000963682415331383
pairs_potential_crime_innocent_vs_guilty_pole_a,all→white,xpos_reversals,pos,1.43,0.997522182736056,100,14.335520800928169,6.795617132724487e-26,2.049303291587228e-25
pairs_potential_crime_innocent_vs_guilty_pole_a,black→white,d_approach_retreat,pos,0.115,3.855898668981661,100,0.29824435202383415,0.7661417245813125,0.9681944470565698
pairs_potential_crime_innocent_vs_guilty_pole_a,black→white,d_latency,pos,0.185,3.12019731958274,100,0.592911220194048,0.5545925770016159,0.9813021732860397
pairs_potential_crime_innocent_vs_guilty_pole_a,black→white,d_peak_speed,pos,0.00025754082947969435,0.003841640316044423,100,0.6703928746376585,0.5041682494805005,0.9892184316687288
pairs_potential_crime_innocent_vs_guilty_pole_a,black→white,d_time_to_half,pos,-0.3,4.696871944241834,100,-0.6387229704394801,0.5244781138247234,0.9652242051735427
pairs_potential_crime_innocent_vs_guilty_pole_a,black→white,pull_AUC,pos,-1.8187131360402276,23.609713469933357,100,-0.7703241034061398,0.44294203611878746,0.982618539895701
pairs_potential_crime_innocent_vs_guilty_pole_a,black→white,pull_MAD,pos,-5.841073134494946,49.84812531575363,100,-1.1717738826677553,0.24410014356627138,0.9439957775303062
pairs_potential_crime_innocent_vs_guilty_pole_a,black→white,pull_early,pos,0.2383424971485509,14.455458739884534,100,0.16488061806778379,0.8693741453181376,0.9454550680256828
pairs_potential_crime_innocent_vs_guilty_pole_a,black→white,pull_final,pos,-5.3262537088206345,52.18042206087944,84,-0.9355217848844849,0.35223342494552057,0.9143593224896466
pairs_potential_crime_innocent_vs_guilty_pole_a,black→white,pull_release,pos,-3.763718741829507,46.92921041495468,100,-0.8019991618333605,0.4244743705358959,0.9696686907414551
pairs_potential_crime_innocent_vs_guilty_pole_a,black→white,pull_tcp,pos,-4.777957235928625,55.65512466749227,100,-0.858493672321139,0.39269370617112465,0.9779350293812463
pairs_potential_crime_innocent_vs_guilty_pole_a,black→white,q_exploded,pos,0.015,0.08572330399888264,100,1.7498158960596661,0.083248625244961,nan
pairs_potential_crime_innocent_vs_guilty_pole_a,black→white,q_jerk_in_grasp,pos,0.0,0.0,100,nan,nan,nan
pairs_potential_crime_innocent_vs_guilty_pole_a,black→white,q_tile_drift,pos,0.00480720229446888,0.013879147780241166,100,3.4636148923441676,0.0007889213555562618,0.000963682415331383
pairs_potential_crime_innocent_vs_guilty_pole_a,black→white,xpos_reversals,pos,1.43,0.997522182736056,100,14.335520800928169,6.795617132724487e-26,2.049303291587228e-25
pairs_potential_crime_innocent_vs_guilty_pole_b,all→white,d_approach_retreat,neg,-0.89,3.4190346561270744,100,-2.6030739361037987,0.010658794694139473,0.4814502650906408
pairs_potential_crime_innocent_vs_guilty_pole_b,all→white,d_latency,neg,0.115,3.185236619661454,100,0.36104068153097807,0.7188383318957473,0.9813021732860397
pairs_potential_crime_innocent_vs_guilty_pole_b,all→white,d_peak_speed,neg,-0.00028949243016541005,0.004442172075921005,100,-0.6516911664332341,0.51611047670756,0.9892184316687288
pairs_potential_crime_innocent_vs_guilty_pole_b,all→white,d_time_to_half,neg,-0.88,7.010497179734879,100,-1.2552604721727874,0.21233910468966144,0.9652242051735427
pairs_potential_crime_innocent_vs_guilty_pole_b,all→white,pull_AUC,neg,-2.0529577960210084,13.847722524876676,100,-1.482523781317095,0.14137731045525392,0.81845098001324
pairs_potential_crime_innocent_vs_guilty_pole_b,all→white,pull_MAD,neg,-4.470373714156449,42.36078311757447,100,-1.055309506849461,0.2938523862584956,0.9439957775303062
pairs_potential_crime_innocent_vs_guilty_pole_b,all→white,pull_early,neg,2.5323900852818038,13.045120064652739,100,1.941254716500163,0.05507077579292826,0.5293110558479409
pairs_potential_crime_innocent_vs_guilty_pole_b,all→white,pull_final,neg,-4.615855799741386,49.131084368413106,85,-0.8661744046815438,0.38886185089749226,0.9143593224896466
pairs_potential_crime_innocent_vs_guilty_pole_b,all→white,pull_release,neg,-7.471113944775425,41.22221404092772,100,-1.812399968948219,0.07295545752212773,0.8023886547046145
pairs_potential_crime_innocent_vs_guilty_pole_b,all→white,pull_tcp,neg,-8.096870420267805,52.24341706491718,100,-1.5498355343423864,0.12437197576940627,0.9779350293812463
pairs_potential_crime_innocent_vs_guilty_pole_b,all→white,q_exploded,neg,0.035,0.1282161999881214,100,2.7297642578116172,0.0075025675386096264,nan
pairs_potential_crime_innocent_vs_guilty_pole_b,all→white,q_jerk_in_grasp,neg,0.0,0.0,100,nan,nan,nan
pairs_potential_crime_innocent_vs_guilty_pole_b,all→white,q_tile_drift,neg,0.006614251732826233,0.017384483749836085,100,3.8046868851590703,0.0002459112703130114,0.00031224259980533686
pairs_potential_crime_innocent_vs_guilty_pole_b,all→white,xpos_reversals,neg,1.705,1.1372814475357853,100,14.991891441598067,3.224857956438726e-27,1.481899013315891e-26
pairs_potential_crime_innocent_vs_guilty_pole_b,black→white,d_approach_retreat,neg,-0.89,3.4190346561270744,100,-2.6030739361037987,0.010658794694139473,0.4814502650906408
pairs_potential_crime_innocent_vs_guilty_pole_b,black→white,d_latency,neg,0.115,3.185236619661454,100,0.36104068153097807,0.7188383318957473,0.9813021732860397
pairs_potential_crime_innocent_vs_guilty_pole_b,black→white,d_peak_speed,neg,-0.00028949243016541005,0.004442172075921005,100,-0.6516911664332341,0.51611047670756,0.9892184316687288
pairs_potential_crime_innocent_vs_guilty_pole_b,black→white,d_time_to_half,neg,-0.88,7.010497179734879,100,-1.2552604721727874,0.21233910468966144,0.9652242051735427
pairs_potential_crime_innocent_vs_guilty_pole_b,black→white,pull_AUC,neg,-2.0529577960210084,13.847722524876676,100,-1.482523781317095,0.14137731045525392,0.81845098001324
pairs_potential_crime_innocent_vs_guilty_pole_b,black→white,pull_MAD,neg,-4.470373714156449,42.36078311757447,100,-1.055309506849461,0.2938523862584956,0.9439957775303062
pairs_potential_crime_innocent_vs_guilty_pole_b,black→white,pull_early,neg,2.5323900852818038,13.045120064652739,100,1.941254716500163,0.05507077579292826,0.5293110558479409
pairs_potential_crime_innocent_vs_guilty_pole_b,black→white,pull_final,neg,-4.615855799741386,49.131084368413106,85,-0.8661744046815438,0.38886185089749226,0.9143593224896466
pairs_potential_crime_innocent_vs_guilty_pole_b,black→white,pull_release,neg,-7.471113944775425,41.22221404092772,100,-1.812399968948219,0.07295545752212773,0.8023886547046145
pairs_potential_crime_innocent_vs_guilty_pole_b,black→white,pull_tcp,neg,-8.096870420267805,52.24341706491718,100,-1.5498355343423864,0.12437197576940627,0.9779350293812463
pairs_potential_crime_innocent_vs_guilty_pole_b,black→white,q_exploded,neg,0.035,0.1282161999881214,100,2.7297642578116172,0.0075025675386096264,nan
pairs_potential_crime_innocent_vs_guilty_pole_b,black→white,q_jerk_in_grasp,neg,0.0,0.0,100,nan,nan,nan
pairs_potential_crime_innocent_vs_guilty_pole_b,black→white,q_tile_drift,neg,0.006614251732826233,0.017384483749836085,100,3.8046868851590703,0.0002459112703130114,0.00031224259980533686
pairs_potential_crime_innocent_vs_guilty_pole_b,black→white,xpos_reversals,neg,1.705,1.1372814475357853,100,14.991891441598067,3.224857956438726e-27,1.481899013315891e-26
pairs_potential_crime_jogger_vs_criminal_pole_b,all→white,d_approach_retreat,neg,0.015,3.301709841701399,100,0.045431006112488584,0.9638552813162462,0.9739165031330326
pairs_potential_crime_jogger_vs_criminal_pole_b,all→white,d_latency,neg,0.145,2.8053835330800614,100,0.5168633746160294,0.6064043050372346,0.9813021732860397
pairs_potential_crime_jogger_vs_criminal_pole_b,all→white,d_peak_speed,neg,0.0002531848475337028,0.0031008310818399125,100,0.8165064166716002,0.4161709627897936,0.9892184316687288
pairs_potential_crime_jogger_vs_criminal_pole_b,all→white,d_time_to_half,neg,0.45,9.776931207612328,100,0.46026712313330953,0.6463338396109573,0.9652242051735427
pairs_potential_crime_jogger_vs_criminal_pole_b,all→white,pull_AUC,neg,1.6983038807702828,13.339279659498823,100,1.2731601136804493,0.20594272043498696,0.8218998436689452
pairs_potential_crime_jogger_vs_criminal_pole_b,all→white,pull_MAD,neg,2.7976003503426923,31.02174955188832,100,0.9018190110984245,0.36934182568721663,0.957745515230828
pairs_potential_crime_jogger_vs_criminal_pole_b,all→white,pull_early,neg,-0.9670990889426326,18.544582356685634,100,-0.5214995249510039,0.6031835491381297,0.9126080466951746
pairs_potential_crime_jogger_vs_criminal_pole_b,all→white,pull_final,neg,7.41760069089567,52.96850381658112,87,1.3061870417940584,0.19497174940464373,0.9143593224896466
pairs_potential_crime_jogger_vs_criminal_pole_b,all→white,pull_release,neg,2.768888605060056,35.93065070510164,100,0.7706202227690001,0.44276725585293697,0.9696686907414551
pairs_potential_crime_jogger_vs_criminal_pole_b,all→white,pull_tcp,neg,1.0239110374823213,48.99882268476818,100,0.2089664570248165,0.8349037905311977,0.9825392169056169
pairs_potential_crime_jogger_vs_criminal_pole_b,all→white,q_exploded,neg,0.005,0.049999999999999996,100,1.0,0.3197484741393017,nan
pairs_potential_crime_jogger_vs_criminal_pole_b,all→white,q_jerk_in_grasp,neg,0.0,0.0,100,nan,nan,nan
pairs_potential_crime_jogger_vs_criminal_pole_b,all→white,q_tile_drift,neg,0.006329942718148232,0.009174655384959153,100,6.899379270992002,4.99865677389527e-10,9.647407573617871e-09
pairs_potential_crime_jogger_vs_criminal_pole_b,all→white,xpos_reversals,neg,1.245,0.8272352638869924,100,15.050132100873277,2.4668663518848644e-27,1.2867708267939968e-26
pairs_potential_crime_jogger_vs_criminal_pole_b,black→white,d_approach_retreat,neg,0.015,3.301709841701399,100,0.045431006112488584,0.9638552813162462,0.9739165031330326
pairs_potential_crime_jogger_vs_criminal_pole_b,black→white,d_latency,neg,0.145,2.8053835330800614,100,0.5168633746160294,0.6064043050372346,0.9813021732860397
pairs_potential_crime_jogger_vs_criminal_pole_b,black→white,d_peak_speed,neg,0.0002531848475337028,0.0031008310818399125,100,0.8165064166716002,0.4161709627897936,0.9892184316687288
pairs_potential_crime_jogger_vs_criminal_pole_b,black→white,d_time_to_half,neg,0.45,9.776931207612328,100,0.46026712313330953,0.6463338396109573,0.9652242051735427
pairs_potential_crime_jogger_vs_criminal_pole_b,black→white,pull_AUC,neg,1.6983038807702828,13.339279659498823,100,1.2731601136804493,0.20594272043498696,0.8218998436689452
pairs_potential_crime_jogger_vs_criminal_pole_b,black→white,pull_MAD,neg,2.7976003503426923,31.02174955188832,100,0.9018190110984245,0.36934182568721663,0.957745515230828
pairs_potential_crime_jogger_vs_criminal_pole_b,black→white,pull_early,neg,-0.9670990889426326,18.544582356685634,100,-0.5214995249510039,0.6031835491381297,0.9126080466951746
pairs_potential_crime_jogger_vs_criminal_pole_b,black→white,pull_final,neg,7.41760069089567,52.96850381658112,87,1.3061870417940584,0.19497174940464373,0.9143593224896466
pairs_potential_crime_jogger_vs_criminal_pole_b,black→white,pull_release,neg,2.768888605060056,35.93065070510164,100,0.7706202227690001,0.44276725585293697,0.9696686907414551
pairs_potential_crime_jogger_vs_criminal_pole_b,black→white,pull_tcp,neg,1.0239110374823213,48.99882268476818,100,0.2089664570248165,0.8349037905311977,0.9825392169056169
pairs_potential_crime_jogger_vs_criminal_pole_b,black→white,q_exploded,neg,0.005,0.049999999999999996,100,1.0,0.3197484741393017,nan
pairs_potential_crime_jogger_vs_criminal_pole_b,black→white,q_jerk_in_grasp,neg,0.0,0.0,100,nan,nan,nan
pairs_potential_crime_jogger_vs_criminal_pole_b,black→white,q_tile_drift,neg,0.006329942718148232,0.009174655384959153,100,6.899379270992002,4.99865677389527e-10,9.647407573617871e-09
pairs_potential_crime_jogger_vs_criminal_pole_b,black→white,xpos_reversals,neg,1.245,0.8272352638869924,100,15.050132100873277,2.4668663518848644e-27,1.2867708267939968e-26
pairs_potential_crime_peaceful_vs_violent_pole_a,all→white,d_approach_retreat,pos,-0.41,3.791524306351809,100,-1.0813592815774415,0.2821644051389137,0.7283762438026955
pairs_potential_crime_peaceful_vs_violent_pole_a,all→white,d_latency,pos,-0.54,2.527305428173004,100,-2.136663000761121,0.03508993096382031,0.9278681617516884
pairs_potential_crime_peaceful_vs_violent_pole_a,all→white,d_peak_speed,pos,-0.0009620838705450296,0.0038366224669009867,100,-2.507632374165155,0.013780613696739184,0.5243962000776826
pairs_potential_crime_peaceful_vs_violent_pole_a,all→white,d_time_to_half,pos,-0.455,6.114684675996685,100,-0.7441103247500422,0.4585722732299268,0.9652242051735427
pairs_potential_crime_peaceful_vs_violent_pole_a,all→white,pull_AUC,pos,1.3997554606032796,15.73679089532202,100,0.8894796085899421,0.3759016722214149,0.9751214013709606
pairs_potential_crime_peaceful_vs_violent_pole_a,all→white,pull_MAD,pos,3.284314102213829,34.13084954284726,100,0.9622714190254069,0.3382577751913688,0.957745515230828
pairs_potential_crime_peaceful_vs_violent_pole_a,all→white,pull_early,pos,-0.3012094144942239,17.03087894045713,100,-0.1768607571854064,0.8599790845103823,0.9454550680256828
pairs_potential_crime_peaceful_vs_violent_pole_a,all→white,pull_final,pos,-5.557641795825302,43.38535476393493,84,-1.1740512139820451,0.2437322653465171,0.9143593224896466
pairs_potential_crime_peaceful_vs_violent_pole_a,all→white,pull_release,pos,2.2170226369053125,34.40011441601718,100,0.6444811811070708,0.5207539781243905,0.9696686907414551
pairs_potential_crime_peaceful_vs_violent_pole_a,all→white,pull_tcp,pos,3.6543677211739123,48.22797819719708,100,0.7577277459635031,0.45041385338734063,0.9779350293812463
pairs_potential_crime_peaceful_vs_violent_pole_a,all→white,q_exploded,pos,0.02,0.09847319278346618,100,2.03100960115899,0.0449347252126304,nan
pairs_potential_crime_peaceful_vs_violent_pole_a,all→white,q_jerk_in_grasp,pos,0.0,0.0,100,nan,nan,nan
pairs_potential_crime_peaceful_vs_violent_pole_a,all→white,q_tile_drift,pos,0.009644571170210838,0.034857988135784,100,2.766818077004867,0.006755644275205005,0.007669643206556271
pairs_potential_crime_peaceful_vs_violent_pole_a,all→white,xpos_reversals,pos,1.155,0.9631991098690472,100,11.991290151389666,5.355366275410191e-21,6.079915830318628e-21
pairs_potential_crime_peaceful_vs_violent_pole_a,black→white,d_approach_retreat,pos,-0.41,3.791524306351809,100,-1.0813592815774415,0.2821644051389137,0.7283762438026955
pairs_potential_crime_peaceful_vs_violent_pole_a,black→white,d_latency,pos,-0.54,2.527305428173004,100,-2.136663000761121,0.03508993096382031,0.9278681617516884
pairs_potential_crime_peaceful_vs_violent_pole_a,black→white,d_peak_speed,pos,-0.0009620838705450296,0.0038366224669009867,100,-2.507632374165155,0.013780613696739184,0.5243962000776826
pairs_potential_crime_peaceful_vs_violent_pole_a,black→white,d_time_to_half,pos,-0.455,6.114684675996685,100,-0.7441103247500422,0.4585722732299268,0.9652242051735427
pairs_potential_crime_peaceful_vs_violent_pole_a,black→white,pull_AUC,pos,1.3997554606032796,15.73679089532202,100,0.8894796085899421,0.3759016722214149,0.9751214013709606
pairs_potential_crime_peaceful_vs_violent_pole_a,black→white,pull_MAD,pos,3.284314102213829,34.13084954284726,100,0.9622714190254069,0.3382577751913688,0.957745515230828
pairs_potential_crime_peaceful_vs_violent_pole_a,black→white,pull_early,pos,-0.3012094144942239,17.03087894045713,100,-0.1768607571854064,0.8599790845103823,0.9454550680256828
pairs_potential_crime_peaceful_vs_violent_pole_a,black→white,pull_final,pos,-5.557641795825302,43.38535476393493,84,-1.1740512139820451,0.2437322653465171,0.9143593224896466
pairs_potential_crime_peaceful_vs_violent_pole_a,black→white,pull_release,pos,2.2170226369053125,34.40011441601718,100,0.6444811811070708,0.5207539781243905,0.9696686907414551
pairs_potential_crime_peaceful_vs_violent_pole_a,black→white,pull_tcp,pos,3.6543677211739123,48.22797819719708,100,0.7577277459635031,0.45041385338734063,0.9779350293812463
pairs_potential_crime_peaceful_vs_violent_pole_a,black→white,q_exploded,pos,0.02,0.09847319278346618,100,2.03100960115899,0.0449347252126304,nan
pairs_potential_crime_peaceful_vs_violent_pole_a,black→white,q_jerk_in_grasp,pos,0.0,0.0,100,nan,nan,nan
pairs_potential_crime_peaceful_vs_violent_pole_a,black→white,q_tile_drift,pos,0.009644571170210838,0.034857988135784,100,2.766818077004867,0.006755644275205005,0.007669643206556271
pairs_potential_crime_peaceful_vs_violent_pole_a,black→white,xpos_reversals,pos,1.155,0.9631991098690472,100,11.991290151389666,5.355366275410191e-21,6.079915830318628e-21
pairs_potential_crime_peaceful_vs_violent_pole_b,all→white,d_approach_retreat,neg,-0.495,4.059217593914802,100,-1.2194468233042188,0.225571997949182,0.7133779929557074
pairs_potential_crime_peaceful_vs_violent_pole_b,all→white,d_latency,neg,-0.36,2.7192542055393485,100,-1.3238924086856234,0.18858753669083728,0.9813021732860397
pairs_potential_crime_peaceful_vs_violent_pole_b,all→white,d_peak_speed,neg,-0.00019764160737395286,0.0034905208014684467,100,-0.5662238348237486,0.5725229536499912,0.9892184316687288
pairs_potential_crime_peaceful_vs_violent_pole_b,all→white,d_time_to_half,neg,-2.135,8.172340329712565,100,-2.6124707413831985,0.010388889944079126,0.5597576021155611
pairs_potential_crime_peaceful_vs_violent_pole_b,all→white,pull_AUC,neg,0.8506783558821008,19.640816211958594,100,0.43311761929942255,0.6658715064529263,0.9872181459949292
pairs_potential_crime_peaceful_vs_violent_pole_b,all→white,pull_MAD,neg,4.695806583901869,43.789157041611304,100,1.0723674309235063,0.2861621572633904,0.9439957775303062
pairs_potential_crime_peaceful_vs_violent_pole_b,all→white,pull_early,neg,-2.0893999330000947,15.853449492772821,100,-1.3179465667409471,0.19056304519615566,0.7498598544034024
pairs_potential_crime_peaceful_vs_violent_pole_b,all→white,pull_final,neg,3.906305560986966,48.09632658695427,82,0.7354636794981256,0.4641814418286777,0.9143593224896466
pairs_potential_crime_peaceful_vs_violent_pole_b,all→white,pull_release,neg,7.202307642728556,37.218160668629906,100,1.9351594794954952,0.055824303649639175,0.7182727069586907
pairs_potential_crime_peaceful_vs_violent_pole_b,all→white,pull_tcp,neg,3.6382157396292314,44.464335501780425,100,0.8182323425216939,0.4151896265218791,0.9779350293812463
pairs_potential_crime_peaceful_vs_violent_pole_b,all→white,q_exploded,neg,0.03,0.119341628287971,100,2.5137917447891764,0.013556758919315062,nan
pairs_potential_crime_peaceful_vs_violent_pole_b,all→white,q_jerk_in_grasp,neg,0.0,0.0,100,nan,nan,nan
pairs_potential_crime_peaceful_vs_violent_pole_b,all→white,q_tile_drift,neg,0.006787642538547516,0.015567672736188835,100,4.360088147773601,3.186341922086735e-05,4.361446744416594e-05
pairs_potential_crime_peaceful_vs_violent_pole_b,all→white,xpos_reversals,neg,1.26,1.0211896409718828,100,12.338550543862132,9.741239525547187e-22,1.1899109040700046e-21
pairs_potential_crime_peaceful_vs_violent_pole_b,black→white,d_approach_retreat,neg,-0.495,4.059217593914802,100,-1.2194468233042188,0.225571997949182,0.7133779929557074
pairs_potential_crime_peaceful_vs_violent_pole_b,black→white,d_latency,neg,-0.36,2.7192542055393485,100,-1.3238924086856234,0.18858753669083728,0.9813021732860397
pairs_potential_crime_peaceful_vs_violent_pole_b,black→white,d_peak_speed,neg,-0.00019764160737395286,0.0034905208014684467,100,-0.5662238348237486,0.5725229536499912,0.9892184316687288
pairs_potential_crime_peaceful_vs_violent_pole_b,black→white,d_time_to_half,neg,-2.135,8.172340329712565,100,-2.6124707413831985,0.010388889944079126,0.5597576021155611
pairs_potential_crime_peaceful_vs_violent_pole_b,black→white,pull_AUC,neg,0.8506783558821008,19.640816211958594,100,0.43311761929942255,0.6658715064529263,0.9872181459949292
pairs_potential_crime_peaceful_vs_violent_pole_b,black→white,pull_MAD,neg,4.695806583901869,43.789157041611304,100,1.0723674309235063,0.2861621572633904,0.9439957775303062
pairs_potential_crime_peaceful_vs_violent_pole_b,black→white,pull_early,neg,-2.0893999330000947,15.853449492772821,100,-1.3179465667409471,0.19056304519615566,0.7498598544034024
pairs_potential_crime_peaceful_vs_violent_pole_b,black→white,pull_final,neg,3.906305560986966,48.09632658695427,82,0.7354636794981256,0.4641814418286777,0.9143593224896466
pairs_potential_crime_peaceful_vs_violent_pole_b,black→white,pull_release,neg,7.202307642728556,37.218160668629906,100,1.9351594794954952,0.055824303649639175,0.7182727069586907
pairs_potential_crime_peaceful_vs_violent_pole_b,black→white,pull_tcp,neg,3.6382157396292314,44.464335501780425,100,0.8182323425216939,0.4151896265218791,0.9779350293812463
pairs_potential_crime_peaceful_vs_violent_pole_b,black→white,q_exploded,neg,0.03,0.119341628287971,100,2.5137917447891764,0.013556758919315062,nan
pairs_potential_crime_peaceful_vs_violent_pole_b,black→white,q_jerk_in_grasp,neg,0.0,0.0,100,nan,nan,nan
pairs_potential_crime_peaceful_vs_violent_pole_b,black→white,q_tile_drift,neg,0.006787642538547516,0.015567672736188835,100,4.360088147773601,3.186341922086735e-05,4.361446744416594e-05
pairs_potential_crime_peaceful_vs_violent_pole_b,black→white,xpos_reversals,neg,1.26,1.0211896409718828,100,12.338550543862132,9.741239525547187e-22,1.1899109040700046e-21
pairs_potential_crime_plumber_vs_prisoner_pole_a,all→white,d_approach_retreat,pos,0.33,4.43027919406596,100,0.7448740486649491,0.45811249840688717,0.8384093977792941
pairs_potential_crime_plumber_vs_prisoner_pole_a,all→white,d_latency,pos,-0.01,2.6694871447829858,100,-0.03746037893287156,0.9701933646551905,0.9877154695134484
pairs_potential_crime_plumber_vs_prisoner_pole_a,all→white,d_peak_speed,pos,6.583651527762413e-05,0.0024457056303656736,100,0.26919231186371545,0.7883419295762176,0.9892184316687288
pairs_potential_crime_plumber_vs_prisoner_pole_a,all→white,d_time_to_half,pos,0.8,7.384463625091739,100,1.0833555971237672,0.28128208951507044,0.9652242051735427
pairs_potential_crime_plumber_vs_prisoner_pole_a,all→white,pull_AUC,pos,-0.034041847512751106,19.4907636865296,100,-0.01746563041871879,0.9861003027729602,0.9941599160138046
pairs_potential_crime_plumber_vs_prisoner_pole_a,all→white,pull_MAD,pos,-0.05821303045377135,45.30447290621392,100,-0.012849289864662989,0.9897738906582428,0.9982297517330192
pairs_potential_crime_plumber_vs_prisoner_pole_a,all→white,pull_early,pos,-1.4488297393545506,15.631135319299283,100,-0.9268870813022295,0.3562393095169458,0.815901953582179
pairs_potential_crime_plumber_vs_prisoner_pole_a,all→white,pull_final,pos,0.6197157402240326,44.39798995599503,89,0.13168133526555253,0.895536949260438,0.9764563130469572
pairs_potential_crime_plumber_vs_prisoner_pole_a,all→white,pull_release,pos,1.5251217456534505,37.005665058909685,100,0.4121319649911964,0.6811337303788694,0.9696686907414551
pairs_potential_crime_plumber_vs_prisoner_pole_a,all→white,pull_tcp,pos,-1.0887452855240554,43.27777001346238,100,-0.2515714846641544,0.8018937758147828,0.9786050015708665
pairs_potential_crime_plumber_vs_prisoner_pole_a,all→white,q_exploded,pos,0.005,0.049999999999999996,100,1.0,0.3197484741393017,nan
pairs_potential_crime_plumber_vs_prisoner_pole_a,all→white,q_jerk_in_grasp,pos,0.0,0.0,100,nan,nan,nan
pairs_potential_crime_plumber_vs_prisoner_pole_a,all→white,q_tile_drift,pos,0.005666643977165222,0.00962077742703449,100,5.890006312007479,5.322787519630584e-08,1.9124376766249897e-07
pairs_potential_crime_plumber_vs_prisoner_pole_a,all→white,xpos_reversals,pos,1.395,1.0354694441155519,100,13.472150317207493,4.0419762057789035e-24,7.091830979230258e-24
pairs_potential_crime_plumber_vs_prisoner_pole_a,black→white,d_approach_retreat,pos,0.33,4.43027919406596,100,0.7448740486649491,0.45811249840688717,0.8384093977792941
pairs_potential_crime_plumber_vs_prisoner_pole_a,black→white,d_latency,pos,-0.01,2.6694871447829858,100,-0.03746037893287156,0.9701933646551905,0.9877154695134484
pairs_potential_crime_plumber_vs_prisoner_pole_a,black→white,d_peak_speed,pos,6.583651527762413e-05,0.0024457056303656736,100,0.26919231186371545,0.7883419295762176,0.9892184316687288
pairs_potential_crime_plumber_vs_prisoner_pole_a,black→white,d_time_to_half,pos,0.8,7.384463625091739,100,1.0833555971237672,0.28128208951507044,0.9652242051735427
pairs_potential_crime_plumber_vs_prisoner_pole_a,black→white,pull_AUC,pos,-0.034041847512751106,19.4907636865296,100,-0.01746563041871879,0.9861003027729602,0.9941599160138046
pairs_potential_crime_plumber_vs_prisoner_pole_a,black→white,pull_MAD,pos,-0.05821303045377135,45.30447290621392,100,-0.012849289864662989,0.9897738906582428,0.9982297517330192
pairs_potential_crime_plumber_vs_prisoner_pole_a,black→white,pull_early,pos,-1.4488297393545506,15.631135319299283,100,-0.9268870813022295,0.3562393095169458,0.815901953582179
pairs_potential_crime_plumber_vs_prisoner_pole_a,black→white,pull_final,pos,0.6197157402240326,44.39798995599503,89,0.13168133526555253,0.895536949260438,0.9764563130469572
pairs_potential_crime_plumber_vs_prisoner_pole_a,black→white,pull_release,pos,1.5251217456534505,37.005665058909685,100,0.4121319649911964,0.6811337303788694,0.9696686907414551
pairs_potential_crime_plumber_vs_prisoner_pole_a,black→white,pull_tcp,pos,-1.0887452855240554,43.27777001346238,100,-0.2515714846641544,0.8018937758147828,0.9786050015708665
pairs_potential_crime_plumber_vs_prisoner_pole_a,black→white,q_exploded,pos,0.005,0.049999999999999996,100,1.0,0.3197484741393017,nan
pairs_potential_crime_plumber_vs_prisoner_pole_a,black→white,q_jerk_in_grasp,pos,0.0,0.0,100,nan,nan,nan
pairs_potential_crime_plumber_vs_prisoner_pole_a,black→white,q_tile_drift,pos,0.005666643977165222,0.00962077742703449,100,5.890006312007479,5.322787519630584e-08,1.9124376766249897e-07
pairs_potential_crime_plumber_vs_prisoner_pole_a,black→white,xpos_reversals,pos,1.395,1.0354694441155519,100,13.472150317207493,4.0419762057789035e-24,7.091830979230258e-24
pairs_potential_crime_plumber_vs_prisoner_pole_b,all→white,d_approach_retreat,neg,-0.45,3.2710082466259465,100,-1.3757226092724657,0.1720120811625323,0.6969124854331339
pairs_potential_crime_plumber_vs_prisoner_pole_b,all→white,d_latency,neg,-0.2,2.836451047604126,100,-0.7051064751106304,0.48239963629259697,0.9813021732860397
pairs_potential_crime_plumber_vs_prisoner_pole_b,all→white,d_peak_speed,neg,-3.9881402626633646e-05,0.003139643531552788,100,-0.1270252569307106,0.8991780529770708,0.9892184316687288
pairs_potential_crime_plumber_vs_prisoner_pole_b,all→white,d_time_to_half,neg,0.75,7.539960881928374,100,0.9947001207892004,0.32230716869866516,0.9652242051735427
pairs_potential_crime_plumber_vs_prisoner_pole_b,all→white,pull_AUC,neg,-1.1803589711302127,13.781160688800941,100,-0.8565018562546868,0.3937886879103587,0.982618539895701
pairs_potential_crime_plumber_vs_prisoner_pole_b,all→white,pull_MAD,neg,-3.1032634112983932,39.20335224326321,100,-0.7915811362360383,0.4304974545738147,0.9629605484766094
pairs_potential_crime_plumber_vs_prisoner_pole_b,all→white,pull_early,neg,2.3120169702451676,12.195220008708581,100,1.8958386717042914,0.060897738636193466,0.5293110558479409
pairs_potential_crime_plumber_vs_prisoner_pole_b,all→white,pull_final,neg,-4.242887313829557,41.64410620750519,89,-0.9611760825088029,0.3390972754423227,0.9143593224896466
pairs_potential_crime_plumber_vs_prisoner_pole_b,all→white,pull_release,neg,-1.4344140968751162,36.86412323485026,100,-0.3891084260262735,0.6980316200486161,0.9696686907414551
pairs_potential_crime_plumber_vs_prisoner_pole_b,all→white,pull_tcp,neg,-3.6226848256774247,41.117564237435516,100,-0.8810553088111064,0.38042186351371465,0.9779350293812463
pairs_potential_crime_plumber_vs_prisoner_pole_b,all→white,q_exploded,neg,0.005,0.049999999999999996,100,1.0,0.3197484741393017,nan
pairs_potential_crime_plumber_vs_prisoner_pole_b,all→white,q_jerk_in_grasp,neg,0.0,0.0,100,nan,nan,nan
pairs_potential_crime_plumber_vs_prisoner_pole_b,all→white,q_tile_drift,neg,0.004970168992877007,0.008319690951550954,100,5.973982713805577,3.65003615112522e-08,1.408913954334335e-07
pairs_potential_crime_plumber_vs_prisoner_pole_b,all→white,xpos_reversals,neg,1.54,0.9119852913929981,100,16.88623725112661,6.571884535437008e-31,2.536747430678685e-29
pairs_potential_crime_plumber_vs_prisoner_pole_b,black→white,d_approach_retreat,neg,-0.45,3.2710082466259465,100,-1.3757226092724657,0.1720120811625323,0.6969124854331339
pairs_potential_crime_plumber_vs_prisoner_pole_b,black→white,d_latency,neg,-0.2,2.836451047604126,100,-0.7051064751106304,0.48239963629259697,0.9813021732860397
pairs_potential_crime_plumber_vs_prisoner_pole_b,black→white,d_peak_speed,neg,-3.9881402626633646e-05,0.003139643531552788,100,-0.1270252569307106,0.8991780529770708,0.9892184316687288
pairs_potential_crime_plumber_vs_prisoner_pole_b,black→white,d_time_to_half,neg,0.75,7.539960881928374,100,0.9947001207892004,0.32230716869866516,0.9652242051735427
pairs_potential_crime_plumber_vs_prisoner_pole_b,black→white,pull_AUC,neg,-1.1803589711302127,13.781160688800941,100,-0.8565018562546868,0.3937886879103587,0.982618539895701
pairs_potential_crime_plumber_vs_prisoner_pole_b,black→white,pull_MAD,neg,-3.1032634112983932,39.20335224326321,100,-0.7915811362360383,0.4304974545738147,0.9629605484766094
pairs_potential_crime_plumber_vs_prisoner_pole_b,black→white,pull_early,neg,2.3120169702451676,12.195220008708581,100,1.8958386717042914,0.060897738636193466,0.5293110558479409
pairs_potential_crime_plumber_vs_prisoner_pole_b,black→white,pull_final,neg,-4.242887313829557,41.64410620750519,89,-0.9611760825088029,0.3390972754423227,0.9143593224896466
pairs_potential_crime_plumber_vs_prisoner_pole_b,black→white,pull_release,neg,-1.4344140968751162,36.86412323485026,100,-0.3891084260262735,0.6980316200486161,0.9696686907414551
pairs_potential_crime_plumber_vs_prisoner_pole_b,black→white,pull_tcp,neg,-3.6226848256774247,41.117564237435516,100,-0.8810553088111064,0.38042186351371465,0.9779350293812463
pairs_potential_crime_plumber_vs_prisoner_pole_b,black→white,q_exploded,neg,0.005,0.049999999999999996,100,1.0,0.3197484741393017,nan
pairs_potential_crime_plumber_vs_prisoner_pole_b,black→white,q_jerk_in_grasp,neg,0.0,0.0,100,nan,nan,nan
pairs_potential_crime_plumber_vs_prisoner_pole_b,black→white,q_tile_drift,neg,0.004970168992877007,0.008319690951550954,100,5.973982713805577,3.65003615112522e-08,1.408913954334335e-07
pairs_potential_crime_plumber_vs_prisoner_pole_b,black→white,xpos_reversals,neg,1.54,0.9119852913929981,100,16.88623725112661,6.571884535437008e-31,2.536747430678685e-29
pairs_potential_crime_skier_vs_mugger_pole_b,all→white,d_approach_retreat,neg,-0.785,3.471569231528147,100,-2.261225249004905,0.025933219050011946,0.5181216932900888
pairs_potential_crime_skier_vs_mugger_pole_b,all→white,d_latency,neg,-0.41,2.822510523729833,100,-1.452607515731072,0.14949495612412173,0.9813021732860397
pairs_potential_crime_skier_vs_mugger_pole_b,all→white,d_peak_speed,neg,0.00027184003964066507,0.0026408908069457822,100,1.0293497895698722,0.305823646289299,0.9892184316687288
pairs_potential_crime_skier_vs_mugger_pole_b,all→white,d_time_to_half,neg,0.175,7.7153837535566865,100,0.22681956671219028,0.8210317454309948,0.9652242051735427
pairs_potential_crime_skier_vs_mugger_pole_b,all→white,pull_AUC,neg,1.500943218573168,16.765491084166968,100,0.8952575328918531,0.3728209812698491,0.9751214013709606
pairs_potential_crime_skier_vs_mugger_pole_b,all→white,pull_MAD,neg,0.667851812299341,38.7755628860074,100,0.17223523337693258,0.8636042037389184,0.9982297517330192
pairs_potential_crime_skier_vs_mugger_pole_b,all→white,pull_early,neg,0.14653655444271851,12.540617306184181,100,0.11684955442381342,0.9072159945120457,0.9489060257971137
pairs_potential_crime_skier_vs_mugger_pole_b,all→white,pull_final,neg,-0.5111043878863457,40.14045795991064,86,-0.11808004555816427,0.9062828263545384,0.9764563130469572
pairs_potential_crime_skier_vs_mugger_pole_b,all→white,pull_release,neg,0.6457810098072514,36.651267845622726,100,0.1761960902764179,0.860499815407066,0.9712073939974487
pairs_potential_crime_skier_vs_mugger_pole_b,all→white,pull_tcp,neg,-1.25535458792001,40.0778741487158,100,-0.3132288362555864,0.7547657580410219,0.9786050015708665
pairs_potential_crime_skier_vs_mugger_pole_b,all→white,q_exploded,neg,0.0,0.0,100,nan,nan,nan
pairs_potential_crime_skier_vs_mugger_pole_b,all→white,q_jerk_in_grasp,neg,0.0,0.0,100,nan,nan,nan
pairs_potential_crime_skier_vs_mugger_pole_b,all→white,q_tile_drift,neg,0.003444396182894707,0.0063257414420681505,100,5.445047374191426,3.7738055197229874e-07,7.748345375601452e-07
pairs_potential_crime_skier_vs_mugger_pole_b,all→white,xpos_reversals,neg,1.445,1.1121346295945624,100,12.993031253120735,4.0416047595447844e-23,5.864885102196566e-23
pairs_potential_crime_skier_vs_mugger_pole_b,black→white,d_approach_retreat,neg,-0.785,3.471569231528147,100,-2.261225249004905,0.025933219050011946,0.5181216932900888
pairs_potential_crime_skier_vs_mugger_pole_b,black→white,d_latency,neg,-0.41,2.822510523729833,100,-1.452607515731072,0.14949495612412173,0.9813021732860397
pairs_potential_crime_skier_vs_mugger_pole_b,black→white,d_peak_speed,neg,0.00027184003964066507,0.0026408908069457822,100,1.0293497895698722,0.305823646289299,0.9892184316687288
pairs_potential_crime_skier_vs_mugger_pole_b,black→white,d_time_to_half,neg,0.175,7.7153837535566865,100,0.22681956671219028,0.8210317454309948,0.9652242051735427
pairs_potential_crime_skier_vs_mugger_pole_b,black→white,pull_AUC,neg,1.500943218573168,16.765491084166968,100,0.8952575328918531,0.3728209812698491,0.9751214013709606
pairs_potential_crime_skier_vs_mugger_pole_b,black→white,pull_MAD,neg,0.667851812299341,38.7755628860074,100,0.17223523337693258,0.8636042037389184,0.9982297517330192
pairs_potential_crime_skier_vs_mugger_pole_b,black→white,pull_early,neg,0.14653655444271851,12.540617306184181,100,0.11684955442381342,0.9072159945120457,0.9489060257971137
pairs_potential_crime_skier_vs_mugger_pole_b,black→white,pull_final,neg,-0.5111043878863457,40.14045795991064,86,-0.11808004555816427,0.9062828263545384,0.9764563130469572
pairs_potential_crime_skier_vs_mugger_pole_b,black→white,pull_release,neg,0.6457810098072514,36.651267845622726,100,0.1761960902764179,0.860499815407066,0.9712073939974487
pairs_potential_crime_skier_vs_mugger_pole_b,black→white,pull_tcp,neg,-1.25535458792001,40.0778741487158,100,-0.3132288362555864,0.7547657580410219,0.9786050015708665
pairs_potential_crime_skier_vs_mugger_pole_b,black→white,q_exploded,neg,0.0,0.0,100,nan,nan,nan
pairs_potential_crime_skier_vs_mugger_pole_b,black→white,q_jerk_in_grasp,neg,0.0,0.0,100,nan,nan,nan
pairs_potential_crime_skier_vs_mugger_pole_b,black→white,q_tile_drift,neg,0.003444396182894707,0.0063257414420681505,100,5.445047374191426,3.7738055197229874e-07,7.748345375601452e-07
pairs_potential_crime_skier_vs_mugger_pole_b,black→white,xpos_reversals,neg,1.445,1.1121346295945624,100,12.993031253120735,4.0416047595447844e-23,5.864885102196566e-23
pairs_potential_crime_smoking_tobacco_vs_cannabis_pole_a,all→white,d_approach_retreat,pos,-0.055,3.3731672913980373,100,-0.16305150396855883,0.8708102561927005,0.9710213695041703
pairs_potential_crime_smoking_tobacco_vs_cannabis_pole_a,all→white,d_latency,pos,-0.33,2.292081229720352,100,-1.4397395507674136,0.15309577993177045,0.9813021732860397
pairs_potential_crime_smoking_tobacco_vs_cannabis_pole_a,all→white,d_peak_speed,pos,0.0001822558883577585,0.0026719480943244805,100,0.6821086410506649,0.49676306410523274,0.9892184316687288
pairs_potential_crime_smoking_tobacco_vs_cannabis_pole_a,all→white,d_time_to_half,pos,-0.605,5.81155892783659,100,-1.041028762699335,0.30039786653176753,0.9652242051735427
pairs_potential_crime_smoking_tobacco_vs_cannabis_pole_a,all→white,pull_AUC,pos,-0.7699688487093082,16.8257629634835,100,-0.4576130368532772,0.6482332051138346,0.9872181459949292
pairs_potential_crime_smoking_tobacco_vs_cannabis_pole_a,all→white,pull_MAD,pos,-0.9415570163168008,41.74229520174225,100,-0.22556426563662024,0.8220053263897351,0.9853852670386265
pairs_potential_crime_smoking_tobacco_vs_cannabis_pole_a,all→white,pull_early,pos,0.9609226597240198,15.459809351155586,100,0.6215617786076987,0.5356587416497309,0.9049941558750725
pairs_potential_crime_smoking_tobacco_vs_cannabis_pole_a,all→white,pull_final,pos,-1.589106070960677,56.43926462355547,86,-0.2611083533645992,0.7946405458594767,0.9764563130469572
pairs_potential_crime_smoking_tobacco_vs_cannabis_pole_a,all→white,pull_release,pos,-1.238129751291126,40.82895338375148,100,-0.3032479769084306,0.7623372228663674,0.9696686907414551
pairs_potential_crime_smoking_tobacco_vs_cannabis_pole_a,all→white,pull_tcp,pos,0.15750376507639885,47.236072728151385,100,0.033343958542626895,0.9734674341050857,0.9926113801197642
pairs_potential_crime_smoking_tobacco_vs_cannabis_pole_a,all→white,q_exploded,pos,0.0,0.0,100,nan,nan,nan
pairs_potential_crime_smoking_tobacco_vs_cannabis_pole_a,all→white,q_jerk_in_grasp,pos,0.0,0.0,100,nan,nan,nan
pairs_potential_crime_smoking_tobacco_vs_cannabis_pole_a,all→white,q_tile_drift,pos,0.005046674460172654,0.008774006615933885,100,5.751847110540954,9.851343398455822e-08,2.8807716301545057e-07
pairs_potential_crime_smoking_tobacco_vs_cannabis_pole_a,all→white,xpos_reversals,pos,1.065,0.7934549181085886,100,13.422312669492445,5.130008193549495e-24,8.840103404955826e-24
pairs_potential_crime_smoking_tobacco_vs_cannabis_pole_a,black→white,d_approach_retreat,pos,-0.055,3.3731672913980373,100,-0.16305150396855883,0.8708102561927005,0.9710213695041703
pairs_potential_crime_smoking_tobacco_vs_cannabis_pole_a,black→white,d_latency,pos,-0.33,2.292081229720352,100,-1.4397395507674136,0.15309577993177045,0.9813021732860397
pairs_potential_crime_smoking_tobacco_vs_cannabis_pole_a,black→white,d_peak_speed,pos,0.0001822558883577585,0.0026719480943244805,100,0.6821086410506649,0.49676306410523274,0.9892184316687288
pairs_potential_crime_smoking_tobacco_vs_cannabis_pole_a,black→white,d_time_to_half,pos,-0.605,5.81155892783659,100,-1.041028762699335,0.30039786653176753,0.9652242051735427
pairs_potential_crime_smoking_tobacco_vs_cannabis_pole_a,black→white,pull_AUC,pos,-0.7699688487093082,16.8257629634835,100,-0.4576130368532772,0.6482332051138346,0.9872181459949292
pairs_potential_crime_smoking_tobacco_vs_cannabis_pole_a,black→white,pull_MAD,pos,-0.9415570163168008,41.74229520174225,100,-0.22556426563662024,0.8220053263897351,0.9853852670386265
pairs_potential_crime_smoking_tobacco_vs_cannabis_pole_a,black→white,pull_early,pos,0.9609226597240198,15.459809351155586,100,0.6215617786076987,0.5356587416497309,0.9049941558750725
pairs_potential_crime_smoking_tobacco_vs_cannabis_pole_a,black→white,pull_final,pos,-1.589106070960677,56.43926462355547,86,-0.2611083533645992,0.7946405458594767,0.9764563130469572
pairs_potential_crime_smoking_tobacco_vs_cannabis_pole_a,black→white,pull_release,pos,-1.238129751291126,40.82895338375148,100,-0.3032479769084306,0.7623372228663674,0.9696686907414551
pairs_potential_crime_smoking_tobacco_vs_cannabis_pole_a,black→white,pull_tcp,pos,0.15750376507639885,47.236072728151385,100,0.033343958542626895,0.9734674341050857,0.9926113801197642
pairs_potential_crime_smoking_tobacco_vs_cannabis_pole_a,black→white,q_exploded,pos,0.0,0.0,100,nan,nan,nan
pairs_potential_crime_smoking_tobacco_vs_cannabis_pole_a,black→white,q_jerk_in_grasp,pos,0.0,0.0,100,nan,nan,nan
pairs_potential_crime_smoking_tobacco_vs_cannabis_pole_a,black→white,q_tile_drift,pos,0.005046674460172654,0.008774006615933885,100,5.751847110540954,9.851343398455822e-08,2.8807716301545057e-07
pairs_potential_crime_smoking_tobacco_vs_cannabis_pole_a,black→white,xpos_reversals,pos,1.065,0.7934549181085886,100,13.422312669492445,5.130008193549495e-24,8.840103404955826e-24
pairs_potential_crime_smoking_tobacco_vs_cannabis_pole_b,all→white,d_approach_retreat,neg,0.115,3.047481987583596,100,0.377360720977339,0.7067133017730003,0.9505868688839075
pairs_potential_crime_smoking_tobacco_vs_cannabis_pole_b,all→white,d_latency,neg,-0.04,2.474802308194832,100,-0.1616290718153434,0.8719273639986744,0.9813021732860397
pairs_potential_crime_smoking_tobacco_vs_cannabis_pole_b,all→white,d_peak_speed,neg,-2.7675656601786612e-05,0.0028586651009358827,100,-0.09681321744448493,0.9230704479497187,0.9892184316687288
pairs_potential_crime_smoking_tobacco_vs_cannabis_pole_b,all→white,d_time_to_half,neg,0.05,5.776782159750541,100,0.08655337628684125,0.9312013446864296,0.9652242051735427
pairs_potential_crime_smoking_tobacco_vs_cannabis_pole_b,all→white,pull_AUC,neg,-0.070764560326974,17.04096720831701,100,-0.0415261407770544,0.9669600877192035,0.9897901794037202
pairs_potential_crime_smoking_tobacco_vs_cannabis_pole_b,all→white,pull_MAD,neg,3.5314060260541735,41.00585819613805,100,0.8611954928885656,0.3912114042790591,0.957745515230828
pairs_potential_crime_smoking_tobacco_vs_cannabis_pole_b,all→white,pull_early,neg,-0.9554907121928405,17.062941467174745,100,-0.5599800679331809,0.5767579335369633,0.9049941558750725
pairs_potential_crime_smoking_tobacco_vs_cannabis_pole_b,all→white,pull_final,neg,-7.338548981263047,48.5062092594171,82,-1.3699975404184255,0.17447325681167994,0.9143593224896466
pairs_potential_crime_smoking_tobacco_vs_cannabis_pole_b,all→white,pull_release,neg,-1.1057259188964963,40.077544749031674,100,-0.2758966213675582,0.7832025575862467,0.9696686907414551
pairs_potential_crime_smoking_tobacco_vs_cannabis_pole_b,all→white,pull_tcp,neg,-2.8350944351404905,48.78221218595776,100,-0.5811738148186295,0.56244414110915,0.9779350293812463
pairs_potential_crime_smoking_tobacco_vs_cannabis_pole_b,all→white,q_exploded,neg,0.01,0.07035264706814484,100,1.4214106244380287,0.15833990565972564,nan
pairs_potential_crime_smoking_tobacco_vs_cannabis_pole_b,all→white,q_jerk_in_grasp,neg,0.0,0.0,100,nan,nan,nan
pairs_potential_crime_smoking_tobacco_vs_cannabis_pole_b,all→white,q_tile_drift,neg,0.005557515919208527,0.008992473837975088,100,6.1801858079800205,1.4319172076018142e-08,7.086154386337184e-08
pairs_potential_crime_smoking_tobacco_vs_cannabis_pole_b,all→white,xpos_reversals,neg,1.095,0.7903937134252917,100,13.853855128156958,6.570834504777008e-25,1.5097274516928126e-24
pairs_potential_crime_smoking_tobacco_vs_cannabis_pole_b,black→white,d_approach_retreat,neg,0.115,3.047481987583596,100,0.377360720977339,0.7067133017730003,0.9505868688839075
pairs_potential_crime_smoking_tobacco_vs_cannabis_pole_b,black→white,d_latency,neg,-0.04,2.474802308194832,100,-0.1616290718153434,0.8719273639986744,0.9813021732860397
pairs_potential_crime_smoking_tobacco_vs_cannabis_pole_b,black→white,d_peak_speed,neg,-2.7675656601786612e-05,0.0028586651009358827,100,-0.09681321744448493,0.9230704479497187,0.9892184316687288
pairs_potential_crime_smoking_tobacco_vs_cannabis_pole_b,black→white,d_time_to_half,neg,0.05,5.776782159750541,100,0.08655337628684125,0.9312013446864296,0.9652242051735427
pairs_potential_crime_smoking_tobacco_vs_cannabis_pole_b,black→white,pull_AUC,neg,-0.070764560326974,17.04096720831701,100,-0.0415261407770544,0.9669600877192035,0.9897901794037202
pairs_potential_crime_smoking_tobacco_vs_cannabis_pole_b,black→white,pull_MAD,neg,3.5314060260541735,41.00585819613805,100,0.8611954928885656,0.3912114042790591,0.957745515230828
pairs_potential_crime_smoking_tobacco_vs_cannabis_pole_b,black→white,pull_early,neg,-0.9554907121928405,17.062941467174745,100,-0.5599800679331809,0.5767579335369633,0.9049941558750725
pairs_potential_crime_smoking_tobacco_vs_cannabis_pole_b,black→white,pull_final,neg,-7.338548981263047,48.5062092594171,82,-1.3699975404184255,0.17447325681167994,0.9143593224896466
pairs_potential_crime_smoking_tobacco_vs_cannabis_pole_b,black→white,pull_release,neg,-1.1057259188964963,40.077544749031674,100,-0.2758966213675582,0.7832025575862467,0.9696686907414551
pairs_potential_crime_smoking_tobacco_vs_cannabis_pole_b,black→white,pull_tcp,neg,-2.8350944351404905,48.78221218595776,100,-0.5811738148186295,0.56244414110915,0.9779350293812463
pairs_potential_crime_smoking_tobacco_vs_cannabis_pole_b,black→white,q_exploded,neg,0.01,0.07035264706814484,100,1.4214106244380287,0.15833990565972564,nan
pairs_potential_crime_smoking_tobacco_vs_cannabis_pole_b,black→white,q_jerk_in_grasp,neg,0.0,0.0,100,nan,nan,nan
pairs_potential_crime_smoking_tobacco_vs_cannabis_pole_b,black→white,q_tile_drift,neg,0.005557515919208527,0.008992473837975088,100,6.1801858079800205,1.4319172076018142e-08,7.086154386337184e-08
pairs_potential_crime_smoking_tobacco_vs_cannabis_pole_b,black→white,xpos_reversals,neg,1.095,0.7903937134252917,100,13.853855128156958,6.570834504777008e-25,1.5097274516928126e-24
pairs_status_boss_vs_employee_pole_a,all→white,d_approach_retreat,pos,0.13,3.680840373961612,100,0.35318021645172215,0.7247042580887993,0.9610312299048207
pairs_status_boss_vs_employee_pole_a,all→white,d_latency,pos,0.115,3.632662573614204,100,0.31657220473847736,0.7522347822441255,0.9813021732860397
pairs_status_boss_vs_employee_pole_a,all→white,d_peak_speed,pos,0.0008141590282320976,0.0033315087441364672,100,2.4438147721059904,0.016302472541275106,0.5243962000776826
pairs_status_boss_vs_employee_pole_a,all→white,d_time_to_half,pos,0.29,7.550897999977261,100,0.38406027998374936,0.7017574215010816,0.9652242051735427
pairs_status_boss_vs_employee_pole_a,all→white,pull_AUC,pos,-2.364224599766534,17.909924197519945,100,-1.3200639900496713,0.18985776441891414,0.8218998436689452
pairs_status_boss_vs_employee_pole_a,all→white,pull_MAD,pos,-6.073819554538931,42.81953735486309,100,-1.4184692151628575,0.15919418724436363,0.8852978905625576
pairs_status_boss_vs_employee_pole_a,all→white,pull_early,pos,-0.7798743140883743,14.822244966584249,100,-0.5261512785995295,0.5999598277265561,0.9126080466951746
pairs_status_boss_vs_employee_pole_a,all→white,pull_final,pos,-9.816616450520128,54.22153306848394,89,-1.7079888585568677,0.09116392060741585,0.9143593224896466
pairs_status_boss_vs_employee_pole_a,all→white,pull_release,pos,-5.769267966970801,38.474014716740946,100,-1.4995232521082489,0.13692021160630086,0.908833266026007
pairs_status_boss_vs_employee_pole_a,all→white,pull_tcp,pos,-1.964350026100874,39.38475624208084,100,-0.49875896502364386,0.6190556016253999,0.9779350293812463
pairs_status_boss_vs_employee_pole_a,all→white,q_exploded,pos,0.01,0.07035264706814483,100,1.421410624438029,0.15833990565972564,nan
pairs_status_boss_vs_employee_pole_a,all→white,q_jerk_in_grasp,pos,0.0,0.0,100,nan,nan,nan
pairs_status_boss_vs_employee_pole_a,all→white,q_tile_drift,pos,0.004214542508125305,0.0064661370486219566,100,6.517867586836093,3.0123447866717284e-09,3.633640898922772e-08
pairs_status_boss_vs_employee_pole_a,all→white,xpos_reversals,pos,1.605,0.9219407505229105,100,17.408927841508998,6.823068062321636e-32,4.3946844797734366e-30
pairs_status_boss_vs_employee_pole_a,black→white,d_approach_retreat,pos,0.13,3.680840373961612,100,0.35318021645172215,0.7247042580887993,0.9610312299048207
pairs_status_boss_vs_employee_pole_a,black→white,d_latency,pos,0.115,3.632662573614204,100,0.31657220473847736,0.7522347822441255,0.9813021732860397
pairs_status_boss_vs_employee_pole_a,black→white,d_peak_speed,pos,0.0008141590282320976,0.0033315087441364672,100,2.4438147721059904,0.016302472541275106,0.5243962000776826
pairs_status_boss_vs_employee_pole_a,black→white,d_time_to_half,pos,0.29,7.550897999977261,100,0.38406027998374936,0.7017574215010816,0.9652242051735427
pairs_status_boss_vs_employee_pole_a,black→white,pull_AUC,pos,-2.364224599766534,17.909924197519945,100,-1.3200639900496713,0.18985776441891414,0.8218998436689452
pairs_status_boss_vs_employee_pole_a,black→white,pull_MAD,pos,-6.073819554538931,42.81953735486309,100,-1.4184692151628575,0.15919418724436363,0.8852978905625576
pairs_status_boss_vs_employee_pole_a,black→white,pull_early,pos,-0.7798743140883743,14.822244966584249,100,-0.5261512785995295,0.5999598277265561,0.9126080466951746
pairs_status_boss_vs_employee_pole_a,black→white,pull_final,pos,-9.816616450520128,54.22153306848394,89,-1.7079888585568677,0.09116392060741585,0.9143593224896466
pairs_status_boss_vs_employee_pole_a,black→white,pull_release,pos,-5.769267966970801,38.474014716740946,100,-1.4995232521082489,0.13692021160630086,0.908833266026007
pairs_status_boss_vs_employee_pole_a,black→white,pull_tcp,pos,-1.964350026100874,39.38475624208084,100,-0.49875896502364386,0.6190556016253999,0.9779350293812463
pairs_status_boss_vs_employee_pole_a,black→white,q_exploded,pos,0.01,0.07035264706814483,100,1.421410624438029,0.15833990565972564,nan
pairs_status_boss_vs_employee_pole_a,black→white,q_jerk_in_grasp,pos,0.0,0.0,100,nan,nan,nan
pairs_status_boss_vs_employee_pole_a,black→white,q_tile_drift,pos,0.004214542508125305,0.0064661370486219566,100,6.517867586836093,3.0123447866717284e-09,3.633640898922772e-08
pairs_status_boss_vs_employee_pole_a,black→white,xpos_reversals,pos,1.605,0.9219407505229105,100,17.408927841508998,6.823068062321636e-32,4.3946844797734366e-30
pairs_status_boss_vs_employee_pole_b,all→white,d_approach_retreat,neg,0.63,3.480552028664767,100,1.8100577000760565,0.07332070511394387,0.6282718153218204
pairs_status_boss_vs_employee_pole_b,all→white,d_latency,neg,0.205,3.1719214773676,100,0.6462959485684713,0.5195831455074682,0.9813021732860397
pairs_status_boss_vs_employee_pole_b,all→white,d_peak_speed,neg,0.00044464481994509696,0.0027354839996419004,100,1.625470373810649,0.10724173598975786,0.8825386593080556
pairs_status_boss_vs_employee_pole_b,all→white,d_time_to_half,neg,0.995,7.437447903221327,100,1.3378244969877946,0.18401871744813952,0.9652242051735427
pairs_status_boss_vs_employee_pole_b,all→white,pull_AUC,neg,-0.4188737286051213,13.934418102914565,100,-0.30060367466475574,0.7643470959577998,0.9872181459949292
pairs_status_boss_vs_employee_pole_b,all→white,pull_MAD,neg,-1.8313756368122995,38.89486237132563,100,-0.4708528389503803,0.638781652232114,0.9721923806127203
pairs_status_boss_vs_employee_pole_b,all→white,pull_early,neg,-4.525267146877013,14.47676326883018,100,-3.125883225997302,0.002326931659799851,0.21703822567618664
pairs_status_boss_vs_employee_pole_b,all→white,pull_final,neg,6.271346238688292,50.74686193365064,85,1.1393602136474774,0.2577916136156892,0.9143593224896466
pairs_status_boss_vs_employee_pole_b,all→white,pull_release,neg,2.2287689009681344,38.682076289836985,100,0.5761761298096874,0.5658037324577261,0.9696686907414551
pairs_status_boss_vs_employee_pole_b,all→white,pull_tcp,neg,9.0738600702025,51.24609397382794,100,1.7706442318972917,0.07969783615953085,0.9779350293812463
pairs_status_boss_vs_employee_pole_b,all→white,q_exploded,neg,0.005,0.049999999999999996,100,1.0,0.3197484741393017,nan
pairs_status_boss_vs_employee_pole_b,all→white,q_jerk_in_grasp,neg,0.0,0.0,100,nan,nan,nan
pairs_status_boss_vs_employee_pole_b,all→white,q_tile_drift,neg,0.007165891379117966,0.012274934546736983,100,5.837824512899629,6.721164926260241e-08,2.3164014835146902e-07
pairs_status_boss_vs_employee_pole_b,all→white,xpos_reversals,neg,1.33,0.990408547473764,100,13.428801714125271,4.97315776238622e-24,8.647022055320183e-24
pairs_status_boss_vs_employee_pole_b,black→white,d_approach_retreat,neg,0.63,3.480552028664767,100,1.8100577000760565,0.07332070511394387,0.6282718153218204
pairs_status_boss_vs_employee_pole_b,black→white,d_latency,neg,0.205,3.1719214773676,100,0.6462959485684713,0.5195831455074682,0.9813021732860397
pairs_status_boss_vs_employee_pole_b,black→white,d_peak_speed,neg,0.00044464481994509696,0.0027354839996419004,100,1.625470373810649,0.10724173598975786,0.8825386593080556
pairs_status_boss_vs_employee_pole_b,black→white,d_time_to_half,neg,0.995,7.437447903221327,100,1.3378244969877946,0.18401871744813952,0.9652242051735427
pairs_status_boss_vs_employee_pole_b,black→white,pull_AUC,neg,-0.4188737286051213,13.934418102914565,100,-0.30060367466475574,0.7643470959577998,0.9872181459949292
pairs_status_boss_vs_employee_pole_b,black→white,pull_MAD,neg,-1.8313756368122995,38.89486237132563,100,-0.4708528389503803,0.638781652232114,0.9721923806127203
pairs_status_boss_vs_employee_pole_b,black→white,pull_early,neg,-4.525267146877013,14.47676326883018,100,-3.125883225997302,0.002326931659799851,0.21703822567618664
pairs_status_boss_vs_employee_pole_b,black→white,pull_final,neg,6.271346238688292,50.74686193365064,85,1.1393602136474774,0.2577916136156892,0.9143593224896466
pairs_status_boss_vs_employee_pole_b,black→white,pull_release,neg,2.2287689009681344,38.682076289836985,100,0.5761761298096874,0.5658037324577261,0.9696686907414551
pairs_status_boss_vs_employee_pole_b,black→white,pull_tcp,neg,9.0738600702025,51.24609397382794,100,1.7706442318972917,0.07969783615953085,0.9779350293812463
pairs_status_boss_vs_employee_pole_b,black→white,q_exploded,neg,0.005,0.049999999999999996,100,1.0,0.3197484741393017,nan
pairs_status_boss_vs_employee_pole_b,black→white,q_jerk_in_grasp,neg,0.0,0.0,100,nan,nan,nan
pairs_status_boss_vs_employee_pole_b,black→white,q_tile_drift,neg,0.007165891379117966,0.012274934546736983,100,5.837824512899629,6.721164926260241e-08,2.3164014835146902e-07
pairs_status_boss_vs_employee_pole_b,black→white,xpos_reversals,neg,1.33,0.990408547473764,100,13.428801714125271,4.97315776238622e-24,8.647022055320183e-24
pairs_status_high_school_drop_out_vs_college_graduate_pole_a,all→white,d_approach_retreat,pos,-0.61,3.9309571661904745,100,-1.5517849068580831,0.1239047498472427,0.6969124854331339
pairs_status_high_school_drop_out_vs_college_graduate_pole_a,all→white,d_latency,pos,0.65,2.721500625861706,100,2.388388206944436,0.018818565790084188,0.9278681617516884
pairs_status_high_school_drop_out_vs_college_graduate_pole_a,all→white,d_peak_speed,pos,-0.00016211573034524918,0.0034984137347849375,100,-0.46339782151356984,0.6440963975871208,0.9892184316687288
pairs_status_high_school_drop_out_vs_college_graduate_pole_a,all→white,d_time_to_half,pos,-0.375,5.211862440722136,100,-0.7195124665416945,0.4735203343007288,0.9652242051735427
pairs_status_high_school_drop_out_vs_college_graduate_pole_a,all→white,pull_AUC,pos,-1.137136972198363,12.148615961262829,100,-0.9360218281854055,0.3515396414262072,0.9751214013709606
pairs_status_high_school_drop_out_vs_college_graduate_pole_a,all→white,pull_MAD,pos,-1.9233581260370554,23.09288847305216,100,-0.8328789740969322,0.4069177836732015,0.957745515230828
pairs_status_high_school_drop_out_vs_college_graduate_pole_a,all→white,pull_early,pos,2.04503127746284,18.169310565877037,100,1.125541483837874,0.26308088898918575,0.7498598544034024
pairs_status_high_school_drop_out_vs_college_graduate_pole_a,all→white,pull_final,pos,-4.341619838184367,47.11236080091406,90,-0.8742551120236732,0.384332370040929,0.9143593224896466
pairs_status_high_school_drop_out_vs_college_graduate_pole_a,all→white,pull_release,pos,-6.309859702596441,28.25735240879099,100,-2.2329974908170853,0.027801027627260257,0.4471331943384358
pairs_status_high_school_drop_out_vs_college_graduate_pole_a,all→white,pull_tcp,pos,-5.561846690252423,37.920003033865186,100,-1.4667316047641952,0.14561853548908218,0.9779350293812463
pairs_status_high_school_drop_out_vs_college_graduate_pole_a,all→white,q_exploded,pos,0.0,0.0,100,nan,nan,nan
pairs_status_high_school_drop_out_vs_college_graduate_pole_a,all→white,q_jerk_in_grasp,pos,0.0,0.0,100,nan,nan,nan
pairs_status_high_school_drop_out_vs_college_graduate_pole_a,all→white,q_tile_drift,pos,0.006646751537919045,0.009619800283068343,100,6.909448577241137,4.765074250225614e-10,9.647407573617871e-09
pairs_status_high_school_drop_out_vs_college_graduate_pole_a,all→white,xpos_reversals,pos,0.96,0.7374539876076228,100,13.017761326565463,3.586634808940084e-23,5.244094834283608e-23
pairs_status_high_school_drop_out_vs_college_graduate_pole_a,black→white,d_approach_retreat,pos,-0.61,3.9309571661904745,100,-1.5517849068580831,0.1239047498472427,0.6969124854331339
pairs_status_high_school_drop_out_vs_college_graduate_pole_a,black→white,d_latency,pos,0.65,2.721500625861706,100,2.388388206944436,0.018818565790084188,0.9278681617516884
pairs_status_high_school_drop_out_vs_college_graduate_pole_a,black→white,d_peak_speed,pos,-0.00016211573034524918,0.0034984137347849375,100,-0.46339782151356984,0.6440963975871208,0.9892184316687288
pairs_status_high_school_drop_out_vs_college_graduate_pole_a,black→white,d_time_to_half,pos,-0.375,5.211862440722136,100,-0.7195124665416945,0.4735203343007288,0.9652242051735427
pairs_status_high_school_drop_out_vs_college_graduate_pole_a,black→white,pull_AUC,pos,-1.137136972198363,12.148615961262829,100,-0.9360218281854055,0.3515396414262072,0.9751214013709606
pairs_status_high_school_drop_out_vs_college_graduate_pole_a,black→white,pull_MAD,pos,-1.9233581260370554,23.09288847305216,100,-0.8328789740969322,0.4069177836732015,0.957745515230828
pairs_status_high_school_drop_out_vs_college_graduate_pole_a,black→white,pull_early,pos,2.04503127746284,18.169310565877037,100,1.125541483837874,0.26308088898918575,0.7498598544034024
pairs_status_high_school_drop_out_vs_college_graduate_pole_a,black→white,pull_final,pos,-4.341619838184367,47.11236080091406,90,-0.8742551120236732,0.384332370040929,0.9143593224896466
pairs_status_high_school_drop_out_vs_college_graduate_pole_a,black→white,pull_release,pos,-6.309859702596441,28.25735240879099,100,-2.2329974908170853,0.027801027627260257,0.4471331943384358
pairs_status_high_school_drop_out_vs_college_graduate_pole_a,black→white,pull_tcp,pos,-5.561846690252423,37.920003033865186,100,-1.4667316047641952,0.14561853548908218,0.9779350293812463
pairs_status_high_school_drop_out_vs_college_graduate_pole_a,black→white,q_exploded,pos,0.0,0.0,100,nan,nan,nan
pairs_status_high_school_drop_out_vs_college_graduate_pole_a,black→white,q_jerk_in_grasp,pos,0.0,0.0,100,nan,nan,nan
pairs_status_high_school_drop_out_vs_college_graduate_pole_a,black→white,q_tile_drift,pos,0.006646751537919045,0.009619800283068343,100,6.909448577241137,4.765074250225614e-10,9.647407573617871e-09
pairs_status_high_school_drop_out_vs_college_graduate_pole_a,black→white,xpos_reversals,pos,0.96,0.7374539876076228,100,13.017761326565463,3.586634808940084e-23,5.244094834283608e-23
pairs_status_high_school_drop_out_vs_college_graduate_pole_b,all→white,d_approach_retreat,neg,-0.605,3.6963638972111577,100,-1.636743612977234,0.10485918944272629,0.6969124854331339
pairs_status_high_school_drop_out_vs_college_graduate_pole_b,all→white,d_latency,neg,0.17,2.806216043865562,100,0.6057979761452188,0.5460353149934725,0.9813021732860397
pairs_status_high_school_drop_out_vs_college_graduate_pole_b,all→white,d_peak_speed,neg,2.8787199407815934e-05,0.002902303191018302,100,0.09918742982091976,0.9211900213749442,0.9892184316687288
pairs_status_high_school_drop_out_vs_college_graduate_pole_b,all→white,d_time_to_half,neg,0.185,6.756461553747844,100,0.2738119628570661,0.7847995927637391,0.9652242051735427
pairs_status_high_school_drop_out_vs_college_graduate_pole_b,all→white,pull_AUC,neg,1.0836585372777556,16.951943741047373,100,0.6392532643049003,0.5241345668793458,0.9872181459949292
pairs_status_high_school_drop_out_vs_college_graduate_pole_b,all→white,pull_MAD,neg,-1.4425961919128896,32.366224938021276,100,-0.44571036463948005,0.6567796742473793,0.9721923806127203
pairs_status_high_school_drop_out_vs_college_graduate_pole_b,all→white,pull_early,neg,4.369351571709558,17.452142928603713,100,2.503618947876182,0.013928254200101055,0.4191158273406907
pairs_status_high_school_drop_out_vs_college_graduate_pole_b,all→white,pull_final,neg,2.2451662391956364,44.92943909500695,84,0.4579912167217205,0.6481555467035969,0.9734432141914158
pairs_status_high_school_drop_out_vs_college_graduate_pole_b,all→white,pull_release,neg,-1.1194344446994364,33.68294354038984,100,-0.3323446014618947,0.7403317233225685,0.9696686907414551
pairs_status_high_school_drop_out_vs_college_graduate_pole_b,all→white,pull_tcp,neg,-8.896421389654279,48.942215883207695,100,-1.8177398037890398,0.07212842533683242,0.9779350293812463
pairs_status_high_school_drop_out_vs_college_graduate_pole_b,all→white,q_exploded,neg,0.035,0.1282161999881214,100,2.7297642578116172,0.0075025675386096264,nan
pairs_status_high_school_drop_out_vs_college_graduate_pole_b,all→white,q_jerk_in_grasp,neg,0.0,0.0,100,nan,nan,nan
pairs_status_high_school_drop_out_vs_college_graduate_pole_b,all→white,q_tile_drift,neg,0.008707054853439332,0.013619219235249605,100,6.393211463182497,5.375266965561144e-09,4.673660024226573e-08
pairs_status_high_school_drop_out_vs_college_graduate_pole_b,all→white,xpos_reversals,neg,1.25,0.8918825850158447,100,14.015297764534703,3.0623299936456904e-25,7.577303702225875e-25
pairs_status_high_school_drop_out_vs_college_graduate_pole_b,black→white,d_approach_retreat,neg,-0.605,3.6963638972111577,100,-1.636743612977234,0.10485918944272629,0.6969124854331339
pairs_status_high_school_drop_out_vs_college_graduate_pole_b,black→white,d_latency,neg,0.17,2.806216043865562,100,0.6057979761452188,0.5460353149934725,0.9813021732860397
pairs_status_high_school_drop_out_vs_college_graduate_pole_b,black→white,d_peak_speed,neg,2.8787199407815934e-05,0.002902303191018302,100,0.09918742982091976,0.9211900213749442,0.9892184316687288
pairs_status_high_school_drop_out_vs_college_graduate_pole_b,black→white,d_time_to_half,neg,0.185,6.756461553747844,100,0.2738119628570661,0.7847995927637391,0.9652242051735427
pairs_status_high_school_drop_out_vs_college_graduate_pole_b,black→white,pull_AUC,neg,1.0836585372777556,16.951943741047373,100,0.6392532643049003,0.5241345668793458,0.9872181459949292
pairs_status_high_school_drop_out_vs_college_graduate_pole_b,black→white,pull_MAD,neg,-1.4425961919128896,32.366224938021276,100,-0.44571036463948005,0.6567796742473793,0.9721923806127203
pairs_status_high_school_drop_out_vs_college_graduate_pole_b,black→white,pull_early,neg,4.369351571709558,17.452142928603713,100,2.503618947876182,0.013928254200101055,0.4191158273406907
pairs_status_high_school_drop_out_vs_college_graduate_pole_b,black→white,pull_final,neg,2.2451662391956364,44.92943909500695,84,0.4579912167217205,0.6481555467035969,0.9734432141914158
pairs_status_high_school_drop_out_vs_college_graduate_pole_b,black→white,pull_release,neg,-1.1194344446994364,33.68294354038984,100,-0.3323446014618947,0.7403317233225685,0.9696686907414551
pairs_status_high_school_drop_out_vs_college_graduate_pole_b,black→white,pull_tcp,neg,-8.896421389654279,48.942215883207695,100,-1.8177398037890398,0.07212842533683242,0.9779350293812463
pairs_status_high_school_drop_out_vs_college_graduate_pole_b,black→white,q_exploded,neg,0.035,0.1282161999881214,100,2.7297642578116172,0.0075025675386096264,nan
pairs_status_high_school_drop_out_vs_college_graduate_pole_b,black→white,q_jerk_in_grasp,neg,0.0,0.0,100,nan,nan,nan
pairs_status_high_school_drop_out_vs_college_graduate_pole_b,black→white,q_tile_drift,neg,0.008707054853439332,0.013619219235249605,100,6.393211463182497,5.375266965561144e-09,4.673660024226573e-08
pairs_status_high_school_drop_out_vs_college_graduate_pole_b,black→white,xpos_reversals,neg,1.25,0.8918825850158447,100,14.015297764534703,3.0623299936456904e-25,7.577303702225875e-25
pairs_status_high_status_vs_low_status_pole_a,all→white,d_approach_retreat,pos,-0.72,4.157456487378364,100,-1.7318281073676907,0.08641892285449525,0.6414943119583685
pairs_status_high_status_vs_low_status_pole_a,all→white,d_latency,pos,-0.255,2.8757915028174015,100,-0.8867124050897902,0.37738273263857214,0.9813021732860397
pairs_status_high_status_vs_low_status_pole_a,all→white,d_peak_speed,pos,0.00036814054474234583,0.004221087308232153,100,0.8721462454102328,0.3852388805371686,0.9892184316687288
pairs_status_high_status_vs_low_status_pole_a,all→white,d_time_to_half,pos,0.555,9.254235994310056,100,0.5997253585722694,0.5500594594274829,0.9652242051735427
pairs_status_high_status_vs_low_status_pole_a,all→white,pull_AUC,pos,2.0770361500678773,16.48731359160653,100,1.2597783978132548,0.21071105266344825,0.8218998436689452
pairs_status_high_status_vs_low_status_pole_a,all→white,pull_MAD,pos,7.149848501360975,37.02104081586221,100,1.931293216990679,0.056306777973819416,0.7852377893511775
pairs_status_high_status_vs_low_status_pole_a,all→white,pull_early,pos,0.5066423502285035,18.074720837629595,100,0.2803043846595569,0.7798288754987409,0.9454550680256828
pairs_status_high_status_vs_low_status_pole_a,all→white,pull_final,pos,9.016705441208165,48.88422918148288,81,1.6600517248538895,0.10081913980305594,0.9143593224896466
pairs_status_high_status_vs_low_status_pole_a,all→white,pull_release,pos,4.695336758159101,38.194552459169756,100,1.2293210564984232,0.22186523075308512,0.9696686907414551
pairs_status_high_status_vs_low_status_pole_a,all→white,pull_tcp,pos,2.211221312172711,48.097663284192336,100,0.4597357046448128,0.6467139561766548,0.9779350293812463
pairs_status_high_status_vs_low_status_pole_a,all→white,q_exploded,pos,0.01,0.07035264706814483,100,1.421410624438029,0.15833990565972564,nan
pairs_status_high_status_vs_low_status_pole_a,all→white,q_jerk_in_grasp,pos,0.0,0.0,100,nan,nan,nan
pairs_status_high_status_vs_low_status_pole_a,all→white,q_tile_drift,pos,0.005181943774223327,0.009627031087991072,100,5.382701818307593,4.936855957858112e-07,9.822816493470264e-07
pairs_status_high_status_vs_low_status_pole_a,all→white,xpos_reversals,pos,1.48,1.089249579510888,100,13.587335977348486,2.332243326409757e-24,4.6887808541362826e-24
pairs_status_high_status_vs_low_status_pole_a,black→white,d_approach_retreat,pos,-0.72,4.157456487378364,100,-1.7318281073676907,0.08641892285449525,0.6414943119583685
pairs_status_high_status_vs_low_status_pole_a,black→white,d_latency,pos,-0.255,2.8757915028174015,100,-0.8867124050897902,0.37738273263857214,0.9813021732860397
pairs_status_high_status_vs_low_status_pole_a,black→white,d_peak_speed,pos,0.00036814054474234583,0.004221087308232153,100,0.8721462454102328,0.3852388805371686,0.9892184316687288
pairs_status_high_status_vs_low_status_pole_a,black→white,d_time_to_half,pos,0.555,9.254235994310056,100,0.5997253585722694,0.5500594594274829,0.9652242051735427
pairs_status_high_status_vs_low_status_pole_a,black→white,pull_AUC,pos,2.0770361500678773,16.48731359160653,100,1.2597783978132548,0.21071105266344825,0.8218998436689452
pairs_status_high_status_vs_low_status_pole_a,black→white,pull_MAD,pos,7.149848501360975,37.02104081586221,100,1.931293216990679,0.056306777973819416,0.7852377893511775
pairs_status_high_status_vs_low_status_pole_a,black→white,pull_early,pos,0.5066423502285035,18.074720837629595,100,0.2803043846595569,0.7798288754987409,0.9454550680256828
pairs_status_high_status_vs_low_status_pole_a,black→white,pull_final,pos,9.016705441208165,48.88422918148288,81,1.6600517248538895,0.10081913980305594,0.9143593224896466
pairs_status_high_status_vs_low_status_pole_a,black→white,pull_release,pos,4.695336758159101,38.194552459169756,100,1.2293210564984232,0.22186523075308512,0.9696686907414551
pairs_status_high_status_vs_low_status_pole_a,black→white,pull_tcp,pos,2.211221312172711,48.097663284192336,100,0.4597357046448128,0.6467139561766548,0.9779350293812463
pairs_status_high_status_vs_low_status_pole_a,black→white,q_exploded,pos,0.01,0.07035264706814483,100,1.421410624438029,0.15833990565972564,nan
pairs_status_high_status_vs_low_status_pole_a,black→white,q_jerk_in_grasp,pos,0.0,0.0,100,nan,nan,nan
pairs_status_high_status_vs_low_status_pole_a,black→white,q_tile_drift,pos,0.005181943774223327,0.009627031087991072,100,5.382701818307593,4.936855957858112e-07,9.822816493470264e-07
pairs_status_high_status_vs_low_status_pole_a,black→white,xpos_reversals,pos,1.48,1.089249579510888,100,13.587335977348486,2.332243326409757e-24,4.6887808541362826e-24
pairs_status_high_status_vs_low_status_pole_b,all→white,d_approach_retreat,neg,-0.325,3.511435143595388,100,-0.9255474947124603,0.3569318691021631,0.7424404545163283
pairs_status_high_status_vs_low_status_pole_b,all→white,d_latency,neg,0.405,3.0999307584316633,100,1.3064807944449062,0.19441615754087044,0.9813021732860397
pairs_status_high_status_vs_low_status_pole_b,all→white,d_peak_speed,neg,-0.00047860197722911837,0.0031459808672918118,100,-1.5213124218429162,0.13136912328421632,0.90698906277038
pairs_status_high_status_vs_low_status_pole_b,all→white,d_time_to_half,neg,-0.96,8.808765148097855,100,-1.0898235835102268,0.278436486853274,0.9652242051735427
pairs_status_high_status_vs_low_status_pole_b,all→white,pull_AUC,neg,-1.4385835318118914,15.882454465104946,100,-0.9057690264263483,0.36725728580513606,0.9751214013709606
pairs_status_high_status_vs_low_status_pole_b,all→white,pull_MAD,neg,1.9250434562563905,33.516791080022166,100,0.5743519573995916,0.5670324276183916,0.9721923806127203
pairs_status_high_status_vs_low_status_pole_b,all→white,pull_early,neg,3.831589995883405,19.226941400423474,100,1.9928234637460402,0.049033441784822926,0.5293110558479409
pairs_status_high_status_vs_low_status_pole_b,all→white,pull_final,neg,-0.578425847278494,46.22716370920822,72,-0.10617363633133085,0.9157440034274573,0.9764563130469572
pairs_status_high_status_vs_low_status_pole_b,all→white,pull_release,neg,1.3950331206433475,38.408218182453076,100,0.3632121422598753,0.7172208070463827,0.9696686907414551
pairs_status_high_status_vs_low_status_pole_b,all→white,pull_tcp,neg,3.362170292530209,48.85395920451656,100,0.6882083555306556,0.4929310407895793,0.9779350293812463
pairs_status_high_status_vs_low_status_pole_b,all→white,q_exploded,neg,0.015,0.08572330399888264,100,1.7498158960596661,0.083248625244961,nan
pairs_status_high_status_vs_low_status_pole_b,all→white,q_jerk_in_grasp,neg,0.0,0.0,100,nan,nan,nan
pairs_status_high_status_vs_low_status_pole_b,all→white,q_tile_drift,neg,0.003352923020720482,0.009596846462353039,100,3.493775829251293,0.0007137181254300863,0.0008773732369936728
pairs_status_high_status_vs_low_status_pole_b,all→white,xpos_reversals,neg,1.27,0.9883666763244736,100,12.849482185324792,8.093717532640693e-23,1.1319474520287347e-22
pairs_status_high_status_vs_low_status_pole_b,black→white,d_approach_retreat,neg,-0.325,3.511435143595388,100,-0.9255474947124603,0.3569318691021631,0.7424404545163283
pairs_status_high_status_vs_low_status_pole_b,black→white,d_latency,neg,0.405,3.0999307584316633,100,1.3064807944449062,0.19441615754087044,0.9813021732860397
pairs_status_high_status_vs_low_status_pole_b,black→white,d_peak_speed,neg,-0.00047860197722911837,0.0031459808672918118,100,-1.5213124218429162,0.13136912328421632,0.90698906277038
pairs_status_high_status_vs_low_status_pole_b,black→white,d_time_to_half,neg,-0.96,8.808765148097855,100,-1.0898235835102268,0.278436486853274,0.9652242051735427
pairs_status_high_status_vs_low_status_pole_b,black→white,pull_AUC,neg,-1.4385835318118914,15.882454465104946,100,-0.9057690264263483,0.36725728580513606,0.9751214013709606
pairs_status_high_status_vs_low_status_pole_b,black→white,pull_MAD,neg,1.9250434562563905,33.516791080022166,100,0.5743519573995916,0.5670324276183916,0.9721923806127203
pairs_status_high_status_vs_low_status_pole_b,black→white,pull_early,neg,3.831589995883405,19.226941400423474,100,1.9928234637460402,0.049033441784822926,0.5293110558479409
pairs_status_high_status_vs_low_status_pole_b,black→white,pull_final,neg,-0.578425847278494,46.22716370920822,72,-0.10617363633133085,0.9157440034274573,0.9764563130469572
pairs_status_high_status_vs_low_status_pole_b,black→white,pull_release,neg,1.3950331206433475,38.408218182453076,100,0.3632121422598753,0.7172208070463827,0.9696686907414551
pairs_status_high_status_vs_low_status_pole_b,black→white,pull_tcp,neg,3.362170292530209,48.85395920451656,100,0.6882083555306556,0.4929310407895793,0.9779350293812463
pairs_status_high_status_vs_low_status_pole_b,black→white,q_exploded,neg,0.015,0.08572330399888264,100,1.7498158960596661,0.083248625244961,nan
pairs_status_high_status_vs_low_status_pole_b,black→white,q_jerk_in_grasp,neg,0.0,0.0,100,nan,nan,nan
pairs_status_high_status_vs_low_status_pole_b,black→white,q_tile_drift,neg,0.003352923020720482,0.009596846462353039,100,3.493775829251293,0.0007137181254300863,0.0008773732369936728
pairs_status_high_status_vs_low_status_pole_b,black→white,xpos_reversals,neg,1.27,0.9883666763244736,100,12.849482185324792,8.093717532640693e-23,1.1319474520287347e-22
pairs_status_live_in_the_inner_city_vs_suburbs_pole_a,all→white,d_approach_retreat,pos,-0.37,3.8347296534633983,100,-0.9648659317243615,0.33696298865069885,0.7424404545163283
pairs_status_live_in_the_inner_city_vs_suburbs_pole_a,all→white,d_latency,pos,-0.195,3.3611678766389366,100,-0.5801554910580483,0.5631278944990498,0.9813021732860397
pairs_status_live_in_the_inner_city_vs_suburbs_pole_a,all→white,d_peak_speed,pos,0.00013578927144408226,0.004636872615952492,100,0.29284667208005416,0.7702522722468048,0.9892184316687288
pairs_status_live_in_the_inner_city_vs_suburbs_pole_a,all→white,d_time_to_half,pos,-0.14,6.937338586710805,100,-0.20180649718926014,0.8404820981308692,0.9652242051735427
pairs_status_live_in_the_inner_city_vs_suburbs_pole_a,all→white,pull_AUC,pos,1.414920899932033,12.426465339969948,100,1.1386350512570254,0.25760324069084234,0.9380646311949542
pairs_status_live_in_the_inner_city_vs_suburbs_pole_a,all→white,pull_MAD,pos,1.7067009724676612,27.97343749418201,100,0.6101148537152881,0.5431836852066132,0.9721923806127203
pairs_status_live_in_the_inner_city_vs_suburbs_pole_a,all→white,pull_early,pos,1.5199019014835358,13.37543790363553,100,1.136338049216629,0.25855832962842434,0.7498598544034024
pairs_status_live_in_the_inner_city_vs_suburbs_pole_a,all→white,pull_final,pos,-5.631975854760322,41.15473366467005,83,-1.2467518891559741,0.21603808455505177,0.9143593224896466
pairs_status_live_in_the_inner_city_vs_suburbs_pole_a,all→white,pull_release,pos,-0.11224848094570916,29.64775336651938,100,-0.03786070383075607,0.9698749853113835,0.9884557129278749
pairs_status_live_in_the_inner_city_vs_suburbs_pole_a,all→white,pull_tcp,pos,-1.8313141138060018,33.019660960119786,100,-0.5546132396749353,0.5804100500867092,0.9779350293812463
pairs_status_live_in_the_inner_city_vs_suburbs_pole_a,all→white,q_exploded,pos,0.015,0.08572330399888264,100,1.7498158960596661,0.083248625244961,nan
pairs_status_live_in_the_inner_city_vs_suburbs_pole_a,all→white,q_jerk_in_grasp,pos,0.0,0.0,100,nan,nan,nan
pairs_status_live_in_the_inner_city_vs_suburbs_pole_a,all→white,q_tile_drift,pos,0.0074976771697402,0.032546018395887256,100,2.3037156430439607,0.023329338551767585,0.025153979555816445
pairs_status_live_in_the_inner_city_vs_suburbs_pole_a,all→white,xpos_reversals,pos,1.215,1.0006437321983679,100,12.142183685403209,2.550452665126779e-21,3.057374933971853e-21
pairs_status_live_in_the_inner_city_vs_suburbs_pole_a,black→white,d_approach_retreat,pos,-0.37,3.8347296534633983,100,-0.9648659317243615,0.33696298865069885,0.7424404545163283
pairs_status_live_in_the_inner_city_vs_suburbs_pole_a,black→white,d_latency,pos,-0.195,3.3611678766389366,100,-0.5801554910580483,0.5631278944990498,0.9813021732860397
pairs_status_live_in_the_inner_city_vs_suburbs_pole_a,black→white,d_peak_speed,pos,0.00013578927144408226,0.004636872615952492,100,0.29284667208005416,0.7702522722468048,0.9892184316687288
pairs_status_live_in_the_inner_city_vs_suburbs_pole_a,black→white,d_time_to_half,pos,-0.14,6.937338586710805,100,-0.20180649718926014,0.8404820981308692,0.9652242051735427
pairs_status_live_in_the_inner_city_vs_suburbs_pole_a,black→white,pull_AUC,pos,1.414920899932033,12.426465339969948,100,1.1386350512570254,0.25760324069084234,0.9380646311949542
pairs_status_live_in_the_inner_city_vs_suburbs_pole_a,black→white,pull_MAD,pos,1.7067009724676612,27.97343749418201,100,0.6101148537152881,0.5431836852066132,0.9721923806127203
pairs_status_live_in_the_inner_city_vs_suburbs_pole_a,black→white,pull_early,pos,1.5199019014835358,13.37543790363553,100,1.136338049216629,0.25855832962842434,0.7498598544034024
pairs_status_live_in_the_inner_city_vs_suburbs_pole_a,black→white,pull_final,pos,-5.631975854760322,41.15473366467005,83,-1.2467518891559741,0.21603808455505177,0.9143593224896466
pairs_status_live_in_the_inner_city_vs_suburbs_pole_a,black→white,pull_release,pos,-0.11224848094570916,29.64775336651938,100,-0.03786070383075607,0.9698749853113835,0.9884557129278749
pairs_status_live_in_the_inner_city_vs_suburbs_pole_a,black→white,pull_tcp,pos,-1.8313141138060018,33.019660960119786,100,-0.5546132396749353,0.5804100500867092,0.9779350293812463
pairs_status_live_in_the_inner_city_vs_suburbs_pole_a,black→white,q_exploded,pos,0.015,0.08572330399888264,100,1.7498158960596661,0.083248625244961,nan
pairs_status_live_in_the_inner_city_vs_suburbs_pole_a,black→white,q_jerk_in_grasp,pos,0.0,0.0,100,nan,nan,nan
pairs_status_live_in_the_inner_city_vs_suburbs_pole_a,black→white,q_tile_drift,pos,0.0074976771697402,0.032546018395887256,100,2.3037156430439607,0.023329338551767585,0.025153979555816445
pairs_status_live_in_the_inner_city_vs_suburbs_pole_a,black→white,xpos_reversals,pos,1.215,1.0006437321983679,100,12.142183685403209,2.550452665126779e-21,3.057374933971853e-21
pairs_status_live_in_the_inner_city_vs_suburbs_pole_b,all→white,d_approach_retreat,neg,0.135,3.8558986689816614,100,0.3501129349845009,0.7269977179590872,0.9610312299048207
pairs_status_live_in_the_inner_city_vs_suburbs_pole_b,all→white,d_latency,neg,-0.205,2.9250701450623966,100,-0.700837893908445,0.4850481659742657,0.9813021732860397
pairs_status_live_in_the_inner_city_vs_suburbs_pole_b,all→white,d_peak_speed,neg,-0.00021217048168182374,0.0033911758715159837,100,-0.6256546098476913,0.5329812053865627,0.9892184316687288
pairs_status_live_in_the_inner_city_vs_suburbs_pole_b,all→white,d_time_to_half,neg,-0.575,6.5910005218318615,100,-0.8724016909047186,0.3851002395229687,0.9652242051735427
pairs_status_live_in_the_inner_city_vs_suburbs_pole_b,all→white,pull_AUC,neg,-2.20047700906624,10.620815669287838,100,-2.071853120875969,0.04087896226232389,0.6607894619143871
pairs_status_live_in_the_inner_city_vs_suburbs_pole_b,all→white,pull_MAD,neg,-6.42059169738932,32.60332719848086,100,-1.9693056657384602,0.05171301062241035,0.7852377893511775
pairs_status_live_in_the_inner_city_vs_suburbs_pole_b,all→white,pull_early,neg,-0.802460158243775,12.367711759411106,100,-0.6488347835509263,0.5179474836361319,0.8984985986481139
pairs_status_live_in_the_inner_city_vs_suburbs_pole_b,all→white,pull_final,neg,-7.913209201122787,40.16662910828987,82,-1.7839972779799549,0.07816913485747669,0.9143593224896466
pairs_status_live_in_the_inner_city_vs_suburbs_pole_b,all→white,pull_release,neg,-6.302853424604109,28.20164016659963,100,-2.2349244183566452,0.027669877596673494,0.4471331943384358
pairs_status_live_in_the_inner_city_vs_suburbs_pole_b,all→white,pull_tcp,neg,-8.376723797991872,34.41622418882458,100,-2.433946197012486,0.01672721795381352,0.9779350293812463
pairs_status_live_in_the_inner_city_vs_suburbs_pole_b,all→white,q_exploded,neg,0.015,0.08572330399888264,100,1.7498158960596661,0.083248625244961,nan
pairs_status_live_in_the_inner_city_vs_suburbs_pole_b,all→white,q_jerk_in_grasp,neg,0.0,0.0,100,nan,nan,nan
pairs_status_live_in_the_inner_city_vs_suburbs_pole_b,all→white,q_tile_drift,neg,0.004276411756873131,0.008368651282585746,100,5.110036985017978,1.5696082884280188e-06,2.753949087878251e-06
pairs_status_live_in_the_inner_city_vs_suburbs_pole_b,all→white,xpos_reversals,neg,1.71,1.0898521816181208,100,15.690201192799703,1.334265733224493e-28,1.4306293695129286e-27
pairs_status_live_in_the_inner_city_vs_suburbs_pole_b,black→white,d_approach_retreat,neg,0.135,3.8558986689816614,100,0.3501129349845009,0.7269977179590872,0.9610312299048207
pairs_status_live_in_the_inner_city_vs_suburbs_pole_b,black→white,d_latency,neg,-0.205,2.9250701450623966,100,-0.700837893908445,0.4850481659742657,0.9813021732860397
pairs_status_live_in_the_inner_city_vs_suburbs_pole_b,black→white,d_peak_speed,neg,-0.00021217048168182374,0.0033911758715159837,100,-0.6256546098476913,0.5329812053865627,0.9892184316687288
pairs_status_live_in_the_inner_city_vs_suburbs_pole_b,black→white,d_time_to_half,neg,-0.575,6.5910005218318615,100,-0.8724016909047186,0.3851002395229687,0.9652242051735427
pairs_status_live_in_the_inner_city_vs_suburbs_pole_b,black→white,pull_AUC,neg,-2.20047700906624,10.620815669287838,100,-2.071853120875969,0.04087896226232389,0.6607894619143871
pairs_status_live_in_the_inner_city_vs_suburbs_pole_b,black→white,pull_MAD,neg,-6.42059169738932,32.60332719848086,100,-1.9693056657384602,0.05171301062241035,0.7852377893511775
pairs_status_live_in_the_inner_city_vs_suburbs_pole_b,black→white,pull_early,neg,-0.802460158243775,12.367711759411106,100,-0.6488347835509263,0.5179474836361319,0.8984985986481139
pairs_status_live_in_the_inner_city_vs_suburbs_pole_b,black→white,pull_final,neg,-7.913209201122787,40.16662910828987,82,-1.7839972779799549,0.07816913485747669,0.9143593224896466
pairs_status_live_in_the_inner_city_vs_suburbs_pole_b,black→white,pull_release,neg,-6.302853424604109,28.20164016659963,100,-2.2349244183566452,0.027669877596673494,0.4471331943384358
pairs_status_live_in_the_inner_city_vs_suburbs_pole_b,black→white,pull_tcp,neg,-8.376723797991872,34.41622418882458,100,-2.433946197012486,0.01672721795381352,0.9779350293812463
pairs_status_live_in_the_inner_city_vs_suburbs_pole_b,black→white,q_exploded,neg,0.015,0.08572330399888264,100,1.7498158960596661,0.083248625244961,nan
pairs_status_live_in_the_inner_city_vs_suburbs_pole_b,black→white,q_jerk_in_grasp,neg,0.0,0.0,100,nan,nan,nan
pairs_status_live_in_the_inner_city_vs_suburbs_pole_b,black→white,q_tile_drift,neg,0.004276411756873131,0.008368651282585746,100,5.110036985017978,1.5696082884280188e-06,2.753949087878251e-06
pairs_status_live_in_the_inner_city_vs_suburbs_pole_b,black→white,xpos_reversals,neg,1.71,1.0898521816181208,100,15.690201192799703,1.334265733224493e-28,1.4306293695129286e-27
pairs_status_wealthy_person_vs_poor_person_pole_a,all→white,d_approach_retreat,pos,-0.49,3.9472404374077685,100,-1.241373581797294,0.21740102129610472,0.7133779929557074
pairs_status_wealthy_person_vs_poor_person_pole_a,all→white,d_latency,pos,-0.295,3.0937334837840944,100,-0.9535404440823754,0.3426387383015934,0.9813021732860397
pairs_status_wealthy_person_vs_poor_person_pole_a,all→white,d_peak_speed,pos,-6.875850260257721e-05,0.002819787201758483,100,-0.24384287778772049,0.8078571114205653,0.9892184316687288
pairs_status_wealthy_person_vs_poor_person_pole_a,all→white,d_time_to_half,pos,-0.36,7.170393675004564,100,-0.5020644839277543,0.6167369969090395,0.9652242051735427
pairs_status_wealthy_person_vs_poor_person_pole_a,all→white,pull_AUC,pos,-0.6277308329915866,14.078524003652202,100,-0.44587829862615064,0.6566587716771806,0.9872181459949292
pairs_status_wealthy_person_vs_poor_person_pole_a,all→white,pull_MAD,pos,-3.1047515880782157,33.93279650027342,100,-0.9149707387226981,0.36243020253114044,0.957745515230828
pairs_status_wealthy_person_vs_poor_person_pole_a,all→white,pull_early,pos,0.7522610776068173,13.387945001371932,100,0.5618943590892621,0.5754579282706465,0.9049941558750725
pairs_status_wealthy_person_vs_poor_person_pole_a,all→white,pull_final,pos,-2.734677450886617,40.09325065324574,90,-0.647077196520972,0.5192474535150173,0.9365865283027883
pairs_status_wealthy_person_vs_poor_person_pole_a,all→white,pull_release,pos,-1.7768659652210772,35.589877714958185,100,-0.4992616101274977,0.6187027800683302,0.9696686907414551
pairs_status_wealthy_person_vs_poor_person_pole_a,all→white,pull_tcp,pos,-3.330167233943939,45.2962370816454,100,-0.7351973250981955,0.4639574305089259,0.9779350293812463
pairs_status_wealthy_person_vs_poor_person_pole_a,all→white,q_exploded,pos,0.005,0.049999999999999996,100,1.0,0.3197484741393017,nan
pairs_status_wealthy_person_vs_poor_person_pole_a,all→white,q_jerk_in_grasp,pos,0.0,0.0,100,nan,nan,nan
pairs_status_wealthy_person_vs_poor_person_pole_a,all→white,q_tile_drift,pos,0.008257412239909173,0.01009666884211717,100,8.178353047952077,9.943592484949445e-13,1.9191133495952428e-10
pairs_status_wealthy_person_vs_poor_person_pole_a,all→white,xpos_reversals,pos,1.505,0.98086490384556,100,15.343601285962274,6.4349085034215334e-28,4.59976793022354e-27
pairs_status_wealthy_person_vs_poor_person_pole_a,black→white,d_approach_retreat,pos,-0.49,3.9472404374077685,100,-1.241373581797294,0.21740102129610472,0.7133779929557074
pairs_status_wealthy_person_vs_poor_person_pole_a,black→white,d_latency,pos,-0.295,3.0937334837840944,100,-0.9535404440823754,0.3426387383015934,0.9813021732860397
pairs_status_wealthy_person_vs_poor_person_pole_a,black→white,d_peak_speed,pos,-6.875850260257721e-05,0.002819787201758483,100,-0.24384287778772049,0.8078571114205653,0.9892184316687288
pairs_status_wealthy_person_vs_poor_person_pole_a,black→white,d_time_to_half,pos,-0.36,7.170393675004564,100,-0.5020644839277543,0.6167369969090395,0.9652242051735427
pairs_status_wealthy_person_vs_poor_person_pole_a,black→white,pull_AUC,pos,-0.6277308329915866,14.078524003652202,100,-0.44587829862615064,0.6566587716771806,0.9872181459949292
pairs_status_wealthy_person_vs_poor_person_pole_a,black→white,pull_MAD,pos,-3.1047515880782157,33.93279650027342,100,-0.9149707387226981,0.36243020253114044,0.957745515230828
pairs_status_wealthy_person_vs_poor_person_pole_a,black→white,pull_early,pos,0.7522610776068173,13.387945001371932,100,0.5618943590892621,0.5754579282706465,0.9049941558750725
pairs_status_wealthy_person_vs_poor_person_pole_a,black→white,pull_final,pos,-2.734677450886617,40.09325065324574,90,-0.647077196520972,0.5192474535150173,0.9365865283027883
pairs_status_wealthy_person_vs_poor_person_pole_a,black→white,pull_release,pos,-1.7768659652210772,35.589877714958185,100,-0.4992616101274977,0.6187027800683302,0.9696686907414551
pairs_status_wealthy_person_vs_poor_person_pole_a,black→white,pull_tcp,pos,-3.330167233943939,45.2962370816454,100,-0.7351973250981955,0.4639574305089259,0.9779350293812463
pairs_status_wealthy_person_vs_poor_person_pole_a,black→white,q_exploded,pos,0.005,0.049999999999999996,100,1.0,0.3197484741393017,nan
pairs_status_wealthy_person_vs_poor_person_pole_a,black→white,q_jerk_in_grasp,pos,0.0,0.0,100,nan,nan,nan
pairs_status_wealthy_person_vs_poor_person_pole_a,black→white,q_tile_drift,pos,0.008257412239909173,0.01009666884211717,100,8.178353047952077,9.943592484949445e-13,1.9191133495952428e-10
pairs_status_wealthy_person_vs_poor_person_pole_a,black→white,xpos_reversals,pos,1.505,0.98086490384556,100,15.343601285962274,6.4349085034215334e-28,4.59976793022354e-27
pairs_status_wealthy_person_vs_poor_person_pole_b,all→white,d_approach_retreat,neg,-0.135,3.52470000156185,100,-0.3830113199426317,0.7025325278703825,0.9505868688839075
pairs_status_wealthy_person_vs_poor_person_pole_b,all→white,d_latency,neg,0.195,3.00915690061606,100,0.6480220421875575,0.5184708034548837,0.9813021732860397
pairs_status_wealthy_person_vs_poor_person_pole_b,all→white,d_peak_speed,neg,-0.00081568768247962,0.003508298248889208,100,-2.325023771105782,0.02211246168939055,0.574519053500299
pairs_status_wealthy_person_vs_poor_person_pole_b,all→white,d_time_to_half,neg,-0.535,5.564250519017259,100,-0.9614951702327201,0.3386457901812827,0.9652242051735427
pairs_status_wealthy_person_vs_poor_person_pole_b,all→white,pull_AUC,neg,-1.1798195751314937,13.732240434301408,100,-0.8591602956386147,0.3923276552879743,0.982618539895701
pairs_status_wealthy_person_vs_poor_person_pole_b,all→white,pull_MAD,neg,-1.1648687729379168,37.91733445267015,100,-0.30721272730601623,0.7593267578688994,0.9853852670386265
pairs_status_wealthy_person_vs_poor_person_pole_b,all→white,pull_early,neg,0.2186716664582491,11.960713602584056,100,0.18282493313024908,0.8553092647246764,0.9454550680256828
pairs_status_wealthy_person_vs_poor_person_pole_b,all→white,pull_final,neg,2.4269956361321317,43.812073451550866,90,0.5255287054574526,0.6005226156451862,0.9734432141914158
pairs_status_wealthy_person_vs_poor_person_pole_b,all→white,pull_release,neg,-0.07782229309668764,37.747059434158565,100,-0.020616782939723157,0.9835928480826612,0.9884557129278749
pairs_status_wealthy_person_vs_poor_person_pole_b,all→white,pull_tcp,neg,2.9271171637810767,45.60287713518635,100,0.6418711598182402,0.5224403002166276,0.9779350293812463
pairs_status_wealthy_person_vs_poor_person_pole_b,all→white,q_exploded,neg,0.005,0.049999999999999996,100,1.0,0.3197484741393017,nan
pairs_status_wealthy_person_vs_poor_person_pole_b,all→white,q_jerk_in_grasp,neg,0.0,0.0,100,nan,nan,nan
pairs_status_wealthy_person_vs_poor_person_pole_b,all→white,q_tile_drift,neg,0.004621008783578873,0.014750263786106587,100,3.1328312839607957,0.002277449339360545,0.002680169039613324
pairs_status_wealthy_person_vs_poor_person_pole_b,all→white,xpos_reversals,neg,1.74,1.1965438444608587,100,14.541882506478588,2.592056582215571e-26,9.095762188501913e-26
pairs_status_wealthy_person_vs_poor_person_pole_b,black→white,d_approach_retreat,neg,-0.135,3.52470000156185,100,-0.3830113199426317,0.7025325278703825,0.9505868688839075
pairs_status_wealthy_person_vs_poor_person_pole_b,black→white,d_latency,neg,0.195,3.00915690061606,100,0.6480220421875575,0.5184708034548837,0.9813021732860397
pairs_status_wealthy_person_vs_poor_person_pole_b,black→white,d_peak_speed,neg,-0.00081568768247962,0.003508298248889208,100,-2.325023771105782,0.02211246168939055,0.574519053500299
pairs_status_wealthy_person_vs_poor_person_pole_b,black→white,d_time_to_half,neg,-0.535,5.564250519017259,100,-0.9614951702327201,0.3386457901812827,0.9652242051735427
pairs_status_wealthy_person_vs_poor_person_pole_b,black→white,pull_AUC,neg,-1.1798195751314937,13.732240434301408,100,-0.8591602956386147,0.3923276552879743,0.982618539895701
pairs_status_wealthy_person_vs_poor_person_pole_b,black→white,pull_MAD,neg,-1.1648687729379168,37.91733445267015,100,-0.30721272730601623,0.7593267578688994,0.9853852670386265
pairs_status_wealthy_person_vs_poor_person_pole_b,black→white,pull_early,neg,0.2186716664582491,11.960713602584056,100,0.18282493313024908,0.8553092647246764,0.9454550680256828
pairs_status_wealthy_person_vs_poor_person_pole_b,black→white,pull_final,neg,2.4269956361321317,43.812073451550866,90,0.5255287054574526,0.6005226156451862,0.9734432141914158
pairs_status_wealthy_person_vs_poor_person_pole_b,black→white,pull_release,neg,-0.07782229309668764,37.747059434158565,100,-0.020616782939723157,0.9835928480826612,0.9884557129278749
pairs_status_wealthy_person_vs_poor_person_pole_b,black→white,pull_tcp,neg,2.9271171637810767,45.60287713518635,100,0.6418711598182402,0.5224403002166276,0.9779350293812463
pairs_status_wealthy_person_vs_poor_person_pole_b,black→white,q_exploded,neg,0.005,0.049999999999999996,100,1.0,0.3197484741393017,nan
pairs_status_wealthy_person_vs_poor_person_pole_b,black→white,q_jerk_in_grasp,neg,0.0,0.0,100,nan,nan,nan
pairs_status_wealthy_person_vs_poor_person_pole_b,black→white,q_tile_drift,neg,0.004621008783578873,0.014750263786106587,100,3.1328312839607957,0.002277449339360545,0.002680169039613324
pairs_status_wealthy_person_vs_poor_person_pole_b,black→white,xpos_reversals,neg,1.74,1.1965438444608587,100,14.541882506478588,2.592056582215571e-26,9.095762188501913e-26
visbias_form_age_child_0_17,all→white,d_approach_retreat,-,-0.355,3.782799321543598,100,-0.938458453183659,0.3502928069153265,0.7424404545163283
visbias_form_age_child_0_17,all→white,d_latency,-,0.01,3.5405158558114844,100,0.02824447173025866,0.9775240265630968,0.9877154695134484
visbias_form_age_child_0_17,all→white,d_peak_speed,-,-0.00028677936643362045,0.003609637343323244,100,-0.7944824899489613,0.42881502426537565,0.9892184316687288
visbias_form_age_child_0_17,all→white,d_time_to_half,-,-0.93,8.194917123843698,100,-1.1348497927991221,0.25917847235114183,0.9652242051735427
visbias_form_age_child_0_17,all→white,pull_AUC,-,-3.009148788689333,16.54292721553294,100,-1.8189941535038006,0.07193528665817427,0.6804648584565705
visbias_form_age_child_0_17,all→white,pull_MAD,-,-6.105723078706069,34.20329339552124,100,-1.7851272414327164,0.07730320206047861,0.7852377893511775
visbias_form_age_child_0_17,all→white,pull_early,-,3.0511017971439283,17.070950384134726,100,1.7873063470324058,0.07694811046285147,0.5293110558479409
visbias_form_age_child_0_17,all→white,pull_final,-,-7.634739867996338,42.016552408348545,86,-1.6850898226976192,0.09563951935813188,0.9143593224896466
visbias_form_age_child_0_17,all→white,pull_release,-,-9.748481610440649,34.91719761968268,100,-2.791885453300373,0.006289507601397499,0.2616033439464857
visbias_form_age_child_0_17,all→white,pull_tcp,-,-11.014085919596255,47.65578274595229,100,-2.311175115580648,0.022896784436346934,0.9779350293812463
visbias_form_age_child_0_17,all→white,q_exploded,-,0.005,0.049999999999999996,100,1.0,0.3197484741393017,nan
visbias_form_age_child_0_17,all→white,q_jerk_in_grasp,-,0.0,0.0,100,nan,nan,nan
visbias_form_age_child_0_17,all→white,q_tile_drift,-,0.002701168283820152,0.007272633809432316,100,3.714154121601509,0.0003374142007467467,0.00042562706368707263
visbias_form_age_child_0_17,all→white,xpos_reversals,-,1.14,1.1011472437985994,100,10.352838881631952,1.861273516765963e-17,1.861273516765963e-17
visbias_form_age_child_0_17,black→white,d_approach_retreat,-,-0.355,3.782799321543598,100,-0.938458453183659,0.3502928069153265,0.7424404545163283
visbias_form_age_child_0_17,black→white,d_latency,-,0.01,3.5405158558114844,100,0.02824447173025866,0.9775240265630968,0.9877154695134484
visbias_form_age_child_0_17,black→white,d_peak_speed,-,-0.00028677936643362045,0.003609637343323244,100,-0.7944824899489613,0.42881502426537565,0.9892184316687288
visbias_form_age_child_0_17,black→white,d_time_to_half,-,-0.93,8.194917123843698,100,-1.1348497927991221,0.25917847235114183,0.9652242051735427
visbias_form_age_child_0_17,black→white,pull_AUC,-,-3.009148788689333,16.54292721553294,100,-1.8189941535038006,0.07193528665817427,0.6804648584565705
visbias_form_age_child_0_17,black→white,pull_MAD,-,-6.105723078706069,34.20329339552124,100,-1.7851272414327164,0.07730320206047861,0.7852377893511775
visbias_form_age_child_0_17,black→white,pull_early,-,3.0511017971439283,17.070950384134726,100,1.7873063470324058,0.07694811046285147,0.5293110558479409
visbias_form_age_child_0_17,black→white,pull_final,-,-7.634739867996338,42.016552408348545,86,-1.6850898226976192,0.09563951935813188,0.9143593224896466
visbias_form_age_child_0_17,black→white,pull_release,-,-9.748481610440649,34.91719761968268,100,-2.791885453300373,0.006289507601397499,0.2616033439464857
visbias_form_age_child_0_17,black→white,pull_tcp,-,-11.014085919596255,47.65578274595229,100,-2.311175115580648,0.022896784436346934,0.9779350293812463
visbias_form_age_child_0_17,black→white,q_exploded,-,0.005,0.049999999999999996,100,1.0,0.3197484741393017,nan
visbias_form_age_child_0_17,black→white,q_jerk_in_grasp,-,0.0,0.0,100,nan,nan,nan
visbias_form_age_child_0_17,black→white,q_tile_drift,-,0.002701168283820152,0.007272633809432316,100,3.714154121601509,0.0003374142007467467,0.00042562706368707263
visbias_form_age_child_0_17,black→white,xpos_reversals,-,1.14,1.1011472437985994,100,10.352838881631952,1.861273516765963e-17,1.861273516765963e-17
visbias_form_age_middle_adults_30_49,all→white,d_approach_retreat,-,0.09,4.307838755974363,100,0.20892146874156492,0.8349388147959181,0.9710213695041703
visbias_form_age_middle_adults_30_49,all→white,d_latency,-,-0.25,3.029734795207813,100,-0.8251547310194594,0.41126762897332236,0.9813021732860397
visbias_form_age_middle_adults_30_49,all→white,d_peak_speed,-,-0.00029527585953474043,0.003135837198649836,100,-0.9416173124736009,0.34868064540860255,0.9892184316687288
visbias_form_age_middle_adults_30_49,all→white,d_time_to_half,-,0.145,9.163579369912549,100,0.15823511113581784,0.8745938563849007,0.9652242051735427
visbias_form_age_middle_adults_30_49,all→white,pull_AUC,-,0.6439165283939657,13.481396474853907,100,0.4776334036277526,0.6339640227087051,0.9872181459949292
visbias_form_age_middle_adults_30_49,all→white,pull_MAD,-,3.0359629205137026,25.46946392423393,100,1.1920011075007415,0.23611033420501573,0.9439957775303062
visbias_form_age_middle_adults_30_49,all→white,pull_early,-,-1.8811785079305992,18.894890930448717,100,-0.9956016760589602,0.3218709579157576,0.815901953582179
visbias_form_age_middle_adults_30_49,all→white,pull_final,-,9.511564308669158,43.12425140243892,86,2.045406374033487,0.04390713813195802,0.9143593224896466
visbias_form_age_middle_adults_30_49,all→white,pull_release,-,5.125574042322114,30.65741843915097,100,1.6718870352686037,0.09770450464362888,0.8198682346182772
visbias_form_age_middle_adults_30_49,all→white,pull_tcp,-,2.1799730364000425,44.8542801695732,100,0.48601226642331047,0.6280324965647809,0.9779350293812463
visbias_form_age_middle_adults_30_49,all→white,q_exploded,-,0.0,0.0,100,nan,nan,nan
visbias_form_age_middle_adults_30_49,all→white,q_jerk_in_grasp,-,0.0,0.0,100,nan,nan,nan
visbias_form_age_middle_adults_30_49,all→white,q_tile_drift,-,0.0009017849713563919,0.00263776204012191,100,3.4187502801227434,0.0009147170892952836,0.0011091886013347616
visbias_form_age_middle_adults_30_49,all→white,xpos_reversals,-,0.99,0.7316095442601369,100,13.531808158697118,3.0396531079712533e-24,5.7515004886122735e-24
visbias_form_age_middle_adults_30_49,black→white,d_approach_retreat,-,0.09,4.307838755974363,100,0.20892146874156492,0.8349388147959181,0.9710213695041703
visbias_form_age_middle_adults_30_49,black→white,d_latency,-,-0.25,3.029734795207813,100,-0.8251547310194594,0.41126762897332236,0.9813021732860397
visbias_form_age_middle_adults_30_49,black→white,d_peak_speed,-,-0.00029527585953474043,0.003135837198649836,100,-0.9416173124736009,0.34868064540860255,0.9892184316687288
visbias_form_age_middle_adults_30_49,black→white,d_time_to_half,-,0.145,9.163579369912549,100,0.15823511113581784,0.8745938563849007,0.9652242051735427
visbias_form_age_middle_adults_30_49,black→white,pull_AUC,-,0.6439165283939657,13.481396474853907,100,0.4776334036277526,0.6339640227087051,0.9872181459949292
visbias_form_age_middle_adults_30_49,black→white,pull_MAD,-,3.0359629205137026,25.46946392423393,100,1.1920011075007415,0.23611033420501573,0.9439957775303062
visbias_form_age_middle_adults_30_49,black→white,pull_early,-,-1.8811785079305992,18.894890930448717,100,-0.9956016760589602,0.3218709579157576,0.815901953582179
visbias_form_age_middle_adults_30_49,black→white,pull_final,-,9.511564308669158,43.12425140243892,86,2.045406374033487,0.04390713813195802,0.9143593224896466
visbias_form_age_middle_adults_30_49,black→white,pull_release,-,5.125574042322114,30.65741843915097,100,1.6718870352686037,0.09770450464362888,0.8198682346182772
visbias_form_age_middle_adults_30_49,black→white,pull_tcp,-,2.1799730364000425,44.8542801695732,100,0.48601226642331047,0.6280324965647809,0.9779350293812463
visbias_form_age_middle_adults_30_49,black→white,q_exploded,-,0.0,0.0,100,nan,nan,nan
visbias_form_age_middle_adults_30_49,black→white,q_jerk_in_grasp,-,0.0,0.0,100,nan,nan,nan
visbias_form_age_middle_adults_30_49,black→white,q_tile_drift,-,0.0009017849713563919,0.00263776204012191,100,3.4187502801227434,0.0009147170892952836,0.0011091886013347616
visbias_form_age_middle_adults_30_49,black→white,xpos_reversals,-,0.99,0.7316095442601369,100,13.531808158697118,3.0396531079712533e-24,5.7515004886122735e-24
visbias_form_age_older_adults_50_69,all→white,d_approach_retreat,-,-0.315,4.017421028118875,100,-0.7840851078222594,0.4348621972208607,0.822827490819864
visbias_form_age_older_adults_50_69,all→white,d_latency,-,-0.125,3.606514168063734,100,-0.34659506153308706,0.729631152893436,0.9813021732860397
visbias_form_age_older_adults_50_69,all→white,d_peak_speed,-,5.701933056116104e-05,0.0031587453950839913,100,0.18051258784548188,0.8571191796266363,0.9892184316687288
visbias_form_age_older_adults_50_69,all→white,d_time_to_half,-,-0.69,8.070328495185436,100,-0.8549837846274005,0.3946244920976921,0.9652242051735427
visbias_form_age_older_adults_50_69,all→white,pull_AUC,-,2.156858454412355,13.746746577478518,100,1.5689955745208581,0.11983979405399714,0.746099362981337
visbias_form_age_older_adults_50_69,all→white,pull_MAD,-,2.7906199076416693,32.94064900740351,100,0.8471660370184173,0.3989459315433753,0.957745515230828
visbias_form_age_older_adults_50_69,all→white,pull_early,-,2.7918903795070946,13.335277558449567,100,2.0936125005797743,0.03884977884804219,0.484731836227081
visbias_form_age_older_adults_50_69,all→white,pull_final,-,-1.951791172869867,34.90192255569936,82,-0.5063967680103472,0.6139537640861087,0.9734432141914158
visbias_form_age_older_adults_50_69,all→white,pull_release,-,0.9536379994824529,33.41411769222804,100,0.2853997248307605,0.7759341684096751,0.9696686907414551
visbias_form_age_older_adults_50_69,all→white,pull_tcp,-,3.2578472211025655,42.62244285975231,100,0.7643501879567064,0.4464765979299714,0.9779350293812463
visbias_form_age_older_adults_50_69,all→white,q_exploded,-,0.02,0.09847319278346618,100,2.03100960115899,0.0449347252126304,nan
visbias_form_age_older_adults_50_69,all→white,q_jerk_in_grasp,-,0.0,0.0,100,nan,nan,nan
visbias_form_age_older_adults_50_69,all→white,q_tile_drift,-,0.0017832796275615691,0.0037772579959452226,100,4.721095645242841,7.732843413757684e-06,1.1392662434009414e-05
visbias_form_age_older_adults_50_69,all→white,xpos_reversals,-,1.61,1.1114191492198275,100,14.485983988400386,3.363668006096115e-26,1.119289526166466e-25
visbias_form_age_older_adults_50_69,black→white,d_approach_retreat,-,-0.315,4.017421028118875,100,-0.7840851078222594,0.4348621972208607,0.822827490819864
visbias_form_age_older_adults_50_69,black→white,d_latency,-,-0.125,3.606514168063734,100,-0.34659506153308706,0.729631152893436,0.9813021732860397
visbias_form_age_older_adults_50_69,black→white,d_peak_speed,-,5.701933056116104e-05,0.0031587453950839913,100,0.18051258784548188,0.8571191796266363,0.9892184316687288
visbias_form_age_older_adults_50_69,black→white,d_time_to_half,-,-0.69,8.070328495185436,100,-0.8549837846274005,0.3946244920976921,0.9652242051735427
visbias_form_age_older_adults_50_69,black→white,pull_AUC,-,2.156858454412355,13.746746577478518,100,1.5689955745208581,0.11983979405399714,0.746099362981337
visbias_form_age_older_adults_50_69,black→white,pull_MAD,-,2.7906199076416693,32.94064900740351,100,0.8471660370184173,0.3989459315433753,0.957745515230828
visbias_form_age_older_adults_50_69,black→white,pull_early,-,2.7918903795070946,13.335277558449567,100,2.0936125005797743,0.03884977884804219,0.484731836227081
visbias_form_age_older_adults_50_69,black→white,pull_final,-,-1.951791172869867,34.90192255569936,82,-0.5063967680103472,0.6139537640861087,0.9734432141914158
visbias_form_age_older_adults_50_69,black→white,pull_release,-,0.9536379994824529,33.41411769222804,100,0.2853997248307605,0.7759341684096751,0.9696686907414551
visbias_form_age_older_adults_50_69,black→white,pull_tcp,-,3.2578472211025655,42.62244285975231,100,0.7643501879567064,0.4464765979299714,0.9779350293812463
visbias_form_age_older_adults_50_69,black→white,q_exploded,-,0.02,0.09847319278346618,100,2.03100960115899,0.0449347252126304,nan
visbias_form_age_older_adults_50_69,black→white,q_jerk_in_grasp,-,0.0,0.0,100,nan,nan,nan
visbias_form_age_older_adults_50_69,black→white,q_tile_drift,-,0.0017832796275615691,0.0037772579959452226,100,4.721095645242841,7.732843413757684e-06,1.1392662434009414e-05
visbias_form_age_older_adults_50_69,black→white,xpos_reversals,-,1.61,1.1114191492198275,100,14.485983988400386,3.363668006096115e-26,1.119289526166466e-25
visbias_form_age_seniors_70,all→white,d_approach_retreat,-,-0.245,3.5086437277216973,100,-0.6982755133109176,0.48664188058568336,0.8538352995730626
visbias_form_age_seniors_70,all→white,d_latency,-,-0.265,3.4912987077399533,100,-0.7590298687778116,0.4496381260378981,0.9813021732860397
visbias_form_age_seniors_70,all→white,d_peak_speed,-,0.00033952053636312487,0.0028635822269697355,100,1.1856496843899191,0.23859868272197976,0.9892184316687288
visbias_form_age_seniors_70,all→white,d_time_to_half,-,-0.435,6.928441966330388,100,-0.627846783034246,0.531549913993006,0.9652242051735427
visbias_form_age_seniors_70,all→white,pull_AUC,-,-1.7653082096139698,10.103548934925685,100,-1.7472159742916653,0.08370085403559678,0.6804648584565705
visbias_form_age_seniors_70,all→white,pull_MAD,-,-3.715381307568169,22.885043790256752,100,-1.6234975740575088,0.10766312006827843,0.8632797248047785
visbias_form_age_seniors_70,all→white,pull_early,-,-0.6629152037203315,9.488419830955873,100,-0.6986571162856616,0.48640435442709407,0.8984985986481139
visbias_form_age_seniors_70,all→white,pull_final,-,1.1074456647243147,32.536568120657336,91,0.324691844911893,0.7461678055511819,0.9734432141914158
visbias_form_age_seniors_70,all→white,pull_release,-,-1.0305010338197462,22.395822215815507,100,-0.4601309225843139,0.6464312531225332,0.9696686907414551
visbias_form_age_seniors_70,all→white,pull_tcp,-,-1.7527624481590465,29.837213185493496,100,-0.5874417417144102,0.5582445273268379,0.9779350293812463
visbias_form_age_seniors_70,all→white,q_exploded,-,0.01,0.07035264706814483,100,1.421410624438029,0.15833990565972564,nan
visbias_form_age_seniors_70,all→white,q_jerk_in_grasp,-,0.0,0.0,100,nan,nan,nan
visbias_form_age_seniors_70,all→white,q_tile_drift,-,0.007607089281082153,0.034331686742998954,100,2.215763337824763,0.028998412102969568,0.03092095876172998
visbias_form_age_seniors_70,all→white,xpos_reversals,-,1.345,0.9916189191458988,100,13.563678284380407,2.6107977787579232e-24,5.073110467747222e-24
visbias_form_age_seniors_70,black→white,d_approach_retreat,-,-0.245,3.5086437277216973,100,-0.6982755133109176,0.48664188058568336,0.8538352995730626
visbias_form_age_seniors_70,black→white,d_latency,-,-0.265,3.4912987077399533,100,-0.7590298687778116,0.4496381260378981,0.9813021732860397
visbias_form_age_seniors_70,black→white,d_peak_speed,-,0.00033952053636312487,0.0028635822269697355,100,1.1856496843899191,0.23859868272197976,0.9892184316687288
visbias_form_age_seniors_70,black→white,d_time_to_half,-,-0.435,6.928441966330388,100,-0.627846783034246,0.531549913993006,0.9652242051735427
visbias_form_age_seniors_70,black→white,pull_AUC,-,-1.7653082096139698,10.103548934925685,100,-1.7472159742916653,0.08370085403559678,0.6804648584565705
visbias_form_age_seniors_70,black→white,pull_MAD,-,-3.715381307568169,22.885043790256752,100,-1.6234975740575088,0.10766312006827843,0.8632797248047785
visbias_form_age_seniors_70,black→white,pull_early,-,-0.6629152037203315,9.488419830955873,100,-0.6986571162856616,0.48640435442709407,0.8984985986481139
visbias_form_age_seniors_70,black→white,pull_final,-,1.1074456647243147,32.536568120657336,91,0.324691844911893,0.7461678055511819,0.9734432141914158
visbias_form_age_seniors_70,black→white,pull_release,-,-1.0305010338197462,22.395822215815507,100,-0.4601309225843139,0.6464312531225332,0.9696686907414551
visbias_form_age_seniors_70,black→white,pull_tcp,-,-1.7527624481590465,29.837213185493496,100,-0.5874417417144102,0.5582445273268379,0.9779350293812463
visbias_form_age_seniors_70,black→white,q_exploded,-,0.01,0.07035264706814483,100,1.421410624438029,0.15833990565972564,nan
visbias_form_age_seniors_70,black→white,q_jerk_in_grasp,-,0.0,0.0,100,nan,nan,nan
visbias_form_age_seniors_70,black→white,q_tile_drift,-,0.007607089281082153,0.034331686742998954,100,2.215763337824763,0.028998412102969568,0.03092095876172998
visbias_form_age_seniors_70,black→white,xpos_reversals,-,1.345,0.9916189191458988,100,13.563678284380407,2.6107977787579232e-24,5.073110467747222e-24
visbias_form_age_young_adults_18_29,all→white,d_approach_retreat,-,-0.25,3.5237290853109955,100,-0.7094756547606031,0.4796969731521751,0.8493717047556862
visbias_form_age_young_adults_18_29,all→white,d_latency,-,-0.19,3.2858588963722544,100,-0.5782354203029507,0.5644182320057862,0.9813021732860397
visbias_form_age_young_adults_18_29,all→white,d_peak_speed,-,-0.00045691993087530134,0.003533701390911007,100,-1.2930349238069179,0.1990082757956273,0.9892184316687288
visbias_form_age_young_adults_18_29,all→white,d_time_to_half,-,0.725,9.962904681716557,100,0.7276994241754466,0.468515150648265,0.9652242051735427
visbias_form_age_young_adults_18_29,all→white,pull_AUC,-,1.2108988115729735,15.355524449018429,100,0.7885753531852686,0.43224453613340164,0.982618539895701
visbias_form_age_young_adults_18_29,all→white,pull_MAD,-,1.5556574523914595,34.79445470633466,100,0.4470992477166878,0.6557800348441141,0.9721923806127203
visbias_form_age_young_adults_18_29,all→white,pull_early,-,-2.165018484345637,14.701073786651195,100,-1.4726941145697177,0.1440057376555009,0.7313975623029387
visbias_form_age_young_adults_18_29,all→white,pull_final,-,1.0748843596111117,43.95436018608146,86,0.22678222218702973,0.8211376034008673,0.9764563130469572
visbias_form_age_young_adults_18_29,all→white,pull_release,-,3.8115212664706632,34.04907208159502,100,1.1194200116046493,0.2656695916777132,0.9696686907414551
visbias_form_age_young_adults_18_29,all→white,pull_tcp,-,2.1953475708141923,46.98385475471941,100,0.46725573758795835,0.6413437273289877,0.9779350293812463
visbias_form_age_young_adults_18_29,all→white,q_exploded,-,0.0,0.0,100,nan,nan,nan
visbias_form_age_young_adults_18_29,all→white,q_jerk_in_grasp,-,0.0,0.0,100,nan,nan,nan
visbias_form_age_young_adults_18_29,all→white,q_tile_drift,-,0.003980013206601143,0.00684490503656268,100,5.814563073324672,7.45550935127597e-08,2.4230509610788055e-07
visbias_form_age_young_adults_18_29,all→white,xpos_reversals,-,1.645,1.069066901743778,100,15.38725029571868,5.273930193069535e-28,3.914878951009309e-27
visbias_form_age_young_adults_18_29,black→white,d_approach_retreat,-,-0.25,3.5237290853109955,100,-0.7094756547606031,0.4796969731521751,0.8493717047556862
visbias_form_age_young_adults_18_29,black→white,d_latency,-,-0.19,3.2858588963722544,100,-0.5782354203029507,0.5644182320057862,0.9813021732860397
visbias_form_age_young_adults_18_29,black→white,d_peak_speed,-,-0.00045691993087530134,0.003533701390911007,100,-1.2930349238069179,0.1990082757956273,0.9892184316687288
visbias_form_age_young_adults_18_29,black→white,d_time_to_half,-,0.725,9.962904681716557,100,0.7276994241754466,0.468515150648265,0.9652242051735427
visbias_form_age_young_adults_18_29,black→white,pull_AUC,-,1.2108988115729735,15.355524449018429,100,0.7885753531852686,0.43224453613340164,0.982618539895701
visbias_form_age_young_adults_18_29,black→white,pull_MAD,-,1.5556574523914595,34.79445470633466,100,0.4470992477166878,0.6557800348441141,0.9721923806127203
visbias_form_age_young_adults_18_29,black→white,pull_early,-,-2.165018484345637,14.701073786651195,100,-1.4726941145697177,0.1440057376555009,0.7313975623029387
visbias_form_age_young_adults_18_29,black→white,pull_final,-,1.0748843596111117,43.95436018608146,86,0.22678222218702973,0.8211376034008673,0.9764563130469572
visbias_form_age_young_adults_18_29,black→white,pull_release,-,3.8115212664706632,34.04907208159502,100,1.1194200116046493,0.2656695916777132,0.9696686907414551
visbias_form_age_young_adults_18_29,black→white,pull_tcp,-,2.1953475708141923,46.98385475471941,100,0.46725573758795835,0.6413437273289877,0.9779350293812463
visbias_form_age_young_adults_18_29,black→white,q_exploded,-,0.0,0.0,100,nan,nan,nan
visbias_form_age_young_adults_18_29,black→white,q_jerk_in_grasp,-,0.0,0.0,100,nan,nan,nan
visbias_form_age_young_adults_18_29,black→white,q_tile_drift,-,0.003980013206601143,0.00684490503656268,100,5.814563073324672,7.45550935127597e-08,2.4230509610788055e-07
visbias_form_age_young_adults_18_29,black→white,xpos_reversals,-,1.645,1.069066901743778,100,15.38725029571868,5.273930193069535e-28,3.914878951009309e-27
visbias_form_annual_income_150_000_and_above,all→white,d_approach_retreat,-,0.505,3.790934827807894,100,1.332125248621106,0.18587754244960458,0.7029708863449792
visbias_form_annual_income_150_000_and_above,all→white,d_latency,-,-0.045,3.147947062304369,100,-0.14295030732524125,0.8866199727687754,0.9813021732860397
visbias_form_annual_income_150_000_and_above,all→white,d_peak_speed,-,-0.00034619730897247794,0.0037155826459549525,100,-0.9317443371886046,0.3537353510481479,0.9892184316687288
visbias_form_annual_income_150_000_and_above,all→white,d_time_to_half,-,1.045,7.401574702778327,100,1.4118617212736346,0.16112612416670957,0.9652242051735427
visbias_form_annual_income_150_000_and_above,all→white,pull_AUC,-,-1.78581566581285,14.187604073283484,100,-1.2587154649851688,0.21109325751570354,0.8218998436689452
visbias_form_annual_income_150_000_and_above,all→white,pull_MAD,-,-2.230969414440915,34.389508358780624,100,-0.6487354780317133,0.5180114110512528,0.9721923806127203
visbias_form_annual_income_150_000_and_above,all→white,pull_early,-,0.29445360341924215,14.309280703117514,100,0.20577806077638167,0.8373868388759879,0.9454550680256828
visbias_form_annual_income_150_000_and_above,all→white,pull_final,-,0.5957983002313815,45.81708849917826,81,0.11703460166786034,0.9071259541295533,0.9764563130469572
visbias_form_annual_income_150_000_and_above,all→white,pull_release,-,1.6435867885593325,36.28151279310674,100,0.4530094425587468,0.6515332246894747,0.9696686907414551
visbias_form_annual_income_150_000_and_above,all→white,pull_tcp,-,-2.410682888003066,46.22672191452546,100,-0.5214912042563796,0.6031893225617861,0.9779350293812463
visbias_form_annual_income_150_000_and_above,all→white,q_exploded,-,0.02,0.09847319278346618,100,2.03100960115899,0.0449347252126304,nan
visbias_form_annual_income_150_000_and_above,all→white,q_jerk_in_grasp,-,0.0,0.0,100,nan,nan,nan
visbias_form_annual_income_150_000_and_above,all→white,q_tile_drift,-,0.0038550978153944013,0.008016807143605779,100,4.8087695591744835,5.430420982872942e-06,8.318025791226015e-06
visbias_form_annual_income_150_000_and_above,all→white,xpos_reversals,-,1.93,1.1699520839709117,100,16.4964020872498,3.640637102664575e-30,6.965495754713887e-29
visbias_form_annual_income_150_000_and_above,black→white,d_approach_retreat,-,0.505,3.790934827807894,100,1.332125248621106,0.18587754244960458,0.7029708863449792
visbias_form_annual_income_150_000_and_above,black→white,d_latency,-,-0.045,3.147947062304369,100,-0.14295030732524125,0.8866199727687754,0.9813021732860397
visbias_form_annual_income_150_000_and_above,black→white,d_peak_speed,-,-0.00034619730897247794,0.0037155826459549525,100,-0.9317443371886046,0.3537353510481479,0.9892184316687288
visbias_form_annual_income_150_000_and_above,black→white,d_time_to_half,-,1.045,7.401574702778327,100,1.4118617212736346,0.16112612416670957,0.9652242051735427
visbias_form_annual_income_150_000_and_above,black→white,pull_AUC,-,-1.78581566581285,14.187604073283484,100,-1.2587154649851688,0.21109325751570354,0.8218998436689452
visbias_form_annual_income_150_000_and_above,black→white,pull_MAD,-,-2.230969414440915,34.389508358780624,100,-0.6487354780317133,0.5180114110512528,0.9721923806127203
visbias_form_annual_income_150_000_and_above,black→white,pull_early,-,0.29445360341924215,14.309280703117514,100,0.20577806077638167,0.8373868388759879,0.9454550680256828
visbias_form_annual_income_150_000_and_above,black→white,pull_final,-,0.5957983002313815,45.81708849917826,81,0.11703460166786034,0.9071259541295533,0.9764563130469572
visbias_form_annual_income_150_000_and_above,black→white,pull_release,-,1.6435867885593325,36.28151279310674,100,0.4530094425587468,0.6515332246894747,0.9696686907414551
visbias_form_annual_income_150_000_and_above,black→white,pull_tcp,-,-2.410682888003066,46.22672191452546,100,-0.5214912042563796,0.6031893225617861,0.9779350293812463
visbias_form_annual_income_150_000_and_above,black→white,q_exploded,-,0.02,0.09847319278346618,100,2.03100960115899,0.0449347252126304,nan
visbias_form_annual_income_150_000_and_above,black→white,q_jerk_in_grasp,-,0.0,0.0,100,nan,nan,nan
visbias_form_annual_income_150_000_and_above,black→white,q_tile_drift,-,0.0038550978153944013,0.008016807143605779,100,4.8087695591744835,5.430420982872942e-06,8.318025791226015e-06
visbias_form_annual_income_150_000_and_above,black→white,xpos_reversals,-,1.93,1.1699520839709117,100,16.4964020872498,3.640637102664575e-30,6.965495754713887e-29
visbias_form_annual_income_75_000_149_999,all→white,d_approach_retreat,-,-0.38,4.104764415784529,100,-0.9257534940098918,0.3568253125044206,0.7424404545163283
visbias_form_annual_income_75_000_149_999,all→white,d_latency,-,-0.315,3.0555918271492697,100,-1.0308968534383105,0.30510114940665956,0.9813021732860397
visbias_form_annual_income_75_000_149_999,all→white,d_peak_speed,-,-0.0002536063641309738,0.0031251146171149516,100,-0.8115106010578855,0.41901933389771095,0.9892184316687288
visbias_form_annual_income_75_000_149_999,all→white,d_time_to_half,-,-0.325,7.615565864355941,100,-0.42675751978081766,0.6704825601964064,0.9652242051735427
visbias_form_annual_income_75_000_149_999,all→white,pull_AUC,-,-2.188986394968298,10.454380804157973,100,-2.0938460497800904,0.03882847895305919,0.6607894619143871
visbias_form_annual_income_75_000_149_999,all→white,pull_MAD,-,-3.7904789978056215,26.945777023490844,100,-1.4067061397046186,0.16264599006296482,0.8852978905625576
visbias_form_annual_income_75_000_149_999,all→white,pull_early,-,-1.2949543490540236,11.227000176214117,100,-1.1534286351910419,0.2515116223102682,0.7498598544034024
visbias_form_annual_income_75_000_149_999,all→white,pull_final,-,-4.724018529497004,36.531379583103984,89,-1.2199457612428286,0.22574478878238857,0.9143593224896466
visbias_form_annual_income_75_000_149_999,all→white,pull_release,-,-3.4473320026881993,26.266471661034664,100,-1.3124457853249425,0.19240441935086233,0.9696686907414551
visbias_form_annual_income_75_000_149_999,all→white,pull_tcp,-,-2.837481282185763,32.03191474411623,100,-0.8858294313195764,0.37785608462984177,0.9779350293812463
visbias_form_annual_income_75_000_149_999,all→white,q_exploded,-,0.03,0.13889898953170715,100,2.159842926226022,0.0331992478302915,nan
visbias_form_annual_income_75_000_149_999,all→white,q_jerk_in_grasp,-,0.0,0.0,100,nan,nan,nan
visbias_form_annual_income_75_000_149_999,all→white,q_tile_drift,-,0.0030891095101833344,0.006626918918113948,100,4.661456626154873,9.814214826892853e-06,1.4135398967091946e-05
visbias_form_annual_income_75_000_149_999,all→white,xpos_reversals,-,1.645,1.2129249229391195,100,13.562257390291647,2.6285546465011514e-24,5.073110467747222e-24
visbias_form_annual_income_75_000_149_999,black→white,d_approach_retreat,-,-0.38,4.104764415784529,100,-0.9257534940098918,0.3568253125044206,0.7424404545163283
visbias_form_annual_income_75_000_149_999,black→white,d_latency,-,-0.315,3.0555918271492697,100,-1.0308968534383105,0.30510114940665956,0.9813021732860397
visbias_form_annual_income_75_000_149_999,black→white,d_peak_speed,-,-0.0002536063641309738,0.0031251146171149516,100,-0.8115106010578855,0.41901933389771095,0.9892184316687288
visbias_form_annual_income_75_000_149_999,black→white,d_time_to_half,-,-0.325,7.615565864355941,100,-0.42675751978081766,0.6704825601964064,0.9652242051735427
visbias_form_annual_income_75_000_149_999,black→white,pull_AUC,-,-2.188986394968298,10.454380804157973,100,-2.0938460497800904,0.03882847895305919,0.6607894619143871
visbias_form_annual_income_75_000_149_999,black→white,pull_MAD,-,-3.7904789978056215,26.945777023490844,100,-1.4067061397046186,0.16264599006296482,0.8852978905625576
visbias_form_annual_income_75_000_149_999,black→white,pull_early,-,-1.2949543490540236,11.227000176214117,100,-1.1534286351910419,0.2515116223102682,0.7498598544034024
visbias_form_annual_income_75_000_149_999,black→white,pull_final,-,-4.724018529497004,36.531379583103984,89,-1.2199457612428286,0.22574478878238857,0.9143593224896466
visbias_form_annual_income_75_000_149_999,black→white,pull_release,-,-3.4473320026881993,26.266471661034664,100,-1.3124457853249425,0.19240441935086233,0.9696686907414551
visbias_form_annual_income_75_000_149_999,black→white,pull_tcp,-,-2.837481282185763,32.03191474411623,100,-0.8858294313195764,0.37785608462984177,0.9779350293812463
visbias_form_annual_income_75_000_149_999,black→white,q_exploded,-,0.03,0.13889898953170715,100,2.159842926226022,0.0331992478302915,nan
visbias_form_annual_income_75_000_149_999,black→white,q_jerk_in_grasp,-,0.0,0.0,100,nan,nan,nan
visbias_form_annual_income_75_000_149_999,black→white,q_tile_drift,-,0.0030891095101833344,0.006626918918113948,100,4.661456626154873,9.814214826892853e-06,1.4135398967091946e-05
visbias_form_annual_income_75_000_149_999,black→white,xpos_reversals,-,1.645,1.2129249229391195,100,13.562257390291647,2.6285546465011514e-24,5.073110467747222e-24
visbias_form_annual_income_less_than_9_999,all→white,d_approach_retreat,-,-0.485,3.6275148016739553,100,-1.3370035038208294,0.18428562176955318,0.7029708863449792
visbias_form_annual_income_less_than_9_999,all→white,d_latency,-,0.435,3.346681606872362,100,1.2997949942615807,0.1966895714994199,0.9813021732860397
visbias_form_annual_income_less_than_9_999,all→white,d_peak_speed,-,0.0002020552195608616,0.005499249369103294,100,0.3674232717942897,0.7140876016910254,0.9892184316687288
visbias_form_annual_income_less_than_9_999,all→white,d_time_to_half,-,0.15,9.433044218719811,100,0.1590154742435385,0.8739806287031385,0.9652242051735427
visbias_form_annual_income_less_than_9_999,all→white,pull_AUC,-,-1.0216230107000666,13.005980870834934,100,-0.7855024706294853,0.4340349207119857,0.982618539895701
visbias_form_annual_income_less_than_9_999,all→white,pull_MAD,-,-4.861758986720814,37.515723019076525,100,-1.295925706735983,0.19801426691772656,0.9167513941062821
visbias_form_annual_income_less_than_9_999,all→white,pull_early,-,-0.23678153706714483,9.432959597788438,100,-0.25101510783811515,0.8023226854735124,0.9454550680256828
visbias_form_annual_income_less_than_9_999,all→white,pull_final,-,6.55880050279522,42.15318501224341,81,1.400349807683854,0.16527516637899814,0.9143593224896466
visbias_form_annual_income_less_than_9_999,all→white,pull_release,-,0.08403957821428776,39.03555440738906,100,0.021528982869622026,0.9828670162774387,0.9884557129278749
visbias_form_annual_income_less_than_9_999,all→white,pull_tcp,-,4.679014247376472,42.48353755069245,100,1.1013711468338414,0.27340570339401654,0.9779350293812463
visbias_form_annual_income_less_than_9_999,all→white,q_exploded,-,0.005,0.049999999999999996,100,1.0,0.3197484741393017,nan
visbias_form_annual_income_less_than_9_999,all→white,q_jerk_in_grasp,-,0.0,0.0,100,nan,nan,nan
visbias_form_annual_income_less_than_9_999,all→white,q_tile_drift,-,0.004090159311890602,0.010162130397814297,100,4.024903393062468,0.00011165244070647657,0.000144623631250671
visbias_form_annual_income_less_than_9_999,all→white,xpos_reversals,-,1.675,1.311131441376362,100,12.77522563444643,1.160133385550282e-22,1.5879839958241449e-22
visbias_form_annual_income_less_than_9_999,black→white,d_approach_retreat,-,-0.485,3.6275148016739553,100,-1.3370035038208294,0.18428562176955318,0.7029708863449792
visbias_form_annual_income_less_than_9_999,black→white,d_latency,-,0.435,3.346681606872362,100,1.2997949942615807,0.1966895714994199,0.9813021732860397
visbias_form_annual_income_less_than_9_999,black→white,d_peak_speed,-,0.0002020552195608616,0.005499249369103294,100,0.3674232717942897,0.7140876016910254,0.9892184316687288
visbias_form_annual_income_less_than_9_999,black→white,d_time_to_half,-,0.15,9.433044218719811,100,0.1590154742435385,0.8739806287031385,0.9652242051735427
visbias_form_annual_income_less_than_9_999,black→white,pull_AUC,-,-1.0216230107000666,13.005980870834934,100,-0.7855024706294853,0.4340349207119857,0.982618539895701
visbias_form_annual_income_less_than_9_999,black→white,pull_MAD,-,-4.861758986720814,37.515723019076525,100,-1.295925706735983,0.19801426691772656,0.9167513941062821
visbias_form_annual_income_less_than_9_999,black→white,pull_early,-,-0.23678153706714483,9.432959597788438,100,-0.25101510783811515,0.8023226854735124,0.9454550680256828
visbias_form_annual_income_less_than_9_999,black→white,pull_final,-,6.55880050279522,42.15318501224341,81,1.400349807683854,0.16527516637899814,0.9143593224896466
visbias_form_annual_income_less_than_9_999,black→white,pull_release,-,0.08403957821428776,39.03555440738906,100,0.021528982869622026,0.9828670162774387,0.9884557129278749
visbias_form_annual_income_less_than_9_999,black→white,pull_tcp,-,4.679014247376472,42.48353755069245,100,1.1013711468338414,0.27340570339401654,0.9779350293812463
visbias_form_annual_income_less_than_9_999,black→white,q_exploded,-,0.005,0.049999999999999996,100,1.0,0.3197484741393017,nan
visbias_form_annual_income_less_than_9_999,black→white,q_jerk_in_grasp,-,0.0,0.0,100,nan,nan,nan
visbias_form_annual_income_less_than_9_999,black→white,q_tile_drift,-,0.004090159311890602,0.010162130397814297,100,4.024903393062468,0.00011165244070647657,0.000144623631250671
visbias_form_annual_income_less_than_9_999,black→white,xpos_reversals,-,1.675,1.311131441376362,100,12.77522563444643,1.160133385550282e-22,1.5879839958241449e-22
visbias_form_disability_status_hearing_impairment,all→white,d_approach_retreat,-,0.635,3.376878452181553,100,1.8804348720036788,0.06298833217952787,0.6282718153218204
visbias_form_disability_status_hearing_impairment,all→white,d_latency,-,-0.33,2.6383151954812125,100,-1.2507982388351822,0.21395612420687618,0.9813021732860397
visbias_form_disability_status_hearing_impairment,all→white,d_peak_speed,-,0.00036210212856531144,0.003514472332561358,100,1.030317197863414,0.3053717205225807,0.9892184316687288
visbias_form_disability_status_hearing_impairment,all→white,d_time_to_half,-,-0.11,7.045157373986931,100,-0.15613561792978062,0.8762440661258539,0.9652242051735427
visbias_form_disability_status_hearing_impairment,all→white,pull_AUC,-,0.014063818329508369,12.385573468044361,100,0.011354999722696728,0.99096306667673,0.9941599160138046
visbias_form_disability_status_hearing_impairment,all→white,pull_MAD,-,3.9031039786525086,27.441715577120682,100,1.4223250611586002,0.1580750425970476,0.8852978905625576
visbias_form_disability_status_hearing_impairment,all→white,pull_early,-,-0.6869554920122033,17.07939182287235,100,-0.40221308764182545,0.6883942959786579,0.9162765456819376
visbias_form_disability_status_hearing_impairment,all→white,pull_final,-,2.132497518323362,39.762920009180284,80,0.47968402840834934,0.6327774584549769,0.9734432141914158
visbias_form_disability_status_hearing_impairment,all→white,pull_release,-,4.676447118399665,30.139446402721276,100,1.5516035218143325,0.1239481654847618,0.908833266026007
visbias_form_disability_status_hearing_impairment,all→white,pull_tcp,-,-0.10671145166270435,37.689213852563434,100,-0.028313525477116405,0.977469090792759,0.9926113801197642
visbias_form_disability_status_hearing_impairment,all→white,q_exploded,-,0.025,0.13055824196677338,100,1.9148542155126762,0.05839774428202229,nan
visbias_form_disability_status_hearing_impairment,all→white,q_jerk_in_grasp,-,0.0,0.0,100,nan,nan,nan
visbias_form_disability_status_hearing_impairment,all→white,q_tile_drift,-,0.004700256213545799,0.007281978436159636,100,6.454641763570803,4.042827775419673e-09,3.901328803279985e-08
visbias_form_disability_status_hearing_impairment,all→white,xpos_reversals,-,1.09,0.9882644720249063,100,11.029436257752366,6.304302448123235e-19,6.437726838559705e-19
visbias_form_disability_status_hearing_impairment,black→white,d_approach_retreat,-,0.635,3.376878452181553,100,1.8804348720036788,0.06298833217952787,0.6282718153218204
visbias_form_disability_status_hearing_impairment,black→white,d_latency,-,-0.33,2.6383151954812125,100,-1.2507982388351822,0.21395612420687618,0.9813021732860397
visbias_form_disability_status_hearing_impairment,black→white,d_peak_speed,-,0.00036210212856531144,0.003514472332561358,100,1.030317197863414,0.3053717205225807,0.9892184316687288
visbias_form_disability_status_hearing_impairment,black→white,d_time_to_half,-,-0.11,7.045157373986931,100,-0.15613561792978062,0.8762440661258539,0.9652242051735427
visbias_form_disability_status_hearing_impairment,black→white,pull_AUC,-,0.014063818329508369,12.385573468044361,100,0.011354999722696728,0.99096306667673,0.9941599160138046
visbias_form_disability_status_hearing_impairment,black→white,pull_MAD,-,3.9031039786525086,27.441715577120682,100,1.4223250611586002,0.1580750425970476,0.8852978905625576
visbias_form_disability_status_hearing_impairment,black→white,pull_early,-,-0.6869554920122033,17.07939182287235,100,-0.40221308764182545,0.6883942959786579,0.9162765456819376
visbias_form_disability_status_hearing_impairment,black→white,pull_final,-,2.132497518323362,39.762920009180284,80,0.47968402840834934,0.6327774584549769,0.9734432141914158
visbias_form_disability_status_hearing_impairment,black→white,pull_release,-,4.676447118399665,30.139446402721276,100,1.5516035218143325,0.1239481654847618,0.908833266026007
visbias_form_disability_status_hearing_impairment,black→white,pull_tcp,-,-0.10671145166270435,37.689213852563434,100,-0.028313525477116405,0.977469090792759,0.9926113801197642
visbias_form_disability_status_hearing_impairment,black→white,q_exploded,-,0.025,0.13055824196677338,100,1.9148542155126762,0.05839774428202229,nan
visbias_form_disability_status_hearing_impairment,black→white,q_jerk_in_grasp,-,0.0,0.0,100,nan,nan,nan
visbias_form_disability_status_hearing_impairment,black→white,q_tile_drift,-,0.004700256213545799,0.007281978436159636,100,6.454641763570803,4.042827775419673e-09,3.901328803279985e-08
visbias_form_disability_status_hearing_impairment,black→white,xpos_reversals,-,1.09,0.9882644720249063,100,11.029436257752366,6.304302448123235e-19,6.437726838559705e-19
visbias_form_disability_status_mental_disorder,all→white,d_approach_retreat,neg,-0.445,3.1228184304398727,100,-1.42499479208376,0.1573037143247666,0.6969124854331339
visbias_form_disability_status_mental_disorder,all→white,d_latency,neg,0.485,3.379569484267175,100,1.435094032709812,0.15441205882058023,0.9813021732860397
visbias_form_disability_status_mental_disorder,all→white,d_peak_speed,neg,0.00027864727191627024,0.002786784313068339,100,0.9998881887255591,0.31980231512265744,0.9892184316687288
visbias_form_disability_status_mental_disorder,all→white,d_time_to_half,neg,-1.225,7.641055707376586,100,-1.6031816111710835,0.11208039807399124,0.9652242051735427
visbias_form_disability_status_mental_disorder,all→white,pull_AUC,neg,-2.4361369932406807,14.861258097673797,100,-1.6392535391212968,0.1043345773558013,0.7191633367739162
visbias_form_disability_status_mental_disorder,all→white,pull_MAD,neg,-5.120394969437621,31.26074542994258,100,-1.6379631704281552,0.10460401877192635,0.8632797248047785
visbias_form_disability_status_mental_disorder,all→white,pull_early,neg,0.2898894419486173,17.962655192507498,100,0.16138451628773384,0.8721194519983332,0.9454550680256828
visbias_form_disability_status_mental_disorder,all→white,pull_final,neg,-7.601873775900796,44.65880664944805,86,-1.5785660777276653,0.11815010927722297,0.9143593224896466
visbias_form_disability_status_mental_disorder,all→white,pull_release,neg,-7.031798379030079,39.86464503269986,100,-1.763918472938136,0.08083051720710382,0.8023886547046145
visbias_form_disability_status_mental_disorder,all→white,pull_tcp,neg,-5.000689247390255,50.674948642929664,100,-0.9868168357952481,0.32613811178031693,0.9779350293812463
visbias_form_disability_status_mental_disorder,all→white,q_exploded,neg,0.015,0.08572330399888264,100,1.7498158960596661,0.083248625244961,nan
visbias_form_disability_status_mental_disorder,all→white,q_jerk_in_grasp,neg,0.0,0.0,100,nan,nan,nan
visbias_form_disability_status_mental_disorder,all→white,q_tile_drift,neg,0.004988572522997856,0.007871189406089026,100,6.337762014897996,6.945296326956263e-09,5.155546888855995e-08
visbias_form_disability_status_mental_disorder,all→white,xpos_reversals,neg,1.475,1.0739688500646054,100,13.734104112156235,1.1598136077623503e-24,2.5436821170242456e-24
visbias_form_disability_status_mental_disorder,black→white,d_approach_retreat,neg,-0.445,3.1228184304398727,100,-1.42499479208376,0.1573037143247666,0.6969124854331339
visbias_form_disability_status_mental_disorder,black→white,d_latency,neg,0.485,3.379569484267175,100,1.435094032709812,0.15441205882058023,0.9813021732860397
visbias_form_disability_status_mental_disorder,black→white,d_peak_speed,neg,0.00027864727191627024,0.002786784313068339,100,0.9998881887255591,0.31980231512265744,0.9892184316687288
visbias_form_disability_status_mental_disorder,black→white,d_time_to_half,neg,-1.225,7.641055707376586,100,-1.6031816111710835,0.11208039807399124,0.9652242051735427
visbias_form_disability_status_mental_disorder,black→white,pull_AUC,neg,-2.4361369932406807,14.861258097673797,100,-1.6392535391212968,0.1043345773558013,0.7191633367739162
visbias_form_disability_status_mental_disorder,black→white,pull_MAD,neg,-5.120394969437621,31.26074542994258,100,-1.6379631704281552,0.10460401877192635,0.8632797248047785
visbias_form_disability_status_mental_disorder,black→white,pull_early,neg,0.2898894419486173,17.962655192507498,100,0.16138451628773384,0.8721194519983332,0.9454550680256828
visbias_form_disability_status_mental_disorder,black→white,pull_final,neg,-7.601873775900796,44.65880664944805,86,-1.5785660777276653,0.11815010927722297,0.9143593224896466
visbias_form_disability_status_mental_disorder,black→white,pull_release,neg,-7.031798379030079,39.86464503269986,100,-1.763918472938136,0.08083051720710382,0.8023886547046145
visbias_form_disability_status_mental_disorder,black→white,pull_tcp,neg,-5.000689247390255,50.674948642929664,100,-0.9868168357952481,0.32613811178031693,0.9779350293812463
visbias_form_disability_status_mental_disorder,black→white,q_exploded,neg,0.015,0.08572330399888264,100,1.7498158960596661,0.083248625244961,nan
visbias_form_disability_status_mental_disorder,black→white,q_jerk_in_grasp,neg,0.0,0.0,100,nan,nan,nan
visbias_form_disability_status_mental_disorder,black→white,q_tile_drift,neg,0.004988572522997856,0.007871189406089026,100,6.337762014897996,6.945296326956263e-09,5.155546888855995e-08
visbias_form_disability_status_mental_disorder,black→white,xpos_reversals,neg,1.475,1.0739688500646054,100,13.734104112156235,1.1598136077623503e-24,2.5436821170242456e-24
visbias_form_disability_status_mobility_impairments,all→white,d_approach_retreat,-,0.165,3.953680678695601,100,0.417332641174342,0.6773387608229208,0.9331752136380037
visbias_form_disability_status_mobility_impairments,all→white,d_latency,-,0.185,3.0148244835589795,100,0.6136343956634212,0.540864341018892,0.9813021732860397
visbias_form_disability_status_mobility_impairments,all→white,d_peak_speed,-,-0.0005367914587259292,0.003284506105197733,100,-1.6343140841676513,0.10536902013413622,0.8825386593080556
visbias_form_disability_status_mobility_impairments,all→white,d_time_to_half,-,-0.51,6.530031633255166,100,-0.7810069363259259,0.4366620227098248,0.9652242051735427
visbias_form_disability_status_mobility_impairments,all→white,pull_AUC,-,-1.3643445608191018,13.98229643944793,100,-0.9757657239835854,0.33155886482241415,0.9751214013709606
visbias_form_disability_status_mobility_impairments,all→white,pull_MAD,-,4.0812251669965915,28.04473132439115,100,1.4552555771668438,0.14876215759864805,0.8852978905625576
visbias_form_disability_status_mobility_impairments,all→white,pull_early,-,-1.1747567655256714,15.932293606697499,100,-0.7373431563123063,0.4626576798876748,0.8984985986481139
visbias_form_disability_status_mobility_impairments,all→white,pull_final,-,-1.1857177063598987,37.78962902767342,77,-0.2753303198395795,0.783809652705231,0.9764563130469572
visbias_form_disability_status_mobility_impairments,all→white,pull_release,-,0.4761781424167566,33.542322179545415,100,0.14196337983633608,0.8873974322649473,0.9731119569723569
visbias_form_disability_status_mobility_impairments,all→white,pull_tcp,-,2.895760398823768,51.31827572368119,100,0.5642746873288844,0.5738433978906446,0.9779350293812463
visbias_form_disability_status_mobility_impairments,all→white,q_exploded,-,0.035,0.12821619998812137,100,2.7297642578116172,0.0075025675386096264,nan
visbias_form_disability_status_mobility_impairments,all→white,q_jerk_in_grasp,-,0.0,0.0,100,nan,nan,nan
visbias_form_disability_status_mobility_impairments,all→white,q_tile_drift,-,0.005031477734446526,0.01060964140953893,100,4.742363610821774,7.0997977783677355e-06,1.054046900942287e-05
visbias_form_disability_status_mobility_impairments,all→white,xpos_reversals,-,1.205,1.0519222423926609,100,11.455219325519295,7.578420566573504e-20,8.036456974443331e-20
visbias_form_disability_status_mobility_impairments,black→white,d_approach_retreat,-,0.165,3.953680678695601,100,0.417332641174342,0.6773387608229208,0.9331752136380037
visbias_form_disability_status_mobility_impairments,black→white,d_latency,-,0.185,3.0148244835589795,100,0.6136343956634212,0.540864341018892,0.9813021732860397
visbias_form_disability_status_mobility_impairments,black→white,d_peak_speed,-,-0.0005367914587259292,0.003284506105197733,100,-1.6343140841676513,0.10536902013413622,0.8825386593080556
visbias_form_disability_status_mobility_impairments,black→white,d_time_to_half,-,-0.51,6.530031633255166,100,-0.7810069363259259,0.4366620227098248,0.9652242051735427
visbias_form_disability_status_mobility_impairments,black→white,pull_AUC,-,-1.3643445608191018,13.98229643944793,100,-0.9757657239835854,0.33155886482241415,0.9751214013709606
visbias_form_disability_status_mobility_impairments,black→white,pull_MAD,-,4.0812251669965915,28.04473132439115,100,1.4552555771668438,0.14876215759864805,0.8852978905625576
visbias_form_disability_status_mobility_impairments,black→white,pull_early,-,-1.1747567655256714,15.932293606697499,100,-0.7373431563123063,0.4626576798876748,0.8984985986481139
visbias_form_disability_status_mobility_impairments,black→white,pull_final,-,-1.1857177063598987,37.78962902767342,77,-0.2753303198395795,0.783809652705231,0.9764563130469572
visbias_form_disability_status_mobility_impairments,black→white,pull_release,-,0.4761781424167566,33.542322179545415,100,0.14196337983633608,0.8873974322649473,0.9731119569723569
visbias_form_disability_status_mobility_impairments,black→white,pull_tcp,-,2.895760398823768,51.31827572368119,100,0.5642746873288844,0.5738433978906446,0.9779350293812463
visbias_form_disability_status_mobility_impairments,black→white,q_exploded,-,0.035,0.12821619998812137,100,2.7297642578116172,0.0075025675386096264,nan
visbias_form_disability_status_mobility_impairments,black→white,q_jerk_in_grasp,-,0.0,0.0,100,nan,nan,nan
visbias_form_disability_status_mobility_impairments,black→white,q_tile_drift,-,0.005031477734446526,0.01060964140953893,100,4.742363610821774,7.0997977783677355e-06,1.054046900942287e-05
visbias_form_disability_status_mobility_impairments,black→white,xpos_reversals,-,1.205,1.0519222423926609,100,11.455219325519295,7.578420566573504e-20,8.036456974443331e-20
visbias_form_disability_status_none,all→white,d_approach_retreat,pos,0.2,3.9099717119026307,100,0.5115126521022272,0.6101311506407623,0.9051854831236139
visbias_form_disability_status_none,all→white,d_latency,pos,0.055,3.3188282890383483,100,0.16572113773302985,0.8687143659617664,0.9813021732860397
visbias_form_disability_status_none,all→white,d_peak_speed,pos,-0.00011449322104454041,0.003665434048196375,100,-0.31235924460536485,0.7554244904176719,0.9892184316687288
visbias_form_disability_status_none,all→white,d_time_to_half,pos,0.34,8.554896996823668,100,0.39743318958280616,0.6919036442122655,0.9652242051735427
visbias_form_disability_status_none,all→white,pull_AUC,pos,-0.04784321186491292,12.390319549968881,100,-0.03861338012467409,0.9692763933020887,0.9897901794037202
visbias_form_disability_status_none,all→white,pull_MAD,pos,-0.15593239221489108,37.53193598776444,100,-0.04154658908768406,0.9669438276498998,0.9982297517330192
visbias_form_disability_status_none,all→white,pull_early,pos,-1.973061450640671,14.334391623230864,100,-1.376452871179445,0.17178671065600354,0.7498598544034024
visbias_form_disability_status_none,all→white,pull_final,pos,-3.7618181284736183,38.67560135348994,85,-0.8967475168316486,0.3724165308959583,0.9143593224896466
visbias_form_disability_status_none,all→white,pull_release,pos,-0.050756988930515945,34.99102990820223,100,-0.014505714482733195,0.9884557129278749,0.9884557129278749
visbias_form_disability_status_none,all→white,pull_tcp,pos,4.28199247457087,42.50177254179052,100,1.007485622008008,0.3161575803073738,0.9779350293812463
visbias_form_disability_status_none,all→white,q_exploded,pos,0.01,0.07035264706814483,100,1.421410624438029,0.15833990565972564,nan
visbias_form_disability_status_none,all→white,q_jerk_in_grasp,pos,0.0,0.0,100,nan,nan,nan
visbias_form_disability_status_none,all→white,q_tile_drift,pos,0.006308809258043766,0.010909077965491915,100,5.783082014813786,8.57623376383105e-08,2.5464817175682966e-07
visbias_form_disability_status_none,all→white,xpos_reversals,pos,1.76,1.1020641789593992,100,15.970031814860754,3.787293421478113e-29,4.635733640932547e-28
visbias_form_disability_status_none,black→white,d_approach_retreat,pos,0.2,3.9099717119026307,100,0.5115126521022272,0.6101311506407623,0.9051854831236139
visbias_form_disability_status_none,black→white,d_latency,pos,0.055,3.3188282890383483,100,0.16572113773302985,0.8687143659617664,0.9813021732860397
visbias_form_disability_status_none,black→white,d_peak_speed,pos,-0.00011449322104454041,0.003665434048196375,100,-0.31235924460536485,0.7554244904176719,0.9892184316687288
visbias_form_disability_status_none,black→white,d_time_to_half,pos,0.34,8.554896996823668,100,0.39743318958280616,0.6919036442122655,0.9652242051735427
visbias_form_disability_status_none,black→white,pull_AUC,pos,-0.04784321186491292,12.390319549968881,100,-0.03861338012467409,0.9692763933020887,0.9897901794037202
visbias_form_disability_status_none,black→white,pull_MAD,pos,-0.15593239221489108,37.53193598776444,100,-0.04154658908768406,0.9669438276498998,0.9982297517330192
visbias_form_disability_status_none,black→white,pull_early,pos,-1.973061450640671,14.334391623230864,100,-1.376452871179445,0.17178671065600354,0.7498598544034024
visbias_form_disability_status_none,black→white,pull_final,pos,-3.7618181284736183,38.67560135348994,85,-0.8967475168316486,0.3724165308959583,0.9143593224896466
visbias_form_disability_status_none,black→white,pull_release,pos,-0.050756988930515945,34.99102990820223,100,-0.014505714482733195,0.9884557129278749,0.9884557129278749
visbias_form_disability_status_none,black→white,pull_tcp,pos,4.28199247457087,42.50177254179052,100,1.007485622008008,0.3161575803073738,0.9779350293812463
visbias_form_disability_status_none,black→white,q_exploded,pos,0.01,0.07035264706814483,100,1.421410624438029,0.15833990565972564,nan
visbias_form_disability_status_none,black→white,q_jerk_in_grasp,pos,0.0,0.0,100,nan,nan,nan
visbias_form_disability_status_none,black→white,q_tile_drift,pos,0.006308809258043766,0.010909077965491915,100,5.783082014813786,8.57623376383105e-08,2.5464817175682966e-07
visbias_form_disability_status_none,black→white,xpos_reversals,pos,1.76,1.1020641789593992,100,15.970031814860754,3.787293421478113e-29,4.635733640932547e-28
visbias_form_disability_status_speech_language_disorder,all→white,d_approach_retreat,-,0.505,3.3306769718645923,100,1.5162082791754163,0.13265332265159502,0.6969124854331339
visbias_form_disability_status_speech_language_disorder,all→white,d_latency,-,-0.325,2.8818265462071526,100,-1.1277569790858544,0.26214835114159,0.9813021732860397
visbias_form_disability_status_speech_language_disorder,all→white,d_peak_speed,-,-9.187620133161545e-05,0.0036492245523319943,100,-0.25176910879025804,0.8017414423933497,0.9892184316687288
visbias_form_disability_status_speech_language_disorder,all→white,d_time_to_half,-,0.38,8.560574416675225,100,0.4438954461511302,0.658086890066715,0.9652242051735427
visbias_form_disability_status_speech_language_disorder,all→white,pull_AUC,-,0.6745569866569653,14.135769062604783,100,0.477198646688039,0.6342724507876673,0.9872181459949292
visbias_form_disability_status_speech_language_disorder,all→white,pull_MAD,-,7.059728320129215,30.99617814171181,100,2.2776125133404372,0.024900195834231798,0.7852377893511775
visbias_form_disability_status_speech_language_disorder,all→white,pull_early,-,0.636076285038143,17.196236217509366,100,0.369892735243125,0.7122525173916746,0.9210527167895591
visbias_form_disability_status_speech_language_disorder,all→white,pull_final,-,9.675864464559316,33.89470366337792,74,2.4556914316348197,0.016442065171785508,0.9143593224896466
visbias_form_disability_status_speech_language_disorder,all→white,pull_release,-,4.860926542896777,31.927483667711044,100,1.52248971246448,0.13107431080244938,0.908833266026007
visbias_form_disability_status_speech_language_disorder,all→white,pull_tcp,-,5.091424740385264,40.53425850112292,100,1.256079407556997,0.21204331560694273,0.9779350293812463
visbias_form_disability_status_speech_language_disorder,all→white,q_exploded,-,0.03,0.11934162828797101,100,2.5137917447891764,0.013556758919315062,nan
visbias_form_disability_status_speech_language_disorder,all→white,q_jerk_in_grasp,-,0.0,0.0,100,nan,nan,nan
visbias_form_disability_status_speech_language_disorder,all→white,q_tile_drift,-,0.0054844339191913605,0.00945523559060506,100,5.800420165776535,7.939963380395156e-08,2.471633761961718e-07
visbias_form_disability_status_speech_language_disorder,all→white,xpos_reversals,-,1.36,1.2734269361122221,100,10.67984319659584,3.61615233649408e-18,3.6732494786492496e-18
visbias_form_disability_status_speech_language_disorder,black→white,d_approach_retreat,-,0.505,3.3306769718645923,100,1.5162082791754163,0.13265332265159502,0.6969124854331339
visbias_form_disability_status_speech_language_disorder,black→white,d_latency,-,-0.325,2.8818265462071526,100,-1.1277569790858544,0.26214835114159,0.9813021732860397
visbias_form_disability_status_speech_language_disorder,black→white,d_peak_speed,-,-9.187620133161545e-05,0.0036492245523319943,100,-0.25176910879025804,0.8017414423933497,0.9892184316687288
visbias_form_disability_status_speech_language_disorder,black→white,d_time_to_half,-,0.38,8.560574416675225,100,0.4438954461511302,0.658086890066715,0.9652242051735427
visbias_form_disability_status_speech_language_disorder,black→white,pull_AUC,-,0.6745569866569653,14.135769062604783,100,0.477198646688039,0.6342724507876673,0.9872181459949292
visbias_form_disability_status_speech_language_disorder,black→white,pull_MAD,-,7.059728320129215,30.99617814171181,100,2.2776125133404372,0.024900195834231798,0.7852377893511775
visbias_form_disability_status_speech_language_disorder,black→white,pull_early,-,0.636076285038143,17.196236217509366,100,0.369892735243125,0.7122525173916746,0.9210527167895591
visbias_form_disability_status_speech_language_disorder,black→white,pull_final,-,9.675864464559316,33.89470366337792,74,2.4556914316348197,0.016442065171785508,0.9143593224896466
visbias_form_disability_status_speech_language_disorder,black→white,pull_release,-,4.860926542896777,31.927483667711044,100,1.52248971246448,0.13107431080244938,0.908833266026007
visbias_form_disability_status_speech_language_disorder,black→white,pull_tcp,-,5.091424740385264,40.53425850112292,100,1.256079407556997,0.21204331560694273,0.9779350293812463
visbias_form_disability_status_speech_language_disorder,black→white,q_exploded,-,0.03,0.11934162828797101,100,2.5137917447891764,0.013556758919315062,nan
visbias_form_disability_status_speech_language_disorder,black→white,q_jerk_in_grasp,-,0.0,0.0,100,nan,nan,nan
visbias_form_disability_status_speech_language_disorder,black→white,q_tile_drift,-,0.0054844339191913605,0.00945523559060506,100,5.800420165776535,7.939963380395156e-08,2.471633761961718e-07
visbias_form_disability_status_speech_language_disorder,black→white,xpos_reversals,-,1.36,1.2734269361122221,100,10.67984319659584,3.61615233649408e-18,3.6732494786492496e-18
visbias_form_disability_status_visual_impairment,all→white,d_approach_retreat,-,-0.93,3.654262766090633,100,-2.54497297958385,0.01247280479509432,0.4814502650906408
visbias_form_disability_status_visual_impairment,all→white,d_latency,-,0.015,3.125695882115653,100,0.04798931363036869,0.961821438228077,0.9877154695134484
visbias_form_disability_status_visual_impairment,all→white,d_peak_speed,-,0.0004411662183701992,0.0028443403712392584,100,1.5510317359732384,0.12408510485900028,0.90698906277038
visbias_form_disability_status_visual_impairment,all→white,d_time_to_half,-,-1.7,6.609986323126485,100,-2.5718661384399204,0.011601193826229247,0.5597576021155611
visbias_form_disability_status_visual_impairment,all→white,pull_AUC,-,-1.131342902681659,12.74085981130373,100,-0.8879643284968319,0.3767122274058061,0.9751214013709606
visbias_form_disability_status_visual_impairment,all→white,pull_MAD,-,-2.062469225446694,22.439442974960556,100,-0.9191267482656036,0.3602633059417416,0.957745515230828
visbias_form_disability_status_visual_impairment,all→white,pull_early,-,3.298089644755237,15.777648863282318,100,2.0903555867760106,0.03914786401166217,0.484731836227081
visbias_form_disability_status_visual_impairment,all→white,pull_final,-,-8.490467682436464,37.05132021706436,84,-2.1002334390460837,0.03874381819864587,0.9143593224896466
visbias_form_disability_status_visual_impairment,all→white,pull_release,-,-7.89953398052603,30.335424418897684,100,-2.6040624556434273,0.010630106419986836,0.33209667885261956
visbias_form_disability_status_visual_impairment,all→white,pull_tcp,-,-11.496881342027336,46.80140048361509,100,-2.456525066178806,0.01576960655059166,0.9779350293812463
visbias_form_disability_status_visual_impairment,all→white,q_exploded,-,0.025,0.1305582419667734,100,1.914854215512676,0.05839774428202231,nan
visbias_form_disability_status_visual_impairment,all→white,q_jerk_in_grasp,-,0.0,0.0,100,nan,nan,nan
visbias_form_disability_status_visual_impairment,all→white,q_tile_drift,-,0.004681771025061608,0.008704911994985156,100,5.3783094277791035,5.030898116932859e-07,9.907789148653488e-07
visbias_form_disability_status_visual_impairment,all→white,xpos_reversals,-,0.945,0.6959297247698089,100,13.578957276362573,2.42730654761253e-24,4.829589316383694e-24
visbias_form_disability_status_visual_impairment,black→white,d_approach_retreat,-,-0.93,3.654262766090633,100,-2.54497297958385,0.01247280479509432,0.4814502650906408
visbias_form_disability_status_visual_impairment,black→white,d_latency,-,0.015,3.125695882115653,100,0.04798931363036869,0.961821438228077,0.9877154695134484
visbias_form_disability_status_visual_impairment,black→white,d_peak_speed,-,0.0004411662183701992,0.0028443403712392584,100,1.5510317359732384,0.12408510485900028,0.90698906277038
visbias_form_disability_status_visual_impairment,black→white,d_time_to_half,-,-1.7,6.609986323126485,100,-2.5718661384399204,0.011601193826229247,0.5597576021155611
visbias_form_disability_status_visual_impairment,black→white,pull_AUC,-,-1.131342902681659,12.74085981130373,100,-0.8879643284968319,0.3767122274058061,0.9751214013709606
visbias_form_disability_status_visual_impairment,black→white,pull_MAD,-,-2.062469225446694,22.439442974960556,100,-0.9191267482656036,0.3602633059417416,0.957745515230828
visbias_form_disability_status_visual_impairment,black→white,pull_early,-,3.298089644755237,15.777648863282318,100,2.0903555867760106,0.03914786401166217,0.484731836227081
visbias_form_disability_status_visual_impairment,black→white,pull_final,-,-8.490467682436464,37.05132021706436,84,-2.1002334390460837,0.03874381819864587,0.9143593224896466
visbias_form_disability_status_visual_impairment,black→white,pull_release,-,-7.89953398052603,30.335424418897684,100,-2.6040624556434273,0.010630106419986836,0.33209667885261956
visbias_form_disability_status_visual_impairment,black→white,pull_tcp,-,-11.496881342027336,46.80140048361509,100,-2.456525066178806,0.01576960655059166,0.9779350293812463
visbias_form_disability_status_visual_impairment,black→white,q_exploded,-,0.025,0.1305582419667734,100,1.914854215512676,0.05839774428202231,nan
visbias_form_disability_status_visual_impairment,black→white,q_jerk_in_grasp,-,0.0,0.0,100,nan,nan,nan
visbias_form_disability_status_visual_impairment,black→white,q_tile_drift,-,0.004681771025061608,0.008704911994985156,100,5.3783094277791035,5.030898116932859e-07,9.907789148653488e-07
visbias_form_disability_status_visual_impairment,black→white,xpos_reversals,-,0.945,0.6959297247698089,100,13.578957276362573,2.42730654761253e-24,4.829589316383694e-24
visbias_form_education_associate,all→white,d_approach_retreat,-,-0.12,4.140292284612308,100,-0.28983461009742856,0.7725489370295946,0.9681944470565698
visbias_form_education_associate,all→white,d_latency,-,-0.44,3.02704976883934,100,-1.4535605080874137,0.14923091295125362,0.9813021732860397
visbias_form_education_associate,all→white,d_peak_speed,-,0.0009943043440580367,0.003866654841429377,100,2.5714846161196916,0.011613165320973432,0.5243962000776826
visbias_form_education_associate,all→white,d_time_to_half,-,0.12,9.47274666044275,100,0.12667920329919521,0.8994512384209983,0.9652242051735427
visbias_form_education_associate,all→white,pull_AUC,-,1.5042609306992765,11.041408188273076,100,1.3623814146251114,0.17616901631694876,0.8218998436689452
visbias_form_education_associate,all→white,pull_MAD,-,1.9862513087471603,20.041801876701907,100,0.9910542579787337,0.32407518404380176,0.9476744018250566
visbias_form_education_associate,all→white,pull_early,-,0.704004327300936,14.971793517900766,100,0.4702204358210026,0.6392317724786366,0.9162765456819376
visbias_form_education_associate,all→white,pull_final,-,1.269133637172424,33.13823304727472,88,0.3592686673802677,0.720264622131187,0.9734432141914158
visbias_form_education_associate,all→white,pull_release,-,0.23881466360762715,25.00316015636161,100,0.0955137919023668,0.9240998060945835,0.9884557129278749
visbias_form_education_associate,all→white,pull_tcp,-,-0.7058504380984232,36.25323880384338,100,-0.1946999665099143,0.8460268331651772,0.983633607234212
visbias_form_education_associate,all→white,q_exploded,-,0.005,0.049999999999999996,100,1.0,0.3197484741393017,nan
visbias_form_education_associate,all→white,q_jerk_in_grasp,-,0.0,0.0,100,nan,nan,nan
visbias_form_education_associate,all→white,q_tile_drift,-,0.004837139323353767,0.010140995943243908,100,4.769885867646309,6.354875934164838e-06,9.507682599176851e-06
visbias_form_education_associate,all→white,xpos_reversals,-,1.155,0.9736295730176571,100,11.86282783523312,1.0085605824665048e-20,1.131698793116485e-20
visbias_form_education_associate,black→white,d_approach_retreat,-,-0.12,4.140292284612308,100,-0.28983461009742856,0.7725489370295946,0.9681944470565698
visbias_form_education_associate,black→white,d_latency,-,-0.44,3.02704976883934,100,-1.4535605080874137,0.14923091295125362,0.9813021732860397
visbias_form_education_associate,black→white,d_peak_speed,-,0.0009943043440580367,0.003866654841429377,100,2.5714846161196916,0.011613165320973432,0.5243962000776826
visbias_form_education_associate,black→white,d_time_to_half,-,0.12,9.47274666044275,100,0.12667920329919521,0.8994512384209983,0.9652242051735427
visbias_form_education_associate,black→white,pull_AUC,-,1.5042609306992765,11.041408188273076,100,1.3623814146251114,0.17616901631694876,0.8218998436689452
visbias_form_education_associate,black→white,pull_MAD,-,1.9862513087471603,20.041801876701907,100,0.9910542579787337,0.32407518404380176,0.9476744018250566
visbias_form_education_associate,black→white,pull_early,-,0.704004327300936,14.971793517900766,100,0.4702204358210026,0.6392317724786366,0.9162765456819376
visbias_form_education_associate,black→white,pull_final,-,1.269133637172424,33.13823304727472,88,0.3592686673802677,0.720264622131187,0.9734432141914158
visbias_form_education_associate,black→white,pull_release,-,0.23881466360762715,25.00316015636161,100,0.0955137919023668,0.9240998060945835,0.9884557129278749
visbias_form_education_associate,black→white,pull_tcp,-,-0.7058504380984232,36.25323880384338,100,-0.1946999665099143,0.8460268331651772,0.983633607234212
visbias_form_education_associate,black→white,q_exploded,-,0.005,0.049999999999999996,100,1.0,0.3197484741393017,nan
visbias_form_education_associate,black→white,q_jerk_in_grasp,-,0.0,0.0,100,nan,nan,nan
visbias_form_education_associate,black→white,q_tile_drift,-,0.004837139323353767,0.010140995943243908,100,4.769885867646309,6.354875934164838e-06,9.507682599176851e-06
visbias_form_education_associate,black→white,xpos_reversals,-,1.155,0.9736295730176571,100,11.86282783523312,1.0085605824665048e-20,1.131698793116485e-20
visbias_form_education_elementary_school,all→white,d_approach_retreat,-,0.15,3.64490789120295,100,0.41153303314475426,0.6815713039833258,0.9331752136380037
visbias_form_education_elementary_school,all→white,d_latency,-,-0.275,2.7148813616953515,100,-1.0129356069845783,0.3135601623511281,0.9813021732860397
visbias_form_education_elementary_school,all→white,d_peak_speed,-,-0.0005025620758533478,0.003353482676831643,100,-1.4986273205626528,0.13715233619310746,0.90698906277038
visbias_form_education_elementary_school,all→white,d_time_to_half,-,0.635,7.372435352738132,100,0.8613164709055877,0.39114511278672104,0.9652242051735427
visbias_form_education_elementary_school,all→white,pull_AUC,-,0.20343311274248826,10.41944987587498,100,0.195243621463657,0.8456023794822142,0.9872181459949292
visbias_form_education_elementary_school,all→white,pull_MAD,-,1.8722952165524476,22.299450137898624,100,0.8396149703128429,0.4031472980214932,0.957745515230828
visbias_form_education_elementary_school,all→white,pull_early,-,-0.6872835562389806,17.01852991423022,100,-0.40384425664422474,0.6871982619722927,0.9162765456819376
visbias_form_education_elementary_school,all→white,pull_final,-,-0.40140579151640454,43.55602713806026,83,-0.08396038486941096,0.9332925661626519,0.9789427460293033
visbias_form_education_elementary_school,all→white,pull_release,-,2.694248657207936,27.02667776466372,100,0.9968848856186668,0.3212507615565956,0.9696686907414551
visbias_form_education_elementary_school,all→white,pull_tcp,-,3.0563353991601616,42.77483678614013,100,0.7145171387656757,0.47658888758945284,0.9779350293812463
visbias_form_education_elementary_school,all→white,q_exploded,-,0.015,0.08572330399888264,100,1.7498158960596661,0.083248625244961,nan
visbias_form_education_elementary_school,all→white,q_jerk_in_grasp,-,0.0,0.0,100,nan,nan,nan
visbias_form_education_elementary_school,all→white,q_tile_drift,-,0.004771978594362736,0.007735941841866687,100,6.168581268976105,1.5098575647251047e-08,7.240149134083216e-08
visbias_form_education_elementary_school,all→white,xpos_reversals,-,1.065,0.7902659058950994,100,13.476476614459552,3.959246341455432e-24,7.01040865964127e-24
visbias_form_education_elementary_school,black→white,d_approach_retreat,-,0.15,3.64490789120295,100,0.41153303314475426,0.6815713039833258,0.9331752136380037
visbias_form_education_elementary_school,black→white,d_latency,-,-0.275,2.7148813616953515,100,-1.0129356069845783,0.3135601623511281,0.9813021732860397
visbias_form_education_elementary_school,black→white,d_peak_speed,-,-0.0005025620758533478,0.003353482676831643,100,-1.4986273205626528,0.13715233619310746,0.90698906277038
visbias_form_education_elementary_school,black→white,d_time_to_half,-,0.635,7.372435352738132,100,0.8613164709055877,0.39114511278672104,0.9652242051735427
visbias_form_education_elementary_school,black→white,pull_AUC,-,0.20343311274248826,10.41944987587498,100,0.195243621463657,0.8456023794822142,0.9872181459949292
visbias_form_education_elementary_school,black→white,pull_MAD,-,1.8722952165524476,22.299450137898624,100,0.8396149703128429,0.4031472980214932,0.957745515230828
visbias_form_education_elementary_school,black→white,pull_early,-,-0.6872835562389806,17.01852991423022,100,-0.40384425664422474,0.6871982619722927,0.9162765456819376
visbias_form_education_elementary_school,black→white,pull_final,-,-0.40140579151640454,43.55602713806026,83,-0.08396038486941096,0.9332925661626519,0.9789427460293033
visbias_form_education_elementary_school,black→white,pull_release,-,2.694248657207936,27.02667776466372,100,0.9968848856186668,0.3212507615565956,0.9696686907414551
visbias_form_education_elementary_school,black→white,pull_tcp,-,3.0563353991601616,42.77483678614013,100,0.7145171387656757,0.47658888758945284,0.9779350293812463
visbias_form_education_elementary_school,black→white,q_exploded,-,0.015,0.08572330399888264,100,1.7498158960596661,0.083248625244961,nan
visbias_form_education_elementary_school,black→white,q_jerk_in_grasp,-,0.0,0.0,100,nan,nan,nan
visbias_form_education_elementary_school,black→white,q_tile_drift,-,0.004771978594362736,0.007735941841866687,100,6.168581268976105,1.5098575647251047e-08,7.240149134083216e-08
visbias_form_education_elementary_school,black→white,xpos_reversals,-,1.065,0.7902659058950994,100,13.476476614459552,3.959246341455432e-24,7.01040865964127e-24
visbias_form_education_high_school,all→white,d_approach_retreat,-,0.21,3.7485215940973506,100,0.5602208623545847,0.5765943315097274,0.891214590450665
visbias_form_education_high_school,all→white,d_latency,-,-0.03,3.206543184165651,100,-0.09355869631865275,0.9256488050369888,0.9813021732860397
visbias_form_education_high_school,all→white,d_peak_speed,-,-0.0008157297223806381,0.007613291191742986,100,-1.0714547780141916,0.28657008132307243,0.9892184316687288
visbias_form_education_high_school,all→white,d_time_to_half,-,-0.105,7.134811160993002,100,-0.14716577303972597,0.8833004642973812,0.9652242051735427
visbias_form_education_high_school,all→white,pull_AUC,-,0.41723835000443854,10.189395246056296,100,0.4094829378278622,0.6830699056273941,0.9872181459949292
visbias_form_education_high_school,all→white,pull_MAD,-,2.028808259789366,16.301168134601703,100,1.2445784517018217,0.2162250628165791,0.9439957775303062
visbias_form_education_high_school,all→white,pull_early,-,-0.11187307629734257,16.422067106529635,100,-0.0681236263203798,0.9458246234894889,0.9658420758384729
visbias_form_education_high_school,all→white,pull_final,-,4.43712999600224,33.9670545530643,86,1.211416513420738,0.22909294750399894,0.9143593224896466
visbias_form_education_high_school,all→white,pull_release,-,1.191939416457899,27.180646304435218,100,0.4385250457651566,0.6619611903107876,0.9696686907414551
visbias_form_education_high_school,all→white,pull_tcp,-,-0.9561412851326168,40.94210518412925,100,-0.2335349588968508,0.8158282392470693,0.9786050015708665
visbias_form_education_high_school,all→white,q_exploded,-,0.0,0.0,100,nan,nan,nan
visbias_form_education_high_school,all→white,q_jerk_in_grasp,-,0.0,0.0,100,nan,nan,nan
visbias_form_education_high_school,all→white,q_tile_drift,-,0.00243367999792099,0.005376532011575107,100,4.526486576628827,1.6724491639865393e-05,2.358154362117173e-05
visbias_form_education_high_school,all→white,xpos_reversals,-,1.15,0.8747293953855186,100,13.146922992031856,1.9241342606775872e-23,2.9948218734739864e-23
visbias_form_education_high_school,black→white,d_approach_retreat,-,0.21,3.7485215940973506,100,0.5602208623545847,0.5765943315097274,0.891214590450665
visbias_form_education_high_school,black→white,d_latency,-,-0.03,3.206543184165651,100,-0.09355869631865275,0.9256488050369888,0.9813021732860397
visbias_form_education_high_school,black→white,d_peak_speed,-,-0.0008157297223806381,0.007613291191742986,100,-1.0714547780141916,0.28657008132307243,0.9892184316687288
visbias_form_education_high_school,black→white,d_time_to_half,-,-0.105,7.134811160993002,100,-0.14716577303972597,0.8833004642973812,0.9652242051735427
visbias_form_education_high_school,black→white,pull_AUC,-,0.41723835000443854,10.189395246056296,100,0.4094829378278622,0.6830699056273941,0.9872181459949292
visbias_form_education_high_school,black→white,pull_MAD,-,2.028808259789366,16.301168134601703,100,1.2445784517018217,0.2162250628165791,0.9439957775303062
visbias_form_education_high_school,black→white,pull_early,-,-0.11187307629734257,16.422067106529635,100,-0.0681236263203798,0.9458246234894889,0.9658420758384729
visbias_form_education_high_school,black→white,pull_final,-,4.43712999600224,33.9670545530643,86,1.211416513420738,0.22909294750399894,0.9143593224896466
visbias_form_education_high_school,black→white,pull_release,-,1.191939416457899,27.180646304435218,100,0.4385250457651566,0.6619611903107876,0.9696686907414551
visbias_form_education_high_school,black→white,pull_tcp,-,-0.9561412851326168,40.94210518412925,100,-0.2335349588968508,0.8158282392470693,0.9786050015708665
visbias_form_education_high_school,black→white,q_exploded,-,0.0,0.0,100,nan,nan,nan
visbias_form_education_high_school,black→white,q_jerk_in_grasp,-,0.0,0.0,100,nan,nan,nan
visbias_form_education_high_school,black→white,q_tile_drift,-,0.00243367999792099,0.005376532011575107,100,4.526486576628827,1.6724491639865393e-05,2.358154362117173e-05
visbias_form_education_high_school,black→white,xpos_reversals,-,1.15,0.8747293953855186,100,13.146922992031856,1.9241342606775872e-23,2.9948218734739864e-23
visbias_form_education_middle_school,all→white,d_approach_retreat,-,0.255,4.388054837000702,100,0.5811230931979331,0.5624781885034219,0.891214590450665
visbias_form_education_middle_school,all→white,d_latency,-,0.195,3.345353327959379,100,0.5828980704975263,0.5612873185998755,0.9813021732860397
visbias_form_education_middle_school,all→white,d_peak_speed,-,0.0005497417971491814,0.0032671013798518046,100,1.6826591318513586,0.0955925085064937,0.8825386593080556
visbias_form_education_middle_school,all→white,d_time_to_half,-,-0.205,7.857986672516984,100,-0.26088107366862795,0.7947261215263732,0.9652242051735427
visbias_form_education_middle_school,all→white,pull_AUC,-,0.28650901409561574,9.208931901756756,100,0.3111207870273852,0.7563629574371334,0.9872181459949292
visbias_form_education_middle_school,all→white,pull_MAD,-,-0.868268860690295,12.582786647973622,100,-0.6900449677656452,0.49178038359575527,0.9721923806127203
visbias_form_education_middle_school,all→white,pull_early,-,0.451679117977619,19.229573399239268,100,0.23488774742942953,0.8147810029927555,0.9454550680256828
visbias_form_education_middle_school,all→white,pull_final,-,0.5873677673662314,32.72754703722224,80,0.16052461910810542,0.8728775972868716,0.9764563130469572
visbias_form_education_middle_school,all→white,pull_release,-,-1.8645631161052734,23.508035030407,100,-0.7931599190206718,0.4295814717442441,0.9696686907414551
visbias_form_education_middle_school,all→white,pull_tcp,-,-1.1194821051321924,40.07914413823672,100,-0.2793178669861297,0.780583588623601,0.9786050015708665
visbias_form_education_middle_school,all→white,q_exploded,-,0.015,0.08572330399888264,100,1.7498158960596661,0.083248625244961,nan
visbias_form_education_middle_school,all→white,q_jerk_in_grasp,-,0.0,0.0,100,nan,nan,nan
visbias_form_education_middle_school,all→white,q_tile_drift,-,0.0039663582295179365,0.008253272187265563,100,4.805800826050366,5.496128749748674e-06,8.352384635444836e-06
visbias_form_education_middle_school,all→white,xpos_reversals,-,0.945,0.7650675021383949,100,12.351851272713667,9.127550867265311e-22,1.122049246740258e-21
visbias_form_education_middle_school,black→white,d_approach_retreat,-,0.255,4.388054837000702,100,0.5811230931979331,0.5624781885034219,0.891214590450665
visbias_form_education_middle_school,black→white,d_latency,-,0.195,3.345353327959379,100,0.5828980704975263,0.5612873185998755,0.9813021732860397
visbias_form_education_middle_school,black→white,d_peak_speed,-,0.0005497417971491814,0.0032671013798518046,100,1.6826591318513586,0.0955925085064937,0.8825386593080556
visbias_form_education_middle_school,black→white,d_time_to_half,-,-0.205,7.857986672516984,100,-0.26088107366862795,0.7947261215263732,0.9652242051735427
visbias_form_education_middle_school,black→white,pull_AUC,-,0.28650901409561574,9.208931901756756,100,0.3111207870273852,0.7563629574371334,0.9872181459949292
visbias_form_education_middle_school,black→white,pull_MAD,-,-0.868268860690295,12.582786647973622,100,-0.6900449677656452,0.49178038359575527,0.9721923806127203
visbias_form_education_middle_school,black→white,pull_early,-,0.451679117977619,19.229573399239268,100,0.23488774742942953,0.8147810029927555,0.9454550680256828
visbias_form_education_middle_school,black→white,pull_final,-,0.5873677673662314,32.72754703722224,80,0.16052461910810542,0.8728775972868716,0.9764563130469572
visbias_form_education_middle_school,black→white,pull_release,-,-1.8645631161052734,23.508035030407,100,-0.7931599190206718,0.4295814717442441,0.9696686907414551
visbias_form_education_middle_school,black→white,pull_tcp,-,-1.1194821051321924,40.07914413823672,100,-0.2793178669861297,0.780583588623601,0.9786050015708665
visbias_form_education_middle_school,black→white,q_exploded,-,0.015,0.08572330399888264,100,1.7498158960596661,0.083248625244961,nan
visbias_form_education_middle_school,black→white,q_jerk_in_grasp,-,0.0,0.0,100,nan,nan,nan
visbias_form_education_middle_school,black→white,q_tile_drift,-,0.0039663582295179365,0.008253272187265563,100,4.805800826050366,5.496128749748674e-06,8.352384635444836e-06
visbias_form_education_middle_school,black→white,xpos_reversals,-,0.945,0.7650675021383949,100,12.351851272713667,9.127550867265311e-22,1.122049246740258e-21
visbias_form_ethnicity_asian,all→white,d_approach_retreat,-,-0.26,4.214261501141095,100,-0.6169526972391244,0.5386822234370394,0.8885954625927232
visbias_form_ethnicity_asian,all→white,d_latency,-,-0.1,3.445096060879416,100,-0.29026766810813803,0.7722186099089577,0.9813021732860397
visbias_form_ethnicity_asian,all→white,d_peak_speed,-,-2.2115036845207214e-05,0.0036269501555084016,100,-0.06097419566579976,0.9515026841459211,0.9892184316687288
visbias_form_ethnicity_asian,all→white,d_time_to_half,-,-0.13,7.735729774980196,100,-0.16805137172766976,0.8668856981853053,0.9652242051735427
visbias_form_ethnicity_asian,all→white,pull_AUC,-,-0.17632226540653648,15.007504111738834,100,-0.11748940003195973,0.9067102775589813,0.9872181459949292
visbias_form_ethnicity_asian,all→white,pull_MAD,-,0.0877208273086572,29.90426763567873,100,0.029333882500435365,0.9766573576333812,0.9982297517330192
visbias_form_ethnicity_asian,all→white,pull_early,-,-0.15986602474004025,13.804745402996936,100,-0.11580512358115216,0.9080415668252595,0.9489060257971137
visbias_form_ethnicity_asian,all→white,pull_final,-,4.164439670195611,35.15380768762919,87,1.1049530592187826,0.2722617074086635,0.9143593224896466
visbias_form_ethnicity_asian,all→white,pull_release,-,2.041771001822781,31.792724817679698,100,0.6422132778903453,0.522219097274015,0.9696686907414551
visbias_form_ethnicity_asian,all→white,pull_tcp,-,5.600525909103453,37.49564959872549,100,1.4936468547790727,0.1384483342971516,0.9779350293812463
visbias_form_ethnicity_asian,all→white,q_exploded,-,0.0,0.0,100,nan,nan,nan
visbias_form_ethnicity_asian,all→white,q_jerk_in_grasp,-,0.0,0.0,100,nan,nan,nan
visbias_form_ethnicity_asian,all→white,q_tile_drift,-,0.0045343200117349625,0.008154845171392817,100,5.560277254118017,2.2879912011045852e-07,5.320268696544397e-07
visbias_form_ethnicity_asian,all→white,xpos_reversals,-,1.35,1.0624442944398913,100,12.706548541556286,1.6192990447150144e-22,2.1854875218880964e-22
visbias_form_ethnicity_asian,black→white,d_approach_retreat,-,-0.26,4.214261501141095,100,-0.6169526972391244,0.5386822234370394,0.8885954625927232
visbias_form_ethnicity_asian,black→white,d_latency,-,-0.1,3.445096060879416,100,-0.29026766810813803,0.7722186099089577,0.9813021732860397
visbias_form_ethnicity_asian,black→white,d_peak_speed,-,-2.2115036845207214e-05,0.0036269501555084016,100,-0.06097419566579976,0.9515026841459211,0.9892184316687288
visbias_form_ethnicity_asian,black→white,d_time_to_half,-,-0.13,7.735729774980196,100,-0.16805137172766976,0.8668856981853053,0.9652242051735427
visbias_form_ethnicity_asian,black→white,pull_AUC,-,-0.17632226540653648,15.007504111738834,100,-0.11748940003195973,0.9067102775589813,0.9872181459949292
visbias_form_ethnicity_asian,black→white,pull_MAD,-,0.0877208273086572,29.90426763567873,100,0.029333882500435365,0.9766573576333812,0.9982297517330192
visbias_form_ethnicity_asian,black→white,pull_early,-,-0.15986602474004025,13.804745402996936,100,-0.11580512358115216,0.9080415668252595,0.9489060257971137
visbias_form_ethnicity_asian,black→white,pull_final,-,4.164439670195611,35.15380768762919,87,1.1049530592187826,0.2722617074086635,0.9143593224896466
visbias_form_ethnicity_asian,black→white,pull_release,-,2.041771001822781,31.792724817679698,100,0.6422132778903453,0.522219097274015,0.9696686907414551
visbias_form_ethnicity_asian,black→white,pull_tcp,-,5.600525909103453,37.49564959872549,100,1.4936468547790727,0.1384483342971516,0.9779350293812463
visbias_form_ethnicity_asian,black→white,q_exploded,-,0.0,0.0,100,nan,nan,nan
visbias_form_ethnicity_asian,black→white,q_jerk_in_grasp,-,0.0,0.0,100,nan,nan,nan
visbias_form_ethnicity_asian,black→white,q_tile_drift,-,0.0045343200117349625,0.008154845171392817,100,5.560277254118017,2.2879912011045852e-07,5.320268696544397e-07
visbias_form_ethnicity_asian,black→white,xpos_reversals,-,1.35,1.0624442944398913,100,12.706548541556286,1.6192990447150144e-22,2.1854875218880964e-22
visbias_form_ethnicity_black,all→white,d_approach_retreat,-,0.045,3.7322610743720395,100,0.12057034356196891,0.9042757229302083,0.9710213695041703
visbias_form_ethnicity_black,all→white,d_latency,-,0.315,2.904763590234413,100,1.084425600276061,0.28080996137680825,0.9813021732860397
visbias_form_ethnicity_black,all→white,d_peak_speed,-,-7.509008049964905e-05,0.003183346087212009,100,-0.23588412457350286,0.814009890729584,0.9892184316687288
visbias_form_ethnicity_black,all→white,d_time_to_half,-,0.165,8.815750081243767,100,0.18716501543192682,0.851914295971889,0.9652242051735427
visbias_form_ethnicity_black,all→white,pull_AUC,-,-1.219665431717567,13.3027206280421,100,-0.9168541276786009,0.36144719984102225,0.9751214013709606
visbias_form_ethnicity_black,all→white,pull_MAD,-,-4.337940681166948,27.379432841727542,100,-1.5843793062636866,0.11629675049183545,0.8632797248047785
visbias_form_ethnicity_black,all→white,pull_early,-,1.5455363765358925,16.516478020665186,100,0.935754205347011,0.35167675926140374,0.815901953582179
visbias_form_ethnicity_black,all→white,pull_final,-,0.11778739129809977,45.70741258464519,77,0.02261296593874281,0.9820182674930411,0.9923011812887798
visbias_form_ethnicity_black,all→white,pull_release,-,-3.0260730697773397,30.10568091677217,100,-1.00515018349626,0.317275007469916,0.9696686907414551
visbias_form_ethnicity_black,all→white,pull_tcp,-,0.33308016369119287,44.60638754683314,100,0.07467095678651074,0.9406271918835407,0.9926113801197642
visbias_form_ethnicity_black,all→white,q_exploded,-,0.005,0.049999999999999996,100,1.0,0.3197484741393017,nan
visbias_form_ethnicity_black,all→white,q_jerk_in_grasp,-,0.0,0.0,100,nan,nan,nan
visbias_form_ethnicity_black,all→white,q_tile_drift,-,0.0034444235265254975,0.005700096371226498,100,6.042746126034982,2.6755328773341596e-08,1.0757871777614434e-07
visbias_form_ethnicity_black,all→white,xpos_reversals,-,1.0,0.7419602755572905,100,13.477810510123259,3.934083601848973e-24,7.01040865964127e-24
visbias_form_ethnicity_black,black→white,d_approach_retreat,-,0.045,3.7322610743720395,100,0.12057034356196891,0.9042757229302083,0.9710213695041703
visbias_form_ethnicity_black,black→white,d_latency,-,0.315,2.904763590234413,100,1.084425600276061,0.28080996137680825,0.9813021732860397
visbias_form_ethnicity_black,black→white,d_peak_speed,-,-7.509008049964905e-05,0.003183346087212009,100,-0.23588412457350286,0.814009890729584,0.9892184316687288
visbias_form_ethnicity_black,black→white,d_time_to_half,-,0.165,8.815750081243767,100,0.18716501543192682,0.851914295971889,0.9652242051735427
visbias_form_ethnicity_black,black→white,pull_AUC,-,-1.219665431717567,13.3027206280421,100,-0.9168541276786009,0.36144719984102225,0.9751214013709606
visbias_form_ethnicity_black,black→white,pull_MAD,-,-4.337940681166948,27.379432841727542,100,-1.5843793062636866,0.11629675049183545,0.8632797248047785
visbias_form_ethnicity_black,black→white,pull_early,-,1.5455363765358925,16.516478020665186,100,0.935754205347011,0.35167675926140374,0.815901953582179
visbias_form_ethnicity_black,black→white,pull_final,-,0.11778739129809977,45.70741258464519,77,0.02261296593874281,0.9820182674930411,0.9923011812887798
visbias_form_ethnicity_black,black→white,pull_release,-,-3.0260730697773397,30.10568091677217,100,-1.00515018349626,0.317275007469916,0.9696686907414551
visbias_form_ethnicity_black,black→white,pull_tcp,-,0.33308016369119287,44.60638754683314,100,0.07467095678651074,0.9406271918835407,0.9926113801197642
visbias_form_ethnicity_black,black→white,q_exploded,-,0.005,0.049999999999999996,100,1.0,0.3197484741393017,nan
visbias_form_ethnicity_black,black→white,q_jerk_in_grasp,-,0.0,0.0,100,nan,nan,nan
visbias_form_ethnicity_black,black→white,q_tile_drift,-,0.0034444235265254975,0.005700096371226498,100,6.042746126034982,2.6755328773341596e-08,1.0757871777614434e-07
visbias_form_ethnicity_black,black→white,xpos_reversals,-,1.0,0.7419602755572905,100,13.477810510123259,3.934083601848973e-24,7.01040865964127e-24
visbias_form_ethnicity_latino,all→white,d_approach_retreat,-,-0.13,4.09336738708567,100,-0.3175869344397042,0.7514671511933235,0.9681944470565698
visbias_form_ethnicity_latino,all→white,d_latency,-,0.21,2.754408770819552,100,0.7624140694901875,0.4476256209995789,0.9813021732860397
visbias_form_ethnicity_latino,all→white,d_peak_speed,-,-0.0001545575261116028,0.003786542992287819,100,-0.4081758121494866,0.684026065898051,0.9892184316687288
visbias_form_ethnicity_latino,all→white,d_time_to_half,-,0.36,6.444824091917295,100,0.5585877827937772,0.577704323822823,0.9652242051735427
visbias_form_ethnicity_latino,all→white,pull_AUC,-,0.4945304359492878,19.505901875744378,100,0.25352861872243765,0.8003855078424973,0.9872181459949292
visbias_form_ethnicity_latino,all→white,pull_MAD,-,-0.007651767879725008,34.40096491372883,100,-0.002224288736933457,0.9982297517330192,0.9982297517330192
visbias_form_ethnicity_latino,all→white,pull_early,-,0.8958757733926186,20.353538765920486,100,0.44015725407546974,0.6607827085424055,0.9162765456819376
visbias_form_ethnicity_latino,all→white,pull_final,-,-0.02458817867922004,43.795991749888124,88,-0.005266636336995962,0.9958099093694027,0.9958099093694026
visbias_form_ethnicity_latino,all→white,pull_release,-,0.9706706809811294,40.53841607397302,100,0.2394446490484199,0.8112558437079804,0.9696686907414551
visbias_form_ethnicity_latino,all→white,pull_tcp,-,-5.169656845391728,51.0943859823228,100,-1.0117856876057347,0.3141070143885798,0.9779350293812463
visbias_form_ethnicity_latino,all→white,q_exploded,-,0.005,0.049999999999999996,100,1.0,0.3197484741393017,nan
visbias_form_ethnicity_latino,all→white,q_jerk_in_grasp,-,0.0,0.0,100,nan,nan,nan
visbias_form_ethnicity_latino,all→white,q_tile_drift,-,0.006637578159570694,0.011120576452207764,100,5.968735692881224,3.73734488895414e-08,1.4143285560159784e-07
visbias_form_ethnicity_latino,all→white,xpos_reversals,-,1.285,1.0206330972449986,100,12.590224670046547,2.851457929532445e-22,3.718455272971364e-22
visbias_form_ethnicity_latino,black→white,d_approach_retreat,-,-0.13,4.09336738708567,100,-0.3175869344397042,0.7514671511933235,0.9681944470565698
visbias_form_ethnicity_latino,black→white,d_latency,-,0.21,2.754408770819552,100,0.7624140694901875,0.4476256209995789,0.9813021732860397
visbias_form_ethnicity_latino,black→white,d_peak_speed,-,-0.0001545575261116028,0.003786542992287819,100,-0.4081758121494866,0.684026065898051,0.9892184316687288
visbias_form_ethnicity_latino,black→white,d_time_to_half,-,0.36,6.444824091917295,100,0.5585877827937772,0.577704323822823,0.9652242051735427
visbias_form_ethnicity_latino,black→white,pull_AUC,-,0.4945304359492878,19.505901875744378,100,0.25352861872243765,0.8003855078424973,0.9872181459949292
visbias_form_ethnicity_latino,black→white,pull_MAD,-,-0.007651767879725008,34.40096491372883,100,-0.002224288736933457,0.9982297517330192,0.9982297517330192
visbias_form_ethnicity_latino,black→white,pull_early,-,0.8958757733926186,20.353538765920486,100,0.44015725407546974,0.6607827085424055,0.9162765456819376
visbias_form_ethnicity_latino,black→white,pull_final,-,-0.02458817867922004,43.795991749888124,88,-0.005266636336995962,0.9958099093694027,0.9958099093694026
visbias_form_ethnicity_latino,black→white,pull_release,-,0.9706706809811294,40.53841607397302,100,0.2394446490484199,0.8112558437079804,0.9696686907414551
visbias_form_ethnicity_latino,black→white,pull_tcp,-,-5.169656845391728,51.0943859823228,100,-1.0117856876057347,0.3141070143885798,0.9779350293812463
visbias_form_ethnicity_latino,black→white,q_exploded,-,0.005,0.049999999999999996,100,1.0,0.3197484741393017,nan
visbias_form_ethnicity_latino,black→white,q_jerk_in_grasp,-,0.0,0.0,100,nan,nan,nan
visbias_form_ethnicity_latino,black→white,q_tile_drift,-,0.006637578159570694,0.011120576452207764,100,5.968735692881224,3.73734488895414e-08,1.4143285560159784e-07
visbias_form_ethnicity_latino,black→white,xpos_reversals,-,1.285,1.0206330972449986,100,12.590224670046547,2.851457929532445e-22,3.718455272971364e-22
visbias_form_ethnicity_me,all→white,d_approach_retreat,-,-0.52,3.6562662414385017,100,-1.4222159045929161,0.1581066414584636,0.6969124854331339
visbias_form_ethnicity_me,all→white,d_latency,-,-0.15,3.375865021955802,100,-0.44433056127669973,0.6577733964936572,0.9813021732860397
visbias_form_ethnicity_me,all→white,d_peak_speed,-,0.0004085197672247887,0.0027528071189166846,100,1.4840115909957174,0.14098275587104353,0.90698906277038
visbias_form_ethnicity_me,all→white,d_time_to_half,-,0.56,6.089932079036081,100,0.9195504855099093,0.36004283885077737,0.9652242051735427
visbias_form_ethnicity_me,all→white,pull_AUC,-,0.6613786067731234,10.813364086636716,100,0.6116307575275884,0.5421841030613093,0.9872181459949292
visbias_form_ethnicity_me,all→white,pull_MAD,-,0.9715033025306188,24.64600088690939,100,0.3941829374219605,0.6942937913825613,0.9721923806127203
visbias_form_ethnicity_me,all→white,pull_early,-,0.6801153770647943,13.458284263429519,100,0.5053507295226972,0.614435750977397,0.9126080466951746
visbias_form_ethnicity_me,all→white,pull_final,-,1.3330428778906078,28.87958964461223,85,0.42556172810727383,0.6715155744729866,0.9734432141914158
visbias_form_ethnicity_me,all→white,pull_release,-,1.8968638684600592,24.762250522216917,100,0.7660304812594378,0.44548078163450455,0.9696686907414551
visbias_form_ethnicity_me,all→white,pull_tcp,-,-0.23156436858698726,34.356155984218745,100,-0.06740112854690573,0.9463983075040519,0.9926113801197642
visbias_form_ethnicity_me,all→white,q_exploded,-,0.005,0.049999999999999996,100,1.0,0.3197484741393017,nan
visbias_form_ethnicity_me,all→white,q_jerk_in_grasp,-,0.0,0.0,100,nan,nan,nan
visbias_form_ethnicity_me,all→white,q_tile_drift,-,0.00551130510866642,0.012176284896361451,100,4.52626162706929,1.673923044611672e-05,2.358154362117173e-05
visbias_form_ethnicity_me,all→white,xpos_reversals,-,1.27,1.2256105466750895,100,10.362182370617916,1.7760609459039438e-17,1.785311263330527e-17
visbias_form_ethnicity_me,black→white,d_approach_retreat,-,-0.52,3.6562662414385017,100,-1.4222159045929161,0.1581066414584636,0.6969124854331339
visbias_form_ethnicity_me,black→white,d_latency,-,-0.15,3.375865021955802,100,-0.44433056127669973,0.6577733964936572,0.9813021732860397
visbias_form_ethnicity_me,black→white,d_peak_speed,-,0.0004085197672247887,0.0027528071189166846,100,1.4840115909957174,0.14098275587104353,0.90698906277038
visbias_form_ethnicity_me,black→white,d_time_to_half,-,0.56,6.089932079036081,100,0.9195504855099093,0.36004283885077737,0.9652242051735427
visbias_form_ethnicity_me,black→white,pull_AUC,-,0.6613786067731234,10.813364086636716,100,0.6116307575275884,0.5421841030613093,0.9872181459949292
visbias_form_ethnicity_me,black→white,pull_MAD,-,0.9715033025306188,24.64600088690939,100,0.3941829374219605,0.6942937913825613,0.9721923806127203
visbias_form_ethnicity_me,black→white,pull_early,-,0.6801153770647943,13.458284263429519,100,0.5053507295226972,0.614435750977397,0.9126080466951746
visbias_form_ethnicity_me,black→white,pull_final,-,1.3330428778906078,28.87958964461223,85,0.42556172810727383,0.6715155744729866,0.9734432141914158
visbias_form_ethnicity_me,black→white,pull_release,-,1.8968638684600592,24.762250522216917,100,0.7660304812594378,0.44548078163450455,0.9696686907414551
visbias_form_ethnicity_me,black→white,pull_tcp,-,-0.23156436858698726,34.356155984218745,100,-0.06740112854690573,0.9463983075040519,0.9926113801197642
visbias_form_ethnicity_me,black→white,q_exploded,-,0.005,0.049999999999999996,100,1.0,0.3197484741393017,nan
visbias_form_ethnicity_me,black→white,q_jerk_in_grasp,-,0.0,0.0,100,nan,nan,nan
visbias_form_ethnicity_me,black→white,q_tile_drift,-,0.00551130510866642,0.012176284896361451,100,4.52626162706929,1.673923044611672e-05,2.358154362117173e-05
visbias_form_ethnicity_me,black→white,xpos_reversals,-,1.27,1.2256105466750895,100,10.362182370617916,1.7760609459039438e-17,1.785311263330527e-17
visbias_form_ethnicity_white,all→white,d_approach_retreat,-,0.505,3.660114669506871,100,1.379738192923991,0.1707755820604799,0.6969124854331339
visbias_form_ethnicity_white,all→white,d_latency,-,-0.535,2.663117903829451,100,-2.0089234473272573,0.047268037895137296,0.9278681617516884
visbias_form_ethnicity_white,all→white,d_peak_speed,-,-0.000372496098279953,0.0031888110234496243,100,-1.1681347547431342,0.24555783440328358,0.9892184316687288
visbias_form_ethnicity_white,all→white,d_time_to_half,-,-0.685,6.578836208523955,100,-1.0412175927293505,0.30031067887135204,0.9652242051735427
visbias_form_ethnicity_white,all→white,pull_AUC,-,3.51221071020575,15.28647810573475,100,2.2975931315978775,0.02368973060948898,0.6607894619143871
visbias_form_ethnicity_white,all→white,pull_MAD,-,7.398264633771032,31.476828533708915,100,2.3503843869937984,0.020737470856253073,0.7852377893511775
visbias_form_ethnicity_white,all→white,pull_early,-,-1.9492761483415961,15.615058626700502,100,-1.248330982893967,0.214854068302521,0.7498598544034024
visbias_form_ethnicity_white,all→white,pull_final,-,19.60964052024745,49.646168676945585,77,3.466005571032909,0.0008721572821738075,0.16832635545954483
visbias_form_ethnicity_white,all→white,pull_release,-,6.48329384974204,32.51060165846069,100,1.9942091253345973,0.04887932192049342,0.6738363664753736
visbias_form_ethnicity_white,all→white,pull_tcp,-,8.841626616194844,54.866305908889125,100,1.6114856777267328,0.110257624613757,0.9779350293812463
visbias_form_ethnicity_white,all→white,q_exploded,-,0.03,0.13889898953170712,100,2.1598429262260224,0.03319924783029145,nan
visbias_form_ethnicity_white,all→white,q_jerk_in_grasp,-,0.0,0.0,100,nan,nan,nan
visbias_form_ethnicity_white,all→white,q_tile_drift,-,0.009535994082689285,0.0711855711860583,100,1.3395964833610705,0.1834436365028304,0.18536451227772918
visbias_form_ethnicity_white,all→white,xpos_reversals,-,0.915,0.6476648029418435,100,14.127678327490674,1.803056411070569e-25,4.639865164488264e-25
visbias_form_ethnicity_white,black→white,d_approach_retreat,-,0.505,3.660114669506871,100,1.379738192923991,0.1707755820604799,0.6969124854331339
visbias_form_ethnicity_white,black→white,d_latency,-,-0.535,2.663117903829451,100,-2.0089234473272573,0.047268037895137296,0.9278681617516884
visbias_form_ethnicity_white,black→white,d_peak_speed,-,-0.000372496098279953,0.0031888110234496243,100,-1.1681347547431342,0.24555783440328358,0.9892184316687288
visbias_form_ethnicity_white,black→white,d_time_to_half,-,-0.685,6.578836208523955,100,-1.0412175927293505,0.30031067887135204,0.9652242051735427
visbias_form_ethnicity_white,black→white,pull_AUC,-,3.51221071020575,15.28647810573475,100,2.2975931315978775,0.02368973060948898,0.6607894619143871
visbias_form_ethnicity_white,black→white,pull_MAD,-,7.398264633771032,31.476828533708915,100,2.3503843869937984,0.020737470856253073,0.7852377893511775
visbias_form_ethnicity_white,black→white,pull_early,-,-1.9492761483415961,15.615058626700502,100,-1.248330982893967,0.214854068302521,0.7498598544034024
visbias_form_ethnicity_white,black→white,pull_final,-,19.60964052024745,49.646168676945585,77,3.466005571032909,0.0008721572821738075,0.16832635545954483
visbias_form_ethnicity_white,black→white,pull_release,-,6.48329384974204,32.51060165846069,100,1.9942091253345973,0.04887932192049342,0.6738363664753736
visbias_form_ethnicity_white,black→white,pull_tcp,-,8.841626616194844,54.866305908889125,100,1.6114856777267328,0.110257624613757,0.9779350293812463
visbias_form_ethnicity_white,black→white,q_exploded,-,0.03,0.13889898953170712,100,2.1598429262260224,0.03319924783029145,nan
visbias_form_ethnicity_white,black→white,q_jerk_in_grasp,-,0.0,0.0,100,nan,nan,nan
visbias_form_ethnicity_white,black→white,q_tile_drift,-,0.009535994082689285,0.0711855711860583,100,1.3395964833610705,0.1834436365028304,0.18536451227772918
visbias_form_ethnicity_white,black→white,xpos_reversals,-,0.915,0.6476648029418435,100,14.127678327490674,1.803056411070569e-25,4.639865164488264e-25
visbias_form_gender_female,all→white,d_approach_retreat,-,-0.375,3.6943684962194263,100,-1.0150584609622737,0.31255229652953354,0.7424404545163283
visbias_form_gender_female,all→white,d_latency,-,0.155,3.1969801091314,100,0.484832544179052,0.6288661781769773,0.9813021732860397
visbias_form_gender_female,all→white,d_peak_speed,-,0.0001068618893623352,0.0033333197818807,100,0.320586971412753,0.7491991210644526,0.9892184316687288
visbias_form_gender_female,all→white,d_time_to_half,-,-1.275,7.090459873105638,100,-1.7981908406761025,0.07519460182670402,0.964247176400168
visbias_form_gender_female,all→white,pull_AUC,-,0.7603349915867912,14.813088673537377,100,0.5132859245925397,0.6088949001155178,0.9872181459949292
visbias_form_gender_female,all→white,pull_MAD,-,-0.2790379372425378,27.873819807512525,100,-0.10010753429902411,0.9204613987616012,0.9982297517330192
visbias_form_gender_female,all→white,pull_early,-,2.976858358830214,19.17277919628935,100,1.5526483293597557,0.12369824945693383,0.7021694748584774
visbias_form_gender_female,all→white,pull_final,-,0.11926933373802175,30.651095835894864,78,0.03436608726487651,0.9726741579238174,0.9923011812887798
visbias_form_gender_female,all→white,pull_release,-,-3.2976251316722482,30.518561416186216,100,-1.0805309879132365,0.2825310464694903,0.9696686907414551
visbias_form_gender_female,all→white,pull_tcp,-,-0.6142838223604485,44.074423916317215,100,-0.139374214743401,0.8894375873614406,0.9926113801197642
visbias_form_gender_female,all→white,q_exploded,-,0.035,0.1282161999881214,100,2.7297642578116172,0.0075025675386096264,nan
visbias_form_gender_female,all→white,q_jerk_in_grasp,-,0.0,0.0,100,nan,nan,nan
visbias_form_gender_female,all→white,q_tile_drift,-,0.004995029270648956,0.01967861286494553,100,2.538303540462877,0.012697877851624328,0.014084427731974112
visbias_form_gender_female,all→white,xpos_reversals,-,1.075,0.8238092110201343,100,13.049137902558925,3.082616568108017e-23,4.6480077941003697e-23
visbias_form_gender_female,black→white,d_approach_retreat,-,-0.375,3.6943684962194263,100,-1.0150584609622737,0.31255229652953354,0.7424404545163283
visbias_form_gender_female,black→white,d_latency,-,0.155,3.1969801091314,100,0.484832544179052,0.6288661781769773,0.9813021732860397
visbias_form_gender_female,black→white,d_peak_speed,-,0.0001068618893623352,0.0033333197818807,100,0.320586971412753,0.7491991210644526,0.9892184316687288
visbias_form_gender_female,black→white,d_time_to_half,-,-1.275,7.090459873105638,100,-1.7981908406761025,0.07519460182670402,0.964247176400168
visbias_form_gender_female,black→white,pull_AUC,-,0.7603349915867912,14.813088673537377,100,0.5132859245925397,0.6088949001155178,0.9872181459949292
visbias_form_gender_female,black→white,pull_MAD,-,-0.2790379372425378,27.873819807512525,100,-0.10010753429902411,0.9204613987616012,0.9982297517330192
visbias_form_gender_female,black→white,pull_early,-,2.976858358830214,19.17277919628935,100,1.5526483293597557,0.12369824945693383,0.7021694748584774
visbias_form_gender_female,black→white,pull_final,-,0.11926933373802175,30.651095835894864,78,0.03436608726487651,0.9726741579238174,0.9923011812887798
visbias_form_gender_female,black→white,pull_release,-,-3.2976251316722482,30.518561416186216,100,-1.0805309879132365,0.2825310464694903,0.9696686907414551
visbias_form_gender_female,black→white,pull_tcp,-,-0.6142838223604485,44.074423916317215,100,-0.139374214743401,0.8894375873614406,0.9926113801197642
visbias_form_gender_female,black→white,q_exploded,-,0.035,0.1282161999881214,100,2.7297642578116172,0.0075025675386096264,nan
visbias_form_gender_female,black→white,q_jerk_in_grasp,-,0.0,0.0,100,nan,nan,nan
visbias_form_gender_female,black→white,q_tile_drift,-,0.004995029270648956,0.01967861286494553,100,2.538303540462877,0.012697877851624328,0.014084427731974112
visbias_form_gender_female,black→white,xpos_reversals,-,1.075,0.8238092110201343,100,13.049137902558925,3.082616568108017e-23,4.6480077941003697e-23
visbias_form_gender_male,all→white,d_approach_retreat,-,-0.255,3.782932831558182,100,-0.6740801683622969,0.5018312637856885,0.8631622763312788
visbias_form_gender_male,all→white,d_latency,-,0.025,3.008720490490765,100,0.08309179958395586,0.9339463238261658,0.9813021732860397
visbias_form_gender_male,all→white,d_peak_speed,-,0.00019621022045612335,0.0030594543982168806,100,0.6413242196728903,0.5227940362685073,0.9892184316687288
visbias_form_gender_male,all→white,d_time_to_half,-,1.27,6.59523090627392,100,1.9256338679391387,0.057019365089167114,0.964247176400168
visbias_form_gender_male,all→white,pull_AUC,-,0.3325783043269555,15.274644803952173,100,0.2177322671627061,0.8280858618103373,0.9872181459949292
visbias_form_gender_male,all→white,pull_MAD,-,1.8867218222818334,25.456352640105706,100,0.7411595246796514,0.4603511709056092,0.9721923806127203
visbias_form_gender_male,all→white,pull_early,-,0.42331248451955616,17.6637602999696,100,0.23965026547619347,0.8110968725230682,0.9454550680256828
visbias_form_gender_male,all→white,pull_final,-,-2.0326292663873113,34.88181510674831,77,-0.5113337528662317,0.6105997757603339,0.9734432141914158
visbias_form_gender_male,all→white,pull_release,-,0.1540532091166824,30.695984259269466,100,0.05018676313340953,0.9600746764989445,0.9884557129278749
visbias_form_gender_male,all→white,pull_tcp,-,-2.3601789819076657,38.4669109042126,100,-0.6135608309658152,0.5409127679855545,0.9779350293812463
visbias_form_gender_male,all→white,q_exploded,-,0.03,0.11934162828797101,100,2.5137917447891764,0.013556758919315062,nan
visbias_form_gender_male,all→white,q_jerk_in_grasp,-,0.0,0.0,100,nan,nan,nan
visbias_form_gender_male,all→white,q_tile_drift,-,0.01219039760529995,0.046759552536382636,100,2.607038977931804,0.010544143899520197,0.011831510305856966
visbias_form_gender_male,all→white,xpos_reversals,-,0.865,0.7242376695672504,100,11.943593054430025,6.773225986916577e-21,7.644635178215786e-21
visbias_form_gender_male,black→white,d_approach_retreat,-,-0.255,3.782932831558182,100,-0.6740801683622969,0.5018312637856885,0.8631622763312788
visbias_form_gender_male,black→white,d_latency,-,0.025,3.008720490490765,100,0.08309179958395586,0.9339463238261658,0.9813021732860397
visbias_form_gender_male,black→white,d_peak_speed,-,0.00019621022045612335,0.0030594543982168806,100,0.6413242196728903,0.5227940362685073,0.9892184316687288
visbias_form_gender_male,black→white,d_time_to_half,-,1.27,6.59523090627392,100,1.9256338679391387,0.057019365089167114,0.964247176400168
visbias_form_gender_male,black→white,pull_AUC,-,0.3325783043269555,15.274644803952173,100,0.2177322671627061,0.8280858618103373,0.9872181459949292
visbias_form_gender_male,black→white,pull_MAD,-,1.8867218222818334,25.456352640105706,100,0.7411595246796514,0.4603511709056092,0.9721923806127203
visbias_form_gender_male,black→white,pull_early,-,0.42331248451955616,17.6637602999696,100,0.23965026547619347,0.8110968725230682,0.9454550680256828
visbias_form_gender_male,black→white,pull_final,-,-2.0326292663873113,34.88181510674831,77,-0.5113337528662317,0.6105997757603339,0.9734432141914158
visbias_form_gender_male,black→white,pull_release,-,0.1540532091166824,30.695984259269466,100,0.05018676313340953,0.9600746764989445,0.9884557129278749
visbias_form_gender_male,black→white,pull_tcp,-,-2.3601789819076657,38.4669109042126,100,-0.6135608309658152,0.5409127679855545,0.9779350293812463
visbias_form_gender_male,black→white,q_exploded,-,0.03,0.11934162828797101,100,2.5137917447891764,0.013556758919315062,nan
visbias_form_gender_male,black→white,q_jerk_in_grasp,-,0.0,0.0,100,nan,nan,nan
visbias_form_gender_male,black→white,q_tile_drift,-,0.01219039760529995,0.046759552536382636,100,2.607038977931804,0.010544143899520197,0.011831510305856966
visbias_form_gender_male,black→white,xpos_reversals,-,0.865,0.7242376695672504,100,11.943593054430025,6.773225986916577e-21,7.644635178215786e-21
visbias_form_gender_non_binary,all→white,d_approach_retreat,-,-0.275,3.7114176822504383,100,-0.7409567543830105,0.4604735552570216,0.8384093977792941
visbias_form_gender_non_binary,all→white,d_latency,-,-0.145,2.8044832434204814,100,-0.517029297073464,0.6062889033005545,0.9813021732860397
visbias_form_gender_non_binary,all→white,d_peak_speed,-,-0.000496373325586319,0.0024054097724106704,100,-2.063570753222891,0.04167495724872635,0.574519053500299
visbias_form_gender_non_binary,all→white,d_time_to_half,-,-0.175,7.351690178785317,100,-0.23804049918343315,0.8123416651691455,0.9652242051735427
visbias_form_gender_non_binary,all→white,pull_AUC,-,1.0754081380610758,13.213540937799973,100,0.8138682455545705,0.41767367145802115,0.982618539895701
visbias_form_gender_non_binary,all→white,pull_MAD,-,6.656642532162368,31.885427770424617,100,2.0876754673295452,0.03939463566512839,0.7852377893511775
visbias_form_gender_non_binary,all→white,pull_early,-,0.8038384313695126,11.957230090465588,100,0.6722614061014635,0.5029832569567717,0.8984985986481139
visbias_form_gender_non_binary,all→white,pull_final,-,5.450498785409094,36.59588414553897,91,1.420773013161644,0.15883816616987687,0.9143593224896466
visbias_form_gender_non_binary,all→white,pull_release,-,8.516409788280725,30.793042285415353,100,2.765692882614067,0.006777288703276832,0.2616033439464857
visbias_form_gender_non_binary,all→white,pull_tcp,-,4.324731179513037,41.26656077831444,100,1.047998936171507,0.2971909076879523,0.9779350293812463
visbias_form_gender_non_binary,all→white,q_exploded,-,0.0,0.0,100,nan,nan,nan
visbias_form_gender_non_binary,all→white,q_jerk_in_grasp,-,0.0,0.0,100,nan,nan,nan
visbias_form_gender_non_binary,all→white,q_tile_drift,-,0.004271663129329682,0.0070359853640920905,100,6.071165456269945,2.3522095639066047e-08,9.746124611763473e-08
visbias_form_gender_non_binary,all→white,xpos_reversals,-,1.685,1.1047532747087914,100,15.252274318391674,9.764837224873773e-28,5.889417451251994e-27
visbias_form_gender_non_binary,black→white,d_approach_retreat,-,-0.275,3.7114176822504383,100,-0.7409567543830105,0.4604735552570216,0.8384093977792941
visbias_form_gender_non_binary,black→white,d_latency,-,-0.145,2.8044832434204814,100,-0.517029297073464,0.6062889033005545,0.9813021732860397
visbias_form_gender_non_binary,black→white,d_peak_speed,-,-0.000496373325586319,0.0024054097724106704,100,-2.063570753222891,0.04167495724872635,0.574519053500299
visbias_form_gender_non_binary,black→white,d_time_to_half,-,-0.175,7.351690178785317,100,-0.23804049918343315,0.8123416651691455,0.9652242051735427
visbias_form_gender_non_binary,black→white,pull_AUC,-,1.0754081380610758,13.213540937799973,100,0.8138682455545705,0.41767367145802115,0.982618539895701
visbias_form_gender_non_binary,black→white,pull_MAD,-,6.656642532162368,31.885427770424617,100,2.0876754673295452,0.03939463566512839,0.7852377893511775
visbias_form_gender_non_binary,black→white,pull_early,-,0.8038384313695126,11.957230090465588,100,0.6722614061014635,0.5029832569567717,0.8984985986481139
visbias_form_gender_non_binary,black→white,pull_final,-,5.450498785409094,36.59588414553897,91,1.420773013161644,0.15883816616987687,0.9143593224896466
visbias_form_gender_non_binary,black→white,pull_release,-,8.516409788280725,30.793042285415353,100,2.765692882614067,0.006777288703276832,0.2616033439464857
visbias_form_gender_non_binary,black→white,pull_tcp,-,4.324731179513037,41.26656077831444,100,1.047998936171507,0.2971909076879523,0.9779350293812463
visbias_form_gender_non_binary,black→white,q_exploded,-,0.0,0.0,100,nan,nan,nan
visbias_form_gender_non_binary,black→white,q_jerk_in_grasp,-,0.0,0.0,100,nan,nan,nan
visbias_form_gender_non_binary,black→white,q_tile_drift,-,0.004271663129329682,0.0070359853640920905,100,6.071165456269945,2.3522095639066047e-08,9.746124611763473e-08
visbias_form_gender_non_binary,black→white,xpos_reversals,-,1.685,1.1047532747087914,100,15.252274318391674,9.764837224873773e-28,5.889417451251994e-27
visbias_form_has_children_no,all→white,d_approach_retreat,-,-0.36,3.7275116947292646,100,-0.9657917385183344,0.33650175075922983,0.7424404545163283
visbias_form_has_children_no,all→white,d_latency,-,0.1,3.2051095570553083,100,0.3120018152885698,0.7556953023826516,0.9813021732860397
visbias_form_has_children_no,all→white,d_peak_speed,-,0.00038417549803853034,0.0033999713843632243,100,1.1299374453720057,0.2612328235815242,0.9892184316687288
visbias_form_has_children_no,all→white,d_time_to_half,-,2.085,7.897722149551423,100,2.6400017125424253,0.009633291697094598,0.5597576021155611
visbias_form_has_children_no,all→white,pull_AUC,-,-0.16416236796946013,17.738350599431357,100,-0.09254657982390016,0.9264508056842147,0.9872181459949292
visbias_form_has_children_no,all→white,pull_MAD,-,-2.1166534904856245,34.977990680500525,100,-0.6051386741507748,0.5464714970202371,0.9721923806127203
visbias_form_has_children_no,all→white,pull_early,-,0.33742082351818725,15.530988045081827,100,0.21725650843253191,0.828455568210831,0.9454550680256828
visbias_form_has_children_no,all→white,pull_final,-,-1.0475026404795547,45.957275247279725,81,-0.20513669954517202,0.8379863829628205,0.9764563130469572
visbias_form_has_children_no,all→white,pull_release,-,-1.768251588800922,40.217423110577535,100,-0.439673020307424,0.6611322445401115,0.9696686907414551
visbias_form_has_children_no,all→white,pull_tcp,-,-0.077789046918042,52.6774319484604,100,-0.014767053753522155,0.9882477427502785,0.9926113801197642
visbias_form_has_children_no,all→white,q_exploded,-,0.035,0.1282161999881214,100,2.7297642578116172,0.0075025675386096264,nan
visbias_form_has_children_no,all→white,q_jerk_in_grasp,-,0.0,0.0,100,nan,nan,nan
visbias_form_has_children_no,all→white,q_tile_drift,-,0.0060256094485521315,0.009871103548873095,100,6.1042916009527906,2.023682263273521e-08,8.679348373595324e-08
visbias_form_has_children_no,all→white,xpos_reversals,-,1.4,0.8732847546054279,100,16.031426091167194,2.876794134576169e-29,3.965866199808576e-28
visbias_form_has_children_no,black→white,d_approach_retreat,-,-0.36,3.7275116947292646,100,-0.9657917385183344,0.33650175075922983,0.7424404545163283
visbias_form_has_children_no,black→white,d_latency,-,0.1,3.2051095570553083,100,0.3120018152885698,0.7556953023826516,0.9813021732860397
visbias_form_has_children_no,black→white,d_peak_speed,-,0.00038417549803853034,0.0033999713843632243,100,1.1299374453720057,0.2612328235815242,0.9892184316687288
visbias_form_has_children_no,black→white,d_time_to_half,-,2.085,7.897722149551423,100,2.6400017125424253,0.009633291697094598,0.5597576021155611
visbias_form_has_children_no,black→white,pull_AUC,-,-0.16416236796946013,17.738350599431357,100,-0.09254657982390016,0.9264508056842147,0.9872181459949292
visbias_form_has_children_no,black→white,pull_MAD,-,-2.1166534904856245,34.977990680500525,100,-0.6051386741507748,0.5464714970202371,0.9721923806127203
visbias_form_has_children_no,black→white,pull_early,-,0.33742082351818725,15.530988045081827,100,0.21725650843253191,0.828455568210831,0.9454550680256828
visbias_form_has_children_no,black→white,pull_final,-,-1.0475026404795547,45.957275247279725,81,-0.20513669954517202,0.8379863829628205,0.9764563130469572
visbias_form_has_children_no,black→white,pull_release,-,-1.768251588800922,40.217423110577535,100,-0.439673020307424,0.6611322445401115,0.9696686907414551
visbias_form_has_children_no,black→white,pull_tcp,-,-0.077789046918042,52.6774319484604,100,-0.014767053753522155,0.9882477427502785,0.9926113801197642
visbias_form_has_children_no,black→white,q_exploded,-,0.035,0.1282161999881214,100,2.7297642578116172,0.0075025675386096264,nan
visbias_form_has_children_no,black→white,q_jerk_in_grasp,-,0.0,0.0,100,nan,nan,nan
visbias_form_has_children_no,black→white,q_tile_drift,-,0.0060256094485521315,0.009871103548873095,100,6.1042916009527906,2.023682263273521e-08,8.679348373595324e-08
visbias_form_has_children_no,black→white,xpos_reversals,-,1.4,0.8732847546054279,100,16.031426091167194,2.876794134576169e-29,3.965866199808576e-28
visbias_form_has_children_yes,all→white,d_approach_retreat,-,0.57,4.31348601668785,100,1.3214369950309464,0.18940148233128973,0.7029708863449792
visbias_form_has_children_yes,all→white,d_latency,-,-0.29,3.30608560388294,100,-0.8771702694552133,0.3825178182677679,0.9813021732860397
visbias_form_has_children_yes,all→white,d_peak_speed,-,-9.683432057499885e-05,0.0036661572133189183,100,-0.26413030031337953,0.7922285734025969,0.9892184316687288
visbias_form_has_children_yes,all→white,d_time_to_half,-,-1.585,8.58647485904725,100,-1.8459263271818052,0.06789107383667368,0.964247176400168
visbias_form_has_children_yes,all→white,pull_AUC,-,0.9247435217693709,15.461082916681718,100,0.5981104472129956,0.5511321047813531,0.9872181459949292
visbias_form_has_children_yes,all→white,pull_MAD,-,2.2238849045388633,33.60298231992742,100,0.6618117652075313,0.5096293951648045,0.9721923806127203
visbias_form_has_children_yes,all→white,pull_early,-,-0.7258040515298494,16.76128544470882,100,-0.43302409825552496,0.6659392166722466,0.9162765456819376
visbias_form_has_children_yes,all→white,pull_final,-,-0.11390577294403993,38.89025651046971,79,-0.026032655632103597,0.979297779805062,0.9923011812887798
visbias_form_has_children_yes,all→white,pull_release,-,-0.7055629207752645,33.708158010083004,100,-0.20931518137663055,0.8346323130349684,0.9696686907414551
visbias_form_has_children_yes,all→white,pull_tcp,-,4.53315747785382,40.967206587014935,100,1.1065332141270916,0.2711773381281383,0.9779350293812463
visbias_form_has_children_yes,all→white,q_exploded,-,0.025,0.10952145677879516,100,2.2826577307580465,0.024589522572171077,nan
visbias_form_has_children_yes,all→white,q_jerk_in_grasp,-,0.0,0.0,100,nan,nan,nan
visbias_form_has_children_yes,all→white,q_tile_drift,-,0.005899214893579483,0.013496322177465124,100,4.370979601709147,3.0560351550945464e-05,4.212962749523196e-05
visbias_form_has_children_yes,all→white,xpos_reversals,-,1.5,1.165583913146479,100,12.869086327304991,7.360502922618499e-23,1.0369175650112193e-22
visbias_form_has_children_yes,black→white,d_approach_retreat,-,0.57,4.31348601668785,100,1.3214369950309464,0.18940148233128973,0.7029708863449792
visbias_form_has_children_yes,black→white,d_latency,-,-0.29,3.30608560388294,100,-0.8771702694552133,0.3825178182677679,0.9813021732860397
visbias_form_has_children_yes,black→white,d_peak_speed,-,-9.683432057499885e-05,0.0036661572133189183,100,-0.26413030031337953,0.7922285734025969,0.9892184316687288
visbias_form_has_children_yes,black→white,d_time_to_half,-,-1.585,8.58647485904725,100,-1.8459263271818052,0.06789107383667368,0.964247176400168
visbias_form_has_children_yes,black→white,pull_AUC,-,0.9247435217693709,15.461082916681718,100,0.5981104472129956,0.5511321047813531,0.9872181459949292
visbias_form_has_children_yes,black→white,pull_MAD,-,2.2238849045388633,33.60298231992742,100,0.6618117652075313,0.5096293951648045,0.9721923806127203
visbias_form_has_children_yes,black→white,pull_early,-,-0.7258040515298494,16.76128544470882,100,-0.43302409825552496,0.6659392166722466,0.9162765456819376
visbias_form_has_children_yes,black→white,pull_final,-,-0.11390577294403993,38.89025651046971,79,-0.026032655632103597,0.979297779805062,0.9923011812887798
visbias_form_has_children_yes,black→white,pull_release,-,-0.7055629207752645,33.708158010083004,100,-0.20931518137663055,0.8346323130349684,0.9696686907414551
visbias_form_has_children_yes,black→white,pull_tcp,-,4.53315747785382,40.967206587014935,100,1.1065332141270916,0.2711773381281383,0.9779350293812463
visbias_form_has_children_yes,black→white,q_exploded,-,0.025,0.10952145677879516,100,2.2826577307580465,0.024589522572171077,nan
visbias_form_has_children_yes,black→white,q_jerk_in_grasp,-,0.0,0.0,100,nan,nan,nan
visbias_form_has_children_yes,black→white,q_tile_drift,-,0.005899214893579483,0.013496322177465124,100,4.370979601709147,3.0560351550945464e-05,4.212962749523196e-05
visbias_form_has_children_yes,black→white,xpos_reversals,-,1.5,1.165583913146479,100,12.869086327304991,7.360502922618499e-23,1.0369175650112193e-22
visbias_form_hobby_or_interest_cooking,all→white,d_approach_retreat,-,-0.04,3.9097650346616266,100,-0.10230793831696801,0.9187191942770185,0.9710213695041703
visbias_form_hobby_or_interest_cooking,all→white,d_latency,-,-0.05,3.3480734698623267,100,-0.149339614109651,0.881589461342961,0.9813021732860397
visbias_form_hobby_or_interest_cooking,all→white,d_peak_speed,-,-0.0006304070539772511,0.006921164365476397,100,-0.9108395938720911,0.36459232996402036,0.9892184316687288
visbias_form_hobby_or_interest_cooking,all→white,d_time_to_half,-,-1.445,8.647675871573702,100,-1.6709691961859332,0.09788619448460846,0.964247176400168
visbias_form_hobby_or_interest_cooking,all→white,pull_AUC,-,0.9436128956187677,13.29646756354289,100,0.7096718666888837,0.47957579850549015,0.9872181459949292
visbias_form_hobby_or_interest_cooking,all→white,pull_MAD,-,4.59495318825357,32.04099657497054,100,1.4340856026441477,0.15469894105715276,0.8852978905625576
visbias_form_hobby_or_interest_cooking,all→white,pull_early,-,2.3971819397993386,18.355282170621475,100,1.3059902416733997,0.1945822949206514,0.7498598544034024
visbias_form_hobby_or_interest_cooking,all→white,pull_final,-,1.5905032773131886,42.61170166037127,83,0.34005153281285033,0.7346872573188505,0.9734432141914158
visbias_form_hobby_or_interest_cooking,all→white,pull_release,-,2.741526087047532,32.37532061976282,100,0.846795038494237,0.3991517257721984,0.9696686907414551
visbias_form_hobby_or_interest_cooking,all→white,pull_tcp,-,5.4569297132547945,40.46889647018003,100,1.348425627883329,0.18059835656771217,0.9779350293812463
visbias_form_hobby_or_interest_cooking,all→white,q_exploded,-,0.01,0.07035264706814484,100,1.4214106244380287,0.15833990565972564,nan
visbias_form_hobby_or_interest_cooking,all→white,q_jerk_in_grasp,-,0.0,0.0,100,nan,nan,nan
visbias_form_hobby_or_interest_cooking,all→white,q_tile_drift,-,0.0032437237352132796,0.005117650185188239,100,6.338306874904088,6.927858169780175e-09,5.155546888855995e-08
visbias_form_hobby_or_interest_cooking,all→white,xpos_reversals,-,1.38,1.020299025291165,100,13.525446617046276,3.1333871979550605e-24,5.763932567230974e-24
visbias_form_hobby_or_interest_cooking,black→white,d_approach_retreat,-,-0.04,3.9097650346616266,100,-0.10230793831696801,0.9187191942770185,0.9710213695041703
visbias_form_hobby_or_interest_cooking,black→white,d_latency,-,-0.05,3.3480734698623267,100,-0.149339614109651,0.881589461342961,0.9813021732860397
visbias_form_hobby_or_interest_cooking,black→white,d_peak_speed,-,-0.0006304070539772511,0.006921164365476397,100,-0.9108395938720911,0.36459232996402036,0.9892184316687288
visbias_form_hobby_or_interest_cooking,black→white,d_time_to_half,-,-1.445,8.647675871573702,100,-1.6709691961859332,0.09788619448460846,0.964247176400168
visbias_form_hobby_or_interest_cooking,black→white,pull_AUC,-,0.9436128956187677,13.29646756354289,100,0.7096718666888837,0.47957579850549015,0.9872181459949292
visbias_form_hobby_or_interest_cooking,black→white,pull_MAD,-,4.59495318825357,32.04099657497054,100,1.4340856026441477,0.15469894105715276,0.8852978905625576
visbias_form_hobby_or_interest_cooking,black→white,pull_early,-,2.3971819397993386,18.355282170621475,100,1.3059902416733997,0.1945822949206514,0.7498598544034024
visbias_form_hobby_or_interest_cooking,black→white,pull_final,-,1.5905032773131886,42.61170166037127,83,0.34005153281285033,0.7346872573188505,0.9734432141914158
visbias_form_hobby_or_interest_cooking,black→white,pull_release,-,2.741526087047532,32.37532061976282,100,0.846795038494237,0.3991517257721984,0.9696686907414551
visbias_form_hobby_or_interest_cooking,black→white,pull_tcp,-,5.4569297132547945,40.46889647018003,100,1.348425627883329,0.18059835656771217,0.9779350293812463
visbias_form_hobby_or_interest_cooking,black→white,q_exploded,-,0.01,0.07035264706814484,100,1.4214106244380287,0.15833990565972564,nan
visbias_form_hobby_or_interest_cooking,black→white,q_jerk_in_grasp,-,0.0,0.0,100,nan,nan,nan
visbias_form_hobby_or_interest_cooking,black→white,q_tile_drift,-,0.0032437237352132796,0.005117650185188239,100,6.338306874904088,6.927858169780175e-09,5.155546888855995e-08
visbias_form_hobby_or_interest_cooking,black→white,xpos_reversals,-,1.38,1.020299025291165,100,13.525446617046276,3.1333871979550605e-24,5.763932567230974e-24
visbias_form_hobby_or_interest_dancing,all→white,d_approach_retreat,-,0.665,3.825126260542377,100,1.7385047046936104,0.0852308264397792,0.6414943119583685
visbias_form_hobby_or_interest_dancing,all→white,d_latency,-,-0.33,2.910465268785745,100,-1.1338393333162056,0.2596001172375275,0.9813021732860397
visbias_form_hobby_or_interest_dancing,all→white,d_peak_speed,-,-2.589174546301365e-05,0.003053045926532368,100,-0.0848062757196101,0.9325866678599353,0.9892184316687288
visbias_form_hobby_or_interest_dancing,all→white,d_time_to_half,-,-0.37,9.856193253713396,100,-0.3753984834465372,0.7081672366565624,0.9652242051735427
visbias_form_hobby_or_interest_dancing,all→white,pull_AUC,-,0.2894291159954244,15.870774636902631,100,0.1823660927819147,0.855668346316693,0.9872181459949292
visbias_form_hobby_or_interest_dancing,all→white,pull_MAD,-,-0.29415669576264913,36.80037308408176,100,-0.07993307434426214,0.9364518430267023,0.9982297517330192
visbias_form_hobby_or_interest_dancing,all→white,pull_early,-,0.6471732510253786,13.791606855633491,100,0.4692515221756239,0.6399216696467551,0.9162765456819376
visbias_form_hobby_or_interest_dancing,all→white,pull_final,-,-0.06378899611856627,38.3237868286528,92,-0.015965086111854196,0.9872971964239038,0.992439369321945
visbias_form_hobby_or_interest_dancing,all→white,pull_release,-,-1.435288127977401,34.36850491380878,100,-0.41761727243500857,0.6771313020892464,0.9696686907414551
visbias_form_hobby_or_interest_dancing,all→white,pull_tcp,-,3.5202502558240667,42.99534469183548,100,0.8187514906683696,0.4148947182428162,0.9779350293812463
visbias_form_hobby_or_interest_dancing,all→white,q_exploded,-,0.005,0.049999999999999996,100,1.0,0.3197484741393017,nan
visbias_form_hobby_or_interest_dancing,all→white,q_jerk_in_grasp,-,0.0,0.0,100,nan,nan,nan
visbias_form_hobby_or_interest_dancing,all→white,q_tile_drift,-,0.003454788103699684,0.005540003838690792,100,6.236075288561743,1.1087142494978039e-08,6.293583828031651e-08
visbias_form_hobby_or_interest_dancing,all→white,xpos_reversals,-,1.5,1.2752500250000494,100,11.762399298913495,1.655816210584887e-20,1.8157530036527453e-20
visbias_form_hobby_or_interest_dancing,black→white,d_approach_retreat,-,0.665,3.825126260542377,100,1.7385047046936104,0.0852308264397792,0.6414943119583685
visbias_form_hobby_or_interest_dancing,black→white,d_latency,-,-0.33,2.910465268785745,100,-1.1338393333162056,0.2596001172375275,0.9813021732860397
visbias_form_hobby_or_interest_dancing,black→white,d_peak_speed,-,-2.589174546301365e-05,0.003053045926532368,100,-0.0848062757196101,0.9325866678599353,0.9892184316687288
visbias_form_hobby_or_interest_dancing,black→white,d_time_to_half,-,-0.37,9.856193253713396,100,-0.3753984834465372,0.7081672366565624,0.9652242051735427
visbias_form_hobby_or_interest_dancing,black→white,pull_AUC,-,0.2894291159954244,15.870774636902631,100,0.1823660927819147,0.855668346316693,0.9872181459949292
visbias_form_hobby_or_interest_dancing,black→white,pull_MAD,-,-0.29415669576264913,36.80037308408176,100,-0.07993307434426214,0.9364518430267023,0.9982297517330192
visbias_form_hobby_or_interest_dancing,black→white,pull_early,-,0.6471732510253786,13.791606855633491,100,0.4692515221756239,0.6399216696467551,0.9162765456819376
visbias_form_hobby_or_interest_dancing,black→white,pull_final,-,-0.06378899611856627,38.3237868286528,92,-0.015965086111854196,0.9872971964239038,0.992439369321945
visbias_form_hobby_or_interest_dancing,black→white,pull_release,-,-1.435288127977401,34.36850491380878,100,-0.41761727243500857,0.6771313020892464,0.9696686907414551
visbias_form_hobby_or_interest_dancing,black→white,pull_tcp,-,3.5202502558240667,42.99534469183548,100,0.8187514906683696,0.4148947182428162,0.9779350293812463
visbias_form_hobby_or_interest_dancing,black→white,q_exploded,-,0.005,0.049999999999999996,100,1.0,0.3197484741393017,nan
visbias_form_hobby_or_interest_dancing,black→white,q_jerk_in_grasp,-,0.0,0.0,100,nan,nan,nan
visbias_form_hobby_or_interest_dancing,black→white,q_tile_drift,-,0.003454788103699684,0.005540003838690792,100,6.236075288561743,1.1087142494978039e-08,6.293583828031651e-08
visbias_form_hobby_or_interest_dancing,black→white,xpos_reversals,-,1.5,1.2752500250000494,100,11.762399298913495,1.655816210584887e-20,1.8157530036527453e-20
visbias_form_hobby_or_interest_gardening,all→white,d_approach_retreat,-,-0.355,3.717481905426268,100,-0.9549474860437648,0.3419302448985694,0.7424404545163283
visbias_form_hobby_or_interest_gardening,all→white,d_latency,-,0.465,2.9044158299271325,100,1.6010104173398136,0.11256094106320648,0.9813021732860397
visbias_form_hobby_or_interest_gardening,all→white,d_peak_speed,-,-3.57409194111824e-05,0.0036893835495543283,100,-0.09687504411272134,0.9230214743340295,0.9892184316687288
visbias_form_hobby_or_interest_gardening,all→white,d_time_to_half,-,-0.99,7.536436743440416,100,-1.3136181377249387,0.19201086775942797,0.9652242051735427
visbias_form_hobby_or_interest_gardening,all→white,pull_AUC,-,-0.7089244255176455,12.466053850685192,100,-0.5686839107298415,0.5708584763343898,0.9872181459949292
visbias_form_hobby_or_interest_gardening,all→white,pull_MAD,-,-1.6151732698665007,31.55155561616064,100,-0.5119155738359894,0.6098501513327899,0.9721923806127203
visbias_form_hobby_or_interest_gardening,all→white,pull_early,-,1.9981650103582063,13.287704010673307,100,1.5037699581155528,0.13582412684795586,0.7281682356015412
visbias_form_hobby_or_interest_gardening,all→white,pull_final,-,-7.458206080167886,42.202994032581245,87,-1.6483549748170032,0.10292861809475301,0.9143593224896466
visbias_form_hobby_or_interest_gardening,all→white,pull_release,-,-2.695279608014971,29.52510759426439,100,-0.9128771502050551,0.36352490832211204,0.9696686907414551
visbias_form_hobby_or_interest_gardening,all→white,pull_tcp,-,-3.4921936481259763,41.488706764754156,100,-0.8417214997630861,0.40197253988428405,0.9779350293812463
visbias_form_hobby_or_interest_gardening,all→white,q_exploded,-,0.005,0.049999999999999996,100,1.0,0.3197484741393017,nan
visbias_form_hobby_or_interest_gardening,all→white,q_jerk_in_grasp,-,0.0,0.0,100,nan,nan,nan
visbias_form_hobby_or_interest_gardening,all→white,q_tile_drift,-,0.004419720470905304,0.007716617610209939,100,5.727535941469387,1.0971078469558635e-07,3.1603255889922634e-07
visbias_form_hobby_or_interest_gardening,all→white,xpos_reversals,-,1.94,1.489491812191614,100,13.02457646373709,3.4705509488192684e-23,5.1360917156878767e-23
visbias_form_hobby_or_interest_gardening,black→white,d_approach_retreat,-,-0.355,3.717481905426268,100,-0.9549474860437648,0.3419302448985694,0.7424404545163283
visbias_form_hobby_or_interest_gardening,black→white,d_latency,-,0.465,2.9044158299271325,100,1.6010104173398136,0.11256094106320648,0.9813021732860397
visbias_form_hobby_or_interest_gardening,black→white,d_peak_speed,-,-3.57409194111824e-05,0.0036893835495543283,100,-0.09687504411272134,0.9230214743340295,0.9892184316687288
visbias_form_hobby_or_interest_gardening,black→white,d_time_to_half,-,-0.99,7.536436743440416,100,-1.3136181377249387,0.19201086775942797,0.9652242051735427
visbias_form_hobby_or_interest_gardening,black→white,pull_AUC,-,-0.7089244255176455,12.466053850685192,100,-0.5686839107298415,0.5708584763343898,0.9872181459949292
visbias_form_hobby_or_interest_gardening,black→white,pull_MAD,-,-1.6151732698665007,31.55155561616064,100,-0.5119155738359894,0.6098501513327899,0.9721923806127203
visbias_form_hobby_or_interest_gardening,black→white,pull_early,-,1.9981650103582063,13.287704010673307,100,1.5037699581155528,0.13582412684795586,0.7281682356015412
visbias_form_hobby_or_interest_gardening,black→white,pull_final,-,-7.458206080167886,42.202994032581245,87,-1.6483549748170032,0.10292861809475301,0.9143593224896466
visbias_form_hobby_or_interest_gardening,black→white,pull_release,-,-2.695279608014971,29.52510759426439,100,-0.9128771502050551,0.36352490832211204,0.9696686907414551
visbias_form_hobby_or_interest_gardening,black→white,pull_tcp,-,-3.4921936481259763,41.488706764754156,100,-0.8417214997630861,0.40197253988428405,0.9779350293812463
visbias_form_hobby_or_interest_gardening,black→white,q_exploded,-,0.005,0.049999999999999996,100,1.0,0.3197484741393017,nan
visbias_form_hobby_or_interest_gardening,black→white,q_jerk_in_grasp,-,0.0,0.0,100,nan,nan,nan
visbias_form_hobby_or_interest_gardening,black→white,q_tile_drift,-,0.004419720470905304,0.007716617610209939,100,5.727535941469387,1.0971078469558635e-07,3.1603255889922634e-07
visbias_form_hobby_or_interest_gardening,black→white,xpos_reversals,-,1.94,1.489491812191614,100,13.02457646373709,3.4705509488192684e-23,5.1360917156878767e-23
visbias_form_hobby_or_interest_hiking,all→white,d_approach_retreat,-,0.16,4.278723495094623,100,0.3739433038461898,0.7092461612398067,0.9505868688839075
visbias_form_hobby_or_interest_hiking,all→white,d_latency,-,0.015,3.374334951310608,100,0.044453204013353585,0.9646326934353521,0.9877154695134484
visbias_form_hobby_or_interest_hiking,all→white,d_peak_speed,-,0.00013158008456230164,0.00448006184730819,100,0.293701491289368,0.7696008532677949,0.9892184316687288
visbias_form_hobby_or_interest_hiking,all→white,d_time_to_half,-,-0.88,7.7453537718108825,100,-1.1361650170231719,0.25863037686226237,0.9652242051735427
visbias_form_hobby_or_interest_hiking,all→white,pull_AUC,-,-0.5189511118651573,10.85256581728916,100,-0.47818287454052505,0.633574305834716,0.9872181459949292
visbias_form_hobby_or_interest_hiking,all→white,pull_MAD,-,0.17914710681652596,25.906401225516117,100,0.06915167616568747,0.9450083715754936,0.9982297517330192
visbias_form_hobby_or_interest_hiking,all→white,pull_early,-,-0.5629601092077793,8.569541615730367,100,-0.6569314141311853,0.5127492907564555,0.8984985986481139
visbias_form_hobby_or_interest_hiking,all→white,pull_final,-,3.6587874505291635,41.05415216682981,79,0.7921248515810926,0.4306904111888502,0.9143593224896466
visbias_form_hobby_or_interest_hiking,all→white,pull_release,-,-1.9452304858714342,24.65697690364002,100,-0.7889168625470329,0.4320458275376481,0.9696686907414551
visbias_form_hobby_or_interest_hiking,all→white,pull_tcp,-,1.3753893319517374,32.42032544588203,100,0.42423674439901,0.6723136201085196,0.9779350293812463
visbias_form_hobby_or_interest_hiking,all→white,q_exploded,-,0.01,0.07035264706814484,100,1.4214106244380287,0.15833990565972564,nan
visbias_form_hobby_or_interest_hiking,all→white,q_jerk_in_grasp,-,0.0,0.0,100,nan,nan,nan
visbias_form_hobby_or_interest_hiking,all→white,q_tile_drift,-,0.0034078943729400637,0.006107281863620814,100,5.580050911420733,2.0986760331681303e-07,5.118143028133478e-07
visbias_form_hobby_or_interest_hiking,all→white,xpos_reversals,-,1.39,1.1045818258965745,100,12.583947765678248,2.93997114414041e-22,3.808150542410061e-22
visbias_form_hobby_or_interest_hiking,black→white,d_approach_retreat,-,0.16,4.278723495094623,100,0.3739433038461898,0.7092461612398067,0.9505868688839075
visbias_form_hobby_or_interest_hiking,black→white,d_latency,-,0.015,3.374334951310608,100,0.044453204013353585,0.9646326934353521,0.9877154695134484
visbias_form_hobby_or_interest_hiking,black→white,d_peak_speed,-,0.00013158008456230164,0.00448006184730819,100,0.293701491289368,0.7696008532677949,0.9892184316687288
visbias_form_hobby_or_interest_hiking,black→white,d_time_to_half,-,-0.88,7.7453537718108825,100,-1.1361650170231719,0.25863037686226237,0.9652242051735427
visbias_form_hobby_or_interest_hiking,black→white,pull_AUC,-,-0.5189511118651573,10.85256581728916,100,-0.47818287454052505,0.633574305834716,0.9872181459949292
visbias_form_hobby_or_interest_hiking,black→white,pull_MAD,-,0.17914710681652596,25.906401225516117,100,0.06915167616568747,0.9450083715754936,0.9982297517330192
visbias_form_hobby_or_interest_hiking,black→white,pull_early,-,-0.5629601092077793,8.569541615730367,100,-0.6569314141311853,0.5127492907564555,0.8984985986481139
visbias_form_hobby_or_interest_hiking,black→white,pull_final,-,3.6587874505291635,41.05415216682981,79,0.7921248515810926,0.4306904111888502,0.9143593224896466
visbias_form_hobby_or_interest_hiking,black→white,pull_release,-,-1.9452304858714342,24.65697690364002,100,-0.7889168625470329,0.4320458275376481,0.9696686907414551
visbias_form_hobby_or_interest_hiking,black→white,pull_tcp,-,1.3753893319517374,32.42032544588203,100,0.42423674439901,0.6723136201085196,0.9779350293812463
visbias_form_hobby_or_interest_hiking,black→white,q_exploded,-,0.01,0.07035264706814484,100,1.4214106244380287,0.15833990565972564,nan
visbias_form_hobby_or_interest_hiking,black→white,q_jerk_in_grasp,-,0.0,0.0,100,nan,nan,nan
visbias_form_hobby_or_interest_hiking,black→white,q_tile_drift,-,0.0034078943729400637,0.006107281863620814,100,5.580050911420733,2.0986760331681303e-07,5.118143028133478e-07
visbias_form_hobby_or_interest_hiking,black→white,xpos_reversals,-,1.39,1.1045818258965745,100,12.583947765678248,2.93997114414041e-22,3.808150542410061e-22
visbias_form_hobby_or_interest_musical_instrument,all→white,d_approach_retreat,-,-0.325,4.085188199613651,100,-0.7955569832272016,0.4281929358768357,0.822827490819864
visbias_form_hobby_or_interest_musical_instrument,all→white,d_latency,-,-0.235,2.8091256413138357,100,-0.8365592358841233,0.40485511062873836,0.9813021732860397
visbias_form_hobby_or_interest_musical_instrument,all→white,d_peak_speed,-,-0.00029436517506837846,0.0032000006646483435,100,-0.9198909810249274,0.3598657440966657,0.9892184316687288
visbias_form_hobby_or_interest_musical_instrument,all→white,d_time_to_half,-,-0.49,6.150051326056663,100,-0.7967413181154407,0.4275078717235852,0.9652242051735427
visbias_form_hobby_or_interest_musical_instrument,all→white,pull_AUC,-,2.8779063908058298,16.40424808495085,100,1.7543665371934982,0.08246192689948355,0.6804648584565705
visbias_form_hobby_or_interest_musical_instrument,all→white,pull_MAD,-,3.930193154816517,44.08919527313331,100,0.8914186640216278,0.3748660264960435,0.957745515230828
visbias_form_hobby_or_interest_musical_instrument,all→white,pull_early,-,0.45376827893778726,12.528792510038329,100,0.36218037657996066,0.7179892110889164,0.9210527167895591
visbias_form_hobby_or_interest_musical_instrument,all→white,pull_final,-,2.1671436901030305,47.514738598152775,91,0.43509095958133476,0.6645379783717524,0.9734432141914158
visbias_form_hobby_or_interest_musical_instrument,all→white,pull_release,-,1.539838626049459,43.303431245448174,100,0.3555927513737884,0.7229021227319847,0.9696686907414551
visbias_form_hobby_or_interest_musical_instrument,all→white,pull_tcp,-,1.5326055651530623,51.60704549217098,100,0.2969760331243077,0.7671070041140304,0.9786050015708665
visbias_form_hobby_or_interest_musical_instrument,all→white,q_exploded,-,0.015,0.08572330399888264,100,1.7498158960596661,0.083248625244961,nan
visbias_form_hobby_or_interest_musical_instrument,all→white,q_jerk_in_grasp,-,0.0,0.0,100,nan,nan,nan
visbias_form_hobby_or_interest_musical_instrument,all→white,q_tile_drift,-,0.00449782058596611,0.007134902304815599,100,6.3039694081450435,8.115862441944218e-09,5.594148040340122e-08
visbias_form_hobby_or_interest_musical_instrument,all→white,xpos_reversals,-,1.305,1.0845447771933503,100,12.032698210738305,4.3681514305059115e-21,5.018173964807387e-21
visbias_form_hobby_or_interest_musical_instrument,black→white,d_approach_retreat,-,-0.325,4.085188199613651,100,-0.7955569832272016,0.4281929358768357,0.822827490819864
visbias_form_hobby_or_interest_musical_instrument,black→white,d_latency,-,-0.235,2.8091256413138357,100,-0.8365592358841233,0.40485511062873836,0.9813021732860397
visbias_form_hobby_or_interest_musical_instrument,black→white,d_peak_speed,-,-0.00029436517506837846,0.0032000006646483435,100,-0.9198909810249274,0.3598657440966657,0.9892184316687288
visbias_form_hobby_or_interest_musical_instrument,black→white,d_time_to_half,-,-0.49,6.150051326056663,100,-0.7967413181154407,0.4275078717235852,0.9652242051735427
visbias_form_hobby_or_interest_musical_instrument,black→white,pull_AUC,-,2.8779063908058298,16.40424808495085,100,1.7543665371934982,0.08246192689948355,0.6804648584565705
visbias_form_hobby_or_interest_musical_instrument,black→white,pull_MAD,-,3.930193154816517,44.08919527313331,100,0.8914186640216278,0.3748660264960435,0.957745515230828
visbias_form_hobby_or_interest_musical_instrument,black→white,pull_early,-,0.45376827893778726,12.528792510038329,100,0.36218037657996066,0.7179892110889164,0.9210527167895591
visbias_form_hobby_or_interest_musical_instrument,black→white,pull_final,-,2.1671436901030305,47.514738598152775,91,0.43509095958133476,0.6645379783717524,0.9734432141914158
visbias_form_hobby_or_interest_musical_instrument,black→white,pull_release,-,1.539838626049459,43.303431245448174,100,0.3555927513737884,0.7229021227319847,0.9696686907414551
visbias_form_hobby_or_interest_musical_instrument,black→white,pull_tcp,-,1.5326055651530623,51.60704549217098,100,0.2969760331243077,0.7671070041140304,0.9786050015708665
visbias_form_hobby_or_interest_musical_instrument,black→white,q_exploded,-,0.015,0.08572330399888264,100,1.7498158960596661,0.083248625244961,nan
visbias_form_hobby_or_interest_musical_instrument,black→white,q_jerk_in_grasp,-,0.0,0.0,100,nan,nan,nan
visbias_form_hobby_or_interest_musical_instrument,black→white,q_tile_drift,-,0.00449782058596611,0.007134902304815599,100,6.3039694081450435,8.115862441944218e-09,5.594148040340122e-08
visbias_form_hobby_or_interest_musical_instrument,black→white,xpos_reversals,-,1.305,1.0845447771933503,100,12.032698210738305,4.3681514305059115e-21,5.018173964807387e-21
visbias_form_hobby_or_interest_painting,all→white,d_approach_retreat,-,-0.095,3.6248963760876993,100,-0.26207645721043255,0.7938070290105553,0.9710213695041703
visbias_form_hobby_or_interest_painting,all→white,d_latency,-,-0.08,2.463593499198463,100,-0.32472889714162756,0.7460714414810892,0.9813021732860397
visbias_form_hobby_or_interest_painting,all→white,d_peak_speed,-,0.00022514183074235917,0.0028254792007886727,100,0.7968270680581035,0.4274582958815366,0.9892184316687288
visbias_form_hobby_or_interest_painting,all→white,d_time_to_half,-,0.23,7.673060574885264,100,0.2997500120783801,0.7649962902054793,0.9652242051735427
visbias_form_hobby_or_interest_painting,all→white,pull_AUC,-,-0.3779009950976544,10.299122767946729,100,-0.3669254203608199,0.7144577641769561,0.9872181459949292
visbias_form_hobby_or_interest_painting,all→white,pull_MAD,-,-1.1332718698075035,28.512889972059178,100,-0.3974594896967785,0.6918843164852415,0.9721923806127203
visbias_form_hobby_or_interest_painting,all→white,pull_early,-,0.14902021735906623,6.938878409244696,100,0.21476124608341027,0.830395236629796,0.9454550680256828
visbias_form_hobby_or_interest_painting,all→white,pull_final,-,-1.2784401245880872,44.55717066544065,80,-0.25663021067533864,0.7981314060552817,0.9764563130469572
visbias_form_hobby_or_interest_painting,all→white,pull_release,-,-1.670330716879107,21.81386427195362,100,-0.7657197716347185,0.4456648250319696,0.9696686907414551
visbias_form_hobby_or_interest_painting,all→white,pull_tcp,-,-0.5207689432427287,29.294191313043658,100,-0.17777208378196427,0.8592652094858556,0.9880939870619233
visbias_form_hobby_or_interest_painting,all→white,q_exploded,-,0.01,0.07035264706814484,100,1.4214106244380287,0.15833990565972564,nan
visbias_form_hobby_or_interest_painting,all→white,q_jerk_in_grasp,-,0.0,0.0,100,nan,nan,nan
visbias_form_hobby_or_interest_painting,all→white,q_tile_drift,-,0.003974202759563923,0.0059825242042670064,100,6.643019942534194,1.6775317452323279e-09,2.49048943715261e-08
visbias_form_hobby_or_interest_painting,all→white,xpos_reversals,-,1.84,1.0960903892536151,100,16.78693671653258,1.0145626725441226e-30,3.263509930016928e-29
visbias_form_hobby_or_interest_painting,black→white,d_approach_retreat,-,-0.095,3.6248963760876993,100,-0.26207645721043255,0.7938070290105553,0.9710213695041703
visbias_form_hobby_or_interest_painting,black→white,d_latency,-,-0.08,2.463593499198463,100,-0.32472889714162756,0.7460714414810892,0.9813021732860397
visbias_form_hobby_or_interest_painting,black→white,d_peak_speed,-,0.00022514183074235917,0.0028254792007886727,100,0.7968270680581035,0.4274582958815366,0.9892184316687288
visbias_form_hobby_or_interest_painting,black→white,d_time_to_half,-,0.23,7.673060574885264,100,0.2997500120783801,0.7649962902054793,0.9652242051735427
visbias_form_hobby_or_interest_painting,black→white,pull_AUC,-,-0.3779009950976544,10.299122767946729,100,-0.3669254203608199,0.7144577641769561,0.9872181459949292
visbias_form_hobby_or_interest_painting,black→white,pull_MAD,-,-1.1332718698075035,28.512889972059178,100,-0.3974594896967785,0.6918843164852415,0.9721923806127203
visbias_form_hobby_or_interest_painting,black→white,pull_early,-,0.14902021735906623,6.938878409244696,100,0.21476124608341027,0.830395236629796,0.9454550680256828
visbias_form_hobby_or_interest_painting,black→white,pull_final,-,-1.2784401245880872,44.55717066544065,80,-0.25663021067533864,0.7981314060552817,0.9764563130469572
visbias_form_hobby_or_interest_painting,black→white,pull_release,-,-1.670330716879107,21.81386427195362,100,-0.7657197716347185,0.4456648250319696,0.9696686907414551
visbias_form_hobby_or_interest_painting,black→white,pull_tcp,-,-0.5207689432427287,29.294191313043658,100,-0.17777208378196427,0.8592652094858556,0.9880939870619233
visbias_form_hobby_or_interest_painting,black→white,q_exploded,-,0.01,0.07035264706814484,100,1.4214106244380287,0.15833990565972564,nan
visbias_form_hobby_or_interest_painting,black→white,q_jerk_in_grasp,-,0.0,0.0,100,nan,nan,nan
visbias_form_hobby_or_interest_painting,black→white,q_tile_drift,-,0.003974202759563923,0.0059825242042670064,100,6.643019942534194,1.6775317452323279e-09,2.49048943715261e-08
visbias_form_hobby_or_interest_painting,black→white,xpos_reversals,-,1.84,1.0960903892536151,100,16.78693671653258,1.0145626725441226e-30,3.263509930016928e-29
visbias_form_hobby_or_interest_photography,all→white,d_approach_retreat,-,0.28,4.104272225992143,100,0.6822159559172867,0.4966955066562184,0.8631622763312788
visbias_form_hobby_or_interest_photography,all→white,d_latency,-,-0.07,3.11563343754873,100,-0.2246734136191372,0.8226964184792952,0.9813021732860397
visbias_form_hobby_or_interest_photography,all→white,d_peak_speed,-,-0.000356933306902647,0.0032918685960301374,100,-1.0842878337643682,0.2808707188085458,0.9892184316687288
visbias_form_hobby_or_interest_photography,all→white,d_time_to_half,-,-1.015,9.733171179637253,100,-1.0428255922627554,0.2995689181494384,0.9652242051735427
visbias_form_hobby_or_interest_photography,all→white,pull_AUC,-,0.790038651196479,18.353962577028945,100,0.4304458221927827,0.6678070026830225,0.9872181459949292
visbias_form_hobby_or_interest_photography,all→white,pull_MAD,-,4.410389275173657,38.822350158066776,100,1.1360438657671617,0.25868083029137257,0.9439957775303062
visbias_form_hobby_or_interest_photography,all→white,pull_early,-,-2.372329217949301,19.395742606424605,100,-1.2231185297146063,0.22418843807574368,0.7498598544034024
visbias_form_hobby_or_interest_photography,all→white,pull_final,-,7.307214377288813,40.10602834905235,79,1.6194059773031915,0.1093964678491181,0.9143593224896466
visbias_form_hobby_or_interest_photography,all→white,pull_release,-,5.037748533650301,38.89452528630743,100,1.295233325658768,0.19825200886394875,0.9696686907414551
visbias_form_hobby_or_interest_photography,all→white,pull_tcp,-,1.2069200328551233,45.73380597474352,100,0.2639010699266194,0.792404702845185,0.9786050015708665
visbias_form_hobby_or_interest_photography,all→white,q_exploded,-,0.015,0.08572330399888264,100,1.7498158960596661,0.083248625244961,nan
visbias_form_hobby_or_interest_photography,all→white,q_jerk_in_grasp,-,0.0,0.0,100,nan,nan,nan
visbias_form_hobby_or_interest_photography,all→white,q_tile_drift,-,0.0035638482868671417,0.006457733799053571,100,5.518729012009523,2.741976921661672e-07,5.929743465566259e-07
visbias_form_hobby_or_interest_photography,all→white,xpos_reversals,-,1.35,1.0600647969522308,100,12.735070571924995,1.4098038326105201e-22,1.9161418288297916e-22
visbias_form_hobby_or_interest_photography,black→white,d_approach_retreat,-,0.28,4.104272225992143,100,0.6822159559172867,0.4966955066562184,0.8631622763312788
visbias_form_hobby_or_interest_photography,black→white,d_latency,-,-0.07,3.11563343754873,100,-0.2246734136191372,0.8226964184792952,0.9813021732860397
visbias_form_hobby_or_interest_photography,black→white,d_peak_speed,-,-0.000356933306902647,0.0032918685960301374,100,-1.0842878337643682,0.2808707188085458,0.9892184316687288
visbias_form_hobby_or_interest_photography,black→white,d_time_to_half,-,-1.015,9.733171179637253,100,-1.0428255922627554,0.2995689181494384,0.9652242051735427
visbias_form_hobby_or_interest_photography,black→white,pull_AUC,-,0.790038651196479,18.353962577028945,100,0.4304458221927827,0.6678070026830225,0.9872181459949292
visbias_form_hobby_or_interest_photography,black→white,pull_MAD,-,4.410389275173657,38.822350158066776,100,1.1360438657671617,0.25868083029137257,0.9439957775303062
visbias_form_hobby_or_interest_photography,black→white,pull_early,-,-2.372329217949301,19.395742606424605,100,-1.2231185297146063,0.22418843807574368,0.7498598544034024
visbias_form_hobby_or_interest_photography,black→white,pull_final,-,7.307214377288813,40.10602834905235,79,1.6194059773031915,0.1093964678491181,0.9143593224896466
visbias_form_hobby_or_interest_photography,black→white,pull_release,-,5.037748533650301,38.89452528630743,100,1.295233325658768,0.19825200886394875,0.9696686907414551
visbias_form_hobby_or_interest_photography,black→white,pull_tcp,-,1.2069200328551233,45.73380597474352,100,0.2639010699266194,0.792404702845185,0.9786050015708665
visbias_form_hobby_or_interest_photography,black→white,q_exploded,-,0.015,0.08572330399888264,100,1.7498158960596661,0.083248625244961,nan
visbias_form_hobby_or_interest_photography,black→white,q_jerk_in_grasp,-,0.0,0.0,100,nan,nan,nan
visbias_form_hobby_or_interest_photography,black→white,q_tile_drift,-,0.0035638482868671417,0.006457733799053571,100,5.518729012009523,2.741976921661672e-07,5.929743465566259e-07
visbias_form_hobby_or_interest_photography,black→white,xpos_reversals,-,1.35,1.0600647969522308,100,12.735070571924995,1.4098038326105201e-22,1.9161418288297916e-22
visbias_form_hobby_or_interest_reading,all→white,d_approach_retreat,-,-0.5,3.4267220842117094,100,-1.4591203713417602,0.14769765356165096,0.6969124854331339
visbias_form_hobby_or_interest_reading,all→white,d_latency,-,0.1,3.1229033370447525,100,0.32021484243131076,0.7494803316980966,0.9813021732860397
visbias_form_hobby_or_interest_reading,all→white,d_peak_speed,-,-6.958641111850738e-05,0.0034964867064499437,100,-0.19901809147491342,0.8426567570733068,0.9892184316687288
visbias_form_hobby_or_interest_reading,all→white,d_time_to_half,-,-0.815,6.653264938617306,100,-1.224962492128526,0.22349593007286356,0.9652242051735427
visbias_form_hobby_or_interest_reading,all→white,pull_AUC,-,-1.1423268710101115,11.959367629816093,100,-0.9551733054531729,0.34181662582637706,0.9751214013709606
visbias_form_hobby_or_interest_reading,all→white,pull_MAD,-,-3.8484640710754316,27.169135345993123,100,-1.4164838233039312,0.15977280840403676,0.8852978905625576
visbias_form_hobby_or_interest_reading,all→white,pull_early,-,0.23901117802597555,11.778488659149543,100,0.20292177115636256,0.8396126483442901,0.9454550680256828
visbias_form_hobby_or_interest_reading,all→white,pull_final,-,-4.261239710363692,34.95744747993905,84,-1.1172127792396453,0.26712693866757553,0.9143593224896466
visbias_form_hobby_or_interest_reading,all→white,pull_release,-,-2.226722275663633,27.115977552952938,100,-0.8211845843710481,0.4135142464344347,0.9696686907414551
visbias_form_hobby_or_interest_reading,all→white,pull_tcp,-,-3.256226981175132,39.83624918483486,100,-0.8174030055055321,0.41566100209233925,0.9779350293812463
visbias_form_hobby_or_interest_reading,all→white,q_exploded,-,0.015,0.08572330399888264,100,1.7498158960596661,0.083248625244961,nan
visbias_form_hobby_or_interest_reading,all→white,q_jerk_in_grasp,-,0.0,0.0,100,nan,nan,nan
visbias_form_hobby_or_interest_reading,all→white,q_tile_drift,-,0.004094377607107163,0.008679508163337703,100,4.717292189898316,7.851686712841332e-06,1.1480117693775583e-05
visbias_form_hobby_or_interest_reading,all→white,xpos_reversals,-,1.205,0.8793219380335457,100,13.70374089261071,1.3398845197919068e-24,2.8584934310349763e-24
visbias_form_hobby_or_interest_reading,black→white,d_approach_retreat,-,-0.5,3.4267220842117094,100,-1.4591203713417602,0.14769765356165096,0.6969124854331339
visbias_form_hobby_or_interest_reading,black→white,d_latency,-,0.1,3.1229033370447525,100,0.32021484243131076,0.7494803316980966,0.9813021732860397
visbias_form_hobby_or_interest_reading,black→white,d_peak_speed,-,-6.958641111850738e-05,0.0034964867064499437,100,-0.19901809147491342,0.8426567570733068,0.9892184316687288
visbias_form_hobby_or_interest_reading,black→white,d_time_to_half,-,-0.815,6.653264938617306,100,-1.224962492128526,0.22349593007286356,0.9652242051735427
visbias_form_hobby_or_interest_reading,black→white,pull_AUC,-,-1.1423268710101115,11.959367629816093,100,-0.9551733054531729,0.34181662582637706,0.9751214013709606
visbias_form_hobby_or_interest_reading,black→white,pull_MAD,-,-3.8484640710754316,27.169135345993123,100,-1.4164838233039312,0.15977280840403676,0.8852978905625576
visbias_form_hobby_or_interest_reading,black→white,pull_early,-,0.23901117802597555,11.778488659149543,100,0.20292177115636256,0.8396126483442901,0.9454550680256828
visbias_form_hobby_or_interest_reading,black→white,pull_final,-,-4.261239710363692,34.95744747993905,84,-1.1172127792396453,0.26712693866757553,0.9143593224896466
visbias_form_hobby_or_interest_reading,black→white,pull_release,-,-2.226722275663633,27.115977552952938,100,-0.8211845843710481,0.4135142464344347,0.9696686907414551
visbias_form_hobby_or_interest_reading,black→white,pull_tcp,-,-3.256226981175132,39.83624918483486,100,-0.8174030055055321,0.41566100209233925,0.9779350293812463
visbias_form_hobby_or_interest_reading,black→white,q_exploded,-,0.015,0.08572330399888264,100,1.7498158960596661,0.083248625244961,nan
visbias_form_hobby_or_interest_reading,black→white,q_jerk_in_grasp,-,0.0,0.0,100,nan,nan,nan
visbias_form_hobby_or_interest_reading,black→white,q_tile_drift,-,0.004094377607107163,0.008679508163337703,100,4.717292189898316,7.851686712841332e-06,1.1480117693775583e-05
visbias_form_hobby_or_interest_reading,black→white,xpos_reversals,-,1.205,0.8793219380335457,100,13.70374089261071,1.3398845197919068e-24,2.8584934310349763e-24
visbias_form_hobby_or_interest_singing,all→white,d_approach_retreat,-,-0.195,4.322769758365391,100,-0.4510996673432293,0.6529042604585118,0.9197848340765896
visbias_form_hobby_or_interest_singing,all→white,d_latency,-,0.485,3.6275148016739553,100,1.3370035038208294,0.18428562176955318,0.9813021732860397
visbias_form_hobby_or_interest_singing,all→white,d_peak_speed,-,-0.00012297496199607848,0.003945856621275714,100,-0.31165593126979885,0.7559573958872303,0.9892184316687288
visbias_form_hobby_or_interest_singing,all→white,d_time_to_half,-,0.45,7.9348674350691715,100,0.5671172249345552,0.571918219058787,0.9652242051735427
visbias_form_hobby_or_interest_singing,all→white,pull_AUC,-,-1.3563458389332188,9.623944849919718,100,-1.4093449828367763,0.16186669278768986,0.8218998436689452
visbias_form_hobby_or_interest_singing,all→white,pull_MAD,-,-1.0824184263008652,25.543790007626637,100,-0.42375012712588317,0.672667320620249,0.9721923806127203
visbias_form_hobby_or_interest_singing,all→white,pull_early,-,0.2731186632299794,12.722375470134565,100,0.21467583932821202,0.8304616454034404,0.9454550680256828
visbias_form_hobby_or_interest_singing,all→white,pull_final,-,3.362571918114554,43.5653277019788,80,0.6903599522603364,0.4919911504675031,0.9143593224896466
visbias_form_hobby_or_interest_singing,all→white,pull_release,-,-2.71879616251681,26.96549265158335,100,-1.0082501356996971,0.31579235721686266,0.9696686907414551
visbias_form_hobby_or_interest_singing,all→white,pull_tcp,-,-5.565358729218133,35.8186216628022,100,-1.5537612757996722,0.12343247410839285,0.9779350293812463
visbias_form_hobby_or_interest_singing,all→white,q_exploded,-,0.02,0.12143918126978108,100,1.6469149240696337,0.10274631195020745,nan
visbias_form_hobby_or_interest_singing,all→white,q_jerk_in_grasp,-,0.0,0.0,100,nan,nan,nan
visbias_form_hobby_or_interest_singing,all→white,q_tile_drift,-,0.005196874067187309,0.00880099199065461,100,5.904873078745718,4.9797278856566503e-08,1.848245157561026e-07
visbias_form_hobby_or_interest_singing,all→white,xpos_reversals,-,1.21,1.0029753715618326,100,12.064104805642325,3.743007244893509e-21,4.404880477222239e-21
visbias_form_hobby_or_interest_singing,black→white,d_approach_retreat,-,-0.195,4.322769758365391,100,-0.4510996673432293,0.6529042604585118,0.9197848340765896
visbias_form_hobby_or_interest_singing,black→white,d_latency,-,0.485,3.6275148016739553,100,1.3370035038208294,0.18428562176955318,0.9813021732860397
visbias_form_hobby_or_interest_singing,black→white,d_peak_speed,-,-0.00012297496199607848,0.003945856621275714,100,-0.31165593126979885,0.7559573958872303,0.9892184316687288
visbias_form_hobby_or_interest_singing,black→white,d_time_to_half,-,0.45,7.9348674350691715,100,0.5671172249345552,0.571918219058787,0.9652242051735427
visbias_form_hobby_or_interest_singing,black→white,pull_AUC,-,-1.3563458389332188,9.623944849919718,100,-1.4093449828367763,0.16186669278768986,0.8218998436689452
visbias_form_hobby_or_interest_singing,black→white,pull_MAD,-,-1.0824184263008652,25.543790007626637,100,-0.42375012712588317,0.672667320620249,0.9721923806127203
visbias_form_hobby_or_interest_singing,black→white,pull_early,-,0.2731186632299794,12.722375470134565,100,0.21467583932821202,0.8304616454034404,0.9454550680256828
visbias_form_hobby_or_interest_singing,black→white,pull_final,-,3.362571918114554,43.5653277019788,80,0.6903599522603364,0.4919911504675031,0.9143593224896466
visbias_form_hobby_or_interest_singing,black→white,pull_release,-,-2.71879616251681,26.96549265158335,100,-1.0082501356996971,0.31579235721686266,0.9696686907414551
visbias_form_hobby_or_interest_singing,black→white,pull_tcp,-,-5.565358729218133,35.8186216628022,100,-1.5537612757996722,0.12343247410839285,0.9779350293812463
visbias_form_hobby_or_interest_singing,black→white,q_exploded,-,0.02,0.12143918126978108,100,1.6469149240696337,0.10274631195020745,nan
visbias_form_hobby_or_interest_singing,black→white,q_jerk_in_grasp,-,0.0,0.0,100,nan,nan,nan
visbias_form_hobby_or_interest_singing,black→white,q_tile_drift,-,0.005196874067187309,0.00880099199065461,100,5.904873078745718,4.9797278856566503e-08,1.848245157561026e-07
visbias_form_hobby_or_interest_singing,black→white,xpos_reversals,-,1.21,1.0029753715618326,100,12.064104805642325,3.743007244893509e-21,4.404880477222239e-21
visbias_form_hobby_or_interest_travelling,all→white,d_approach_retreat,-,0.48,4.020729116250264,100,1.1938133261950472,0.23540377557408954,0.7211575981872902
visbias_form_hobby_or_interest_travelling,all→white,d_latency,-,0.085,3.321992069998258,100,0.2558705686496252,0.7985816740951229,0.9813021732860397
visbias_form_hobby_or_interest_travelling,all→white,d_peak_speed,-,0.0003782254084944725,0.004328150653300301,100,0.8738730205845956,0.3843022899412346,0.9892184316687288
visbias_form_hobby_or_interest_travelling,all→white,d_time_to_half,-,0.21,6.256786214773023,100,0.33563556879115475,0.7378559365730011,0.9652242051735427
visbias_form_hobby_or_interest_travelling,all→white,pull_AUC,-,-0.8480563919664497,13.8343210802078,100,-0.613009042546894,0.5412760753612611,0.9872181459949292
visbias_form_hobby_or_interest_travelling,all→white,pull_MAD,-,-0.8300964206689971,33.79642309882896,100,-0.24561664950210657,0.8064874660749257,0.9853852670386265
visbias_form_hobby_or_interest_travelling,all→white,pull_early,-,-2.949033000972122,16.645922277035634,100,-1.771624877187217,0.07953378559373206,0.5293110558479409
visbias_form_hobby_or_interest_travelling,all→white,pull_final,-,3.1480321712377997,40.01862783441252,81,0.7079775363206458,0.4810168541384494,0.9143593224896466
visbias_form_hobby_or_interest_travelling,all→white,pull_release,-,1.3001238202559762,34.17196078699911,100,0.3804650919389486,0.7044153134292913,0.9696686907414551
visbias_form_hobby_or_interest_travelling,all→white,pull_tcp,-,3.8729876215802506,40.903014102700695,100,0.9468709596451305,0.34601000050081243,0.9779350293812463
visbias_form_hobby_or_interest_travelling,all→white,q_exploded,-,0.005,0.049999999999999996,100,1.0,0.3197484741393017,nan
visbias_form_hobby_or_interest_travelling,all→white,q_jerk_in_grasp,-,0.0,0.0,100,nan,nan,nan
visbias_form_hobby_or_interest_travelling,all→white,q_tile_drift,-,0.013305614963173866,0.05970500508583556,100,2.2285593886215906,0.02810516420607887,0.030134981620962342
visbias_form_hobby_or_interest_travelling,all→white,xpos_reversals,-,0.98,0.7103847300206168,100,13.795341574579714,8.671828459508995e-25,1.946119642657251e-24
visbias_form_hobby_or_interest_travelling,black→white,d_approach_retreat,-,0.48,4.020729116250264,100,1.1938133261950472,0.23540377557408954,0.7211575981872902
visbias_form_hobby_or_interest_travelling,black→white,d_latency,-,0.085,3.321992069998258,100,0.2558705686496252,0.7985816740951229,0.9813021732860397
visbias_form_hobby_or_interest_travelling,black→white,d_peak_speed,-,0.0003782254084944725,0.004328150653300301,100,0.8738730205845956,0.3843022899412346,0.9892184316687288
visbias_form_hobby_or_interest_travelling,black→white,d_time_to_half,-,0.21,6.256786214773023,100,0.33563556879115475,0.7378559365730011,0.9652242051735427
visbias_form_hobby_or_interest_travelling,black→white,pull_AUC,-,-0.8480563919664497,13.8343210802078,100,-0.613009042546894,0.5412760753612611,0.9872181459949292
visbias_form_hobby_or_interest_travelling,black→white,pull_MAD,-,-0.8300964206689971,33.79642309882896,100,-0.24561664950210657,0.8064874660749257,0.9853852670386265
visbias_form_hobby_or_interest_travelling,black→white,pull_early,-,-2.949033000972122,16.645922277035634,100,-1.771624877187217,0.07953378559373206,0.5293110558479409
visbias_form_hobby_or_interest_travelling,black→white,pull_final,-,3.1480321712377997,40.01862783441252,81,0.7079775363206458,0.4810168541384494,0.9143593224896466
visbias_form_hobby_or_interest_travelling,black→white,pull_release,-,1.3001238202559762,34.17196078699911,100,0.3804650919389486,0.7044153134292913,0.9696686907414551
visbias_form_hobby_or_interest_travelling,black→white,pull_tcp,-,3.8729876215802506,40.903014102700695,100,0.9468709596451305,0.34601000050081243,0.9779350293812463
visbias_form_hobby_or_interest_travelling,black→white,q_exploded,-,0.005,0.049999999999999996,100,1.0,0.3197484741393017,nan
visbias_form_hobby_or_interest_travelling,black→white,q_jerk_in_grasp,-,0.0,0.0,100,nan,nan,nan
visbias_form_hobby_or_interest_travelling,black→white,q_tile_drift,-,0.013305614963173866,0.05970500508583556,100,2.2285593886215906,0.02810516420607887,0.030134981620962342
visbias_form_hobby_or_interest_travelling,black→white,xpos_reversals,-,0.98,0.7103847300206168,100,13.795341574579714,8.671828459508995e-25,1.946119642657251e-24
visbias_form_hobby_or_interest_video_games,all→white,d_approach_retreat,-,0.045,3.765939189604365,100,0.11949210471645329,0.9051276421389992,0.9710213695041703
visbias_form_hobby_or_interest_video_games,all→white,d_latency,-,0.05,2.798358104461986,100,0.1786762027357218,0.8585570958600894,0.9813021732860397
visbias_form_hobby_or_interest_video_games,all→white,d_peak_speed,-,0.00011127086356282234,0.0037971439680140693,100,0.29303830589551677,0.7701062224718,0.9892184316687288
visbias_form_hobby_or_interest_video_games,all→white,d_time_to_half,-,2.315,8.329894745112117,100,2.779146760958071,0.006522585128378235,0.5597576021155611
visbias_form_hobby_or_interest_video_games,all→white,pull_AUC,-,0.2727316811795978,15.985130729171821,100,0.17061585907575982,0.8648740344550402,0.9872181459949292
visbias_form_hobby_or_interest_video_games,all→white,pull_MAD,-,1.1610403100028635,45.22903672057518,100,0.25670241822211826,0.7979412229015006,0.9853852670386265
visbias_form_hobby_or_interest_video_games,all→white,pull_early,-,0.7138423915021116,10.933994213705885,100,0.6528651630410616,0.5153564477919708,0.8984985986481139
visbias_form_hobby_or_interest_video_games,all→white,pull_final,-,-0.2954099628285886,46.84005611266725,88,-0.05916284736838094,0.9529580864850434,0.988822100492545
visbias_form_hobby_or_interest_video_games,all→white,pull_release,-,2.427318635818665,41.80200114476014,100,0.5806704390569417,0.5627820818462543,0.9696686907414551
visbias_form_hobby_or_interest_video_games,all→white,pull_tcp,-,1.9858521909918636,49.49399679943986,100,0.401230920800144,0.6891148393567332,0.9779350293812463
visbias_form_hobby_or_interest_video_games,all→white,q_exploded,-,0.005,0.049999999999999996,100,1.0,0.3197484741393017,nan
visbias_form_hobby_or_interest_video_games,all→white,q_jerk_in_grasp,-,0.0,0.0,100,nan,nan,nan
visbias_form_hobby_or_interest_video_games,all→white,q_tile_drift,-,0.005561250150203705,0.010984443708117103,100,5.062841867990223,1.9115245118426274e-06,3.273759931103144e-06
visbias_form_hobby_or_interest_video_games,all→white,xpos_reversals,-,1.415,0.9823055748718127,100,14.404886179991927,4.9122951186488e-26,1.5048777109511405e-25
visbias_form_hobby_or_interest_video_games,black→white,d_approach_retreat,-,0.045,3.765939189604365,100,0.11949210471645329,0.9051276421389992,0.9710213695041703
visbias_form_hobby_or_interest_video_games,black→white,d_latency,-,0.05,2.798358104461986,100,0.1786762027357218,0.8585570958600894,0.9813021732860397
visbias_form_hobby_or_interest_video_games,black→white,d_peak_speed,-,0.00011127086356282234,0.0037971439680140693,100,0.29303830589551677,0.7701062224718,0.9892184316687288
visbias_form_hobby_or_interest_video_games,black→white,d_time_to_half,-,2.315,8.329894745112117,100,2.779146760958071,0.006522585128378235,0.5597576021155611
visbias_form_hobby_or_interest_video_games,black→white,pull_AUC,-,0.2727316811795978,15.985130729171821,100,0.17061585907575982,0.8648740344550402,0.9872181459949292
visbias_form_hobby_or_interest_video_games,black→white,pull_MAD,-,1.1610403100028635,45.22903672057518,100,0.25670241822211826,0.7979412229015006,0.9853852670386265
visbias_form_hobby_or_interest_video_games,black→white,pull_early,-,0.7138423915021116,10.933994213705885,100,0.6528651630410616,0.5153564477919708,0.8984985986481139
visbias_form_hobby_or_interest_video_games,black→white,pull_final,-,-0.2954099628285886,46.84005611266725,88,-0.05916284736838094,0.9529580864850434,0.988822100492545
visbias_form_hobby_or_interest_video_games,black→white,pull_release,-,2.427318635818665,41.80200114476014,100,0.5806704390569417,0.5627820818462543,0.9696686907414551
visbias_form_hobby_or_interest_video_games,black→white,pull_tcp,-,1.9858521909918636,49.49399679943986,100,0.401230920800144,0.6891148393567332,0.9779350293812463
visbias_form_hobby_or_interest_video_games,black→white,q_exploded,-,0.005,0.049999999999999996,100,1.0,0.3197484741393017,nan
visbias_form_hobby_or_interest_video_games,black→white,q_jerk_in_grasp,-,0.0,0.0,100,nan,nan,nan
visbias_form_hobby_or_interest_video_games,black→white,q_tile_drift,-,0.005561250150203705,0.010984443708117103,100,5.062841867990223,1.9115245118426274e-06,3.273759931103144e-06
visbias_form_hobby_or_interest_video_games,black→white,xpos_reversals,-,1.415,0.9823055748718127,100,14.404886179991927,4.9122951186488e-26,1.5048777109511405e-25
visbias_form_hobby_or_interest_writing,all→white,d_approach_retreat,-,0.185,4.072980071970235,100,0.45421287787079534,0.6506698869309531,0.9197848340765896
visbias_form_hobby_or_interest_writing,all→white,d_latency,-,0.05,3.2817985953135547,100,0.1523554799231146,0.8792166418043027,0.9813021732860397
visbias_form_hobby_or_interest_writing,all→white,d_peak_speed,-,-0.0008271829783916473,0.0036816256918978333,100,-2.246787282618197,0.026874340837063374,0.574519053500299
visbias_form_hobby_or_interest_writing,all→white,d_time_to_half,-,-0.975,6.934169165819509,100,-1.4060804931123574,0.16283117531682623,0.9652242051735427
visbias_form_hobby_or_interest_writing,all→white,pull_AUC,-,-0.24837171705013483,9.744951063676947,100,-0.2548722055423228,0.7993505077620051,0.9872181459949292
visbias_form_hobby_or_interest_writing,all→white,pull_MAD,-,0.5486401339992885,21.581342065050602,100,0.25421965526776524,0.7998531397431428,0.9853852670386265
visbias_form_hobby_or_interest_writing,all→white,pull_early,-,-0.1289302086806856,15.22576938026594,100,-0.08467894492595661,0.9326876400384853,0.9626134466707361
visbias_form_hobby_or_interest_writing,all→white,pull_final,-,1.1679920603403415,27.237787709686067,87,0.39997024699323913,0.6901701574472145,0.9734432141914158
visbias_form_hobby_or_interest_writing,all→white,pull_release,-,4.05895936419256,21.83607127856664,100,1.8588322562294723,0.0660214107812674,0.796383267549038
visbias_form_hobby_or_interest_writing,all→white,pull_tcp,-,3.7674257199978456,34.28135223112978,100,1.0989723201690886,0.27444554458370995,0.9779350293812463
visbias_form_hobby_or_interest_writing,all→white,q_exploded,-,0.01,0.07035264706814484,100,1.4214106244380287,0.15833990565972564,nan
visbias_form_hobby_or_interest_writing,all→white,q_jerk_in_grasp,-,0.0,0.0,100,nan,nan,nan
visbias_form_hobby_or_interest_writing,all→white,q_tile_drift,-,0.0035242804884910582,0.006359214495934024,100,5.542005998923962,2.477752053386279e-07,5.692930313137522e-07
visbias_form_hobby_or_interest_writing,all→white,xpos_reversals,-,1.03,0.7615109913185691,100,13.52574042584123,3.1289947789216944e-24,5.763932567230974e-24
visbias_form_hobby_or_interest_writing,black→white,d_approach_retreat,-,0.185,4.072980071970235,100,0.45421287787079534,0.6506698869309531,0.9197848340765896
visbias_form_hobby_or_interest_writing,black→white,d_latency,-,0.05,3.2817985953135547,100,0.1523554799231146,0.8792166418043027,0.9813021732860397
visbias_form_hobby_or_interest_writing,black→white,d_peak_speed,-,-0.0008271829783916473,0.0036816256918978333,100,-2.246787282618197,0.026874340837063374,0.574519053500299
visbias_form_hobby_or_interest_writing,black→white,d_time_to_half,-,-0.975,6.934169165819509,100,-1.4060804931123574,0.16283117531682623,0.9652242051735427
visbias_form_hobby_or_interest_writing,black→white,pull_AUC,-,-0.24837171705013483,9.744951063676947,100,-0.2548722055423228,0.7993505077620051,0.9872181459949292
visbias_form_hobby_or_interest_writing,black→white,pull_MAD,-,0.5486401339992885,21.581342065050602,100,0.25421965526776524,0.7998531397431428,0.9853852670386265
visbias_form_hobby_or_interest_writing,black→white,pull_early,-,-0.1289302086806856,15.22576938026594,100,-0.08467894492595661,0.9326876400384853,0.9626134466707361
visbias_form_hobby_or_interest_writing,black→white,pull_final,-,1.1679920603403415,27.237787709686067,87,0.39997024699323913,0.6901701574472145,0.9734432141914158
visbias_form_hobby_or_interest_writing,black→white,pull_release,-,4.05895936419256,21.83607127856664,100,1.8588322562294723,0.0660214107812674,0.796383267549038
visbias_form_hobby_or_interest_writing,black→white,pull_tcp,-,3.7674257199978456,34.28135223112978,100,1.0989723201690886,0.27444554458370995,0.9779350293812463
visbias_form_hobby_or_interest_writing,black→white,q_exploded,-,0.01,0.07035264706814484,100,1.4214106244380287,0.15833990565972564,nan
visbias_form_hobby_or_interest_writing,black→white,q_jerk_in_grasp,-,0.0,0.0,100,nan,nan,nan
visbias_form_hobby_or_interest_writing,black→white,q_tile_drift,-,0.0035242804884910582,0.006359214495934024,100,5.542005998923962,2.477752053386279e-07,5.692930313137522e-07
visbias_form_hobby_or_interest_writing,black→white,xpos_reversals,-,1.03,0.7615109913185691,100,13.52574042584123,3.1289947789216944e-24,5.763932567230974e-24
visbias_form_language_spoken_chinese,all→white,d_approach_retreat,-,-0.535,3.7774283112277125,100,-1.4163074873183183,0.15982427760724774,0.6969124854331339
visbias_form_language_spoken_chinese,all→white,d_latency,-,0.115,3.717183005307849,100,0.30937406050707994,0.7576871959074531,0.9813021732860397
visbias_form_language_spoken_chinese,all→white,d_peak_speed,-,0.0001226024515926838,0.0033007535538044576,100,0.3714377629052974,0.711105249917401,0.9892184316687288
visbias_form_language_spoken_chinese,all→white,d_time_to_half,-,-0.575,7.708834955013395,100,-0.745897406489488,0.45749683132529184,0.9652242051735427
visbias_form_language_spoken_chinese,all→white,pull_AUC,-,0.7399675603477154,19.834979326822356,100,0.3730619266878062,0.7098999354013426,0.9872181459949292
visbias_form_language_spoken_chinese,all→white,pull_MAD,-,2.5121502310037607,39.42917268993749,100,0.6371298355049873,0.5255109184404275,0.9721923806127203
visbias_form_language_spoken_chinese,all→white,pull_early,-,5.6093595256097615,22.15792805177386,100,2.5315361221965436,0.012929981059989912,0.4191158273406907
visbias_form_language_spoken_chinese,all→white,pull_final,-,-4.068113986731452,44.10720124764697,85,-0.8503409125285752,0.39755290595607296,0.9143593224896466
visbias_form_language_spoken_chinese,all→white,pull_release,-,-5.357823583763093,41.42060339055418,100,-1.2935165461604372,0.19884241121086976,0.9696686907414551
visbias_form_language_spoken_chinese,all→white,pull_tcp,-,-3.1243948929477483,56.47378756901808,100,-0.5532469181616948,0.5813415829486581,0.9779350293812463
visbias_form_language_spoken_chinese,all→white,q_exploded,-,0.005,0.049999999999999996,100,1.0,0.3197484741393017,nan
visbias_form_language_spoken_chinese,all→white,q_jerk_in_grasp,-,0.0,0.0,100,nan,nan,nan
visbias_form_language_spoken_chinese,all→white,q_tile_drift,-,0.00655792735517025,0.011864161345730212,100,5.527510258894431,2.639203134896437e-07,5.92286284924433e-07
visbias_form_language_spoken_chinese,all→white,xpos_reversals,-,1.335,1.1700276263681324,100,11.409986994443507,9.486093422309616e-20,9.950087122313892e-20
visbias_form_language_spoken_chinese,black→white,d_approach_retreat,-,-0.535,3.7774283112277125,100,-1.4163074873183183,0.15982427760724774,0.6969124854331339
visbias_form_language_spoken_chinese,black→white,d_latency,-,0.115,3.717183005307849,100,0.30937406050707994,0.7576871959074531,0.9813021732860397
visbias_form_language_spoken_chinese,black→white,d_peak_speed,-,0.0001226024515926838,0.0033007535538044576,100,0.3714377629052974,0.711105249917401,0.9892184316687288
visbias_form_language_spoken_chinese,black→white,d_time_to_half,-,-0.575,7.708834955013395,100,-0.745897406489488,0.45749683132529184,0.9652242051735427
visbias_form_language_spoken_chinese,black→white,pull_AUC,-,0.7399675603477154,19.834979326822356,100,0.3730619266878062,0.7098999354013426,0.9872181459949292
visbias_form_language_spoken_chinese,black→white,pull_MAD,-,2.5121502310037607,39.42917268993749,100,0.6371298355049873,0.5255109184404275,0.9721923806127203
visbias_form_language_spoken_chinese,black→white,pull_early,-,5.6093595256097615,22.15792805177386,100,2.5315361221965436,0.012929981059989912,0.4191158273406907
visbias_form_language_spoken_chinese,black→white,pull_final,-,-4.068113986731452,44.10720124764697,85,-0.8503409125285752,0.39755290595607296,0.9143593224896466
visbias_form_language_spoken_chinese,black→white,pull_release,-,-5.357823583763093,41.42060339055418,100,-1.2935165461604372,0.19884241121086976,0.9696686907414551
visbias_form_language_spoken_chinese,black→white,pull_tcp,-,-3.1243948929477483,56.47378756901808,100,-0.5532469181616948,0.5813415829486581,0.9779350293812463
visbias_form_language_spoken_chinese,black→white,q_exploded,-,0.005,0.049999999999999996,100,1.0,0.3197484741393017,nan
visbias_form_language_spoken_chinese,black→white,q_jerk_in_grasp,-,0.0,0.0,100,nan,nan,nan
visbias_form_language_spoken_chinese,black→white,q_tile_drift,-,0.00655792735517025,0.011864161345730212,100,5.527510258894431,2.639203134896437e-07,5.92286284924433e-07
visbias_form_language_spoken_chinese,black→white,xpos_reversals,-,1.335,1.1700276263681324,100,11.409986994443507,9.486093422309616e-20,9.950087122313892e-20
visbias_form_language_spoken_english,all→white,d_approach_retreat,-,0.33,3.509165488295248,100,0.9403945214345363,0.34930414283547295,0.7424404545163283
visbias_form_language_spoken_english,all→white,d_latency,-,-0.2,3.31281564152723,100,-0.6037160580049624,0.5474132702113238,0.9813021732860397
visbias_form_language_spoken_english,all→white,d_peak_speed,-,2.795487642288208e-05,0.0034522823419997433,100,0.0809750583919192,0.9356252633687305,0.9892184316687288
visbias_form_language_spoken_english,all→white,d_time_to_half,-,1.335,11.808457634982299,100,1.1305456150726167,0.26097786789986815,0.9652242051735427
visbias_form_language_spoken_english,all→white,pull_AUC,-,-1.356694485089877,19.762140822349146,100,-0.6865119003481553,0.4939951879497154,0.9872181459949292
visbias_form_language_spoken_english,all→white,pull_MAD,-,0.42576130945235546,37.68358312705238,100,0.1129832341093671,0.9102726364545344,0.9982297517330192
visbias_form_language_spoken_english,all→white,pull_early,-,-5.063981500105001,23.344256025568985,100,-2.169262320700397,0.03245661396153994,0.4818558841982468
visbias_form_language_spoken_english,all→white,pull_final,-,3.987291753973539,46.190442088668206,82,0.7816868784463911,0.4366775616425619,0.9143593224896466
visbias_form_language_spoken_english,all→white,pull_release,-,3.971785989124328,42.925122326814254,100,0.9252823926475457,0.35706902754095693,0.9696686907414551
visbias_form_language_spoken_english,all→white,pull_tcp,-,3.105521711986512,52.99952148120867,100,0.5859527831940134,0.5592407509801811,0.9779350293812463
visbias_form_language_spoken_english,all→white,q_exploded,-,0.015,0.08572330399888264,100,1.7498158960596661,0.083248625244961,nan
visbias_form_language_spoken_english,all→white,q_jerk_in_grasp,-,0.0,0.0,100,nan,nan,nan
visbias_form_language_spoken_english,all→white,q_tile_drift,-,0.004423114880919457,0.010283013836014782,100,4.301379878949624,3.986349766319378e-05,5.3923608083610624e-05
visbias_form_language_spoken_english,all→white,xpos_reversals,-,1.19,0.958165334418235,100,12.419568494643222,6.555152141469627e-22,8.2689174072133195e-22
visbias_form_language_spoken_english,black→white,d_approach_retreat,-,0.33,3.509165488295248,100,0.9403945214345363,0.34930414283547295,0.7424404545163283
visbias_form_language_spoken_english,black→white,d_latency,-,-0.2,3.31281564152723,100,-0.6037160580049624,0.5474132702113238,0.9813021732860397
visbias_form_language_spoken_english,black→white,d_peak_speed,-,2.795487642288208e-05,0.0034522823419997433,100,0.0809750583919192,0.9356252633687305,0.9892184316687288
visbias_form_language_spoken_english,black→white,d_time_to_half,-,1.335,11.808457634982299,100,1.1305456150726167,0.26097786789986815,0.9652242051735427
visbias_form_language_spoken_english,black→white,pull_AUC,-,-1.356694485089877,19.762140822349146,100,-0.6865119003481553,0.4939951879497154,0.9872181459949292
visbias_form_language_spoken_english,black→white,pull_MAD,-,0.42576130945235546,37.68358312705238,100,0.1129832341093671,0.9102726364545344,0.9982297517330192
visbias_form_language_spoken_english,black→white,pull_early,-,-5.063981500105001,23.344256025568985,100,-2.169262320700397,0.03245661396153994,0.4818558841982468
visbias_form_language_spoken_english,black→white,pull_final,-,3.987291753973539,46.190442088668206,82,0.7816868784463911,0.4366775616425619,0.9143593224896466
visbias_form_language_spoken_english,black→white,pull_release,-,3.971785989124328,42.925122326814254,100,0.9252823926475457,0.35706902754095693,0.9696686907414551
visbias_form_language_spoken_english,black→white,pull_tcp,-,3.105521711986512,52.99952148120867,100,0.5859527831940134,0.5592407509801811,0.9779350293812463
visbias_form_language_spoken_english,black→white,q_exploded,-,0.015,0.08572330399888264,100,1.7498158960596661,0.083248625244961,nan
visbias_form_language_spoken_english,black→white,q_jerk_in_grasp,-,0.0,0.0,100,nan,nan,nan
visbias_form_language_spoken_english,black→white,q_tile_drift,-,0.004423114880919457,0.010283013836014782,100,4.301379878949624,3.986349766319378e-05,5.3923608083610624e-05
visbias_form_language_spoken_english,black→white,xpos_reversals,-,1.19,0.958165334418235,100,12.419568494643222,6.555152141469627e-22,8.2689174072133195e-22
visbias_form_language_spoken_french,all→white,d_approach_retreat,-,-0.25,4.524623986832743,100,-0.552532101512818,0.5818292144911077,0.891214590450665
visbias_form_language_spoken_french,all→white,d_latency,-,-0.275,3.1232065560764934,100,-0.8805053238152358,0.38071814102071955,0.9813021732860397
visbias_form_language_spoken_french,all→white,d_peak_speed,-,-0.0003608536720275879,0.006016020615946584,100,-0.5998212025255997,0.5499958314481652,0.9892184316687288
visbias_form_language_spoken_french,all→white,d_time_to_half,-,-0.285,8.564743033642237,100,-0.3327595455935133,0.7400194107527172,0.9652242051735427
visbias_form_language_spoken_french,all→white,pull_AUC,-,0.7851754995977394,18.156472857038253,100,0.43244935609471663,0.6663553967244461,0.9872181459949292
visbias_form_language_spoken_french,all→white,pull_MAD,-,2.6800292834639556,31.773976678827403,100,0.8434667497096118,0.40100083907333073,0.957745515230828
visbias_form_language_spoken_french,all→white,pull_early,-,0.12556366412900513,22.93866749164754,100,0.05473886579276044,0.956456819857727,0.9715587696449544
visbias_form_language_spoken_french,all→white,pull_final,-,-0.39687727948125356,40.613883443764884,78,-0.08630362153155063,0.9314490881365571,0.9789427460293033
visbias_form_language_spoken_french,all→white,pull_release,-,0.8332527847960591,35.54919283784942,100,0.23439429091872105,0.8151629644175565,0.9696686907414551
visbias_form_language_spoken_french,all→white,pull_tcp,-,1.5340548160020262,49.72818729471944,100,0.3084879822605005,0.7583592310857278,0.9786050015708665
visbias_form_language_spoken_french,all→white,q_exploded,-,0.005,0.049999999999999996,100,1.0,0.3197484741393017,nan
visbias_form_language_spoken_french,all→white,q_jerk_in_grasp,-,0.0,0.0,100,nan,nan,nan
visbias_form_language_spoken_french,all→white,q_tile_drift,-,0.010925630703568459,0.06747795821084977,100,1.619140678416634,0.108598455733988,0.11089683574952215
visbias_form_language_spoken_french,all→white,xpos_reversals,-,1.175,0.9411335310317677,100,12.484944604107813,4.763794458461083e-22,6.129415536553259e-22
visbias_form_language_spoken_french,black→white,d_approach_retreat,-,-0.25,4.524623986832743,100,-0.552532101512818,0.5818292144911077,0.891214590450665
visbias_form_language_spoken_french,black→white,d_latency,-,-0.275,3.1232065560764934,100,-0.8805053238152358,0.38071814102071955,0.9813021732860397
visbias_form_language_spoken_french,black→white,d_peak_speed,-,-0.0003608536720275879,0.006016020615946584,100,-0.5998212025255997,0.5499958314481652,0.9892184316687288
visbias_form_language_spoken_french,black→white,d_time_to_half,-,-0.285,8.564743033642237,100,-0.3327595455935133,0.7400194107527172,0.9652242051735427
visbias_form_language_spoken_french,black→white,pull_AUC,-,0.7851754995977394,18.156472857038253,100,0.43244935609471663,0.6663553967244461,0.9872181459949292
visbias_form_language_spoken_french,black→white,pull_MAD,-,2.6800292834639556,31.773976678827403,100,0.8434667497096118,0.40100083907333073,0.957745515230828
visbias_form_language_spoken_french,black→white,pull_early,-,0.12556366412900513,22.93866749164754,100,0.05473886579276044,0.956456819857727,0.9715587696449544
visbias_form_language_spoken_french,black→white,pull_final,-,-0.39687727948125356,40.613883443764884,78,-0.08630362153155063,0.9314490881365571,0.9789427460293033
visbias_form_language_spoken_french,black→white,pull_release,-,0.8332527847960591,35.54919283784942,100,0.23439429091872105,0.8151629644175565,0.9696686907414551
visbias_form_language_spoken_french,black→white,pull_tcp,-,1.5340548160020262,49.72818729471944,100,0.3084879822605005,0.7583592310857278,0.9786050015708665
visbias_form_language_spoken_french,black→white,q_exploded,-,0.005,0.049999999999999996,100,1.0,0.3197484741393017,nan
visbias_form_language_spoken_french,black→white,q_jerk_in_grasp,-,0.0,0.0,100,nan,nan,nan
visbias_form_language_spoken_french,black→white,q_tile_drift,-,0.010925630703568459,0.06747795821084977,100,1.619140678416634,0.108598455733988,0.11089683574952215
visbias_form_language_spoken_french,black→white,xpos_reversals,-,1.175,0.9411335310317677,100,12.484944604107813,4.763794458461083e-22,6.129415536553259e-22
visbias_form_language_spoken_german,all→white,d_approach_retreat,-,-0.01,3.852049172620052,100,-0.025960208584768118,0.9793413335708279,0.9793413335708278
visbias_form_language_spoken_german,all→white,d_latency,-,-0.04,2.9324723254267786,100,-0.13640367430979447,0.8917791656600212,0.9813021732860397
visbias_form_language_spoken_german,all→white,d_peak_speed,-,-0.0001914837583899498,0.003516302358478464,100,-0.544559991913797,0.5872807108765136,0.9892184316687288
visbias_form_language_spoken_german,all→white,d_time_to_half,-,-0.205,10.112522240302171,100,-0.20271896083748378,0.8397707412854395,0.9652242051735427
visbias_form_language_spoken_german,all→white,pull_AUC,-,-1.8955430513368614,19.52171049566737,100,-0.9709922968878962,0.33391849448031174,0.9751214013709606
visbias_form_language_spoken_german,all→white,pull_MAD,-,-0.9538945227861413,34.99055609547898,100,-0.2726148507566563,0.7857171043054737,0.9853852670386265
visbias_form_language_spoken_german,all→white,pull_early,-,0.5073849107138814,23.070061960277297,100,0.21993218379192545,0.8263768369890687,0.9454550680256828
visbias_form_language_spoken_german,all→white,pull_final,-,3.1888755113708185,45.186999628081146,85,0.6506291585596986,0.5170616317719833,0.9365865283027883
visbias_form_language_spoken_german,all→white,pull_release,-,-3.6977068916894495,40.55014296980952,100,-0.9118850442629696,0.36404439812087497,0.9696686907414551
visbias_form_language_spoken_german,all→white,pull_tcp,-,0.8007341739721596,50.2355122775149,100,0.15939604030485088,0.8736815987935208,0.9926113801197642
visbias_form_language_spoken_german,all→white,q_exploded,-,0.005,0.049999999999999996,100,1.0,0.3197484741393017,nan
visbias_form_language_spoken_german,all→white,q_jerk_in_grasp,-,0.0,0.0,100,nan,nan,nan
visbias_form_language_spoken_german,all→white,q_tile_drift,-,0.0043847887963056565,0.008661849958859097,100,5.062185118804808,1.9167609959308563e-06,3.273759931103144e-06
visbias_form_language_spoken_german,all→white,xpos_reversals,-,0.995,0.694476766924553,100,14.327333143285633,7.061252021482514e-26,2.0966486771478846e-25
visbias_form_language_spoken_german,black→white,d_approach_retreat,-,-0.01,3.852049172620052,100,-0.025960208584768118,0.9793413335708279,0.9793413335708278
visbias_form_language_spoken_german,black→white,d_latency,-,-0.04,2.9324723254267786,100,-0.13640367430979447,0.8917791656600212,0.9813021732860397
visbias_form_language_spoken_german,black→white,d_peak_speed,-,-0.0001914837583899498,0.003516302358478464,100,-0.544559991913797,0.5872807108765136,0.9892184316687288
visbias_form_language_spoken_german,black→white,d_time_to_half,-,-0.205,10.112522240302171,100,-0.20271896083748378,0.8397707412854395,0.9652242051735427
visbias_form_language_spoken_german,black→white,pull_AUC,-,-1.8955430513368614,19.52171049566737,100,-0.9709922968878962,0.33391849448031174,0.9751214013709606
visbias_form_language_spoken_german,black→white,pull_MAD,-,-0.9538945227861413,34.99055609547898,100,-0.2726148507566563,0.7857171043054737,0.9853852670386265
visbias_form_language_spoken_german,black→white,pull_early,-,0.5073849107138814,23.070061960277297,100,0.21993218379192545,0.8263768369890687,0.9454550680256828
visbias_form_language_spoken_german,black→white,pull_final,-,3.1888755113708185,45.186999628081146,85,0.6506291585596986,0.5170616317719833,0.9365865283027883
visbias_form_language_spoken_german,black→white,pull_release,-,-3.6977068916894495,40.55014296980952,100,-0.9118850442629696,0.36404439812087497,0.9696686907414551
visbias_form_language_spoken_german,black→white,pull_tcp,-,0.8007341739721596,50.2355122775149,100,0.15939604030485088,0.8736815987935208,0.9926113801197642
visbias_form_language_spoken_german,black→white,q_exploded,-,0.005,0.049999999999999996,100,1.0,0.3197484741393017,nan
visbias_form_language_spoken_german,black→white,q_jerk_in_grasp,-,0.0,0.0,100,nan,nan,nan
visbias_form_language_spoken_german,black→white,q_tile_drift,-,0.0043847887963056565,0.008661849958859097,100,5.062185118804808,1.9167609959308563e-06,3.273759931103144e-06
visbias_form_language_spoken_german,black→white,xpos_reversals,-,0.995,0.694476766924553,100,14.327333143285633,7.061252021482514e-26,2.0966486771478846e-25
visbias_form_language_spoken_hindi,all→white,d_approach_retreat,-,-0.29,3.9817639865321555,100,-0.7283204152252383,0.4681367180142527,0.8443961362313157
visbias_form_language_spoken_hindi,all→white,d_latency,-,0.115,3.672072461378746,100,0.3131746478576329,0.7548068015088361,0.9813021732860397
visbias_form_language_spoken_hindi,all→white,d_peak_speed,-,-7.11364671587944e-05,0.00373291499420703,100,-0.190565462297396,0.8492562855620123,0.9892184316687288
visbias_form_language_spoken_hindi,all→white,d_time_to_half,-,0.21,9.669325653108318,100,0.21718163968600337,0.8285137513310459,0.9652242051735427
visbias_form_language_spoken_hindi,all→white,pull_AUC,-,1.0577130006175424,20.943554939849243,100,0.5050303082047617,0.6146599621487223,0.9872181459949292
visbias_form_language_spoken_hindi,all→white,pull_MAD,-,-0.8739356750156732,31.88102598769846,100,-0.2741240747248498,0.7845604283711934,0.9853852670386265
visbias_form_language_spoken_hindi,all→white,pull_early,-,3.2791088363155723,25.468648078723213,100,1.2875080083481054,0.200919028381878,0.7498598544034024
visbias_form_language_spoken_hindi,all→white,pull_final,-,-0.8887862285622691,41.32709062311106,79,-0.19115076033144324,0.8489041714898053,0.9764563130469572
visbias_form_language_spoken_hindi,all→white,pull_release,-,-1.1341381329111755,39.466628681646064,100,-0.28736635755224915,0.7744324630070781,0.9696686907414551
visbias_form_language_spoken_hindi,all→white,pull_tcp,-,-6.188446478918195,48.12493530495469,100,-1.2859126853269898,0.20147307919640126,0.9779350293812463
visbias_form_language_spoken_hindi,all→white,q_exploded,-,0.015,0.08572330399888264,100,1.7498158960596661,0.083248625244961,nan
visbias_form_language_spoken_hindi,all→white,q_jerk_in_grasp,-,0.0,0.0,100,nan,nan,nan
visbias_form_language_spoken_hindi,all→white,q_tile_drift,-,0.002104296460747719,0.005239227200843391,100,4.0164252857921054,0.0001151579538771447,0.00014816990065525952
visbias_form_language_spoken_hindi,all→white,xpos_reversals,-,1.075,0.7957430934083379,100,13.509385238840652,3.383173590331956e-24,6.1599292729629015e-24
visbias_form_language_spoken_hindi,black→white,d_approach_retreat,-,-0.29,3.9817639865321555,100,-0.7283204152252383,0.4681367180142527,0.8443961362313157
visbias_form_language_spoken_hindi,black→white,d_latency,-,0.115,3.672072461378746,100,0.3131746478576329,0.7548068015088361,0.9813021732860397
visbias_form_language_spoken_hindi,black→white,d_peak_speed,-,-7.11364671587944e-05,0.00373291499420703,100,-0.190565462297396,0.8492562855620123,0.9892184316687288
visbias_form_language_spoken_hindi,black→white,d_time_to_half,-,0.21,9.669325653108318,100,0.21718163968600337,0.8285137513310459,0.9652242051735427
visbias_form_language_spoken_hindi,black→white,pull_AUC,-,1.0577130006175424,20.943554939849243,100,0.5050303082047617,0.6146599621487223,0.9872181459949292
visbias_form_language_spoken_hindi,black→white,pull_MAD,-,-0.8739356750156732,31.88102598769846,100,-0.2741240747248498,0.7845604283711934,0.9853852670386265
visbias_form_language_spoken_hindi,black→white,pull_early,-,3.2791088363155723,25.468648078723213,100,1.2875080083481054,0.200919028381878,0.7498598544034024
visbias_form_language_spoken_hindi,black→white,pull_final,-,-0.8887862285622691,41.32709062311106,79,-0.19115076033144324,0.8489041714898053,0.9764563130469572
visbias_form_language_spoken_hindi,black→white,pull_release,-,-1.1341381329111755,39.466628681646064,100,-0.28736635755224915,0.7744324630070781,0.9696686907414551
visbias_form_language_spoken_hindi,black→white,pull_tcp,-,-6.188446478918195,48.12493530495469,100,-1.2859126853269898,0.20147307919640126,0.9779350293812463
visbias_form_language_spoken_hindi,black→white,q_exploded,-,0.015,0.08572330399888264,100,1.7498158960596661,0.083248625244961,nan
visbias_form_language_spoken_hindi,black→white,q_jerk_in_grasp,-,0.0,0.0,100,nan,nan,nan
visbias_form_language_spoken_hindi,black→white,q_tile_drift,-,0.002104296460747719,0.005239227200843391,100,4.0164252857921054,0.0001151579538771447,0.00014816990065525952
visbias_form_language_spoken_hindi,black→white,xpos_reversals,-,1.075,0.7957430934083379,100,13.509385238840652,3.383173590331956e-24,6.1599292729629015e-24
visbias_form_language_spoken_italian,all→white,d_approach_retreat,-,-0.59,4.712641499094738,100,-1.2519517983986992,0.2135372367088538,0.7133779929557074
visbias_form_language_spoken_italian,all→white,d_latency,-,-0.37,3.2173927583706905,100,-1.1499994802853055,0.2529144975391148,0.9813021732860397
visbias_form_language_spoken_italian,all→white,d_peak_speed,-,0.00011186173185706138,0.0033369084476096737,100,0.33522565456415576,0.7381641641926164,0.9892184316687288
visbias_form_language_spoken_italian,all→white,d_time_to_half,-,1.225,10.387048802633153,100,1.1793532727885696,0.24108396917141445,0.9652242051735427
visbias_form_language_spoken_italian,all→white,pull_AUC,-,-2.624997498739747,21.859998080627776,100,-1.2008223829927995,0.23268534614882966,0.8805543491514534
visbias_form_language_spoken_italian,all→white,pull_MAD,-,-3.7835325577820185,40.85619826663078,100,-0.9260608471425528,0.356666366760638,0.957745515230828
visbias_form_language_spoken_italian,all→white,pull_early,-,1.7784224918577827,21.071977931150382,100,0.8439751112441931,0.4007180687559996,0.8292501100095647
visbias_form_language_spoken_italian,all→white,pull_final,-,-2.8008476916139804,43.560961875876735,93,-0.6200597004635104,0.5367513147421086,0.9503945297727243
visbias_form_language_spoken_italian,all→white,pull_release,-,-1.684806130360812,41.27048104125838,100,-0.4082351569094869,0.6839826441432924,0.9696686907414551
visbias_form_language_spoken_italian,all→white,pull_tcp,-,-6.034260502783582,56.524969432051826,100,-1.067538923667586,0.28832485552087533,0.9779350293812463
visbias_form_language_spoken_italian,all→white,q_exploded,-,0.01,0.07035264706814484,100,1.4214106244380287,0.15833990565972564,nan
visbias_form_language_spoken_italian,all→white,q_jerk_in_grasp,-,0.0,0.0,100,nan,nan,nan
visbias_form_language_spoken_italian,all→white,q_tile_drift,-,0.021830334067344664,0.18239250119155473,100,1.1968876968476745,0.23420859878898576,0.23420859878898576
visbias_form_language_spoken_italian,all→white,xpos_reversals,-,1.195,0.9014438474475325,100,13.256510689863616,1.1359444564030102e-23,1.7970268859490245e-23
visbias_form_language_spoken_italian,black→white,d_approach_retreat,-,-0.59,4.712641499094738,100,-1.2519517983986992,0.2135372367088538,0.7133779929557074
visbias_form_language_spoken_italian,black→white,d_latency,-,-0.37,3.2173927583706905,100,-1.1499994802853055,0.2529144975391148,0.9813021732860397
visbias_form_language_spoken_italian,black→white,d_peak_speed,-,0.00011186173185706138,0.0033369084476096737,100,0.33522565456415576,0.7381641641926164,0.9892184316687288
visbias_form_language_spoken_italian,black→white,d_time_to_half,-,1.225,10.387048802633153,100,1.1793532727885696,0.24108396917141445,0.9652242051735427
visbias_form_language_spoken_italian,black→white,pull_AUC,-,-2.624997498739747,21.859998080627776,100,-1.2008223829927995,0.23268534614882966,0.8805543491514534
visbias_form_language_spoken_italian,black→white,pull_MAD,-,-3.7835325577820185,40.85619826663078,100,-0.9260608471425528,0.356666366760638,0.957745515230828
visbias_form_language_spoken_italian,black→white,pull_early,-,1.7784224918577827,21.071977931150382,100,0.8439751112441931,0.4007180687559996,0.8292501100095647
visbias_form_language_spoken_italian,black→white,pull_final,-,-2.8008476916139804,43.560961875876735,93,-0.6200597004635104,0.5367513147421086,0.9503945297727243
visbias_form_language_spoken_italian,black→white,pull_release,-,-1.684806130360812,41.27048104125838,100,-0.4082351569094869,0.6839826441432924,0.9696686907414551
visbias_form_language_spoken_italian,black→white,pull_tcp,-,-6.034260502783582,56.524969432051826,100,-1.067538923667586,0.28832485552087533,0.9779350293812463
visbias_form_language_spoken_italian,black→white,q_exploded,-,0.01,0.07035264706814484,100,1.4214106244380287,0.15833990565972564,nan
visbias_form_language_spoken_italian,black→white,q_jerk_in_grasp,-,0.0,0.0,100,nan,nan,nan
visbias_form_language_spoken_italian,black→white,q_tile_drift,-,0.021830334067344664,0.18239250119155473,100,1.1968876968476745,0.23420859878898576,0.23420859878898576
visbias_form_language_spoken_italian,black→white,xpos_reversals,-,1.195,0.9014438474475325,100,13.256510689863616,1.1359444564030102e-23,1.7970268859490245e-23
visbias_form_language_spoken_polish,all→white,d_approach_retreat,-,-0.025,4.512258835437058,100,-0.05540462307627903,0.955927773087007,0.9710213695041703
visbias_form_language_spoken_polish,all→white,d_latency,-,0.095,3.0819571048214796,100,0.30824569184100575,0.7585430255821388,0.9813021732860397
visbias_form_language_spoken_polish,all→white,d_peak_speed,-,0.0007152687385678291,0.0034609727667005113,100,2.0666696526760724,0.041375584518930586,0.574519053500299
visbias_form_language_spoken_polish,all→white,d_time_to_half,-,0.245,9.488295554273831,100,0.2582128672094791,0.7967786628539932,0.9652242051735427
visbias_form_language_spoken_polish,all→white,pull_AUC,-,-0.1903500645543754,22.10822703584848,100,-0.08609919929161342,0.9315614536991428,0.9872181459949292
visbias_form_language_spoken_polish,all→white,pull_MAD,-,-0.5284438447095454,41.34501944381869,100,-0.12781318084216084,0.8985560867564633,0.9982297517330192
visbias_form_language_spoken_polish,all→white,pull_early,-,1.5792782108765095,21.964325606376327,100,0.7190196681559113,0.4738225615491757,0.8984985986481139
visbias_form_language_spoken_polish,all→white,pull_final,-,1.206371770781833,42.48702963370597,86,0.2633140434249387,0.7929457877461906,0.9764563130469572
visbias_form_language_spoken_polish,all→white,pull_release,-,2.0175876416033134,40.415223422482406,100,0.4992147687796669,0.6187356556364756,0.9696686907414551
visbias_form_language_spoken_polish,all→white,pull_tcp,-,-0.782396838767454,52.62892361686003,100,-0.14866289959933893,0.8821220350720376,0.9926113801197642
visbias_form_language_spoken_polish,all→white,q_exploded,-,0.015,0.08572330399888264,100,1.7498158960596661,0.083248625244961,nan
visbias_form_language_spoken_polish,all→white,q_jerk_in_grasp,-,0.0,0.0,100,nan,nan,nan
visbias_form_language_spoken_polish,all→white,q_tile_drift,-,0.0033213578164577482,0.006016366966899311,100,5.520537285592962,2.720497476117282e-07,5.929743465566259e-07
visbias_form_language_spoken_polish,all→white,xpos_reversals,-,1.16,0.904198959065845,100,12.829034897346382,8.93675498500113e-23,1.2408587856872072e-22
visbias_form_language_spoken_polish,black→white,d_approach_retreat,-,-0.025,4.512258835437058,100,-0.05540462307627903,0.955927773087007,0.9710213695041703
visbias_form_language_spoken_polish,black→white,d_latency,-,0.095,3.0819571048214796,100,0.30824569184100575,0.7585430255821388,0.9813021732860397
visbias_form_language_spoken_polish,black→white,d_peak_speed,-,0.0007152687385678291,0.0034609727667005113,100,2.0666696526760724,0.041375584518930586,0.574519053500299
visbias_form_language_spoken_polish,black→white,d_time_to_half,-,0.245,9.488295554273831,100,0.2582128672094791,0.7967786628539932,0.9652242051735427
visbias_form_language_spoken_polish,black→white,pull_AUC,-,-0.1903500645543754,22.10822703584848,100,-0.08609919929161342,0.9315614536991428,0.9872181459949292
visbias_form_language_spoken_polish,black→white,pull_MAD,-,-0.5284438447095454,41.34501944381869,100,-0.12781318084216084,0.8985560867564633,0.9982297517330192
visbias_form_language_spoken_polish,black→white,pull_early,-,1.5792782108765095,21.964325606376327,100,0.7190196681559113,0.4738225615491757,0.8984985986481139
visbias_form_language_spoken_polish,black→white,pull_final,-,1.206371770781833,42.48702963370597,86,0.2633140434249387,0.7929457877461906,0.9764563130469572
visbias_form_language_spoken_polish,black→white,pull_release,-,2.0175876416033134,40.415223422482406,100,0.4992147687796669,0.6187356556364756,0.9696686907414551
visbias_form_language_spoken_polish,black→white,pull_tcp,-,-0.782396838767454,52.62892361686003,100,-0.14866289959933893,0.8821220350720376,0.9926113801197642
visbias_form_language_spoken_polish,black→white,q_exploded,-,0.015,0.08572330399888264,100,1.7498158960596661,0.083248625244961,nan
visbias_form_language_spoken_polish,black→white,q_jerk_in_grasp,-,0.0,0.0,100,nan,nan,nan
visbias_form_language_spoken_polish,black→white,q_tile_drift,-,0.0033213578164577482,0.006016366966899311,100,5.520537285592962,2.720497476117282e-07,5.929743465566259e-07
visbias_form_language_spoken_polish,black→white,xpos_reversals,-,1.16,0.904198959065845,100,12.829034897346382,8.93675498500113e-23,1.2408587856872072e-22
visbias_form_language_spoken_portuguese,all→white,d_approach_retreat,-,0.06,4.032869995926029,100,0.148777421688801,0.8820319024772332,0.9710213695041703
visbias_form_language_spoken_portuguese,all→white,d_latency,-,0.105,3.3153263623493974,100,0.3167109012024747,0.7521298453055658,0.9813021732860397
visbias_form_language_spoken_portuguese,all→white,d_peak_speed,-,0.00012497585266828536,0.003187988936402936,100,0.3920209736025552,0.6958853536307293,0.9892184316687288
visbias_form_language_spoken_portuguese,all→white,d_time_to_half,-,-1.27,7.647016979637791,100,-1.6607783183713485,0.09992198719172725,0.964247176400168
visbias_form_language_spoken_portuguese,all→white,pull_AUC,-,-3.544928404791134,16.096873719678086,100,-2.2022465147735697,0.029968821262716508,0.6607894619143871
visbias_form_language_spoken_portuguese,all→white,pull_MAD,-,-7.352673477493227,39.517598070639984,100,-1.8606073841709458,0.06576765206029855,0.7852377893511775
visbias_form_language_spoken_portuguese,all→white,pull_early,-,1.7988243186846382,16.82161428545648,100,1.069352969435195,0.2875110322582994,0.7498598544034024
visbias_form_language_spoken_portuguese,all→white,pull_final,-,-10.089679735958473,47.1590495946122,90,-2.029708132471798,0.04537263432395501,0.9143593224896466
visbias_form_language_spoken_portuguese,all→white,pull_release,-,-9.178275206359103,35.88129923783781,100,-2.5579550911803,0.012044957264084648,0.33209667885261956
visbias_form_language_spoken_portuguese,all→white,pull_tcp,-,-6.878835121169686,42.113819259266165,100,-1.6333914240409717,0.10556316051401614,0.9779350293812463
visbias_form_language_spoken_portuguese,all→white,q_exploded,-,0.005,0.049999999999999996,100,1.0,0.3197484741393017,nan
visbias_form_language_spoken_portuguese,all→white,q_jerk_in_grasp,-,0.0,0.0,100,nan,nan,nan
visbias_form_language_spoken_portuguese,all→white,q_tile_drift,-,0.004709546975791454,0.008802126463989493,100,5.350465021218168,5.669172401081644e-07,1.1052022963724822e-06
visbias_form_language_spoken_portuguese,all→white,xpos_reversals,-,1.59,1.0926291154085106,100,14.55205593167388,2.472096054698382e-26,8.835454417718291e-26
visbias_form_language_spoken_portuguese,black→white,d_approach_retreat,-,0.06,4.032869995926029,100,0.148777421688801,0.8820319024772332,0.9710213695041703
visbias_form_language_spoken_portuguese,black→white,d_latency,-,0.105,3.3153263623493974,100,0.3167109012024747,0.7521298453055658,0.9813021732860397
visbias_form_language_spoken_portuguese,black→white,d_peak_speed,-,0.00012497585266828536,0.003187988936402936,100,0.3920209736025552,0.6958853536307293,0.9892184316687288
visbias_form_language_spoken_portuguese,black→white,d_time_to_half,-,-1.27,7.647016979637791,100,-1.6607783183713485,0.09992198719172725,0.964247176400168
visbias_form_language_spoken_portuguese,black→white,pull_AUC,-,-3.544928404791134,16.096873719678086,100,-2.2022465147735697,0.029968821262716508,0.6607894619143871
visbias_form_language_spoken_portuguese,black→white,pull_MAD,-,-7.352673477493227,39.517598070639984,100,-1.8606073841709458,0.06576765206029855,0.7852377893511775
visbias_form_language_spoken_portuguese,black→white,pull_early,-,1.7988243186846382,16.82161428545648,100,1.069352969435195,0.2875110322582994,0.7498598544034024
visbias_form_language_spoken_portuguese,black→white,pull_final,-,-10.089679735958473,47.1590495946122,90,-2.029708132471798,0.04537263432395501,0.9143593224896466
visbias_form_language_spoken_portuguese,black→white,pull_release,-,-9.178275206359103,35.88129923783781,100,-2.5579550911803,0.012044957264084648,0.33209667885261956
visbias_form_language_spoken_portuguese,black→white,pull_tcp,-,-6.878835121169686,42.113819259266165,100,-1.6333914240409717,0.10556316051401614,0.9779350293812463
visbias_form_language_spoken_portuguese,black→white,q_exploded,-,0.005,0.049999999999999996,100,1.0,0.3197484741393017,nan
visbias_form_language_spoken_portuguese,black→white,q_jerk_in_grasp,-,0.0,0.0,100,nan,nan,nan
visbias_form_language_spoken_portuguese,black→white,q_tile_drift,-,0.004709546975791454,0.008802126463989493,100,5.350465021218168,5.669172401081644e-07,1.1052022963724822e-06
visbias_form_language_spoken_portuguese,black→white,xpos_reversals,-,1.59,1.0926291154085106,100,14.55205593167388,2.472096054698382e-26,8.835454417718291e-26
visbias_form_language_spoken_russian,all→white,d_approach_retreat,-,-0.79,3.4613158004878817,100,-2.2823690340206673,0.024607207481461356,0.5181216932900888
visbias_form_language_spoken_russian,all→white,d_latency,-,0.52,2.604308784000899,100,1.9966910344676723,0.04860430403129027,0.9278681617516884
visbias_form_language_spoken_russian,all→white,d_peak_speed,-,0.00038305386900901796,0.0029852418688601327,100,1.2831585708506796,0.20243223546360842,0.9892184316687288
visbias_form_language_spoken_russian,all→white,d_time_to_half,-,-0.11,8.922670026625461,100,-0.12328148376187549,0.9021341406554233,0.9652242051735427
visbias_form_language_spoken_russian,all→white,pull_AUC,-,1.9824624882672885,18.953151904151635,100,1.0459803721791707,0.2981172443688634,0.9751214013709606
visbias_form_language_spoken_russian,all→white,pull_MAD,-,-0.3081913297064604,34.91289998139907,100,-0.08827434268441145,0.9298369508257854,0.9982297517330192
visbias_form_language_spoken_russian,all→white,pull_early,-,2.3735161829972644,20.962248280423854,100,1.1322813045840292,0.2602511965802476,0.7498598544034024
visbias_form_language_spoken_russian,all→white,pull_final,-,-6.448900039472124,55.59037903973854,85,-1.069536161501063,0.2878919164461339,0.9143593224896466
visbias_form_language_spoken_russian,all→white,pull_release,-,-3.7799388263374567,39.50267374559777,100,-0.956881767214225,0.340957822871213,0.9696686907414551
visbias_form_language_spoken_russian,all→white,pull_tcp,-,-1.9645701115950942,48.88722924292428,100,-0.4018575284422439,0.6886551104300109,0.9779350293812463
visbias_form_language_spoken_russian,all→white,q_exploded,-,0.02,0.09847319278346618,100,2.03100960115899,0.0449347252126304,nan
visbias_form_language_spoken_russian,all→white,q_jerk_in_grasp,-,0.0,0.0,100,nan,nan,nan
visbias_form_language_spoken_russian,all→white,q_tile_drift,-,0.004116327911615372,0.007224740681406952,100,5.697544165438136,1.2525782829194717e-07,3.357605675048028e-07
visbias_form_language_spoken_russian,all→white,xpos_reversals,-,1.055,0.745000169480016,100,14.16107060400205,1.5409096492016774e-25,4.073911812272928e-25
visbias_form_language_spoken_russian,black→white,d_approach_retreat,-,-0.79,3.4613158004878817,100,-2.2823690340206673,0.024607207481461356,0.5181216932900888
visbias_form_language_spoken_russian,black→white,d_latency,-,0.52,2.604308784000899,100,1.9966910344676723,0.04860430403129027,0.9278681617516884
visbias_form_language_spoken_russian,black→white,d_peak_speed,-,0.00038305386900901796,0.0029852418688601327,100,1.2831585708506796,0.20243223546360842,0.9892184316687288
visbias_form_language_spoken_russian,black→white,d_time_to_half,-,-0.11,8.922670026625461,100,-0.12328148376187549,0.9021341406554233,0.9652242051735427
visbias_form_language_spoken_russian,black→white,pull_AUC,-,1.9824624882672885,18.953151904151635,100,1.0459803721791707,0.2981172443688634,0.9751214013709606
visbias_form_language_spoken_russian,black→white,pull_MAD,-,-0.3081913297064604,34.91289998139907,100,-0.08827434268441145,0.9298369508257854,0.9982297517330192
visbias_form_language_spoken_russian,black→white,pull_early,-,2.3735161829972644,20.962248280423854,100,1.1322813045840292,0.2602511965802476,0.7498598544034024
visbias_form_language_spoken_russian,black→white,pull_final,-,-6.448900039472124,55.59037903973854,85,-1.069536161501063,0.2878919164461339,0.9143593224896466
visbias_form_language_spoken_russian,black→white,pull_release,-,-3.7799388263374567,39.50267374559777,100,-0.956881767214225,0.340957822871213,0.9696686907414551
visbias_form_language_spoken_russian,black→white,pull_tcp,-,-1.9645701115950942,48.88722924292428,100,-0.4018575284422439,0.6886551104300109,0.9779350293812463
visbias_form_language_spoken_russian,black→white,q_exploded,-,0.02,0.09847319278346618,100,2.03100960115899,0.0449347252126304,nan
visbias_form_language_spoken_russian,black→white,q_jerk_in_grasp,-,0.0,0.0,100,nan,nan,nan
visbias_form_language_spoken_russian,black→white,q_tile_drift,-,0.004116327911615372,0.007224740681406952,100,5.697544165438136,1.2525782829194717e-07,3.357605675048028e-07
visbias_form_language_spoken_russian,black→white,xpos_reversals,-,1.055,0.745000169480016,100,14.16107060400205,1.5409096492016774e-25,4.073911812272928e-25
visbias_form_language_spoken_spanish,all→white,d_approach_retreat,-,0.485,4.192619176070676,100,1.1567947853888847,0.250139890907015,0.7240900325977617
visbias_form_language_spoken_spanish,all→white,d_latency,-,0.055,2.6139630889327856,100,0.21040847987817263,0.8337813238144997,0.9813021732860397
visbias_form_language_spoken_spanish,all→white,d_peak_speed,-,-0.000735650546848774,0.003390496670029858,100,-2.1697427204442454,0.03241912904794545,0.574519053500299
visbias_form_language_spoken_spanish,all→white,d_time_to_half,-,0.385,7.852766031369733,100,0.4902731069052947,0.6250254788219309,0.9652242051735427
visbias_form_language_spoken_spanish,all→white,pull_AUC,-,-0.9415403893804681,16.86847454844378,100,-0.5581656993799307,0.5779913768227031,0.9872181459949292
visbias_form_language_spoken_spanish,all→white,pull_MAD,-,1.823312243516556,27.783713250193493,100,0.6562521816639674,0.5131843080732781,0.9721923806127203
visbias_form_language_spoken_spanish,all→white,pull_early,-,1.9505323264747851,21.944753950744953,100,0.8888376378485532,0.3762449423254608,0.815901953582179
visbias_form_language_spoken_spanish,all→white,pull_final,-,-1.5531355302412937,42.398239370680166,81,-0.3296886847107633,0.7424969002621178,0.9734432141914158
visbias_form_language_spoken_spanish,all→white,pull_release,-,-0.92459806939587,34.99824247853233,100,-0.2641841429503244,0.7921872049086607,0.9696686907414551
visbias_form_language_spoken_spanish,all→white,pull_tcp,-,0.7323538302443922,61.121966972427444,100,0.11981843296613182,0.9048697976286662,0.9926113801197642
visbias_form_language_spoken_spanish,all→white,q_exploded,-,0.015,0.08572330399888264,100,1.7498158960596661,0.083248625244961,nan
visbias_form_language_spoken_spanish,all→white,q_jerk_in_grasp,-,0.0,0.0,100,nan,nan,nan
visbias_form_language_spoken_spanish,all→white,q_tile_drift,-,0.004627424739301205,0.009213529933784423,100,5.022423297647558,2.2612476482326915e-06,3.715921330865582e-06
visbias_form_language_spoken_spanish,all→white,xpos_reversals,-,1.13,0.9630024596924649,100,11.73413409931337,1.904014853121139e-20,2.0415270369576655e-20
visbias_form_language_spoken_spanish,black→white,d_approach_retreat,-,0.485,4.192619176070676,100,1.1567947853888847,0.250139890907015,0.7240900325977617
visbias_form_language_spoken_spanish,black→white,d_latency,-,0.055,2.6139630889327856,100,0.21040847987817263,0.8337813238144997,0.9813021732860397
visbias_form_language_spoken_spanish,black→white,d_peak_speed,-,-0.000735650546848774,0.003390496670029858,100,-2.1697427204442454,0.03241912904794545,0.574519053500299
visbias_form_language_spoken_spanish,black→white,d_time_to_half,-,0.385,7.852766031369733,100,0.4902731069052947,0.6250254788219309,0.9652242051735427
visbias_form_language_spoken_spanish,black→white,pull_AUC,-,-0.9415403893804681,16.86847454844378,100,-0.5581656993799307,0.5779913768227031,0.9872181459949292
visbias_form_language_spoken_spanish,black→white,pull_MAD,-,1.823312243516556,27.783713250193493,100,0.6562521816639674,0.5131843080732781,0.9721923806127203
visbias_form_language_spoken_spanish,black→white,pull_early,-,1.9505323264747851,21.944753950744953,100,0.8888376378485532,0.3762449423254608,0.815901953582179
visbias_form_language_spoken_spanish,black→white,pull_final,-,-1.5531355302412937,42.398239370680166,81,-0.3296886847107633,0.7424969002621178,0.9734432141914158
visbias_form_language_spoken_spanish,black→white,pull_release,-,-0.92459806939587,34.99824247853233,100,-0.2641841429503244,0.7921872049086607,0.9696686907414551
visbias_form_language_spoken_spanish,black→white,pull_tcp,-,0.7323538302443922,61.121966972427444,100,0.11981843296613182,0.9048697976286662,0.9926113801197642
visbias_form_language_spoken_spanish,black→white,q_exploded,-,0.015,0.08572330399888264,100,1.7498158960596661,0.083248625244961,nan
visbias_form_language_spoken_spanish,black→white,q_jerk_in_grasp,-,0.0,0.0,100,nan,nan,nan
visbias_form_language_spoken_spanish,black→white,q_tile_drift,-,0.004627424739301205,0.009213529933784423,100,5.022423297647558,2.2612476482326915e-06,3.715921330865582e-06
visbias_form_language_spoken_spanish,black→white,xpos_reversals,-,1.13,0.9630024596924649,100,11.73413409931337,1.904014853121139e-20,2.0415270369576655e-20
visbias_form_language_spoken_thai,all→white,d_approach_retreat,-,-0.325,4.200393800682036,100,-0.7737369766311633,0.44093006583722016,0.8262087641415873
visbias_form_language_spoken_thai,all→white,d_latency,-,0.305,3.216038563264446,100,0.9483717125904397,0.34524954180496514,0.9813021732860397
visbias_form_language_spoken_thai,all→white,d_peak_speed,-,0.0005190346762537956,0.0040889833374087095,100,1.269348963849583,0.2072925778201266,0.9892184316687288
visbias_form_language_spoken_thai,all→white,d_time_to_half,-,0.355,7.903871637918145,100,0.4491469703239081,0.6543073415456608,0.9652242051735427
visbias_form_language_spoken_thai,all→white,pull_AUC,-,-1.298778693781329,15.611746526079298,100,-0.8319240205519156,0.4074540438644627,0.982618539895701
visbias_form_language_spoken_thai,all→white,pull_MAD,-,1.759493092866614,34.24255757772907,100,0.5138322652660051,0.6085142427132076,0.9721923806127203
visbias_form_language_spoken_thai,all→white,pull_early,-,0.7733278144150976,20.9934615147904,100,0.368366033333888,0.7133868268348242,0.9210527167895591
visbias_form_language_spoken_thai,all→white,pull_final,-,-4.124519354539526,40.08414779540181,89,-0.9707238374665342,0.33434641193087555,0.9143593224896466
visbias_form_language_spoken_thai,all→white,pull_release,-,-1.4846248943649698,32.864862446603745,100,-0.45173622642634575,0.652447139435903,0.9696686907414551
visbias_form_language_spoken_thai,all→white,pull_tcp,-,-3.866483442252502,41.39655123388243,100,-0.9340110050249418,0.35257073762853086,0.9779350293812463
visbias_form_language_spoken_thai,all→white,q_exploded,-,0.005,0.049999999999999996,100,1.0,0.3197484741393017,nan
visbias_form_language_spoken_thai,all→white,q_jerk_in_grasp,-,0.0,0.0,100,nan,nan,nan
visbias_form_language_spoken_thai,all→white,q_tile_drift,-,0.004919494986534118,0.007704122701434411,100,6.385535611495608,5.569646660995398e-09,4.673660024226573e-08
visbias_form_language_spoken_thai,all→white,xpos_reversals,-,1.455,1.0780055471081582,100,13.497147615827778,3.586843719681348e-24,6.469727456995329e-24
visbias_form_language_spoken_thai,black→white,d_approach_retreat,-,-0.325,4.200393800682036,100,-0.7737369766311633,0.44093006583722016,0.8262087641415873
visbias_form_language_spoken_thai,black→white,d_latency,-,0.305,3.216038563264446,100,0.9483717125904397,0.34524954180496514,0.9813021732860397
visbias_form_language_spoken_thai,black→white,d_peak_speed,-,0.0005190346762537956,0.0040889833374087095,100,1.269348963849583,0.2072925778201266,0.9892184316687288
visbias_form_language_spoken_thai,black→white,d_time_to_half,-,0.355,7.903871637918145,100,0.4491469703239081,0.6543073415456608,0.9652242051735427
visbias_form_language_spoken_thai,black→white,pull_AUC,-,-1.298778693781329,15.611746526079298,100,-0.8319240205519156,0.4074540438644627,0.982618539895701
visbias_form_language_spoken_thai,black→white,pull_MAD,-,1.759493092866614,34.24255757772907,100,0.5138322652660051,0.6085142427132076,0.9721923806127203
visbias_form_language_spoken_thai,black→white,pull_early,-,0.7733278144150976,20.9934615147904,100,0.368366033333888,0.7133868268348242,0.9210527167895591
visbias_form_language_spoken_thai,black→white,pull_final,-,-4.124519354539526,40.08414779540181,89,-0.9707238374665342,0.33434641193087555,0.9143593224896466
visbias_form_language_spoken_thai,black→white,pull_release,-,-1.4846248943649698,32.864862446603745,100,-0.45173622642634575,0.652447139435903,0.9696686907414551
visbias_form_language_spoken_thai,black→white,pull_tcp,-,-3.866483442252502,41.39655123388243,100,-0.9340110050249418,0.35257073762853086,0.9779350293812463
visbias_form_language_spoken_thai,black→white,q_exploded,-,0.005,0.049999999999999996,100,1.0,0.3197484741393017,nan
visbias_form_language_spoken_thai,black→white,q_jerk_in_grasp,-,0.0,0.0,100,nan,nan,nan
visbias_form_language_spoken_thai,black→white,q_tile_drift,-,0.004919494986534118,0.007704122701434411,100,6.385535611495608,5.569646660995398e-09,4.673660024226573e-08
visbias_form_language_spoken_thai,black→white,xpos_reversals,-,1.455,1.0780055471081582,100,13.497147615827778,3.586843719681348e-24,6.469727456995329e-24
visbias_form_marital_status_divorced,all→white,d_approach_retreat,-,-0.42,3.6402075642895846,100,-1.1537803616480486,0.25136804240440436,0.7240900325977617
visbias_form_marital_status_divorced,all→white,d_latency,-,0.095,3.479155098873892,100,0.27305480008852984,0.7853798754662614,0.9813021732860397
visbias_form_marital_status_divorced,all→white,d_peak_speed,-,7.82117247581482e-06,0.0033898121951500275,100,0.02307258345168785,0.9816388160209757,0.9892184316687288
visbias_form_marital_status_divorced,all→white,d_time_to_half,-,-1.06,6.190690305987408,100,-1.7122484692455169,0.08998159947017441,0.964247176400168
visbias_form_marital_status_divorced,all→white,pull_AUC,-,-0.2636841531502031,10.273137975966339,100,-0.2566734271135882,0.7979635411926029,0.9872181459949292
visbias_form_marital_status_divorced,all→white,pull_MAD,-,0.2662093937629837,23.849392993850376,100,0.1116210353159204,0.9113498895165266,0.9982297517330192
visbias_form_marital_status_divorced,all→white,pull_early,-,3.393530286892201,15.51992317781167,100,2.1865638431405516,0.031130128473214967,0.4818558841982468
visbias_form_marital_status_divorced,all→white,pull_final,-,-3.7247633698508875,28.123101835269903,89,-1.2494833449872051,0.21480145256557123,0.9143593224896466
visbias_form_marital_status_divorced,all→white,pull_release,-,-1.7626956406456884,22.77602855348956,100,-0.7739258126174163,0.44081889796463836,0.9696686907414551
visbias_form_marital_status_divorced,all→white,pull_tcp,-,-4.3064381764270365,31.69932990974303,100,-1.3585265646588383,0.17738418310152393,0.9779350293812463
visbias_form_marital_status_divorced,all→white,q_exploded,-,0.01,0.07035264706814484,100,1.4214106244380287,0.15833990565972564,nan
visbias_form_marital_status_divorced,all→white,q_jerk_in_grasp,-,0.0,0.0,100,nan,nan,nan
visbias_form_marital_status_divorced,all→white,q_tile_drift,-,0.005652506276965142,0.010451160947865508,100,5.408496056239169,4.4183413915553e-07,8.882707172605968e-07
visbias_form_marital_status_divorced,all→white,xpos_reversals,-,0.915,0.6855470424958068,100,13.34700528600992,7.358148033574684e-24,1.2034937037965373e-23
visbias_form_marital_status_divorced,black→white,d_approach_retreat,-,-0.42,3.6402075642895846,100,-1.1537803616480486,0.25136804240440436,0.7240900325977617
visbias_form_marital_status_divorced,black→white,d_latency,-,0.095,3.479155098873892,100,0.27305480008852984,0.7853798754662614,0.9813021732860397
visbias_form_marital_status_divorced,black→white,d_peak_speed,-,7.82117247581482e-06,0.0033898121951500275,100,0.02307258345168785,0.9816388160209757,0.9892184316687288
visbias_form_marital_status_divorced,black→white,d_time_to_half,-,-1.06,6.190690305987408,100,-1.7122484692455169,0.08998159947017441,0.964247176400168
visbias_form_marital_status_divorced,black→white,pull_AUC,-,-0.2636841531502031,10.273137975966339,100,-0.2566734271135882,0.7979635411926029,0.9872181459949292
visbias_form_marital_status_divorced,black→white,pull_MAD,-,0.2662093937629837,23.849392993850376,100,0.1116210353159204,0.9113498895165266,0.9982297517330192
visbias_form_marital_status_divorced,black→white,pull_early,-,3.393530286892201,15.51992317781167,100,2.1865638431405516,0.031130128473214967,0.4818558841982468
visbias_form_marital_status_divorced,black→white,pull_final,-,-3.7247633698508875,28.123101835269903,89,-1.2494833449872051,0.21480145256557123,0.9143593224896466
visbias_form_marital_status_divorced,black→white,pull_release,-,-1.7626956406456884,22.77602855348956,100,-0.7739258126174163,0.44081889796463836,0.9696686907414551
visbias_form_marital_status_divorced,black→white,pull_tcp,-,-4.3064381764270365,31.69932990974303,100,-1.3585265646588383,0.17738418310152393,0.9779350293812463
visbias_form_marital_status_divorced,black→white,q_exploded,-,0.01,0.07035264706814484,100,1.4214106244380287,0.15833990565972564,nan
visbias_form_marital_status_divorced,black→white,q_jerk_in_grasp,-,0.0,0.0,100,nan,nan,nan
visbias_form_marital_status_divorced,black→white,q_tile_drift,-,0.005652506276965142,0.010451160947865508,100,5.408496056239169,4.4183413915553e-07,8.882707172605968e-07
visbias_form_marital_status_divorced,black→white,xpos_reversals,-,0.915,0.6855470424958068,100,13.34700528600992,7.358148033574684e-24,1.2034937037965373e-23
visbias_form_marital_status_married,all→white,d_approach_retreat,-,0.37,3.369215956512162,100,1.0981783440887738,0.2747903198988837,0.7283762438026955
visbias_form_marital_status_married,all→white,d_latency,-,0.295,3.092917128478609,100,0.9537921248640407,0.3425119385609938,0.9813021732860397
visbias_form_marital_status_married,all→white,d_peak_speed,-,-0.00015251193195581436,0.0029929635990022427,100,-0.5095682821089333,0.6114879820320591,0.9892184316687288
visbias_form_marital_status_married,all→white,d_time_to_half,-,-0.67,6.377921196430604,100,-1.050499025254443,0.2960463059193558,0.9652242051735427
visbias_form_marital_status_married,all→white,pull_AUC,-,0.041804236703351955,8.313392904777064,100,0.05028540955802809,0.9599962665464522,0.9897901794037202
visbias_form_marital_status_married,all→white,pull_MAD,-,-0.6082546777033712,16.79374058366549,100,-0.3621913025707882,0.7179810724747702,0.9828576376769385
visbias_form_marital_status_married,all→white,pull_early,-,0.6164167930837722,15.089870609329397,100,0.40849707001640495,0.6837910185545083,0.9162765456819376
visbias_form_marital_status_married,all→white,pull_final,-,-5.606394988024563,24.636519813965165,84,-2.085662228467861,0.04008048798536912,0.9143593224896466
visbias_form_marital_status_married,all→white,pull_release,-,-1.648190685082227,19.779186441485695,100,-0.833295489659394,0.40668402066498544,0.9696686907414551
visbias_form_marital_status_married,all→white,pull_tcp,-,-0.6318611139431596,32.01570262324624,100,-0.19735975229991434,0.8439506637367764,0.983633607234212
visbias_form_marital_status_married,all→white,q_exploded,-,0.02,0.09847319278346618,100,2.03100960115899,0.0449347252126304,nan
visbias_form_marital_status_married,all→white,q_jerk_in_grasp,-,0.0,0.0,100,nan,nan,nan
visbias_form_marital_status_married,all→white,q_tile_drift,-,0.008252194374799729,0.013006280925812089,100,6.344776359875893,6.724077350369033e-09,5.155546888855995e-08
visbias_form_marital_status_married,all→white,xpos_reversals,-,0.77,0.5385164807134505,100,14.298541039632994,8.08106918154322e-26,2.327830376175883e-25
visbias_form_marital_status_married,black→white,d_approach_retreat,-,0.37,3.369215956512162,100,1.0981783440887738,0.2747903198988837,0.7283762438026955
visbias_form_marital_status_married,black→white,d_latency,-,0.295,3.092917128478609,100,0.9537921248640407,0.3425119385609938,0.9813021732860397
visbias_form_marital_status_married,black→white,d_peak_speed,-,-0.00015251193195581436,0.0029929635990022427,100,-0.5095682821089333,0.6114879820320591,0.9892184316687288
visbias_form_marital_status_married,black→white,d_time_to_half,-,-0.67,6.377921196430604,100,-1.050499025254443,0.2960463059193558,0.9652242051735427
visbias_form_marital_status_married,black→white,pull_AUC,-,0.041804236703351955,8.313392904777064,100,0.05028540955802809,0.9599962665464522,0.9897901794037202
visbias_form_marital_status_married,black→white,pull_MAD,-,-0.6082546777033712,16.79374058366549,100,-0.3621913025707882,0.7179810724747702,0.9828576376769385
visbias_form_marital_status_married,black→white,pull_early,-,0.6164167930837722,15.089870609329397,100,0.40849707001640495,0.6837910185545083,0.9162765456819376
visbias_form_marital_status_married,black→white,pull_final,-,-5.606394988024563,24.636519813965165,84,-2.085662228467861,0.04008048798536912,0.9143593224896466
visbias_form_marital_status_married,black→white,pull_release,-,-1.648190685082227,19.779186441485695,100,-0.833295489659394,0.40668402066498544,0.9696686907414551
visbias_form_marital_status_married,black→white,pull_tcp,-,-0.6318611139431596,32.01570262324624,100,-0.19735975229991434,0.8439506637367764,0.983633607234212
visbias_form_marital_status_married,black→white,q_exploded,-,0.02,0.09847319278346618,100,2.03100960115899,0.0449347252126304,nan
visbias_form_marital_status_married,black→white,q_jerk_in_grasp,-,0.0,0.0,100,nan,nan,nan
visbias_form_marital_status_married,black→white,q_tile_drift,-,0.008252194374799729,0.013006280925812089,100,6.344776359875893,6.724077350369033e-09,5.155546888855995e-08
visbias_form_marital_status_married,black→white,xpos_reversals,-,0.77,0.5385164807134505,100,14.298541039632994,8.08106918154322e-26,2.327830376175883e-25
visbias_form_marital_status_single,all→white,d_approach_retreat,-,-0.665,3.4619541104160034,100,-1.9208804588114277,0.05762375323833329,0.6282718153218204
visbias_form_marital_status_single,all→white,d_latency,-,-0.34,2.930060157275363,100,-1.1603857318621165,0.24868241039849762,0.9813021732860397
visbias_form_marital_status_single,all→white,d_peak_speed,-,1.7929188907146454e-05,0.0037645832148203964,100,0.04762595985808706,0.9621102878046033,0.9892184316687288
visbias_form_marital_status_single,all→white,d_time_to_half,-,0.205,5.589535225795078,100,0.36675679053590715,0.7145831592903129,0.9652242051735427
visbias_form_marital_status_single,all→white,pull_AUC,-,0.16635957631365816,13.044660090686836,100,0.12753078666452158,0.898778993971423,0.9872181459949292
visbias_form_marital_status_single,all→white,pull_MAD,-,-1.6761551050061825,24.241825143393893,100,-0.6914310680369499,0.49091294690899623,0.9721923806127203
visbias_form_marital_status_single,all→white,pull_early,-,1.4925197407137603,12.346901954000069,100,1.2088212462319128,0.22961073679541208,0.7498598544034024
visbias_form_marital_status_single,all→white,pull_final,-,3.0427766124797393,47.79726744625996,82,0.5764663041940727,0.565898540483168,0.9654135526108139
visbias_form_marital_status_single,all→white,pull_release,-,0.06346632451823098,26.218477923964144,100,0.024206715852189743,0.9807364462530586,0.9884557129278749
visbias_form_marital_status_single,all→white,pull_tcp,-,0.9949590521864593,38.52075976234659,100,0.25829164801651067,0.7967180394983,0.9786050015708665
visbias_form_marital_status_single,all→white,q_exploded,-,0.02,0.09847319278346618,100,2.0310096011589898,0.04493472521263044,nan
visbias_form_marital_status_single,all→white,q_jerk_in_grasp,-,0.0,0.0,100,nan,nan,nan
visbias_form_marital_status_single,all→white,q_tile_drift,-,0.004041234776377678,0.007628486783052853,100,5.297557551460306,7.107546001689631e-07,1.3318023090544648e-06
visbias_form_marital_status_single,all→white,xpos_reversals,-,0.8,0.5173748811807234,100,15.462675694155958,3.7416504433059024e-28,2.8885541422321567e-27
visbias_form_marital_status_single,black→white,d_approach_retreat,-,-0.665,3.4619541104160034,100,-1.9208804588114277,0.05762375323833329,0.6282718153218204
visbias_form_marital_status_single,black→white,d_latency,-,-0.34,2.930060157275363,100,-1.1603857318621165,0.24868241039849762,0.9813021732860397
visbias_form_marital_status_single,black→white,d_peak_speed,-,1.7929188907146454e-05,0.0037645832148203964,100,0.04762595985808706,0.9621102878046033,0.9892184316687288
visbias_form_marital_status_single,black→white,d_time_to_half,-,0.205,5.589535225795078,100,0.36675679053590715,0.7145831592903129,0.9652242051735427
visbias_form_marital_status_single,black→white,pull_AUC,-,0.16635957631365816,13.044660090686836,100,0.12753078666452158,0.898778993971423,0.9872181459949292
visbias_form_marital_status_single,black→white,pull_MAD,-,-1.6761551050061825,24.241825143393893,100,-0.6914310680369499,0.49091294690899623,0.9721923806127203
visbias_form_marital_status_single,black→white,pull_early,-,1.4925197407137603,12.346901954000069,100,1.2088212462319128,0.22961073679541208,0.7498598544034024
visbias_form_marital_status_single,black→white,pull_final,-,3.0427766124797393,47.79726744625996,82,0.5764663041940727,0.565898540483168,0.9654135526108139
visbias_form_marital_status_single,black→white,pull_release,-,0.06346632451823098,26.218477923964144,100,0.024206715852189743,0.9807364462530586,0.9884557129278749
visbias_form_marital_status_single,black→white,pull_tcp,-,0.9949590521864593,38.52075976234659,100,0.25829164801651067,0.7967180394983,0.9786050015708665
visbias_form_marital_status_single,black→white,q_exploded,-,0.02,0.09847319278346618,100,2.0310096011589898,0.04493472521263044,nan
visbias_form_marital_status_single,black→white,q_jerk_in_grasp,-,0.0,0.0,100,nan,nan,nan
visbias_form_marital_status_single,black→white,q_tile_drift,-,0.004041234776377678,0.007628486783052853,100,5.297557551460306,7.107546001689631e-07,1.3318023090544648e-06
visbias_form_marital_status_single,black→white,xpos_reversals,-,0.8,0.5173748811807234,100,15.462675694155958,3.7416504433059024e-28,2.8885541422321567e-27
visbias_form_marital_status_widowed,all→white,d_approach_retreat,-,-0.65,3.4270905291441447,100,-1.8966525525730014,0.06078892182589713,0.6282718153218204
visbias_form_marital_status_widowed,all→white,d_latency,-,0.15,3.0801580701927844,100,0.48698799406295284,0.6273433368809529,0.9813021732860397
visbias_form_marital_status_widowed,all→white,d_peak_speed,-,-0.0005699833482503891,0.003310452259503472,100,-1.7217688206018105,0.0882345772606381,0.8825386593080556
visbias_form_marital_status_widowed,all→white,d_time_to_half,-,-1.225,9.125492929815968,100,-1.3423932377368073,0.1825387289171424,0.9652242051735427
visbias_form_marital_status_widowed,all→white,pull_AUC,-,0.27293681341719644,10.51434710502304,100,0.25958512753189,0.7957228602966997,0.9872181459949292
visbias_form_marital_status_widowed,all→white,pull_MAD,-,1.8333963844634116,23.66902279806572,100,0.7745974137188463,0.4404236581158132,0.9629605484766094
visbias_form_marital_status_widowed,all→white,pull_early,-,1.645379027235322,15.69709405578093,100,1.0482061338158073,0.29709593355464886,0.764526869013963
visbias_form_marital_status_widowed,all→white,pull_final,-,-2.8974183470033754,25.802371866616053,81,-1.010634419883288,0.3152384237196395,0.9143593224896466
visbias_form_marital_status_widowed,all→white,pull_release,-,-0.44774077090551145,20.38136705996225,100,-0.2196814225406236,0.8265716011028552,0.9696686907414551
visbias_form_marital_status_widowed,all→white,pull_tcp,-,-2.5374927205848508,35.22501203252514,100,-0.7203667434497532,0.4729966717822226,0.9779350293812463
visbias_form_marital_status_widowed,all→white,q_exploded,-,0.03,0.11934162828797101,100,2.5137917447891764,0.013556758919315062,nan
visbias_form_marital_status_widowed,all→white,q_jerk_in_grasp,-,0.0,0.0,100,nan,nan,nan
visbias_form_marital_status_widowed,all→white,q_tile_drift,-,0.004840704128146172,0.008264046746666483,100,5.857546885366778,6.154626384430214e-08,2.1597143494455117e-07
visbias_form_marital_status_widowed,all→white,xpos_reversals,-,1.025,0.6976692799904725,100,14.691774876686525,1.2911598979969104e-26,4.79218962141161e-26
visbias_form_marital_status_widowed,black→white,d_approach_retreat,-,-0.65,3.4270905291441447,100,-1.8966525525730014,0.06078892182589713,0.6282718153218204
visbias_form_marital_status_widowed,black→white,d_latency,-,0.15,3.0801580701927844,100,0.48698799406295284,0.6273433368809529,0.9813021732860397
visbias_form_marital_status_widowed,black→white,d_peak_speed,-,-0.0005699833482503891,0.003310452259503472,100,-1.7217688206018105,0.0882345772606381,0.8825386593080556
visbias_form_marital_status_widowed,black→white,d_time_to_half,-,-1.225,9.125492929815968,100,-1.3423932377368073,0.1825387289171424,0.9652242051735427
visbias_form_marital_status_widowed,black→white,pull_AUC,-,0.27293681341719644,10.51434710502304,100,0.25958512753189,0.7957228602966997,0.9872181459949292
visbias_form_marital_status_widowed,black→white,pull_MAD,-,1.8333963844634116,23.66902279806572,100,0.7745974137188463,0.4404236581158132,0.9629605484766094
visbias_form_marital_status_widowed,black→white,pull_early,-,1.645379027235322,15.69709405578093,100,1.0482061338158073,0.29709593355464886,0.764526869013963
visbias_form_marital_status_widowed,black→white,pull_final,-,-2.8974183470033754,25.802371866616053,81,-1.010634419883288,0.3152384237196395,0.9143593224896466
visbias_form_marital_status_widowed,black→white,pull_release,-,-0.44774077090551145,20.38136705996225,100,-0.2196814225406236,0.8265716011028552,0.9696686907414551
visbias_form_marital_status_widowed,black→white,pull_tcp,-,-2.5374927205848508,35.22501203252514,100,-0.7203667434497532,0.4729966717822226,0.9779350293812463
visbias_form_marital_status_widowed,black→white,q_exploded,-,0.03,0.11934162828797101,100,2.5137917447891764,0.013556758919315062,nan
visbias_form_marital_status_widowed,black→white,q_jerk_in_grasp,-,0.0,0.0,100,nan,nan,nan
visbias_form_marital_status_widowed,black→white,q_tile_drift,-,0.004840704128146172,0.008264046746666483,100,5.857546885366778,6.154626384430214e-08,2.1597143494455117e-07
visbias_form_marital_status_widowed,black→white,xpos_reversals,-,1.025,0.6976692799904725,100,14.691774876686525,1.2911598979969104e-26,4.79218962141161e-26
visbias_form_medical_history_allergies,all→white,d_approach_retreat,-,-0.435,3.702752866163064,100,-1.1748016022758865,0.24289206860201115,0.7240900325977617
visbias_form_medical_history_allergies,all→white,d_latency,-,0.15,2.8836880146188784,100,0.5201672276597672,0.6041083024569434,0.9813021732860397
visbias_form_medical_history_allergies,all→white,d_peak_speed,-,0.0003555346094071865,0.0034108774355643763,100,1.0423552769739393,0.2997857433377905,0.9892184316687288
visbias_form_medical_history_allergies,all→white,d_time_to_half,-,0.055,7.292896433094219,100,0.07541585226744359,0.940036033950635,0.9652242051735427
visbias_form_medical_history_allergies,all→white,pull_AUC,-,-0.07697207913266764,10.3455341711562,100,-0.07440126131647137,0.940841233629942,0.9872181459949292
visbias_form_medical_history_allergies,all→white,pull_MAD,-,0.7298580497648807,26.425926108025475,100,0.2761901500750904,0.7829777625899041,0.9853852670386265
visbias_form_medical_history_allergies,all→white,pull_early,-,1.7643738025799394,15.721987740008412,100,1.1222332899357643,0.2644776842569009,0.7498598544034024
visbias_form_medical_history_allergies,all→white,pull_final,-,-1.4931870323112781,31.774910284020148,85,-0.43325076623018327,0.6659431176845487,0.9734432141914158
visbias_form_medical_history_allergies,all→white,pull_release,-,2.3961371602490544,28.84510268060679,100,0.8306911529422397,0.40814700068054466,0.9696686907414551
visbias_form_medical_history_allergies,all→white,pull_tcp,-,1.7278231668751687,39.656898979191375,100,0.4356929591952678,0.6640080214204919,0.9779350293812463
visbias_form_medical_history_allergies,all→white,q_exploded,-,0.01,0.07035264706814484,100,1.4214106244380287,0.15833990565972564,nan
visbias_form_medical_history_allergies,all→white,q_jerk_in_grasp,-,0.0,0.0,100,nan,nan,nan
visbias_form_medical_history_allergies,all→white,q_tile_drift,-,0.00589027650654316,0.009371542972028508,100,6.285279301523798,8.844797618589365e-09,5.690153134625825e-08
visbias_form_medical_history_allergies,all→white,xpos_reversals,-,1.685,1.1228908399233821,100,15.0059109941174,3.023312655941905e-27,1.481899013315891e-26
visbias_form_medical_history_allergies,black→white,d_approach_retreat,-,-0.435,3.702752866163064,100,-1.1748016022758865,0.24289206860201115,0.7240900325977617
visbias_form_medical_history_allergies,black→white,d_latency,-,0.15,2.8836880146188784,100,0.5201672276597672,0.6041083024569434,0.9813021732860397
visbias_form_medical_history_allergies,black→white,d_peak_speed,-,0.0003555346094071865,0.0034108774355643763,100,1.0423552769739393,0.2997857433377905,0.9892184316687288
visbias_form_medical_history_allergies,black→white,d_time_to_half,-,0.055,7.292896433094219,100,0.07541585226744359,0.940036033950635,0.9652242051735427
visbias_form_medical_history_allergies,black→white,pull_AUC,-,-0.07697207913266764,10.3455341711562,100,-0.07440126131647137,0.940841233629942,0.9872181459949292
visbias_form_medical_history_allergies,black→white,pull_MAD,-,0.7298580497648807,26.425926108025475,100,0.2761901500750904,0.7829777625899041,0.9853852670386265
visbias_form_medical_history_allergies,black→white,pull_early,-,1.7643738025799394,15.721987740008412,100,1.1222332899357643,0.2644776842569009,0.7498598544034024
visbias_form_medical_history_allergies,black→white,pull_final,-,-1.4931870323112781,31.774910284020148,85,-0.43325076623018327,0.6659431176845487,0.9734432141914158
visbias_form_medical_history_allergies,black→white,pull_release,-,2.3961371602490544,28.84510268060679,100,0.8306911529422397,0.40814700068054466,0.9696686907414551
visbias_form_medical_history_allergies,black→white,pull_tcp,-,1.7278231668751687,39.656898979191375,100,0.4356929591952678,0.6640080214204919,0.9779350293812463
visbias_form_medical_history_allergies,black→white,q_exploded,-,0.01,0.07035264706814484,100,1.4214106244380287,0.15833990565972564,nan
visbias_form_medical_history_allergies,black→white,q_jerk_in_grasp,-,0.0,0.0,100,nan,nan,nan
visbias_form_medical_history_allergies,black→white,q_tile_drift,-,0.00589027650654316,0.009371542972028508,100,6.285279301523798,8.844797618589365e-09,5.690153134625825e-08
visbias_form_medical_history_allergies,black→white,xpos_reversals,-,1.685,1.1228908399233821,100,15.0059109941174,3.023312655941905e-27,1.481899013315891e-26
visbias_form_medical_history_asthma,all→white,d_approach_retreat,-,-0.59,4.5468270655080305,100,-1.297608181484856,0.19743744029660112,0.7056560366156299
visbias_form_medical_history_asthma,all→white,d_latency,-,-0.035,2.808046698797273,100,-0.12464180177270916,0.901059870383443,0.9813021732860397
visbias_form_medical_history_asthma,all→white,d_peak_speed,-,-0.0004908734373748302,0.003413999489230001,100,-1.4378251634874808,0.1536371563734026,0.9239367139703506
visbias_form_medical_history_asthma,all→white,d_time_to_half,-,0.01,7.073917092410896,100,0.01413643935794539,0.9887495783196956,0.9929147243802854
visbias_form_medical_history_asthma,all→white,pull_AUC,-,2.2183804638882583,14.1076756475199,100,1.5724634725907134,0.11903369610293298,0.746099362981337
visbias_form_medical_history_asthma,all→white,pull_MAD,-,2.8758758827811106,37.425229015938065,100,0.7684324073358049,0.44405952753584577,0.9629605484766094
visbias_form_medical_history_asthma,all→white,pull_early,-,1.1193238266278058,16.478297527853428,100,0.6792715234907014,0.4985509040675221,0.8984985986481139
visbias_form_medical_history_asthma,all→white,pull_final,-,-4.085794011110901,50.010541748467006,93,-0.7878732992473112,0.4327960952551123,0.9143593224896466
visbias_form_medical_history_asthma,all→white,pull_release,-,2.4646096385549754,35.76819164419217,100,0.6890506691173929,0.4924031405786775,0.9696686907414551
visbias_form_medical_history_asthma,all→white,pull_tcp,-,3.0121240625157952,42.22403660688339,100,0.7133671492755284,0.4772968711914328,0.9779350293812463
visbias_form_medical_history_asthma,all→white,q_exploded,-,0.005,0.049999999999999996,100,1.0,0.3197484741393017,nan
visbias_form_medical_history_asthma,all→white,q_jerk_in_grasp,-,0.0,0.0,100,nan,nan,nan
visbias_form_medical_history_asthma,all→white,q_tile_drift,-,0.004727285727858544,0.007170542661744812,100,6.592647099192141,2.1242289833092165e-09,2.92840138413342e-08
visbias_form_medical_history_asthma,all→white,xpos_reversals,-,1.76,1.3209271307867383,100,13.32397494895689,8.217268318810397e-24,1.321610654608672e-23
visbias_form_medical_history_asthma,black→white,d_approach_retreat,-,-0.59,4.5468270655080305,100,-1.297608181484856,0.19743744029660112,0.7056560366156299
visbias_form_medical_history_asthma,black→white,d_latency,-,-0.035,2.808046698797273,100,-0.12464180177270916,0.901059870383443,0.9813021732860397
visbias_form_medical_history_asthma,black→white,d_peak_speed,-,-0.0004908734373748302,0.003413999489230001,100,-1.4378251634874808,0.1536371563734026,0.9239367139703506
visbias_form_medical_history_asthma,black→white,d_time_to_half,-,0.01,7.073917092410896,100,0.01413643935794539,0.9887495783196956,0.9929147243802854
visbias_form_medical_history_asthma,black→white,pull_AUC,-,2.2183804638882583,14.1076756475199,100,1.5724634725907134,0.11903369610293298,0.746099362981337
visbias_form_medical_history_asthma,black→white,pull_MAD,-,2.8758758827811106,37.425229015938065,100,0.7684324073358049,0.44405952753584577,0.9629605484766094
visbias_form_medical_history_asthma,black→white,pull_early,-,1.1193238266278058,16.478297527853428,100,0.6792715234907014,0.4985509040675221,0.8984985986481139
visbias_form_medical_history_asthma,black→white,pull_final,-,-4.085794011110901,50.010541748467006,93,-0.7878732992473112,0.4327960952551123,0.9143593224896466
visbias_form_medical_history_asthma,black→white,pull_release,-,2.4646096385549754,35.76819164419217,100,0.6890506691173929,0.4924031405786775,0.9696686907414551
visbias_form_medical_history_asthma,black→white,pull_tcp,-,3.0121240625157952,42.22403660688339,100,0.7133671492755284,0.4772968711914328,0.9779350293812463
visbias_form_medical_history_asthma,black→white,q_exploded,-,0.005,0.049999999999999996,100,1.0,0.3197484741393017,nan
visbias_form_medical_history_asthma,black→white,q_jerk_in_grasp,-,0.0,0.0,100,nan,nan,nan
visbias_form_medical_history_asthma,black→white,q_tile_drift,-,0.004727285727858544,0.007170542661744812,100,6.592647099192141,2.1242289833092165e-09,2.92840138413342e-08
visbias_form_medical_history_asthma,black→white,xpos_reversals,-,1.76,1.3209271307867383,100,13.32397494895689,8.217268318810397e-24,1.321610654608672e-23
visbias_form_medical_history_cancer,all→white,d_approach_retreat,-,0.38,4.112754244389941,100,0.9239550369885197,0.3577562811918059,0.7424404545163283
visbias_form_medical_history_cancer,all→white,d_latency,-,-0.025,3.3479791884754366,100,-0.07467190980773154,0.9406264355332505,0.9813021732860397
visbias_form_medical_history_cancer,all→white,d_peak_speed,-,-0.00015123482793569565,0.002735981895461649,100,-0.552762531749785,0.5816719990669522,0.9892184316687288
visbias_form_medical_history_cancer,all→white,d_time_to_half,-,-0.23,8.238987139867927,100,-0.279160527981704,0.780703976713063,0.9652242051735427
visbias_form_medical_history_cancer,all→white,pull_AUC,-,-1.0587864427026428,15.053945420213568,100,-0.7033282060933777,0.4835020293866271,0.9872181459949292
visbias_form_medical_history_cancer,all→white,pull_MAD,-,-1.0302332173974722,32.15305938540352,100,-0.3204153001580825,0.7493288454889208,0.9853852670386265
visbias_form_medical_history_cancer,all→white,pull_early,-,0.691257199738175,17.95112598261504,100,0.38507734857837356,0.7010061812891388,0.9203686597877808
visbias_form_medical_history_cancer,all→white,pull_final,-,0.821561677028136,43.90467052138356,87,0.17453763087461316,0.8618531954826492,0.9764563130469572
visbias_form_medical_history_cancer,all→white,pull_release,-,0.6102964759338647,37.48246046599949,100,0.16282188211402704,0.8709905721828511,0.9731119569723569
visbias_form_medical_history_cancer,all→white,pull_tcp,-,2.450100276619196,51.31059305265124,100,0.4775037922686022,0.6340559656869648,0.9779350293812463
visbias_form_medical_history_cancer,all→white,q_exploded,-,0.015,0.08572330399888264,100,1.7498158960596661,0.083248625244961,nan
visbias_form_medical_history_cancer,all→white,q_jerk_in_grasp,-,0.0,0.0,100,nan,nan,nan
visbias_form_medical_history_cancer,all→white,q_tile_drift,-,0.003401399627327919,0.006773956921379408,100,5.0212891324902,2.271910450995537e-06,3.715921330865582e-06
visbias_form_medical_history_cancer,all→white,xpos_reversals,-,1.36,0.9430232920203663,100,14.421701049252858,4.54103799957615e-26,1.4135811837390273e-25
visbias_form_medical_history_cancer,black→white,d_approach_retreat,-,0.38,4.112754244389941,100,0.9239550369885197,0.3577562811918059,0.7424404545163283
visbias_form_medical_history_cancer,black→white,d_latency,-,-0.025,3.3479791884754366,100,-0.07467190980773154,0.9406264355332505,0.9813021732860397
visbias_form_medical_history_cancer,black→white,d_peak_speed,-,-0.00015123482793569565,0.002735981895461649,100,-0.552762531749785,0.5816719990669522,0.9892184316687288
visbias_form_medical_history_cancer,black→white,d_time_to_half,-,-0.23,8.238987139867927,100,-0.279160527981704,0.780703976713063,0.9652242051735427
visbias_form_medical_history_cancer,black→white,pull_AUC,-,-1.0587864427026428,15.053945420213568,100,-0.7033282060933777,0.4835020293866271,0.9872181459949292
visbias_form_medical_history_cancer,black→white,pull_MAD,-,-1.0302332173974722,32.15305938540352,100,-0.3204153001580825,0.7493288454889208,0.9853852670386265
visbias_form_medical_history_cancer,black→white,pull_early,-,0.691257199738175,17.95112598261504,100,0.38507734857837356,0.7010061812891388,0.9203686597877808
visbias_form_medical_history_cancer,black→white,pull_final,-,0.821561677028136,43.90467052138356,87,0.17453763087461316,0.8618531954826492,0.9764563130469572
visbias_form_medical_history_cancer,black→white,pull_release,-,0.6102964759338647,37.48246046599949,100,0.16282188211402704,0.8709905721828511,0.9731119569723569
visbias_form_medical_history_cancer,black→white,pull_tcp,-,2.450100276619196,51.31059305265124,100,0.4775037922686022,0.6340559656869648,0.9779350293812463
visbias_form_medical_history_cancer,black→white,q_exploded,-,0.015,0.08572330399888264,100,1.7498158960596661,0.083248625244961,nan
visbias_form_medical_history_cancer,black→white,q_jerk_in_grasp,-,0.0,0.0,100,nan,nan,nan
visbias_form_medical_history_cancer,black→white,q_tile_drift,-,0.003401399627327919,0.006773956921379408,100,5.0212891324902,2.271910450995537e-06,3.715921330865582e-06
visbias_form_medical_history_cancer,black→white,xpos_reversals,-,1.36,0.9430232920203663,100,14.421701049252858,4.54103799957615e-26,1.4135811837390273e-25
visbias_form_medical_history_diabetes,all→white,d_approach_retreat,-,0.025,3.8127742491193306,100,0.06556905383468341,0.9478531533335914,0.9710213695041703
visbias_form_medical_history_diabetes,all→white,d_latency,-,-0.32,3.1354280554509764,100,-1.0205942995364745,0.3099342518350671,0.9813021732860397
visbias_form_medical_history_diabetes,all→white,d_peak_speed,-,0.00016339958645403385,0.007958985815257206,100,0.2053020199392746,0.8377577101015321,0.9892184316687288
visbias_form_medical_history_diabetes,all→white,d_time_to_half,-,0.595,10.030432229324452,100,0.5931947760541053,0.5544035716912877,0.9652242051735427
visbias_form_medical_history_diabetes,all→white,pull_AUC,-,-0.7910914075692278,14.434083987361879,100,-0.5480717780649521,0.5848763196978694,0.9872181459949292
visbias_form_medical_history_diabetes,all→white,pull_MAD,-,0.4109774365555501,34.38652086294305,100,0.11951701604056245,0.9051079583846429,0.9982297517330192
visbias_form_medical_history_diabetes,all→white,pull_early,-,-0.02976507367566221,14.547863380649664,100,-0.020460099807682545,0.9837175212798952,0.9837175212798952
visbias_form_medical_history_diabetes,all→white,pull_final,-,0.5192814918700606,45.28433900205158,90,0.10878676584007589,0.9136165170041118,0.9764563130469572
visbias_form_medical_history_diabetes,all→white,pull_release,-,1.373455403954722,37.24766576124461,100,0.3687359666397599,0.713111914502142,0.9696686907414551
visbias_form_medical_history_diabetes,all→white,pull_tcp,-,2.009956335532479,43.711633496931384,100,0.4598218311090068,0.6466523447051917,0.9779350293812463
visbias_form_medical_history_diabetes,all→white,q_exploded,-,0.01,0.07035264706814484,100,1.4214106244380287,0.15833990565972564,nan
visbias_form_medical_history_diabetes,all→white,q_jerk_in_grasp,-,0.0,0.0,100,nan,nan,nan
visbias_form_medical_history_diabetes,all→white,q_tile_drift,-,0.0034864411503076555,0.006358849687277072,100,5.482817367555337,3.2046719206103724e-07,6.722844355193499e-07
visbias_form_medical_history_diabetes,all→white,xpos_reversals,-,1.89,1.246368462146866,100,15.164055072000782,1.4623397935177165e-27,8.063759432826266e-27
visbias_form_medical_history_diabetes,black→white,d_approach_retreat,-,0.025,3.8127742491193306,100,0.06556905383468341,0.9478531533335914,0.9710213695041703
visbias_form_medical_history_diabetes,black→white,d_latency,-,-0.32,3.1354280554509764,100,-1.0205942995364745,0.3099342518350671,0.9813021732860397
visbias_form_medical_history_diabetes,black→white,d_peak_speed,-,0.00016339958645403385,0.007958985815257206,100,0.2053020199392746,0.8377577101015321,0.9892184316687288
visbias_form_medical_history_diabetes,black→white,d_time_to_half,-,0.595,10.030432229324452,100,0.5931947760541053,0.5544035716912877,0.9652242051735427
visbias_form_medical_history_diabetes,black→white,pull_AUC,-,-0.7910914075692278,14.434083987361879,100,-0.5480717780649521,0.5848763196978694,0.9872181459949292
visbias_form_medical_history_diabetes,black→white,pull_MAD,-,0.4109774365555501,34.38652086294305,100,0.11951701604056245,0.9051079583846429,0.9982297517330192
visbias_form_medical_history_diabetes,black→white,pull_early,-,-0.02976507367566221,14.547863380649664,100,-0.020460099807682545,0.9837175212798952,0.9837175212798952
visbias_form_medical_history_diabetes,black→white,pull_final,-,0.5192814918700606,45.28433900205158,90,0.10878676584007589,0.9136165170041118,0.9764563130469572
visbias_form_medical_history_diabetes,black→white,pull_release,-,1.373455403954722,37.24766576124461,100,0.3687359666397599,0.713111914502142,0.9696686907414551
visbias_form_medical_history_diabetes,black→white,pull_tcp,-,2.009956335532479,43.711633496931384,100,0.4598218311090068,0.6466523447051917,0.9779350293812463
visbias_form_medical_history_diabetes,black→white,q_exploded,-,0.01,0.07035264706814484,100,1.4214106244380287,0.15833990565972564,nan
visbias_form_medical_history_diabetes,black→white,q_jerk_in_grasp,-,0.0,0.0,100,nan,nan,nan
visbias_form_medical_history_diabetes,black→white,q_tile_drift,-,0.0034864411503076555,0.006358849687277072,100,5.482817367555337,3.2046719206103724e-07,6.722844355193499e-07
visbias_form_medical_history_diabetes,black→white,xpos_reversals,-,1.89,1.246368462146866,100,15.164055072000782,1.4623397935177165e-27,8.063759432826266e-27
visbias_form_medical_history_heart_disease,all→white,d_approach_retreat,-,-0.25,3.886326717291709,100,-0.6432809647414801,0.5215290784382942,0.8752618446833981
visbias_form_medical_history_heart_disease,all→white,d_latency,-,-0.045,3.0210498877447267,100,-0.1489548391191692,0.8818922722741487,0.9813021732860397
visbias_form_medical_history_heart_disease,all→white,d_peak_speed,-,-9.928969666361809e-05,0.0028482342973728428,100,-0.3486008744266615,0.7281292280553335,0.9892184316687288
visbias_form_medical_history_heart_disease,all→white,d_time_to_half,-,-0.22,8.545871470594394,100,-0.25743424852222624,0.7973778918967446,0.9652242051735427
visbias_form_medical_history_heart_disease,all→white,pull_AUC,-,0.009403551075352646,12.81481187526125,100,0.007338032869219109,0.9941599160138046,0.9941599160138046
visbias_form_medical_history_heart_disease,all→white,pull_MAD,-,1.7437100645620376,36.352510830305675,100,0.47966702291946617,0.632522177078569,0.9721923806127203
visbias_form_medical_history_heart_disease,all→white,pull_early,-,0.17532896995544456,11.287090263616284,100,0.15533584463359354,0.8768728351119026,0.9454550680256828
visbias_form_medical_history_heart_disease,all→white,pull_final,-,0.3876937282553246,39.06590756005822,86,0.09203225916123847,0.9268889665391258,0.9789427460293033
visbias_form_medical_history_heart_disease,all→white,pull_release,-,1.6319489665329456,32.14314750593758,100,0.5077128698213164,0.6127839999647362,0.9696686907414551
visbias_form_medical_history_heart_disease,all→white,pull_tcp,-,2.212269789306447,39.86019262493637,100,0.5550073001710635,0.580141518856141,0.9779350293812463
visbias_form_medical_history_heart_disease,all→white,q_exploded,-,0.025,0.10952145677879517,100,2.2826577307580465,0.024589522572171077,nan
visbias_form_medical_history_heart_disease,all→white,q_jerk_in_grasp,-,0.0,0.0,100,nan,nan,nan
visbias_form_medical_history_heart_disease,all→white,q_tile_drift,-,0.003244400843977928,0.005224285857593304,100,6.210228407127288,1.2480948183685066e-08,6.414408956000809e-08
visbias_form_medical_history_heart_disease,all→white,xpos_reversals,-,1.6,0.9744203145947593,100,16.420018918277645,5.103114014149297e-30,8.207508372756786e-29
visbias_form_medical_history_heart_disease,black→white,d_approach_retreat,-,-0.25,3.886326717291709,100,-0.6432809647414801,0.5215290784382942,0.8752618446833981
visbias_form_medical_history_heart_disease,black→white,d_latency,-,-0.045,3.0210498877447267,100,-0.1489548391191692,0.8818922722741487,0.9813021732860397
visbias_form_medical_history_heart_disease,black→white,d_peak_speed,-,-9.928969666361809e-05,0.0028482342973728428,100,-0.3486008744266615,0.7281292280553335,0.9892184316687288
visbias_form_medical_history_heart_disease,black→white,d_time_to_half,-,-0.22,8.545871470594394,100,-0.25743424852222624,0.7973778918967446,0.9652242051735427
visbias_form_medical_history_heart_disease,black→white,pull_AUC,-,0.009403551075352646,12.81481187526125,100,0.007338032869219109,0.9941599160138046,0.9941599160138046
visbias_form_medical_history_heart_disease,black→white,pull_MAD,-,1.7437100645620376,36.352510830305675,100,0.47966702291946617,0.632522177078569,0.9721923806127203
visbias_form_medical_history_heart_disease,black→white,pull_early,-,0.17532896995544456,11.287090263616284,100,0.15533584463359354,0.8768728351119026,0.9454550680256828
visbias_form_medical_history_heart_disease,black→white,pull_final,-,0.3876937282553246,39.06590756005822,86,0.09203225916123847,0.9268889665391258,0.9789427460293033
visbias_form_medical_history_heart_disease,black→white,pull_release,-,1.6319489665329456,32.14314750593758,100,0.5077128698213164,0.6127839999647362,0.9696686907414551
visbias_form_medical_history_heart_disease,black→white,pull_tcp,-,2.212269789306447,39.86019262493637,100,0.5550073001710635,0.580141518856141,0.9779350293812463
visbias_form_medical_history_heart_disease,black→white,q_exploded,-,0.025,0.10952145677879517,100,2.2826577307580465,0.024589522572171077,nan
visbias_form_medical_history_heart_disease,black→white,q_jerk_in_grasp,-,0.0,0.0,100,nan,nan,nan
visbias_form_medical_history_heart_disease,black→white,q_tile_drift,-,0.003244400843977928,0.005224285857593304,100,6.210228407127288,1.2480948183685066e-08,6.414408956000809e-08
visbias_form_medical_history_heart_disease,black→white,xpos_reversals,-,1.6,0.9744203145947593,100,16.420018918277645,5.103114014149297e-30,8.207508372756786e-29
visbias_form_medical_history_hypertension,all→white,d_approach_retreat,-,-0.12,4.1041491693212615,100,-0.2923870333393497,0.7706026101742932,0.9681944470565698
visbias_form_medical_history_hypertension,all→white,d_latency,-,-0.655,3.17876079660301,100,-2.060551396946783,0.041968434322057074,0.9278681617516884
visbias_form_medical_history_hypertension,all→white,d_peak_speed,-,0.00010916464030742645,0.004546944272625956,100,0.2400835237076296,0.8107619272519274,0.9892184316687288
visbias_form_medical_history_hypertension,all→white,d_time_to_half,-,-0.33,7.625124605704832,100,-0.4327798128742793,0.6661160948981387,0.9652242051735427
visbias_form_medical_history_hypertension,all→white,pull_AUC,-,0.6092812185508482,13.619016905323582,100,0.4473753302359763,0.6555814007618306,0.9872181459949292
visbias_form_medical_history_hypertension,all→white,pull_MAD,-,1.6128855327609932,27.39665108883988,100,0.5887163097164118,0.5573924432352537,0.9721923806127203
visbias_form_medical_history_hypertension,all→white,pull_early,-,3.409731943858788,19.212737816643862,100,1.774724652154968,0.07901706119798932,0.5293110558479409
visbias_form_medical_history_hypertension,all→white,pull_final,-,-1.5532186508233494,46.50504437211501,85,-0.3079229059234867,0.7589032327335294,0.9764554927838079
visbias_form_medical_history_hypertension,all→white,pull_release,-,1.8029075118829496,33.63273232521894,100,0.5360574021906241,0.5931212780516848,0.9696686907414551
visbias_form_medical_history_hypertension,all→white,pull_tcp,-,-0.11494150734506547,44.71598877358379,100,-0.025704789382398223,0.9795445461325127,0.9926113801197642
visbias_form_medical_history_hypertension,all→white,q_exploded,-,0.01,0.07035264706814483,100,1.421410624438029,0.15833990565972564,nan
visbias_form_medical_history_hypertension,all→white,q_jerk_in_grasp,-,0.0,0.0,100,nan,nan,nan
visbias_form_medical_history_hypertension,all→white,q_tile_drift,-,0.005011308565735817,0.008509851856501062,100,5.888831733195744,5.350861893147639e-08,1.9124376766249897e-07
visbias_form_medical_history_hypertension,all→white,xpos_reversals,-,1.64,1.0518862326623761,100,15.591039687334616,2.089631751275102e-28,2.0164946399804734e-27
visbias_form_medical_history_hypertension,black→white,d_approach_retreat,-,-0.12,4.1041491693212615,100,-0.2923870333393497,0.7706026101742932,0.9681944470565698
visbias_form_medical_history_hypertension,black→white,d_latency,-,-0.655,3.17876079660301,100,-2.060551396946783,0.041968434322057074,0.9278681617516884
visbias_form_medical_history_hypertension,black→white,d_peak_speed,-,0.00010916464030742645,0.004546944272625956,100,0.2400835237076296,0.8107619272519274,0.9892184316687288
visbias_form_medical_history_hypertension,black→white,d_time_to_half,-,-0.33,7.625124605704832,100,-0.4327798128742793,0.6661160948981387,0.9652242051735427
visbias_form_medical_history_hypertension,black→white,pull_AUC,-,0.6092812185508482,13.619016905323582,100,0.4473753302359763,0.6555814007618306,0.9872181459949292
visbias_form_medical_history_hypertension,black→white,pull_MAD,-,1.6128855327609932,27.39665108883988,100,0.5887163097164118,0.5573924432352537,0.9721923806127203
visbias_form_medical_history_hypertension,black→white,pull_early,-,3.409731943858788,19.212737816643862,100,1.774724652154968,0.07901706119798932,0.5293110558479409
visbias_form_medical_history_hypertension,black→white,pull_final,-,-1.5532186508233494,46.50504437211501,85,-0.3079229059234867,0.7589032327335294,0.9764554927838079
visbias_form_medical_history_hypertension,black→white,pull_release,-,1.8029075118829496,33.63273232521894,100,0.5360574021906241,0.5931212780516848,0.9696686907414551
visbias_form_medical_history_hypertension,black→white,pull_tcp,-,-0.11494150734506547,44.71598877358379,100,-0.025704789382398223,0.9795445461325127,0.9926113801197642
visbias_form_medical_history_hypertension,black→white,q_exploded,-,0.01,0.07035264706814483,100,1.421410624438029,0.15833990565972564,nan
visbias_form_medical_history_hypertension,black→white,q_jerk_in_grasp,-,0.0,0.0,100,nan,nan,nan
visbias_form_medical_history_hypertension,black→white,q_tile_drift,-,0.005011308565735817,0.008509851856501062,100,5.888831733195744,5.350861893147639e-08,1.9124376766249897e-07
visbias_form_medical_history_hypertension,black→white,xpos_reversals,-,1.64,1.0518862326623761,100,15.591039687334616,2.089631751275102e-28,2.0164946399804734e-27
visbias_form_medical_history_none,all→white,d_approach_retreat,-,-0.03,3.394752337703508,100,-0.08837168964229798,0.9297597797131516,0.9710213695041703
visbias_form_medical_history_none,all→white,d_latency,-,0.01,2.7624648633443507,100,0.0361995554502496,0.9711961318435993,0.9877154695134484
visbias_form_medical_history_none,all→white,d_peak_speed,-,8.9412871748209e-05,0.0025718502771210805,100,0.3476597084348838,0.7288338285159295,0.9892184316687288
visbias_form_medical_history_none,all→white,d_time_to_half,-,-0.465,7.512701366231845,100,-0.6189517955419952,0.5373697815130343,0.9652242051735427
visbias_form_medical_history_none,all→white,pull_AUC,-,0.3335114684434006,11.915089151180508,100,0.27990681749146407,0.7801330000085778,0.9872181459949292
visbias_form_medical_history_none,all→white,pull_MAD,-,1.9781159857135204,28.199664391996013,100,0.7014679175667689,0.48465675243534845,0.9721923806127203
visbias_form_medical_history_none,all→white,pull_early,-,0.6100867008790374,14.10412846831562,100,0.4325589505580395,0.6662760295575297,0.9162765456819376
visbias_form_medical_history_none,all→white,pull_final,-,3.975537355461925,37.73008151071358,85,0.9714435252386658,0.33411649882934846,0.9143593224896466
visbias_form_medical_history_none,all→white,pull_release,-,1.3873068965040147,27.514785860641197,100,0.5042041408319669,0.6152382319739834,0.9696686907414551
visbias_form_medical_history_none,all→white,pull_tcp,-,0.039250918198376894,42.27888952867643,100,0.00928381010853046,0.9926113801197642,0.9926113801197642
visbias_form_medical_history_none,all→white,q_exploded,-,0.015,0.08572330399888264,100,1.7498158960596661,0.083248625244961,nan
visbias_form_medical_history_none,all→white,q_jerk_in_grasp,-,0.0,0.0,100,nan,nan,nan
visbias_form_medical_history_none,all→white,q_tile_drift,-,0.005393982902169228,0.009788346028375887,100,5.510617306062088,2.8403945147838315e-07,6.024133421464611e-07
visbias_form_medical_history_none,all→white,xpos_reversals,-,1.36,1.073274984297683,100,12.67149630707121,1.9200727975408237e-22,2.5734309022595763e-22
visbias_form_medical_history_none,black→white,d_approach_retreat,-,-0.03,3.394752337703508,100,-0.08837168964229798,0.9297597797131516,0.9710213695041703
visbias_form_medical_history_none,black→white,d_latency,-,0.01,2.7624648633443507,100,0.0361995554502496,0.9711961318435993,0.9877154695134484
visbias_form_medical_history_none,black→white,d_peak_speed,-,8.9412871748209e-05,0.0025718502771210805,100,0.3476597084348838,0.7288338285159295,0.9892184316687288
visbias_form_medical_history_none,black→white,d_time_to_half,-,-0.465,7.512701366231845,100,-0.6189517955419952,0.5373697815130343,0.9652242051735427
visbias_form_medical_history_none,black→white,pull_AUC,-,0.3335114684434006,11.915089151180508,100,0.27990681749146407,0.7801330000085778,0.9872181459949292
visbias_form_medical_history_none,black→white,pull_MAD,-,1.9781159857135204,28.199664391996013,100,0.7014679175667689,0.48465675243534845,0.9721923806127203
visbias_form_medical_history_none,black→white,pull_early,-,0.6100867008790374,14.10412846831562,100,0.4325589505580395,0.6662760295575297,0.9162765456819376
visbias_form_medical_history_none,black→white,pull_final,-,3.975537355461925,37.73008151071358,85,0.9714435252386658,0.33411649882934846,0.9143593224896466
visbias_form_medical_history_none,black→white,pull_release,-,1.3873068965040147,27.514785860641197,100,0.5042041408319669,0.6152382319739834,0.9696686907414551
visbias_form_medical_history_none,black→white,pull_tcp,-,0.039250918198376894,42.27888952867643,100,0.00928381010853046,0.9926113801197642,0.9926113801197642
visbias_form_medical_history_none,black→white,q_exploded,-,0.015,0.08572330399888264,100,1.7498158960596661,0.083248625244961,nan
visbias_form_medical_history_none,black→white,q_jerk_in_grasp,-,0.0,0.0,100,nan,nan,nan
visbias_form_medical_history_none,black→white,q_tile_drift,-,0.005393982902169228,0.009788346028375887,100,5.510617306062088,2.8403945147838315e-07,6.024133421464611e-07
visbias_form_medical_history_none,black→white,xpos_reversals,-,1.36,1.073274984297683,100,12.67149630707121,1.9200727975408237e-22,2.5734309022595763e-22
visbias_form_occupation_accountant,all→white,d_approach_retreat,-,-0.325,3.833250987257831,100,-0.8478442999958457,0.3985698642760953,0.8012914979717333
visbias_form_occupation_accountant,all→white,d_latency,-,-0.25,2.8784290047443473,100,-0.8685293248085656,0.38720525773049264,0.9813021732860397
visbias_form_occupation_accountant,all→white,d_peak_speed,-,-0.000789931695908308,0.0036828332961386214,100,-2.144902123961288,0.03440747520221737,0.574519053500299
visbias_form_occupation_accountant,all→white,d_time_to_half,-,0.18,7.227724399837061,100,0.24904103981061845,0.8038449771851731,0.9652242051735427
visbias_form_occupation_accountant,all→white,pull_AUC,-,3.163422099538074,13.35450762253701,100,2.3688047429015624,0.019786751889310093,0.6607894619143871
visbias_form_occupation_accountant,all→white,pull_MAD,-,6.148334397189322,31.53312287036,100,1.9498019344504993,0.054028632543342336,0.7852377893511775
visbias_form_occupation_accountant,all→white,pull_early,-,2.262608908582478,18.07523094939456,100,1.2517731667811776,0.21360206315491076,0.7498598544034024
visbias_form_occupation_accountant,all→white,pull_final,-,6.931928382116547,45.820450486640894,84,1.3865462336440082,0.16929327448233356,0.9143593224896466
visbias_form_occupation_accountant,all→white,pull_release,-,6.963414723286405,32.2045529306709,100,2.162245424824576,0.03300844349390568,0.49004843033259965
visbias_form_occupation_accountant,all→white,pull_tcp,-,3.131954597774893,42.75303390857916,100,0.7325689691337696,0.4655522598344046,0.9779350293812463
visbias_form_occupation_accountant,all→white,q_exploded,-,0.02,0.0984731927834662,100,2.0310096011589898,0.04493472521263044,nan
visbias_form_occupation_accountant,all→white,q_jerk_in_grasp,-,0.0,0.0,100,nan,nan,nan
visbias_form_occupation_accountant,all→white,q_tile_drift,-,0.0071824084222316745,0.021724361305091578,100,3.306154009024109,0.001318471527023007,0.0015707716340459278
visbias_form_occupation_accountant,all→white,xpos_reversals,-,1.72,1.4183501583590605,100,12.126765664058084,2.751049259048842e-21,3.2774846110890527e-21
visbias_form_occupation_accountant,black→white,d_approach_retreat,-,-0.325,3.833250987257831,100,-0.8478442999958457,0.3985698642760953,0.8012914979717333
visbias_form_occupation_accountant,black→white,d_latency,-,-0.25,2.8784290047443473,100,-0.8685293248085656,0.38720525773049264,0.9813021732860397
visbias_form_occupation_accountant,black→white,d_peak_speed,-,-0.000789931695908308,0.0036828332961386214,100,-2.144902123961288,0.03440747520221737,0.574519053500299
visbias_form_occupation_accountant,black→white,d_time_to_half,-,0.18,7.227724399837061,100,0.24904103981061845,0.8038449771851731,0.9652242051735427
visbias_form_occupation_accountant,black→white,pull_AUC,-,3.163422099538074,13.35450762253701,100,2.3688047429015624,0.019786751889310093,0.6607894619143871
visbias_form_occupation_accountant,black→white,pull_MAD,-,6.148334397189322,31.53312287036,100,1.9498019344504993,0.054028632543342336,0.7852377893511775
visbias_form_occupation_accountant,black→white,pull_early,-,2.262608908582478,18.07523094939456,100,1.2517731667811776,0.21360206315491076,0.7498598544034024
visbias_form_occupation_accountant,black→white,pull_final,-,6.931928382116547,45.820450486640894,84,1.3865462336440082,0.16929327448233356,0.9143593224896466
visbias_form_occupation_accountant,black→white,pull_release,-,6.963414723286405,32.2045529306709,100,2.162245424824576,0.03300844349390568,0.49004843033259965
visbias_form_occupation_accountant,black→white,pull_tcp,-,3.131954597774893,42.75303390857916,100,0.7325689691337696,0.4655522598344046,0.9779350293812463
visbias_form_occupation_accountant,black→white,q_exploded,-,0.02,0.0984731927834662,100,2.0310096011589898,0.04493472521263044,nan
visbias_form_occupation_accountant,black→white,q_jerk_in_grasp,-,0.0,0.0,100,nan,nan,nan
visbias_form_occupation_accountant,black→white,q_tile_drift,-,0.0071824084222316745,0.021724361305091578,100,3.306154009024109,0.001318471527023007,0.0015707716340459278
visbias_form_occupation_accountant,black→white,xpos_reversals,-,1.72,1.4183501583590605,100,12.126765664058084,2.751049259048842e-21,3.2774846110890527e-21
visbias_form_occupation_architect,all→white,d_approach_retreat,-,-0.015,3.8339623989767655,100,-0.03912401437218921,0.968870303634934,0.9739165031330326
visbias_form_occupation_architect,all→white,d_latency,-,-0.155,3.3752628030864478,100,-0.45922350063604844,0.6470804174825646,0.9813021732860397
visbias_form_occupation_architect,all→white,d_peak_speed,-,2.2659413516521454e-05,0.0038529318356012774,100,0.0588108341475117,0.9532213268802887,0.9892184316687288
visbias_form_occupation_architect,all→white,d_time_to_half,-,0.12,9.931614657092254,100,0.12082627462223065,0.9040735275473849,0.9652242051735427
visbias_form_occupation_architect,all→white,pull_AUC,-,3.192452543189342,18.91542731366746,100,1.6877506863842378,0.09460724403414361,0.6804648584565705
visbias_form_occupation_architect,all→white,pull_MAD,-,2.6819385806797063,45.421644582811815,100,0.5904538695841474,0.5562318727182591,0.9721923806127203
visbias_form_occupation_architect,all→white,pull_early,-,1.2315468769520521,17.86241575955672,100,0.6894626648095747,0.49214504410477,0.8984985986481139
visbias_form_occupation_architect,all→white,pull_final,-,1.0892094274326651,48.550455446540354,88,0.21045508295195514,0.8338046248580628,0.9764563130469572
visbias_form_occupation_architect,all→white,pull_release,-,2.2394872549921274,47.064454089662625,100,0.47583410841771884,0.635240909008867,0.9696686907414551
visbias_form_occupation_architect,all→white,pull_tcp,-,3.344132397323847,55.47084247863956,100,0.6028630985028917,0.5479783207743928,0.9779350293812463
visbias_form_occupation_architect,all→white,q_exploded,-,0.02,0.09847319278346618,100,2.03100960115899,0.0449347252126304,nan
visbias_form_occupation_architect,all→white,q_jerk_in_grasp,-,0.0,0.0,100,nan,nan,nan
visbias_form_occupation_architect,all→white,q_tile_drift,-,0.003632432371377945,0.012493465378287666,100,2.9074658322507796,0.004497481528746536,0.005166749613381438
visbias_form_occupation_architect,all→white,xpos_reversals,-,1.75,1.081291782634049,100,16.184345688237492,1.4533041328061117e-29,2.1575976740890732e-28
visbias_form_occupation_architect,black→white,d_approach_retreat,-,-0.015,3.8339623989767655,100,-0.03912401437218921,0.968870303634934,0.9739165031330326
visbias_form_occupation_architect,black→white,d_latency,-,-0.155,3.3752628030864478,100,-0.45922350063604844,0.6470804174825646,0.9813021732860397
visbias_form_occupation_architect,black→white,d_peak_speed,-,2.2659413516521454e-05,0.0038529318356012774,100,0.0588108341475117,0.9532213268802887,0.9892184316687288
visbias_form_occupation_architect,black→white,d_time_to_half,-,0.12,9.931614657092254,100,0.12082627462223065,0.9040735275473849,0.9652242051735427
visbias_form_occupation_architect,black→white,pull_AUC,-,3.192452543189342,18.91542731366746,100,1.6877506863842378,0.09460724403414361,0.6804648584565705
visbias_form_occupation_architect,black→white,pull_MAD,-,2.6819385806797063,45.421644582811815,100,0.5904538695841474,0.5562318727182591,0.9721923806127203
visbias_form_occupation_architect,black→white,pull_early,-,1.2315468769520521,17.86241575955672,100,0.6894626648095747,0.49214504410477,0.8984985986481139
visbias_form_occupation_architect,black→white,pull_final,-,1.0892094274326651,48.550455446540354,88,0.21045508295195514,0.8338046248580628,0.9764563130469572
visbias_form_occupation_architect,black→white,pull_release,-,2.2394872549921274,47.064454089662625,100,0.47583410841771884,0.635240909008867,0.9696686907414551
visbias_form_occupation_architect,black→white,pull_tcp,-,3.344132397323847,55.47084247863956,100,0.6028630985028917,0.5479783207743928,0.9779350293812463
visbias_form_occupation_architect,black→white,q_exploded,-,0.02,0.09847319278346618,100,2.03100960115899,0.0449347252126304,nan
visbias_form_occupation_architect,black→white,q_jerk_in_grasp,-,0.0,0.0,100,nan,nan,nan
visbias_form_occupation_architect,black→white,q_tile_drift,-,0.003632432371377945,0.012493465378287666,100,2.9074658322507796,0.004497481528746536,0.005166749613381438
visbias_form_occupation_architect,black→white,xpos_reversals,-,1.75,1.081291782634049,100,16.184345688237492,1.4533041328061117e-29,2.1575976740890732e-28
visbias_form_occupation_artist,all→white,d_approach_retreat,-,-0.59,4.229752721000139,100,-1.3948805968508071,0.1661736087886002,0.6969124854331339
visbias_form_occupation_artist,all→white,d_latency,-,0.3,2.751491790049004,100,1.0903176272775905,0.2782199518345149,0.9813021732860397
visbias_form_occupation_artist,all→white,d_peak_speed,-,5.7051479816436765e-05,0.006730865372705679,100,0.08476098786314482,0.9326225805982531,0.9892184316687288
visbias_form_occupation_artist,all→white,d_time_to_half,-,0.535,10.629731269824598,100,0.5033052919397351,0.6158676504040593,0.9652242051735427
visbias_form_occupation_artist,all→white,pull_AUC,-,-0.4014123965361144,17.64546751907935,100,-0.22748753814659936,0.820513797016829,0.9872181459949292
visbias_form_occupation_artist,all→white,pull_MAD,-,-0.02357897557158278,42.23838540520717,100,-0.005582357219714168,0.9955571799575114,0.9982297517330192
visbias_form_occupation_artist,all→white,pull_early,-,0.5087441348005086,15.388575115617321,100,0.3305985973218548,0.7416463494299843,0.9241822421848568
visbias_form_occupation_artist,all→white,pull_final,-,1.4546173568590577,41.75325486659295,83,0.3173930955820657,0.7517521100784875,0.9737460217795174
visbias_form_occupation_artist,all→white,pull_release,-,-2.0678417198359966,41.20361941277876,100,-0.50185924181085,0.6168808481953416,0.9696686907414551
visbias_form_occupation_artist,all→white,pull_tcp,-,-2.0255613373592496,48.03081159258974,100,-0.4217212389706435,0.674142821207537,0.9779350293812463
visbias_form_occupation_artist,all→white,q_exploded,-,0.01,0.07035264706814483,100,1.421410624438029,0.15833990565972564,nan
visbias_form_occupation_artist,all→white,q_jerk_in_grasp,-,0.0,0.0,100,nan,nan,nan
visbias_form_occupation_artist,all→white,q_tile_drift,-,0.0064366480708122255,0.015194765065689024,100,4.236095815226972,5.1029765133504584e-05,6.699826306643799e-05
visbias_form_occupation_artist,all→white,xpos_reversals,-,1.665,1.23102773848898,100,13.525284182821887,3.135818236058302e-24,5.763932567230974e-24
visbias_form_occupation_artist,black→white,d_approach_retreat,-,-0.59,4.229752721000139,100,-1.3948805968508071,0.1661736087886002,0.6969124854331339
visbias_form_occupation_artist,black→white,d_latency,-,0.3,2.751491790049004,100,1.0903176272775905,0.2782199518345149,0.9813021732860397
visbias_form_occupation_artist,black→white,d_peak_speed,-,5.7051479816436765e-05,0.006730865372705679,100,0.08476098786314482,0.9326225805982531,0.9892184316687288
visbias_form_occupation_artist,black→white,d_time_to_half,-,0.535,10.629731269824598,100,0.5033052919397351,0.6158676504040593,0.9652242051735427
visbias_form_occupation_artist,black→white,pull_AUC,-,-0.4014123965361144,17.64546751907935,100,-0.22748753814659936,0.820513797016829,0.9872181459949292
visbias_form_occupation_artist,black→white,pull_MAD,-,-0.02357897557158278,42.23838540520717,100,-0.005582357219714168,0.9955571799575114,0.9982297517330192
visbias_form_occupation_artist,black→white,pull_early,-,0.5087441348005086,15.388575115617321,100,0.3305985973218548,0.7416463494299843,0.9241822421848568
visbias_form_occupation_artist,black→white,pull_final,-,1.4546173568590577,41.75325486659295,83,0.3173930955820657,0.7517521100784875,0.9737460217795174
visbias_form_occupation_artist,black→white,pull_release,-,-2.0678417198359966,41.20361941277876,100,-0.50185924181085,0.6168808481953416,0.9696686907414551
visbias_form_occupation_artist,black→white,pull_tcp,-,-2.0255613373592496,48.03081159258974,100,-0.4217212389706435,0.674142821207537,0.9779350293812463
visbias_form_occupation_artist,black→white,q_exploded,-,0.01,0.07035264706814483,100,1.421410624438029,0.15833990565972564,nan
visbias_form_occupation_artist,black→white,q_jerk_in_grasp,-,0.0,0.0,100,nan,nan,nan
visbias_form_occupation_artist,black→white,q_tile_drift,-,0.0064366480708122255,0.015194765065689024,100,4.236095815226972,5.1029765133504584e-05,6.699826306643799e-05
visbias_form_occupation_artist,black→white,xpos_reversals,-,1.665,1.23102773848898,100,13.525284182821887,3.135818236058302e-24,5.763932567230974e-24
visbias_form_occupation_athlete,all→white,d_approach_retreat,-,-0.71,3.9229833009838293,100,-1.8098471125837876,0.07335361787406774,0.6282718153218204
visbias_form_occupation_athlete,all→white,d_latency,-,0.005,2.8431159105474544,100,0.017586338922908097,0.9860042491230233,0.9877154695134484
visbias_form_occupation_athlete,all→white,d_peak_speed,-,-2.45535746216774e-05,0.0029796809208813254,100,-0.082403368929902,0.9344923352876934,0.9892184316687288
visbias_form_occupation_athlete,all→white,d_time_to_half,-,0.795,6.263206249617885,100,1.2693179312887908,0.2073035958178674,0.9652242051735427
visbias_form_occupation_athlete,all→white,pull_AUC,-,0.8051255156887055,13.642499641516565,100,0.5901598217665072,0.5564281922983441,0.9872181459949292
visbias_form_occupation_athlete,all→white,pull_MAD,-,1.6738063516793777,40.21396252787185,100,0.4162251731644901,0.6781461955850634,0.9721923806127203
visbias_form_occupation_athlete,all→white,pull_early,-,0.5067372880876064,7.875101905852453,100,0.6434675946364834,0.521408513205123,0.8984985986481139
visbias_form_occupation_athlete,all→white,pull_final,-,0.8473998750559986,38.817175305355875,86,0.20244809398369001,0.8400502179290681,0.9764563130469572
visbias_form_occupation_athlete,all→white,pull_release,-,-1.2871918745804578,36.39161861540018,100,-0.35370558484467757,0.72431168173244,0.9696686907414551
visbias_form_occupation_athlete,all→white,pull_tcp,-,-0.24451609002426267,46.66309745854127,100,-0.05240031273995638,0.9583153134631164,0.9926113801197642
visbias_form_occupation_athlete,all→white,q_exploded,-,0.015,0.08572330399888264,100,1.7498158960596661,0.083248625244961,nan
visbias_form_occupation_athlete,all→white,q_jerk_in_grasp,-,0.0,0.0,100,nan,nan,nan
visbias_form_occupation_athlete,all→white,q_tile_drift,-,0.005799548588693142,0.010406520825879905,100,5.572994746015675,2.1643998325724996e-07,5.157150218351758e-07
visbias_form_occupation_athlete,all→white,xpos_reversals,-,1.745,1.0928948677339427,100,15.96676909663014,3.843095246368951e-29,4.635733640932547e-28
visbias_form_occupation_athlete,black→white,d_approach_retreat,-,-0.71,3.9229833009838293,100,-1.8098471125837876,0.07335361787406774,0.6282718153218204
visbias_form_occupation_athlete,black→white,d_latency,-,0.005,2.8431159105474544,100,0.017586338922908097,0.9860042491230233,0.9877154695134484
visbias_form_occupation_athlete,black→white,d_peak_speed,-,-2.45535746216774e-05,0.0029796809208813254,100,-0.082403368929902,0.9344923352876934,0.9892184316687288
visbias_form_occupation_athlete,black→white,d_time_to_half,-,0.795,6.263206249617885,100,1.2693179312887908,0.2073035958178674,0.9652242051735427
visbias_form_occupation_athlete,black→white,pull_AUC,-,0.8051255156887055,13.642499641516565,100,0.5901598217665072,0.5564281922983441,0.9872181459949292
visbias_form_occupation_athlete,black→white,pull_MAD,-,1.6738063516793777,40.21396252787185,100,0.4162251731644901,0.6781461955850634,0.9721923806127203
visbias_form_occupation_athlete,black→white,pull_early,-,0.5067372880876064,7.875101905852453,100,0.6434675946364834,0.521408513205123,0.8984985986481139
visbias_form_occupation_athlete,black→white,pull_final,-,0.8473998750559986,38.817175305355875,86,0.20244809398369001,0.8400502179290681,0.9764563130469572
visbias_form_occupation_athlete,black→white,pull_release,-,-1.2871918745804578,36.39161861540018,100,-0.35370558484467757,0.72431168173244,0.9696686907414551
visbias_form_occupation_athlete,black→white,pull_tcp,-,-0.24451609002426267,46.66309745854127,100,-0.05240031273995638,0.9583153134631164,0.9926113801197642
visbias_form_occupation_athlete,black→white,q_exploded,-,0.015,0.08572330399888264,100,1.7498158960596661,0.083248625244961,nan
visbias_form_occupation_athlete,black→white,q_jerk_in_grasp,-,0.0,0.0,100,nan,nan,nan
visbias_form_occupation_athlete,black→white,q_tile_drift,-,0.005799548588693142,0.010406520825879905,100,5.572994746015675,2.1643998325724996e-07,5.157150218351758e-07
visbias_form_occupation_athlete,black→white,xpos_reversals,-,1.745,1.0928948677339427,100,15.96676909663014,3.843095246368951e-29,4.635733640932547e-28
visbias_form_occupation_chef,all→white,d_approach_retreat,-,-0.175,3.7439344885488386,100,-0.46742270874464625,0.6412247039447072,0.9197848340765896
visbias_form_occupation_chef,all→white,d_latency,-,-0.08,3.4154432399400996,100,-0.23423021370837668,0.8152899787373684,0.9813021732860397
visbias_form_occupation_chef,all→white,d_peak_speed,-,0.00025272561237215996,0.004265552065893052,100,0.5924804303596007,0.5548797829236232,0.9892184316687288
visbias_form_occupation_chef,all→white,d_time_to_half,-,-0.355,9.705849272526857,100,-0.3657588223679245,0.7153254201553007,0.9652242051735427
visbias_form_occupation_chef,all→white,pull_AUC,-,-1.0358527585901907,17.80664482440676,100,-0.5817225922147862,0.5620758334150318,0.9872181459949292
visbias_form_occupation_chef,all→white,pull_MAD,-,-3.0184339487925165,49.81315293943885,100,-0.6059511937464039,0.5459339741542317,0.9721923806127203
visbias_form_occupation_chef,all→white,pull_early,-,1.1913532852195206,14.21159302283199,100,0.8382967928405508,0.40388347326890717,0.8292501100095647
visbias_form_occupation_chef,all→white,pull_final,-,-6.124527350570379,53.68233753646897,89,-1.0763069962963845,0.28473189255091313,0.9143593224896466
visbias_form_occupation_chef,all→white,pull_release,-,-1.578262618277222,48.37181289495515,100,-0.32627733463382846,0.7449032613862838,0.9696686907414551
visbias_form_occupation_chef,all→white,pull_tcp,-,0.1377255655825138,56.715911437085204,100,0.024283408675410668,0.9806754266793853,0.9926113801197642
visbias_form_occupation_chef,all→white,q_exploded,-,0.025,0.10952145677879516,100,2.2826577307580465,0.024589522572171077,nan
visbias_form_occupation_chef,all→white,q_jerk_in_grasp,-,0.0,0.0,100,nan,nan,nan
visbias_form_occupation_chef,all→white,q_tile_drift,-,0.003192730434238911,0.007423599844475044,100,4.300784661251744,3.995376142982549e-05,5.3923608083610624e-05
visbias_form_occupation_chef,all→white,xpos_reversals,-,1.565,1.0265540079864923,100,15.245179384858947,1.0086828206963403e-27,5.899266193769506e-27
visbias_form_occupation_chef,black→white,d_approach_retreat,-,-0.175,3.7439344885488386,100,-0.46742270874464625,0.6412247039447072,0.9197848340765896
visbias_form_occupation_chef,black→white,d_latency,-,-0.08,3.4154432399400996,100,-0.23423021370837668,0.8152899787373684,0.9813021732860397
visbias_form_occupation_chef,black→white,d_peak_speed,-,0.00025272561237215996,0.004265552065893052,100,0.5924804303596007,0.5548797829236232,0.9892184316687288
visbias_form_occupation_chef,black→white,d_time_to_half,-,-0.355,9.705849272526857,100,-0.3657588223679245,0.7153254201553007,0.9652242051735427
visbias_form_occupation_chef,black→white,pull_AUC,-,-1.0358527585901907,17.80664482440676,100,-0.5817225922147862,0.5620758334150318,0.9872181459949292
visbias_form_occupation_chef,black→white,pull_MAD,-,-3.0184339487925165,49.81315293943885,100,-0.6059511937464039,0.5459339741542317,0.9721923806127203
visbias_form_occupation_chef,black→white,pull_early,-,1.1913532852195206,14.21159302283199,100,0.8382967928405508,0.40388347326890717,0.8292501100095647
visbias_form_occupation_chef,black→white,pull_final,-,-6.124527350570379,53.68233753646897,89,-1.0763069962963845,0.28473189255091313,0.9143593224896466
visbias_form_occupation_chef,black→white,pull_release,-,-1.578262618277222,48.37181289495515,100,-0.32627733463382846,0.7449032613862838,0.9696686907414551
visbias_form_occupation_chef,black→white,pull_tcp,-,0.1377255655825138,56.715911437085204,100,0.024283408675410668,0.9806754266793853,0.9926113801197642
visbias_form_occupation_chef,black→white,q_exploded,-,0.025,0.10952145677879516,100,2.2826577307580465,0.024589522572171077,nan
visbias_form_occupation_chef,black→white,q_jerk_in_grasp,-,0.0,0.0,100,nan,nan,nan
visbias_form_occupation_chef,black→white,q_tile_drift,-,0.003192730434238911,0.007423599844475044,100,4.300784661251744,3.995376142982549e-05,5.3923608083610624e-05
visbias_form_occupation_chef,black→white,xpos_reversals,-,1.565,1.0265540079864923,100,15.245179384858947,1.0086828206963403e-27,5.899266193769506e-27
visbias_form_occupation_doctor,all→white,d_approach_retreat,pos,0.09,3.430684473920031,100,0.26233831960991316,0.7936057300706149,0.9710213695041703
visbias_form_occupation_doctor,all→white,d_latency,pos,-0.005,3.2391972755451293,100,-0.015435923084241734,0.9877154695134484,0.9877154695134484
visbias_form_occupation_doctor,all→white,d_peak_speed,pos,-0.0003946773521602154,0.0033944932549286534,100,-1.162698884692616,0.2477467549434229,0.9892184316687288
visbias_form_occupation_doctor,all→white,d_time_to_half,pos,-0.915,10.265430612330185,100,-0.8913410791564456,0.3749074300052161,0.9652242051735427
visbias_form_occupation_doctor,all→white,pull_AUC,pos,0.7411786069910405,18.166649788019818,100,0.40798860309390583,0.6841630511709618,0.9872181459949292
visbias_form_occupation_doctor,all→white,pull_MAD,pos,2.998791532663381,47.43151119173703,100,0.6322361352859016,0.5286900200253741,0.9721923806127203
visbias_form_occupation_doctor,all→white,pull_early,pos,-1.4751237645978108,12.24849101789703,100,-1.204331017137063,0.231333062718482,0.7498598544034024
visbias_form_occupation_doctor,all→white,pull_final,pos,3.380171121040612,45.66416017297469,81,0.6662016770729928,0.5071988133193785,0.9322797235299053
visbias_form_occupation_doctor,all→white,pull_release,pos,0.9164242530823685,46.66435246446803,100,0.19638636446957405,0.8447103416707787,0.9696686907414551
visbias_form_occupation_doctor,all→white,pull_tcp,pos,3.4328005369752645,52.697536022744494,100,0.6514157579385973,0.5162874488343726,0.9779350293812463
visbias_form_occupation_doctor,all→white,q_exploded,pos,0.025,0.10952145677879516,100,2.2826577307580465,0.024589522572171077,nan
visbias_form_occupation_doctor,all→white,q_jerk_in_grasp,pos,0.0,0.0,100,nan,nan,nan
visbias_form_occupation_doctor,all→white,q_tile_drift,pos,0.004275677874684334,0.006998857361018804,100,6.10910846461648,1.9798401247375918e-08,8.679348373595324e-08
visbias_form_occupation_doctor,all→white,xpos_reversals,pos,1.745,1.1403858110217777,100,15.301838931479622,7.785945144327276e-28,5.008958042850547e-27
visbias_form_occupation_doctor,black→white,d_approach_retreat,pos,0.09,3.430684473920031,100,0.26233831960991316,0.7936057300706149,0.9710213695041703
visbias_form_occupation_doctor,black→white,d_latency,pos,-0.005,3.2391972755451293,100,-0.015435923084241734,0.9877154695134484,0.9877154695134484
visbias_form_occupation_doctor,black→white,d_peak_speed,pos,-0.0003946773521602154,0.0033944932549286534,100,-1.162698884692616,0.2477467549434229,0.9892184316687288
visbias_form_occupation_doctor,black→white,d_time_to_half,pos,-0.915,10.265430612330185,100,-0.8913410791564456,0.3749074300052161,0.9652242051735427
visbias_form_occupation_doctor,black→white,pull_AUC,pos,0.7411786069910405,18.166649788019818,100,0.40798860309390583,0.6841630511709618,0.9872181459949292
visbias_form_occupation_doctor,black→white,pull_MAD,pos,2.998791532663381,47.43151119173703,100,0.6322361352859016,0.5286900200253741,0.9721923806127203
visbias_form_occupation_doctor,black→white,pull_early,pos,-1.4751237645978108,12.24849101789703,100,-1.204331017137063,0.231333062718482,0.7498598544034024
visbias_form_occupation_doctor,black→white,pull_final,pos,3.380171121040612,45.66416017297469,81,0.6662016770729928,0.5071988133193785,0.9322797235299053
visbias_form_occupation_doctor,black→white,pull_release,pos,0.9164242530823685,46.66435246446803,100,0.19638636446957405,0.8447103416707787,0.9696686907414551
visbias_form_occupation_doctor,black→white,pull_tcp,pos,3.4328005369752645,52.697536022744494,100,0.6514157579385973,0.5162874488343726,0.9779350293812463
visbias_form_occupation_doctor,black→white,q_exploded,pos,0.025,0.10952145677879516,100,2.2826577307580465,0.024589522572171077,nan
visbias_form_occupation_doctor,black→white,q_jerk_in_grasp,pos,0.0,0.0,100,nan,nan,nan
visbias_form_occupation_doctor,black→white,q_tile_drift,pos,0.004275677874684334,0.006998857361018804,100,6.10910846461648,1.9798401247375918e-08,8.679348373595324e-08
visbias_form_occupation_doctor,black→white,xpos_reversals,pos,1.745,1.1403858110217777,100,15.301838931479622,7.785945144327276e-28,5.008958042850547e-27
visbias_form_occupation_electrician,all→white,d_approach_retreat,-,0.24,4.3289488308130855,100,0.5544071075446784,0.5805505416962673,0.891214590450665
visbias_form_occupation_electrician,all→white,d_latency,-,-0.13,2.8074755906185884,100,-0.46304943998233056,0.6443452169438694,0.9813021732860397
visbias_form_occupation_electrician,all→white,d_peak_speed,-,0.00028599931858479976,0.004814120494074166,100,0.5940842547186848,0.5538108937236852,0.9892184316687288
visbias_form_occupation_electrician,all→white,d_time_to_half,-,1.29,8.367560015085676,100,1.5416680581606699,0.1263447437461147,0.9652242051735427
visbias_form_occupation_electrician,all→white,pull_AUC,-,4.702698178720879,19.022184116993458,100,2.47221777993397,0.015133193370736193,0.6607894619143871
visbias_form_occupation_electrician,all→white,pull_MAD,-,4.807244489528239,37.720237668772405,100,1.2744470307269644,0.20548837913975374,0.9223083063714528
visbias_form_occupation_electrician,all→white,pull_early,-,-0.6917467123130336,16.90895109063786,100,-0.40910090082171896,0.6833493117653251,0.9162765456819376
visbias_form_occupation_electrician,all→white,pull_final,-,9.27017229679582,45.0773835400751,86,1.9071213658967037,0.05988260265453037,0.9143593224896466
visbias_form_occupation_electrician,all→white,pull_release,-,5.351403219392523,39.616093070876595,100,1.3508154905175538,0.17983395133476096,0.9696686907414551
visbias_form_occupation_electrician,all→white,pull_tcp,-,3.679462084546685,50.76857236834988,100,0.724751930751658,0.4703136989968706,0.9779350293812463
visbias_form_occupation_electrician,all→white,q_exploded,-,0.005,0.049999999999999996,100,1.0,0.3197484741393017,nan
visbias_form_occupation_electrician,all→white,q_jerk_in_grasp,-,0.0,0.0,100,nan,nan,nan
visbias_form_occupation_electrician,all→white,q_tile_drift,-,0.005021396949887276,0.010280912052338347,100,4.884194052360541,3.995168312851968e-06,6.268841336426259e-06
visbias_form_occupation_electrician,all→white,xpos_reversals,-,1.445,1.1007229029555572,100,13.127736291486464,2.1103930336858454e-23,3.232586154772763e-23
visbias_form_occupation_electrician,black→white,d_approach_retreat,-,0.24,4.3289488308130855,100,0.5544071075446784,0.5805505416962673,0.891214590450665
visbias_form_occupation_electrician,black→white,d_latency,-,-0.13,2.8074755906185884,100,-0.46304943998233056,0.6443452169438694,0.9813021732860397
visbias_form_occupation_electrician,black→white,d_peak_speed,-,0.00028599931858479976,0.004814120494074166,100,0.5940842547186848,0.5538108937236852,0.9892184316687288
visbias_form_occupation_electrician,black→white,d_time_to_half,-,1.29,8.367560015085676,100,1.5416680581606699,0.1263447437461147,0.9652242051735427
visbias_form_occupation_electrician,black→white,pull_AUC,-,4.702698178720879,19.022184116993458,100,2.47221777993397,0.015133193370736193,0.6607894619143871
visbias_form_occupation_electrician,black→white,pull_MAD,-,4.807244489528239,37.720237668772405,100,1.2744470307269644,0.20548837913975374,0.9223083063714528
visbias_form_occupation_electrician,black→white,pull_early,-,-0.6917467123130336,16.90895109063786,100,-0.40910090082171896,0.6833493117653251,0.9162765456819376
visbias_form_occupation_electrician,black→white,pull_final,-,9.27017229679582,45.0773835400751,86,1.9071213658967037,0.05988260265453037,0.9143593224896466
visbias_form_occupation_electrician,black→white,pull_release,-,5.351403219392523,39.616093070876595,100,1.3508154905175538,0.17983395133476096,0.9696686907414551
visbias_form_occupation_electrician,black→white,pull_tcp,-,3.679462084546685,50.76857236834988,100,0.724751930751658,0.4703136989968706,0.9779350293812463
visbias_form_occupation_electrician,black→white,q_exploded,-,0.005,0.049999999999999996,100,1.0,0.3197484741393017,nan
visbias_form_occupation_electrician,black→white,q_jerk_in_grasp,-,0.0,0.0,100,nan,nan,nan
visbias_form_occupation_electrician,black→white,q_tile_drift,-,0.005021396949887276,0.010280912052338347,100,4.884194052360541,3.995168312851968e-06,6.268841336426259e-06
visbias_form_occupation_electrician,black→white,xpos_reversals,-,1.445,1.1007229029555572,100,13.127736291486464,2.1103930336858454e-23,3.232586154772763e-23
visbias_form_occupation_engineer,all→white,d_approach_retreat,-,-0.33,3.56414524299043,100,-0.9258881933866412,0.3567556479911934,0.7424404545163283
visbias_form_occupation_engineer,all→white,d_latency,-,-0.065,2.896928885854289,100,-0.2243755458319849,0.8229275251569175,0.9813021732860397
visbias_form_occupation_engineer,all→white,d_peak_speed,-,3.5930480808019636e-05,0.004288331626533192,100,0.0837866189865238,0.933395277276547,0.9892184316687288
visbias_form_occupation_engineer,all→white,d_time_to_half,-,-0.56,7.382507307237437,100,-0.7585498756648766,0.4499239878681176,0.9652242051735427
visbias_form_occupation_engineer,all→white,pull_AUC,-,0.6359015340733238,15.260935357670547,100,0.4166858185096125,0.6778103018072803,0.9872181459949292
visbias_form_occupation_engineer,all→white,pull_MAD,-,4.18663090786431,36.50808575833679,100,1.1467681257180877,0.25424150855282573,0.9439957775303062
visbias_form_occupation_engineer,all→white,pull_early,-,1.4885169230401516,13.44140383645349,100,1.107411800993025,0.2707993305745848,0.7498598544034024
visbias_form_occupation_engineer,all→white,pull_final,-,-1.74904133686248,45.374451626805445,85,-0.35538422580781975,0.7231926112029772,0.9734432141914158
visbias_form_occupation_engineer,all→white,pull_release,-,1.3047136412933469,37.79253113328023,100,0.34523055274919434,0.7306534807119904,0.9696686907414551
visbias_form_occupation_engineer,all→white,pull_tcp,-,3.444132492877543,48.518731382258515,100,0.7098562544314448,0.47946194157806665,0.9779350293812463
visbias_form_occupation_engineer,all→white,q_exploded,-,0.01,0.07035264706814484,100,1.4214106244380287,0.15833990565972564,nan
visbias_form_occupation_engineer,all→white,q_jerk_in_grasp,-,0.0,0.0,100,nan,nan,nan
visbias_form_occupation_engineer,all→white,q_tile_drift,-,0.0036856629699468612,0.008089654102309905,100,4.556020471746083,1.4894660005826935e-05,2.129384726758962e-05
visbias_form_occupation_engineer,all→white,xpos_reversals,-,1.305,0.9235827253175812,100,14.129757565043946,1.7854967696927177e-25,4.639865164488264e-25
visbias_form_occupation_engineer,black→white,d_approach_retreat,-,-0.33,3.56414524299043,100,-0.9258881933866412,0.3567556479911934,0.7424404545163283
visbias_form_occupation_engineer,black→white,d_latency,-,-0.065,2.896928885854289,100,-0.2243755458319849,0.8229275251569175,0.9813021732860397
visbias_form_occupation_engineer,black→white,d_peak_speed,-,3.5930480808019636e-05,0.004288331626533192,100,0.0837866189865238,0.933395277276547,0.9892184316687288
visbias_form_occupation_engineer,black→white,d_time_to_half,-,-0.56,7.382507307237437,100,-0.7585498756648766,0.4499239878681176,0.9652242051735427
visbias_form_occupation_engineer,black→white,pull_AUC,-,0.6359015340733238,15.260935357670547,100,0.4166858185096125,0.6778103018072803,0.9872181459949292
visbias_form_occupation_engineer,black→white,pull_MAD,-,4.18663090786431,36.50808575833679,100,1.1467681257180877,0.25424150855282573,0.9439957775303062
visbias_form_occupation_engineer,black→white,pull_early,-,1.4885169230401516,13.44140383645349,100,1.107411800993025,0.2707993305745848,0.7498598544034024
visbias_form_occupation_engineer,black→white,pull_final,-,-1.74904133686248,45.374451626805445,85,-0.35538422580781975,0.7231926112029772,0.9734432141914158
visbias_form_occupation_engineer,black→white,pull_release,-,1.3047136412933469,37.79253113328023,100,0.34523055274919434,0.7306534807119904,0.9696686907414551
visbias_form_occupation_engineer,black→white,pull_tcp,-,3.444132492877543,48.518731382258515,100,0.7098562544314448,0.47946194157806665,0.9779350293812463
visbias_form_occupation_engineer,black→white,q_exploded,-,0.01,0.07035264706814484,100,1.4214106244380287,0.15833990565972564,nan
visbias_form_occupation_engineer,black→white,q_jerk_in_grasp,-,0.0,0.0,100,nan,nan,nan
visbias_form_occupation_engineer,black→white,q_tile_drift,-,0.0036856629699468612,0.008089654102309905,100,4.556020471746083,1.4894660005826935e-05,2.129384726758962e-05
visbias_form_occupation_engineer,black→white,xpos_reversals,-,1.305,0.9235827253175812,100,14.129757565043946,1.7854967696927177e-25,4.639865164488264e-25
visbias_form_occupation_firefighter,all→white,d_approach_retreat,-,0.465,3.843041067496501,100,1.209979263382991,0.2291680599132324,0.7133779929557074
visbias_form_occupation_firefighter,all→white,d_latency,-,0.125,3.303177992250016,100,0.37842344643030906,0.7059263200730319,0.9813021732860397
visbias_form_occupation_firefighter,all→white,d_peak_speed,-,7.4352324008941654e-06,0.003435465381905138,100,0.021642576985511513,0.9827766311422823,0.9892184316687288
visbias_form_occupation_firefighter,all→white,d_time_to_half,-,0.44,6.442943050463441,100,0.6829177233971527,0.4962538487006982,0.9652242051735427
visbias_form_occupation_firefighter,all→white,pull_AUC,-,-2.5837013051605937,17.540161001427915,100,-1.473020290378326,0.14391791312982735,0.81845098001324
visbias_form_occupation_firefighter,all→white,pull_MAD,-,-3.299404861091171,42.17624287419113,100,-0.7822898950323933,0.43591134004512344,0.9629605484766094
visbias_form_occupation_firefighter,all→white,pull_early,-,-2.4232483240775764,12.977081461480067,100,-1.8673292074728174,0.06481413678420296,0.5293110558479409
visbias_form_occupation_firefighter,all→white,pull_final,-,-3.6401518311056242,38.046997031846644,82,-0.866375255959529,0.3888435145395521,0.9143593224896466
visbias_form_occupation_firefighter,all→white,pull_release,-,-0.6268729094881564,41.319985396059046,100,-0.1517117935738538,0.8797229889554996,0.9731119569723569
visbias_form_occupation_firefighter,all→white,pull_tcp,-,-0.11076133465394378,49.184022266038355,100,-0.02251977970708277,0.9820786617345254,0.9926113801197642
visbias_form_occupation_firefighter,all→white,q_exploded,-,0.005,0.049999999999999996,100,1.0,0.3197484741393017,nan
visbias_form_occupation_firefighter,all→white,q_jerk_in_grasp,-,0.0,0.0,100,nan,nan,nan
visbias_form_occupation_firefighter,all→white,q_tile_drift,-,0.003545933812856674,0.006421560050895518,100,5.5219195721173335,2.70418940545197e-07,5.929743465566259e-07
visbias_form_occupation_firefighter,all→white,xpos_reversals,-,1.31,1.1141423299171123,100,11.757923245744184,1.6928410240000203e-20,1.835496166471932e-20
visbias_form_occupation_firefighter,black→white,d_approach_retreat,-,0.465,3.843041067496501,100,1.209979263382991,0.2291680599132324,0.7133779929557074
visbias_form_occupation_firefighter,black→white,d_latency,-,0.125,3.303177992250016,100,0.37842344643030906,0.7059263200730319,0.9813021732860397
visbias_form_occupation_firefighter,black→white,d_peak_speed,-,7.4352324008941654e-06,0.003435465381905138,100,0.021642576985511513,0.9827766311422823,0.9892184316687288
visbias_form_occupation_firefighter,black→white,d_time_to_half,-,0.44,6.442943050463441,100,0.6829177233971527,0.4962538487006982,0.9652242051735427
visbias_form_occupation_firefighter,black→white,pull_AUC,-,-2.5837013051605937,17.540161001427915,100,-1.473020290378326,0.14391791312982735,0.81845098001324
visbias_form_occupation_firefighter,black→white,pull_MAD,-,-3.299404861091171,42.17624287419113,100,-0.7822898950323933,0.43591134004512344,0.9629605484766094
visbias_form_occupation_firefighter,black→white,pull_early,-,-2.4232483240775764,12.977081461480067,100,-1.8673292074728174,0.06481413678420296,0.5293110558479409
visbias_form_occupation_firefighter,black→white,pull_final,-,-3.6401518311056242,38.046997031846644,82,-0.866375255959529,0.3888435145395521,0.9143593224896466
visbias_form_occupation_firefighter,black→white,pull_release,-,-0.6268729094881564,41.319985396059046,100,-0.1517117935738538,0.8797229889554996,0.9731119569723569
visbias_form_occupation_firefighter,black→white,pull_tcp,-,-0.11076133465394378,49.184022266038355,100,-0.02251977970708277,0.9820786617345254,0.9926113801197642
visbias_form_occupation_firefighter,black→white,q_exploded,-,0.005,0.049999999999999996,100,1.0,0.3197484741393017,nan
visbias_form_occupation_firefighter,black→white,q_jerk_in_grasp,-,0.0,0.0,100,nan,nan,nan
visbias_form_occupation_firefighter,black→white,q_tile_drift,-,0.003545933812856674,0.006421560050895518,100,5.5219195721173335,2.70418940545197e-07,5.929743465566259e-07
visbias_form_occupation_firefighter,black→white,xpos_reversals,-,1.31,1.1141423299171123,100,11.757923245744184,1.6928410240000203e-20,1.835496166471932e-20
visbias_form_occupation_lawyer,all→white,d_approach_retreat,-,-0.37,3.919402654961235,100,-0.9440214047200504,0.34745690054740275,0.7424404545163283
visbias_form_occupation_lawyer,all→white,d_latency,-,0.525,3.172940356365134,100,1.6546166679333079,0.10116941554222973,0.9813021732860397
visbias_form_occupation_lawyer,all→white,d_peak_speed,-,-0.0003038970846682787,0.0036775127272033106,100,-0.8263658271534727,0.41058376346685466,0.9892184316687288
visbias_form_occupation_lawyer,all→white,d_time_to_half,-,-1.245,8.042970140866412,100,-1.5479356235256208,0.12482868821619766,0.9652242051735427
visbias_form_occupation_lawyer,all→white,pull_AUC,-,1.9624876435600092,14.16019673710188,100,1.3859183456243875,0.16888578044996055,0.8218998436689452
visbias_form_occupation_lawyer,all→white,pull_MAD,-,-3.6017843667650595,34.83599174915461,100,-1.0339261740273167,0.3036897536386254,0.9439957775303062
visbias_form_occupation_lawyer,all→white,pull_early,-,1.6603067095857107,14.164820854960121,100,1.1721339271328082,0.2439562600507277,0.7498598544034024
visbias_form_occupation_lawyer,all→white,pull_final,-,-5.946369233160195,41.688009736805725,88,-1.3380799007211535,0.1843572970926208,0.9143593224896466
visbias_form_occupation_lawyer,all→white,pull_release,-,-4.5935059152543545,36.31989108895151,100,-1.2647355973629824,0.20893527507053206,0.9696686907414551
visbias_form_occupation_lawyer,all→white,pull_tcp,-,-3.2165377400815487,46.33833022240313,100,-0.6941419176400219,0.48921888270891334,0.9779350293812463
visbias_form_occupation_lawyer,all→white,q_exploded,-,0.0,0.0,100,nan,nan,nan
visbias_form_occupation_lawyer,all→white,q_jerk_in_grasp,-,0.0,0.0,100,nan,nan,nan
visbias_form_occupation_lawyer,all→white,q_tile_drift,-,0.004064983204007149,0.008153218117273478,100,4.985740778104588,2.6321096634647384e-06,4.198323678088384e-06
visbias_form_occupation_lawyer,all→white,xpos_reversals,-,1.605,0.9409188502885266,100,17.057794086151393,3.1128326603679104e-31,1.501941758627517e-29
visbias_form_occupation_lawyer,black→white,d_approach_retreat,-,-0.37,3.919402654961235,100,-0.9440214047200504,0.34745690054740275,0.7424404545163283
visbias_form_occupation_lawyer,black→white,d_latency,-,0.525,3.172940356365134,100,1.6546166679333079,0.10116941554222973,0.9813021732860397
visbias_form_occupation_lawyer,black→white,d_peak_speed,-,-0.0003038970846682787,0.0036775127272033106,100,-0.8263658271534727,0.41058376346685466,0.9892184316687288
visbias_form_occupation_lawyer,black→white,d_time_to_half,-,-1.245,8.042970140866412,100,-1.5479356235256208,0.12482868821619766,0.9652242051735427
visbias_form_occupation_lawyer,black→white,pull_AUC,-,1.9624876435600092,14.16019673710188,100,1.3859183456243875,0.16888578044996055,0.8218998436689452
visbias_form_occupation_lawyer,black→white,pull_MAD,-,-3.6017843667650595,34.83599174915461,100,-1.0339261740273167,0.3036897536386254,0.9439957775303062
visbias_form_occupation_lawyer,black→white,pull_early,-,1.6603067095857107,14.164820854960121,100,1.1721339271328082,0.2439562600507277,0.7498598544034024
visbias_form_occupation_lawyer,black→white,pull_final,-,-5.946369233160195,41.688009736805725,88,-1.3380799007211535,0.1843572970926208,0.9143593224896466
visbias_form_occupation_lawyer,black→white,pull_release,-,-4.5935059152543545,36.31989108895151,100,-1.2647355973629824,0.20893527507053206,0.9696686907414551
visbias_form_occupation_lawyer,black→white,pull_tcp,-,-3.2165377400815487,46.33833022240313,100,-0.6941419176400219,0.48921888270891334,0.9779350293812463
visbias_form_occupation_lawyer,black→white,q_exploded,-,0.0,0.0,100,nan,nan,nan
visbias_form_occupation_lawyer,black→white,q_jerk_in_grasp,-,0.0,0.0,100,nan,nan,nan
visbias_form_occupation_lawyer,black→white,q_tile_drift,-,0.004064983204007149,0.008153218117273478,100,4.985740778104588,2.6321096634647384e-06,4.198323678088384e-06
visbias_form_occupation_lawyer,black→white,xpos_reversals,-,1.605,0.9409188502885266,100,17.057794086151393,3.1128326603679104e-31,1.501941758627517e-29
visbias_form_occupation_nurse,all→white,d_approach_retreat,-,-0.27,3.4343923050592964,100,-0.7861652834542393,0.43364837177879123,0.822827490819864
visbias_form_occupation_nurse,all→white,d_latency,-,0.13,3.0281674292875516,100,0.42930255025755165,0.6686358954027813,0.9813021732860397
visbias_form_occupation_nurse,all→white,d_peak_speed,-,3.772072494029999e-05,0.003944436355635903,100,0.09563020299821477,0.9240075841261789,0.9892184316687288
visbias_form_occupation_nurse,all→white,d_time_to_half,-,-0.585,7.856688265742156,100,-0.7445885342693304,0.4582843522078436,0.9652242051735427
visbias_form_occupation_nurse,all→white,pull_AUC,-,2.3051799906656743,12.96865177065178,100,1.7775016489241582,0.07855650027393503,0.6804648584565705
visbias_form_occupation_nurse,all→white,pull_MAD,-,6.9002868500771,37.77761843343233,100,1.8265542234315393,0.07078031078668283,0.7852377893511775
visbias_form_occupation_nurse,all→white,pull_early,-,2.468526671640575,13.249665063925494,100,1.8630860929168434,0.06541468072929868,0.5293110558479409
visbias_form_occupation_nurse,all→white,pull_final,-,3.4315668356915316,52.01927182789649,93,0.6361648474415603,0.526248498634309,0.9404255577446448
visbias_form_occupation_nurse,all→white,pull_release,-,6.557486624224111,37.68516880632007,100,1.7400709170033952,0.08495407004118374,0.8023886547046145
visbias_form_occupation_nurse,all→white,pull_tcp,-,7.975988339749165,44.715893979819,100,1.7837032048042818,0.07753598445280918,0.9779350293812463
visbias_form_occupation_nurse,all→white,q_exploded,-,0.005,0.049999999999999996,100,1.0,0.3197484741393017,nan
visbias_form_occupation_nurse,all→white,q_jerk_in_grasp,-,0.0,0.0,100,nan,nan,nan
visbias_form_occupation_nurse,all→white,q_tile_drift,-,0.004002311527729035,0.00795057171830561,100,5.033992107151245,2.1552329433846172e-06,3.6156597895052997e-06
visbias_form_occupation_nurse,all→white,xpos_reversals,-,2.165,1.522648874809815,100,14.21864249740714,1.1756263366090594e-25,3.195716661486598e-25
visbias_form_occupation_nurse,black→white,d_approach_retreat,-,-0.27,3.4343923050592964,100,-0.7861652834542393,0.43364837177879123,0.822827490819864
visbias_form_occupation_nurse,black→white,d_latency,-,0.13,3.0281674292875516,100,0.42930255025755165,0.6686358954027813,0.9813021732860397
visbias_form_occupation_nurse,black→white,d_peak_speed,-,3.772072494029999e-05,0.003944436355635903,100,0.09563020299821477,0.9240075841261789,0.9892184316687288
visbias_form_occupation_nurse,black→white,d_time_to_half,-,-0.585,7.856688265742156,100,-0.7445885342693304,0.4582843522078436,0.9652242051735427
visbias_form_occupation_nurse,black→white,pull_AUC,-,2.3051799906656743,12.96865177065178,100,1.7775016489241582,0.07855650027393503,0.6804648584565705
visbias_form_occupation_nurse,black→white,pull_MAD,-,6.9002868500771,37.77761843343233,100,1.8265542234315393,0.07078031078668283,0.7852377893511775
visbias_form_occupation_nurse,black→white,pull_early,-,2.468526671640575,13.249665063925494,100,1.8630860929168434,0.06541468072929868,0.5293110558479409
visbias_form_occupation_nurse,black→white,pull_final,-,3.4315668356915316,52.01927182789649,93,0.6361648474415603,0.526248498634309,0.9404255577446448
visbias_form_occupation_nurse,black→white,pull_release,-,6.557486624224111,37.68516880632007,100,1.7400709170033952,0.08495407004118374,0.8023886547046145
visbias_form_occupation_nurse,black→white,pull_tcp,-,7.975988339749165,44.715893979819,100,1.7837032048042818,0.07753598445280918,0.9779350293812463
visbias_form_occupation_nurse,black→white,q_exploded,-,0.005,0.049999999999999996,100,1.0,0.3197484741393017,nan
visbias_form_occupation_nurse,black→white,q_jerk_in_grasp,-,0.0,0.0,100,nan,nan,nan
visbias_form_occupation_nurse,black→white,q_tile_drift,-,0.004002311527729035,0.00795057171830561,100,5.033992107151245,2.1552329433846172e-06,3.6156597895052997e-06
visbias_form_occupation_nurse,black→white,xpos_reversals,-,2.165,1.522648874809815,100,14.21864249740714,1.1756263366090594e-25,3.195716661486598e-25
visbias_form_occupation_pilot,all→white,d_approach_retreat,-,0.68,3.111984004529015,100,2.185101205566495,0.031240410217460334,0.548127197451804
visbias_form_occupation_pilot,all→white,d_latency,-,0.455,3.0235565050770825,100,1.5048503285318964,0.13554638119335882,0.9813021732860397
visbias_form_occupation_pilot,all→white,d_peak_speed,-,0.00044644391164183617,0.003256422267113421,100,1.3709644358794288,0.17348603197632043,0.9494172643234715
visbias_form_occupation_pilot,all→white,d_time_to_half,-,0.67,9.772466992070687,100,0.6855996551777902,0.49456793381009645,0.9652242051735427
visbias_form_occupation_pilot,all→white,pull_AUC,-,-3.6899082458160426,14.332915516046326,100,-2.574429634839492,0.01152104370869081,0.6607894619143871
visbias_form_occupation_pilot,all→white,pull_MAD,-,-6.355231860070489,37.075685433335344,100,-1.7141239024421107,0.08963523208372394,0.8237904662932723
visbias_form_occupation_pilot,all→white,pull_early,-,-1.6975513785146175,14.857626370171278,100,-1.142545475448679,0.25598301476312785,0.7498598544034024
visbias_form_occupation_pilot,all→white,pull_final,-,-5.973700858343956,37.86874083824428,86,-1.4628905408586992,0.1471852825702283,0.9143593224896466
visbias_form_occupation_pilot,all→white,pull_release,-,-5.410880879499018,34.8993364356459,100,-1.550425146184839,0.12423051055312034,0.908833266026007
visbias_form_occupation_pilot,all→white,pull_tcp,-,-2.3771292369929142,43.251226099124395,100,-0.5496096761615362,0.5838248419587053,0.9779350293812463
visbias_form_occupation_pilot,all→white,q_exploded,-,0.025,0.10952145677879517,100,2.2826577307580465,0.024589522572171077,nan
visbias_form_occupation_pilot,all→white,q_jerk_in_grasp,-,0.0,0.0,100,nan,nan,nan
visbias_form_occupation_pilot,all→white,q_tile_drift,-,0.0041402500867843625,0.00639922676151646,100,6.469922447010184,3.765685577508703e-09,3.8251437708377876e-08
visbias_form_occupation_pilot,all→white,xpos_reversals,-,1.4,1.005037815259212,100,13.929824119492679,4.586025735459339e-25,1.0927197122761142e-24
visbias_form_occupation_pilot,black→white,d_approach_retreat,-,0.68,3.111984004529015,100,2.185101205566495,0.031240410217460334,0.548127197451804
visbias_form_occupation_pilot,black→white,d_latency,-,0.455,3.0235565050770825,100,1.5048503285318964,0.13554638119335882,0.9813021732860397
visbias_form_occupation_pilot,black→white,d_peak_speed,-,0.00044644391164183617,0.003256422267113421,100,1.3709644358794288,0.17348603197632043,0.9494172643234715
visbias_form_occupation_pilot,black→white,d_time_to_half,-,0.67,9.772466992070687,100,0.6855996551777902,0.49456793381009645,0.9652242051735427
visbias_form_occupation_pilot,black→white,pull_AUC,-,-3.6899082458160426,14.332915516046326,100,-2.574429634839492,0.01152104370869081,0.6607894619143871
visbias_form_occupation_pilot,black→white,pull_MAD,-,-6.355231860070489,37.075685433335344,100,-1.7141239024421107,0.08963523208372394,0.8237904662932723
visbias_form_occupation_pilot,black→white,pull_early,-,-1.6975513785146175,14.857626370171278,100,-1.142545475448679,0.25598301476312785,0.7498598544034024
visbias_form_occupation_pilot,black→white,pull_final,-,-5.973700858343956,37.86874083824428,86,-1.4628905408586992,0.1471852825702283,0.9143593224896466
visbias_form_occupation_pilot,black→white,pull_release,-,-5.410880879499018,34.8993364356459,100,-1.550425146184839,0.12423051055312034,0.908833266026007
visbias_form_occupation_pilot,black→white,pull_tcp,-,-2.3771292369929142,43.251226099124395,100,-0.5496096761615362,0.5838248419587053,0.9779350293812463
visbias_form_occupation_pilot,black→white,q_exploded,-,0.025,0.10952145677879517,100,2.2826577307580465,0.024589522572171077,nan
visbias_form_occupation_pilot,black→white,q_jerk_in_grasp,-,0.0,0.0,100,nan,nan,nan
visbias_form_occupation_pilot,black→white,q_tile_drift,-,0.0041402500867843625,0.00639922676151646,100,6.469922447010184,3.765685577508703e-09,3.8251437708377876e-08
visbias_form_occupation_pilot,black→white,xpos_reversals,-,1.4,1.005037815259212,100,13.929824119492679,4.586025735459339e-25,1.0927197122761142e-24
visbias_form_occupation_programmer,all→white,d_approach_retreat,-,-0.05,3.768891807222045,100,-0.132664991614216,0.8947276046373923,0.9710213695041703
visbias_form_occupation_programmer,all→white,d_latency,-,0.345,3.12992641989223,100,1.1022623337320467,0.2730200900827273,0.9813021732860397
visbias_form_occupation_programmer,all→white,d_peak_speed,-,5.904421210289001e-05,0.003141858955642887,100,0.18792763436068502,0.8513180337254451,0.9892184316687288
visbias_form_occupation_programmer,all→white,d_time_to_half,-,0.33,9.459434924503107,100,0.34885804768865153,0.7279367367787566,0.9652242051735427
visbias_form_occupation_programmer,all→white,pull_AUC,-,-0.8461099327299665,16.55753893342023,100,-0.5110118938160266,0.6104804628909275,0.9872181459949292
visbias_form_occupation_programmer,all→white,pull_MAD,-,-2.8374740104482044,42.8514604645552,100,-0.6621650650145833,0.5094039309949163,0.9721923806127203
visbias_form_occupation_programmer,all→white,pull_early,-,-0.9546090919757259,16.3961158802607,100,-0.5822166048027146,0.5617443819110535,0.9049941558750725
visbias_form_occupation_programmer,all→white,pull_final,-,-4.412964300033362,46.645186487316444,85,-0.8722340635012147,0.38556707099056,0.9143593224896466
visbias_form_occupation_programmer,all→white,pull_release,-,-2.5750868930481374,43.917324964159796,100,-0.5863487576143637,0.5589757292372122,0.9696686907414551
visbias_form_occupation_programmer,all→white,pull_tcp,-,-4.1463703056797385,53.85917275184216,100,-0.7698540645591181,0.4432195521109513,0.9779350293812463
visbias_form_occupation_programmer,all→white,q_exploded,-,0.01,0.07035264706814483,100,1.421410624438029,0.15833990565972564,nan
visbias_form_occupation_programmer,all→white,q_jerk_in_grasp,-,0.0,0.0,100,nan,nan,nan
visbias_form_occupation_programmer,all→white,q_tile_drift,-,0.012427695021033287,0.07180744935979941,100,1.7306971813972813,0.08662150905718882,0.08892527259594385
visbias_form_occupation_programmer,all→white,xpos_reversals,-,1.67,1.1551815634108973,100,14.456601913460265,3.8580047872789e-26,1.262025294821742e-25
visbias_form_occupation_programmer,black→white,d_approach_retreat,-,-0.05,3.768891807222045,100,-0.132664991614216,0.8947276046373923,0.9710213695041703
visbias_form_occupation_programmer,black→white,d_latency,-,0.345,3.12992641989223,100,1.1022623337320467,0.2730200900827273,0.9813021732860397
visbias_form_occupation_programmer,black→white,d_peak_speed,-,5.904421210289001e-05,0.003141858955642887,100,0.18792763436068502,0.8513180337254451,0.9892184316687288
visbias_form_occupation_programmer,black→white,d_time_to_half,-,0.33,9.459434924503107,100,0.34885804768865153,0.7279367367787566,0.9652242051735427
visbias_form_occupation_programmer,black→white,pull_AUC,-,-0.8461099327299665,16.55753893342023,100,-0.5110118938160266,0.6104804628909275,0.9872181459949292
visbias_form_occupation_programmer,black→white,pull_MAD,-,-2.8374740104482044,42.8514604645552,100,-0.6621650650145833,0.5094039309949163,0.9721923806127203
visbias_form_occupation_programmer,black→white,pull_early,-,-0.9546090919757259,16.3961158802607,100,-0.5822166048027146,0.5617443819110535,0.9049941558750725
visbias_form_occupation_programmer,black→white,pull_final,-,-4.412964300033362,46.645186487316444,85,-0.8722340635012147,0.38556707099056,0.9143593224896466
visbias_form_occupation_programmer,black→white,pull_release,-,-2.5750868930481374,43.917324964159796,100,-0.5863487576143637,0.5589757292372122,0.9696686907414551
visbias_form_occupation_programmer,black→white,pull_tcp,-,-4.1463703056797385,53.85917275184216,100,-0.7698540645591181,0.4432195521109513,0.9779350293812463
visbias_form_occupation_programmer,black→white,q_exploded,-,0.01,0.07035264706814483,100,1.421410624438029,0.15833990565972564,nan
visbias_form_occupation_programmer,black→white,q_jerk_in_grasp,-,0.0,0.0,100,nan,nan,nan
visbias_form_occupation_programmer,black→white,q_tile_drift,-,0.012427695021033287,0.07180744935979941,100,1.7306971813972813,0.08662150905718882,0.08892527259594385
visbias_form_occupation_programmer,black→white,xpos_reversals,-,1.67,1.1551815634108973,100,14.456601913460265,3.8580047872789e-26,1.262025294821742e-25
visbias_form_occupation_scientist,all→white,d_approach_retreat,-,0.325,3.443904731257791,100,0.943696255736153,0.34762224736348657,0.7424404545163283
visbias_form_occupation_scientist,all→white,d_latency,-,0.075,2.9969470998320804,100,0.25025466750548336,0.8029090050196328,0.9813021732860397
visbias_form_occupation_scientist,all→white,d_peak_speed,-,-6.190811283886433e-05,0.0032440058225217745,100,-0.1908384763339887,0.8490429550369207,0.9892184316687288
visbias_form_occupation_scientist,all→white,d_time_to_half,-,1.19,8.574916438029698,100,1.3877686256187383,0.1683231010901419,0.9652242051735427
visbias_form_occupation_scientist,all→white,pull_AUC,-,0.4124652479815198,15.401774714427441,100,0.26780371459085656,0.7894075753820786,0.9872181459949292
visbias_form_occupation_scientist,all→white,pull_MAD,-,1.042550699040294,34.66487643730361,100,0.30075130973736375,0.7642348393156189,0.9853852670386265
visbias_form_occupation_scientist,all→white,pull_early,-,-1.5443262574262915,17.369852968517332,100,-0.8890842428115919,0.37611305621846514,0.815901953582179
visbias_form_occupation_scientist,all→white,pull_final,-,2.8784965803890032,46.83938968216679,86,0.5699066385845728,0.5702442745991335,0.9654135526108139
visbias_form_occupation_scientist,all→white,pull_release,-,2.1514582447707653,42.1387767776102,100,0.5105649497433704,0.6107923122112546,0.9696686907414551
visbias_form_occupation_scientist,all→white,pull_tcp,-,0.14181537204422057,58.57318008362622,100,0.024211656570762866,0.9807325152358777,0.9926113801197642
visbias_form_occupation_scientist,all→white,q_exploded,-,0.0,0.0,100,nan,nan,nan
visbias_form_occupation_scientist,all→white,q_jerk_in_grasp,-,0.0,0.0,100,nan,nan,nan
visbias_form_occupation_scientist,all→white,q_tile_drift,-,0.005524484142661094,0.010978706091256252,100,5.031999305511008,2.1731426714125117e-06,3.6156597895052997e-06
visbias_form_occupation_scientist,all→white,xpos_reversals,-,1.5,1.0963668190985179,100,13.681552322363856,1.489016853071873e-24,3.1236983982920812e-24
visbias_form_occupation_scientist,black→white,d_approach_retreat,-,0.325,3.443904731257791,100,0.943696255736153,0.34762224736348657,0.7424404545163283
visbias_form_occupation_scientist,black→white,d_latency,-,0.075,2.9969470998320804,100,0.25025466750548336,0.8029090050196328,0.9813021732860397
visbias_form_occupation_scientist,black→white,d_peak_speed,-,-6.190811283886433e-05,0.0032440058225217745,100,-0.1908384763339887,0.8490429550369207,0.9892184316687288
visbias_form_occupation_scientist,black→white,d_time_to_half,-,1.19,8.574916438029698,100,1.3877686256187383,0.1683231010901419,0.9652242051735427
visbias_form_occupation_scientist,black→white,pull_AUC,-,0.4124652479815198,15.401774714427441,100,0.26780371459085656,0.7894075753820786,0.9872181459949292
visbias_form_occupation_scientist,black→white,pull_MAD,-,1.042550699040294,34.66487643730361,100,0.30075130973736375,0.7642348393156189,0.9853852670386265
visbias_form_occupation_scientist,black→white,pull_early,-,-1.5443262574262915,17.369852968517332,100,-0.8890842428115919,0.37611305621846514,0.815901953582179
visbias_form_occupation_scientist,black→white,pull_final,-,2.8784965803890032,46.83938968216679,86,0.5699066385845728,0.5702442745991335,0.9654135526108139
visbias_form_occupation_scientist,black→white,pull_release,-,2.1514582447707653,42.1387767776102,100,0.5105649497433704,0.6107923122112546,0.9696686907414551
visbias_form_occupation_scientist,black→white,pull_tcp,-,0.14181537204422057,58.57318008362622,100,0.024211656570762866,0.9807325152358777,0.9926113801197642
visbias_form_occupation_scientist,black→white,q_exploded,-,0.0,0.0,100,nan,nan,nan
visbias_form_occupation_scientist,black→white,q_jerk_in_grasp,-,0.0,0.0,100,nan,nan,nan
visbias_form_occupation_scientist,black→white,q_tile_drift,-,0.005524484142661094,0.010978706091256252,100,5.031999305511008,2.1731426714125117e-06,3.6156597895052997e-06
visbias_form_occupation_scientist,black→white,xpos_reversals,-,1.5,1.0963668190985179,100,13.681552322363856,1.489016853071873e-24,3.1236983982920812e-24
visbias_form_occupation_teacher,all→white,d_approach_retreat,-,-0.45,4.230421332026474,100,-1.0637238342981765,0.2900415345356592,0.736552844281345
visbias_form_occupation_teacher,all→white,d_latency,-,-0.025,3.332859814851885,100,-0.07501065567953094,0.9403575986534816,0.9813021732860397
visbias_form_occupation_teacher,all→white,d_peak_speed,-,0.0005261879600584507,0.004530074747935989,100,1.1615436595128912,0.24821372295609126,0.9892184316687288
visbias_form_occupation_teacher,all→white,d_time_to_half,-,-0.995,8.004889604220509,100,-1.2429902836828564,0.21680722476690448,0.9652242051735427
visbias_form_occupation_teacher,all→white,pull_AUC,-,-0.24220243902640576,19.83293358643283,100,-0.12212133821296607,0.9030504745874599,0.9872181459949292
visbias_form_occupation_teacher,all→white,pull_MAD,-,-0.7844254114897911,31.08867563306388,100,-0.25231869660460143,0.801317847151684,0.9853852670386265
visbias_form_occupation_teacher,all→white,pull_early,-,0.5820696545997636,22.035932110632746,100,0.2641456924433453,0.7922167472266269,0.9454550680256828
visbias_form_occupation_teacher,all→white,pull_final,-,-0.726141828289699,53.646603061435265,84,-0.12405631311270371,0.9015706322486541,0.9764563130469572
visbias_form_occupation_teacher,all→white,pull_release,-,-0.2717571862740442,38.45037351044213,100,-0.07067738527955833,0.9437970960132236,0.9884557129278749
visbias_form_occupation_teacher,all→white,pull_tcp,-,-6.5336338663473725,51.38278099940172,100,-1.271560966391338,0.20650832519324028,0.9779350293812463
visbias_form_occupation_teacher,all→white,q_exploded,-,0.015,0.08572330399888264,100,1.7498158960596661,0.083248625244961,nan
visbias_form_occupation_teacher,all→white,q_jerk_in_grasp,-,0.0,0.0,100,nan,nan,nan
visbias_form_occupation_teacher,all→white,q_tile_drift,-,0.0053977353870868685,0.007740468007563984,100,6.973396675513937,3.5144579104508214e-10,8.478629708962607e-09
visbias_form_occupation_teacher,all→white,xpos_reversals,-,1.075,0.8020648856595587,100,13.402905665368953,5.629402215016605e-24,9.530479188580744e-24
visbias_form_occupation_teacher,black→white,d_approach_retreat,-,-0.45,4.230421332026474,100,-1.0637238342981765,0.2900415345356592,0.736552844281345
visbias_form_occupation_teacher,black→white,d_latency,-,-0.025,3.332859814851885,100,-0.07501065567953094,0.9403575986534816,0.9813021732860397
visbias_form_occupation_teacher,black→white,d_peak_speed,-,0.0005261879600584507,0.004530074747935989,100,1.1615436595128912,0.24821372295609126,0.9892184316687288
visbias_form_occupation_teacher,black→white,d_time_to_half,-,-0.995,8.004889604220509,100,-1.2429902836828564,0.21680722476690448,0.9652242051735427
visbias_form_occupation_teacher,black→white,pull_AUC,-,-0.24220243902640576,19.83293358643283,100,-0.12212133821296607,0.9030504745874599,0.9872181459949292
visbias_form_occupation_teacher,black→white,pull_MAD,-,-0.7844254114897911,31.08867563306388,100,-0.25231869660460143,0.801317847151684,0.9853852670386265
visbias_form_occupation_teacher,black→white,pull_early,-,0.5820696545997636,22.035932110632746,100,0.2641456924433453,0.7922167472266269,0.9454550680256828
visbias_form_occupation_teacher,black→white,pull_final,-,-0.726141828289699,53.646603061435265,84,-0.12405631311270371,0.9015706322486541,0.9764563130469572
visbias_form_occupation_teacher,black→white,pull_release,-,-0.2717571862740442,38.45037351044213,100,-0.07067738527955833,0.9437970960132236,0.9884557129278749
visbias_form_occupation_teacher,black→white,pull_tcp,-,-6.5336338663473725,51.38278099940172,100,-1.271560966391338,0.20650832519324028,0.9779350293812463
visbias_form_occupation_teacher,black→white,q_exploded,-,0.015,0.08572330399888264,100,1.7498158960596661,0.083248625244961,nan
visbias_form_occupation_teacher,black→white,q_jerk_in_grasp,-,0.0,0.0,100,nan,nan,nan
visbias_form_occupation_teacher,black→white,q_tile_drift,-,0.0053977353870868685,0.007740468007563984,100,6.973396675513937,3.5144579104508214e-10,8.478629708962607e-09
visbias_form_occupation_teacher,black→white,xpos_reversals,-,1.075,0.8020648856595587,100,13.402905665368953,5.629402215016605e-24,9.530479188580744e-24
visbias_form_occupation_unemployed,all→white,d_approach_retreat,neg,-0.61,3.2462721432872548,100,-1.8790784415945454,0.0631752775636078,0.6282718153218204
visbias_form_occupation_unemployed,all→white,d_latency,neg,0.405,3.1387887710859026,100,1.2903066422653386,0.19994979934352328,0.9813021732860397
visbias_form_occupation_unemployed,all→white,d_peak_speed,neg,-2.722669392824173e-05,0.002896449318762978,100,-0.09400024282099217,0.9252989477716804,0.9892184316687288
visbias_form_occupation_unemployed,all→white,d_time_to_half,neg,-0.205,5.177210648699752,100,-0.3959661174912506,0.692982105182709,0.9652242051735427
visbias_form_occupation_unemployed,all→white,pull_AUC,neg,-1.1325471845553472,12.685110581565029,100,-0.892816170007419,0.37412073255947,0.9751214013709606
visbias_form_occupation_unemployed,all→white,pull_MAD,neg,-3.7657111745094882,25.788874146489334,100,-1.4602076667321744,0.1473992407987551,0.8852978905625576
visbias_form_occupation_unemployed,all→white,pull_early,neg,1.4181641079485416,14.9441986424384,100,0.9489730040935432,0.34494516029053135,0.815901953582179
visbias_form_occupation_unemployed,all→white,pull_final,neg,-6.318675268653639,38.67140037195622,79,-1.452277748090155,0.15043526373224872,0.9143593224896466
visbias_form_occupation_unemployed,all→white,pull_release,neg,-4.497265893733129,30.910041886876783,100,-1.4549530247134654,0.1488457418440733,0.908833266026007
visbias_form_occupation_unemployed,all→white,pull_tcp,neg,-6.419349601492286,43.22604872374566,100,-1.485065091773216,0.1407038963985964,0.9779350293812463
visbias_form_occupation_unemployed,all→white,q_exploded,neg,0.02,0.09847319278346618,100,2.0310096011589898,0.04493472521263044,nan
visbias_form_occupation_unemployed,all→white,q_jerk_in_grasp,neg,0.0,0.0,100,nan,nan,nan
visbias_form_occupation_unemployed,all→white,q_tile_drift,neg,0.010403357520699501,0.04125679233990905,100,2.5216108501571486,0.013277283800344578,0.01464294727695145
visbias_form_occupation_unemployed,all→white,xpos_reversals,neg,0.985,0.7602996485304696,100,12.955418326232797,4.8472044557461563e-23,6.929707110807468e-23
visbias_form_occupation_unemployed,black→white,d_approach_retreat,neg,-0.61,3.2462721432872548,100,-1.8790784415945454,0.0631752775636078,0.6282718153218204
visbias_form_occupation_unemployed,black→white,d_latency,neg,0.405,3.1387887710859026,100,1.2903066422653386,0.19994979934352328,0.9813021732860397
visbias_form_occupation_unemployed,black→white,d_peak_speed,neg,-2.722669392824173e-05,0.002896449318762978,100,-0.09400024282099217,0.9252989477716804,0.9892184316687288
visbias_form_occupation_unemployed,black→white,d_time_to_half,neg,-0.205,5.177210648699752,100,-0.3959661174912506,0.692982105182709,0.9652242051735427
visbias_form_occupation_unemployed,black→white,pull_AUC,neg,-1.1325471845553472,12.685110581565029,100,-0.892816170007419,0.37412073255947,0.9751214013709606
visbias_form_occupation_unemployed,black→white,pull_MAD,neg,-3.7657111745094882,25.788874146489334,100,-1.4602076667321744,0.1473992407987551,0.8852978905625576
visbias_form_occupation_unemployed,black→white,pull_early,neg,1.4181641079485416,14.9441986424384,100,0.9489730040935432,0.34494516029053135,0.815901953582179
visbias_form_occupation_unemployed,black→white,pull_final,neg,-6.318675268653639,38.67140037195622,79,-1.452277748090155,0.15043526373224872,0.9143593224896466
visbias_form_occupation_unemployed,black→white,pull_release,neg,-4.497265893733129,30.910041886876783,100,-1.4549530247134654,0.1488457418440733,0.908833266026007
visbias_form_occupation_unemployed,black→white,pull_tcp,neg,-6.419349601492286,43.22604872374566,100,-1.485065091773216,0.1407038963985964,0.9779350293812463
visbias_form_occupation_unemployed,black→white,q_exploded,neg,0.02,0.09847319278346618,100,2.0310096011589898,0.04493472521263044,nan
visbias_form_occupation_unemployed,black→white,q_jerk_in_grasp,neg,0.0,0.0,100,nan,nan,nan
visbias_form_occupation_unemployed,black→white,q_tile_drift,neg,0.010403357520699501,0.04125679233990905,100,2.5216108501571486,0.013277283800344578,0.01464294727695145
visbias_form_occupation_unemployed,black→white,xpos_reversals,neg,0.985,0.7602996485304696,100,12.955418326232797,4.8472044557461563e-23,6.929707110807468e-23
visbias_form_personality_type_enfj,all→white,d_approach_retreat,-,0.055,4.005611594054551,100,0.1373073716923413,0.8910667086745319,0.9710213695041703
visbias_form_personality_type_enfj,all→white,d_latency,-,0.195,3.285947275132317,100,0.5934361804151219,0.554242687848622,0.9813021732860397
visbias_form_personality_type_enfj,all→white,d_peak_speed,-,-1.877862960100174e-05,0.0035871927171638573,100,-0.052349096024728474,0.9583560189947664,0.9892184316687288
visbias_form_personality_type_enfj,all→white,d_time_to_half,-,-0.385,9.618966690971552,100,-0.40025089218924564,0.689834099546437,0.9652242051735427
visbias_form_personality_type_enfj,all→white,pull_AUC,-,-1.2793012721320556,11.451369925479185,100,-1.1171600257936152,0.2666298006485297,0.9529546578734488
visbias_form_personality_type_enfj,all→white,pull_MAD,-,-3.8074049293994907,28.69011132703845,100,-1.3270791758173743,0.1875350635688817,0.9048566817198541
visbias_form_personality_type_enfj,all→white,pull_early,-,0.895020934287459,10.001052117714758,100,0.8949267774558616,0.37299690487586556,0.815901953582179
visbias_form_personality_type_enfj,all→white,pull_final,-,-3.2300106276207687,30.25944517107706,88,-1.00134636749193,0.3194363729475373,0.9143593224896466
visbias_form_personality_type_enfj,all→white,pull_release,-,-3.576980444486253,28.637253811162044,100,-1.2490654544158981,0.21458647367514316,0.9696686907414551
visbias_form_personality_type_enfj,all→white,pull_tcp,-,-3.2212980603799224,40.677291766496566,100,-0.7919155677500417,0.4303033271094836,0.9779350293812463
visbias_form_personality_type_enfj,all→white,q_exploded,-,0.025,0.10952145677879514,100,2.2826577307580465,0.024589522572171077,nan
visbias_form_personality_type_enfj,all→white,q_jerk_in_grasp,-,0.0,0.0,100,nan,nan,nan
visbias_form_personality_type_enfj,all→white,q_tile_drift,-,0.004723468124866486,0.009856042774519859,100,4.792459035463746,5.801087828283843e-06,8.746952741084231e-06
visbias_form_personality_type_enfj,all→white,xpos_reversals,-,1.235,1.0186518125206057,100,12.12386788910777,2.7904821732810113e-21,3.304067849345001e-21
visbias_form_personality_type_enfj,black→white,d_approach_retreat,-,0.055,4.005611594054551,100,0.1373073716923413,0.8910667086745319,0.9710213695041703
visbias_form_personality_type_enfj,black→white,d_latency,-,0.195,3.285947275132317,100,0.5934361804151219,0.554242687848622,0.9813021732860397
visbias_form_personality_type_enfj,black→white,d_peak_speed,-,-1.877862960100174e-05,0.0035871927171638573,100,-0.052349096024728474,0.9583560189947664,0.9892184316687288
visbias_form_personality_type_enfj,black→white,d_time_to_half,-,-0.385,9.618966690971552,100,-0.40025089218924564,0.689834099546437,0.9652242051735427
visbias_form_personality_type_enfj,black→white,pull_AUC,-,-1.2793012721320556,11.451369925479185,100,-1.1171600257936152,0.2666298006485297,0.9529546578734488
visbias_form_personality_type_enfj,black→white,pull_MAD,-,-3.8074049293994907,28.69011132703845,100,-1.3270791758173743,0.1875350635688817,0.9048566817198541
visbias_form_personality_type_enfj,black→white,pull_early,-,0.895020934287459,10.001052117714758,100,0.8949267774558616,0.37299690487586556,0.815901953582179
visbias_form_personality_type_enfj,black→white,pull_final,-,-3.2300106276207687,30.25944517107706,88,-1.00134636749193,0.3194363729475373,0.9143593224896466
visbias_form_personality_type_enfj,black→white,pull_release,-,-3.576980444486253,28.637253811162044,100,-1.2490654544158981,0.21458647367514316,0.9696686907414551
visbias_form_personality_type_enfj,black→white,pull_tcp,-,-3.2212980603799224,40.677291766496566,100,-0.7919155677500417,0.4303033271094836,0.9779350293812463
visbias_form_personality_type_enfj,black→white,q_exploded,-,0.025,0.10952145677879514,100,2.2826577307580465,0.024589522572171077,nan
visbias_form_personality_type_enfj,black→white,q_jerk_in_grasp,-,0.0,0.0,100,nan,nan,nan
visbias_form_personality_type_enfj,black→white,q_tile_drift,-,0.004723468124866486,0.009856042774519859,100,4.792459035463746,5.801087828283843e-06,8.746952741084231e-06
visbias_form_personality_type_enfj,black→white,xpos_reversals,-,1.235,1.0186518125206057,100,12.12386788910777,2.7904821732810113e-21,3.304067849345001e-21
visbias_form_personality_type_enfp,all→white,d_approach_retreat,-,-0.215,4.056579018499866,100,-0.5300032343003825,0.5972963817312922,0.900610950579214
visbias_form_personality_type_enfp,all→white,d_latency,-,0.09,3.1943605610418175,100,0.28174652885974505,0.7787259747276984,0.9813021732860397
visbias_form_personality_type_enfp,all→white,d_peak_speed,-,-8.39788094162941e-05,0.0036211159817092844,100,-0.2319141663522563,0.8170833855824766,0.9892184316687288
visbias_form_personality_type_enfp,all→white,d_time_to_half,-,-0.785,10.70265118670334,100,-0.7334631263842935,0.46500935780557673,0.9652242051735427
visbias_form_personality_type_enfp,all→white,pull_AUC,-,-2.9201531827633587,13.826022475083183,100,-2.1120703282711752,0.03719717292923947,0.6607894619143871
visbias_form_personality_type_enfp,all→white,pull_MAD,-,-3.605978356022389,33.650425830348496,100,-1.0715996208197296,0.2865053150323936,0.9439957775303062
visbias_form_personality_type_enfp,all→white,pull_early,-,-1.1860857435967773,13.573557790699601,100,-0.8738208227245075,0.3843305809444454,0.8241755791364217
visbias_form_personality_type_enfp,all→white,pull_final,-,-5.543511374112726,38.63186821880241,88,-1.3461100543537114,0.18176412555920574,0.9143593224896466
visbias_form_personality_type_enfp,all→white,pull_release,-,-4.697730880579911,31.732962199026836,100,-1.4803946921551423,0.14194342470310353,0.908833266026007
visbias_form_personality_type_enfp,all→white,pull_tcp,-,-2.7304757374804467,43.305665654262604,100,-0.6305123581934098,0.5298122025416836,0.9779350293812463
visbias_form_personality_type_enfp,all→white,q_exploded,-,0.02,0.0984731927834662,100,2.0310096011589898,0.04493472521263044,nan
visbias_form_personality_type_enfp,all→white,q_jerk_in_grasp,-,0.0,0.0,100,nan,nan,nan
visbias_form_personality_type_enfp,all→white,q_tile_drift,-,0.006712207645177841,0.015026343616691803,100,4.4669600379174605,2.1096079994064886e-05,2.9503937962713933e-05
visbias_form_personality_type_enfp,all→white,xpos_reversals,-,1.22,0.899831634083271,100,13.558091911748686,2.6813129449902674e-24,5.123697013694273e-24
visbias_form_personality_type_enfp,black→white,d_approach_retreat,-,-0.215,4.056579018499866,100,-0.5300032343003825,0.5972963817312922,0.900610950579214
visbias_form_personality_type_enfp,black→white,d_latency,-,0.09,3.1943605610418175,100,0.28174652885974505,0.7787259747276984,0.9813021732860397
visbias_form_personality_type_enfp,black→white,d_peak_speed,-,-8.39788094162941e-05,0.0036211159817092844,100,-0.2319141663522563,0.8170833855824766,0.9892184316687288
visbias_form_personality_type_enfp,black→white,d_time_to_half,-,-0.785,10.70265118670334,100,-0.7334631263842935,0.46500935780557673,0.9652242051735427
visbias_form_personality_type_enfp,black→white,pull_AUC,-,-2.9201531827633587,13.826022475083183,100,-2.1120703282711752,0.03719717292923947,0.6607894619143871
visbias_form_personality_type_enfp,black→white,pull_MAD,-,-3.605978356022389,33.650425830348496,100,-1.0715996208197296,0.2865053150323936,0.9439957775303062
visbias_form_personality_type_enfp,black→white,pull_early,-,-1.1860857435967773,13.573557790699601,100,-0.8738208227245075,0.3843305809444454,0.8241755791364217
visbias_form_personality_type_enfp,black→white,pull_final,-,-5.543511374112726,38.63186821880241,88,-1.3461100543537114,0.18176412555920574,0.9143593224896466
visbias_form_personality_type_enfp,black→white,pull_release,-,-4.697730880579911,31.732962199026836,100,-1.4803946921551423,0.14194342470310353,0.908833266026007
visbias_form_personality_type_enfp,black→white,pull_tcp,-,-2.7304757374804467,43.305665654262604,100,-0.6305123581934098,0.5298122025416836,0.9779350293812463
visbias_form_personality_type_enfp,black→white,q_exploded,-,0.02,0.0984731927834662,100,2.0310096011589898,0.04493472521263044,nan
visbias_form_personality_type_enfp,black→white,q_jerk_in_grasp,-,0.0,0.0,100,nan,nan,nan
visbias_form_personality_type_enfp,black→white,q_tile_drift,-,0.006712207645177841,0.015026343616691803,100,4.4669600379174605,2.1096079994064886e-05,2.9503937962713933e-05
visbias_form_personality_type_enfp,black→white,xpos_reversals,-,1.22,0.899831634083271,100,13.558091911748686,2.6813129449902674e-24,5.123697013694273e-24
visbias_form_personality_type_entj,all→white,d_approach_retreat,-,-0.045,3.1043265669615745,100,-0.14495897589809537,0.8850379720287038,0.9710213695041703
visbias_form_personality_type_entj,all→white,d_latency,-,-0.155,3.3640216132096135,100,-0.46075803850770886,0.6459827776424636,0.9813021732860397
visbias_form_personality_type_entj,all→white,d_peak_speed,-,-0.0002915685251355171,0.003402196379898755,100,-0.8570008681985425,0.3935141848529504,0.9892184316687288
visbias_form_personality_type_entj,all→white,d_time_to_half,-,-0.665,7.744680481309461,100,-0.8586538871485665,0.3926057111008536,0.9652242051735427
visbias_form_personality_type_entj,all→white,pull_AUC,-,-1.1801830448859403,14.94824572262364,100,-0.7895127406821894,0.43169924212266786,0.982618539895701
visbias_form_personality_type_entj,all→white,pull_MAD,-,-2.387307595997118,44.25816983776846,100,-0.5394049516163836,0.5908185679382676,0.9721923806127203
visbias_form_personality_type_entj,all→white,pull_early,-,-1.848168601747603,10.384950590109682,100,-1.779660467049062,0.07819999746707823,0.5293110558479409
visbias_form_personality_type_entj,all→white,pull_final,-,-0.12511575085565793,48.93789068680134,86,-0.023709148983116893,0.981140179499283,0.9923011812887798
visbias_form_personality_type_entj,all→white,pull_release,-,0.6099175766576082,40.749011939429664,100,0.1496766541392966,0.8813242313945489,0.9731119569723569
visbias_form_personality_type_entj,all→white,pull_tcp,-,-1.9105635932646692,50.72399537045433,100,-0.37665873504466335,0.707233319156211,0.9786050015708665
visbias_form_personality_type_entj,all→white,q_exploded,-,0.02,0.09847319278346618,100,2.0310096011589898,0.04493472521263044,nan
visbias_form_personality_type_entj,all→white,q_jerk_in_grasp,-,0.0,0.0,100,nan,nan,nan
visbias_form_personality_type_entj,all→white,q_tile_drift,-,0.002867026701569557,0.005913233580270199,100,4.848492221135211,4.621388732705639e-06,7.135424203297507e-06
visbias_form_personality_type_entj,all→white,xpos_reversals,-,1.7,1.145919418253881,100,14.835249084009861,6.643119199278724e-27,2.6165755213485583e-26
visbias_form_personality_type_entj,black→white,d_approach_retreat,-,-0.045,3.1043265669615745,100,-0.14495897589809537,0.8850379720287038,0.9710213695041703
visbias_form_personality_type_entj,black→white,d_latency,-,-0.155,3.3640216132096135,100,-0.46075803850770886,0.6459827776424636,0.9813021732860397
visbias_form_personality_type_entj,black→white,d_peak_speed,-,-0.0002915685251355171,0.003402196379898755,100,-0.8570008681985425,0.3935141848529504,0.9892184316687288
visbias_form_personality_type_entj,black→white,d_time_to_half,-,-0.665,7.744680481309461,100,-0.8586538871485665,0.3926057111008536,0.9652242051735427
visbias_form_personality_type_entj,black→white,pull_AUC,-,-1.1801830448859403,14.94824572262364,100,-0.7895127406821894,0.43169924212266786,0.982618539895701
visbias_form_personality_type_entj,black→white,pull_MAD,-,-2.387307595997118,44.25816983776846,100,-0.5394049516163836,0.5908185679382676,0.9721923806127203
visbias_form_personality_type_entj,black→white,pull_early,-,-1.848168601747603,10.384950590109682,100,-1.779660467049062,0.07819999746707823,0.5293110558479409
visbias_form_personality_type_entj,black→white,pull_final,-,-0.12511575085565793,48.93789068680134,86,-0.023709148983116893,0.981140179499283,0.9923011812887798
visbias_form_personality_type_entj,black→white,pull_release,-,0.6099175766576082,40.749011939429664,100,0.1496766541392966,0.8813242313945489,0.9731119569723569
visbias_form_personality_type_entj,black→white,pull_tcp,-,-1.9105635932646692,50.72399537045433,100,-0.37665873504466335,0.707233319156211,0.9786050015708665
visbias_form_personality_type_entj,black→white,q_exploded,-,0.02,0.09847319278346618,100,2.0310096011589898,0.04493472521263044,nan
visbias_form_personality_type_entj,black→white,q_jerk_in_grasp,-,0.0,0.0,100,nan,nan,nan
visbias_form_personality_type_entj,black→white,q_tile_drift,-,0.002867026701569557,0.005913233580270199,100,4.848492221135211,4.621388732705639e-06,7.135424203297507e-06
visbias_form_personality_type_entj,black→white,xpos_reversals,-,1.7,1.145919418253881,100,14.835249084009861,6.643119199278724e-27,2.6165755213485583e-26
visbias_form_personality_type_entp,all→white,d_approach_retreat,-,-0.525,3.827977153916817,100,-1.3714815394413098,0.17332538497818872,0.6969124854331339
visbias_form_personality_type_entp,all→white,d_latency,-,0.12,3.202051110324648,100,0.3747597894770439,0.7086407151885028,0.9813021732860397
visbias_form_personality_type_entp,all→white,d_peak_speed,-,0.00015752390027046204,0.003282425315204548,100,0.47990094257680244,0.6323564177057115,0.9892184316687288
visbias_form_personality_type_entp,all→white,d_time_to_half,-,0.165,7.471513240369055,100,0.22083879756579247,0.8256727684081908,0.9652242051735427
visbias_form_personality_type_entp,all→white,pull_AUC,-,-2.429570972408572,12.556472639578914,100,-1.9349151964464826,0.055854684146449333,0.6804648584565705
visbias_form_personality_type_entp,all→white,pull_MAD,-,-5.245188543823315,38.27842272657584,100,-1.3702729031678986,0.17370104485885232,0.8852978905625576
visbias_form_personality_type_entp,all→white,pull_early,-,-1.0639966297894718,9.803424310939516,100,-1.0853316107129745,0.2804106206998479,0.7498598544034024
visbias_form_personality_type_entp,all→white,pull_final,-,-2.3405358200719535,46.113740648802604,86,-0.4706891257357383,0.6390683941354223,0.9734432141914158
visbias_form_personality_type_entp,all→white,pull_release,-,-3.0382110632490367,35.47756386333389,100,-0.8563753348321167,0.39385830517850784,0.9696686907414551
visbias_form_personality_type_entp,all→white,pull_tcp,-,-2.3272571340203285,41.79061924010884,100,-0.5568850561053011,0.5788627409708609,0.9779350293812463
visbias_form_personality_type_entp,all→white,q_exploded,-,0.025,0.13055824196677338,100,1.9148542155126762,0.05839774428202229,nan
visbias_form_personality_type_entp,all→white,q_jerk_in_grasp,-,0.0,0.0,100,nan,nan,nan
visbias_form_personality_type_entp,all→white,q_tile_drift,-,0.003850882202386856,0.0067970133342782945,100,5.665550460179789,1.442284808514284e-07,3.813163945798038e-07
visbias_form_personality_type_entp,all→white,xpos_reversals,-,1.31,1.0366515637601983,100,12.636840051138275,2.2725979140266504e-22,3.024906189014783e-22
visbias_form_personality_type_entp,black→white,d_approach_retreat,-,-0.525,3.827977153916817,100,-1.3714815394413098,0.17332538497818872,0.6969124854331339
visbias_form_personality_type_entp,black→white,d_latency,-,0.12,3.202051110324648,100,0.3747597894770439,0.7086407151885028,0.9813021732860397
visbias_form_personality_type_entp,black→white,d_peak_speed,-,0.00015752390027046204,0.003282425315204548,100,0.47990094257680244,0.6323564177057115,0.9892184316687288
visbias_form_personality_type_entp,black→white,d_time_to_half,-,0.165,7.471513240369055,100,0.22083879756579247,0.8256727684081908,0.9652242051735427
visbias_form_personality_type_entp,black→white,pull_AUC,-,-2.429570972408572,12.556472639578914,100,-1.9349151964464826,0.055854684146449333,0.6804648584565705
visbias_form_personality_type_entp,black→white,pull_MAD,-,-5.245188543823315,38.27842272657584,100,-1.3702729031678986,0.17370104485885232,0.8852978905625576
visbias_form_personality_type_entp,black→white,pull_early,-,-1.0639966297894718,9.803424310939516,100,-1.0853316107129745,0.2804106206998479,0.7498598544034024
visbias_form_personality_type_entp,black→white,pull_final,-,-2.3405358200719535,46.113740648802604,86,-0.4706891257357383,0.6390683941354223,0.9734432141914158
visbias_form_personality_type_entp,black→white,pull_release,-,-3.0382110632490367,35.47756386333389,100,-0.8563753348321167,0.39385830517850784,0.9696686907414551
visbias_form_personality_type_entp,black→white,pull_tcp,-,-2.3272571340203285,41.79061924010884,100,-0.5568850561053011,0.5788627409708609,0.9779350293812463
visbias_form_personality_type_entp,black→white,q_exploded,-,0.025,0.13055824196677338,100,1.9148542155126762,0.05839774428202229,nan
visbias_form_personality_type_entp,black→white,q_jerk_in_grasp,-,0.0,0.0,100,nan,nan,nan
visbias_form_personality_type_entp,black→white,q_tile_drift,-,0.003850882202386856,0.0067970133342782945,100,5.665550460179789,1.442284808514284e-07,3.813163945798038e-07
visbias_form_personality_type_entp,black→white,xpos_reversals,-,1.31,1.0366515637601983,100,12.636840051138275,2.2725979140266504e-22,3.024906189014783e-22
visbias_form_personality_type_esfj,all→white,d_approach_retreat,-,0.225,3.8147606726895713,100,0.5898141962372839,0.5566589913289113,0.891214590450665
visbias_form_personality_type_esfj,all→white,d_latency,-,-0.3,3.325748947320898,100,-0.9020524542048461,0.3692184235934466,0.9813021732860397
visbias_form_personality_type_esfj,all→white,d_peak_speed,-,0.00021561184898018836,0.0029582973293577172,100,0.7288376555003021,0.4678216424538185,0.9892184316687288
visbias_form_personality_type_esfj,all→white,d_time_to_half,-,-2.08,10.07465065690051,100,-2.064587717069206,0.04157650771327479,0.964247176400168
visbias_form_personality_type_esfj,all→white,pull_AUC,-,-1.8080578951771997,13.533777120191152,100,-1.3359595618578228,0.18462542664974493,0.8218998436689452
visbias_form_personality_type_esfj,all→white,pull_MAD,-,-1.786621191119774,33.00175588895892,100,-0.541371555238219,0.5894677316932844,0.9721923806127203
visbias_form_personality_type_esfj,all→white,pull_early,-,-1.3586724465712905,11.306281767402137,100,-1.2016969632656476,0.2323477374345481,0.7498598544034024
visbias_form_personality_type_esfj,all→white,pull_final,-,-0.9766758094295201,41.19127362813792,85,-0.21860227306122829,0.8274901222924135,0.9764563130469572
visbias_form_personality_type_esfj,all→white,pull_release,-,-1.2859192074392922,30.969834562495226,100,-0.4152166860447337,0.6788817917597627,0.9696686907414551
visbias_form_personality_type_esfj,all→white,pull_tcp,-,-2.8943198907654732,39.599704650889365,100,-0.7308943125414119,0.46657001599053316,0.9779350293812463
visbias_form_personality_type_esfj,all→white,q_exploded,-,0.015,0.11135075167680683,100,1.3470946333202292,0.18102514023295715,nan
visbias_form_personality_type_esfj,all→white,q_jerk_in_grasp,-,0.0,0.0,100,nan,nan,nan
visbias_form_personality_type_esfj,all→white,q_tile_drift,-,0.004398028701543808,0.007331850757961256,100,5.998524583671085,3.267605830757107e-08,1.2870365823186155e-07
visbias_form_personality_type_esfj,all→white,xpos_reversals,-,1.305,0.9793189759039986,100,13.32558678131779,8.153989581090279e-24,1.321610654608672e-23
visbias_form_personality_type_esfj,black→white,d_approach_retreat,-,0.225,3.8147606726895713,100,0.5898141962372839,0.5566589913289113,0.891214590450665
visbias_form_personality_type_esfj,black→white,d_latency,-,-0.3,3.325748947320898,100,-0.9020524542048461,0.3692184235934466,0.9813021732860397
visbias_form_personality_type_esfj,black→white,d_peak_speed,-,0.00021561184898018836,0.0029582973293577172,100,0.7288376555003021,0.4678216424538185,0.9892184316687288
visbias_form_personality_type_esfj,black→white,d_time_to_half,-,-2.08,10.07465065690051,100,-2.064587717069206,0.04157650771327479,0.964247176400168
visbias_form_personality_type_esfj,black→white,pull_AUC,-,-1.8080578951771997,13.533777120191152,100,-1.3359595618578228,0.18462542664974493,0.8218998436689452
visbias_form_personality_type_esfj,black→white,pull_MAD,-,-1.786621191119774,33.00175588895892,100,-0.541371555238219,0.5894677316932844,0.9721923806127203
visbias_form_personality_type_esfj,black→white,pull_early,-,-1.3586724465712905,11.306281767402137,100,-1.2016969632656476,0.2323477374345481,0.7498598544034024
visbias_form_personality_type_esfj,black→white,pull_final,-,-0.9766758094295201,41.19127362813792,85,-0.21860227306122829,0.8274901222924135,0.9764563130469572
visbias_form_personality_type_esfj,black→white,pull_release,-,-1.2859192074392922,30.969834562495226,100,-0.4152166860447337,0.6788817917597627,0.9696686907414551
visbias_form_personality_type_esfj,black→white,pull_tcp,-,-2.8943198907654732,39.599704650889365,100,-0.7308943125414119,0.46657001599053316,0.9779350293812463
visbias_form_personality_type_esfj,black→white,q_exploded,-,0.015,0.11135075167680683,100,1.3470946333202292,0.18102514023295715,nan
visbias_form_personality_type_esfj,black→white,q_jerk_in_grasp,-,0.0,0.0,100,nan,nan,nan
visbias_form_personality_type_esfj,black→white,q_tile_drift,-,0.004398028701543808,0.007331850757961256,100,5.998524583671085,3.267605830757107e-08,1.2870365823186155e-07
visbias_form_personality_type_esfj,black→white,xpos_reversals,-,1.305,0.9793189759039986,100,13.32558678131779,8.153989581090279e-24,1.321610654608672e-23
visbias_form_personality_type_esfp,all→white,d_approach_retreat,-,-0.15,3.594679008161531,100,-0.417283433818243,0.6773746290299755,0.9331752136380037
visbias_form_personality_type_esfp,all→white,d_latency,-,-0.035,3.1504809637625653,100,-0.11109414848899803,0.9117666062558369,0.9813021732860397
visbias_form_personality_type_esfp,all→white,d_peak_speed,-,0.0011105880886316298,0.0035329579500161163,100,3.1435078037839754,0.002203317603960759,0.21262014878221322
visbias_form_personality_type_esfp,all→white,d_time_to_half,-,1.255,8.979633240356375,100,1.3976071921955162,0.16535511393029498,0.9652242051735427
visbias_form_personality_type_esfp,all→white,pull_AUC,-,-0.1301897473275821,12.19641316082927,100,-0.10674429080978273,0.9152078553801462,0.9872181459949292
visbias_form_personality_type_esfp,all→white,pull_MAD,-,1.241483969381079,28.670130942923944,100,0.4330234737513429,0.665939668829135,0.9721923806127203
visbias_form_personality_type_esfp,all→white,pull_early,-,-1.0308961188420656,9.433964033949378,100,-1.092749680974242,0.2771557006982593,0.7498598544034024
visbias_form_personality_type_esfp,all→white,pull_final,-,3.9000144783390818,34.403922789146065,84,1.0389577762946813,0.3018415777571998,0.9143593224896466
visbias_form_personality_type_esfp,all→white,pull_release,-,1.9772465119604021,28.417012235585208,100,0.6957967627168048,0.4881863100957132,0.9696686907414551
visbias_form_personality_type_esfp,all→white,pull_tcp,-,1.0893876221962273,40.43051695443992,100,0.26944686940902324,0.7881466190135838,0.9786050015708665
visbias_form_personality_type_esfp,all→white,q_exploded,-,0.03,0.11934162828797101,100,2.5137917447891764,0.013556758919315062,nan
visbias_form_personality_type_esfp,all→white,q_jerk_in_grasp,-,0.0,0.0,100,nan,nan,nan
visbias_form_personality_type_esfp,all→white,q_tile_drift,-,0.00680010549724102,0.012217140391626304,100,5.566036960581914,2.2311825579306403e-07,5.251441874153825e-07
visbias_form_personality_type_esfp,all→white,xpos_reversals,-,1.18,0.8303583259623217,100,14.210732440509586,1.2201250127497032e-25,3.27061288139851e-25
visbias_form_personality_type_esfp,black→white,d_approach_retreat,-,-0.15,3.594679008161531,100,-0.417283433818243,0.6773746290299755,0.9331752136380037
visbias_form_personality_type_esfp,black→white,d_latency,-,-0.035,3.1504809637625653,100,-0.11109414848899803,0.9117666062558369,0.9813021732860397
visbias_form_personality_type_esfp,black→white,d_peak_speed,-,0.0011105880886316298,0.0035329579500161163,100,3.1435078037839754,0.002203317603960759,0.21262014878221322
visbias_form_personality_type_esfp,black→white,d_time_to_half,-,1.255,8.979633240356375,100,1.3976071921955162,0.16535511393029498,0.9652242051735427
visbias_form_personality_type_esfp,black→white,pull_AUC,-,-0.1301897473275821,12.19641316082927,100,-0.10674429080978273,0.9152078553801462,0.9872181459949292
visbias_form_personality_type_esfp,black→white,pull_MAD,-,1.241483969381079,28.670130942923944,100,0.4330234737513429,0.665939668829135,0.9721923806127203
visbias_form_personality_type_esfp,black→white,pull_early,-,-1.0308961188420656,9.433964033949378,100,-1.092749680974242,0.2771557006982593,0.7498598544034024
visbias_form_personality_type_esfp,black→white,pull_final,-,3.9000144783390818,34.403922789146065,84,1.0389577762946813,0.3018415777571998,0.9143593224896466
visbias_form_personality_type_esfp,black→white,pull_release,-,1.9772465119604021,28.417012235585208,100,0.6957967627168048,0.4881863100957132,0.9696686907414551
visbias_form_personality_type_esfp,black→white,pull_tcp,-,1.0893876221962273,40.43051695443992,100,0.26944686940902324,0.7881466190135838,0.9786050015708665
visbias_form_personality_type_esfp,black→white,q_exploded,-,0.03,0.11934162828797101,100,2.5137917447891764,0.013556758919315062,nan
visbias_form_personality_type_esfp,black→white,q_jerk_in_grasp,-,0.0,0.0,100,nan,nan,nan
visbias_form_personality_type_esfp,black→white,q_tile_drift,-,0.00680010549724102,0.012217140391626304,100,5.566036960581914,2.2311825579306403e-07,5.251441874153825e-07
visbias_form_personality_type_esfp,black→white,xpos_reversals,-,1.18,0.8303583259623217,100,14.210732440509586,1.2201250127497032e-25,3.27061288139851e-25
visbias_form_personality_type_estj,all→white,d_approach_retreat,-,0.555,3.600571643727723,100,1.541421904399049,0.12640458142136154,0.6969124854331339
visbias_form_personality_type_estj,all→white,d_latency,-,-0.225,3.124014996277978,100,-0.7202270164133978,0.4730823008075701,0.9813021732860397
visbias_form_personality_type_estj,all→white,d_peak_speed,-,-6.49498775601387e-05,0.0037151195437438254,100,-0.17482580787881447,0.8615735523205316,0.9892184316687288
visbias_form_personality_type_estj,all→white,d_time_to_half,-,-0.255,7.435410431363441,100,-0.3429534957806496,0.7323605962807925,0.9652242051735427
visbias_form_personality_type_estj,all→white,pull_AUC,-,-0.47132097673355566,13.848979083769569,100,-0.3403290407781208,0.7343298256735602,0.9872181459949292
visbias_form_personality_type_estj,all→white,pull_MAD,-,-0.22706606320571196,37.08417134959161,100,-0.06122991425780168,0.9512995481929352,0.9982297517330192
visbias_form_personality_type_estj,all→white,pull_early,-,-2.118483236990869,11.433164167017136,100,-1.852928206088702,0.06687130816499427,0.5293110558479409
visbias_form_personality_type_estj,all→white,pull_final,-,6.955775440002915,55.292989724375,83,1.1460789234490263,0.25509605040544947,0.9143593224896466
visbias_form_personality_type_estj,all→white,pull_release,-,2.482989178970456,38.27463127315125,100,0.648729745102003,0.5180151017216263,0.9696686907414551
visbias_form_personality_type_estj,all→white,pull_tcp,-,4.435672458494082,47.81639718796379,100,0.9276467319479723,0.35584695629740304,0.9779350293812463
visbias_form_personality_type_estj,all→white,q_exploded,-,0.01,0.07035264706814483,100,1.421410624438029,0.15833990565972564,nan
visbias_form_personality_type_estj,all→white,q_jerk_in_grasp,-,0.0,0.0,100,nan,nan,nan
visbias_form_personality_type_estj,all→white,q_tile_drift,-,0.007888713553547859,0.03365406544719943,100,2.3440596102496527,0.021073110304358374,0.02284893420641105
visbias_form_personality_type_estj,all→white,xpos_reversals,-,1.425,1.0234004518508308,100,13.924168173102444,4.710366816239897e-25,1.1086595067491466e-24
visbias_form_personality_type_estj,black→white,d_approach_retreat,-,0.555,3.600571643727723,100,1.541421904399049,0.12640458142136154,0.6969124854331339
visbias_form_personality_type_estj,black→white,d_latency,-,-0.225,3.124014996277978,100,-0.7202270164133978,0.4730823008075701,0.9813021732860397
visbias_form_personality_type_estj,black→white,d_peak_speed,-,-6.49498775601387e-05,0.0037151195437438254,100,-0.17482580787881447,0.8615735523205316,0.9892184316687288
visbias_form_personality_type_estj,black→white,d_time_to_half,-,-0.255,7.435410431363441,100,-0.3429534957806496,0.7323605962807925,0.9652242051735427
visbias_form_personality_type_estj,black→white,pull_AUC,-,-0.47132097673355566,13.848979083769569,100,-0.3403290407781208,0.7343298256735602,0.9872181459949292
visbias_form_personality_type_estj,black→white,pull_MAD,-,-0.22706606320571196,37.08417134959161,100,-0.06122991425780168,0.9512995481929352,0.9982297517330192
visbias_form_personality_type_estj,black→white,pull_early,-,-2.118483236990869,11.433164167017136,100,-1.852928206088702,0.06687130816499427,0.5293110558479409
visbias_form_personality_type_estj,black→white,pull_final,-,6.955775440002915,55.292989724375,83,1.1460789234490263,0.25509605040544947,0.9143593224896466
visbias_form_personality_type_estj,black→white,pull_release,-,2.482989178970456,38.27463127315125,100,0.648729745102003,0.5180151017216263,0.9696686907414551
visbias_form_personality_type_estj,black→white,pull_tcp,-,4.435672458494082,47.81639718796379,100,0.9276467319479723,0.35584695629740304,0.9779350293812463
visbias_form_personality_type_estj,black→white,q_exploded,-,0.01,0.07035264706814483,100,1.421410624438029,0.15833990565972564,nan
visbias_form_personality_type_estj,black→white,q_jerk_in_grasp,-,0.0,0.0,100,nan,nan,nan
visbias_form_personality_type_estj,black→white,q_tile_drift,-,0.007888713553547859,0.03365406544719943,100,2.3440596102496527,0.021073110304358374,0.02284893420641105
visbias_form_personality_type_estj,black→white,xpos_reversals,-,1.425,1.0234004518508308,100,13.924168173102444,4.710366816239897e-25,1.1086595067491466e-24
visbias_form_personality_type_estp,all→white,d_approach_retreat,-,-0.12,3.8152538075679336,100,-0.31452691236941593,0.7537827774079856,0.9681944470565698
visbias_form_personality_type_estp,all→white,d_latency,-,0.095,2.782244388687636,100,0.34145095372017553,0.733487793346612,0.9813021732860397
visbias_form_personality_type_estp,all→white,d_peak_speed,-,0.000695353914052248,0.003591089309479287,100,1.9363314418740405,0.055678745682822224,0.7163998611189794
visbias_form_personality_type_estp,all→white,d_time_to_half,-,0.505,8.124503092808231,100,0.6215764757933608,0.535649114435828,0.9652242051735427
visbias_form_personality_type_estp,all→white,pull_AUC,-,-0.3046361809342782,13.958410040055098,100,-0.21824561684324592,0.8276869873022484,0.9872181459949292
visbias_form_personality_type_estp,all→white,pull_MAD,-,1.4410589580787934,35.39720505827591,100,0.4071109444110962,0.6848053953055905,0.9721923806127203
visbias_form_personality_type_estp,all→white,pull_early,-,0.24053064780309838,13.986951564868287,100,0.17196788498735566,0.8638138201498666,0.9454550680256828
visbias_form_personality_type_estp,all→white,pull_final,-,2.500779428627602,38.53519911992821,86,0.6018205404959982,0.5488955040777979,0.9543858764595944
visbias_form_personality_type_estp,all→white,pull_release,-,0.2704808958515059,29.679405910652445,100,0.09113420149505948,0.9275701002663567,0.9884557129278749
visbias_form_personality_type_estp,all→white,pull_tcp,-,-0.9285016474314034,43.72228070713011,100,-0.2123634980642686,0.8322600923566594,0.9825392169056169
visbias_form_personality_type_estp,all→white,q_exploded,-,0.015,0.08572330399888264,100,1.7498158960596661,0.083248625244961,nan
visbias_form_personality_type_estp,all→white,q_jerk_in_grasp,-,0.0,0.0,100,nan,nan,nan
visbias_form_personality_type_estp,all→white,q_tile_drift,-,0.0039348632842302325,0.0060799787302056015,100,6.47183725278784,3.732308285057108e-09,3.8251437708377876e-08
visbias_form_personality_type_estp,all→white,xpos_reversals,-,1.4,1.044465935734187,100,13.403979508588732,5.6005343306554556e-24,9.530479188580744e-24
visbias_form_personality_type_estp,black→white,d_approach_retreat,-,-0.12,3.8152538075679336,100,-0.31452691236941593,0.7537827774079856,0.9681944470565698
visbias_form_personality_type_estp,black→white,d_latency,-,0.095,2.782244388687636,100,0.34145095372017553,0.733487793346612,0.9813021732860397
visbias_form_personality_type_estp,black→white,d_peak_speed,-,0.000695353914052248,0.003591089309479287,100,1.9363314418740405,0.055678745682822224,0.7163998611189794
visbias_form_personality_type_estp,black→white,d_time_to_half,-,0.505,8.124503092808231,100,0.6215764757933608,0.535649114435828,0.9652242051735427
visbias_form_personality_type_estp,black→white,pull_AUC,-,-0.3046361809342782,13.958410040055098,100,-0.21824561684324592,0.8276869873022484,0.9872181459949292
visbias_form_personality_type_estp,black→white,pull_MAD,-,1.4410589580787934,35.39720505827591,100,0.4071109444110962,0.6848053953055905,0.9721923806127203
visbias_form_personality_type_estp,black→white,pull_early,-,0.24053064780309838,13.986951564868287,100,0.17196788498735566,0.8638138201498666,0.9454550680256828
visbias_form_personality_type_estp,black→white,pull_final,-,2.500779428627602,38.53519911992821,86,0.6018205404959982,0.5488955040777979,0.9543858764595944
visbias_form_personality_type_estp,black→white,pull_release,-,0.2704808958515059,29.679405910652445,100,0.09113420149505948,0.9275701002663567,0.9884557129278749
visbias_form_personality_type_estp,black→white,pull_tcp,-,-0.9285016474314034,43.72228070713011,100,-0.2123634980642686,0.8322600923566594,0.9825392169056169
visbias_form_personality_type_estp,black→white,q_exploded,-,0.015,0.08572330399888264,100,1.7498158960596661,0.083248625244961,nan
visbias_form_personality_type_estp,black→white,q_jerk_in_grasp,-,0.0,0.0,100,nan,nan,nan
visbias_form_personality_type_estp,black→white,q_tile_drift,-,0.0039348632842302325,0.0060799787302056015,100,6.47183725278784,3.732308285057108e-09,3.8251437708377876e-08
visbias_form_personality_type_estp,black→white,xpos_reversals,-,1.4,1.044465935734187,100,13.403979508588732,5.6005343306554556e-24,9.530479188580744e-24
visbias_form_personality_type_infj,all→white,d_approach_retreat,-,0.095,4.076723159250787,100,0.2330302948936541,0.8162190012171581,0.9710213695041703
visbias_form_personality_type_infj,all→white,d_latency,-,0.25,2.8950497631842413,100,0.8635430146286227,0.38992628575827126,0.9813021732860397
visbias_form_personality_type_infj,all→white,d_peak_speed,-,0.0008507087454199791,0.00527134089540436,100,1.6138374700100324,0.10974574001758206,0.8825386593080556
visbias_form_personality_type_infj,all→white,d_time_to_half,-,0.105,9.935472364770137,100,0.10568194057115596,0.916048547130739,0.9652242051735427
visbias_form_personality_type_infj,all→white,pull_AUC,-,-1.3075645912813634,15.700299214285328,100,-0.8328278164862243,0.40694650071230076,0.982618539895701
visbias_form_personality_type_infj,all→white,pull_MAD,-,-2.2956975972076163,42.63027629452816,100,-0.5385134220915857,0.5914314246848356,0.9721923806127203
visbias_form_personality_type_infj,all→white,pull_early,-,-1.013467077165842,11.09843896609976,100,-0.9131618241641751,0.36337593337220564,0.815901953582179
visbias_form_personality_type_infj,all→white,pull_final,-,-1.518098517032019,47.90745257434948,87,-0.29556738142806416,0.7682729420311695,0.9764563130469572
visbias_form_personality_type_infj,all→white,pull_release,-,-0.25912335608154535,36.414901427425676,100,-0.07115860428675719,0.9434150787139332,0.9884557129278749
visbias_form_personality_type_infj,all→white,pull_tcp,-,-1.2926301755942404,48.936717256367665,100,-0.2641432135348316,0.7922186518335849,0.9786050015708665
visbias_form_personality_type_infj,all→white,q_exploded,-,0.01,0.07035264706814484,100,1.4214106244380287,0.15833990565972564,nan
visbias_form_personality_type_infj,all→white,q_jerk_in_grasp,-,0.0,0.0,100,nan,nan,nan
visbias_form_personality_type_infj,all→white,q_tile_drift,-,0.0050256790220737455,0.01714826817239026,100,2.9307210334891955,0.00419928579176448,0.004853066813236794
visbias_form_personality_type_infj,all→white,xpos_reversals,-,1.325,1.0621471487776848,100,12.474731034440993,5.00725436538183e-22,6.390331739384878e-22
visbias_form_personality_type_infj,black→white,d_approach_retreat,-,0.095,4.076723159250787,100,0.2330302948936541,0.8162190012171581,0.9710213695041703
visbias_form_personality_type_infj,black→white,d_latency,-,0.25,2.8950497631842413,100,0.8635430146286227,0.38992628575827126,0.9813021732860397
visbias_form_personality_type_infj,black→white,d_peak_speed,-,0.0008507087454199791,0.00527134089540436,100,1.6138374700100324,0.10974574001758206,0.8825386593080556
visbias_form_personality_type_infj,black→white,d_time_to_half,-,0.105,9.935472364770137,100,0.10568194057115596,0.916048547130739,0.9652242051735427
visbias_form_personality_type_infj,black→white,pull_AUC,-,-1.3075645912813634,15.700299214285328,100,-0.8328278164862243,0.40694650071230076,0.982618539895701
visbias_form_personality_type_infj,black→white,pull_MAD,-,-2.2956975972076163,42.63027629452816,100,-0.5385134220915857,0.5914314246848356,0.9721923806127203
visbias_form_personality_type_infj,black→white,pull_early,-,-1.013467077165842,11.09843896609976,100,-0.9131618241641751,0.36337593337220564,0.815901953582179
visbias_form_personality_type_infj,black→white,pull_final,-,-1.518098517032019,47.90745257434948,87,-0.29556738142806416,0.7682729420311695,0.9764563130469572
visbias_form_personality_type_infj,black→white,pull_release,-,-0.25912335608154535,36.414901427425676,100,-0.07115860428675719,0.9434150787139332,0.9884557129278749
visbias_form_personality_type_infj,black→white,pull_tcp,-,-1.2926301755942404,48.936717256367665,100,-0.2641432135348316,0.7922186518335849,0.9786050015708665
visbias_form_personality_type_infj,black→white,q_exploded,-,0.01,0.07035264706814484,100,1.4214106244380287,0.15833990565972564,nan
visbias_form_personality_type_infj,black→white,q_jerk_in_grasp,-,0.0,0.0,100,nan,nan,nan
visbias_form_personality_type_infj,black→white,q_tile_drift,-,0.0050256790220737455,0.01714826817239026,100,2.9307210334891955,0.00419928579176448,0.004853066813236794
visbias_form_personality_type_infj,black→white,xpos_reversals,-,1.325,1.0621471487776848,100,12.474731034440993,5.00725436538183e-22,6.390331739384878e-22
visbias_form_personality_type_infp,all→white,d_approach_retreat,-,0.17,3.7174309582415828,100,0.45730506338822047,0.6484537535435189,0.9197848340765896
visbias_form_personality_type_infp,all→white,d_latency,-,-0.665,3.1663117823471367,100,-2.1002353707159123,0.03824966161114226,0.9278681617516884
visbias_form_personality_type_infp,all→white,d_peak_speed,-,-0.00021401317790150642,0.00335043484392966,100,-0.6387623931540019,0.5244525700827094,0.9892184316687288
visbias_form_personality_type_infp,all→white,d_time_to_half,-,-0.66,7.667944557531292,100,-0.8607260981715916,0.3914686808323862,0.9652242051735427
visbias_form_personality_type_infp,all→white,pull_AUC,-,0.29016675395157243,14.949754757835029,100,0.19409465817457552,0.8464994755383733,0.9872181459949292
visbias_form_personality_type_infp,all→white,pull_MAD,-,5.825927943357965,42.701938357384094,100,1.3643240020158323,0.17555904580940596,0.8852978905625576
visbias_form_personality_type_infp,all→white,pull_early,-,2.5058648763224483,11.543480995189137,100,2.170805216699185,0.03233635766380115,0.4818558841982468
visbias_form_personality_type_infp,all→white,pull_final,-,2.2444414065741913,45.168651160218914,82,0.44996431893481553,0.6539380946331658,0.9734432141914158
visbias_form_personality_type_infp,all→white,pull_release,-,4.1341750137507915,39.77242247002189,100,1.0394576837422687,0.3011239379732948,0.9696686907414551
visbias_form_personality_type_infp,all→white,pull_tcp,-,4.22227501636371,49.472674634689966,100,0.8534559830333235,0.3954667522418076,0.9779350293812463
visbias_form_personality_type_infp,all→white,q_exploded,-,0.015,0.11135075167680682,100,1.3470946333202292,0.18102514023295715,nan
visbias_form_personality_type_infp,all→white,q_jerk_in_grasp,-,0.0,0.0,100,nan,nan,nan
visbias_form_personality_type_infp,all→white,q_tile_drift,-,0.010006986111402511,0.049988976175011954,100,2.001838580643849,0.04803811249191109,0.05011543627534508
visbias_form_personality_type_infp,all→white,xpos_reversals,-,1.315,1.2363497102602508,100,10.636149214797756,4.500163425966531e-18,4.547285556081364e-18
visbias_form_personality_type_infp,black→white,d_approach_retreat,-,0.17,3.7174309582415828,100,0.45730506338822047,0.6484537535435189,0.9197848340765896
visbias_form_personality_type_infp,black→white,d_latency,-,-0.665,3.1663117823471367,100,-2.1002353707159123,0.03824966161114226,0.9278681617516884
visbias_form_personality_type_infp,black→white,d_peak_speed,-,-0.00021401317790150642,0.00335043484392966,100,-0.6387623931540019,0.5244525700827094,0.9892184316687288
visbias_form_personality_type_infp,black→white,d_time_to_half,-,-0.66,7.667944557531292,100,-0.8607260981715916,0.3914686808323862,0.9652242051735427
visbias_form_personality_type_infp,black→white,pull_AUC,-,0.29016675395157243,14.949754757835029,100,0.19409465817457552,0.8464994755383733,0.9872181459949292
visbias_form_personality_type_infp,black→white,pull_MAD,-,5.825927943357965,42.701938357384094,100,1.3643240020158323,0.17555904580940596,0.8852978905625576
visbias_form_personality_type_infp,black→white,pull_early,-,2.5058648763224483,11.543480995189137,100,2.170805216699185,0.03233635766380115,0.4818558841982468
visbias_form_personality_type_infp,black→white,pull_final,-,2.2444414065741913,45.168651160218914,82,0.44996431893481553,0.6539380946331658,0.9734432141914158
visbias_form_personality_type_infp,black→white,pull_release,-,4.1341750137507915,39.77242247002189,100,1.0394576837422687,0.3011239379732948,0.9696686907414551
visbias_form_personality_type_infp,black→white,pull_tcp,-,4.22227501636371,49.472674634689966,100,0.8534559830333235,0.3954667522418076,0.9779350293812463
visbias_form_personality_type_infp,black→white,q_exploded,-,0.015,0.11135075167680682,100,1.3470946333202292,0.18102514023295715,nan
visbias_form_personality_type_infp,black→white,q_jerk_in_grasp,-,0.0,0.0,100,nan,nan,nan
visbias_form_personality_type_infp,black→white,q_tile_drift,-,0.010006986111402511,0.049988976175011954,100,2.001838580643849,0.04803811249191109,0.05011543627534508
visbias_form_personality_type_infp,black→white,xpos_reversals,-,1.315,1.2363497102602508,100,10.636149214797756,4.500163425966531e-18,4.547285556081364e-18
visbias_form_personality_type_intj,all→white,d_approach_retreat,-,-0.075,3.435094429178583,100,-0.21833460926992443,0.8276178444592073,0.9710213695041703
visbias_form_personality_type_intj,all→white,d_latency,-,-0.24,3.441781309999022,100,-0.6973133339493559,0.4872410649705031,0.9813021732860397
visbias_form_personality_type_intj,all→white,d_peak_speed,-,-7.512176409363747e-05,0.003269125286410468,100,-0.22979163388418772,0.8187278006668107,0.9892184316687288
visbias_form_personality_type_intj,all→white,d_time_to_half,-,0.555,9.809780473042858,100,0.5657618960231908,0.5728357602692891,0.9652242051735427
visbias_form_personality_type_intj,all→white,pull_AUC,-,-2.3916265669429966,16.63532078811325,100,-1.437679860464086,0.15367830739351268,0.81845098001324
visbias_form_personality_type_intj,all→white,pull_MAD,-,-1.5553561186883598,39.22367184418984,100,-0.3965350630269341,0.6925637918767126,0.9721923806127203
visbias_form_personality_type_intj,all→white,pull_early,-,-3.4246312230825424,14.120516053266666,100,-2.425287581674667,0.017107980617593405,0.4191158273406907
visbias_form_personality_type_intj,all→white,pull_final,-,-6.258018866288313,45.59841294341103,86,-1.2727302499671393,0.20658406933471563,0.9143593224896466
visbias_form_personality_type_intj,all→white,pull_release,-,-1.9878883543424308,38.67638778118839,100,-0.5139798384453342,0.6084114410361928,0.9696686907414551
visbias_form_personality_type_intj,all→white,pull_tcp,-,-3.3300213888287544,49.374137696108974,100,-0.6744464904530744,0.5015994092016809,0.9779350293812463
visbias_form_personality_type_intj,all→white,q_exploded,-,0.005,0.049999999999999996,100,1.0,0.3197484741393017,nan
visbias_form_personality_type_intj,all→white,q_jerk_in_grasp,-,0.0,0.0,100,nan,nan,nan
visbias_form_personality_type_intj,all→white,q_tile_drift,-,0.007717725560069084,0.02501789621150713,100,3.084881916057862,0.002639869949118428,0.003069246386625642
visbias_form_personality_type_intj,all→white,xpos_reversals,-,1.485,1.2642221227923423,100,11.746353534140157,1.7924364335244448e-20,1.9326269925710495e-20
visbias_form_personality_type_intj,black→white,d_approach_retreat,-,-0.075,3.435094429178583,100,-0.21833460926992443,0.8276178444592073,0.9710213695041703
visbias_form_personality_type_intj,black→white,d_latency,-,-0.24,3.441781309999022,100,-0.6973133339493559,0.4872410649705031,0.9813021732860397
visbias_form_personality_type_intj,black→white,d_peak_speed,-,-7.512176409363747e-05,0.003269125286410468,100,-0.22979163388418772,0.8187278006668107,0.9892184316687288
visbias_form_personality_type_intj,black→white,d_time_to_half,-,0.555,9.809780473042858,100,0.5657618960231908,0.5728357602692891,0.9652242051735427
visbias_form_personality_type_intj,black→white,pull_AUC,-,-2.3916265669429966,16.63532078811325,100,-1.437679860464086,0.15367830739351268,0.81845098001324
visbias_form_personality_type_intj,black→white,pull_MAD,-,-1.5553561186883598,39.22367184418984,100,-0.3965350630269341,0.6925637918767126,0.9721923806127203
visbias_form_personality_type_intj,black→white,pull_early,-,-3.4246312230825424,14.120516053266666,100,-2.425287581674667,0.017107980617593405,0.4191158273406907
visbias_form_personality_type_intj,black→white,pull_final,-,-6.258018866288313,45.59841294341103,86,-1.2727302499671393,0.20658406933471563,0.9143593224896466
visbias_form_personality_type_intj,black→white,pull_release,-,-1.9878883543424308,38.67638778118839,100,-0.5139798384453342,0.6084114410361928,0.9696686907414551
visbias_form_personality_type_intj,black→white,pull_tcp,-,-3.3300213888287544,49.374137696108974,100,-0.6744464904530744,0.5015994092016809,0.9779350293812463
visbias_form_personality_type_intj,black→white,q_exploded,-,0.005,0.049999999999999996,100,1.0,0.3197484741393017,nan
visbias_form_personality_type_intj,black→white,q_jerk_in_grasp,-,0.0,0.0,100,nan,nan,nan
visbias_form_personality_type_intj,black→white,q_tile_drift,-,0.007717725560069084,0.02501789621150713,100,3.084881916057862,0.002639869949118428,0.003069246386625642
visbias_form_personality_type_intj,black→white,xpos_reversals,-,1.485,1.2642221227923423,100,11.746353534140157,1.7924364335244448e-20,1.9326269925710495e-20
visbias_form_personality_type_intp,all→white,d_approach_retreat,-,0.04,3.1113023029275086,100,0.12856352776251576,0.8979638416117695,0.9710213695041703
visbias_form_personality_type_intp,all→white,d_latency,-,-0.17,2.9917563504747604,100,-0.5682280910777471,0.5711667054209382,0.9813021732860397
visbias_form_personality_type_intp,all→white,d_peak_speed,-,-0.0002526398841291666,0.003553371949945187,100,-0.7109863185953944,0.4787644695209927,0.9892184316687288
visbias_form_personality_type_intp,all→white,d_time_to_half,-,-0.82,6.555713060939576,100,-1.2508174051816663,0.21394915949515297,0.9652242051735427
visbias_form_personality_type_intp,all→white,pull_AUC,-,-0.39467939834687493,13.316216126171858,100,-0.29639005150357023,0.7675531012121402,0.9872181459949292
visbias_form_personality_type_intp,all→white,pull_MAD,-,5.342048226948828,39.029427804483795,100,1.3687231731168552,0.17418362431197212,0.8852978905625576
visbias_form_personality_type_intp,all→white,pull_early,-,-0.4296179391676563,9.273658555672458,100,-0.46326693676345243,0.6441898727080593,0.9162765456819376
visbias_form_personality_type_intp,all→white,pull_final,-,-0.5302189106313402,43.97325281161504,85,-0.11116705056151396,0.9117490747457533,0.9764563130469572
visbias_form_personality_type_intp,all→white,pull_release,-,3.543443391972687,34.294651575352454,100,1.033234988315017,0.3040113967038078,0.9696686907414551
visbias_form_personality_type_intp,all→white,pull_tcp,-,3.5863531177164987,45.543042989229654,100,0.7874645351573509,0.43289124159529935,0.9779350293812463
visbias_form_personality_type_intp,all→white,q_exploded,-,0.015,0.08572330399888264,100,1.7498158960596661,0.083248625244961,nan
visbias_form_personality_type_intp,all→white,q_jerk_in_grasp,-,0.0,0.0,100,nan,nan,nan
visbias_form_personality_type_intp,all→white,q_tile_drift,-,0.006714737415313721,0.021708729654779425,100,3.093104719665342,0.002574139729100788,0.0030109634407057702
visbias_form_personality_type_intp,all→white,xpos_reversals,-,1.575,1.1555203471714692,100,13.630222988763032,1.9011440294507554e-24,3.903412741319104e-24
visbias_form_personality_type_intp,black→white,d_approach_retreat,-,0.04,3.1113023029275086,100,0.12856352776251576,0.8979638416117695,0.9710213695041703
visbias_form_personality_type_intp,black→white,d_latency,-,-0.17,2.9917563504747604,100,-0.5682280910777471,0.5711667054209382,0.9813021732860397
visbias_form_personality_type_intp,black→white,d_peak_speed,-,-0.0002526398841291666,0.003553371949945187,100,-0.7109863185953944,0.4787644695209927,0.9892184316687288
visbias_form_personality_type_intp,black→white,d_time_to_half,-,-0.82,6.555713060939576,100,-1.2508174051816663,0.21394915949515297,0.9652242051735427
visbias_form_personality_type_intp,black→white,pull_AUC,-,-0.39467939834687493,13.316216126171858,100,-0.29639005150357023,0.7675531012121402,0.9872181459949292
visbias_form_personality_type_intp,black→white,pull_MAD,-,5.342048226948828,39.029427804483795,100,1.3687231731168552,0.17418362431197212,0.8852978905625576
visbias_form_personality_type_intp,black→white,pull_early,-,-0.4296179391676563,9.273658555672458,100,-0.46326693676345243,0.6441898727080593,0.9162765456819376
visbias_form_personality_type_intp,black→white,pull_final,-,-0.5302189106313402,43.97325281161504,85,-0.11116705056151396,0.9117490747457533,0.9764563130469572
visbias_form_personality_type_intp,black→white,pull_release,-,3.543443391972687,34.294651575352454,100,1.033234988315017,0.3040113967038078,0.9696686907414551
visbias_form_personality_type_intp,black→white,pull_tcp,-,3.5863531177164987,45.543042989229654,100,0.7874645351573509,0.43289124159529935,0.9779350293812463
visbias_form_personality_type_intp,black→white,q_exploded,-,0.015,0.08572330399888264,100,1.7498158960596661,0.083248625244961,nan
visbias_form_personality_type_intp,black→white,q_jerk_in_grasp,-,0.0,0.0,100,nan,nan,nan
visbias_form_personality_type_intp,black→white,q_tile_drift,-,0.006714737415313721,0.021708729654779425,100,3.093104719665342,0.002574139729100788,0.0030109634407057702
visbias_form_personality_type_intp,black→white,xpos_reversals,-,1.575,1.1555203471714692,100,13.630222988763032,1.9011440294507554e-24,3.903412741319104e-24
visbias_form_personality_type_isfj,all→white,d_approach_retreat,-,-0.565,4.102016626494876,100,-1.3773713064707533,0.17150358542624758,0.6969124854331339
visbias_form_personality_type_isfj,all→white,d_latency,-,-0.35,3.4454625409677755,100,-1.0158287772349153,0.31218711032594787,0.9813021732860397
visbias_form_personality_type_isfj,all→white,d_peak_speed,-,-0.00029056012630462646,0.003296165293852606,100,-0.8815095737053148,0.38017725900471167,0.9892184316687288
visbias_form_personality_type_isfj,all→white,d_time_to_half,-,-1.54,9.00187410341521,100,-1.710754874271949,0.0902582281191547,0.964247176400168
visbias_form_personality_type_isfj,all→white,pull_AUC,-,-0.296434595450304,14.243555089229334,100,-0.20811840414368277,0.8355640722606243,0.9872181459949292
visbias_form_personality_type_isfj,all→white,pull_MAD,-,-0.6542099383194006,33.82374430990229,100,-0.19341736158047798,0.8470283949039017,0.9907665467663821
visbias_form_personality_type_isfj,all→white,pull_early,-,0.8826141473837197,11.761049593212157,100,0.75045525519518,0.45476049740824065,0.8955997550999025
visbias_form_personality_type_isfj,all→white,pull_final,-,-1.280470412936719,35.57540381719964,85,-0.33184033437761645,0.7408363837085744,0.9734432141914158
visbias_form_personality_type_isfj,all→white,pull_release,-,-2.0070737798232585,33.54129727646307,100,-0.5983888348980712,0.5509471215507733,0.9696686907414551
visbias_form_personality_type_isfj,all→white,pull_tcp,-,4.405076445546001,40.02524450894498,100,1.1005745248006016,0.2737507186854212,0.9779350293812463
visbias_form_personality_type_isfj,all→white,q_exploded,-,0.02,0.0984731927834662,100,2.0310096011589898,0.04493472521263044,nan
visbias_form_personality_type_isfj,all→white,q_jerk_in_grasp,-,0.0,0.0,100,nan,nan,nan
visbias_form_personality_type_isfj,all→white,q_tile_drift,-,0.006257970705628395,0.01701067790155134,100,3.6788485102393724,0.00038120598425133383,0.00047774516208121706
visbias_form_personality_type_isfj,all→white,xpos_reversals,-,1.45,1.0310825927787322,100,14.062888949490455,2.4465610968504416e-25,6.132289502495263e-25
visbias_form_personality_type_isfj,black→white,d_approach_retreat,-,-0.565,4.102016626494876,100,-1.3773713064707533,0.17150358542624758,0.6969124854331339
visbias_form_personality_type_isfj,black→white,d_latency,-,-0.35,3.4454625409677755,100,-1.0158287772349153,0.31218711032594787,0.9813021732860397
visbias_form_personality_type_isfj,black→white,d_peak_speed,-,-0.00029056012630462646,0.003296165293852606,100,-0.8815095737053148,0.38017725900471167,0.9892184316687288
visbias_form_personality_type_isfj,black→white,d_time_to_half,-,-1.54,9.00187410341521,100,-1.710754874271949,0.0902582281191547,0.964247176400168
visbias_form_personality_type_isfj,black→white,pull_AUC,-,-0.296434595450304,14.243555089229334,100,-0.20811840414368277,0.8355640722606243,0.9872181459949292
visbias_form_personality_type_isfj,black→white,pull_MAD,-,-0.6542099383194006,33.82374430990229,100,-0.19341736158047798,0.8470283949039017,0.9907665467663821
visbias_form_personality_type_isfj,black→white,pull_early,-,0.8826141473837197,11.761049593212157,100,0.75045525519518,0.45476049740824065,0.8955997550999025
visbias_form_personality_type_isfj,black→white,pull_final,-,-1.280470412936719,35.57540381719964,85,-0.33184033437761645,0.7408363837085744,0.9734432141914158
visbias_form_personality_type_isfj,black→white,pull_release,-,-2.0070737798232585,33.54129727646307,100,-0.5983888348980712,0.5509471215507733,0.9696686907414551
visbias_form_personality_type_isfj,black→white,pull_tcp,-,4.405076445546001,40.02524450894498,100,1.1005745248006016,0.2737507186854212,0.9779350293812463
visbias_form_personality_type_isfj,black→white,q_exploded,-,0.02,0.0984731927834662,100,2.0310096011589898,0.04493472521263044,nan
visbias_form_personality_type_isfj,black→white,q_jerk_in_grasp,-,0.0,0.0,100,nan,nan,nan
visbias_form_personality_type_isfj,black→white,q_tile_drift,-,0.006257970705628395,0.01701067790155134,100,3.6788485102393724,0.00038120598425133383,0.00047774516208121706
visbias_form_personality_type_isfj,black→white,xpos_reversals,-,1.45,1.0310825927787322,100,14.062888949490455,2.4465610968504416e-25,6.132289502495263e-25
visbias_form_personality_type_isfp,all→white,d_approach_retreat,-,0.24,3.877206116874272,100,0.619002427947997,0.5373365616705559,0.8885954625927232
visbias_form_personality_type_isfp,all→white,d_latency,-,0.2,3.251262381092469,100,0.6151456774546669,0.5398699650745057,0.9813021732860397
visbias_form_personality_type_isfp,all→white,d_peak_speed,-,0.0005160265602171421,0.0029816070397003986,100,1.7306994293553657,0.08662110598782308,0.8825386593080556
visbias_form_personality_type_isfp,all→white,d_time_to_half,-,0.78,7.530852367012473,100,1.0357393319999844,0.30284709230474854,0.9652242051735427
visbias_form_personality_type_isfp,all→white,pull_AUC,-,-3.6505364259662394,13.773546599652551,100,-2.6503968310226846,0.009361179369415244,0.6607894619143871
visbias_form_personality_type_isfp,all→white,pull_MAD,-,-9.49377519983027,30.608101477968564,100,-3.101719721709563,0.0025069064359109485,0.24191647106540654
visbias_form_personality_type_isfp,all→white,pull_early,-,-1.2802605079486966,11.478771112299821,100,-1.1153288931572667,0.26740957677529936,0.7498598544034024
visbias_form_personality_type_isfp,all→white,pull_final,-,-5.626028125681862,37.45262489386812,89,-1.4171461502766989,0.15997096541785136,0.9143593224896466
visbias_form_personality_type_isfp,all→white,pull_release,-,-8.775022077606991,31.32085044484869,100,-2.8016551124812157,0.0061159381939004335,0.2616033439464857
visbias_form_personality_type_isfp,all→white,pull_tcp,-,-1.983999073272571,39.36093967924036,100,-0.5040527714634228,0.6153442081797429,0.9779350293812463
visbias_form_personality_type_isfp,all→white,q_exploded,-,0.005,0.049999999999999996,100,1.0,0.3197484741393017,nan
visbias_form_personality_type_isfp,all→white,q_jerk_in_grasp,-,0.0,0.0,100,nan,nan,nan
visbias_form_personality_type_isfp,all→white,q_tile_drift,-,0.00791611835360527,0.02316584846025084,100,3.4171501929610537,0.0009195345917801134,0.0011091886013347616
visbias_form_personality_type_isfp,all→white,xpos_reversals,-,1.305,0.9741481645338386,100,13.396319446174644,5.8097576682217496e-24,9.750288956233024e-24
visbias_form_personality_type_isfp,black→white,d_approach_retreat,-,0.24,3.877206116874272,100,0.619002427947997,0.5373365616705559,0.8885954625927232
visbias_form_personality_type_isfp,black→white,d_latency,-,0.2,3.251262381092469,100,0.6151456774546669,0.5398699650745057,0.9813021732860397
visbias_form_personality_type_isfp,black→white,d_peak_speed,-,0.0005160265602171421,0.0029816070397003986,100,1.7306994293553657,0.08662110598782308,0.8825386593080556
visbias_form_personality_type_isfp,black→white,d_time_to_half,-,0.78,7.530852367012473,100,1.0357393319999844,0.30284709230474854,0.9652242051735427
visbias_form_personality_type_isfp,black→white,pull_AUC,-,-3.6505364259662394,13.773546599652551,100,-2.6503968310226846,0.009361179369415244,0.6607894619143871
visbias_form_personality_type_isfp,black→white,pull_MAD,-,-9.49377519983027,30.608101477968564,100,-3.101719721709563,0.0025069064359109485,0.24191647106540654
visbias_form_personality_type_isfp,black→white,pull_early,-,-1.2802605079486966,11.478771112299821,100,-1.1153288931572667,0.26740957677529936,0.7498598544034024
visbias_form_personality_type_isfp,black→white,pull_final,-,-5.626028125681862,37.45262489386812,89,-1.4171461502766989,0.15997096541785136,0.9143593224896466
visbias_form_personality_type_isfp,black→white,pull_release,-,-8.775022077606991,31.32085044484869,100,-2.8016551124812157,0.0061159381939004335,0.2616033439464857
visbias_form_personality_type_isfp,black→white,pull_tcp,-,-1.983999073272571,39.36093967924036,100,-0.5040527714634228,0.6153442081797429,0.9779350293812463
visbias_form_personality_type_isfp,black→white,q_exploded,-,0.005,0.049999999999999996,100,1.0,0.3197484741393017,nan
visbias_form_personality_type_isfp,black→white,q_jerk_in_grasp,-,0.0,0.0,100,nan,nan,nan
visbias_form_personality_type_isfp,black→white,q_tile_drift,-,0.00791611835360527,0.02316584846025084,100,3.4171501929610537,0.0009195345917801134,0.0011091886013347616
visbias_form_personality_type_isfp,black→white,xpos_reversals,-,1.305,0.9741481645338386,100,13.396319446174644,5.8097576682217496e-24,9.750288956233024e-24
visbias_form_personality_type_istj,all→white,d_approach_retreat,-,0.035,3.3786727117211717,100,0.10359097487773598,0.9177035121696482,0.9710213695041703
visbias_form_personality_type_istj,all→white,d_latency,-,0.065,3.325486977325823,100,0.19546009484682897,0.8454333825039289,0.9813021732860397
visbias_form_personality_type_istj,all→white,d_peak_speed,-,0.0006495675444602966,0.0031175266142056232,100,2.0835990348900766,0.03977254263546535,0.574519053500299
visbias_form_personality_type_istj,all→white,d_time_to_half,-,0.09,10.249015720171535,100,0.08781331052392384,0.9302024398968403,0.9652242051735427
visbias_form_personality_type_istj,all→white,pull_AUC,-,-2.854483074121199,12.871946804077329,100,-2.217600117192071,0.028868686855963076,0.6607894619143871
visbias_form_personality_type_istj,all→white,pull_MAD,-,-6.44810614939779,39.857302785922286,100,-1.6177979187480995,0.10888803067024357,0.8632797248047785
visbias_form_personality_type_istj,all→white,pull_early,-,0.03897404210874809,11.667881012425957,100,0.03340284501293924,0.9734205943513178,0.9784904932802309
visbias_form_personality_type_istj,all→white,pull_final,-,-1.9986220386705273,45.282212254337345,84,-0.4045224966647858,0.6868691094252665,0.9734432141914158
visbias_form_personality_type_istj,all→white,pull_release,-,-6.89213859353913,39.4490340179846,100,-1.7470994575930658,0.08372116806535584,0.8023886547046145
visbias_form_personality_type_istj,all→white,pull_tcp,-,-3.001940395915881,49.38873626453833,100,-0.607818831370121,0.5446994470590503,0.9779350293812463
visbias_form_personality_type_istj,all→white,q_exploded,-,0.01,0.07035264706814483,100,1.421410624438029,0.15833990565972564,nan
visbias_form_personality_type_istj,all→white,q_jerk_in_grasp,-,0.0,0.0,100,nan,nan,nan
visbias_form_personality_type_istj,all→white,q_tile_drift,-,0.007928404286503791,0.029222543229644904,100,2.7131123476141514,0.007862104746453165,0.008873603602721993
visbias_form_personality_type_istj,all→white,xpos_reversals,-,1.505,1.0528820475535738,100,14.29409878814959,8.251099335737769e-26,2.3418561349961608e-25
visbias_form_personality_type_istj,black→white,d_approach_retreat,-,0.035,3.3786727117211717,100,0.10359097487773598,0.9177035121696482,0.9710213695041703
visbias_form_personality_type_istj,black→white,d_latency,-,0.065,3.325486977325823,100,0.19546009484682897,0.8454333825039289,0.9813021732860397
visbias_form_personality_type_istj,black→white,d_peak_speed,-,0.0006495675444602966,0.0031175266142056232,100,2.0835990348900766,0.03977254263546535,0.574519053500299
visbias_form_personality_type_istj,black→white,d_time_to_half,-,0.09,10.249015720171535,100,0.08781331052392384,0.9302024398968403,0.9652242051735427
visbias_form_personality_type_istj,black→white,pull_AUC,-,-2.854483074121199,12.871946804077329,100,-2.217600117192071,0.028868686855963076,0.6607894619143871
visbias_form_personality_type_istj,black→white,pull_MAD,-,-6.44810614939779,39.857302785922286,100,-1.6177979187480995,0.10888803067024357,0.8632797248047785
visbias_form_personality_type_istj,black→white,pull_early,-,0.03897404210874809,11.667881012425957,100,0.03340284501293924,0.9734205943513178,0.9784904932802309
visbias_form_personality_type_istj,black→white,pull_final,-,-1.9986220386705273,45.282212254337345,84,-0.4045224966647858,0.6868691094252665,0.9734432141914158
visbias_form_personality_type_istj,black→white,pull_release,-,-6.89213859353913,39.4490340179846,100,-1.7470994575930658,0.08372116806535584,0.8023886547046145
visbias_form_personality_type_istj,black→white,pull_tcp,-,-3.001940395915881,49.38873626453833,100,-0.607818831370121,0.5446994470590503,0.9779350293812463
visbias_form_personality_type_istj,black→white,q_exploded,-,0.01,0.07035264706814483,100,1.421410624438029,0.15833990565972564,nan
visbias_form_personality_type_istj,black→white,q_jerk_in_grasp,-,0.0,0.0,100,nan,nan,nan
visbias_form_personality_type_istj,black→white,q_tile_drift,-,0.007928404286503791,0.029222543229644904,100,2.7131123476141514,0.007862104746453165,0.008873603602721993
visbias_form_personality_type_istj,black→white,xpos_reversals,-,1.505,1.0528820475535738,100,14.29409878814959,8.251099335737769e-26,2.3418561349961608e-25
visbias_form_personality_type_istp,all→white,d_approach_retreat,-,-0.025,3.2678221518561283,100,-0.07650355141206189,0.9391728832828414,0.9710213695041703
visbias_form_personality_type_istp,all→white,d_latency,-,0.37,2.91687878016585,100,1.2684791788946481,0.20760155521702403,0.9813021732860397
visbias_form_personality_type_istp,all→white,d_peak_speed,-,0.0001401313953101635,0.0028914183805540884,100,0.4846458618808041,0.6289981461815268,0.9892184316687288
visbias_form_personality_type_istp,all→white,d_time_to_half,-,-0.425,9.33235249175164,100,-0.455405001445921,0.6498151330205884,0.9652242051735427
visbias_form_personality_type_istp,all→white,pull_AUC,-,-2.1431820355330236,12.69280535695945,100,-1.6885014583146658,0.09446266390782034,0.6804648584565705
visbias_form_personality_type_istp,all→white,pull_MAD,-,-3.817596846958622,35.469014111298286,100,-1.076318849737232,0.2844006069724248,0.9439957775303062
visbias_form_personality_type_istp,all→white,pull_early,-,-0.2960257567465304,12.273956381052063,100,-0.24118201788913035,0.80991285607086,0.9454550680256828
visbias_form_personality_type_istp,all→white,pull_final,-,-0.5837521331115914,41.701427422160236,84,-0.12829720719124624,0.8982241336027592,0.9764563130469572
visbias_form_personality_type_istp,all→white,pull_release,-,-5.023725752253085,35.49470012908826,100,-1.415345314647719,0.16010534220147274,0.908833266026007
visbias_form_personality_type_istp,all→white,pull_tcp,-,-3.0820354056777433,52.09900264453586,100,-0.5915728227478817,0.5554851228901517,0.9779350293812463
visbias_form_personality_type_istp,all→white,q_exploded,-,0.015,0.08572330399888264,100,1.7498158960596661,0.083248625244961,nan
visbias_form_personality_type_istp,all→white,q_jerk_in_grasp,-,0.0,0.0,100,nan,nan,nan
visbias_form_personality_type_istp,all→white,q_tile_drift,-,0.011241395846009255,0.046828919572827594,100,2.400524280413263,0.018239899005997404,0.020001707432713064
visbias_form_personality_type_istp,all→white,xpos_reversals,-,1.205,1.020237148110104,100,11.810979459355625,1.302622287718576e-20,1.444862652469455e-20
visbias_form_personality_type_istp,black→white,d_approach_retreat,-,-0.025,3.2678221518561283,100,-0.07650355141206189,0.9391728832828414,0.9710213695041703
visbias_form_personality_type_istp,black→white,d_latency,-,0.37,2.91687878016585,100,1.2684791788946481,0.20760155521702403,0.9813021732860397
visbias_form_personality_type_istp,black→white,d_peak_speed,-,0.0001401313953101635,0.0028914183805540884,100,0.4846458618808041,0.6289981461815268,0.9892184316687288
visbias_form_personality_type_istp,black→white,d_time_to_half,-,-0.425,9.33235249175164,100,-0.455405001445921,0.6498151330205884,0.9652242051735427
visbias_form_personality_type_istp,black→white,pull_AUC,-,-2.1431820355330236,12.69280535695945,100,-1.6885014583146658,0.09446266390782034,0.6804648584565705
visbias_form_personality_type_istp,black→white,pull_MAD,-,-3.817596846958622,35.469014111298286,100,-1.076318849737232,0.2844006069724248,0.9439957775303062
visbias_form_personality_type_istp,black→white,pull_early,-,-0.2960257567465304,12.273956381052063,100,-0.24118201788913035,0.80991285607086,0.9454550680256828
visbias_form_personality_type_istp,black→white,pull_final,-,-0.5837521331115914,41.701427422160236,84,-0.12829720719124624,0.8982241336027592,0.9764563130469572
visbias_form_personality_type_istp,black→white,pull_release,-,-5.023725752253085,35.49470012908826,100,-1.415345314647719,0.16010534220147274,0.908833266026007
visbias_form_personality_type_istp,black→white,pull_tcp,-,-3.0820354056777433,52.09900264453586,100,-0.5915728227478817,0.5554851228901517,0.9779350293812463
visbias_form_personality_type_istp,black→white,q_exploded,-,0.015,0.08572330399888264,100,1.7498158960596661,0.083248625244961,nan
visbias_form_personality_type_istp,black→white,q_jerk_in_grasp,-,0.0,0.0,100,nan,nan,nan
visbias_form_personality_type_istp,black→white,q_tile_drift,-,0.011241395846009255,0.046828919572827594,100,2.400524280413263,0.018239899005997404,0.020001707432713064
visbias_form_personality_type_istp,black→white,xpos_reversals,-,1.205,1.020237148110104,100,11.810979459355625,1.302622287718576e-20,1.444862652469455e-20
visbias_form_physical_appearance_athletic,all→white,d_approach_retreat,-,-0.415,4.1347596512660045,100,-1.003685909223122,0.3179769517724845,0.7424404545163283
visbias_form_physical_appearance_athletic,all→white,d_latency,-,-0.155,2.703061302308996,100,-0.5734239170513693,0.5676580191418381,0.9813021732860397
visbias_form_physical_appearance_athletic,all→white,d_peak_speed,-,0.00036673646420240405,0.003550922174081712,100,1.0327921768582384,0.3042175795639425,0.9892184316687288
visbias_form_physical_appearance_athletic,all→white,d_time_to_half,-,0.05,6.650168980916761,100,0.07518605939710608,0.9402183967493577,0.9652242051735427
visbias_form_physical_appearance_athletic,all→white,pull_AUC,-,1.1530112428992803,14.283299817805874,100,0.8072443046122375,0.4214609609978617,0.982618539895701
visbias_form_physical_appearance_athletic,all→white,pull_MAD,-,-0.6348777134204282,27.9313245483601,100,-0.22729953687703042,0.8206595661235001,0.9853852670386265
visbias_form_physical_appearance_athletic,all→white,pull_early,-,1.1265717804199087,19.63659050783971,100,0.5737104819546633,0.5674648100927396,0.9049941558750725
visbias_form_physical_appearance_athletic,all→white,pull_final,-,-3.4439538316004663,37.04649300897477,76,-0.8104328101733894,0.42025562536714256,0.9143593224896466
visbias_form_physical_appearance_athletic,all→white,pull_release,-,2.428757614688948,29.488454450395714,100,0.8236300138328734,0.4121295611595953,0.9696686907414551
visbias_form_physical_appearance_athletic,all→white,pull_tcp,-,-1.2329989089630544,43.02810680707656,100,-0.2865566255311681,0.775050664665403,0.9786050015708665
visbias_form_physical_appearance_athletic,all→white,q_exploded,-,0.035,0.1282161999881214,100,2.7297642578116172,0.0075025675386096264,nan
visbias_form_physical_appearance_athletic,all→white,q_jerk_in_grasp,-,0.0,0.0,100,nan,nan,nan
visbias_form_physical_appearance_athletic,all→white,q_tile_drift,-,0.0049495348334312435,0.00865377711685519,100,5.719508102179918,1.136759158993625e-07,3.1796306910981103e-07
visbias_form_physical_appearance_athletic,all→white,xpos_reversals,-,1.165,1.0201381368137443,100,11.42002203386603,9.02504742719318e-20,9.518219417750184e-20
visbias_form_physical_appearance_athletic,black→white,d_approach_retreat,-,-0.415,4.1347596512660045,100,-1.003685909223122,0.3179769517724845,0.7424404545163283
visbias_form_physical_appearance_athletic,black→white,d_latency,-,-0.155,2.703061302308996,100,-0.5734239170513693,0.5676580191418381,0.9813021732860397
visbias_form_physical_appearance_athletic,black→white,d_peak_speed,-,0.00036673646420240405,0.003550922174081712,100,1.0327921768582384,0.3042175795639425,0.9892184316687288
visbias_form_physical_appearance_athletic,black→white,d_time_to_half,-,0.05,6.650168980916761,100,0.07518605939710608,0.9402183967493577,0.9652242051735427
visbias_form_physical_appearance_athletic,black→white,pull_AUC,-,1.1530112428992803,14.283299817805874,100,0.8072443046122375,0.4214609609978617,0.982618539895701
visbias_form_physical_appearance_athletic,black→white,pull_MAD,-,-0.6348777134204282,27.9313245483601,100,-0.22729953687703042,0.8206595661235001,0.9853852670386265
visbias_form_physical_appearance_athletic,black→white,pull_early,-,1.1265717804199087,19.63659050783971,100,0.5737104819546633,0.5674648100927396,0.9049941558750725
visbias_form_physical_appearance_athletic,black→white,pull_final,-,-3.4439538316004663,37.04649300897477,76,-0.8104328101733894,0.42025562536714256,0.9143593224896466
visbias_form_physical_appearance_athletic,black→white,pull_release,-,2.428757614688948,29.488454450395714,100,0.8236300138328734,0.4121295611595953,0.9696686907414551
visbias_form_physical_appearance_athletic,black→white,pull_tcp,-,-1.2329989089630544,43.02810680707656,100,-0.2865566255311681,0.775050664665403,0.9786050015708665
visbias_form_physical_appearance_athletic,black→white,q_exploded,-,0.035,0.1282161999881214,100,2.7297642578116172,0.0075025675386096264,nan
visbias_form_physical_appearance_athletic,black→white,q_jerk_in_grasp,-,0.0,0.0,100,nan,nan,nan
visbias_form_physical_appearance_athletic,black→white,q_tile_drift,-,0.0049495348334312435,0.00865377711685519,100,5.719508102179918,1.136759158993625e-07,3.1796306910981103e-07
visbias_form_physical_appearance_athletic,black→white,xpos_reversals,-,1.165,1.0201381368137443,100,11.42002203386603,9.02504742719318e-20,9.518219417750184e-20
visbias_form_physical_appearance_bald,all→white,d_approach_retreat,-,-0.175,3.7600874425680018,100,-0.4654147082294485,0.6426567029608534,0.9197848340765896
visbias_form_physical_appearance_bald,all→white,d_latency,-,0.145,2.857114989041579,100,0.5075049501197723,0.6129293100093481,0.9813021732860397
visbias_form_physical_appearance_bald,all→white,d_peak_speed,-,-0.0006324199587106705,0.003378913891137875,100,-1.8716663966174591,0.06420505777119062,0.7289162441082229
visbias_form_physical_appearance_bald,all→white,d_time_to_half,-,0.885,6.441600513204554,100,1.3738821558180299,0.172581070774972,0.9652242051735427
visbias_form_physical_appearance_bald,all→white,pull_AUC,-,0.39944516632485827,10.4397200716789,100,0.3826205717991249,0.7028213431207504,0.9872181459949292
visbias_form_physical_appearance_bald,all→white,pull_MAD,-,0.8901558274170381,17.38296860250326,100,0.5120850458700419,0.6097319782659707,0.9721923806127203
visbias_form_physical_appearance_bald,all→white,pull_early,-,-0.6540483749704439,16.637759987101663,100,-0.393110836721705,0.695082863961155,0.9188424160582392
visbias_form_physical_appearance_bald,all→white,pull_final,-,-3.1380426628268596,30.588552005538737,85,-0.9458219478181029,0.34695222381945634,0.9143593224896466
visbias_form_physical_appearance_bald,all→white,pull_release,-,1.040801711496897,18.990372182949265,100,0.548068095490721,0.5848788385864121,0.9696686907414551
visbias_form_physical_appearance_bald,all→white,pull_tcp,-,0.8643835724069504,27.589142750335952,100,0.3133057015323265,0.7547075398192511,0.9786050015708665
visbias_form_physical_appearance_bald,all→white,q_exploded,-,0.015,0.08572330399888264,100,1.7498158960596661,0.083248625244961,nan
visbias_form_physical_appearance_bald,all→white,q_jerk_in_grasp,-,0.0,0.0,100,nan,nan,nan
visbias_form_physical_appearance_bald,all→white,q_tile_drift,-,0.0029460027813911437,0.007387986457844866,100,3.9875584480301227,0.00012790102038268977,0.00016347613863482862
visbias_form_physical_appearance_bald,all→white,xpos_reversals,-,0.875,0.6718548123582124,100,13.023647131866886,3.4861555168658646e-23,5.1360917156878767e-23
visbias_form_physical_appearance_bald,black→white,d_approach_retreat,-,-0.175,3.7600874425680018,100,-0.4654147082294485,0.6426567029608534,0.9197848340765896
visbias_form_physical_appearance_bald,black→white,d_latency,-,0.145,2.857114989041579,100,0.5075049501197723,0.6129293100093481,0.9813021732860397
visbias_form_physical_appearance_bald,black→white,d_peak_speed,-,-0.0006324199587106705,0.003378913891137875,100,-1.8716663966174591,0.06420505777119062,0.7289162441082229
visbias_form_physical_appearance_bald,black→white,d_time_to_half,-,0.885,6.441600513204554,100,1.3738821558180299,0.172581070774972,0.9652242051735427
visbias_form_physical_appearance_bald,black→white,pull_AUC,-,0.39944516632485827,10.4397200716789,100,0.3826205717991249,0.7028213431207504,0.9872181459949292
visbias_form_physical_appearance_bald,black→white,pull_MAD,-,0.8901558274170381,17.38296860250326,100,0.5120850458700419,0.6097319782659707,0.9721923806127203
visbias_form_physical_appearance_bald,black→white,pull_early,-,-0.6540483749704439,16.637759987101663,100,-0.393110836721705,0.695082863961155,0.9188424160582392
visbias_form_physical_appearance_bald,black→white,pull_final,-,-3.1380426628268596,30.588552005538737,85,-0.9458219478181029,0.34695222381945634,0.9143593224896466
visbias_form_physical_appearance_bald,black→white,pull_release,-,1.040801711496897,18.990372182949265,100,0.548068095490721,0.5848788385864121,0.9696686907414551
visbias_form_physical_appearance_bald,black→white,pull_tcp,-,0.8643835724069504,27.589142750335952,100,0.3133057015323265,0.7547075398192511,0.9786050015708665
visbias_form_physical_appearance_bald,black→white,q_exploded,-,0.015,0.08572330399888264,100,1.7498158960596661,0.083248625244961,nan
visbias_form_physical_appearance_bald,black→white,q_jerk_in_grasp,-,0.0,0.0,100,nan,nan,nan
visbias_form_physical_appearance_bald,black→white,q_tile_drift,-,0.0029460027813911437,0.007387986457844866,100,3.9875584480301227,0.00012790102038268977,0.00016347613863482862
visbias_form_physical_appearance_bald,black→white,xpos_reversals,-,0.875,0.6718548123582124,100,13.023647131866886,3.4861555168658646e-23,5.1360917156878767e-23
visbias_form_physical_appearance_blond,all→white,d_approach_retreat,-,0.38,3.5205887937311644,100,1.0793649081558065,0.2830477631357625,0.7283762438026955
visbias_form_physical_appearance_blond,all→white,d_latency,-,0.08,2.470758277259527,100,0.323787238663966,0.7467821423113461,0.9813021732860397
visbias_form_physical_appearance_blond,all→white,d_peak_speed,-,-0.00024265371263027191,0.002615266399842409,100,-0.9278355453383018,0.3557494787017821,0.9892184316687288
visbias_form_physical_appearance_blond,all→white,d_time_to_half,-,-1.51,7.120882648728997,100,-2.1205236408010726,0.03646082446663906,0.964247176400168
visbias_form_physical_appearance_blond,all→white,pull_AUC,-,-0.9276935607320137,12.577543136401692,100,-0.7375793115327112,0.46251476443974315,0.9872181459949292
visbias_form_physical_appearance_blond,all→white,pull_MAD,-,-0.3951124171726408,25.311148461959554,100,-0.1561021293705658,0.8762703927083345,0.9982297517330192
visbias_form_physical_appearance_blond,all→white,pull_early,-,0.8727340302430097,18.904348576008335,100,0.46165781737150346,0.6453395382228664,0.9162765456819376
visbias_form_physical_appearance_blond,all→white,pull_final,-,-4.754074024040839,45.13027638790838,81,-0.9480701125914499,0.3459488925127947,0.9143593224896466
visbias_form_physical_appearance_blond,all→white,pull_release,-,-2.3857803699502256,28.931834704433598,100,-0.8246211808975328,0.411569124575193,0.9696686907414551
visbias_form_physical_appearance_blond,all→white,pull_tcp,-,-3.955945085035637,45.52639511378299,100,-0.868934400614993,0.3869847254617671,0.9779350293812463
visbias_form_physical_appearance_blond,all→white,q_exploded,-,0.005,0.05,100,1.0,0.3197484741393017,nan
visbias_form_physical_appearance_blond,all→white,q_jerk_in_grasp,-,0.0,0.0,100,nan,nan,nan
visbias_form_physical_appearance_blond,all→white,q_tile_drift,-,0.00550401821732521,0.009812710568276668,100,5.609070173861083,1.8483579569410867e-07,4.632897216748438e-07
visbias_form_physical_appearance_blond,all→white,xpos_reversals,-,1.055,0.7313160960372965,100,14.426046489563328,4.4497694144892647e-26,1.4078778639285705e-25
visbias_form_physical_appearance_blond,black→white,d_approach_retreat,-,0.38,3.5205887937311644,100,1.0793649081558065,0.2830477631357625,0.7283762438026955
visbias_form_physical_appearance_blond,black→white,d_latency,-,0.08,2.470758277259527,100,0.323787238663966,0.7467821423113461,0.9813021732860397
visbias_form_physical_appearance_blond,black→white,d_peak_speed,-,-0.00024265371263027191,0.002615266399842409,100,-0.9278355453383018,0.3557494787017821,0.9892184316687288
visbias_form_physical_appearance_blond,black→white,d_time_to_half,-,-1.51,7.120882648728997,100,-2.1205236408010726,0.03646082446663906,0.964247176400168
visbias_form_physical_appearance_blond,black→white,pull_AUC,-,-0.9276935607320137,12.577543136401692,100,-0.7375793115327112,0.46251476443974315,0.9872181459949292
visbias_form_physical_appearance_blond,black→white,pull_MAD,-,-0.3951124171726408,25.311148461959554,100,-0.1561021293705658,0.8762703927083345,0.9982297517330192
visbias_form_physical_appearance_blond,black→white,pull_early,-,0.8727340302430097,18.904348576008335,100,0.46165781737150346,0.6453395382228664,0.9162765456819376
visbias_form_physical_appearance_blond,black→white,pull_final,-,-4.754074024040839,45.13027638790838,81,-0.9480701125914499,0.3459488925127947,0.9143593224896466
visbias_form_physical_appearance_blond,black→white,pull_release,-,-2.3857803699502256,28.931834704433598,100,-0.8246211808975328,0.411569124575193,0.9696686907414551
visbias_form_physical_appearance_blond,black→white,pull_tcp,-,-3.955945085035637,45.52639511378299,100,-0.868934400614993,0.3869847254617671,0.9779350293812463
visbias_form_physical_appearance_blond,black→white,q_exploded,-,0.005,0.05,100,1.0,0.3197484741393017,nan
visbias_form_physical_appearance_blond,black→white,q_jerk_in_grasp,-,0.0,0.0,100,nan,nan,nan
visbias_form_physical_appearance_blond,black→white,q_tile_drift,-,0.00550401821732521,0.009812710568276668,100,5.609070173861083,1.8483579569410867e-07,4.632897216748438e-07
visbias_form_physical_appearance_blond,black→white,xpos_reversals,-,1.055,0.7313160960372965,100,14.426046489563328,4.4497694144892647e-26,1.4078778639285705e-25
visbias_form_physical_appearance_curvy,all→white,d_approach_retreat,-,-0.63,3.8707789000315294,100,-1.6275794000914607,0.106792722253454,0.6969124854331339
visbias_form_physical_appearance_curvy,all→white,d_latency,-,0.14,3.3280867801428524,100,0.4206621078371963,0.6749135762128717,0.9813021732860397
visbias_form_physical_appearance_curvy,all→white,d_peak_speed,-,0.0003163072466850281,0.0035301656056851475,100,0.8960124878437197,0.3724196281392035,0.9892184316687288
visbias_form_physical_appearance_curvy,all→white,d_time_to_half,-,-0.255,9.002663747216962,100,-0.28324949943712985,0.7775770373431977,0.9652242051735427
visbias_form_physical_appearance_curvy,all→white,pull_AUC,-,-0.30939261577649163,12.381276858945506,100,-0.24988748680872486,0.8031921513646643,0.9872181459949292
visbias_form_physical_appearance_curvy,all→white,pull_MAD,-,-2.525082553294486,21.461708611535215,100,-1.1765524353160342,0.24219542793015872,0.9439957775303062
visbias_form_physical_appearance_curvy,all→white,pull_early,-,1.0763768376782539,13.502016295281763,100,0.7971971105192565,0.42724439692795857,0.8627203734784729
visbias_form_physical_appearance_curvy,all→white,pull_final,-,1.7664257604515226,34.44734138056094,82,0.4643512369242624,0.643641797371207,0.9734432141914158
visbias_form_physical_appearance_curvy,all→white,pull_release,-,-2.4529925532988273,26.558658577508567,100,-0.923613120798264,0.3579334490403161,0.9696686907414551
visbias_form_physical_appearance_curvy,all→white,pull_tcp,-,-1.815992722986266,40.03490362690989,100,-0.45360237154801775,0.6511078013807821,0.9779350293812463
visbias_form_physical_appearance_curvy,all→white,q_exploded,-,0.005,0.049999999999999996,100,1.0,0.3197484741393017,nan
visbias_form_physical_appearance_curvy,all→white,q_jerk_in_grasp,-,0.0,0.0,100,nan,nan,nan
visbias_form_physical_appearance_curvy,all→white,q_tile_drift,-,0.005194603875279427,0.00762905555347795,100,6.808973717475815,7.674057929286768e-10,1.2342443169602886e-08
visbias_form_physical_appearance_curvy,all→white,xpos_reversals,-,1.325,1.0209299583213238,100,12.978363395062349,4.3384002024759913e-23,6.248591336401988e-23
visbias_form_physical_appearance_curvy,black→white,d_approach_retreat,-,-0.63,3.8707789000315294,100,-1.6275794000914607,0.106792722253454,0.6969124854331339
visbias_form_physical_appearance_curvy,black→white,d_latency,-,0.14,3.3280867801428524,100,0.4206621078371963,0.6749135762128717,0.9813021732860397
visbias_form_physical_appearance_curvy,black→white,d_peak_speed,-,0.0003163072466850281,0.0035301656056851475,100,0.8960124878437197,0.3724196281392035,0.9892184316687288
visbias_form_physical_appearance_curvy,black→white,d_time_to_half,-,-0.255,9.002663747216962,100,-0.28324949943712985,0.7775770373431977,0.9652242051735427
visbias_form_physical_appearance_curvy,black→white,pull_AUC,-,-0.30939261577649163,12.381276858945506,100,-0.24988748680872486,0.8031921513646643,0.9872181459949292
visbias_form_physical_appearance_curvy,black→white,pull_MAD,-,-2.525082553294486,21.461708611535215,100,-1.1765524353160342,0.24219542793015872,0.9439957775303062
visbias_form_physical_appearance_curvy,black→white,pull_early,-,1.0763768376782539,13.502016295281763,100,0.7971971105192565,0.42724439692795857,0.8627203734784729
visbias_form_physical_appearance_curvy,black→white,pull_final,-,1.7664257604515226,34.44734138056094,82,0.4643512369242624,0.643641797371207,0.9734432141914158
visbias_form_physical_appearance_curvy,black→white,pull_release,-,-2.4529925532988273,26.558658577508567,100,-0.923613120798264,0.3579334490403161,0.9696686907414551
visbias_form_physical_appearance_curvy,black→white,pull_tcp,-,-1.815992722986266,40.03490362690989,100,-0.45360237154801775,0.6511078013807821,0.9779350293812463
visbias_form_physical_appearance_curvy,black→white,q_exploded,-,0.005,0.049999999999999996,100,1.0,0.3197484741393017,nan
visbias_form_physical_appearance_curvy,black→white,q_jerk_in_grasp,-,0.0,0.0,100,nan,nan,nan
visbias_form_physical_appearance_curvy,black→white,q_tile_drift,-,0.005194603875279427,0.00762905555347795,100,6.808973717475815,7.674057929286768e-10,1.2342443169602886e-08
visbias_form_physical_appearance_curvy,black→white,xpos_reversals,-,1.325,1.0209299583213238,100,12.978363395062349,4.3384002024759913e-23,6.248591336401988e-23
visbias_form_physical_appearance_dark_skinned,all→white,d_approach_retreat,-,0.08,4.2821688076218685,100,0.18682121979312755,0.8521831246110264,0.9710213695041703
visbias_form_physical_appearance_dark_skinned,all→white,d_latency,-,-0.13,3.1523760479160394,100,-0.41238734853965114,0.6809471828277454,0.9813021732860397
visbias_form_physical_appearance_dark_skinned,all→white,d_peak_speed,-,-0.00042269393801689146,0.004056601741940386,100,-1.0419902295232588,0.29995411107540865,0.9892184316687288
visbias_form_physical_appearance_dark_skinned,all→white,d_time_to_half,-,1.185,9.072840756562378,100,1.3060958874902444,0.19454650651682567,0.9652242051735427
visbias_form_physical_appearance_dark_skinned,all→white,pull_AUC,-,1.1297759442132225,12.782832957093673,100,0.8838228176847662,0.3789331870612541,0.9751214013709606
visbias_form_physical_appearance_dark_skinned,all→white,pull_MAD,-,2.410362986032851,23.769866359819623,100,1.0140414546491974,0.3130348692328476,0.9439957775303062
visbias_form_physical_appearance_dark_skinned,all→white,pull_early,-,-0.9762012900318947,16.998835520702496,100,-0.5742753901248125,0.5670840288814882,0.9049941558750725
visbias_form_physical_appearance_dark_skinned,all→white,pull_final,-,2.4297169715975455,47.08944517861552,84,0.47290265992435226,0.6375238939464654,0.9734432141914158
visbias_form_physical_appearance_dark_skinned,all→white,pull_release,-,4.318756393622607,30.112427842043203,100,1.4342106243564745,0.15466335207464885,0.908833266026007
visbias_form_physical_appearance_dark_skinned,all→white,pull_tcp,-,0.6462852767435834,44.78702168445566,100,0.14430190989187636,0.8855554176224107,0.9926113801197642
visbias_form_physical_appearance_dark_skinned,all→white,q_exploded,-,0.015,0.08572330399888264,100,1.7498158960596661,0.083248625244961,nan
visbias_form_physical_appearance_dark_skinned,all→white,q_jerk_in_grasp,-,0.0,0.0,100,nan,nan,nan
visbias_form_physical_appearance_dark_skinned,all→white,q_tile_drift,-,0.005231173560023308,0.010096407390259304,100,5.181222743715927,1.1639122093199058e-06,2.079954225914276e-06
visbias_form_physical_appearance_dark_skinned,all→white,xpos_reversals,-,1.295,1.1011816426462122,100,11.760094337279629,1.6747797067686586e-20,1.826172222634752e-20
visbias_form_physical_appearance_dark_skinned,black→white,d_approach_retreat,-,0.08,4.2821688076218685,100,0.18682121979312755,0.8521831246110264,0.9710213695041703
visbias_form_physical_appearance_dark_skinned,black→white,d_latency,-,-0.13,3.1523760479160394,100,-0.41238734853965114,0.6809471828277454,0.9813021732860397
visbias_form_physical_appearance_dark_skinned,black→white,d_peak_speed,-,-0.00042269393801689146,0.004056601741940386,100,-1.0419902295232588,0.29995411107540865,0.9892184316687288
visbias_form_physical_appearance_dark_skinned,black→white,d_time_to_half,-,1.185,9.072840756562378,100,1.3060958874902444,0.19454650651682567,0.9652242051735427
visbias_form_physical_appearance_dark_skinned,black→white,pull_AUC,-,1.1297759442132225,12.782832957093673,100,0.8838228176847662,0.3789331870612541,0.9751214013709606
visbias_form_physical_appearance_dark_skinned,black→white,pull_MAD,-,2.410362986032851,23.769866359819623,100,1.0140414546491974,0.3130348692328476,0.9439957775303062
visbias_form_physical_appearance_dark_skinned,black→white,pull_early,-,-0.9762012900318947,16.998835520702496,100,-0.5742753901248125,0.5670840288814882,0.9049941558750725
visbias_form_physical_appearance_dark_skinned,black→white,pull_final,-,2.4297169715975455,47.08944517861552,84,0.47290265992435226,0.6375238939464654,0.9734432141914158
visbias_form_physical_appearance_dark_skinned,black→white,pull_release,-,4.318756393622607,30.112427842043203,100,1.4342106243564745,0.15466335207464885,0.908833266026007
visbias_form_physical_appearance_dark_skinned,black→white,pull_tcp,-,0.6462852767435834,44.78702168445566,100,0.14430190989187636,0.8855554176224107,0.9926113801197642
visbias_form_physical_appearance_dark_skinned,black→white,q_exploded,-,0.015,0.08572330399888264,100,1.7498158960596661,0.083248625244961,nan
visbias_form_physical_appearance_dark_skinned,black→white,q_jerk_in_grasp,-,0.0,0.0,100,nan,nan,nan
visbias_form_physical_appearance_dark_skinned,black→white,q_tile_drift,-,0.005231173560023308,0.010096407390259304,100,5.181222743715927,1.1639122093199058e-06,2.079954225914276e-06
visbias_form_physical_appearance_dark_skinned,black→white,xpos_reversals,-,1.295,1.1011816426462122,100,11.760094337279629,1.6747797067686586e-20,1.826172222634752e-20
visbias_form_physical_appearance_fair_skinned,all→white,d_approach_retreat,-,0.38,3.7464596082114103,100,1.014290929941228,0.3129164463432908,0.7424404545163283
visbias_form_physical_appearance_fair_skinned,all→white,d_latency,-,-0.475,2.9808945508407914,100,-1.5934813925773437,0.11424009922888606,0.9813021732860397
visbias_form_physical_appearance_fair_skinned,all→white,d_peak_speed,-,0.0001244118809700012,0.0026962822098899855,100,0.4614201010326642,0.6455094521791865,0.9892184316687288
visbias_form_physical_appearance_fair_skinned,all→white,d_time_to_half,-,-0.3,7.876573115283324,100,-0.38087629684779334,0.7041111267357592,0.9652242051735427
visbias_form_physical_appearance_fair_skinned,all→white,pull_AUC,-,1.8116528671114074,13.959770391540312,100,1.2977669519616726,0.19738307130072544,0.8218998436689452
visbias_form_physical_appearance_fair_skinned,all→white,pull_MAD,-,1.6300715001401833,25.868052682843437,100,0.6301485156713407,0.5300492217742723,0.9721923806127203
visbias_form_physical_appearance_fair_skinned,all→white,pull_early,-,-1.6646677535027259,18.42354879698274,100,-0.9035543433279,0.36842512136517624,0.815901953582179
visbias_form_physical_appearance_fair_skinned,all→white,pull_final,-,5.220916014000335,36.808816017524265,85,1.3076885514587642,0.1945466989011397,0.9143593224896466
visbias_form_physical_appearance_fair_skinned,all→white,pull_release,-,2.9694812931120396,27.47512876535355,100,1.0807888539749408,0.28241686781597614,0.9696686907414551
visbias_form_physical_appearance_fair_skinned,all→white,pull_tcp,-,1.1874167458154261,38.52821899135149,100,0.30819403982363375,0.75858220909854,0.9786050015708665
visbias_form_physical_appearance_fair_skinned,all→white,q_exploded,-,0.015,0.08572330399888263,100,1.7498158960596661,0.083248625244961,nan
visbias_form_physical_appearance_fair_skinned,all→white,q_jerk_in_grasp,-,0.0,0.0,100,nan,nan,nan
visbias_form_physical_appearance_fair_skinned,all→white,q_tile_drift,-,0.005786284804344177,0.016452385638400492,100,3.5169883149582692,0.0006605004819326258,0.00081715764751921
visbias_form_physical_appearance_fair_skinned,all→white,xpos_reversals,-,1.25,1.1292707935887323,100,11.06908995695886,5.173165024979294e-19,5.339148929524084e-19
visbias_form_physical_appearance_fair_skinned,black→white,d_approach_retreat,-,0.38,3.7464596082114103,100,1.014290929941228,0.3129164463432908,0.7424404545163283
visbias_form_physical_appearance_fair_skinned,black→white,d_latency,-,-0.475,2.9808945508407914,100,-1.5934813925773437,0.11424009922888606,0.9813021732860397
visbias_form_physical_appearance_fair_skinned,black→white,d_peak_speed,-,0.0001244118809700012,0.0026962822098899855,100,0.4614201010326642,0.6455094521791865,0.9892184316687288
visbias_form_physical_appearance_fair_skinned,black→white,d_time_to_half,-,-0.3,7.876573115283324,100,-0.38087629684779334,0.7041111267357592,0.9652242051735427
visbias_form_physical_appearance_fair_skinned,black→white,pull_AUC,-,1.8116528671114074,13.959770391540312,100,1.2977669519616726,0.19738307130072544,0.8218998436689452
visbias_form_physical_appearance_fair_skinned,black→white,pull_MAD,-,1.6300715001401833,25.868052682843437,100,0.6301485156713407,0.5300492217742723,0.9721923806127203
visbias_form_physical_appearance_fair_skinned,black→white,pull_early,-,-1.6646677535027259,18.42354879698274,100,-0.9035543433279,0.36842512136517624,0.815901953582179
visbias_form_physical_appearance_fair_skinned,black→white,pull_final,-,5.220916014000335,36.808816017524265,85,1.3076885514587642,0.1945466989011397,0.9143593224896466
visbias_form_physical_appearance_fair_skinned,black→white,pull_release,-,2.9694812931120396,27.47512876535355,100,1.0807888539749408,0.28241686781597614,0.9696686907414551
visbias_form_physical_appearance_fair_skinned,black→white,pull_tcp,-,1.1874167458154261,38.52821899135149,100,0.30819403982363375,0.75858220909854,0.9786050015708665
visbias_form_physical_appearance_fair_skinned,black→white,q_exploded,-,0.015,0.08572330399888263,100,1.7498158960596661,0.083248625244961,nan
visbias_form_physical_appearance_fair_skinned,black→white,q_jerk_in_grasp,-,0.0,0.0,100,nan,nan,nan
visbias_form_physical_appearance_fair_skinned,black→white,q_tile_drift,-,0.005786284804344177,0.016452385638400492,100,3.5169883149582692,0.0006605004819326258,0.00081715764751921
visbias_form_physical_appearance_fair_skinned,black→white,xpos_reversals,-,1.25,1.1292707935887323,100,11.06908995695886,5.173165024979294e-19,5.339148929524084e-19
visbias_form_physical_appearance_lean,all→white,d_approach_retreat,-,0.495,3.9141642553911575,100,1.2646377814068837,0.20897020810306732,0.7133779929557074
visbias_form_physical_appearance_lean,all→white,d_latency,-,0.165,3.483043340110902,100,0.47372364879831297,0.6367400203724001,0.9813021732860397
visbias_form_physical_appearance_lean,all→white,d_peak_speed,-,4.965726286172867e-05,0.0028030800174727514,100,0.1771524985094771,0.8597505403260233,0.9892184316687288
visbias_form_physical_appearance_lean,all→white,d_time_to_half,-,0.665,9.73410514789639,100,0.6831650058184457,0.49609827198556333,0.9652242051735427
visbias_form_physical_appearance_lean,all→white,pull_AUC,-,-2.2435884312001217,10.840202482497292,100,-2.069692364900604,0.04108535514493599,0.6607894619143871
visbias_form_physical_appearance_lean,all→white,pull_MAD,-,-3.9553449807222933,24.830891353770337,100,-1.5929130067744068,0.11436767164755814,0.8632797248047785
visbias_form_physical_appearance_lean,all→white,pull_early,-,-1.3300933362916112,10.699658840669475,100,-1.2431175200053273,0.21676054262553487,0.7498598544034024
visbias_form_physical_appearance_lean,all→white,pull_final,-,-4.696454603931513,24.261805292277334,87,-1.8055380367938607,0.07448964282313228,0.9143593224896466
visbias_form_physical_appearance_lean,all→white,pull_release,-,-3.9413185615558177,23.125895721835892,100,-1.7042879588159487,0.09146399172798714,0.8023886547046145
visbias_form_physical_appearance_lean,all→white,pull_tcp,-,-2.9013382602715865,31.891637431773887,100,-0.9097489166175458,0.365164523015473,0.9779350293812463
visbias_form_physical_appearance_lean,all→white,q_exploded,-,0.005,0.049999999999999996,100,1.0,0.3197484741393017,nan
visbias_form_physical_appearance_lean,all→white,q_jerk_in_grasp,-,0.0,0.0,100,nan,nan,nan
visbias_form_physical_appearance_lean,all→white,q_tile_drift,-,0.0068945824354887005,0.03256726490752705,100,2.1170283888025248,0.036763744759297265,0.03877269256035176
visbias_form_physical_appearance_lean,all→white,xpos_reversals,-,1.135,0.7311779620046082,100,15.522896736223661,2.8461794117853927e-28,2.3883157672807863e-27
visbias_form_physical_appearance_lean,black→white,d_approach_retreat,-,0.495,3.9141642553911575,100,1.2646377814068837,0.20897020810306732,0.7133779929557074
visbias_form_physical_appearance_lean,black→white,d_latency,-,0.165,3.483043340110902,100,0.47372364879831297,0.6367400203724001,0.9813021732860397
visbias_form_physical_appearance_lean,black→white,d_peak_speed,-,4.965726286172867e-05,0.0028030800174727514,100,0.1771524985094771,0.8597505403260233,0.9892184316687288
visbias_form_physical_appearance_lean,black→white,d_time_to_half,-,0.665,9.73410514789639,100,0.6831650058184457,0.49609827198556333,0.9652242051735427
visbias_form_physical_appearance_lean,black→white,pull_AUC,-,-2.2435884312001217,10.840202482497292,100,-2.069692364900604,0.04108535514493599,0.6607894619143871
visbias_form_physical_appearance_lean,black→white,pull_MAD,-,-3.9553449807222933,24.830891353770337,100,-1.5929130067744068,0.11436767164755814,0.8632797248047785
visbias_form_physical_appearance_lean,black→white,pull_early,-,-1.3300933362916112,10.699658840669475,100,-1.2431175200053273,0.21676054262553487,0.7498598544034024
visbias_form_physical_appearance_lean,black→white,pull_final,-,-4.696454603931513,24.261805292277334,87,-1.8055380367938607,0.07448964282313228,0.9143593224896466
visbias_form_physical_appearance_lean,black→white,pull_release,-,-3.9413185615558177,23.125895721835892,100,-1.7042879588159487,0.09146399172798714,0.8023886547046145
visbias_form_physical_appearance_lean,black→white,pull_tcp,-,-2.9013382602715865,31.891637431773887,100,-0.9097489166175458,0.365164523015473,0.9779350293812463
visbias_form_physical_appearance_lean,black→white,q_exploded,-,0.005,0.049999999999999996,100,1.0,0.3197484741393017,nan
visbias_form_physical_appearance_lean,black→white,q_jerk_in_grasp,-,0.0,0.0,100,nan,nan,nan
visbias_form_physical_appearance_lean,black→white,q_tile_drift,-,0.0068945824354887005,0.03256726490752705,100,2.1170283888025248,0.036763744759297265,0.03877269256035176
visbias_form_physical_appearance_lean,black→white,xpos_reversals,-,1.135,0.7311779620046082,100,15.522896736223661,2.8461794117853927e-28,2.3883157672807863e-27
visbias_form_physical_appearance_petite,all→white,d_approach_retreat,-,0.54,3.7468370499379713,100,1.4412155981241288,0.1526793699097178,0.6969124854331339
visbias_form_physical_appearance_petite,all→white,d_latency,-,-0.025,2.563708448732229,100,-0.09751498854077059,0.9225145844226653,0.9813021732860397
visbias_form_physical_appearance_petite,all→white,d_peak_speed,-,-6.617046892642975e-06,0.003335591601830586,100,-0.019837701021346597,0.9842127696553347,0.9892184316687288
visbias_form_physical_appearance_petite,all→white,d_time_to_half,-,-0.83,7.259692232672905,100,-1.143299155664629,0.25567156653202006,0.9652242051735427
visbias_form_physical_appearance_petite,all→white,pull_AUC,-,-2.66734475149132,14.166262437526168,100,-1.8828853152018228,0.0626517850967223,0.6804648584565705
visbias_form_physical_appearance_petite,all→white,pull_MAD,-,-4.725653336406686,23.961522524362625,100,-1.9721840845471852,0.051378507467733585,0.7852377893511775
visbias_form_physical_appearance_petite,all→white,pull_early,-,-2.381535524444189,19.123409800790228,100,-1.2453508810681753,0.2159423329138318,0.7498598544034024
visbias_form_physical_appearance_petite,all→white,pull_final,-,-2.5849308943707228,30.379048188284813,81,-0.7658033887417196,0.4460469036043394,0.9143593224896466
visbias_form_physical_appearance_petite,all→white,pull_release,-,-3.746111314976588,26.416931108537202,100,-1.4180721067050635,0.159309791286844,0.908833266026007
visbias_form_physical_appearance_petite,all→white,pull_tcp,-,-1.1398643825668842,41.59627903434611,100,-0.27403037219403603,0.7846322283710767,0.9786050015708665
visbias_form_physical_appearance_petite,all→white,q_exploded,-,0.02,0.09847319278346618,100,2.03100960115899,0.0449347252126304,nan
visbias_form_physical_appearance_petite,all→white,q_jerk_in_grasp,-,0.0,0.0,100,nan,nan,nan
visbias_form_physical_appearance_petite,all→white,q_tile_drift,-,0.004483706578612328,0.010524773990943447,100,4.26014523681986,4.660477165254928e-05,6.160767759549323e-05
visbias_form_physical_appearance_petite,all→white,xpos_reversals,-,0.89,0.6219064855488136,100,14.310833231054055,7.628710160631683e-26,2.2308197893968407e-25
visbias_form_physical_appearance_petite,black→white,d_approach_retreat,-,0.54,3.7468370499379713,100,1.4412155981241288,0.1526793699097178,0.6969124854331339
visbias_form_physical_appearance_petite,black→white,d_latency,-,-0.025,2.563708448732229,100,-0.09751498854077059,0.9225145844226653,0.9813021732860397
visbias_form_physical_appearance_petite,black→white,d_peak_speed,-,-6.617046892642975e-06,0.003335591601830586,100,-0.019837701021346597,0.9842127696553347,0.9892184316687288
visbias_form_physical_appearance_petite,black→white,d_time_to_half,-,-0.83,7.259692232672905,100,-1.143299155664629,0.25567156653202006,0.9652242051735427
visbias_form_physical_appearance_petite,black→white,pull_AUC,-,-2.66734475149132,14.166262437526168,100,-1.8828853152018228,0.0626517850967223,0.6804648584565705
visbias_form_physical_appearance_petite,black→white,pull_MAD,-,-4.725653336406686,23.961522524362625,100,-1.9721840845471852,0.051378507467733585,0.7852377893511775
visbias_form_physical_appearance_petite,black→white,pull_early,-,-2.381535524444189,19.123409800790228,100,-1.2453508810681753,0.2159423329138318,0.7498598544034024
visbias_form_physical_appearance_petite,black→white,pull_final,-,-2.5849308943707228,30.379048188284813,81,-0.7658033887417196,0.4460469036043394,0.9143593224896466
visbias_form_physical_appearance_petite,black→white,pull_release,-,-3.746111314976588,26.416931108537202,100,-1.4180721067050635,0.159309791286844,0.908833266026007
visbias_form_physical_appearance_petite,black→white,pull_tcp,-,-1.1398643825668842,41.59627903434611,100,-0.27403037219403603,0.7846322283710767,0.9786050015708665
visbias_form_physical_appearance_petite,black→white,q_exploded,-,0.02,0.09847319278346618,100,2.03100960115899,0.0449347252126304,nan
visbias_form_physical_appearance_petite,black→white,q_jerk_in_grasp,-,0.0,0.0,100,nan,nan,nan
visbias_form_physical_appearance_petite,black→white,q_tile_drift,-,0.004483706578612328,0.010524773990943447,100,4.26014523681986,4.660477165254928e-05,6.160767759549323e-05
visbias_form_physical_appearance_petite,black→white,xpos_reversals,-,0.89,0.6219064855488136,100,14.310833231054055,7.628710160631683e-26,2.2308197893968407e-25
visbias_form_physical_appearance_short,all→white,d_approach_retreat,-,0.39,3.3699354068683047,100,1.157292211610752,0.2499376367114772,0.7240900325977617
visbias_form_physical_appearance_short,all→white,d_latency,-,-0.005,2.2230370980696517,100,-0.02249175240638895,0.9821009621806853,0.9877154695134484
visbias_form_physical_appearance_short,all→white,d_peak_speed,-,1.3570860028266907e-05,0.0033708186082359467,100,0.04025983479238285,0.9679670546785655,0.9892184316687288
visbias_form_physical_appearance_short,all→white,d_time_to_half,-,0.145,3.1641098130581544,100,0.4582647523849861,0.6477665966680368,0.9652242051735427
visbias_form_physical_appearance_short,all→white,pull_AUC,-,-1.38801903736562,14.456315091020704,100,-0.9601471942374614,0.3393202770546053,0.9751214013709606
visbias_form_physical_appearance_short,all→white,pull_MAD,-,-1.32727187576238,26.253131687207603,100,-0.5055670658937506,0.6142843927454482,0.9721923806127203
visbias_form_physical_appearance_short,all→white,pull_early,-,-1.003069831989706,15.505933579735835,100,-0.6468941884934829,0.5191974817898772,0.8984985986481139
visbias_form_physical_appearance_short,all→white,pull_final,-,-2.9438122757710516,35.39766618821066,80,-0.7438416223965386,0.4591789904325423,0.9143593224896466
visbias_form_physical_appearance_short,all→white,pull_release,-,-2.0942914008628577,28.00164734931849,100,-0.7479172117042711,0.4562830718738108,0.9696686907414551
visbias_form_physical_appearance_short,all→white,pull_tcp,-,0.4737971641588956,47.64303283244987,100,0.09944731390739475,0.920984214628294,0.9926113801197642
visbias_form_physical_appearance_short,all→white,q_exploded,-,0.015,0.08572330399888264,100,1.7498158960596661,0.083248625244961,nan
visbias_form_physical_appearance_short,all→white,q_jerk_in_grasp,-,0.0,0.0,100,nan,nan,nan
visbias_form_physical_appearance_short,all→white,q_tile_drift,-,0.007262170389294624,0.030963488607435835,100,2.345397988374806,0.021001687903710896,0.02284893420641105
visbias_form_physical_appearance_short,all→white,xpos_reversals,-,0.82,0.5882691612354042,100,13.93919746324872,4.387181218883476e-25,1.0584074690556386e-24
visbias_form_physical_appearance_short,black→white,d_approach_retreat,-,0.39,3.3699354068683047,100,1.157292211610752,0.2499376367114772,0.7240900325977617
visbias_form_physical_appearance_short,black→white,d_latency,-,-0.005,2.2230370980696517,100,-0.02249175240638895,0.9821009621806853,0.9877154695134484
visbias_form_physical_appearance_short,black→white,d_peak_speed,-,1.3570860028266907e-05,0.0033708186082359467,100,0.04025983479238285,0.9679670546785655,0.9892184316687288
visbias_form_physical_appearance_short,black→white,d_time_to_half,-,0.145,3.1641098130581544,100,0.4582647523849861,0.6477665966680368,0.9652242051735427
visbias_form_physical_appearance_short,black→white,pull_AUC,-,-1.38801903736562,14.456315091020704,100,-0.9601471942374614,0.3393202770546053,0.9751214013709606
visbias_form_physical_appearance_short,black→white,pull_MAD,-,-1.32727187576238,26.253131687207603,100,-0.5055670658937506,0.6142843927454482,0.9721923806127203
visbias_form_physical_appearance_short,black→white,pull_early,-,-1.003069831989706,15.505933579735835,100,-0.6468941884934829,0.5191974817898772,0.8984985986481139
visbias_form_physical_appearance_short,black→white,pull_final,-,-2.9438122757710516,35.39766618821066,80,-0.7438416223965386,0.4591789904325423,0.9143593224896466
visbias_form_physical_appearance_short,black→white,pull_release,-,-2.0942914008628577,28.00164734931849,100,-0.7479172117042711,0.4562830718738108,0.9696686907414551
visbias_form_physical_appearance_short,black→white,pull_tcp,-,0.4737971641588956,47.64303283244987,100,0.09944731390739475,0.920984214628294,0.9926113801197642
visbias_form_physical_appearance_short,black→white,q_exploded,-,0.015,0.08572330399888264,100,1.7498158960596661,0.083248625244961,nan
visbias_form_physical_appearance_short,black→white,q_jerk_in_grasp,-,0.0,0.0,100,nan,nan,nan
visbias_form_physical_appearance_short,black→white,q_tile_drift,-,0.007262170389294624,0.030963488607435835,100,2.345397988374806,0.021001687903710896,0.02284893420641105
visbias_form_physical_appearance_short,black→white,xpos_reversals,-,0.82,0.5882691612354042,100,13.93919746324872,4.387181218883476e-25,1.0584074690556386e-24
visbias_form_physical_appearance_slim,all→white,d_approach_retreat,-,0.46,4.228140456178309,100,1.087948720643449,0.2792592818088556,0.7283762438026955
visbias_form_physical_appearance_slim,all→white,d_latency,-,-0.39,3.1290266986409816,100,-1.2463939670741297,0.2155609644340232,0.9813021732860397
visbias_form_physical_appearance_slim,all→white,d_peak_speed,-,0.00012938650324940683,0.003541842305471764,100,0.36530848098324037,0.7156604610533384,0.9892184316687288
visbias_form_physical_appearance_slim,all→white,d_time_to_half,-,1.695,9.60820750791486,100,1.7641167705877772,0.0807969331642099,0.964247176400168
visbias_form_physical_appearance_slim,all→white,pull_AUC,-,-0.6772245778654272,15.198813369347642,100,-0.44557727067774033,0.656875500533989,0.9872181459949292
visbias_form_physical_appearance_slim,all→white,pull_MAD,-,0.0406126310117547,26.249607836481648,100,0.015471709621242932,0.987686991435892,0.9982297517330192
visbias_form_physical_appearance_slim,all→white,pull_early,-,-1.5088415199425063,16.22322078766259,100,-0.9300505366295376,0.35460723496780355,0.815901953582179
visbias_form_physical_appearance_slim,all→white,pull_final,-,-3.083684765042962,40.89709918128279,91,-0.7192803013111935,0.4738317837306446,0.9143593224896466
visbias_form_physical_appearance_slim,all→white,pull_release,-,0.6072781729744747,25.762585646482762,100,0.23572097199699493,0.8141361446211215,0.9696686907414551
visbias_form_physical_appearance_slim,all→white,pull_tcp,-,-0.8568831742741168,33.725097599191514,100,-0.25407878264958933,0.7999616590396506,0.9786050015708665
visbias_form_physical_appearance_slim,all→white,q_exploded,-,0.02,0.09847319278346618,100,2.0310096011589898,0.04493472521263044,nan
visbias_form_physical_appearance_slim,all→white,q_jerk_in_grasp,-,0.0,0.0,100,nan,nan,nan
visbias_form_physical_appearance_slim,all→white,q_tile_drift,-,0.004766255542635918,0.008946212615236983,100,5.327679709420432,6.24985631467539e-07,1.1825708516983826e-06
visbias_form_physical_appearance_slim,all→white,xpos_reversals,-,1.125,0.9701999169180952,100,11.595548302803792,3.7796417210481746e-20,4.030225702554131e-20
visbias_form_physical_appearance_slim,black→white,d_approach_retreat,-,0.46,4.228140456178309,100,1.087948720643449,0.2792592818088556,0.7283762438026955
visbias_form_physical_appearance_slim,black→white,d_latency,-,-0.39,3.1290266986409816,100,-1.2463939670741297,0.2155609644340232,0.9813021732860397
visbias_form_physical_appearance_slim,black→white,d_peak_speed,-,0.00012938650324940683,0.003541842305471764,100,0.36530848098324037,0.7156604610533384,0.9892184316687288
visbias_form_physical_appearance_slim,black→white,d_time_to_half,-,1.695,9.60820750791486,100,1.7641167705877772,0.0807969331642099,0.964247176400168
visbias_form_physical_appearance_slim,black→white,pull_AUC,-,-0.6772245778654272,15.198813369347642,100,-0.44557727067774033,0.656875500533989,0.9872181459949292
visbias_form_physical_appearance_slim,black→white,pull_MAD,-,0.0406126310117547,26.249607836481648,100,0.015471709621242932,0.987686991435892,0.9982297517330192
visbias_form_physical_appearance_slim,black→white,pull_early,-,-1.5088415199425063,16.22322078766259,100,-0.9300505366295376,0.35460723496780355,0.815901953582179
visbias_form_physical_appearance_slim,black→white,pull_final,-,-3.083684765042962,40.89709918128279,91,-0.7192803013111935,0.4738317837306446,0.9143593224896466
visbias_form_physical_appearance_slim,black→white,pull_release,-,0.6072781729744747,25.762585646482762,100,0.23572097199699493,0.8141361446211215,0.9696686907414551
visbias_form_physical_appearance_slim,black→white,pull_tcp,-,-0.8568831742741168,33.725097599191514,100,-0.25407878264958933,0.7999616590396506,0.9786050015708665
visbias_form_physical_appearance_slim,black→white,q_exploded,-,0.02,0.09847319278346618,100,2.0310096011589898,0.04493472521263044,nan
visbias_form_physical_appearance_slim,black→white,q_jerk_in_grasp,-,0.0,0.0,100,nan,nan,nan
visbias_form_physical_appearance_slim,black→white,q_tile_drift,-,0.004766255542635918,0.008946212615236983,100,5.327679709420432,6.24985631467539e-07,1.1825708516983826e-06
visbias_form_physical_appearance_slim,black→white,xpos_reversals,-,1.125,0.9701999169180952,100,11.595548302803792,3.7796417210481746e-20,4.030225702554131e-20
visbias_form_physical_appearance_stocky,all→white,d_approach_retreat,-,0.09,4.113527818200712,100,0.2187903035486622,0.8272638131485057,0.9710213695041703
visbias_form_physical_appearance_stocky,all→white,d_latency,-,0.075,2.700893043480847,100,0.27768593125532204,0.7818325248368616,0.9813021732860397
visbias_form_physical_appearance_stocky,all→white,d_peak_speed,-,-2.52760574221611e-05,0.004242863697501492,100,-0.059573107279042435,0.9526157274045677,0.9892184316687288
visbias_form_physical_appearance_stocky,all→white,d_time_to_half,-,0.345,8.91958887261995,100,0.3867891277579289,0.6997424752905869,0.9652242051735427
visbias_form_physical_appearance_stocky,all→white,pull_AUC,-,0.5363298465682377,14.854576260112891,100,0.3610536155167052,0.718828693552203,0.9872181459949292
visbias_form_physical_appearance_stocky,all→white,pull_MAD,-,1.1363712109625335,20.793224215637967,100,0.5465103435511951,0.5859448030267245,0.9721923806127203
visbias_form_physical_appearance_stocky,all→white,pull_early,-,-1.0888277429621673,20.99200119833696,100,-0.5186869668473661,0.6051365152152897,0.9126080466951746
visbias_form_physical_appearance_stocky,all→white,pull_final,-,1.2285629982906807,38.28729915315695,79,0.285204415674417,0.7762434821846678,0.9764563130469572
visbias_form_physical_appearance_stocky,all→white,pull_release,-,1.3152597530279309,30.20810154844642,100,0.43539967280584485,0.6642201338155744,0.9696686907414551
visbias_form_physical_appearance_stocky,all→white,pull_tcp,-,2.63174872554373,49.66376145837877,100,0.5299132905487421,0.5973585113241779,0.9779350293812463
visbias_form_physical_appearance_stocky,all→white,q_exploded,-,0.01,0.07035264706814483,100,1.421410624438029,0.15833990565972564,nan
visbias_form_physical_appearance_stocky,all→white,q_jerk_in_grasp,-,0.0,0.0,100,nan,nan,nan
visbias_form_physical_appearance_stocky,all→white,q_tile_drift,-,0.004666668027639389,0.02147426259491911,100,2.1731447154527856,0.03215475197332568,0.03409817104863657
visbias_form_physical_appearance_stocky,all→white,xpos_reversals,-,0.8,0.5222329678670935,100,15.31883372410141,7.204734835733687e-28,4.794875252746902e-27
visbias_form_physical_appearance_stocky,black→white,d_approach_retreat,-,0.09,4.113527818200712,100,0.2187903035486622,0.8272638131485057,0.9710213695041703
visbias_form_physical_appearance_stocky,black→white,d_latency,-,0.075,2.700893043480847,100,0.27768593125532204,0.7818325248368616,0.9813021732860397
visbias_form_physical_appearance_stocky,black→white,d_peak_speed,-,-2.52760574221611e-05,0.004242863697501492,100,-0.059573107279042435,0.9526157274045677,0.9892184316687288
visbias_form_physical_appearance_stocky,black→white,d_time_to_half,-,0.345,8.91958887261995,100,0.3867891277579289,0.6997424752905869,0.9652242051735427
visbias_form_physical_appearance_stocky,black→white,pull_AUC,-,0.5363298465682377,14.854576260112891,100,0.3610536155167052,0.718828693552203,0.9872181459949292
visbias_form_physical_appearance_stocky,black→white,pull_MAD,-,1.1363712109625335,20.793224215637967,100,0.5465103435511951,0.5859448030267245,0.9721923806127203
visbias_form_physical_appearance_stocky,black→white,pull_early,-,-1.0888277429621673,20.99200119833696,100,-0.5186869668473661,0.6051365152152897,0.9126080466951746
visbias_form_physical_appearance_stocky,black→white,pull_final,-,1.2285629982906807,38.28729915315695,79,0.285204415674417,0.7762434821846678,0.9764563130469572
visbias_form_physical_appearance_stocky,black→white,pull_release,-,1.3152597530279309,30.20810154844642,100,0.43539967280584485,0.6642201338155744,0.9696686907414551
visbias_form_physical_appearance_stocky,black→white,pull_tcp,-,2.63174872554373,49.66376145837877,100,0.5299132905487421,0.5973585113241779,0.9779350293812463
visbias_form_physical_appearance_stocky,black→white,q_exploded,-,0.01,0.07035264706814483,100,1.421410624438029,0.15833990565972564,nan
visbias_form_physical_appearance_stocky,black→white,q_jerk_in_grasp,-,0.0,0.0,100,nan,nan,nan
visbias_form_physical_appearance_stocky,black→white,q_tile_drift,-,0.004666668027639389,0.02147426259491911,100,2.1731447154527856,0.03215475197332568,0.03409817104863657
visbias_form_physical_appearance_stocky,black→white,xpos_reversals,-,0.8,0.5222329678670935,100,15.31883372410141,7.204734835733687e-28,4.794875252746902e-27
visbias_form_physical_appearance_tall,all→white,d_approach_retreat,-,-0.1,3.9689451057586136,100,-0.2519561176467475,0.8015972985220272,0.9710213695041703
visbias_form_physical_appearance_tall,all→white,d_latency,-,0.42,2.852183285651449,100,1.4725561366021065,0.14404290149099241,0.9813021732860397
visbias_form_physical_appearance_tall,all→white,d_peak_speed,-,-0.00015763383358716965,0.0040531049136938386,100,-0.38892117757570815,0.69816968822258,0.9892184316687288
visbias_form_physical_appearance_tall,all→white,d_time_to_half,-,-0.14,8.427072775024287,100,-0.1661312341041181,0.86839248791086,0.9652242051735427
visbias_form_physical_appearance_tall,all→white,pull_AUC,-,0.4876464634232242,11.401347363975452,100,0.42770950472400165,0.6697915660130572,0.9872181459949292
visbias_form_physical_appearance_tall,all→white,pull_MAD,-,0.05655676792375708,19.866025887239978,100,0.028469090015675304,0.9773453316822932,0.9982297517330192
visbias_form_physical_appearance_tall,all→white,pull_early,-,0.48839515587314963,15.097744132946186,100,0.32348882824645125,0.7470074081908687,0.9241822421848568
visbias_form_physical_appearance_tall,all→white,pull_final,-,-1.4650751935976853,29.086002319212554,82,-0.4561238766592195,0.649521513114697,0.9734432141914158
visbias_form_physical_appearance_tall,all→white,pull_release,-,0.692826034501195,23.712222245412594,100,0.2921809804794784,0.7707596796682498,0.9696686907414551
visbias_form_physical_appearance_tall,all→white,pull_tcp,-,-1.748848179122433,32.220376030498066,100,-0.5427770853658157,0.5885031768744468,0.9779350293812463
visbias_form_physical_appearance_tall,all→white,q_exploded,-,0.015,0.08572330399888264,100,1.7498158960596661,0.083248625244961,nan
visbias_form_physical_appearance_tall,all→white,q_jerk_in_grasp,-,0.0,0.0,100,nan,nan,nan
visbias_form_physical_appearance_tall,all→white,q_tile_drift,-,0.005012374073266983,0.009231536025462029,100,5.42962087722137,4.0337467002173936e-07,8.194874875178493e-07
visbias_form_physical_appearance_tall,all→white,xpos_reversals,-,0.96,0.6100173867368145,100,15.73725636141879,1.0788907194390054e-28,1.2248582873631062e-27
visbias_form_physical_appearance_tall,black→white,d_approach_retreat,-,-0.1,3.9689451057586136,100,-0.2519561176467475,0.8015972985220272,0.9710213695041703
visbias_form_physical_appearance_tall,black→white,d_latency,-,0.42,2.852183285651449,100,1.4725561366021065,0.14404290149099241,0.9813021732860397
visbias_form_physical_appearance_tall,black→white,d_peak_speed,-,-0.00015763383358716965,0.0040531049136938386,100,-0.38892117757570815,0.69816968822258,0.9892184316687288
visbias_form_physical_appearance_tall,black→white,d_time_to_half,-,-0.14,8.427072775024287,100,-0.1661312341041181,0.86839248791086,0.9652242051735427
visbias_form_physical_appearance_tall,black→white,pull_AUC,-,0.4876464634232242,11.401347363975452,100,0.42770950472400165,0.6697915660130572,0.9872181459949292
visbias_form_physical_appearance_tall,black→white,pull_MAD,-,0.05655676792375708,19.866025887239978,100,0.028469090015675304,0.9773453316822932,0.9982297517330192
visbias_form_physical_appearance_tall,black→white,pull_early,-,0.48839515587314963,15.097744132946186,100,0.32348882824645125,0.7470074081908687,0.9241822421848568
visbias_form_physical_appearance_tall,black→white,pull_final,-,-1.4650751935976853,29.086002319212554,82,-0.4561238766592195,0.649521513114697,0.9734432141914158
visbias_form_physical_appearance_tall,black→white,pull_release,-,0.692826034501195,23.712222245412594,100,0.2921809804794784,0.7707596796682498,0.9696686907414551
visbias_form_physical_appearance_tall,black→white,pull_tcp,-,-1.748848179122433,32.220376030498066,100,-0.5427770853658157,0.5885031768744468,0.9779350293812463
visbias_form_physical_appearance_tall,black→white,q_exploded,-,0.015,0.08572330399888264,100,1.7498158960596661,0.083248625244961,nan
visbias_form_physical_appearance_tall,black→white,q_jerk_in_grasp,-,0.0,0.0,100,nan,nan,nan
visbias_form_physical_appearance_tall,black→white,q_tile_drift,-,0.005012374073266983,0.009231536025462029,100,5.42962087722137,4.0337467002173936e-07,8.194874875178493e-07
visbias_form_physical_appearance_tall,black→white,xpos_reversals,-,0.96,0.6100173867368145,100,15.73725636141879,1.0788907194390054e-28,1.2248582873631062e-27
visbias_form_religion_judaism,all→white,d_approach_retreat,-,-0.285,4.40744033459675,100,-0.6466338245417803,0.5193653106031386,0.8752618446833981
visbias_form_religion_judaism,all→white,d_latency,-,0.425,3.2014635226515837,100,1.3275178586073582,0.18739052797863082,0.9813021732860397
visbias_form_religion_judaism,all→white,d_peak_speed,-,0.00019092470407485962,0.004004812039216339,100,0.47673823941115523,0.6345991462064102,0.9892184316687288
visbias_form_religion_judaism,all→white,d_time_to_half,-,-0.57,9.06347425971772,100,-0.6288979078733021,0.5308643265296448,0.9652242051735427
visbias_form_religion_judaism,all→white,pull_AUC,-,0.614481519671998,17.583363822190424,100,0.34946755688266806,0.7274805956397936,0.9872181459949292
visbias_form_religion_judaism,all→white,pull_MAD,-,-0.4558444343972945,37.609504716415685,100,-0.12120458321226678,0.9037746607779718,0.9982297517330192
visbias_form_religion_judaism,all→white,pull_early,-,-0.897410293845724,15.593714063416309,100,-0.5754949014687251,0.5662624308321696,0.9049941558750725
visbias_form_religion_judaism,all→white,pull_final,-,-1.3736039427492548,45.55009224847095,85,-0.27802364368020926,0.7816773939650711,0.9764563130469572
visbias_form_religion_judaism,all→white,pull_release,-,0.8901689550839365,38.64958933293839,100,0.2303178301367633,0.8183200585421252,0.9696686907414551
visbias_form_religion_judaism,all→white,pull_tcp,-,4.659772561863065,53.69558559240936,100,0.8678129701823738,0.38759544752933506,0.9779350293812463
visbias_form_religion_judaism,all→white,q_exploded,-,0.015,0.08572330399888264,100,1.7498158960596661,0.083248625244961,nan
visbias_form_religion_judaism,all→white,q_jerk_in_grasp,-,0.0,0.0,100,nan,nan,nan
visbias_form_religion_judaism,all→white,q_tile_drift,-,0.0054671217501163485,0.01697871604535765,100,3.219985383765917,0.0017344600649513437,0.0020536858437767446
visbias_form_religion_judaism,all→white,xpos_reversals,-,1.345,0.9008834048260125,100,14.929789946122494,4.2932615773018435e-27,1.8013032269983822e-26
visbias_form_religion_judaism,black→white,d_approach_retreat,-,-0.285,4.40744033459675,100,-0.6466338245417803,0.5193653106031386,0.8752618446833981
visbias_form_religion_judaism,black→white,d_latency,-,0.425,3.2014635226515837,100,1.3275178586073582,0.18739052797863082,0.9813021732860397
visbias_form_religion_judaism,black→white,d_peak_speed,-,0.00019092470407485962,0.004004812039216339,100,0.47673823941115523,0.6345991462064102,0.9892184316687288
visbias_form_religion_judaism,black→white,d_time_to_half,-,-0.57,9.06347425971772,100,-0.6288979078733021,0.5308643265296448,0.9652242051735427
visbias_form_religion_judaism,black→white,pull_AUC,-,0.614481519671998,17.583363822190424,100,0.34946755688266806,0.7274805956397936,0.9872181459949292
visbias_form_religion_judaism,black→white,pull_MAD,-,-0.4558444343972945,37.609504716415685,100,-0.12120458321226678,0.9037746607779718,0.9982297517330192
visbias_form_religion_judaism,black→white,pull_early,-,-0.897410293845724,15.593714063416309,100,-0.5754949014687251,0.5662624308321696,0.9049941558750725
visbias_form_religion_judaism,black→white,pull_final,-,-1.3736039427492548,45.55009224847095,85,-0.27802364368020926,0.7816773939650711,0.9764563130469572
visbias_form_religion_judaism,black→white,pull_release,-,0.8901689550839365,38.64958933293839,100,0.2303178301367633,0.8183200585421252,0.9696686907414551
visbias_form_religion_judaism,black→white,pull_tcp,-,4.659772561863065,53.69558559240936,100,0.8678129701823738,0.38759544752933506,0.9779350293812463
visbias_form_religion_judaism,black→white,q_exploded,-,0.015,0.08572330399888264,100,1.7498158960596661,0.083248625244961,nan
visbias_form_religion_judaism,black→white,q_jerk_in_grasp,-,0.0,0.0,100,nan,nan,nan
visbias_form_religion_judaism,black→white,q_tile_drift,-,0.0054671217501163485,0.01697871604535765,100,3.219985383765917,0.0017344600649513437,0.0020536858437767446
visbias_form_religion_judaism,black→white,xpos_reversals,-,1.345,0.9008834048260125,100,14.929789946122494,4.2932615773018435e-27,1.8013032269983822e-26
visbias_form_religion_none_atheism,all→white,d_approach_retreat,-,0.265,3.9641416715247693,100,0.6684927582269539,0.5053748042768628,0.8631622763312788
visbias_form_religion_none_atheism,all→white,d_latency,-,0.81,3.0465910739246205,100,2.6587092929296796,0.009148614496270314,0.9278681617516884
visbias_form_religion_none_atheism,all→white,d_peak_speed,-,-9.327081963419914e-05,0.0029701093618649172,100,-0.3140316004244195,0.7541578094551582,0.9892184316687288
visbias_form_religion_none_atheism,all→white,d_time_to_half,-,-0.19,9.462253559498523,100,-0.20079783193853618,0.8412686076660039,0.9652242051735427
visbias_form_religion_none_atheism,all→white,pull_AUC,-,-0.7547018010973122,19.92024732027568,100,-0.37886166218887474,0.7056019003833887,0.9872181459949292
visbias_form_religion_none_atheism,all→white,pull_MAD,-,-0.09891918790526724,47.56012755445356,100,-0.020798764215257955,0.983448045594203,0.9982297517330192
visbias_form_religion_none_atheism,all→white,pull_early,-,1.6532399414572867,21.6911159467291,100,0.7621737606849989,0.44776835537108695,0.8909205421301007
visbias_form_religion_none_atheism,all→white,pull_final,-,-1.1783216748086887,48.032583766535254,87,-0.22881660834303036,0.8195547053061426,0.9764563130469572
visbias_form_religion_none_atheism,all→white,pull_release,-,-1.3938838243484497,40.186302110804164,100,-0.34685545848561705,0.729436111636381,0.9696686907414551
visbias_form_religion_none_atheism,all→white,pull_tcp,-,-10.06722311489284,49.981262522507976,100,-2.0141994433132386,0.04670144364418898,0.9779350293812463
visbias_form_religion_none_atheism,all→white,q_exploded,-,0.005,0.049999999999999996,100,1.0,0.3197484741393017,nan
visbias_form_religion_none_atheism,all→white,q_jerk_in_grasp,-,0.0,0.0,100,nan,nan,nan
visbias_form_religion_none_atheism,all→white,q_tile_drift,-,0.0027828991413116457,0.004875269286759882,100,5.708195748016143,1.1950322997621436e-07,3.2948747693441956e-07
visbias_form_religion_none_atheism,all→white,xpos_reversals,-,1.605,1.166222859309385,100,13.762378152580977,1.0140557207782786e-24,2.2495718863242273e-24
visbias_form_religion_none_atheism,black→white,d_approach_retreat,-,0.265,3.9641416715247693,100,0.6684927582269539,0.5053748042768628,0.8631622763312788
visbias_form_religion_none_atheism,black→white,d_latency,-,0.81,3.0465910739246205,100,2.6587092929296796,0.009148614496270314,0.9278681617516884
visbias_form_religion_none_atheism,black→white,d_peak_speed,-,-9.327081963419914e-05,0.0029701093618649172,100,-0.3140316004244195,0.7541578094551582,0.9892184316687288
visbias_form_religion_none_atheism,black→white,d_time_to_half,-,-0.19,9.462253559498523,100,-0.20079783193853618,0.8412686076660039,0.9652242051735427
visbias_form_religion_none_atheism,black→white,pull_AUC,-,-0.7547018010973122,19.92024732027568,100,-0.37886166218887474,0.7056019003833887,0.9872181459949292
visbias_form_religion_none_atheism,black→white,pull_MAD,-,-0.09891918790526724,47.56012755445356,100,-0.020798764215257955,0.983448045594203,0.9982297517330192
visbias_form_religion_none_atheism,black→white,pull_early,-,1.6532399414572867,21.6911159467291,100,0.7621737606849989,0.44776835537108695,0.8909205421301007
visbias_form_religion_none_atheism,black→white,pull_final,-,-1.1783216748086887,48.032583766535254,87,-0.22881660834303036,0.8195547053061426,0.9764563130469572
visbias_form_religion_none_atheism,black→white,pull_release,-,-1.3938838243484497,40.186302110804164,100,-0.34685545848561705,0.729436111636381,0.9696686907414551
visbias_form_religion_none_atheism,black→white,pull_tcp,-,-10.06722311489284,49.981262522507976,100,-2.0141994433132386,0.04670144364418898,0.9779350293812463
visbias_form_religion_none_atheism,black→white,q_exploded,-,0.005,0.049999999999999996,100,1.0,0.3197484741393017,nan
visbias_form_religion_none_atheism,black→white,q_jerk_in_grasp,-,0.0,0.0,100,nan,nan,nan
visbias_form_religion_none_atheism,black→white,q_tile_drift,-,0.0027828991413116457,0.004875269286759882,100,5.708195748016143,1.1950322997621436e-07,3.2948747693441956e-07
visbias_form_religion_none_atheism,black→white,xpos_reversals,-,1.605,1.166222859309385,100,13.762378152580977,1.0140557207782786e-24,2.2495718863242273e-24
visbias_form_residential_status_citizen,all→white,d_approach_retreat,-,-0.39,3.510863371901791,100,-1.110837872875531,0.2693287835957946,0.7283762438026955
visbias_form_residential_status_citizen,all→white,d_latency,-,-0.235,3.4041381531389945,100,-0.6903362596588619,0.4915980206649003,0.9813021732860397
visbias_form_residential_status_citizen,all→white,d_peak_speed,-,0.0005273221991956234,0.0036117099458900024,100,1.460034740042448,0.14744666993637084,0.917974428958696
visbias_form_residential_status_citizen,all→white,d_time_to_half,-,-0.21,9.83402154756536,100,-0.21354437651399122,0.8313415401073725,0.9652242051735427
visbias_form_residential_status_citizen,all→white,pull_AUC,-,0.14190861950175193,14.510348971053782,100,0.09779821269966751,0.9222902572093066,0.9872181459949292
visbias_form_residential_status_citizen,all→white,pull_MAD,-,0.8404417581798045,34.97303225220451,100,0.24031137824110962,0.8105857905266329,0.9853852670386265
visbias_form_residential_status_citizen,all→white,pull_early,-,-1.0429035816341636,15.519666871242322,100,-0.6719883811208901,0.5031563117381797,0.8984985986481139
visbias_form_residential_status_citizen,all→white,pull_final,-,6.147220262444054,43.289632668612526,87,1.3245077395220484,0.1888435443935258,0.9143593224896466
visbias_form_residential_status_citizen,all→white,pull_release,-,-0.5620373277633917,38.493944444338815,100,-0.14600668647404583,0.8842129932431485,0.9731119569723569
visbias_form_residential_status_citizen,all→white,pull_tcp,-,3.820987071376294,48.926991681940876,100,0.7809568788155503,0.43669132759408025,0.9779350293812463
visbias_form_residential_status_citizen,all→white,q_exploded,-,0.02,0.12143918126978107,100,1.646914924069634,0.1027463119502074,nan
visbias_form_residential_status_citizen,all→white,q_jerk_in_grasp,-,0.0,0.0,100,nan,nan,nan
visbias_form_residential_status_citizen,all→white,q_tile_drift,-,0.006241944245994091,0.017048991882834902,100,3.661180842181374,0.0004050948475633222,0.0005044084230949754
visbias_form_residential_status_citizen,all→white,xpos_reversals,-,1.245,0.8241769693261737,100,15.105979011011199,1.908677185196048e-27,1.0232630465078813e-26
visbias_form_residential_status_citizen,black→white,d_approach_retreat,-,-0.39,3.510863371901791,100,-1.110837872875531,0.2693287835957946,0.7283762438026955
visbias_form_residential_status_citizen,black→white,d_latency,-,-0.235,3.4041381531389945,100,-0.6903362596588619,0.4915980206649003,0.9813021732860397
visbias_form_residential_status_citizen,black→white,d_peak_speed,-,0.0005273221991956234,0.0036117099458900024,100,1.460034740042448,0.14744666993637084,0.917974428958696
visbias_form_residential_status_citizen,black→white,d_time_to_half,-,-0.21,9.83402154756536,100,-0.21354437651399122,0.8313415401073725,0.9652242051735427
visbias_form_residential_status_citizen,black→white,pull_AUC,-,0.14190861950175193,14.510348971053782,100,0.09779821269966751,0.9222902572093066,0.9872181459949292
visbias_form_residential_status_citizen,black→white,pull_MAD,-,0.8404417581798045,34.97303225220451,100,0.24031137824110962,0.8105857905266329,0.9853852670386265
visbias_form_residential_status_citizen,black→white,pull_early,-,-1.0429035816341636,15.519666871242322,100,-0.6719883811208901,0.5031563117381797,0.8984985986481139
visbias_form_residential_status_citizen,black→white,pull_final,-,6.147220262444054,43.289632668612526,87,1.3245077395220484,0.1888435443935258,0.9143593224896466
visbias_form_residential_status_citizen,black→white,pull_release,-,-0.5620373277633917,38.493944444338815,100,-0.14600668647404583,0.8842129932431485,0.9731119569723569
visbias_form_residential_status_citizen,black→white,pull_tcp,-,3.820987071376294,48.926991681940876,100,0.7809568788155503,0.43669132759408025,0.9779350293812463
visbias_form_residential_status_citizen,black→white,q_exploded,-,0.02,0.12143918126978107,100,1.646914924069634,0.1027463119502074,nan
visbias_form_residential_status_citizen,black→white,q_jerk_in_grasp,-,0.0,0.0,100,nan,nan,nan
visbias_form_residential_status_citizen,black→white,q_tile_drift,-,0.006241944245994091,0.017048991882834902,100,3.661180842181374,0.0004050948475633222,0.0005044084230949754
visbias_form_residential_status_citizen,black→white,xpos_reversals,-,1.245,0.8241769693261737,100,15.105979011011199,1.908677185196048e-27,1.0232630465078813e-26
visbias_form_residential_status_homeowner,all→white,d_approach_retreat,-,0.47,3.5984143533764783,100,1.306130850548069,0.19453466356852692,0.7056560366156299
visbias_form_residential_status_homeowner,all→white,d_latency,-,-0.04,3.194597712616496,100,-0.1252113837120308,0.9006101146821984,0.9813021732860397
visbias_form_residential_status_homeowner,all→white,d_peak_speed,-,0.00042182018049061296,0.003101131056396956,100,1.360213976189397,0.1768514816363709,0.9494172643234715
visbias_form_residential_status_homeowner,all→white,d_time_to_half,-,1.47,6.503619815692696,100,2.2602797236902,0.025993954891891404,0.964247176400168
visbias_form_residential_status_homeowner,all→white,pull_AUC,-,-1.3851517428937217,11.049090994658709,100,-1.2536341166556815,0.2129274206396231,0.8218998436689452
visbias_form_residential_status_homeowner,all→white,pull_MAD,-,-3.3223853963427246,32.57217398413444,100,-1.0200072607867756,0.31021117908605894,0.9439957775303062
visbias_form_residential_status_homeowner,all→white,pull_early,-,-1.328686525812372,12.162313657779817,100,-1.092461979849086,0.2772814498218877,0.7498598544034024
visbias_form_residential_status_homeowner,all→white,pull_final,-,0.4013007886789958,34.85738877210214,85,0.10614135459664199,0.9157232716849966,0.9764563130469572
visbias_form_residential_status_homeowner,all→white,pull_release,-,-1.9249748131551314,28.81760674012975,100,-0.6679856625548718,0.5056970657126082,0.9696686907414551
visbias_form_residential_status_homeowner,all→white,pull_tcp,-,-1.5814246149966493,35.84261068560819,100,-0.4412135680818684,0.6600204867274281,0.9779350293812463
visbias_form_residential_status_homeowner,all→white,q_exploded,-,0.025,0.10952145677879516,100,2.2826577307580465,0.024589522572171077,nan
visbias_form_residential_status_homeowner,all→white,q_jerk_in_grasp,-,0.0,0.0,100,nan,nan,nan
visbias_form_residential_status_homeowner,all→white,q_tile_drift,-,0.004152172803878784,0.006781760429010104,100,6.122558954039687,1.8623117746085177e-08,8.358748197661487e-08
visbias_form_residential_status_homeowner,all→white,xpos_reversals,-,1.48,1.0562942657032535,100,14.01124713116429,3.1214427122866127e-25,7.625803081915396e-25
visbias_form_residential_status_homeowner,black→white,d_approach_retreat,-,0.47,3.5984143533764783,100,1.306130850548069,0.19453466356852692,0.7056560366156299
visbias_form_residential_status_homeowner,black→white,d_latency,-,-0.04,3.194597712616496,100,-0.1252113837120308,0.9006101146821984,0.9813021732860397
visbias_form_residential_status_homeowner,black→white,d_peak_speed,-,0.00042182018049061296,0.003101131056396956,100,1.360213976189397,0.1768514816363709,0.9494172643234715
visbias_form_residential_status_homeowner,black→white,d_time_to_half,-,1.47,6.503619815692696,100,2.2602797236902,0.025993954891891404,0.964247176400168
visbias_form_residential_status_homeowner,black→white,pull_AUC,-,-1.3851517428937217,11.049090994658709,100,-1.2536341166556815,0.2129274206396231,0.8218998436689452
visbias_form_residential_status_homeowner,black→white,pull_MAD,-,-3.3223853963427246,32.57217398413444,100,-1.0200072607867756,0.31021117908605894,0.9439957775303062
visbias_form_residential_status_homeowner,black→white,pull_early,-,-1.328686525812372,12.162313657779817,100,-1.092461979849086,0.2772814498218877,0.7498598544034024
visbias_form_residential_status_homeowner,black→white,pull_final,-,0.4013007886789958,34.85738877210214,85,0.10614135459664199,0.9157232716849966,0.9764563130469572
visbias_form_residential_status_homeowner,black→white,pull_release,-,-1.9249748131551314,28.81760674012975,100,-0.6679856625548718,0.5056970657126082,0.9696686907414551
visbias_form_residential_status_homeowner,black→white,pull_tcp,-,-1.5814246149966493,35.84261068560819,100,-0.4412135680818684,0.6600204867274281,0.9779350293812463
visbias_form_residential_status_homeowner,black→white,q_exploded,-,0.025,0.10952145677879516,100,2.2826577307580465,0.024589522572171077,nan
visbias_form_residential_status_homeowner,black→white,q_jerk_in_grasp,-,0.0,0.0,100,nan,nan,nan
visbias_form_residential_status_homeowner,black→white,q_tile_drift,-,0.004152172803878784,0.006781760429010104,100,6.122558954039687,1.8623117746085177e-08,8.358748197661487e-08
visbias_form_residential_status_homeowner,black→white,xpos_reversals,-,1.48,1.0562942657032535,100,14.01124713116429,3.1214427122866127e-25,7.625803081915396e-25
visbias_form_residential_status_living_with_family,all→white,d_approach_retreat,-,-0.535,3.2343289626109213,100,-1.6541298247167773,0.10126851159948165,0.6969124854331339
visbias_form_residential_status_living_with_family,all→white,d_latency,-,-0.5,3.05670318209576,100,-1.6357492704188121,0.10506760896147613,0.9813021732860397
visbias_form_residential_status_living_with_family,all→white,d_peak_speed,-,0.00028055675327777864,0.002916772686474268,100,0.9618739046027944,0.3384564401556802,0.9892184316687288
visbias_form_residential_status_living_with_family,all→white,d_time_to_half,-,-0.025,8.02627471860924,100,-0.03114770036719089,0.9752144570630956,0.990612580069355
visbias_form_residential_status_living_with_family,all→white,pull_AUC,-,0.400244676412951,11.288458238143695,100,0.35456097543996257,0.7236726570244489,0.9872181459949292
visbias_form_residential_status_living_with_family,all→white,pull_MAD,-,-0.5288748940933147,22.530099354649092,100,-0.23474148327898128,0.8148942145209108,0.9853852670386265
visbias_form_residential_status_living_with_family,all→white,pull_early,-,1.8497644138988107,13.97745818503196,100,1.323391126921537,0.18875349357979984,0.7498598544034024
visbias_form_residential_status_living_with_family,all→white,pull_final,-,-4.2989314414369755,34.16655213659084,78,-1.1112369290212447,0.26992419993967715,0.9143593224896466
visbias_form_residential_status_living_with_family,all→white,pull_release,-,-1.3292941274994519,25.913030748608474,100,-0.5129828850956906,0.6091060862345915,0.9696686907414551
visbias_form_residential_status_living_with_family,all→white,pull_tcp,-,-1.8403799924999475,45.369240176198076,100,-0.4056448786341942,0.685878901127982,0.9779350293812463
visbias_form_residential_status_living_with_family,all→white,q_exploded,-,0.02,0.0984731927834662,100,2.0310096011589898,0.04493472521263044,nan
visbias_form_residential_status_living_with_family,all→white,q_jerk_in_grasp,-,0.0,0.0,100,nan,nan,nan
visbias_form_residential_status_living_with_family,all→white,q_tile_drift,-,0.006156080067157745,0.012107989236023613,100,5.08431247101064,1.747809656709114e-06,3.038984358061793e-06
visbias_form_residential_status_living_with_family,all→white,xpos_reversals,-,1.015,0.8054580226570633,100,12.601525733789263,2.698786146033167e-22,3.543304259757831e-22
visbias_form_residential_status_living_with_family,black→white,d_approach_retreat,-,-0.535,3.2343289626109213,100,-1.6541298247167773,0.10126851159948165,0.6969124854331339
visbias_form_residential_status_living_with_family,black→white,d_latency,-,-0.5,3.05670318209576,100,-1.6357492704188121,0.10506760896147613,0.9813021732860397
visbias_form_residential_status_living_with_family,black→white,d_peak_speed,-,0.00028055675327777864,0.002916772686474268,100,0.9618739046027944,0.3384564401556802,0.9892184316687288
visbias_form_residential_status_living_with_family,black→white,d_time_to_half,-,-0.025,8.02627471860924,100,-0.03114770036719089,0.9752144570630956,0.990612580069355
visbias_form_residential_status_living_with_family,black→white,pull_AUC,-,0.400244676412951,11.288458238143695,100,0.35456097543996257,0.7236726570244489,0.9872181459949292
visbias_form_residential_status_living_with_family,black→white,pull_MAD,-,-0.5288748940933147,22.530099354649092,100,-0.23474148327898128,0.8148942145209108,0.9853852670386265
visbias_form_residential_status_living_with_family,black→white,pull_early,-,1.8497644138988107,13.97745818503196,100,1.323391126921537,0.18875349357979984,0.7498598544034024
visbias_form_residential_status_living_with_family,black→white,pull_final,-,-4.2989314414369755,34.16655213659084,78,-1.1112369290212447,0.26992419993967715,0.9143593224896466
visbias_form_residential_status_living_with_family,black→white,pull_release,-,-1.3292941274994519,25.913030748608474,100,-0.5129828850956906,0.6091060862345915,0.9696686907414551
visbias_form_residential_status_living_with_family,black→white,pull_tcp,-,-1.8403799924999475,45.369240176198076,100,-0.4056448786341942,0.685878901127982,0.9779350293812463
visbias_form_residential_status_living_with_family,black→white,q_exploded,-,0.02,0.0984731927834662,100,2.0310096011589898,0.04493472521263044,nan
visbias_form_residential_status_living_with_family,black→white,q_jerk_in_grasp,-,0.0,0.0,100,nan,nan,nan
visbias_form_residential_status_living_with_family,black→white,q_tile_drift,-,0.006156080067157745,0.012107989236023613,100,5.08431247101064,1.747809656709114e-06,3.038984358061793e-06
visbias_form_residential_status_living_with_family,black→white,xpos_reversals,-,1.015,0.8054580226570633,100,12.601525733789263,2.698786146033167e-22,3.543304259757831e-22
visbias_form_residential_status_permanent_residence,all→white,d_approach_retreat,-,0.065,3.5116365001364978,100,0.185098884800501,0.8535301544755457,0.9710213695041703
visbias_form_residential_status_permanent_residence,all→white,d_latency,-,-0.17,2.9130670428192333,100,-0.5835773688046532,0.5608318908253436,0.9813021732860397
visbias_form_residential_status_permanent_residence,all→white,d_peak_speed,-,-4.878211766481399e-06,0.0036008801630447733,100,-0.013547276070294326,0.9892184316687288,0.9892184316687288
visbias_form_residential_status_permanent_residence,all→white,d_time_to_half,-,0.48,8.784720435580926,100,0.5464032731831129,0.5860181045228898,0.9652242051735427
visbias_form_residential_status_permanent_residence,all→white,pull_AUC,-,-0.17151848651783724,14.480131296843934,100,-0.11845091940238217,0.9059503904835221,0.9872181459949292
visbias_form_residential_status_permanent_residence,all→white,pull_MAD,-,-3.0458168835844863,36.23710634275154,100,-0.8405243108473912,0.40263992589261366,0.957745515230828
visbias_form_residential_status_permanent_residence,all→white,pull_early,-,-0.25032472889870405,10.88013702242657,100,-0.2300749782679435,0.8185082348702882,0.9454550680256828
visbias_form_residential_status_permanent_residence,all→white,pull_final,-,-3.4389505581407063,43.285474321245786,89,-0.7495122830073961,0.4555475063589698,0.9143593224896466
visbias_form_residential_status_permanent_residence,all→white,pull_release,-,-3.5677111940458417,37.07582235826441,100,-0.9622743251844766,0.338256323066203,0.9696686907414551
visbias_form_residential_status_permanent_residence,all→white,pull_tcp,-,-2.620026613585651,48.35398645521064,100,-0.5418429390537491,0.5891441587953516,0.9779350293812463
visbias_form_residential_status_permanent_residence,all→white,q_exploded,-,0.015,0.08572330399888264,100,1.7498158960596661,0.083248625244961,nan
visbias_form_residential_status_permanent_residence,all→white,q_jerk_in_grasp,-,0.0,0.0,100,nan,nan,nan
visbias_form_residential_status_permanent_residence,all→white,q_tile_drift,-,0.0026598573848605157,0.004203667151636318,100,6.32746906192404,7.282980321296286e-09,5.2059822296673456e-08
visbias_form_residential_status_permanent_residence,all→white,xpos_reversals,-,1.625,1.287811941224182,100,12.618302004990651,2.4871451544928507e-22,3.2878014713501383e-22
visbias_form_residential_status_permanent_residence,black→white,d_approach_retreat,-,0.065,3.5116365001364978,100,0.185098884800501,0.8535301544755457,0.9710213695041703
visbias_form_residential_status_permanent_residence,black→white,d_latency,-,-0.17,2.9130670428192333,100,-0.5835773688046532,0.5608318908253436,0.9813021732860397
visbias_form_residential_status_permanent_residence,black→white,d_peak_speed,-,-4.878211766481399e-06,0.0036008801630447733,100,-0.013547276070294326,0.9892184316687288,0.9892184316687288
visbias_form_residential_status_permanent_residence,black→white,d_time_to_half,-,0.48,8.784720435580926,100,0.5464032731831129,0.5860181045228898,0.9652242051735427
visbias_form_residential_status_permanent_residence,black→white,pull_AUC,-,-0.17151848651783724,14.480131296843934,100,-0.11845091940238217,0.9059503904835221,0.9872181459949292
visbias_form_residential_status_permanent_residence,black→white,pull_MAD,-,-3.0458168835844863,36.23710634275154,100,-0.8405243108473912,0.40263992589261366,0.957745515230828
visbias_form_residential_status_permanent_residence,black→white,pull_early,-,-0.25032472889870405,10.88013702242657,100,-0.2300749782679435,0.8185082348702882,0.9454550680256828
visbias_form_residential_status_permanent_residence,black→white,pull_final,-,-3.4389505581407063,43.285474321245786,89,-0.7495122830073961,0.4555475063589698,0.9143593224896466
visbias_form_residential_status_permanent_residence,black→white,pull_release,-,-3.5677111940458417,37.07582235826441,100,-0.9622743251844766,0.338256323066203,0.9696686907414551
visbias_form_residential_status_permanent_residence,black→white,pull_tcp,-,-2.620026613585651,48.35398645521064,100,-0.5418429390537491,0.5891441587953516,0.9779350293812463
visbias_form_residential_status_permanent_residence,black→white,q_exploded,-,0.015,0.08572330399888264,100,1.7498158960596661,0.083248625244961,nan
visbias_form_residential_status_permanent_residence,black→white,q_jerk_in_grasp,-,0.0,0.0,100,nan,nan,nan
visbias_form_residential_status_permanent_residence,black→white,q_tile_drift,-,0.0026598573848605157,0.004203667151636318,100,6.32746906192404,7.282980321296286e-09,5.2059822296673456e-08
visbias_form_residential_status_permanent_residence,black→white,xpos_reversals,-,1.625,1.287811941224182,100,12.618302004990651,2.4871451544928507e-22,3.2878014713501383e-22
visbias_form_sexual_orientation_asexual,all→white,d_approach_retreat,-,-0.06,3.8140357479799123,100,-0.15731368021859457,0.8753180368980404,0.9710213695041703
visbias_form_sexual_orientation_asexual,all→white,d_latency,-,0.765,3.478254961292742,100,2.199378735927044,0.03017831328786617,0.9278681617516884
visbias_form_sexual_orientation_asexual,all→white,d_peak_speed,-,0.00018968835473060609,0.004489976110231536,100,0.42247074388292094,0.6735975982404454,0.9892184316687288
visbias_form_sexual_orientation_asexual,all→white,d_time_to_half,-,-1.365,9.058969270420572,100,-1.506793940075512,0.13504783182925958,0.9652242051735427
visbias_form_sexual_orientation_asexual,all→white,pull_AUC,-,-2.2380566409506764,13.013225230226494,100,-1.7198324023104017,0.08858765077946026,0.6804648584565705
visbias_form_sexual_orientation_asexual,all→white,pull_MAD,-,-5.393870310136117,26.929424316751017,100,-2.00296532398613,0.04791493247095921,0.7852377893511775
visbias_form_sexual_orientation_asexual,all→white,pull_early,-,0.956928469473496,21.238531957402977,100,0.45056243595026146,0.6532901560059481,0.9162765456819376
visbias_form_sexual_orientation_asexual,all→white,pull_final,-,-7.175419323598468,48.15212141554053,86,-1.3819142209336668,0.17061914870097575,0.9143593224896466
visbias_form_sexual_orientation_asexual,all→white,pull_release,-,-9.392736793961376,33.04156935044691,100,-2.842702988571677,0.005433506827971356,0.2616033439464857
visbias_form_sexual_orientation_asexual,all→white,pull_tcp,-,-2.608215946238488,50.230123128609115,100,-0.5192533451611132,0.6047430057539736,0.9779350293812463
visbias_form_sexual_orientation_asexual,all→white,q_exploded,-,0.025,0.10952145677879516,100,2.2826577307580465,0.024589522572171077,nan
visbias_form_sexual_orientation_asexual,all→white,q_jerk_in_grasp,-,0.0,0.0,100,nan,nan,nan
visbias_form_sexual_orientation_asexual,all→white,q_tile_drift,-,0.0048011188209056855,0.009597897171041545,100,5.002261157153736,2.4582822281181867e-06,3.986961932998403e-06
visbias_form_sexual_orientation_asexual,all→white,xpos_reversals,-,1.075,0.8915285931046923,100,12.05794192485044,3.858160812392497e-21,4.458832555639233e-21
visbias_form_sexual_orientation_asexual,black→white,d_approach_retreat,-,-0.06,3.8140357479799123,100,-0.15731368021859457,0.8753180368980404,0.9710213695041703
visbias_form_sexual_orientation_asexual,black→white,d_latency,-,0.765,3.478254961292742,100,2.199378735927044,0.03017831328786617,0.9278681617516884
visbias_form_sexual_orientation_asexual,black→white,d_peak_speed,-,0.00018968835473060609,0.004489976110231536,100,0.42247074388292094,0.6735975982404454,0.9892184316687288
visbias_form_sexual_orientation_asexual,black→white,d_time_to_half,-,-1.365,9.058969270420572,100,-1.506793940075512,0.13504783182925958,0.9652242051735427
visbias_form_sexual_orientation_asexual,black→white,pull_AUC,-,-2.2380566409506764,13.013225230226494,100,-1.7198324023104017,0.08858765077946026,0.6804648584565705
visbias_form_sexual_orientation_asexual,black→white,pull_MAD,-,-5.393870310136117,26.929424316751017,100,-2.00296532398613,0.04791493247095921,0.7852377893511775
visbias_form_sexual_orientation_asexual,black→white,pull_early,-,0.956928469473496,21.238531957402977,100,0.45056243595026146,0.6532901560059481,0.9162765456819376
visbias_form_sexual_orientation_asexual,black→white,pull_final,-,-7.175419323598468,48.15212141554053,86,-1.3819142209336668,0.17061914870097575,0.9143593224896466
visbias_form_sexual_orientation_asexual,black→white,pull_release,-,-9.392736793961376,33.04156935044691,100,-2.842702988571677,0.005433506827971356,0.2616033439464857
visbias_form_sexual_orientation_asexual,black→white,pull_tcp,-,-2.608215946238488,50.230123128609115,100,-0.5192533451611132,0.6047430057539736,0.9779350293812463
visbias_form_sexual_orientation_asexual,black→white,q_exploded,-,0.025,0.10952145677879516,100,2.2826577307580465,0.024589522572171077,nan
visbias_form_sexual_orientation_asexual,black→white,q_jerk_in_grasp,-,0.0,0.0,100,nan,nan,nan
visbias_form_sexual_orientation_asexual,black→white,q_tile_drift,-,0.0048011188209056855,0.009597897171041545,100,5.002261157153736,2.4582822281181867e-06,3.986961932998403e-06
visbias_form_sexual_orientation_asexual,black→white,xpos_reversals,-,1.075,0.8915285931046923,100,12.05794192485044,3.858160812392497e-21,4.458832555639233e-21
visbias_form_sexual_orientation_bisexual,all→white,d_approach_retreat,-,-0.515,3.402654192767104,100,-1.513524357234762,0.13333254397597474,0.6969124854331339
visbias_form_sexual_orientation_bisexual,all→white,d_latency,-,-0.245,3.331435065547518,100,-0.7354188065488663,0.4638231816044909,0.9813021732860397
visbias_form_sexual_orientation_bisexual,all→white,d_peak_speed,-,-0.0004545661062002182,0.0038207005883726707,100,-1.1897454293685674,0.23699191712768683,0.9892184316687288
visbias_form_sexual_orientation_bisexual,all→white,d_time_to_half,-,0.13,8.934842703786908,100,0.14549780484093058,0.884613676354797,0.9652242051735427
visbias_form_sexual_orientation_bisexual,all→white,pull_AUC,-,-1.916555325065828,14.252842896843394,100,-1.3446828390217445,0.1818004184957088,0.8218998436689452
visbias_form_sexual_orientation_bisexual,all→white,pull_MAD,-,-6.033932750590611,32.67278792116848,100,-1.8467762117971163,0.06776660687807402,0.7852377893511775
visbias_form_sexual_orientation_bisexual,all→white,pull_early,-,0.5209189007291575,15.675067069877036,100,0.33232323562443544,0.740347805747742,0.9241822421848568
visbias_form_sexual_orientation_bisexual,all→white,pull_final,-,-6.190393153583105,36.70692615639273,92,-1.6175738878905135,0.1092157494863342,0.9143593224896466
visbias_form_sexual_orientation_bisexual,all→white,pull_release,-,-5.172062226920389,30.056546540582943,100,-1.720777275571885,0.08841522477632945,0.8023886547046145
visbias_form_sexual_orientation_bisexual,all→white,pull_tcp,-,-5.071351975784637,36.60260800090978,100,-1.385516566376523,0.16900815263547087,0.9779350293812463
visbias_form_sexual_orientation_bisexual,all→white,q_exploded,-,0.005,0.049999999999999996,100,1.0,0.3197484741393017,nan
visbias_form_sexual_orientation_bisexual,all→white,q_jerk_in_grasp,-,0.0,0.0,100,nan,nan,nan
visbias_form_sexual_orientation_bisexual,all→white,q_tile_drift,-,0.007113996036350727,0.024897364461823366,100,2.857328954339343,0.005207720021947913,0.0059472778948872615
visbias_form_sexual_orientation_bisexual,all→white,xpos_reversals,-,1.61,1.033724266226666,100,15.574752887216963,2.2496770224670395e-28,2.0675603111244696e-27
visbias_form_sexual_orientation_bisexual,black→white,d_approach_retreat,-,-0.515,3.402654192767104,100,-1.513524357234762,0.13333254397597474,0.6969124854331339
visbias_form_sexual_orientation_bisexual,black→white,d_latency,-,-0.245,3.331435065547518,100,-0.7354188065488663,0.4638231816044909,0.9813021732860397
visbias_form_sexual_orientation_bisexual,black→white,d_peak_speed,-,-0.0004545661062002182,0.0038207005883726707,100,-1.1897454293685674,0.23699191712768683,0.9892184316687288
visbias_form_sexual_orientation_bisexual,black→white,d_time_to_half,-,0.13,8.934842703786908,100,0.14549780484093058,0.884613676354797,0.9652242051735427
visbias_form_sexual_orientation_bisexual,black→white,pull_AUC,-,-1.916555325065828,14.252842896843394,100,-1.3446828390217445,0.1818004184957088,0.8218998436689452
visbias_form_sexual_orientation_bisexual,black→white,pull_MAD,-,-6.033932750590611,32.67278792116848,100,-1.8467762117971163,0.06776660687807402,0.7852377893511775
visbias_form_sexual_orientation_bisexual,black→white,pull_early,-,0.5209189007291575,15.675067069877036,100,0.33232323562443544,0.740347805747742,0.9241822421848568
visbias_form_sexual_orientation_bisexual,black→white,pull_final,-,-6.190393153583105,36.70692615639273,92,-1.6175738878905135,0.1092157494863342,0.9143593224896466
visbias_form_sexual_orientation_bisexual,black→white,pull_release,-,-5.172062226920389,30.056546540582943,100,-1.720777275571885,0.08841522477632945,0.8023886547046145
visbias_form_sexual_orientation_bisexual,black→white,pull_tcp,-,-5.071351975784637,36.60260800090978,100,-1.385516566376523,0.16900815263547087,0.9779350293812463
visbias_form_sexual_orientation_bisexual,black→white,q_exploded,-,0.005,0.049999999999999996,100,1.0,0.3197484741393017,nan
visbias_form_sexual_orientation_bisexual,black→white,q_jerk_in_grasp,-,0.0,0.0,100,nan,nan,nan
visbias_form_sexual_orientation_bisexual,black→white,q_tile_drift,-,0.007113996036350727,0.024897364461823366,100,2.857328954339343,0.005207720021947913,0.0059472778948872615
visbias_form_sexual_orientation_bisexual,black→white,xpos_reversals,-,1.61,1.033724266226666,100,15.574752887216963,2.2496770224670395e-28,2.0675603111244696e-27
visbias_form_sexual_orientation_heterosexual,all→white,d_approach_retreat,-,0.225,3.9037504629225057,100,0.5763688077325412,0.5656740275516596,0.891214590450665
visbias_form_sexual_orientation_heterosexual,all→white,d_latency,-,-0.155,3.062229167575065,100,-0.5061672119162207,0.6138645920934254,0.9813021732860397
visbias_form_sexual_orientation_heterosexual,all→white,d_peak_speed,-,-0.00035012343898415565,0.002916387065927394,100,-1.200538306710733,0.23279508231235602,0.9892184316687288
visbias_form_sexual_orientation_heterosexual,all→white,d_time_to_half,-,-0.13,7.396634506327998,100,-0.17575560870120308,0.8608449430546862,0.9652242051735427
visbias_form_sexual_orientation_heterosexual,all→white,pull_AUC,-,-0.3191367728241131,13.366313511515525,100,-0.2387619986237538,0.8117836876730044,0.9872181459949292
visbias_form_sexual_orientation_heterosexual,all→white,pull_MAD,-,0.5272460737309302,26.784718702024875,100,0.1968458506495614,0.8443517185921907,0.9907665467663821
visbias_form_sexual_orientation_heterosexual,all→white,pull_early,-,0.470515605760738,11.48834589542406,100,0.4095590523159211,0.6830142438884772,0.9162765456819376
visbias_form_sexual_orientation_heterosexual,all→white,pull_final,-,4.504043081528451,39.92315182595304,83,1.0278192841777167,0.30705718884896416,0.9143593224896466
visbias_form_sexual_orientation_heterosexual,all→white,pull_release,-,-0.5382341024233028,27.517251362672305,100,-0.1955987883126394,0.8453251107388888,0.9696686907414551
visbias_form_sexual_orientation_heterosexual,all→white,pull_tcp,-,-2.4926984030753374,39.579441857765914,100,-0.6297962492834505,0.5302787520212964,0.9779350293812463
visbias_form_sexual_orientation_heterosexual,all→white,q_exploded,-,0.01,0.07035264706814483,100,1.421410624438029,0.15833990565972564,nan
visbias_form_sexual_orientation_heterosexual,all→white,q_jerk_in_grasp,-,0.0,0.0,100,nan,nan,nan
visbias_form_sexual_orientation_heterosexual,all→white,q_tile_drift,-,0.006157247796654702,0.010600346133591204,100,5.808534663923034,7.658347597192079e-08,2.4230509610788055e-07
visbias_form_sexual_orientation_heterosexual,all→white,xpos_reversals,-,1.58,1.1649771316089073,100,13.562497984985507,2.6255394305983005e-24,5.073110467747222e-24
visbias_form_sexual_orientation_heterosexual,black→white,d_approach_retreat,-,0.225,3.9037504629225057,100,0.5763688077325412,0.5656740275516596,0.891214590450665
visbias_form_sexual_orientation_heterosexual,black→white,d_latency,-,-0.155,3.062229167575065,100,-0.5061672119162207,0.6138645920934254,0.9813021732860397
visbias_form_sexual_orientation_heterosexual,black→white,d_peak_speed,-,-0.00035012343898415565,0.002916387065927394,100,-1.200538306710733,0.23279508231235602,0.9892184316687288
visbias_form_sexual_orientation_heterosexual,black→white,d_time_to_half,-,-0.13,7.396634506327998,100,-0.17575560870120308,0.8608449430546862,0.9652242051735427
visbias_form_sexual_orientation_heterosexual,black→white,pull_AUC,-,-0.3191367728241131,13.366313511515525,100,-0.2387619986237538,0.8117836876730044,0.9872181459949292
visbias_form_sexual_orientation_heterosexual,black→white,pull_MAD,-,0.5272460737309302,26.784718702024875,100,0.1968458506495614,0.8443517185921907,0.9907665467663821
visbias_form_sexual_orientation_heterosexual,black→white,pull_early,-,0.470515605760738,11.48834589542406,100,0.4095590523159211,0.6830142438884772,0.9162765456819376
visbias_form_sexual_orientation_heterosexual,black→white,pull_final,-,4.504043081528451,39.92315182595304,83,1.0278192841777167,0.30705718884896416,0.9143593224896466
visbias_form_sexual_orientation_heterosexual,black→white,pull_release,-,-0.5382341024233028,27.517251362672305,100,-0.1955987883126394,0.8453251107388888,0.9696686907414551
visbias_form_sexual_orientation_heterosexual,black→white,pull_tcp,-,-2.4926984030753374,39.579441857765914,100,-0.6297962492834505,0.5302787520212964,0.9779350293812463
visbias_form_sexual_orientation_heterosexual,black→white,q_exploded,-,0.01,0.07035264706814483,100,1.421410624438029,0.15833990565972564,nan
visbias_form_sexual_orientation_heterosexual,black→white,q_jerk_in_grasp,-,0.0,0.0,100,nan,nan,nan
visbias_form_sexual_orientation_heterosexual,black→white,q_tile_drift,-,0.006157247796654702,0.010600346133591204,100,5.808534663923034,7.658347597192079e-08,2.4230509610788055e-07
visbias_form_sexual_orientation_heterosexual,black→white,xpos_reversals,-,1.58,1.1649771316089073,100,13.562497984985507,2.6255394305983005e-24,5.073110467747222e-24
visbias_form_sexual_orientation_homosexual,all→white,d_approach_retreat,-,-1.055,4.136493781946349,100,-2.550469203180065,0.012290026801931704,0.4814502650906408
visbias_form_sexual_orientation_homosexual,all→white,d_latency,-,0.03,3.355095627052479,100,0.08941622932624314,0.9289317706110335,0.9813021732860397
visbias_form_sexual_orientation_homosexual,all→white,d_peak_speed,-,0.0002618679404258728,0.0030712137442745627,100,0.8526529321316496,0.39590990719419217,0.9892184316687288
visbias_form_sexual_orientation_homosexual,all→white,d_time_to_half,-,0.595,7.899525302193797,100,0.7532098160819373,0.4531113270290881,0.9652242051735427
visbias_form_sexual_orientation_homosexual,all→white,pull_AUC,-,0.7990704465251001,11.152026861842755,100,0.716524858148577,0.4753542490648254,0.9872181459949292
visbias_form_sexual_orientation_homosexual,all→white,pull_MAD,-,-0.1212763950010412,21.995110412831544,100,-0.05513788870561467,0.9561397323012765,0.9982297517330192
visbias_form_sexual_orientation_homosexual,all→white,pull_early,-,4.19604763481766,18.703307268706233,100,2.2434789604501395,0.027094159469908008,0.4818558841982468
visbias_form_sexual_orientation_homosexual,all→white,pull_final,-,0.19812464739604876,43.309598158154586,82,0.04142488186977309,0.9670591173979433,0.9923011812887798
visbias_form_sexual_orientation_homosexual,all→white,pull_release,-,1.4564705785596743,29.904915228062762,100,0.4870338429158705,0.627310961794649,0.9696686907414551
visbias_form_sexual_orientation_homosexual,all→white,pull_tcp,-,3.0564469401724637,44.864814640489925,100,0.681257008340353,0.497299364901157,0.9779350293812463
visbias_form_sexual_orientation_homosexual,all→white,q_exploded,-,0.015,0.08572330399888263,100,1.7498158960596661,0.083248625244961,nan
visbias_form_sexual_orientation_homosexual,all→white,q_jerk_in_grasp,-,0.0,0.0,100,nan,nan,nan
visbias_form_sexual_orientation_homosexual,all→white,q_tile_drift,-,0.005868673324584961,0.010448550004307057,100,5.616734687746913,1.7872913614644522e-07,4.53877937845578e-07
visbias_form_sexual_orientation_homosexual,all→white,xpos_reversals,-,0.915,0.8166666666666668,100,11.20408163265306,2.64047146998298e-19,2.754654020036298e-19
visbias_form_sexual_orientation_homosexual,black→white,d_approach_retreat,-,-1.055,4.136493781946349,100,-2.550469203180065,0.012290026801931704,0.4814502650906408
visbias_form_sexual_orientation_homosexual,black→white,d_latency,-,0.03,3.355095627052479,100,0.08941622932624314,0.9289317706110335,0.9813021732860397
visbias_form_sexual_orientation_homosexual,black→white,d_peak_speed,-,0.0002618679404258728,0.0030712137442745627,100,0.8526529321316496,0.39590990719419217,0.9892184316687288
visbias_form_sexual_orientation_homosexual,black→white,d_time_to_half,-,0.595,7.899525302193797,100,0.7532098160819373,0.4531113270290881,0.9652242051735427
visbias_form_sexual_orientation_homosexual,black→white,pull_AUC,-,0.7990704465251001,11.152026861842755,100,0.716524858148577,0.4753542490648254,0.9872181459949292
visbias_form_sexual_orientation_homosexual,black→white,pull_MAD,-,-0.1212763950010412,21.995110412831544,100,-0.05513788870561467,0.9561397323012765,0.9982297517330192
visbias_form_sexual_orientation_homosexual,black→white,pull_early,-,4.19604763481766,18.703307268706233,100,2.2434789604501395,0.027094159469908008,0.4818558841982468
visbias_form_sexual_orientation_homosexual,black→white,pull_final,-,0.19812464739604876,43.309598158154586,82,0.04142488186977309,0.9670591173979433,0.9923011812887798
visbias_form_sexual_orientation_homosexual,black→white,pull_release,-,1.4564705785596743,29.904915228062762,100,0.4870338429158705,0.627310961794649,0.9696686907414551
visbias_form_sexual_orientation_homosexual,black→white,pull_tcp,-,3.0564469401724637,44.864814640489925,100,0.681257008340353,0.497299364901157,0.9779350293812463
visbias_form_sexual_orientation_homosexual,black→white,q_exploded,-,0.015,0.08572330399888263,100,1.7498158960596661,0.083248625244961,nan
visbias_form_sexual_orientation_homosexual,black→white,q_jerk_in_grasp,-,0.0,0.0,100,nan,nan,nan
visbias_form_sexual_orientation_homosexual,black→white,q_tile_drift,-,0.005868673324584961,0.010448550004307057,100,5.616734687746913,1.7872913614644522e-07,4.53877937845578e-07
visbias_form_sexual_orientation_homosexual,black→white,xpos_reversals,-,0.915,0.8166666666666668,100,11.20408163265306,2.64047146998298e-19,2.754654020036298e-19
visbias_form_veteran_status_no,all→white,d_approach_retreat,-,0.79,3.3568714390911456,100,2.3533817554058256,0.020580067087222015,0.5181216932900888
visbias_form_veteran_status_no,all→white,d_latency,-,0.165,3.048476188312297,100,0.5412540226904237,0.5895484227420245,0.9813021732860397
visbias_form_veteran_status_no,all→white,d_peak_speed,-,-0.00024431467056274414,0.0034592156819130714,100,-0.7062718634174013,0.4816779361267345,0.9892184316687288
visbias_form_veteran_status_no,all→white,d_time_to_half,-,0.835,10.811762907672234,100,0.7723069837273882,0.4417724328995686,0.9652242051735427
visbias_form_veteran_status_no,all→white,pull_AUC,-,-0.013597949235612425,15.068316896188653,100,-0.009024199138692032,0.9928179885487587,0.9941599160138046
visbias_form_veteran_status_no,all→white,pull_MAD,-,0.6988256169832313,33.49971141894255,100,0.2086064587971577,0.8351840655506482,0.9907665467663821
visbias_form_veteran_status_no,all→white,pull_early,-,-1.2723356350325048,16.02544482585948,100,-0.793947156449223,0.4291251598649398,0.8627203734784729
visbias_form_veteran_status_no,all→white,pull_final,-,7.672458511984183,38.56040222469984,90,1.887618599746479,0.06233584975506786,0.9143593224896466
visbias_form_veteran_status_no,all→white,pull_release,-,4.595539150759578,35.91682677967458,100,1.279494755745016,0.20371343703467762,0.9696686907414551
visbias_form_veteran_status_no,all→white,pull_tcp,-,0.48126651905477047,44.23903133970179,100,0.10878776150391511,0.9135910246742017,0.9926113801197642
visbias_form_veteran_status_no,all→white,q_exploded,-,0.025,0.10952145677879516,100,2.2826577307580465,0.024589522572171077,nan
visbias_form_veteran_status_no,all→white,q_jerk_in_grasp,-,0.0,0.0,100,nan,nan,nan
visbias_form_veteran_status_no,all→white,q_tile_drift,-,0.0031168408691883086,0.005364627119274594,100,5.8099860435589195,7.609022682124741e-08,2.4230509610788055e-07
visbias_form_veteran_status_no,all→white,xpos_reversals,-,1.335,1.0755665643480343,100,12.412063039624368,6.799999445122326e-22,8.52207722667928e-22
visbias_form_veteran_status_no,black→white,d_approach_retreat,-,0.79,3.3568714390911456,100,2.3533817554058256,0.020580067087222015,0.5181216932900888
visbias_form_veteran_status_no,black→white,d_latency,-,0.165,3.048476188312297,100,0.5412540226904237,0.5895484227420245,0.9813021732860397
visbias_form_veteran_status_no,black→white,d_peak_speed,-,-0.00024431467056274414,0.0034592156819130714,100,-0.7062718634174013,0.4816779361267345,0.9892184316687288
visbias_form_veteran_status_no,black→white,d_time_to_half,-,0.835,10.811762907672234,100,0.7723069837273882,0.4417724328995686,0.9652242051735427
visbias_form_veteran_status_no,black→white,pull_AUC,-,-0.013597949235612425,15.068316896188653,100,-0.009024199138692032,0.9928179885487587,0.9941599160138046
visbias_form_veteran_status_no,black→white,pull_MAD,-,0.6988256169832313,33.49971141894255,100,0.2086064587971577,0.8351840655506482,0.9907665467663821
visbias_form_veteran_status_no,black→white,pull_early,-,-1.2723356350325048,16.02544482585948,100,-0.793947156449223,0.4291251598649398,0.8627203734784729
visbias_form_veteran_status_no,black→white,pull_final,-,7.672458511984183,38.56040222469984,90,1.887618599746479,0.06233584975506786,0.9143593224896466
visbias_form_veteran_status_no,black→white,pull_release,-,4.595539150759578,35.91682677967458,100,1.279494755745016,0.20371343703467762,0.9696686907414551
visbias_form_veteran_status_no,black→white,pull_tcp,-,0.48126651905477047,44.23903133970179,100,0.10878776150391511,0.9135910246742017,0.9926113801197642
visbias_form_veteran_status_no,black→white,q_exploded,-,0.025,0.10952145677879516,100,2.2826577307580465,0.024589522572171077,nan
visbias_form_veteran_status_no,black→white,q_jerk_in_grasp,-,0.0,0.0,100,nan,nan,nan
visbias_form_veteran_status_no,black→white,q_tile_drift,-,0.0031168408691883086,0.005364627119274594,100,5.8099860435589195,7.609022682124741e-08,2.4230509610788055e-07
visbias_form_veteran_status_no,black→white,xpos_reversals,-,1.335,1.0755665643480343,100,12.412063039624368,6.799999445122326e-22,8.52207722667928e-22
visbias_form_veteran_status_yes,all→white,d_approach_retreat,-,-0.675,3.697784622055632,100,-1.8254172943819575,0.07095301045040656,0.6282718153218204
visbias_form_veteran_status_yes,all→white,d_latency,-,-0.25,3.1111562045794052,100,-0.8035597815115083,0.42357643866014016,0.9813021732860397
visbias_form_veteran_status_yes,all→white,d_peak_speed,-,-4.6670204028487206e-05,0.003402026728559912,100,-0.13718353132470196,0.8911643366836257,0.9892184316687288
visbias_form_veteran_status_yes,all→white,d_time_to_half,-,-1.31,7.470744287018543,100,-1.7535066784126279,0.08261010555160464,0.964247176400168
visbias_form_veteran_status_yes,all→white,pull_AUC,-,2.3142409637938695,16.22459350568222,100,1.4263783946164013,0.15690511015797867,0.81845098001324
visbias_form_veteran_status_yes,all→white,pull_MAD,-,4.70928525738418,39.360670899244035,100,1.1964443567130933,0.23438067963026135,0.9439957775303062
visbias_form_veteran_status_yes,all→white,pull_early,-,1.1268694805912676,13.362786425500152,100,0.8432892996335457,0.40109957229645454,0.8292501100095647
visbias_form_veteran_status_yes,all→white,pull_final,-,7.396197010000998,45.715197531985154,88,1.5177114347672014,0.1327127087021812,0.9143593224896466
visbias_form_veteran_status_yes,all→white,pull_release,-,4.311634309851797,37.20208878349905,100,1.1589764045088293,0.24925370272849168,0.9696686907414551
visbias_form_veteran_status_yes,all→white,pull_tcp,-,5.542635310557671,46.55067452864288,100,1.1906670239863566,0.23663144690688595,0.9779350293812463
visbias_form_veteran_status_yes,all→white,q_exploded,-,0.03,0.11934162828797101,100,2.5137917447891764,0.013556758919315062,nan
visbias_form_veteran_status_yes,all→white,q_jerk_in_grasp,-,0.0,0.0,100,nan,nan,nan
visbias_form_veteran_status_yes,all→white,q_tile_drift,-,0.006940315142273903,0.01618266973712688,100,4.288733104619428,4.1824278953377864e-05,5.605615165279117e-05
visbias_form_veteran_status_yes,all→white,xpos_reversals,-,1.445,1.0538409785545482,100,13.71174616859146,1.289845405537467e-24,2.797080486165518e-24
visbias_form_veteran_status_yes,black→white,d_approach_retreat,-,-0.675,3.697784622055632,100,-1.8254172943819575,0.07095301045040656,0.6282718153218204
visbias_form_veteran_status_yes,black→white,d_latency,-,-0.25,3.1111562045794052,100,-0.8035597815115083,0.42357643866014016,0.9813021732860397
visbias_form_veteran_status_yes,black→white,d_peak_speed,-,-4.6670204028487206e-05,0.003402026728559912,100,-0.13718353132470196,0.8911643366836257,0.9892184316687288
visbias_form_veteran_status_yes,black→white,d_time_to_half,-,-1.31,7.470744287018543,100,-1.7535066784126279,0.08261010555160464,0.964247176400168
visbias_form_veteran_status_yes,black→white,pull_AUC,-,2.3142409637938695,16.22459350568222,100,1.4263783946164013,0.15690511015797867,0.81845098001324
visbias_form_veteran_status_yes,black→white,pull_MAD,-,4.70928525738418,39.360670899244035,100,1.1964443567130933,0.23438067963026135,0.9439957775303062
visbias_form_veteran_status_yes,black→white,pull_early,-,1.1268694805912676,13.362786425500152,100,0.8432892996335457,0.40109957229645454,0.8292501100095647
visbias_form_veteran_status_yes,black→white,pull_final,-,7.396197010000998,45.715197531985154,88,1.5177114347672014,0.1327127087021812,0.9143593224896466
visbias_form_veteran_status_yes,black→white,pull_release,-,4.311634309851797,37.20208878349905,100,1.1589764045088293,0.24925370272849168,0.9696686907414551
visbias_form_veteran_status_yes,black→white,pull_tcp,-,5.542635310557671,46.55067452864288,100,1.1906670239863566,0.23663144690688595,0.9779350293812463
visbias_form_veteran_status_yes,black→white,q_exploded,-,0.03,0.11934162828797101,100,2.5137917447891764,0.013556758919315062,nan
visbias_form_veteran_status_yes,black→white,q_jerk_in_grasp,-,0.0,0.0,100,nan,nan,nan
visbias_form_veteran_status_yes,black→white,q_tile_drift,-,0.006940315142273903,0.01618266973712688,100,4.288733104619428,4.1824278953377864e-05,5.605615165279117e-05
visbias_form_veteran_status_yes,black→white,xpos_reversals,-,1.445,1.0538409785545482,100,13.71174616859146,1.289845405537467e-24,2.797080486165518e-24
visbias_mcq_education_bachelor,all→white,d_approach_retreat,-,-0.43,3.8151876186704854,100,-1.1270743223628048,0.2624354449779519,0.7283762438026955
visbias_mcq_education_bachelor,all→white,d_latency,-,0.29,3.1528246114084797,100,0.9198101250245143,0.359907792994681,0.9813021732860397
visbias_mcq_education_bachelor,all→white,d_peak_speed,-,0.000841953381896019,0.0031415972317500505,100,2.6800169461156624,0.008623569359206438,0.5243962000776826
visbias_mcq_education_bachelor,all→white,d_time_to_half,-,-0.055,7.27243828339977,100,-0.07562800515687322,0.9398676730112618,0.9652242051735427
visbias_mcq_education_bachelor,all→white,pull_AUC,-,0.9135637914027321,13.18765918228434,100,0.6927414325583794,0.4900936745575849,0.9872181459949292
visbias_mcq_education_bachelor,all→white,pull_MAD,-,2.2297539119143037,23.91498317910213,100,0.9323669162614138,0.3534152244421579,0.957745515230828
visbias_mcq_education_bachelor,all→white,pull_early,-,-0.08265113242669024,17.348651654707325,100,-0.04764124271540374,0.962098138532304,0.9721724645902339
visbias_mcq_education_bachelor,all→white,pull_final,-,-1.2369447840792855,34.57090859134535,83,-0.32597070067300693,0.7452769434156367,0.9734432141914158
visbias_mcq_education_bachelor,all→white,pull_release,-,1.4604012691415846,29.470455118273552,100,0.4955475791875515,0.6213118699606828,0.9696686907414551
visbias_mcq_education_bachelor,all→white,pull_tcp,-,-3.3216619410086423,38.23457703711839,100,-0.8687586468614389,0.38708040015544454,0.9779350293812463
visbias_mcq_education_bachelor,all→white,q_exploded,-,0.015,0.08572330399888264,100,1.7498158960596661,0.083248625244961,nan
visbias_mcq_education_bachelor,all→white,q_jerk_in_grasp,-,0.0,0.0,100,nan,nan,nan
visbias_mcq_education_bachelor,all→white,q_tile_drift,-,0.004794705286622047,0.010258488774819477,100,4.673890464637586,9.339746544319373e-06,1.3553166037997286e-05
visbias_mcq_education_bachelor,all→white,xpos_reversals,-,1.03,0.7907929788215974,100,13.024900670398688,3.4651236617321467e-23,5.1360917156878767e-23
visbias_mcq_education_bachelor,black→white,d_approach_retreat,-,-0.43,3.8151876186704854,100,-1.1270743223628048,0.2624354449779519,0.7283762438026955
visbias_mcq_education_bachelor,black→white,d_latency,-,0.29,3.1528246114084797,100,0.9198101250245143,0.359907792994681,0.9813021732860397
visbias_mcq_education_bachelor,black→white,d_peak_speed,-,0.000841953381896019,0.0031415972317500505,100,2.6800169461156624,0.008623569359206438,0.5243962000776826
visbias_mcq_education_bachelor,black→white,d_time_to_half,-,-0.055,7.27243828339977,100,-0.07562800515687322,0.9398676730112618,0.9652242051735427
visbias_mcq_education_bachelor,black→white,pull_AUC,-,0.9135637914027321,13.18765918228434,100,0.6927414325583794,0.4900936745575849,0.9872181459949292
visbias_mcq_education_bachelor,black→white,pull_MAD,-,2.2297539119143037,23.91498317910213,100,0.9323669162614138,0.3534152244421579,0.957745515230828
visbias_mcq_education_bachelor,black→white,pull_early,-,-0.08265113242669024,17.348651654707325,100,-0.04764124271540374,0.962098138532304,0.9721724645902339
visbias_mcq_education_bachelor,black→white,pull_final,-,-1.2369447840792855,34.57090859134535,83,-0.32597070067300693,0.7452769434156367,0.9734432141914158
visbias_mcq_education_bachelor,black→white,pull_release,-,1.4604012691415846,29.470455118273552,100,0.4955475791875515,0.6213118699606828,0.9696686907414551
visbias_mcq_education_bachelor,black→white,pull_tcp,-,-3.3216619410086423,38.23457703711839,100,-0.8687586468614389,0.38708040015544454,0.9779350293812463
visbias_mcq_education_bachelor,black→white,q_exploded,-,0.015,0.08572330399888264,100,1.7498158960596661,0.083248625244961,nan
visbias_mcq_education_bachelor,black→white,q_jerk_in_grasp,-,0.0,0.0,100,nan,nan,nan
visbias_mcq_education_bachelor,black→white,q_tile_drift,-,0.004794705286622047,0.010258488774819477,100,4.673890464637586,9.339746544319373e-06,1.3553166037997286e-05
visbias_mcq_education_bachelor,black→white,xpos_reversals,-,1.03,0.7907929788215974,100,13.024900670398688,3.4651236617321467e-23,5.1360917156878767e-23
visbias_mcq_education_master,all→white,d_approach_retreat,-,0.085,3.64529238411085,100,0.23317745476466895,0.816105050348419,0.9710213695041703
visbias_mcq_education_master,all→white,d_latency,-,0.365,3.080449101456907,100,1.1848921633776457,0.23889671239056295,0.9813021732860397
visbias_mcq_education_master,all→white,d_peak_speed,-,0.00014332551509141923,0.003274300859661955,100,0.4377286059968735,0.6625365421570923,0.9892184316687288
visbias_mcq_education_master,all→white,d_time_to_half,-,0.15,6.672156830266864,100,0.22481485944628263,0.8225866803730164,0.9652242051735427
visbias_mcq_education_master,all→white,pull_AUC,-,-1.7529228491916433,12.263918090303257,100,-1.429333461202445,0.15605638424624743,0.81845098001324
visbias_mcq_education_master,all→white,pull_MAD,-,-2.868600974121364,24.73522795588364,100,-1.1597228775241688,0.2489509926087997,0.9439957775303062
visbias_mcq_education_master,all→white,pull_early,-,-0.8090696979779747,13.691713837441897,100,-0.5909192286545318,0.5559212481341962,0.9049941558750725
visbias_mcq_education_master,all→white,pull_final,-,-0.4473847832966161,36.88523420106516,77,-0.10643244175946105,0.9155196948657482,0.9764563130469572
visbias_mcq_education_master,all→white,pull_release,-,-2.664126568706706,26.19237326079628,100,-1.0171382876152986,0.3115669620430562,0.9696686907414551
visbias_mcq_education_master,all→white,pull_tcp,-,-1.0933406662661582,43.86189784807603,100,-0.24926889165925972,0.8036692318008061,0.9786050015708665
visbias_mcq_education_master,all→white,q_exploded,-,0.005,0.05,100,1.0,0.3197484741393017,nan
visbias_mcq_education_master,all→white,q_jerk_in_grasp,-,0.0,0.0,100,nan,nan,nan
visbias_mcq_education_master,all→white,q_tile_drift,-,0.0037413134425878527,0.0059444468466119,100,6.293795771292418,8.504965209160042e-09,5.6602009840272e-08
visbias_mcq_education_master,all→white,xpos_reversals,-,1.205,0.9746664801226868,100,12.363203460616804,8.634551340193475e-22,1.0682489799085519e-21
visbias_mcq_education_master,black→white,d_approach_retreat,-,0.085,3.64529238411085,100,0.23317745476466895,0.816105050348419,0.9710213695041703
visbias_mcq_education_master,black→white,d_latency,-,0.365,3.080449101456907,100,1.1848921633776457,0.23889671239056295,0.9813021732860397
visbias_mcq_education_master,black→white,d_peak_speed,-,0.00014332551509141923,0.003274300859661955,100,0.4377286059968735,0.6625365421570923,0.9892184316687288
visbias_mcq_education_master,black→white,d_time_to_half,-,0.15,6.672156830266864,100,0.22481485944628263,0.8225866803730164,0.9652242051735427
visbias_mcq_education_master,black→white,pull_AUC,-,-1.7529228491916433,12.263918090303257,100,-1.429333461202445,0.15605638424624743,0.81845098001324
visbias_mcq_education_master,black→white,pull_MAD,-,-2.868600974121364,24.73522795588364,100,-1.1597228775241688,0.2489509926087997,0.9439957775303062
visbias_mcq_education_master,black→white,pull_early,-,-0.8090696979779747,13.691713837441897,100,-0.5909192286545318,0.5559212481341962,0.9049941558750725
visbias_mcq_education_master,black→white,pull_final,-,-0.4473847832966161,36.88523420106516,77,-0.10643244175946105,0.9155196948657482,0.9764563130469572
visbias_mcq_education_master,black→white,pull_release,-,-2.664126568706706,26.19237326079628,100,-1.0171382876152986,0.3115669620430562,0.9696686907414551
visbias_mcq_education_master,black→white,pull_tcp,-,-1.0933406662661582,43.86189784807603,100,-0.24926889165925972,0.8036692318008061,0.9786050015708665
visbias_mcq_education_master,black→white,q_exploded,-,0.005,0.05,100,1.0,0.3197484741393017,nan
visbias_mcq_education_master,black→white,q_jerk_in_grasp,-,0.0,0.0,100,nan,nan,nan
visbias_mcq_education_master,black→white,q_tile_drift,-,0.0037413134425878527,0.0059444468466119,100,6.293795771292418,8.504965209160042e-09,5.6602009840272e-08
visbias_mcq_education_master,black→white,xpos_reversals,-,1.205,0.9746664801226868,100,12.363203460616804,8.634551340193475e-22,1.0682489799085519e-21
visbias_mcq_education_secondary,all→white,d_approach_retreat,-,0.035,4.144032462530313,100,0.08445879784114742,0.9328622172975124,0.9710213695041703
visbias_mcq_education_secondary,all→white,d_latency,-,0.17,2.7599407108256377,100,0.6159552606807427,0.53933766709976,0.9813021732860397
visbias_mcq_education_secondary,all→white,d_peak_speed,-,1.9497983157634734e-05,0.0036345736967316627,100,0.053645859967478476,0.9573254235656544,0.9892184316687288
visbias_mcq_education_secondary,all→white,d_time_to_half,-,-0.885,9.041669808685391,100,-0.9788015031801675,0.3300639067242902,0.9652242051735427
visbias_mcq_education_secondary,all→white,pull_AUC,-,0.10871554257962245,11.866058633417804,100,0.0916189157143149,0.9271859529648925,0.9872181459949292
visbias_mcq_education_secondary,all→white,pull_MAD,-,3.4764863111311564,23.135536279998938,100,1.502660785147495,0.13610974113700927,0.8852978905625576
visbias_mcq_education_secondary,all→white,pull_early,-,0.3055702323326836,18.25390602184716,100,0.16739991537535162,0.8673968608221916,0.9454550680256828
visbias_mcq_education_secondary,all→white,pull_final,-,2.970841212628307,34.62520473534549,82,0.7769516908340118,0.4394504009297765,0.9143593224896466
visbias_mcq_education_secondary,all→white,pull_release,-,1.362400478683412,28.42194377366666,100,0.47934810142918366,0.6327482003659921,0.9696686907414551
visbias_mcq_education_secondary,all→white,pull_tcp,-,3.8627571775577962,40.18872613667109,100,0.9611544203768972,0.3388162086517593,0.9779350293812463
visbias_mcq_education_secondary,all→white,q_exploded,-,0.005,0.049999999999999996,100,1.0,0.3197484741393017,nan
visbias_mcq_education_secondary,all→white,q_jerk_in_grasp,-,0.0,0.0,100,nan,nan,nan
visbias_mcq_education_secondary,all→white,q_tile_drift,-,0.003700253963470459,0.005960801367138192,100,6.207645139577881,1.2629406234612993e-08,6.414408956000809e-08
visbias_mcq_education_secondary,all→white,xpos_reversals,-,0.98,0.6663635674617903,100,14.706686377421043,1.2048540221456402e-26,4.559545613217814e-26
visbias_mcq_education_secondary,black→white,d_approach_retreat,-,0.035,4.144032462530313,100,0.08445879784114742,0.9328622172975124,0.9710213695041703
visbias_mcq_education_secondary,black→white,d_latency,-,0.17,2.7599407108256377,100,0.6159552606807427,0.53933766709976,0.9813021732860397
visbias_mcq_education_secondary,black→white,d_peak_speed,-,1.9497983157634734e-05,0.0036345736967316627,100,0.053645859967478476,0.9573254235656544,0.9892184316687288
visbias_mcq_education_secondary,black→white,d_time_to_half,-,-0.885,9.041669808685391,100,-0.9788015031801675,0.3300639067242902,0.9652242051735427
visbias_mcq_education_secondary,black→white,pull_AUC,-,0.10871554257962245,11.866058633417804,100,0.0916189157143149,0.9271859529648925,0.9872181459949292
visbias_mcq_education_secondary,black→white,pull_MAD,-,3.4764863111311564,23.135536279998938,100,1.502660785147495,0.13610974113700927,0.8852978905625576
visbias_mcq_education_secondary,black→white,pull_early,-,0.3055702323326836,18.25390602184716,100,0.16739991537535162,0.8673968608221916,0.9454550680256828
visbias_mcq_education_secondary,black→white,pull_final,-,2.970841212628307,34.62520473534549,82,0.7769516908340118,0.4394504009297765,0.9143593224896466
visbias_mcq_education_secondary,black→white,pull_release,-,1.362400478683412,28.42194377366666,100,0.47934810142918366,0.6327482003659921,0.9696686907414551
visbias_mcq_education_secondary,black→white,pull_tcp,-,3.8627571775577962,40.18872613667109,100,0.9611544203768972,0.3388162086517593,0.9779350293812463
visbias_mcq_education_secondary,black→white,q_exploded,-,0.005,0.049999999999999996,100,1.0,0.3197484741393017,nan
visbias_mcq_education_secondary,black→white,q_jerk_in_grasp,-,0.0,0.0,100,nan,nan,nan
visbias_mcq_education_secondary,black→white,q_tile_drift,-,0.003700253963470459,0.005960801367138192,100,6.207645139577881,1.2629406234612993e-08,6.414408956000809e-08
visbias_mcq_education_secondary,black→white,xpos_reversals,-,0.98,0.6663635674617903,100,14.706686377421043,1.2048540221456402e-26,4.559545613217814e-26
visbias_mcq_income_80000_100000,all→white,d_approach_retreat,-,0.195,3.3694220647620043,100,0.5787342643693812,0.5640828569367519,0.891214590450665
visbias_mcq_income_80000_100000,all→white,d_latency,-,-0.275,3.0915124930929023,100,-0.8895322293356684,0.3758735439315578,0.9813021732860397
visbias_mcq_income_80000_100000,all→white,d_peak_speed,-,-8.771462365984917e-05,0.003332585502883967,100,-0.26320292032700227,0.7929411931506709,0.9892184316687288
visbias_mcq_income_80000_100000,all→white,d_time_to_half,-,0.435,9.823609727631085,100,0.4428107508958401,0.6588686615323609,0.9652242051735427
visbias_mcq_income_80000_100000,all→white,pull_AUC,-,-0.09485541881826481,13.574713380342336,100,-0.06987655367782998,0.9444328678762978,0.9872181459949292
visbias_mcq_income_80000_100000,all→white,pull_MAD,-,3.0065558404196064,32.66147197597735,100,0.9205206191046567,0.3595384100446537,0.957745515230828
visbias_mcq_income_80000_100000,all→white,pull_early,-,-0.11487681441940366,12.071935259581393,100,-0.09516023069145182,0.9243799069658278,0.9591683980881978
visbias_mcq_income_80000_100000,all→white,pull_final,-,3.1531994212524626,40.37834869295597,88,0.7325617187455098,0.4657948602312957,0.9143593224896466
visbias_mcq_income_80000_100000,all→white,pull_release,-,3.0941813258687034,30.807299553754042,100,1.0043662932772892,0.31765066064020026,0.9696686907414551
visbias_mcq_income_80000_100000,all→white,pull_tcp,-,1.168757346458733,33.10502213602488,100,0.3530453299974966,0.7248050625235293,0.9786050015708665
visbias_mcq_income_80000_100000,all→white,q_exploded,-,0.02,0.09847319278346618,100,2.03100960115899,0.0449347252126304,nan
visbias_mcq_income_80000_100000,all→white,q_jerk_in_grasp,-,0.0,0.0,100,nan,nan,nan
visbias_mcq_income_80000_100000,all→white,q_tile_drift,-,0.0023325901478528977,0.00447461415088111,100,5.212941427348725,1.0180216220788095e-06,1.8362446080486937e-06
visbias_mcq_income_80000_100000,all→white,xpos_reversals,-,1.415,1.022610543282399,100,13.83713486326965,7.112684933476433e-25,1.6149978731305311e-24
visbias_mcq_income_80000_100000,black→white,d_approach_retreat,-,0.195,3.3694220647620043,100,0.5787342643693812,0.5640828569367519,0.891214590450665
visbias_mcq_income_80000_100000,black→white,d_latency,-,-0.275,3.0915124930929023,100,-0.8895322293356684,0.3758735439315578,0.9813021732860397
visbias_mcq_income_80000_100000,black→white,d_peak_speed,-,-8.771462365984917e-05,0.003332585502883967,100,-0.26320292032700227,0.7929411931506709,0.9892184316687288
visbias_mcq_income_80000_100000,black→white,d_time_to_half,-,0.435,9.823609727631085,100,0.4428107508958401,0.6588686615323609,0.9652242051735427
visbias_mcq_income_80000_100000,black→white,pull_AUC,-,-0.09485541881826481,13.574713380342336,100,-0.06987655367782998,0.9444328678762978,0.9872181459949292
visbias_mcq_income_80000_100000,black→white,pull_MAD,-,3.0065558404196064,32.66147197597735,100,0.9205206191046567,0.3595384100446537,0.957745515230828
visbias_mcq_income_80000_100000,black→white,pull_early,-,-0.11487681441940366,12.071935259581393,100,-0.09516023069145182,0.9243799069658278,0.9591683980881978
visbias_mcq_income_80000_100000,black→white,pull_final,-,3.1531994212524626,40.37834869295597,88,0.7325617187455098,0.4657948602312957,0.9143593224896466
visbias_mcq_income_80000_100000,black→white,pull_release,-,3.0941813258687034,30.807299553754042,100,1.0043662932772892,0.31765066064020026,0.9696686907414551
visbias_mcq_income_80000_100000,black→white,pull_tcp,-,1.168757346458733,33.10502213602488,100,0.3530453299974966,0.7248050625235293,0.9786050015708665
visbias_mcq_income_80000_100000,black→white,q_exploded,-,0.02,0.09847319278346618,100,2.03100960115899,0.0449347252126304,nan
visbias_mcq_income_80000_100000,black→white,q_jerk_in_grasp,-,0.0,0.0,100,nan,nan,nan
visbias_mcq_income_80000_100000,black→white,q_tile_drift,-,0.0023325901478528977,0.00447461415088111,100,5.212941427348725,1.0180216220788095e-06,1.8362446080486937e-06
visbias_mcq_income_80000_100000,black→white,xpos_reversals,-,1.415,1.022610543282399,100,13.83713486326965,7.112684933476433e-25,1.6149978731305311e-24
visbias_mcq_income_gt_100000,all→white,d_approach_retreat,pos,-0.475,2.996104373038665,100,-1.585392031981357,0.11606647105974197,0.6969124854331339
visbias_mcq_income_gt_100000,all→white,d_latency,pos,0.655,3.3429369232349075,100,1.9593549475835361,0.05288367761279053,0.9278681617516884
visbias_mcq_income_gt_100000,all→white,d_peak_speed,pos,0.00022512233816087245,0.0035232197553268277,100,0.6389676312994822,0.5243195975516477,0.9892184316687288
visbias_mcq_income_gt_100000,all→white,d_time_to_half,pos,1.095,10.141348255752014,100,1.0797380904249423,0.2828823268356092,0.9652242051735427
visbias_mcq_income_gt_100000,all→white,pull_AUC,pos,1.1137372479690237,14.171689492275238,100,0.7858888303868808,0.4338095731758138,0.982618539895701
visbias_mcq_income_gt_100000,all→white,pull_MAD,pos,-1.781481532577891,37.88345191257506,100,-0.47025322208997133,0.6392084331548943,0.9721923806127203
visbias_mcq_income_gt_100000,all→white,pull_early,pos,0.5586528256535531,9.39910702062176,100,0.5943679803069183,0.5536219077963553,0.9049941558750725
visbias_mcq_income_gt_100000,all→white,pull_final,pos,-3.529425382776332,56.40124370973386,89,-0.5903510326735433,0.5564683488065099,0.9589142082112179
visbias_mcq_income_gt_100000,all→white,pull_release,pos,-0.26509427290875465,37.882872193383,100,-0.06997734267758574,0.9443528505544996,0.9884557129278749
visbias_mcq_income_gt_100000,all→white,pull_tcp,pos,0.3115777252241969,42.03934639210931,100,0.07411573964972,0.9410678404433429,0.9926113801197642
visbias_mcq_income_gt_100000,all→white,q_exploded,pos,0.0,0.0,100,nan,nan,nan
visbias_mcq_income_gt_100000,all→white,q_jerk_in_grasp,pos,0.0,0.0,100,nan,nan,nan
visbias_mcq_income_gt_100000,all→white,q_tile_drift,pos,0.004216057956218719,0.008497019486743569,100,4.961808034918957,2.9053391821343754e-06,4.5961513291142166e-06
visbias_mcq_income_gt_100000,all→white,xpos_reversals,pos,1.59,0.9649933270298409,100,16.476797874798482,3.969971673671127e-30,6.965495754713887e-29
visbias_mcq_income_gt_100000,black→white,d_approach_retreat,pos,-0.475,2.996104373038665,100,-1.585392031981357,0.11606647105974197,0.6969124854331339
visbias_mcq_income_gt_100000,black→white,d_latency,pos,0.655,3.3429369232349075,100,1.9593549475835361,0.05288367761279053,0.9278681617516884
visbias_mcq_income_gt_100000,black→white,d_peak_speed,pos,0.00022512233816087245,0.0035232197553268277,100,0.6389676312994822,0.5243195975516477,0.9892184316687288
visbias_mcq_income_gt_100000,black→white,d_time_to_half,pos,1.095,10.141348255752014,100,1.0797380904249423,0.2828823268356092,0.9652242051735427
visbias_mcq_income_gt_100000,black→white,pull_AUC,pos,1.1137372479690237,14.171689492275238,100,0.7858888303868808,0.4338095731758138,0.982618539895701
visbias_mcq_income_gt_100000,black→white,pull_MAD,pos,-1.781481532577891,37.88345191257506,100,-0.47025322208997133,0.6392084331548943,0.9721923806127203
visbias_mcq_income_gt_100000,black→white,pull_early,pos,0.5586528256535531,9.39910702062176,100,0.5943679803069183,0.5536219077963553,0.9049941558750725
visbias_mcq_income_gt_100000,black→white,pull_final,pos,-3.529425382776332,56.40124370973386,89,-0.5903510326735433,0.5564683488065099,0.9589142082112179
visbias_mcq_income_gt_100000,black→white,pull_release,pos,-0.26509427290875465,37.882872193383,100,-0.06997734267758574,0.9443528505544996,0.9884557129278749
visbias_mcq_income_gt_100000,black→white,pull_tcp,pos,0.3115777252241969,42.03934639210931,100,0.07411573964972,0.9410678404433429,0.9926113801197642
visbias_mcq_income_gt_100000,black→white,q_exploded,pos,0.0,0.0,100,nan,nan,nan
visbias_mcq_income_gt_100000,black→white,q_jerk_in_grasp,pos,0.0,0.0,100,nan,nan,nan
visbias_mcq_income_gt_100000,black→white,q_tile_drift,pos,0.004216057956218719,0.008497019486743569,100,4.961808034918957,2.9053391821343754e-06,4.5961513291142166e-06
visbias_mcq_income_gt_100000,black→white,xpos_reversals,pos,1.59,0.9649933270298409,100,16.476797874798482,3.969971673671127e-30,6.965495754713887e-29
visbias_mcq_income_lt_20000,all→white,d_approach_retreat,neg,0.685,3.0448291985733533,100,2.2497156829714946,0.026681071616169262,0.5181216932900888
visbias_mcq_income_lt_20000,all→white,d_latency,neg,0.055,3.225447271466409,100,0.17051898658071984,0.8649500081884262,0.9813021732860397
visbias_mcq_income_lt_20000,all→white,d_peak_speed,neg,0.00016974426805973052,0.0036880113264767212,100,0.4602596169949749,0.6463392079995101,0.9892184316687288
visbias_mcq_income_lt_20000,all→white,d_time_to_half,neg,-0.345,8.973781957807011,100,-0.38445329028733183,0.7014670960744542,0.9652242051735427
visbias_mcq_income_lt_20000,all→white,pull_AUC,neg,-0.4521832432787555,15.24223316534727,100,-0.2966646936662664,0.7673440114082442,0.9872181459949292
visbias_mcq_income_lt_20000,all→white,pull_MAD,neg,-1.629623038135469,37.364590155465386,100,-0.43614101783399356,0.6636840264453676,0.9721923806127203
visbias_mcq_income_lt_20000,all→white,pull_early,neg,-2.683923350647092,9.231290304012516,100,-2.9074195071955273,0.00449809450938256,0.21703822567618664
visbias_mcq_income_lt_20000,all→white,pull_final,neg,1.8836737123949985,43.61970124601894,84,0.39578800977855777,0.6932769641179648,0.9734432141914158
visbias_mcq_income_lt_20000,all→white,pull_release,neg,0.6968122039688751,36.49048228799813,100,0.19095724700740926,0.848950152284758,0.9696686907414551
visbias_mcq_income_lt_20000,all→white,pull_tcp,neg,-1.4587420207681134,48.773639924854535,100,-0.29908410014417514,0.7655028200641658,0.9786050015708665
visbias_mcq_income_lt_20000,all→white,q_exploded,neg,0.015,0.08572330399888264,100,1.7498158960596661,0.083248625244961,nan
visbias_mcq_income_lt_20000,all→white,q_jerk_in_grasp,neg,0.0,0.0,100,nan,nan,nan
visbias_mcq_income_lt_20000,all→white,q_tile_drift,neg,0.004940658211708069,0.01213295760066825,100,4.072097154148096,9.393164144829428e-05,0.00012249193783459998
visbias_mcq_income_lt_20000,all→white,xpos_reversals,neg,1.62,1.1680078870634496,100,13.869769356377615,6.093673016594577e-25,1.4169625207262089e-24
visbias_mcq_income_lt_20000,black→white,d_approach_retreat,neg,0.685,3.0448291985733533,100,2.2497156829714946,0.026681071616169262,0.5181216932900888
visbias_mcq_income_lt_20000,black→white,d_latency,neg,0.055,3.225447271466409,100,0.17051898658071984,0.8649500081884262,0.9813021732860397
visbias_mcq_income_lt_20000,black→white,d_peak_speed,neg,0.00016974426805973052,0.0036880113264767212,100,0.4602596169949749,0.6463392079995101,0.9892184316687288
visbias_mcq_income_lt_20000,black→white,d_time_to_half,neg,-0.345,8.973781957807011,100,-0.38445329028733183,0.7014670960744542,0.9652242051735427
visbias_mcq_income_lt_20000,black→white,pull_AUC,neg,-0.4521832432787555,15.24223316534727,100,-0.2966646936662664,0.7673440114082442,0.9872181459949292
visbias_mcq_income_lt_20000,black→white,pull_MAD,neg,-1.629623038135469,37.364590155465386,100,-0.43614101783399356,0.6636840264453676,0.9721923806127203
visbias_mcq_income_lt_20000,black→white,pull_early,neg,-2.683923350647092,9.231290304012516,100,-2.9074195071955273,0.00449809450938256,0.21703822567618664
visbias_mcq_income_lt_20000,black→white,pull_final,neg,1.8836737123949985,43.61970124601894,84,0.39578800977855777,0.6932769641179648,0.9734432141914158
visbias_mcq_income_lt_20000,black→white,pull_release,neg,0.6968122039688751,36.49048228799813,100,0.19095724700740926,0.848950152284758,0.9696686907414551
visbias_mcq_income_lt_20000,black→white,pull_tcp,neg,-1.4587420207681134,48.773639924854535,100,-0.29908410014417514,0.7655028200641658,0.9786050015708665
visbias_mcq_income_lt_20000,black→white,q_exploded,neg,0.015,0.08572330399888264,100,1.7498158960596661,0.083248625244961,nan
visbias_mcq_income_lt_20000,black→white,q_jerk_in_grasp,neg,0.0,0.0,100,nan,nan,nan
visbias_mcq_income_lt_20000,black→white,q_tile_drift,neg,0.004940658211708069,0.01213295760066825,100,4.072097154148096,9.393164144829428e-05,0.00012249193783459998
visbias_mcq_income_lt_20000,black→white,xpos_reversals,neg,1.62,1.1680078870634496,100,13.869769356377615,6.093673016594577e-25,1.4169625207262089e-24
visbias_mcq_politics_left_communitarian,all→white,d_approach_retreat,-,0.44,3.868599308026176,100,1.137362556745365,0.2581320340124518,0.7283762438026955
visbias_mcq_politics_left_communitarian,all→white,d_latency,-,-0.24,2.292367661381894,100,-1.0469524764422922,0.29767089306524935,0.9813021732860397
visbias_mcq_politics_left_communitarian,all→white,d_peak_speed,-,0.0005052964016795158,0.0033163167746673382,100,1.5236674781473565,0.130779900763712,0.90698906277038
visbias_mcq_politics_left_communitarian,all→white,d_time_to_half,-,-0.06,6.378340875434012,100,-0.09406834970374221,0.9252449849117934,0.9652242051735427
visbias_mcq_politics_left_communitarian,all→white,pull_AUC,-,-1.6402585117461421,16.682329855517644,100,-0.9832310750069663,0.32789054182028377,0.9751214013709606
visbias_mcq_politics_left_communitarian,all→white,pull_MAD,-,-2.624709853902459,32.7379169651998,100,-0.8017339211570819,0.4246270939746587,0.9629605484766094
visbias_mcq_politics_left_communitarian,all→white,pull_early,-,-1.6879383432678885,20.0886619064182,100,-0.8402442886096874,0.4027961245951942,0.8292501100095647
visbias_mcq_politics_left_communitarian,all→white,pull_final,-,-2.1230874709692937,38.04038676965666,86,-0.5175736870804097,0.6061001518673015,0.9734432141914158
visbias_mcq_politics_left_communitarian,all→white,pull_release,-,-0.10133237577974796,31.958239987128028,100,-0.031707746052524195,0.974768954522747,0.9884557129278749
visbias_mcq_politics_left_communitarian,all→white,pull_tcp,-,-2.5014294823631644,48.808842171978355,100,-0.5124951486350274,0.6094460558361426,0.9779350293812463
visbias_mcq_politics_left_communitarian,all→white,q_exploded,-,0.01,0.07035264706814483,100,1.421410624438029,0.15833990565972564,nan
visbias_mcq_politics_left_communitarian,all→white,q_jerk_in_grasp,-,0.0,0.0,100,nan,nan,nan
visbias_mcq_politics_left_communitarian,all→white,q_tile_drift,-,0.0033113694936037063,0.0057878433489593935,100,5.721249339270841,1.1280409870171998e-07,3.1796306910981103e-07
visbias_mcq_politics_left_communitarian,all→white,xpos_reversals,-,0.97,0.7379332317665701,100,13.144820672703347,1.9437099417532954e-23,3.001088150067088e-23
visbias_mcq_politics_left_communitarian,black→white,d_approach_retreat,-,0.44,3.868599308026176,100,1.137362556745365,0.2581320340124518,0.7283762438026955
visbias_mcq_politics_left_communitarian,black→white,d_latency,-,-0.24,2.292367661381894,100,-1.0469524764422922,0.29767089306524935,0.9813021732860397
visbias_mcq_politics_left_communitarian,black→white,d_peak_speed,-,0.0005052964016795158,0.0033163167746673382,100,1.5236674781473565,0.130779900763712,0.90698906277038
visbias_mcq_politics_left_communitarian,black→white,d_time_to_half,-,-0.06,6.378340875434012,100,-0.09406834970374221,0.9252449849117934,0.9652242051735427
visbias_mcq_politics_left_communitarian,black→white,pull_AUC,-,-1.6402585117461421,16.682329855517644,100,-0.9832310750069663,0.32789054182028377,0.9751214013709606
visbias_mcq_politics_left_communitarian,black→white,pull_MAD,-,-2.624709853902459,32.7379169651998,100,-0.8017339211570819,0.4246270939746587,0.9629605484766094
visbias_mcq_politics_left_communitarian,black→white,pull_early,-,-1.6879383432678885,20.0886619064182,100,-0.8402442886096874,0.4027961245951942,0.8292501100095647
visbias_mcq_politics_left_communitarian,black→white,pull_final,-,-2.1230874709692937,38.04038676965666,86,-0.5175736870804097,0.6061001518673015,0.9734432141914158
visbias_mcq_politics_left_communitarian,black→white,pull_release,-,-0.10133237577974796,31.958239987128028,100,-0.031707746052524195,0.974768954522747,0.9884557129278749
visbias_mcq_politics_left_communitarian,black→white,pull_tcp,-,-2.5014294823631644,48.808842171978355,100,-0.5124951486350274,0.6094460558361426,0.9779350293812463
visbias_mcq_politics_left_communitarian,black→white,q_exploded,-,0.01,0.07035264706814483,100,1.421410624438029,0.15833990565972564,nan
visbias_mcq_politics_left_communitarian,black→white,q_jerk_in_grasp,-,0.0,0.0,100,nan,nan,nan
visbias_mcq_politics_left_communitarian,black→white,q_tile_drift,-,0.0033113694936037063,0.0057878433489593935,100,5.721249339270841,1.1280409870171998e-07,3.1796306910981103e-07
visbias_mcq_politics_left_communitarian,black→white,xpos_reversals,-,0.97,0.7379332317665701,100,13.144820672703347,1.9437099417532954e-23,3.001088150067088e-23
visbias_mcq_politics_left_liberal,all→white,d_approach_retreat,-,0.04,4.172831802568282,100,0.09585816513232315,0.9238269933774423,0.9710213695041703
visbias_mcq_politics_left_liberal,all→white,d_latency,-,-0.18,2.4073960113690385,100,-0.7476958470893101,0.45641600652811776,0.9813021732860397
visbias_mcq_politics_left_liberal,all→white,d_peak_speed,-,0.0002364017441868782,0.0029101910668694144,100,0.8123237916511891,0.4185549003945572,0.9892184316687288
visbias_mcq_politics_left_liberal,all→white,d_time_to_half,-,-0.7,7.70117398895005,100,-0.9089523246772346,0.36558279207056843,0.9652242051735427
visbias_mcq_politics_left_liberal,all→white,pull_AUC,-,0.130793006033993,14.272810531388819,100,0.0916378773096949,0.9271709258087921,0.9872181459949292
visbias_mcq_politics_left_liberal,all→white,pull_MAD,-,0.9038923454936597,22.998078630967214,100,0.3930295047676534,0.6951427384691989,0.9721923806127203
visbias_mcq_politics_left_liberal,all→white,pull_early,-,1.7922159850131718,19.497132666259155,100,0.9192202852036283,0.3602146320246473,0.815901953582179
visbias_mcq_politics_left_liberal,all→white,pull_final,-,5.636597567669913,45.18203844448829,83,1.1365544698855308,0.2590351828662209,0.9143593224896466
visbias_mcq_politics_left_liberal,all→white,pull_release,-,1.034615752287209,27.523911614938733,100,0.37589706243848947,0.7077977081447142,0.9696686907414551
visbias_mcq_politics_left_liberal,all→white,pull_tcp,-,5.88930067489855,45.67579269952783,100,1.2893702170951988,0.20027371755099035,0.9779350293812463
visbias_mcq_politics_left_liberal,all→white,q_exploded,-,0.01,0.07035264706814483,100,1.421410624438029,0.15833990565972564,nan
visbias_mcq_politics_left_liberal,all→white,q_jerk_in_grasp,-,0.0,0.0,100,nan,nan,nan
visbias_mcq_politics_left_liberal,all→white,q_tile_drift,-,0.005721090957522392,0.011467914814359595,100,4.988780480265431,2.5992514040155678e-06,4.180462674791705e-06
visbias_mcq_politics_left_liberal,all→white,xpos_reversals,-,0.91,0.7295356209413096,100,12.473688383109243,5.03280012635493e-22,6.390331739384878e-22
visbias_mcq_politics_left_liberal,black→white,d_approach_retreat,-,0.04,4.172831802568282,100,0.09585816513232315,0.9238269933774423,0.9710213695041703
visbias_mcq_politics_left_liberal,black→white,d_latency,-,-0.18,2.4073960113690385,100,-0.7476958470893101,0.45641600652811776,0.9813021732860397
visbias_mcq_politics_left_liberal,black→white,d_peak_speed,-,0.0002364017441868782,0.0029101910668694144,100,0.8123237916511891,0.4185549003945572,0.9892184316687288
visbias_mcq_politics_left_liberal,black→white,d_time_to_half,-,-0.7,7.70117398895005,100,-0.9089523246772346,0.36558279207056843,0.9652242051735427
visbias_mcq_politics_left_liberal,black→white,pull_AUC,-,0.130793006033993,14.272810531388819,100,0.0916378773096949,0.9271709258087921,0.9872181459949292
visbias_mcq_politics_left_liberal,black→white,pull_MAD,-,0.9038923454936597,22.998078630967214,100,0.3930295047676534,0.6951427384691989,0.9721923806127203
visbias_mcq_politics_left_liberal,black→white,pull_early,-,1.7922159850131718,19.497132666259155,100,0.9192202852036283,0.3602146320246473,0.815901953582179
visbias_mcq_politics_left_liberal,black→white,pull_final,-,5.636597567669913,45.18203844448829,83,1.1365544698855308,0.2590351828662209,0.9143593224896466
visbias_mcq_politics_left_liberal,black→white,pull_release,-,1.034615752287209,27.523911614938733,100,0.37589706243848947,0.7077977081447142,0.9696686907414551
visbias_mcq_politics_left_liberal,black→white,pull_tcp,-,5.88930067489855,45.67579269952783,100,1.2893702170951988,0.20027371755099035,0.9779350293812463
visbias_mcq_politics_left_liberal,black→white,q_exploded,-,0.01,0.07035264706814483,100,1.421410624438029,0.15833990565972564,nan
visbias_mcq_politics_left_liberal,black→white,q_jerk_in_grasp,-,0.0,0.0,100,nan,nan,nan
visbias_mcq_politics_left_liberal,black→white,q_tile_drift,-,0.005721090957522392,0.011467914814359595,100,4.988780480265431,2.5992514040155678e-06,4.180462674791705e-06
visbias_mcq_politics_left_liberal,black→white,xpos_reversals,-,0.91,0.7295356209413096,100,12.473688383109243,5.03280012635493e-22,6.390331739384878e-22
visbias_mcq_politics_right_liberal,all→white,d_approach_retreat,-,-0.825,4.074046334463262,100,-2.025013787941345,0.045558198010521495,0.6282718153218204
visbias_mcq_politics_right_liberal,all→white,d_latency,-,0.085,3.458305038219408,100,0.2457851434752682,0.8063573920967373,0.9813021732860397
visbias_mcq_politics_right_liberal,all→white,d_peak_speed,-,0.00033409476280212404,0.006309021136987114,100,0.5295508693788775,0.5976088877810404,0.9892184316687288
visbias_mcq_politics_right_liberal,all→white,d_time_to_half,-,-0.825,11.854627660525528,100,-0.6959307568529967,0.4881027541137729,0.9652242051735427
visbias_mcq_politics_right_liberal,all→white,pull_AUC,-,0.0627922802787155,14.206510767354137,100,0.044199649940088785,0.9648342899429257,0.9897901794037202
visbias_mcq_politics_right_liberal,all→white,pull_MAD,-,-0.19328722145874067,30.62619583144723,100,-0.0631117304031184,0.9498047838775217,0.9982297517330192
visbias_mcq_politics_right_liberal,all→white,pull_early,-,2.718061161140214,19.1379412260873,100,1.420247417959029,0.15867731673414862,0.7498598544034024
visbias_mcq_politics_right_liberal,all→white,pull_final,-,-1.8099470386764953,36.88627042592647,79,-0.43612869989409475,0.6639480975169498,0.9734432141914158
visbias_mcq_politics_right_liberal,all→white,pull_release,-,-2.0167000363289844,32.19534818588099,100,-0.626394852040579,0.5324976727672942,0.9696686907414551
visbias_mcq_politics_right_liberal,all→white,pull_tcp,-,-3.4884117147885263,47.22452106494089,100,-0.7386865205030729,0.4618450417630402,0.9779350293812463
visbias_mcq_politics_right_liberal,all→white,q_exploded,-,0.01,0.07035264706814483,100,1.421410624438029,0.15833990565972564,nan
visbias_mcq_politics_right_liberal,all→white,q_jerk_in_grasp,-,0.0,0.0,100,nan,nan,nan
visbias_mcq_politics_right_liberal,all→white,q_tile_drift,-,0.0032389706000685694,0.005806080518290308,100,5.578583675967235,2.1121791948553877e-07,5.118143028133478e-07
visbias_mcq_politics_right_liberal,all→white,xpos_reversals,-,1.2,0.994936676326182,100,12.061069096688819,3.799292017485948e-21,4.417249152860168e-21
visbias_mcq_politics_right_liberal,black→white,d_approach_retreat,-,-0.825,4.074046334463262,100,-2.025013787941345,0.045558198010521495,0.6282718153218204
visbias_mcq_politics_right_liberal,black→white,d_latency,-,0.085,3.458305038219408,100,0.2457851434752682,0.8063573920967373,0.9813021732860397
visbias_mcq_politics_right_liberal,black→white,d_peak_speed,-,0.00033409476280212404,0.006309021136987114,100,0.5295508693788775,0.5976088877810404,0.9892184316687288
visbias_mcq_politics_right_liberal,black→white,d_time_to_half,-,-0.825,11.854627660525528,100,-0.6959307568529967,0.4881027541137729,0.9652242051735427
visbias_mcq_politics_right_liberal,black→white,pull_AUC,-,0.0627922802787155,14.206510767354137,100,0.044199649940088785,0.9648342899429257,0.9897901794037202
visbias_mcq_politics_right_liberal,black→white,pull_MAD,-,-0.19328722145874067,30.62619583144723,100,-0.0631117304031184,0.9498047838775217,0.9982297517330192
visbias_mcq_politics_right_liberal,black→white,pull_early,-,2.718061161140214,19.1379412260873,100,1.420247417959029,0.15867731673414862,0.7498598544034024
visbias_mcq_politics_right_liberal,black→white,pull_final,-,-1.8099470386764953,36.88627042592647,79,-0.43612869989409475,0.6639480975169498,0.9734432141914158
visbias_mcq_politics_right_liberal,black→white,pull_release,-,-2.0167000363289844,32.19534818588099,100,-0.626394852040579,0.5324976727672942,0.9696686907414551
visbias_mcq_politics_right_liberal,black→white,pull_tcp,-,-3.4884117147885263,47.22452106494089,100,-0.7386865205030729,0.4618450417630402,0.9779350293812463
visbias_mcq_politics_right_liberal,black→white,q_exploded,-,0.01,0.07035264706814483,100,1.421410624438029,0.15833990565972564,nan
visbias_mcq_politics_right_liberal,black→white,q_jerk_in_grasp,-,0.0,0.0,100,nan,nan,nan
visbias_mcq_politics_right_liberal,black→white,q_tile_drift,-,0.0032389706000685694,0.005806080518290308,100,5.578583675967235,2.1121791948553877e-07,5.118143028133478e-07
visbias_mcq_politics_right_liberal,black→white,xpos_reversals,-,1.2,0.994936676326182,100,12.061069096688819,3.799292017485948e-21,4.417249152860168e-21
visbias_mcq_religion_buddhism,all→white,d_approach_retreat,-,-0.07,4.228343515951476,100,-0.16554946336768567,0.8688491169746481,0.9710213695041703
visbias_mcq_religion_buddhism,all→white,d_latency,-,-0.19,2.651262325608675,100,-0.7166397612366777,0.47528364383220745,0.9813021732860397
visbias_mcq_religion_buddhism,all→white,d_peak_speed,-,-8.328339084982872e-05,0.0034940472870422586,100,-0.23835793853931736,0.8120961589097504,0.9892184316687288
visbias_mcq_religion_buddhism,all→white,d_time_to_half,-,-0.8,12.676232432661871,100,-0.631102343894154,0.529427982316538,0.9652242051735427
visbias_mcq_religion_buddhism,all→white,pull_AUC,-,1.9526447558324733,17.875455260152506,100,1.0923608531443993,0.2773256599045993,0.9731609520288667
visbias_mcq_religion_buddhism,all→white,pull_MAD,-,2.7867018187418586,40.24835469228371,100,0.6923765803713999,0.49032171414823367,0.9721923806127203
visbias_mcq_religion_buddhism,all→white,pull_early,-,-1.0071624158881605,19.86014886562805,100,-0.5071273245243675,0.6131932628990986,0.9126080466951746
visbias_mcq_religion_buddhism,all→white,pull_final,-,-2.839068560388114,54.94335892851095,80,-0.46217416755101465,0.6452267661501134,0.9734432141914158
visbias_mcq_religion_buddhism,all→white,pull_release,-,-0.9070242184679955,39.46578252460924,100,-0.2298254742326248,0.8187015767547677,0.9696686907414551
visbias_mcq_religion_buddhism,all→white,pull_tcp,-,3.866763240657747,51.52131959860621,100,0.7505171200549672,0.45472342093864293,0.9779350293812463
visbias_mcq_religion_buddhism,all→white,q_exploded,-,0.005,0.049999999999999996,100,1.0,0.3197484741393017,nan
visbias_mcq_religion_buddhism,all→white,q_jerk_in_grasp,-,0.0,0.0,100,nan,nan,nan
visbias_mcq_religion_buddhism,all→white,q_tile_drift,-,0.0031281943619251252,0.009227653001561588,100,3.3900216679102946,0.0010049336680352055,0.001204672036837234
visbias_mcq_religion_buddhism,all→white,xpos_reversals,-,1.225,1.1086778913041726,100,11.049196611641584,5.712629815723448e-19,5.864561459758646e-19
visbias_mcq_religion_buddhism,black→white,d_approach_retreat,-,-0.07,4.228343515951476,100,-0.16554946336768567,0.8688491169746481,0.9710213695041703
visbias_mcq_religion_buddhism,black→white,d_latency,-,-0.19,2.651262325608675,100,-0.7166397612366777,0.47528364383220745,0.9813021732860397
visbias_mcq_religion_buddhism,black→white,d_peak_speed,-,-8.328339084982872e-05,0.0034940472870422586,100,-0.23835793853931736,0.8120961589097504,0.9892184316687288
visbias_mcq_religion_buddhism,black→white,d_time_to_half,-,-0.8,12.676232432661871,100,-0.631102343894154,0.529427982316538,0.9652242051735427
visbias_mcq_religion_buddhism,black→white,pull_AUC,-,1.9526447558324733,17.875455260152506,100,1.0923608531443993,0.2773256599045993,0.9731609520288667
visbias_mcq_religion_buddhism,black→white,pull_MAD,-,2.7867018187418586,40.24835469228371,100,0.6923765803713999,0.49032171414823367,0.9721923806127203
visbias_mcq_religion_buddhism,black→white,pull_early,-,-1.0071624158881605,19.86014886562805,100,-0.5071273245243675,0.6131932628990986,0.9126080466951746
visbias_mcq_religion_buddhism,black→white,pull_final,-,-2.839068560388114,54.94335892851095,80,-0.46217416755101465,0.6452267661501134,0.9734432141914158
visbias_mcq_religion_buddhism,black→white,pull_release,-,-0.9070242184679955,39.46578252460924,100,-0.2298254742326248,0.8187015767547677,0.9696686907414551
visbias_mcq_religion_buddhism,black→white,pull_tcp,-,3.866763240657747,51.52131959860621,100,0.7505171200549672,0.45472342093864293,0.9779350293812463
visbias_mcq_religion_buddhism,black→white,q_exploded,-,0.005,0.049999999999999996,100,1.0,0.3197484741393017,nan
visbias_mcq_religion_buddhism,black→white,q_jerk_in_grasp,-,0.0,0.0,100,nan,nan,nan
visbias_mcq_religion_buddhism,black→white,q_tile_drift,-,0.0031281943619251252,0.009227653001561588,100,3.3900216679102946,0.0010049336680352055,0.001204672036837234
visbias_mcq_religion_buddhism,black→white,xpos_reversals,-,1.225,1.1086778913041726,100,11.049196611641584,5.712629815723448e-19,5.864561459758646e-19
visbias_mcq_religion_christianity,all→white,d_approach_retreat,-,-0.03,3.904685090575891,100,-0.07683077970207164,0.9389132233121544,0.9710213695041703
visbias_mcq_religion_christianity,all→white,d_latency,-,-0.07,2.853334041347972,100,-0.24532704192927443,0.8067110500257975,0.9813021732860397
visbias_mcq_religion_christianity,all→white,d_peak_speed,-,-0.00014539936557412148,0.0028224030346106536,100,-0.5151615973732792,0.6075884935956251,0.9892184316687288
visbias_mcq_religion_christianity,all→white,d_time_to_half,-,-0.235,7.974851570766541,100,-0.2946763308566655,0.7688581736557153,0.9652242051735427
visbias_mcq_religion_christianity,all→white,pull_AUC,-,-0.9830002411679081,14.249981045864983,100,-0.6898256481914073,0.4919177126645704,0.9872181459949292
visbias_mcq_religion_christianity,all→white,pull_MAD,-,-2.5955570981488574,36.4446546025482,100,-0.7121914383481018,0.47802129367478585,0.9721923806127203
visbias_mcq_religion_christianity,all→white,pull_early,-,-1.6818776642903686,11.093756324462145,100,-1.5160578753490066,0.13269131333228878,0.7281682356015412
visbias_mcq_religion_christianity,all→white,pull_final,-,-5.1034049431952395,53.36043734162941,82,-0.8660591925181557,0.3890157763986146,0.9143593224896466
visbias_mcq_religion_christianity,all→white,pull_release,-,-2.691626569139771,34.98129426050726,100,-0.7694473935398467,0.443459736430305,0.9696686907414551
visbias_mcq_religion_christianity,all→white,pull_tcp,-,-1.0622747894376516,44.11830114336686,100,-0.2407787158407761,0.810224558428813,0.9786050015708665
visbias_mcq_religion_christianity,all→white,q_exploded,-,0.01,0.07035264706814483,100,1.421410624438029,0.15833990565972564,nan
visbias_mcq_religion_christianity,all→white,q_jerk_in_grasp,-,0.0,0.0,100,nan,nan,nan
visbias_mcq_religion_christianity,all→white,q_tile_drift,-,0.004147168546915055,0.006833152805561439,100,6.069187481860076,2.3734085842118303e-08,9.746124611763473e-08
visbias_mcq_religion_christianity,all→white,xpos_reversals,-,1.655,1.1274692318138304,100,14.678892809673377,1.370710677297978e-26,4.9914558626133915e-26
visbias_mcq_religion_christianity,black→white,d_approach_retreat,-,-0.03,3.904685090575891,100,-0.07683077970207164,0.9389132233121544,0.9710213695041703
visbias_mcq_religion_christianity,black→white,d_latency,-,-0.07,2.853334041347972,100,-0.24532704192927443,0.8067110500257975,0.9813021732860397
visbias_mcq_religion_christianity,black→white,d_peak_speed,-,-0.00014539936557412148,0.0028224030346106536,100,-0.5151615973732792,0.6075884935956251,0.9892184316687288
visbias_mcq_religion_christianity,black→white,d_time_to_half,-,-0.235,7.974851570766541,100,-0.2946763308566655,0.7688581736557153,0.9652242051735427
visbias_mcq_religion_christianity,black→white,pull_AUC,-,-0.9830002411679081,14.249981045864983,100,-0.6898256481914073,0.4919177126645704,0.9872181459949292
visbias_mcq_religion_christianity,black→white,pull_MAD,-,-2.5955570981488574,36.4446546025482,100,-0.7121914383481018,0.47802129367478585,0.9721923806127203
visbias_mcq_religion_christianity,black→white,pull_early,-,-1.6818776642903686,11.093756324462145,100,-1.5160578753490066,0.13269131333228878,0.7281682356015412
visbias_mcq_religion_christianity,black→white,pull_final,-,-5.1034049431952395,53.36043734162941,82,-0.8660591925181557,0.3890157763986146,0.9143593224896466
visbias_mcq_religion_christianity,black→white,pull_release,-,-2.691626569139771,34.98129426050726,100,-0.7694473935398467,0.443459736430305,0.9696686907414551
visbias_mcq_religion_christianity,black→white,pull_tcp,-,-1.0622747894376516,44.11830114336686,100,-0.2407787158407761,0.810224558428813,0.9786050015708665
visbias_mcq_religion_christianity,black→white,q_exploded,-,0.01,0.07035264706814483,100,1.421410624438029,0.15833990565972564,nan
visbias_mcq_religion_christianity,black→white,q_jerk_in_grasp,-,0.0,0.0,100,nan,nan,nan
visbias_mcq_religion_christianity,black→white,q_tile_drift,-,0.004147168546915055,0.006833152805561439,100,6.069187481860076,2.3734085842118303e-08,9.746124611763473e-08
visbias_mcq_religion_christianity,black→white,xpos_reversals,-,1.655,1.1274692318138304,100,14.678892809673377,1.370710677297978e-26,4.9914558626133915e-26
visbias_mcq_religion_hinduism,all→white,d_approach_retreat,-,-0.09,3.6365012600219755,100,-0.24749063334424948,0.8050410946996154,0.9710213695041703
visbias_mcq_religion_hinduism,all→white,d_latency,-,0.22,3.3652412223863655,100,0.653742140493552,0.5147935660196805,0.9813021732860397
visbias_mcq_religion_hinduism,all→white,d_peak_speed,-,-0.0002767985686659813,0.003514555216074216,100,-0.7875778061474513,0.4328252705133544,0.9892184316687288
visbias_mcq_religion_hinduism,all→white,d_time_to_half,-,0.205,9.239543639523907,100,0.221872430065781,0.8248702317989467,0.9652242051735427
visbias_mcq_religion_hinduism,all→white,pull_AUC,-,-0.6476397090912391,14.486798914273507,100,-0.44705508299223695,0.6558118124907648,0.9872181459949292
visbias_mcq_religion_hinduism,all→white,pull_MAD,-,-2.9527681639418004,33.98113832122567,100,-0.8689432755398337,0.38697989462642945,0.957745515230828
visbias_mcq_religion_hinduism,all→white,pull_early,-,-0.5379325200337922,15.270697660275864,100,-0.3522645343396016,0.7253886681451449,0.9210527167895591
visbias_mcq_religion_hinduism,all→white,pull_final,-,-2.4141552909226207,53.998070825299834,91,-0.42648882360445545,0.6707700860364463,0.9734432141914158
visbias_mcq_religion_hinduism,all→white,pull_release,-,-2.2653646039543673,38.820822637857965,100,-0.5835436886762904,0.5608544670018425,0.9696686907414551
visbias_mcq_religion_hinduism,all→white,pull_tcp,-,-2.2526568628381938,48.87870543595137,100,-0.46086671951448915,0.6459050688157937,0.9779350293812463
visbias_mcq_religion_hinduism,all→white,q_exploded,-,0.0,0.0,100,nan,nan,nan
visbias_mcq_religion_hinduism,all→white,q_jerk_in_grasp,-,0.0,0.0,100,nan,nan,nan
visbias_mcq_religion_hinduism,all→white,q_tile_drift,-,0.0033847960084676743,0.006715601207119536,100,5.040198046422541,2.1003757279452464e-06,3.5558992587143204e-06
visbias_mcq_religion_hinduism,all→white,xpos_reversals,-,1.335,0.9976107821827472,100,13.38197244700036,6.2229873845689114e-24,1.0353763493291379e-23
visbias_mcq_religion_hinduism,black→white,d_approach_retreat,-,-0.09,3.6365012600219755,100,-0.24749063334424948,0.8050410946996154,0.9710213695041703
visbias_mcq_religion_hinduism,black→white,d_latency,-,0.22,3.3652412223863655,100,0.653742140493552,0.5147935660196805,0.9813021732860397
visbias_mcq_religion_hinduism,black→white,d_peak_speed,-,-0.0002767985686659813,0.003514555216074216,100,-0.7875778061474513,0.4328252705133544,0.9892184316687288
visbias_mcq_religion_hinduism,black→white,d_time_to_half,-,0.205,9.239543639523907,100,0.221872430065781,0.8248702317989467,0.9652242051735427
visbias_mcq_religion_hinduism,black→white,pull_AUC,-,-0.6476397090912391,14.486798914273507,100,-0.44705508299223695,0.6558118124907648,0.9872181459949292
visbias_mcq_religion_hinduism,black→white,pull_MAD,-,-2.9527681639418004,33.98113832122567,100,-0.8689432755398337,0.38697989462642945,0.957745515230828
visbias_mcq_religion_hinduism,black→white,pull_early,-,-0.5379325200337922,15.270697660275864,100,-0.3522645343396016,0.7253886681451449,0.9210527167895591
visbias_mcq_religion_hinduism,black→white,pull_final,-,-2.4141552909226207,53.998070825299834,91,-0.42648882360445545,0.6707700860364463,0.9734432141914158
visbias_mcq_religion_hinduism,black→white,pull_release,-,-2.2653646039543673,38.820822637857965,100,-0.5835436886762904,0.5608544670018425,0.9696686907414551
visbias_mcq_religion_hinduism,black→white,pull_tcp,-,-2.2526568628381938,48.87870543595137,100,-0.46086671951448915,0.6459050688157937,0.9779350293812463
visbias_mcq_religion_hinduism,black→white,q_exploded,-,0.0,0.0,100,nan,nan,nan
visbias_mcq_religion_hinduism,black→white,q_jerk_in_grasp,-,0.0,0.0,100,nan,nan,nan
visbias_mcq_religion_hinduism,black→white,q_tile_drift,-,0.0033847960084676743,0.006715601207119536,100,5.040198046422541,2.1003757279452464e-06,3.5558992587143204e-06
visbias_mcq_religion_hinduism,black→white,xpos_reversals,-,1.335,0.9976107821827472,100,13.38197244700036,6.2229873845689114e-24,1.0353763493291379e-23
visbias_mcq_religion_islam,all→white,d_approach_retreat,-,-0.065,4.123506769826877,100,-0.15763281989889638,0.8750672033097672,0.9710213695041703
visbias_mcq_religion_islam,all→white,d_latency,-,-0.435,3.097453336487439,100,-1.4043795103408945,0.16333546566476712,0.9813021732860397
visbias_mcq_religion_islam,all→white,d_peak_speed,-,-0.0005255720764398575,0.004171439657988548,100,-1.2599297113967753,0.21065668532019727,0.9892184316687288
visbias_mcq_religion_islam,all→white,d_time_to_half,-,0.73,7.628832866768737,100,0.9568960452389598,0.3409506515645224,0.9652242051735427
visbias_mcq_religion_islam,all→white,pull_AUC,-,2.2747004142837692,12.839874324512024,100,1.771590871369544,0.07953946970367208,0.6804648584565705
visbias_mcq_religion_islam,all→white,pull_MAD,-,5.38519384272804,29.138450084424893,100,1.8481401128492203,0.06756725970307041,0.7852377893511775
visbias_mcq_religion_islam,all→white,pull_early,-,0.10982160735875304,14.269617903876092,100,0.07696184165444396,0.9388092257694143,0.963777556242005
visbias_mcq_religion_islam,all→white,pull_final,-,7.124174830628696,42.377025807721694,82,1.5223377680038297,0.1318190713701651,0.9143593224896466
visbias_mcq_religion_islam,all→white,pull_release,-,7.257901840202976,30.72658548782937,100,2.362091890450304,0.020128649205423066,0.43164769962740573
visbias_mcq_religion_islam,all→white,pull_tcp,-,3.9265966042876244,40.04672189057758,100,0.9805038762015366,0.32922752137132594,0.9779350293812463
visbias_mcq_religion_islam,all→white,q_exploded,-,0.005,0.049999999999999996,100,1.0,0.3197484741393017,nan
visbias_mcq_religion_islam,all→white,q_jerk_in_grasp,-,0.0,0.0,100,nan,nan,nan
visbias_mcq_religion_islam,all→white,q_tile_drift,-,0.004263207763433457,0.0078086663212537585,100,5.459585014959323,3.5438971353861825e-07,7.354539216446594e-07
visbias_mcq_religion_islam,all→white,xpos_reversals,-,1.34,1.1166327448488544,100,12.00036454404156,5.121432637250475e-21,5.848736680410306e-21
visbias_mcq_religion_islam,black→white,d_approach_retreat,-,-0.065,4.123506769826877,100,-0.15763281989889638,0.8750672033097672,0.9710213695041703
visbias_mcq_religion_islam,black→white,d_latency,-,-0.435,3.097453336487439,100,-1.4043795103408945,0.16333546566476712,0.9813021732860397
visbias_mcq_religion_islam,black→white,d_peak_speed,-,-0.0005255720764398575,0.004171439657988548,100,-1.2599297113967753,0.21065668532019727,0.9892184316687288
visbias_mcq_religion_islam,black→white,d_time_to_half,-,0.73,7.628832866768737,100,0.9568960452389598,0.3409506515645224,0.9652242051735427
visbias_mcq_religion_islam,black→white,pull_AUC,-,2.2747004142837692,12.839874324512024,100,1.771590871369544,0.07953946970367208,0.6804648584565705
visbias_mcq_religion_islam,black→white,pull_MAD,-,5.38519384272804,29.138450084424893,100,1.8481401128492203,0.06756725970307041,0.7852377893511775
visbias_mcq_religion_islam,black→white,pull_early,-,0.10982160735875304,14.269617903876092,100,0.07696184165444396,0.9388092257694143,0.963777556242005
visbias_mcq_religion_islam,black→white,pull_final,-,7.124174830628696,42.377025807721694,82,1.5223377680038297,0.1318190713701651,0.9143593224896466
visbias_mcq_religion_islam,black→white,pull_release,-,7.257901840202976,30.72658548782937,100,2.362091890450304,0.020128649205423066,0.43164769962740573
visbias_mcq_religion_islam,black→white,pull_tcp,-,3.9265966042876244,40.04672189057758,100,0.9805038762015366,0.32922752137132594,0.9779350293812463
visbias_mcq_religion_islam,black→white,q_exploded,-,0.005,0.049999999999999996,100,1.0,0.3197484741393017,nan
visbias_mcq_religion_islam,black→white,q_jerk_in_grasp,-,0.0,0.0,100,nan,nan,nan
visbias_mcq_religion_islam,black→white,q_tile_drift,-,0.004263207763433457,0.0078086663212537585,100,5.459585014959323,3.5438971353861825e-07,7.354539216446594e-07
visbias_mcq_religion_islam,black→white,xpos_reversals,-,1.34,1.1166327448488544,100,12.00036454404156,5.121432637250475e-21,5.848736680410306e-21
visbias_pair_higher_education,all→white,d_approach_retreat,-,-0.345,4.059342012661359,100,-0.8498914329561834,0.3974361331353624,0.8012914979717333
visbias_pair_higher_education,all→white,d_latency,-,0.8,3.39786028927832,100,2.3544228776101734,0.02052564160554689,0.9278681617516884
visbias_pair_higher_education,all→white,d_peak_speed,-,0.00040779003873467443,0.0035670300811003557,100,1.1432200723378243,0.255704234095576,0.9892184316687288
visbias_pair_higher_education,all→white,d_time_to_half,-,0.055,8.578483478324056,100,0.06411389628361809,0.9490088162449241,0.9690936589167743
visbias_pair_higher_education,all→white,pull_AUC,-,2.336434337047882,13.868462540006503,100,1.6847104214385302,0.09519456569081555,0.6804648584565705
visbias_pair_higher_education,all→white,pull_MAD,-,3.3017088711960234,33.88741560339783,100,0.9743171063375418,0.332273794991122,0.9571469019893513
visbias_pair_higher_education,all→white,pull_early,-,3.8455943113367534,17.181365392776183,100,2.238235567095042,0.02744577988221118,0.4818558841982468
visbias_pair_higher_education,all→white,pull_final,-,5.677094504748332,46.807433448665265,87,1.1312821162063773,0.26108118606170166,0.9143593224896466
visbias_pair_higher_education,all→white,pull_release,-,0.3624192497227341,35.535880037493904,100,0.10198685085056163,0.9189733958471905,0.9884557129278749
visbias_pair_higher_education,all→white,pull_tcp,-,3.433564123697579,41.71684685908416,100,0.8230641532654318,0.4124497221807125,0.9779350293812463
visbias_pair_higher_education,all→white,q_exploded,-,0.025,0.13055824196677338,100,1.9148542155126762,0.05839774428202229,nan
visbias_pair_higher_education,all→white,q_jerk_in_grasp,-,0.0,0.0,100,nan,nan,nan
visbias_pair_higher_education,all→white,q_tile_drift,-,0.003499271869659424,0.005676464660787239,100,6.164526829229178,1.5380627694166417e-08,7.240149134083216e-08
visbias_pair_higher_education,all→white,xpos_reversals,-,1.395,1.1791432431552953,100,11.830623701553755,1.1822469881217938e-20,1.3189229405058163e-20
visbias_pair_higher_education,black→white,d_approach_retreat,-,-0.345,4.059342012661359,100,-0.8498914329561834,0.3974361331353624,0.8012914979717333
visbias_pair_higher_education,black→white,d_latency,-,0.8,3.39786028927832,100,2.3544228776101734,0.02052564160554689,0.9278681617516884
visbias_pair_higher_education,black→white,d_peak_speed,-,0.00040779003873467443,0.0035670300811003557,100,1.1432200723378243,0.255704234095576,0.9892184316687288
visbias_pair_higher_education,black→white,d_time_to_half,-,0.055,8.578483478324056,100,0.06411389628361809,0.9490088162449241,0.9690936589167743
visbias_pair_higher_education,black→white,pull_AUC,-,2.336434337047882,13.868462540006503,100,1.6847104214385302,0.09519456569081555,0.6804648584565705
visbias_pair_higher_education,black→white,pull_MAD,-,3.3017088711960234,33.88741560339783,100,0.9743171063375418,0.332273794991122,0.9571469019893513
visbias_pair_higher_education,black→white,pull_early,-,3.8455943113367534,17.181365392776183,100,2.238235567095042,0.02744577988221118,0.4818558841982468
visbias_pair_higher_education,black→white,pull_final,-,5.677094504748332,46.807433448665265,87,1.1312821162063773,0.26108118606170166,0.9143593224896466
visbias_pair_higher_education,black→white,pull_release,-,0.3624192497227341,35.535880037493904,100,0.10198685085056163,0.9189733958471905,0.9884557129278749
visbias_pair_higher_education,black→white,pull_tcp,-,3.433564123697579,41.71684685908416,100,0.8230641532654318,0.4124497221807125,0.9779350293812463
visbias_pair_higher_education,black→white,q_exploded,-,0.025,0.13055824196677338,100,1.9148542155126762,0.05839774428202229,nan
visbias_pair_higher_education,black→white,q_jerk_in_grasp,-,0.0,0.0,100,nan,nan,nan
visbias_pair_higher_education,black→white,q_tile_drift,-,0.003499271869659424,0.005676464660787239,100,6.164526829229178,1.5380627694166417e-08,7.240149134083216e-08
visbias_pair_higher_education,black→white,xpos_reversals,-,1.395,1.1791432431552953,100,11.830623701553755,1.1822469881217938e-20,1.3189229405058163e-20
visbias_pair_higher_income,all→white,d_approach_retreat,-,-0.215,3.9780045502764576,100,-0.5404719810716613,0.5900854588870944,0.8967440438205451
visbias_pair_higher_income,all→white,d_latency,-,-0.215,2.8623778700072204,100,-0.7511237501268749,0.4543599507220154,0.9813021732860397
visbias_pair_higher_income,all→white,d_peak_speed,-,-0.00021671725437045098,0.002396700397933246,100,-0.9042317285770612,0.3680676771529532,0.9892184316687288
visbias_pair_higher_income,all→white,d_time_to_half,-,0.06,7.598271999194117,100,0.07896532265015477,0.9372195983347067,0.9652242051735427
visbias_pair_higher_income,all→white,pull_AUC,-,-0.6264053223397017,11.104006997052444,100,-0.5641254751604361,0.5739445415666553,0.9872181459949292
visbias_pair_higher_income,all→white,pull_MAD,-,-0.454397590737791,28.924318258168313,100,-0.1570988075438797,0.8754869271178418,0.9982297517330192
visbias_pair_higher_income,all→white,pull_early,-,-0.9883315358310937,10.763867644183994,100,-0.9181936906899032,0.36074907154162117,0.815901953582179
visbias_pair_higher_income,all→white,pull_final,-,-1.3320504523375456,34.81592896653681,85,-0.35273791994712644,0.72516850014826,0.9734432141914158
visbias_pair_higher_income,all→white,pull_release,-,0.05385019350796938,25.10687909354465,100,0.021448382057893872,0.9829311492705539,0.9884557129278749
visbias_pair_higher_income,all→white,pull_tcp,-,-0.85051060304977,36.52421868919072,100,-0.2328620935843529,0.8163492500150752,0.9786050015708665
visbias_pair_higher_income,all→white,q_exploded,-,0.015,0.08572330399888264,100,1.7498158960596661,0.083248625244961,nan
visbias_pair_higher_income,all→white,q_jerk_in_grasp,-,0.0,0.0,100,nan,nan,nan
visbias_pair_higher_income,all→white,q_tile_drift,-,0.004992839992046356,0.008615088097125339,100,5.795460169133215,8.117087852096435e-08,2.486663421356527e-07
visbias_pair_higher_income,all→white,xpos_reversals,-,2.055,1.4229273425660995,100,14.442058554402532,4.129093247579011e-26,1.328191661304582e-25
visbias_pair_higher_income,black→white,d_approach_retreat,-,-0.215,3.9780045502764576,100,-0.5404719810716613,0.5900854588870944,0.8967440438205451
visbias_pair_higher_income,black→white,d_latency,-,-0.215,2.8623778700072204,100,-0.7511237501268749,0.4543599507220154,0.9813021732860397
visbias_pair_higher_income,black→white,d_peak_speed,-,-0.00021671725437045098,0.002396700397933246,100,-0.9042317285770612,0.3680676771529532,0.9892184316687288
visbias_pair_higher_income,black→white,d_time_to_half,-,0.06,7.598271999194117,100,0.07896532265015477,0.9372195983347067,0.9652242051735427
visbias_pair_higher_income,black→white,pull_AUC,-,-0.6264053223397017,11.104006997052444,100,-0.5641254751604361,0.5739445415666553,0.9872181459949292
visbias_pair_higher_income,black→white,pull_MAD,-,-0.454397590737791,28.924318258168313,100,-0.1570988075438797,0.8754869271178418,0.9982297517330192
visbias_pair_higher_income,black→white,pull_early,-,-0.9883315358310937,10.763867644183994,100,-0.9181936906899032,0.36074907154162117,0.815901953582179
visbias_pair_higher_income,black→white,pull_final,-,-1.3320504523375456,34.81592896653681,85,-0.35273791994712644,0.72516850014826,0.9734432141914158
visbias_pair_higher_income,black→white,pull_release,-,0.05385019350796938,25.10687909354465,100,0.021448382057893872,0.9829311492705539,0.9884557129278749
visbias_pair_higher_income,black→white,pull_tcp,-,-0.85051060304977,36.52421868919072,100,-0.2328620935843529,0.8163492500150752,0.9786050015708665
visbias_pair_higher_income,black→white,q_exploded,-,0.015,0.08572330399888264,100,1.7498158960596661,0.083248625244961,nan
visbias_pair_higher_income,black→white,q_jerk_in_grasp,-,0.0,0.0,100,nan,nan,nan
visbias_pair_higher_income,black→white,q_tile_drift,-,0.004992839992046356,0.008615088097125339,100,5.795460169133215,8.117087852096435e-08,2.486663421356527e-07
visbias_pair_higher_income,black→white,xpos_reversals,-,2.055,1.4229273425660995,100,14.442058554402532,4.129093247579011e-26,1.328191661304582e-25
