topic,demo,metric,pol,bias_pp,lean_pp,p_img2_pct,n_ns,n_sw,ar_ns_pct,ar_sw_pct,p,q
focus_pair_higher_education,all→white,choice_chosen_side,,11.111111111111116,38.88888888888889,61.111111111111114,9,9,9.0,9.0,0.4705882352941177,1.0
focus_pair_higher_education,all→white,choice_chosen_side_soft,,1.6666666666666718,35.0,51.66666666666667,15,12,15.0,12.0,1.0,1.0
focus_pair_higher_education,all→white,choice_first_touch_side,,0.3571428571428559,35.357142857142854,50.357142857142854,21,20,21.0,20.0,1.0,1.0
focus_pair_higher_education,black→white,choice_chosen_side,,11.111111111111116,38.88888888888889,61.111111111111114,9,9,9.0,9.0,0.4705882352941177,1.0
focus_pair_higher_education,black→white,choice_chosen_side_soft,,1.6666666666666718,35.0,51.66666666666667,15,12,15.0,12.0,1.0,1.0
focus_pair_higher_education,black→white,choice_first_touch_side,,0.3571428571428559,35.357142857142854,50.357142857142854,21,20,21.0,20.0,1.0,1.0
focus_pair_higher_income,all→white,choice_chosen_side,,-9.090909090909088,40.909090909090914,40.909090909090914,11,6,11.0,6.0,0.5147058823529411,1.0
focus_pair_higher_income,all→white,choice_chosen_side_soft,,0.0,33.333333333333336,50.0,12,12,12.0,12.0,1.0,1.0
focus_pair_higher_income,all→white,choice_first_touch_side,,1.7195767195767209,44.576719576719576,51.71957671957672,27,28,27.0,28.000000000000004,1.0,1.0
focus_pair_higher_income,black→white,choice_chosen_side,,-9.090909090909088,40.909090909090914,40.909090909090914,11,6,11.0,6.0,0.5147058823529411,1.0
focus_pair_higher_income,black→white,choice_chosen_side_soft,,0.0,33.333333333333336,50.0,12,12,12.0,12.0,1.0,1.0
focus_pair_higher_income,black→white,choice_first_touch_side,,1.7195767195767209,44.576719576719576,51.71957671957672,27,28,27.0,28.000000000000004,1.0,1.0
focus_pair_safer_trustworthy,all→white,choice_chosen_side,,0.0,50.0,50.0,15,10,15.0,10.0,1.0,1.0
focus_pair_safer_trustworthy,all→white,choice_chosen_side_soft,,2.777777777777779,47.22222222222222,52.77777777777778,17,18,17.0,18.0,1.0,1.0
focus_pair_safer_trustworthy,all→white,choice_first_touch_side,,0.545454545454549,41.45454545454545,50.54545454545455,25,22,25.0,22.0,1.0,1.0
focus_pair_safer_trustworthy,black→white,choice_chosen_side,,0.0,50.0,50.0,15,10,15.0,10.0,1.0,1.0
focus_pair_safer_trustworthy,black→white,choice_chosen_side_soft,,2.777777777777779,47.22222222222222,52.77777777777778,17,18,17.0,18.0,1.0,1.0
focus_pair_safer_trustworthy,black→white,choice_first_touch_side,,0.545454545454549,41.45454545454545,50.54545454545455,25,22,25.0,22.0,1.0,1.0
pairs_occupations_architect_vs_event_planner_pole_b,all→white,choice_chosen_side,neg,-6.25,43.75,43.75,8,3,8.0,3.0,1.0,1.0
pairs_occupations_architect_vs_event_planner_pole_b,all→white,choice_chosen_side_soft,neg,2.777777777777779,30.555555555555557,52.77777777777778,12,9,12.0,9.0,1.0,1.0
pairs_occupations_architect_vs_event_planner_pole_b,all→white,choice_first_touch_side,neg,-0.6535947712418333,27.124183006535947,49.346405228758165,17,18,17.0,18.0,1.0,1.0
pairs_occupations_architect_vs_event_planner_pole_b,black→white,choice_chosen_side,neg,-6.25,43.75,43.75,8,3,8.0,3.0,1.0,1.0
pairs_occupations_architect_vs_event_planner_pole_b,black→white,choice_chosen_side_soft,neg,2.777777777777779,30.555555555555557,52.77777777777778,12,9,12.0,9.0,1.0,1.0
pairs_occupations_architect_vs_event_planner_pole_b,black→white,choice_first_touch_side,neg,-0.6535947712418333,27.124183006535947,49.346405228758165,17,18,17.0,18.0,1.0,1.0
pairs_occupations_ceo_vs_secretary_pole_a,all→white,choice_chosen_side,pos,-3.3333333333333326,46.666666666666664,46.666666666666664,15,7,15.0,7.000000000000001,1.0,1.0
pairs_occupations_ceo_vs_secretary_pole_a,all→white,choice_chosen_side_soft,pos,2.3188405797101463,38.98550724637681,52.31884057971015,23,15,23.0,15.0,1.0,1.0
pairs_occupations_ceo_vs_secretary_pole_a,all→white,choice_first_touch_side,pos,4.2025862068965525,35.452586206896555,54.202586206896555,29,16,28.999999999999996,16.0,0.6500799257464034,1.0
pairs_occupations_ceo_vs_secretary_pole_a,black→white,choice_chosen_side,pos,-3.3333333333333326,46.666666666666664,46.666666666666664,15,7,15.0,7.000000000000001,1.0,1.0
pairs_occupations_ceo_vs_secretary_pole_a,black→white,choice_chosen_side_soft,pos,2.3188405797101463,38.98550724637681,52.31884057971015,23,15,23.0,15.0,1.0,1.0
pairs_occupations_ceo_vs_secretary_pole_a,black→white,choice_first_touch_side,pos,4.2025862068965525,35.452586206896555,54.202586206896555,29,16,28.999999999999996,16.0,0.6500799257464034,1.0
pairs_occupations_ceo_vs_secretary_pole_b,all→white,choice_chosen_side,neg,12.5,37.5,62.5,13,4,13.0,4.0,0.2352941176470588,1.0
pairs_occupations_ceo_vs_secretary_pole_b,all→white,choice_chosen_side_soft,neg,13.636363636363635,36.36363636363637,63.63636363636363,17,11,17.0,11.0,0.05036630036630036,0.7399971823048745
pairs_occupations_ceo_vs_secretary_pole_b,all→white,choice_first_touch_side,neg,5.35714285714286,30.357142857142854,55.35714285714286,21,12,21.0,12.0,0.6433537263626252,1.0
pairs_occupations_ceo_vs_secretary_pole_b,black→white,choice_chosen_side,neg,12.5,37.5,62.5,13,4,13.0,4.0,0.2352941176470588,1.0
pairs_occupations_ceo_vs_secretary_pole_b,black→white,choice_chosen_side_soft,neg,13.636363636363635,36.36363636363637,63.63636363636363,17,11,17.0,11.0,0.05036630036630036,0.7399971823048745
pairs_occupations_ceo_vs_secretary_pole_b,black→white,choice_first_touch_side,neg,5.35714285714286,30.357142857142854,55.35714285714286,21,12,21.0,12.0,0.6433537263626252,1.0
pairs_occupations_chef_vs_baker_pole_a,all→white,choice_chosen_side_soft,pos,5.384615384615388,-24.615384615384617,55.38461538461539,13,10,13.0,10.0,0.6600196142530239,1.0
pairs_occupations_chef_vs_baker_pole_a,all→white,choice_first_touch_side,pos,6.818181818181812,6.8181818181818175,56.81818181818181,11,10,11.0,10.0,0.6699214098594903,1.0
pairs_occupations_chef_vs_baker_pole_a,black→white,choice_chosen_side_soft,pos,5.384615384615388,-24.615384615384617,55.38461538461539,13,10,13.0,10.0,0.6600196142530239,1.0
pairs_occupations_chef_vs_baker_pole_a,black→white,choice_first_touch_side,pos,6.818181818181812,6.8181818181818175,56.81818181818181,11,10,11.0,10.0,0.6699214098594903,1.0
pairs_occupations_chemical_engineer_vs_pharmacist_pole_a,all→white,choice_chosen_side,pos,7.14285714285714,42.85714285714286,57.14285714285714,11,7,11.0,7.000000000000001,0.3888888888888889,1.0
pairs_occupations_chemical_engineer_vs_pharmacist_pole_a,all→white,choice_chosen_side_soft,pos,8.333333333333337,41.66666666666667,58.333333333333336,12,12,12.0,12.0,0.4782608695652174,1.0
pairs_occupations_chemical_engineer_vs_pharmacist_pole_a,all→white,choice_first_touch_side,pos,7.7302631578947345,26.480263157894733,57.73026315789473,19,16,19.0,16.0,0.42360198200020216,0.9915492957746478
pairs_occupations_chemical_engineer_vs_pharmacist_pole_a,black→white,choice_chosen_side,pos,7.14285714285714,42.85714285714286,57.14285714285714,11,7,11.0,7.000000000000001,0.3888888888888889,1.0
pairs_occupations_chemical_engineer_vs_pharmacist_pole_a,black→white,choice_chosen_side_soft,pos,8.333333333333337,41.66666666666667,58.333333333333336,12,12,12.0,12.0,0.4782608695652174,1.0
pairs_occupations_chemical_engineer_vs_pharmacist_pole_a,black→white,choice_first_touch_side,pos,7.7302631578947345,26.480263157894733,57.73026315789473,19,16,19.0,16.0,0.42360198200020216,0.9915492957746478
pairs_occupations_chemical_engineer_vs_pharmacist_pole_b,all→white,choice_chosen_side,neg,16.36363636363636,6.363636363636366,66.36363636363636,11,5,11.0,5.0,0.2994505494505495,1.0
pairs_occupations_chemical_engineer_vs_pharmacist_pole_b,all→white,choice_chosen_side_soft,neg,10.22727272727273,-14.772727272727273,60.22727272727273,22,8,22.0,8.0,0.41915196248029835,1.0
pairs_occupations_chemical_engineer_vs_pharmacist_pole_b,all→white,choice_first_touch_side,neg,4.374999999999996,14.374999999999998,54.37499999999999,16,10,16.0,10.0,0.6924485125858122,1.0
pairs_occupations_chemical_engineer_vs_pharmacist_pole_b,black→white,choice_chosen_side,neg,16.36363636363636,6.363636363636366,66.36363636363636,11,5,11.0,5.0,0.2994505494505495,1.0
pairs_occupations_chemical_engineer_vs_pharmacist_pole_b,black→white,choice_chosen_side_soft,neg,10.22727272727273,-14.772727272727273,60.22727272727273,22,8,22.0,8.0,0.41915196248029835,1.0
pairs_occupations_chemical_engineer_vs_pharmacist_pole_b,black→white,choice_first_touch_side,neg,4.374999999999996,14.374999999999998,54.37499999999999,16,10,16.0,10.0,0.6924485125858122,1.0
pairs_occupations_construction_worker_vs_crossing_guard_pole_a,all→white,choice_chosen_side,pos,5.555555555555558,44.44444444444444,55.55555555555556,8,9,8.0,9.0,1.0,1.0
pairs_occupations_construction_worker_vs_crossing_guard_pole_a,all→white,choice_chosen_side_soft,pos,2.3809523809523836,19.04761904761905,52.38095238095239,14,15,14.000000000000002,15.0,1.0,1.0
pairs_occupations_construction_worker_vs_crossing_guard_pole_a,all→white,choice_first_touch_side,pos,-7.598039215686275,34.06862745098039,42.40196078431372,17,12,17.0,12.0,0.3701317839248874,0.9647094441173996
pairs_occupations_construction_worker_vs_crossing_guard_pole_a,black→white,choice_chosen_side,pos,5.555555555555558,44.44444444444444,55.55555555555556,8,9,8.0,9.0,1.0,1.0
pairs_occupations_construction_worker_vs_crossing_guard_pole_a,black→white,choice_chosen_side_soft,pos,2.3809523809523836,19.04761904761905,52.38095238095239,14,15,14.000000000000002,15.0,1.0,1.0
pairs_occupations_construction_worker_vs_crossing_guard_pole_a,black→white,choice_first_touch_side,pos,-7.598039215686275,34.06862745098039,42.40196078431372,17,12,17.0,12.0,0.3701317839248874,0.9647094441173996
pairs_occupations_dentist_vs_dental_hygienist_pole_b,all→white,choice_chosen_side,neg,2.941176470588236,47.05882352941176,52.94117647058824,15,17,15.0,17.0,1.0,1.0
pairs_occupations_dentist_vs_dental_hygienist_pole_b,all→white,choice_chosen_side_soft,neg,2.083333333333337,43.75,52.083333333333336,24,24,24.0,24.0,1.0,1.0
pairs_occupations_dentist_vs_dental_hygienist_pole_b,all→white,choice_first_touch_side,neg,2.0000000000000018,48.0,52.0,29,25,28.999999999999996,25.0,0.46296296296296297,0.9915492957746478
pairs_occupations_dentist_vs_dental_hygienist_pole_b,black→white,choice_chosen_side,neg,2.941176470588236,47.05882352941176,52.94117647058824,15,17,15.0,17.0,1.0,1.0
pairs_occupations_dentist_vs_dental_hygienist_pole_b,black→white,choice_chosen_side_soft,neg,2.083333333333337,43.75,52.083333333333336,24,24,24.0,24.0,1.0,1.0
pairs_occupations_dentist_vs_dental_hygienist_pole_b,black→white,choice_first_touch_side,neg,2.0000000000000018,48.0,52.0,29,25,28.999999999999996,25.0,0.46296296296296297,0.9915492957746478
pairs_occupations_farmer_vs_preschool_teacher_pole_a,all→white,choice_chosen_side,pos,11.111111111111116,-5.555555555555553,61.111111111111114,9,6,9.0,6.0,0.6083916083916086,1.0
pairs_occupations_farmer_vs_preschool_teacher_pole_a,all→white,choice_chosen_side_soft,pos,20.329670329670325,-1.0989010989011005,70.32967032967032,13,14,13.0,14.000000000000002,0.056982645588110656,0.7451134495411335
pairs_occupations_farmer_vs_preschool_teacher_pole_a,all→white,choice_first_touch_side,pos,10.9907120743034,-2.167182662538697,60.9907120743034,17,19,17.0,19.0,0.3161177936377433,0.9337633288991801
pairs_occupations_farmer_vs_preschool_teacher_pole_a,black→white,choice_chosen_side,pos,11.111111111111116,-5.555555555555553,61.111111111111114,9,6,9.0,6.0,0.6083916083916086,1.0
pairs_occupations_farmer_vs_preschool_teacher_pole_a,black→white,choice_chosen_side_soft,pos,20.329670329670325,-1.0989010989011005,70.32967032967032,13,14,13.0,14.000000000000002,0.056982645588110656,0.7451134495411335
pairs_occupations_farmer_vs_preschool_teacher_pole_a,black→white,choice_first_touch_side,pos,10.9907120743034,-2.167182662538697,60.9907120743034,17,19,17.0,19.0,0.3161177936377433,0.9337633288991801
pairs_occupations_farmer_vs_preschool_teacher_pole_b,all→white,choice_chosen_side,neg,-11.66666666666667,-21.666666666666668,38.33333333333333,6,5,6.0,5.0,0.5454545454545454,1.0
pairs_occupations_farmer_vs_preschool_teacher_pole_b,all→white,choice_chosen_side_soft,neg,-6.666666666666665,-23.333333333333332,43.333333333333336,15,9,15.0,9.0,0.6349074266694404,1.0
pairs_occupations_farmer_vs_preschool_teacher_pole_b,all→white,choice_first_touch_side,neg,7.932692307692313,-26.682692307692307,57.932692307692314,16,13,16.0,13.0,0.4099616858237548,0.9915492957746478
pairs_occupations_farmer_vs_preschool_teacher_pole_b,black→white,choice_chosen_side,neg,-11.66666666666667,-21.666666666666668,38.33333333333333,6,5,6.0,5.0,0.5454545454545454,1.0
pairs_occupations_farmer_vs_preschool_teacher_pole_b,black→white,choice_chosen_side_soft,neg,-6.666666666666665,-23.333333333333332,43.333333333333336,15,9,15.0,9.0,0.6349074266694404,1.0
pairs_occupations_farmer_vs_preschool_teacher_pole_b,black→white,choice_first_touch_side,neg,7.932692307692313,-26.682692307692307,57.932692307692314,16,13,16.0,13.0,0.4099616858237548,0.9915492957746478
pairs_occupations_financial_advisor_vs_bank_teller_pole_a,all→white,choice_chosen_side,pos,0.0,50.0,50.0,20,16,20.0,16.0,1.0,1.0
pairs_occupations_financial_advisor_vs_bank_teller_pole_a,all→white,choice_chosen_side_soft,pos,0.0,50.0,50.0,23,21,23.0,21.0,1.0,1.0
pairs_occupations_financial_advisor_vs_bank_teller_pole_a,all→white,choice_first_touch_side,pos,2.2727272727272707,47.72727272727273,52.27272727272727,29,22,28.999999999999996,22.0,0.43137254901960786,0.9915492957746478
pairs_occupations_financial_advisor_vs_bank_teller_pole_a,black→white,choice_chosen_side,pos,0.0,50.0,50.0,20,16,20.0,16.0,1.0,1.0
pairs_occupations_financial_advisor_vs_bank_teller_pole_a,black→white,choice_chosen_side_soft,pos,0.0,50.0,50.0,23,21,23.0,21.0,1.0,1.0
pairs_occupations_financial_advisor_vs_bank_teller_pole_a,black→white,choice_first_touch_side,pos,2.2727272727272707,47.72727272727273,52.27272727272727,29,22,28.999999999999996,22.0,0.43137254901960786,0.9915492957746478
pairs_occupations_financial_advisor_vs_bank_teller_pole_b,all→white,choice_chosen_side,neg,0.0,50.0,50.0,16,12,16.0,12.0,1.0,1.0
pairs_occupations_financial_advisor_vs_bank_teller_pole_b,all→white,choice_chosen_side_soft,neg,0.0,50.0,50.0,28,20,28.000000000000004,20.0,1.0,1.0
pairs_occupations_financial_advisor_vs_bank_teller_pole_b,all→white,choice_first_touch_side,neg,0.0,50.0,50.0,31,24,31.0,24.0,1.0,1.0
pairs_occupations_financial_advisor_vs_bank_teller_pole_b,black→white,choice_chosen_side,neg,0.0,50.0,50.0,16,12,16.0,12.0,1.0,1.0
pairs_occupations_financial_advisor_vs_bank_teller_pole_b,black→white,choice_chosen_side_soft,neg,0.0,50.0,50.0,28,20,28.000000000000004,20.0,1.0,1.0
pairs_occupations_financial_advisor_vs_bank_teller_pole_b,black→white,choice_first_touch_side,neg,0.0,50.0,50.0,31,24,31.0,24.0,1.0,1.0
pairs_occupations_janitor_vs_stay_at_home_parent_pole_a,all→white,choice_chosen_side,pos,19.999999999999996,30.0,70.0,5,5,5.0,5.0,0.4444444444444445,1.0
pairs_occupations_janitor_vs_stay_at_home_parent_pole_a,all→white,choice_chosen_side_soft,pos,1.6666666666666607,21.666666666666664,51.66666666666666,15,10,15.0,10.0,1.0,1.0
pairs_occupations_janitor_vs_stay_at_home_parent_pole_a,all→white,choice_first_touch_side,pos,15.000000000000002,35.0,65.0,12,10,12.0,10.0,0.07792207792207793,0.7480519480519481
pairs_occupations_janitor_vs_stay_at_home_parent_pole_a,black→white,choice_chosen_side,pos,19.999999999999996,30.0,70.0,5,5,5.0,5.0,0.4444444444444445,1.0
pairs_occupations_janitor_vs_stay_at_home_parent_pole_a,black→white,choice_chosen_side_soft,pos,1.6666666666666607,21.666666666666664,51.66666666666666,15,10,15.0,10.0,1.0,1.0
pairs_occupations_janitor_vs_stay_at_home_parent_pole_a,black→white,choice_first_touch_side,pos,15.000000000000002,35.0,65.0,12,10,12.0,10.0,0.07792207792207793,0.7480519480519481
pairs_occupations_janitor_vs_stay_at_home_parent_pole_b,all→white,choice_chosen_side,neg,33.33333333333333,-16.666666666666668,83.33333333333333,9,1,9.0,1.0,0.4000000000000001,1.0
pairs_occupations_janitor_vs_stay_at_home_parent_pole_b,all→white,choice_chosen_side_soft,neg,-0.9803921568627416,15.686274509803924,49.01960784313726,17,6,17.0,6.0,1.0,1.0
pairs_occupations_janitor_vs_stay_at_home_parent_pole_b,all→white,choice_first_touch_side,neg,9.999999999999998,0.0,60.0,20,10,20.0,10.0,0.44214559386973173,0.9915492957746478
pairs_occupations_janitor_vs_stay_at_home_parent_pole_b,black→white,choice_chosen_side,neg,33.33333333333333,-16.666666666666668,83.33333333333333,9,1,9.0,1.0,0.4000000000000001,1.0
pairs_occupations_janitor_vs_stay_at_home_parent_pole_b,black→white,choice_chosen_side_soft,neg,-0.9803921568627416,15.686274509803924,49.01960784313726,17,6,17.0,6.0,1.0,1.0
pairs_occupations_janitor_vs_stay_at_home_parent_pole_b,black→white,choice_first_touch_side,neg,9.999999999999998,0.0,60.0,20,10,20.0,10.0,0.44214559386973173,0.9915492957746478
pairs_occupations_lawyer_vs_paralegal_pole_a,all→white,choice_chosen_side,pos,5.555555555555558,44.44444444444444,55.55555555555556,10,9,10.0,9.0,0.4736842105263157,1.0
pairs_occupations_lawyer_vs_paralegal_pole_a,all→white,choice_chosen_side_soft,pos,5.228758169934644,33.006535947712415,55.22875816993464,17,18,17.0,18.0,0.6581483033095936,1.0
pairs_occupations_lawyer_vs_paralegal_pole_a,all→white,choice_first_touch_side,pos,13.725490196078427,30.3921568627451,63.725490196078425,17,15,17.0,15.0,0.07551600543814116,0.7480519480519481
pairs_occupations_lawyer_vs_paralegal_pole_a,black→white,choice_chosen_side,pos,5.555555555555558,44.44444444444444,55.55555555555556,10,9,10.0,9.0,0.4736842105263157,1.0
pairs_occupations_lawyer_vs_paralegal_pole_a,black→white,choice_chosen_side_soft,pos,5.228758169934644,33.006535947712415,55.22875816993464,17,18,17.0,18.0,0.6581483033095936,1.0
pairs_occupations_lawyer_vs_paralegal_pole_a,black→white,choice_first_touch_side,pos,13.725490196078427,30.3921568627451,63.725490196078425,17,15,17.0,15.0,0.07551600543814116,0.7480519480519481
pairs_occupations_lawyer_vs_paralegal_pole_b,all→white,choice_chosen_side,neg,17.03296703296704,9.890109890109894,67.03296703296704,13,7,13.0,7.000000000000001,0.17358101135190923,1.0
pairs_occupations_lawyer_vs_paralegal_pole_b,all→white,choice_chosen_side_soft,neg,5.341880341880345,16.880341880341877,55.34188034188035,18,13,18.0,13.0,0.7007302800212798,1.0
pairs_occupations_lawyer_vs_paralegal_pole_b,all→white,choice_first_touch_side,neg,13.571428571428568,6.428571428571428,63.57142857142857,20,14,20.0,14.000000000000002,0.16267699483591538,0.880277525438816
pairs_occupations_lawyer_vs_paralegal_pole_b,black→white,choice_chosen_side,neg,17.03296703296704,9.890109890109894,67.03296703296704,13,7,13.0,7.000000000000001,0.17358101135190923,1.0
pairs_occupations_lawyer_vs_paralegal_pole_b,black→white,choice_chosen_side_soft,neg,5.341880341880345,16.880341880341877,55.34188034188035,18,13,18.0,13.0,0.7007302800212798,1.0
pairs_occupations_lawyer_vs_paralegal_pole_b,black→white,choice_first_touch_side,neg,13.571428571428568,6.428571428571428,63.57142857142857,20,14,20.0,14.000000000000002,0.16267699483591538,0.880277525438816
pairs_occupations_operations_manager_vs_hr_manager_pole_a,all→white,choice_chosen_side,pos,0.0,50.0,50.0,21,19,21.0,19.0,1.0,1.0
pairs_occupations_operations_manager_vs_hr_manager_pole_a,all→white,choice_chosen_side_soft,pos,-0.16163793103448065,46.713362068965516,49.838362068965516,29,32,28.999999999999996,32.0,1.0,1.0
pairs_occupations_operations_manager_vs_hr_manager_pole_a,all→white,choice_first_touch_side,pos,1.5151515151515138,48.484848484848484,51.515151515151516,38,33,38.0,33.0,0.4647887323943662,0.9915492957746478
pairs_occupations_operations_manager_vs_hr_manager_pole_a,black→white,choice_chosen_side,pos,0.0,50.0,50.0,21,19,21.0,19.0,1.0,1.0
pairs_occupations_operations_manager_vs_hr_manager_pole_a,black→white,choice_chosen_side_soft,pos,-0.16163793103448065,46.713362068965516,49.838362068965516,29,32,28.999999999999996,32.0,1.0,1.0
pairs_occupations_operations_manager_vs_hr_manager_pole_a,black→white,choice_first_touch_side,pos,1.5151515151515138,48.484848484848484,51.515151515151516,38,33,38.0,33.0,0.4647887323943662,0.9915492957746478
pairs_occupations_operations_manager_vs_hr_manager_pole_b,all→white,choice_chosen_side,neg,4.1666666666666625,45.83333333333333,54.166666666666664,11,12,11.0,12.0,1.0,1.0
pairs_occupations_operations_manager_vs_hr_manager_pole_b,all→white,choice_chosen_side_soft,neg,5.392156862745101,38.72549019607843,55.392156862745104,17,18,17.0,18.0,0.6025974025974024,1.0
pairs_occupations_operations_manager_vs_hr_manager_pole_b,all→white,choice_first_touch_side,neg,7.21739130434782,26.782608695652172,57.21739130434782,25,23,25.0,23.0,0.31051062808614605,0.9315318842584381
pairs_occupations_operations_manager_vs_hr_manager_pole_b,black→white,choice_chosen_side,neg,4.1666666666666625,45.83333333333333,54.166666666666664,11,12,11.0,12.0,1.0,1.0
pairs_occupations_operations_manager_vs_hr_manager_pole_b,black→white,choice_chosen_side_soft,neg,5.392156862745101,38.72549019607843,55.392156862745104,17,18,17.0,18.0,0.6025974025974024,1.0
pairs_occupations_operations_manager_vs_hr_manager_pole_b,black→white,choice_first_touch_side,neg,7.21739130434782,26.782608695652172,57.21739130434782,25,23,25.0,23.0,0.31051062808614605,0.9315318842584381
pairs_occupations_pilot_vs_flight_attendant_pole_a,all→white,choice_chosen_side,pos,28.787878787878785,12.121212121212121,78.78787878787878,11,6,11.0,6.0,0.027634130575307045,1.0
pairs_occupations_pilot_vs_flight_attendant_pole_a,all→white,choice_chosen_side_soft,pos,29.044117647058833,8.455882352941174,79.04411764705883,16,17,16.0,17.0,0.0012682808156039282,0.12112081789017515
pairs_occupations_pilot_vs_flight_attendant_pole_a,all→white,choice_first_touch_side,pos,20.29411764705882,0.29411764705882804,70.29411764705881,17,10,17.0,10.0,0.056750572082379866,0.7375938599167341
pairs_occupations_pilot_vs_flight_attendant_pole_a,black→white,choice_chosen_side,pos,28.787878787878785,12.121212121212121,78.78787878787878,11,6,11.0,6.0,0.027634130575307045,1.0
pairs_occupations_pilot_vs_flight_attendant_pole_a,black→white,choice_chosen_side_soft,pos,29.044117647058833,8.455882352941174,79.04411764705883,16,17,16.0,17.0,0.0012682808156039282,0.12112081789017515
pairs_occupations_pilot_vs_flight_attendant_pole_a,black→white,choice_first_touch_side,pos,20.29411764705882,0.29411764705882804,70.29411764705881,17,10,17.0,10.0,0.056750572082379866,0.7375938599167341
pairs_occupations_pilot_vs_flight_attendant_pole_b,all→white,choice_chosen_side,neg,23.33333333333334,-6.6666666666666705,73.33333333333334,9,5,9.0,5.0,0.26573426573426573,1.0
pairs_occupations_pilot_vs_flight_attendant_pole_b,all→white,choice_chosen_side_soft,neg,16.815476190476186,-14.434523809523808,66.81547619047619,21,16,21.0,16.0,0.04753429736744531,0.7399971823048745
pairs_occupations_pilot_vs_flight_attendant_pole_b,all→white,choice_first_touch_side,neg,10.71428571428572,-10.714285714285715,60.71428571428572,16,14,16.0,14.000000000000002,0.2838528104368868,0.9158506544862492
pairs_occupations_pilot_vs_flight_attendant_pole_b,black→white,choice_chosen_side,neg,23.33333333333334,-6.6666666666666705,73.33333333333334,9,5,9.0,5.0,0.26573426573426573,1.0
pairs_occupations_pilot_vs_flight_attendant_pole_b,black→white,choice_chosen_side_soft,neg,16.815476190476186,-14.434523809523808,66.81547619047619,21,16,21.0,16.0,0.04753429736744531,0.7399971823048745
pairs_occupations_pilot_vs_flight_attendant_pole_b,black→white,choice_first_touch_side,neg,10.71428571428572,-10.714285714285715,60.71428571428572,16,14,16.0,14.000000000000002,0.2838528104368868,0.9158506544862492
pairs_occupations_professor_vs_elementary_school_teacher_pole_a,all→white,choice_chosen_side,pos,-2.500000000000002,27.500000000000004,47.5,8,5,8.0,5.0,1.0,1.0
pairs_occupations_professor_vs_elementary_school_teacher_pole_a,all→white,choice_chosen_side_soft,pos,16.666666666666664,0.0,66.66666666666666,18,12,18.0,12.0,0.13490623109497885,1.0
pairs_occupations_professor_vs_elementary_school_teacher_pole_a,all→white,choice_first_touch_side,pos,16.433566433566437,2.7972027972027966,66.43356643356644,13,11,13.0,11.0,0.21732640424590888,0.880277525438816
pairs_occupations_professor_vs_elementary_school_teacher_pole_a,black→white,choice_chosen_side,pos,-2.500000000000002,27.500000000000004,47.5,8,5,8.0,5.0,1.0,1.0
pairs_occupations_professor_vs_elementary_school_teacher_pole_a,black→white,choice_chosen_side_soft,pos,16.666666666666664,0.0,66.66666666666666,18,12,18.0,12.0,0.13490623109497885,1.0
pairs_occupations_professor_vs_elementary_school_teacher_pole_a,black→white,choice_first_touch_side,pos,16.433566433566437,2.7972027972027966,66.43356643356644,13,11,13.0,11.0,0.21732640424590888,0.880277525438816
pairs_occupations_professor_vs_elementary_school_teacher_pole_b,all→white,choice_chosen_side,neg,20.833333333333325,-4.166666666666669,70.83333333333333,6,4,6.0,4.0,0.5238095238095238,1.0
pairs_occupations_professor_vs_elementary_school_teacher_pole_b,all→white,choice_chosen_side_soft,neg,9.595959595959602,-4.040404040404039,59.5959595959596,9,11,9.0,11.0,0.653417480352465,1.0
pairs_occupations_professor_vs_elementary_school_teacher_pole_b,all→white,choice_first_touch_side,neg,13.137254901960782,-10.196078431372547,63.13725490196078,17,15,17.0,15.0,0.16574112137479655,0.880277525438816
pairs_occupations_professor_vs_elementary_school_teacher_pole_b,black→white,choice_chosen_side,neg,20.833333333333325,-4.166666666666669,70.83333333333333,6,4,6.0,4.0,0.5238095238095238,1.0
pairs_occupations_professor_vs_elementary_school_teacher_pole_b,black→white,choice_chosen_side_soft,neg,9.595959595959602,-4.040404040404039,59.5959595959596,9,11,9.0,11.0,0.653417480352465,1.0
pairs_occupations_professor_vs_elementary_school_teacher_pole_b,black→white,choice_first_touch_side,neg,13.137254901960782,-10.196078431372547,63.13725490196078,17,15,17.0,15.0,0.16574112137479655,0.880277525438816
pairs_occupations_programmer_vs_typist_pole_a,all→white,choice_chosen_side,pos,4.761904761904756,11.904761904761903,54.76190476190476,3,7,3.0,7.000000000000001,1.0,1.0
pairs_occupations_programmer_vs_typist_pole_a,all→white,choice_chosen_side_soft,pos,3.8961038961038974,17.532467532467532,53.896103896103895,7,11,7.000000000000001,11.0,1.0,1.0
pairs_occupations_programmer_vs_typist_pole_a,all→white,choice_first_touch_side,pos,-2.2727272727272707,-2.2727272727272734,47.72727272727273,11,12,11.0,12.0,1.0,1.0
pairs_occupations_programmer_vs_typist_pole_a,black→white,choice_chosen_side,pos,4.761904761904756,11.904761904761903,54.76190476190476,3,7,3.0,7.000000000000001,1.0,1.0
pairs_occupations_programmer_vs_typist_pole_a,black→white,choice_chosen_side_soft,pos,3.8961038961038974,17.532467532467532,53.896103896103895,7,11,7.000000000000001,11.0,1.0,1.0
pairs_occupations_programmer_vs_typist_pole_a,black→white,choice_first_touch_side,pos,-2.2727272727272707,-2.2727272727272734,47.72727272727273,11,12,11.0,12.0,1.0,1.0
pairs_occupations_programmer_vs_typist_pole_b,all→white,choice_chosen_side,neg,1.041666666666663,42.70833333333333,51.041666666666664,16,12,16.0,12.0,1.0,1.0
pairs_occupations_programmer_vs_typist_pole_b,all→white,choice_chosen_side_soft,neg,5.303030303030298,28.030303030303035,55.3030303030303,24,22,24.0,22.0,0.48388390135412257,1.0
pairs_occupations_programmer_vs_typist_pole_b,all→white,choice_first_touch_side,neg,-5.965909090909088,37.784090909090914,44.034090909090914,22,16,22.0,16.0,0.3741109530583214,0.9647094441173996
pairs_occupations_programmer_vs_typist_pole_b,black→white,choice_chosen_side,neg,1.041666666666663,42.70833333333333,51.041666666666664,16,12,16.0,12.0,1.0,1.0
pairs_occupations_programmer_vs_typist_pole_b,black→white,choice_chosen_side_soft,neg,5.303030303030298,28.030303030303035,55.3030303030303,24,22,24.0,22.0,0.48388390135412257,1.0
pairs_occupations_programmer_vs_typist_pole_b,black→white,choice_first_touch_side,neg,-5.965909090909088,37.784090909090914,44.034090909090914,22,16,22.0,16.0,0.3741109530583214,0.9647094441173996
pairs_occupations_restaurant_manager_vs_server_pole_a,all→white,choice_chosen_side_soft,pos,-11.363636363636365,11.363636363636365,38.63636363636363,14,11,14.000000000000002,11.0,0.4138713151164355,1.0
pairs_occupations_restaurant_manager_vs_server_pole_a,all→white,choice_first_touch_side,pos,6.2937062937062915,25.524475524475527,56.29370629370629,11,13,11.0,13.0,0.6493952271984309,1.0
pairs_occupations_restaurant_manager_vs_server_pole_a,black→white,choice_chosen_side_soft,pos,-11.363636363636365,11.363636363636365,38.63636363636363,14,11,14.000000000000002,11.0,0.4138713151164355,1.0
pairs_occupations_restaurant_manager_vs_server_pole_a,black→white,choice_first_touch_side,pos,6.2937062937062915,25.524475524475527,56.29370629370629,11,13,11.0,13.0,0.6493952271984309,1.0
pairs_occupations_science_student_vs_arts_student_pole_a,all→white,choice_chosen_side,pos,3.809523809523807,39.523809523809526,53.80952380952381,15,14,15.0,14.000000000000002,0.5977011494252874,1.0
pairs_occupations_science_student_vs_arts_student_pole_a,all→white,choice_chosen_side_soft,pos,5.263157894736836,34.21052631578947,55.263157894736835,19,19,19.0,19.0,0.6598806598806598,1.0
pairs_occupations_science_student_vs_arts_student_pole_a,all→white,choice_first_touch_side,pos,8.15217391304348,33.15217391304348,58.152173913043484,23,20,23.0,20.0,0.22205758706042317,0.880277525438816
pairs_occupations_science_student_vs_arts_student_pole_a,black→white,choice_chosen_side,pos,3.809523809523807,39.523809523809526,53.80952380952381,15,14,15.0,14.000000000000002,0.5977011494252874,1.0
pairs_occupations_science_student_vs_arts_student_pole_a,black→white,choice_chosen_side_soft,pos,5.263157894736836,34.21052631578947,55.263157894736835,19,19,19.0,19.0,0.6598806598806598,1.0
pairs_occupations_science_student_vs_arts_student_pole_a,black→white,choice_first_touch_side,pos,8.15217391304348,33.15217391304348,58.152173913043484,23,20,23.0,20.0,0.22205758706042317,0.880277525438816
pairs_occupations_science_student_vs_arts_student_pole_b,all→white,choice_chosen_side,neg,-5.555555555555558,-11.111111111111112,44.44444444444444,6,9,6.0,9.0,1.0,1.0
pairs_occupations_science_student_vs_arts_student_pole_b,all→white,choice_chosen_side_soft,neg,-2.472527472527469,-16.75824175824176,47.52747252747253,13,14,13.0,14.000000000000002,1.0,1.0
pairs_occupations_science_student_vs_arts_student_pole_b,all→white,choice_first_touch_side,neg,7.070707070707072,-20.707070707070706,57.07070707070707,11,18,11.0,18.0,0.4327451658785992,0.9915492957746478
pairs_occupations_science_student_vs_arts_student_pole_b,black→white,choice_chosen_side,neg,-5.555555555555558,-11.111111111111112,44.44444444444444,6,9,6.0,9.0,1.0,1.0
pairs_occupations_science_student_vs_arts_student_pole_b,black→white,choice_chosen_side_soft,neg,-2.472527472527469,-16.75824175824176,47.52747252747253,13,14,13.0,14.000000000000002,1.0,1.0
pairs_occupations_science_student_vs_arts_student_pole_b,black→white,choice_first_touch_side,neg,7.070707070707072,-20.707070707070706,57.07070707070707,11,18,11.0,18.0,0.4327451658785992,0.9915492957746478
pairs_occupations_sysadmin_vs_receptionist_pole_a,all→white,choice_chosen_side,pos,-2.4999999999999964,39.166666666666664,47.5,15,12,15.0,12.0,1.0,1.0
pairs_occupations_sysadmin_vs_receptionist_pole_a,all→white,choice_chosen_side_soft,pos,1.3235294117647012,33.67647058823529,51.3235294117647,20,17,20.0,17.0,1.0,1.0
pairs_occupations_sysadmin_vs_receptionist_pole_a,all→white,choice_first_touch_side,pos,0.0,33.333333333333336,50.0,30,24,30.0,24.0,1.0,1.0
pairs_occupations_sysadmin_vs_receptionist_pole_a,black→white,choice_chosen_side,pos,-2.4999999999999964,39.166666666666664,47.5,15,12,15.0,12.0,1.0,1.0
pairs_occupations_sysadmin_vs_receptionist_pole_a,black→white,choice_chosen_side_soft,pos,1.3235294117647012,33.67647058823529,51.3235294117647,20,17,20.0,17.0,1.0,1.0
pairs_occupations_sysadmin_vs_receptionist_pole_a,black→white,choice_first_touch_side,pos,0.0,33.333333333333336,50.0,30,24,30.0,24.0,1.0,1.0
pairs_occupations_sysadmin_vs_receptionist_pole_b,all→white,choice_chosen_side,neg,2.429149797570851,37.044534412955464,52.42914979757085,19,13,19.0,13.0,1.0,1.0
pairs_occupations_sysadmin_vs_receptionist_pole_b,all→white,choice_chosen_side_soft,neg,5.119825708060999,37.47276688453159,55.119825708061,27,17,27.0,17.0,0.35898262259578195,1.0
pairs_occupations_sysadmin_vs_receptionist_pole_b,all→white,choice_first_touch_side,neg,1.1904761904761862,41.66666666666667,51.19047619047619,28,21,28.000000000000004,21.0,1.0,1.0
pairs_occupations_sysadmin_vs_receptionist_pole_b,black→white,choice_chosen_side,neg,2.429149797570851,37.044534412955464,52.42914979757085,19,13,19.0,13.0,1.0,1.0
pairs_occupations_sysadmin_vs_receptionist_pole_b,black→white,choice_chosen_side_soft,neg,5.119825708060999,37.47276688453159,55.119825708061,27,17,27.0,17.0,0.35898262259578195,1.0
pairs_occupations_sysadmin_vs_receptionist_pole_b,black→white,choice_first_touch_side,neg,1.1904761904761862,41.66666666666667,51.19047619047619,28,21,28.000000000000004,21.0,1.0,1.0
pairs_occupations_taxi_driver_vs_model_pole_a,all→white,choice_chosen_side_soft,pos,13.749999999999996,-23.75,63.74999999999999,15,16,15.0,16.0,0.11338524286243976,1.0
pairs_occupations_taxi_driver_vs_model_pole_a,all→white,choice_first_touch_side,pos,25.0,-25.0,75.0,16,10,16.0,10.0,0.009495767390504232,0.26045533413954464
pairs_occupations_taxi_driver_vs_model_pole_a,black→white,choice_chosen_side_soft,pos,13.749999999999996,-23.75,63.74999999999999,15,16,15.0,16.0,0.11338524286243976,1.0
pairs_occupations_taxi_driver_vs_model_pole_a,black→white,choice_first_touch_side,pos,25.0,-25.0,75.0,16,10,16.0,10.0,0.009495767390504232,0.26045533413954464
pairs_potential_crime_athlete_vs_thug_pole_a,all→white,choice_chosen_side,pos,7.14285714285714,-7.142857142857145,57.14285714285714,8,14,8.0,14.000000000000002,0.6619195046439629,1.0
pairs_potential_crime_athlete_vs_thug_pole_a,all→white,choice_chosen_side_soft,pos,-1.0526315789473661,-8.947368421052632,48.94736842105264,15,19,15.0,19.0,1.0,1.0
pairs_potential_crime_athlete_vs_thug_pole_a,all→white,choice_first_touch_side,pos,3.57142857142857,-3.57142857142857,53.57142857142857,20,21,20.0,21.0,0.7578617967687005,1.0
pairs_potential_crime_athlete_vs_thug_pole_a,black→white,choice_chosen_side,pos,7.14285714285714,-7.142857142857145,57.14285714285714,8,14,8.0,14.000000000000002,0.6619195046439629,1.0
pairs_potential_crime_athlete_vs_thug_pole_a,black→white,choice_chosen_side_soft,pos,-1.0526315789473661,-8.947368421052632,48.94736842105264,15,19,15.0,19.0,1.0,1.0
pairs_potential_crime_athlete_vs_thug_pole_a,black→white,choice_first_touch_side,pos,3.57142857142857,-3.57142857142857,53.57142857142857,20,21,20.0,21.0,0.7578617967687005,1.0
pairs_potential_crime_athlete_vs_thug_pole_b,all→white,choice_chosen_side,neg,-27.083333333333336,-10.416666666666666,22.916666666666664,8,9,8.0,9.0,0.049773755656108594,1.0
pairs_potential_crime_athlete_vs_thug_pole_b,all→white,choice_chosen_side_soft,neg,-29.73856209150327,-9.150326797385622,20.26143790849673,18,17,18.0,17.0,0.0004909568676072521,0.09377276171298514
pairs_potential_crime_athlete_vs_thug_pole_b,all→white,choice_first_touch_side,neg,-15.865384615384615,-3.3653846153846145,34.13461538461539,13,16,13.0,16.0,0.13941976380230936,0.880277525438816
pairs_potential_crime_athlete_vs_thug_pole_b,black→white,choice_chosen_side,neg,-27.083333333333336,-10.416666666666666,22.916666666666664,8,9,8.0,9.0,0.049773755656108594,1.0
pairs_potential_crime_athlete_vs_thug_pole_b,black→white,choice_chosen_side_soft,neg,-29.73856209150327,-9.150326797385622,20.26143790849673,18,17,18.0,17.0,0.0004909568676072521,0.09377276171298514
pairs_potential_crime_athlete_vs_thug_pole_b,black→white,choice_first_touch_side,neg,-15.865384615384615,-3.3653846153846145,34.13461538461539,13,16,13.0,16.0,0.13941976380230936,0.880277525438816
pairs_potential_crime_entrepreneur_vs_bank_robber_pole_a,all→white,choice_chosen_side,pos,9.999999999999998,40.0,60.0,12,15,12.0,15.0,0.23076923076923075,1.0
pairs_potential_crime_entrepreneur_vs_bank_robber_pole_a,all→white,choice_chosen_side_soft,pos,4.444444444444439,34.44444444444444,54.44444444444444,18,20,18.0,20.0,0.6630396630396631,1.0
pairs_potential_crime_entrepreneur_vs_bank_robber_pole_a,all→white,choice_first_touch_side,pos,4.907407407407405,40.09259259259259,54.907407407407405,20,27,20.0,27.0,0.37683962660835923,0.9647094441173996
pairs_potential_crime_entrepreneur_vs_bank_robber_pole_a,black→white,choice_chosen_side,pos,9.999999999999998,40.0,60.0,12,15,12.0,15.0,0.23076923076923075,1.0
pairs_potential_crime_entrepreneur_vs_bank_robber_pole_a,black→white,choice_chosen_side_soft,pos,4.444444444444439,34.44444444444444,54.44444444444444,18,20,18.0,20.0,0.6630396630396631,1.0
pairs_potential_crime_entrepreneur_vs_bank_robber_pole_a,black→white,choice_first_touch_side,pos,4.907407407407405,40.09259259259259,54.907407407407405,20,27,20.0,27.0,0.37683962660835923,0.9647094441173996
pairs_potential_crime_entrepreneur_vs_bank_robber_pole_b,all→white,choice_chosen_side,neg,37.5,12.5,87.5,10,4,10.0,4.0,0.010989010989010986,0.9560439560439559
pairs_potential_crime_entrepreneur_vs_bank_robber_pole_b,all→white,choice_chosen_side_soft,neg,11.515151515151523,25.151515151515152,61.51515151515152,15,11,15.0,11.0,0.34782608695652173,1.0
pairs_potential_crime_entrepreneur_vs_bank_robber_pole_b,all→white,choice_first_touch_side,neg,8.361204013377932,19.899665551839465,58.36120401337793,23,13,23.0,13.0,0.4402070616900821,0.9915492957746478
pairs_potential_crime_entrepreneur_vs_bank_robber_pole_b,black→white,choice_chosen_side,neg,37.5,12.5,87.5,10,4,10.0,4.0,0.010989010989010986,0.9560439560439559
pairs_potential_crime_entrepreneur_vs_bank_robber_pole_b,black→white,choice_chosen_side_soft,neg,11.515151515151523,25.151515151515152,61.51515151515152,15,11,15.0,11.0,0.34782608695652173,1.0
pairs_potential_crime_entrepreneur_vs_bank_robber_pole_b,black→white,choice_first_touch_side,neg,8.361204013377932,19.899665551839465,58.36120401337793,23,13,23.0,13.0,0.4402070616900821,0.9915492957746478
pairs_potential_crime_homeowner_vs_burglar_pole_a,all→white,choice_chosen_side,pos,18.954248366013072,13.398692810457513,68.95424836601308,17,9,17.0,9.0,0.07811364836536461,1.0
pairs_potential_crime_homeowner_vs_burglar_pole_a,all→white,choice_chosen_side_soft,pos,11.684210526315786,14.315789473684212,61.68421052631579,25,19,25.0,19.0,0.12337317939480671,1.0
pairs_potential_crime_homeowner_vs_burglar_pole_a,all→white,choice_first_touch_side,pos,10.000000000000009,20.0,60.00000000000001,25,15,25.0,15.0,0.2732492523233311,0.9158506544862492
pairs_potential_crime_homeowner_vs_burglar_pole_a,black→white,choice_chosen_side,pos,18.954248366013072,13.398692810457513,68.95424836601308,17,9,17.0,9.0,0.07811364836536461,1.0
pairs_potential_crime_homeowner_vs_burglar_pole_a,black→white,choice_chosen_side_soft,pos,11.684210526315786,14.315789473684212,61.68421052631579,25,19,25.0,19.0,0.12337317939480671,1.0
pairs_potential_crime_homeowner_vs_burglar_pole_a,black→white,choice_first_touch_side,pos,10.000000000000009,20.0,60.00000000000001,25,15,25.0,15.0,0.2732492523233311,0.9158506544862492
pairs_potential_crime_homeowner_vs_burglar_pole_b,all→white,choice_chosen_side_soft,neg,3.3333333333333326,-13.33333333333333,53.333333333333336,10,9,10.0,9.0,1.0,1.0
pairs_potential_crime_homeowner_vs_burglar_pole_b,all→white,choice_first_touch_side,neg,6.818181818181812,6.8181818181818175,56.81818181818181,11,10,11.0,10.0,0.6699214098594903,1.0
pairs_potential_crime_homeowner_vs_burglar_pole_b,black→white,choice_chosen_side_soft,neg,3.3333333333333326,-13.33333333333333,53.333333333333336,10,9,10.0,9.0,1.0,1.0
pairs_potential_crime_homeowner_vs_burglar_pole_b,black→white,choice_first_touch_side,neg,6.818181818181812,6.8181818181818175,56.81818181818181,11,10,11.0,10.0,0.6699214098594903,1.0
pairs_potential_crime_innocent_vs_guilty_pole_a,all→white,choice_chosen_side,pos,-7.142857142857145,42.857142857142854,42.857142857142854,14,4,14.000000000000002,4.0,1.0,1.0
pairs_potential_crime_innocent_vs_guilty_pole_a,all→white,choice_chosen_side_soft,pos,6.181818181818177,19.818181818181817,56.18181818181818,25,11,25.0,11.0,0.45393665437995745,1.0
pairs_potential_crime_innocent_vs_guilty_pole_a,all→white,choice_first_touch_side,pos,10.416666666666663,27.083333333333336,60.416666666666664,24,12,24.0,12.0,0.1904174573055028,0.880277525438816
pairs_potential_crime_innocent_vs_guilty_pole_a,black→white,choice_chosen_side,pos,-7.142857142857145,42.857142857142854,42.857142857142854,14,4,14.000000000000002,4.0,1.0,1.0
pairs_potential_crime_innocent_vs_guilty_pole_a,black→white,choice_chosen_side_soft,pos,6.181818181818177,19.818181818181817,56.18181818181818,25,11,25.0,11.0,0.45393665437995745,1.0
pairs_potential_crime_innocent_vs_guilty_pole_a,black→white,choice_first_touch_side,pos,10.416666666666663,27.083333333333336,60.416666666666664,24,12,24.0,12.0,0.1904174573055028,0.880277525438816
pairs_potential_crime_innocent_vs_guilty_pole_b,all→white,choice_chosen_side,neg,19.444444444444443,19.444444444444443,69.44444444444444,18,8,18.0,8.0,0.05101854667072059,1.0
pairs_potential_crime_innocent_vs_guilty_pole_b,all→white,choice_chosen_side_soft,neg,19.82758620689655,19.82758620689655,69.82758620689656,29,14,28.999999999999996,14.000000000000002,0.007207298966525868,0.39085405329179723
pairs_potential_crime_innocent_vs_guilty_pole_b,all→white,choice_first_touch_side,neg,23.015873015873012,15.873015873015872,73.01587301587301,27,14,27.0,14.000000000000002,0.0030112304235212746,0.21451327122362568
pairs_potential_crime_innocent_vs_guilty_pole_b,black→white,choice_chosen_side,neg,19.444444444444443,19.444444444444443,69.44444444444444,18,8,18.0,8.0,0.05101854667072059,1.0
pairs_potential_crime_innocent_vs_guilty_pole_b,black→white,choice_chosen_side_soft,neg,19.82758620689655,19.82758620689655,69.82758620689656,29,14,28.999999999999996,14.000000000000002,0.007207298966525868,0.39085405329179723
pairs_potential_crime_innocent_vs_guilty_pole_b,black→white,choice_first_touch_side,neg,23.015873015873012,15.873015873015872,73.01587301587301,27,14,27.0,14.000000000000002,0.0030112304235212746,0.21451327122362568
pairs_potential_crime_jogger_vs_criminal_pole_b,all→white,choice_chosen_side,neg,-0.7142857142857173,20.71428571428571,49.285714285714285,10,14,10.0,14.000000000000002,1.0,1.0
pairs_potential_crime_jogger_vs_criminal_pole_b,all→white,choice_chosen_side_soft,neg,2.9891304347826053,9.510869565217392,52.9891304347826,16,23,16.0,23.0,0.7520991514317432,1.0
pairs_potential_crime_jogger_vs_criminal_pole_b,all→white,choice_first_touch_side,neg,0.164473684210531,18.585526315789476,50.164473684210535,16,19,16.0,19.0,1.0,1.0
pairs_potential_crime_jogger_vs_criminal_pole_b,black→white,choice_chosen_side,neg,-0.7142857142857173,20.71428571428571,49.285714285714285,10,14,10.0,14.000000000000002,1.0,1.0
pairs_potential_crime_jogger_vs_criminal_pole_b,black→white,choice_chosen_side_soft,neg,2.9891304347826053,9.510869565217392,52.9891304347826,16,23,16.0,23.0,0.7520991514317432,1.0
pairs_potential_crime_jogger_vs_criminal_pole_b,black→white,choice_first_touch_side,neg,0.164473684210531,18.585526315789476,50.164473684210535,16,19,16.0,19.0,1.0,1.0
pairs_potential_crime_peaceful_vs_violent_pole_a,all→white,choice_chosen_side,pos,2.3809523809523836,19.04761904761905,52.38095238095239,7,3,7.000000000000001,3.0,1.0,1.0
pairs_potential_crime_peaceful_vs_violent_pole_a,all→white,choice_chosen_side_soft,pos,5.151515151515151,8.484848484848484,55.15151515151515,11,15,11.0,15.0,0.7007167855700631,1.0
pairs_potential_crime_peaceful_vs_violent_pole_a,all→white,choice_first_touch_side,pos,-4.761904761904767,11.904761904761903,45.238095238095234,14,12,14.000000000000002,12.0,0.7014941445685825,1.0
pairs_potential_crime_peaceful_vs_violent_pole_a,black→white,choice_chosen_side,pos,2.3809523809523836,19.04761904761905,52.38095238095239,7,3,7.000000000000001,3.0,1.0,1.0
pairs_potential_crime_peaceful_vs_violent_pole_a,black→white,choice_chosen_side_soft,pos,5.151515151515151,8.484848484848484,55.15151515151515,11,15,11.0,15.0,0.7007167855700631,1.0
pairs_potential_crime_peaceful_vs_violent_pole_a,black→white,choice_first_touch_side,pos,-4.761904761904767,11.904761904761903,45.238095238095234,14,12,14.000000000000002,12.0,0.7014941445685825,1.0
pairs_potential_crime_peaceful_vs_violent_pole_b,all→white,choice_chosen_side,neg,6.944444444444442,-1.3888888888888895,56.94444444444444,9,12,9.0,12.0,0.6699214098594903,1.0
pairs_potential_crime_peaceful_vs_violent_pole_b,all→white,choice_chosen_side_soft,neg,7.608695652173914,-7.608695652173914,57.608695652173914,16,23,16.0,23.0,0.5091563198348517,1.0
pairs_potential_crime_peaceful_vs_violent_pole_b,all→white,choice_first_touch_side,neg,2.941176470588236,0.0,52.94117647058824,17,17,17.0,17.0,1.0,1.0
pairs_potential_crime_peaceful_vs_violent_pole_b,black→white,choice_chosen_side,neg,6.944444444444442,-1.3888888888888895,56.94444444444444,9,12,9.0,12.0,0.6699214098594903,1.0
pairs_potential_crime_peaceful_vs_violent_pole_b,black→white,choice_chosen_side_soft,neg,7.608695652173914,-7.608695652173914,57.608695652173914,16,23,16.0,23.0,0.5091563198348517,1.0
pairs_potential_crime_peaceful_vs_violent_pole_b,black→white,choice_first_touch_side,neg,2.941176470588236,0.0,52.94117647058824,17,17,17.0,17.0,1.0,1.0
pairs_potential_crime_plumber_vs_prisoner_pole_a,all→white,choice_chosen_side_soft,pos,14.583333333333325,2.0833333333333313,64.58333333333333,9,8,9.0,8.0,0.3469354175236528,1.0
pairs_potential_crime_plumber_vs_prisoner_pole_a,all→white,choice_first_touch_side,pos,16.666666666666664,33.333333333333336,66.66666666666666,8,9,8.0,9.0,0.20588235294117646,0.880277525438816
pairs_potential_crime_plumber_vs_prisoner_pole_a,black→white,choice_chosen_side_soft,pos,14.583333333333325,2.0833333333333313,64.58333333333333,9,8,9.0,8.0,0.3469354175236528,1.0
pairs_potential_crime_plumber_vs_prisoner_pole_a,black→white,choice_first_touch_side,pos,16.666666666666664,33.333333333333336,66.66666666666666,8,9,8.0,9.0,0.20588235294117646,0.880277525438816
pairs_potential_crime_plumber_vs_prisoner_pole_b,all→white,choice_chosen_side,neg,6.111111111111112,33.88888888888889,56.111111111111114,10,9,10.0,9.0,0.5820433436532507,1.0
pairs_potential_crime_plumber_vs_prisoner_pole_b,all→white,choice_chosen_side_soft,neg,1.680672268907557,34.033613445378144,51.68067226890756,14,17,14.000000000000002,17.0,1.0,1.0
pairs_potential_crime_plumber_vs_prisoner_pole_b,all→white,choice_first_touch_side,neg,-1.1111111111111072,28.888888888888886,48.88888888888889,18,15,18.0,15.0,1.0,1.0
pairs_potential_crime_plumber_vs_prisoner_pole_b,black→white,choice_chosen_side,neg,6.111111111111112,33.88888888888889,56.111111111111114,10,9,10.0,9.0,0.5820433436532507,1.0
pairs_potential_crime_plumber_vs_prisoner_pole_b,black→white,choice_chosen_side_soft,neg,1.680672268907557,34.033613445378144,51.68067226890756,14,17,14.000000000000002,17.0,1.0,1.0
pairs_potential_crime_plumber_vs_prisoner_pole_b,black→white,choice_first_touch_side,neg,-1.1111111111111072,28.888888888888886,48.88888888888889,18,15,18.0,15.0,1.0,1.0
pairs_potential_crime_skier_vs_mugger_pole_b,all→white,choice_chosen_side,neg,11.428571428571432,18.571428571428577,61.42857142857143,5,7,5.0,7.000000000000001,0.5757575757575758,1.0
pairs_potential_crime_skier_vs_mugger_pole_b,all→white,choice_chosen_side_soft,neg,10.256410256410254,6.41025641025641,60.256410256410255,15,13,15.0,13.0,0.44544866001320443,1.0
pairs_potential_crime_skier_vs_mugger_pole_b,all→white,choice_first_touch_side,neg,11.794871794871797,15.12820512820513,61.794871794871796,13,15,13.0,15.0,0.25430968726163233,0.9146025962815527
pairs_potential_crime_skier_vs_mugger_pole_b,black→white,choice_chosen_side,neg,11.428571428571432,18.571428571428577,61.42857142857143,5,7,5.0,7.000000000000001,0.5757575757575758,1.0
pairs_potential_crime_skier_vs_mugger_pole_b,black→white,choice_chosen_side_soft,neg,10.256410256410254,6.41025641025641,60.256410256410255,15,13,15.0,13.0,0.44544866001320443,1.0
pairs_potential_crime_skier_vs_mugger_pole_b,black→white,choice_first_touch_side,neg,11.794871794871797,15.12820512820513,61.794871794871796,13,15,13.0,15.0,0.25430968726163233,0.9146025962815527
pairs_potential_crime_smoking_tobacco_vs_cannabis_pole_a,all→white,choice_chosen_side,pos,-7.371794871794868,34.294871794871796,42.62820512820513,13,12,13.0,12.0,0.5930434782608696,1.0
pairs_potential_crime_smoking_tobacco_vs_cannabis_pole_a,all→white,choice_chosen_side_soft,pos,9.565217391304348,20.434782608695652,59.56521739130435,20,23,20.0,23.0,0.20254775884384504,1.0
pairs_potential_crime_smoking_tobacco_vs_cannabis_pole_a,all→white,choice_first_touch_side,pos,-8.333333333333337,25.0,41.666666666666664,24,18,24.0,18.0,0.2988440626438058,0.9315318842584381
pairs_potential_crime_smoking_tobacco_vs_cannabis_pole_a,black→white,choice_chosen_side,pos,-7.371794871794868,34.294871794871796,42.62820512820513,13,12,13.0,12.0,0.5930434782608696,1.0
pairs_potential_crime_smoking_tobacco_vs_cannabis_pole_a,black→white,choice_chosen_side_soft,pos,9.565217391304348,20.434782608695652,59.56521739130435,20,23,20.0,23.0,0.20254775884384504,1.0
pairs_potential_crime_smoking_tobacco_vs_cannabis_pole_a,black→white,choice_first_touch_side,pos,-8.333333333333337,25.0,41.666666666666664,24,18,24.0,18.0,0.2988440626438058,0.9315318842584381
pairs_potential_crime_smoking_tobacco_vs_cannabis_pole_b,all→white,choice_chosen_side,neg,7.222222222222219,29.444444444444446,57.22222222222222,15,18,15.0,18.0,0.4133633329962585,1.0
pairs_potential_crime_smoking_tobacco_vs_cannabis_pole_b,all→white,choice_chosen_side_soft,neg,7.08333333333333,22.083333333333332,57.08333333333333,24,20,24.0,20.0,0.32926332302395817,1.0
pairs_potential_crime_smoking_tobacco_vs_cannabis_pole_b,all→white,choice_first_touch_side,neg,4.647676161919046,23.613193403298354,54.647676161919044,23,29,23.0,28.999999999999996,0.5387615449747318,1.0
pairs_potential_crime_smoking_tobacco_vs_cannabis_pole_b,black→white,choice_chosen_side,neg,7.222222222222219,29.444444444444446,57.22222222222222,15,18,15.0,18.0,0.4133633329962585,1.0
pairs_potential_crime_smoking_tobacco_vs_cannabis_pole_b,black→white,choice_chosen_side_soft,neg,7.08333333333333,22.083333333333332,57.08333333333333,24,20,24.0,20.0,0.32926332302395817,1.0
pairs_potential_crime_smoking_tobacco_vs_cannabis_pole_b,black→white,choice_first_touch_side,neg,4.647676161919046,23.613193403298354,54.647676161919044,23,29,23.0,28.999999999999996,0.5387615449747318,1.0
pairs_status_boss_vs_employee_pole_a,all→white,choice_chosen_side,pos,-2.631578947368424,47.368421052631575,47.368421052631575,19,13,19.0,13.0,1.0,1.0
pairs_status_boss_vs_employee_pole_a,all→white,choice_chosen_side_soft,pos,-4.166666666666669,45.83333333333333,45.83333333333333,24,20,24.0,20.0,0.49260042283298094,1.0
pairs_status_boss_vs_employee_pole_a,all→white,choice_first_touch_side,pos,-2.4147727272727293,43.03977272727273,47.58522727272727,32,22,32.0,22.0,0.6377054934213646,1.0
pairs_status_boss_vs_employee_pole_a,black→white,choice_chosen_side,pos,-2.631578947368424,47.368421052631575,47.368421052631575,19,13,19.0,13.0,1.0,1.0
pairs_status_boss_vs_employee_pole_a,black→white,choice_chosen_side_soft,pos,-4.166666666666669,45.83333333333333,45.83333333333333,24,20,24.0,20.0,0.49260042283298094,1.0
pairs_status_boss_vs_employee_pole_a,black→white,choice_first_touch_side,pos,-2.4147727272727293,43.03977272727273,47.58522727272727,32,22,32.0,22.0,0.6377054934213646,1.0
pairs_status_boss_vs_employee_pole_b,all→white,choice_chosen_side,neg,0.0,50.0,50.0,13,8,13.0,8.0,1.0,1.0
pairs_status_boss_vs_employee_pole_b,all→white,choice_chosen_side_soft,neg,1.0101010101010055,39.8989898989899,51.010101010101,22,18,22.0,18.0,1.0,1.0
pairs_status_boss_vs_employee_pole_b,all→white,choice_first_touch_side,neg,7.8947368421052655,42.10526315789473,57.89473684210527,18,19,18.0,19.0,0.22972972972972971,0.880277525438816
pairs_status_boss_vs_employee_pole_b,black→white,choice_chosen_side,neg,0.0,50.0,50.0,13,8,13.0,8.0,1.0,1.0
pairs_status_boss_vs_employee_pole_b,black→white,choice_chosen_side_soft,neg,1.0101010101010055,39.8989898989899,51.010101010101,22,18,22.0,18.0,1.0,1.0
pairs_status_boss_vs_employee_pole_b,black→white,choice_first_touch_side,neg,7.8947368421052655,42.10526315789473,57.89473684210527,18,19,18.0,19.0,0.22972972972972971,0.880277525438816
pairs_status_high_school_drop_out_vs_college_graduate_pole_a,all→white,choice_chosen_side,pos,-1.3888888888888895,40.27777777777777,48.61111111111111,9,12,9.0,12.0,1.0,1.0
pairs_status_high_school_drop_out_vs_college_graduate_pole_a,all→white,choice_chosen_side_soft,pos,2.500000000000002,27.500000000000004,52.5,15,20,15.0,20.0,1.0,1.0
pairs_status_high_school_drop_out_vs_college_graduate_pole_a,all→white,choice_first_touch_side,pos,3.409090909090917,28.40909090909091,53.40909090909092,22,24,22.0,24.0,0.7254160657450502,1.0
pairs_status_high_school_drop_out_vs_college_graduate_pole_a,black→white,choice_chosen_side,pos,-1.3888888888888895,40.27777777777777,48.61111111111111,9,12,9.0,12.0,1.0,1.0
pairs_status_high_school_drop_out_vs_college_graduate_pole_a,black→white,choice_chosen_side_soft,pos,2.500000000000002,27.500000000000004,52.5,15,20,15.0,20.0,1.0,1.0
pairs_status_high_school_drop_out_vs_college_graduate_pole_a,black→white,choice_first_touch_side,pos,3.409090909090917,28.40909090909091,53.40909090909092,22,24,22.0,24.0,0.7254160657450502,1.0
pairs_status_high_school_drop_out_vs_college_graduate_pole_b,all→white,choice_chosen_side,neg,-4.347826086956524,45.65217391304348,45.65217391304348,23,9,23.0,9.0,1.0,1.0
pairs_status_high_school_drop_out_vs_college_graduate_pole_b,all→white,choice_chosen_side_soft,neg,-4.838709677419356,45.16129032258064,45.16129032258064,31,14,31.0,14.000000000000002,0.5412262156448203,1.0
pairs_status_high_school_drop_out_vs_college_graduate_pole_b,all→white,choice_first_touch_side,neg,2.777777777777779,44.44444444444444,52.77777777777778,36,24,36.0,24.0,0.5581531268264173,1.0
pairs_status_high_school_drop_out_vs_college_graduate_pole_b,black→white,choice_chosen_side,neg,-4.347826086956524,45.65217391304348,45.65217391304348,23,9,23.0,9.0,1.0,1.0
pairs_status_high_school_drop_out_vs_college_graduate_pole_b,black→white,choice_chosen_side_soft,neg,-4.838709677419356,45.16129032258064,45.16129032258064,31,14,31.0,14.000000000000002,0.5412262156448203,1.0
pairs_status_high_school_drop_out_vs_college_graduate_pole_b,black→white,choice_first_touch_side,neg,2.777777777777779,44.44444444444444,52.77777777777778,36,24,36.0,24.0,0.5581531268264173,1.0
pairs_status_high_status_vs_low_status_pole_a,all→white,choice_chosen_side,pos,3.8699690402476783,30.34055727554179,53.86996904024768,19,17,19.0,17.0,0.6842619745845551,1.0
pairs_status_high_status_vs_low_status_pole_a,all→white,choice_chosen_side_soft,pos,2.384615384615385,28.384615384615387,52.38461538461539,26,25,26.0,25.0,0.7431630718204902,1.0
pairs_status_high_status_vs_low_status_pole_a,all→white,choice_first_touch_side,pos,-0.8241758241758212,27.747252747252748,49.175824175824175,26,28,26.0,28.000000000000004,1.0,1.0
pairs_status_high_status_vs_low_status_pole_a,black→white,choice_chosen_side,pos,3.8699690402476783,30.34055727554179,53.86996904024768,19,17,19.0,17.0,0.6842619745845551,1.0
pairs_status_high_status_vs_low_status_pole_a,black→white,choice_chosen_side_soft,pos,2.384615384615385,28.384615384615387,52.38461538461539,26,25,26.0,25.0,0.7431630718204902,1.0
pairs_status_high_status_vs_low_status_pole_a,black→white,choice_first_touch_side,pos,-0.8241758241758212,27.747252747252748,49.175824175824175,26,28,26.0,28.000000000000004,1.0,1.0
pairs_status_high_status_vs_low_status_pole_b,all→white,choice_chosen_side,neg,10.71428571428572,10.714285714285715,60.71428571428572,7,10,7.000000000000001,10.0,0.622069107363225,1.0
pairs_status_high_status_vs_low_status_pole_b,all→white,choice_chosen_side_soft,neg,0.0,-5.555555555555558,50.0,18,18,18.0,18.0,1.0,1.0
pairs_status_high_status_vs_low_status_pole_b,all→white,choice_first_touch_side,neg,-7.272727272727275,2.7272727272727253,42.72727272727273,11,15,11.0,15.0,0.6921658365863508,1.0
pairs_status_high_status_vs_low_status_pole_b,black→white,choice_chosen_side,neg,10.71428571428572,10.714285714285715,60.71428571428572,7,10,7.000000000000001,10.0,0.622069107363225,1.0
pairs_status_high_status_vs_low_status_pole_b,black→white,choice_chosen_side_soft,neg,0.0,-5.555555555555558,50.0,18,18,18.0,18.0,1.0,1.0
pairs_status_high_status_vs_low_status_pole_b,black→white,choice_first_touch_side,neg,-7.272727272727275,2.7272727272727253,42.72727272727273,11,15,11.0,15.0,0.6921658365863508,1.0
pairs_status_live_in_the_inner_city_vs_suburbs_pole_a,all→white,choice_chosen_side,pos,-4.545454545454547,45.45454545454545,45.45454545454545,11,13,11.0,13.0,0.4583333333333333,1.0
pairs_status_live_in_the_inner_city_vs_suburbs_pole_a,all→white,choice_chosen_side_soft,pos,-2.1428571428571463,37.857142857142854,47.857142857142854,21,20,21.0,20.0,1.0,1.0
pairs_status_live_in_the_inner_city_vs_suburbs_pole_a,all→white,choice_first_touch_side,pos,3.010752688172047,33.655913978494624,53.01075268817205,30,31,30.0,31.0,0.7314914971791966,1.0
pairs_status_live_in_the_inner_city_vs_suburbs_pole_a,black→white,choice_chosen_side,pos,-4.545454545454547,45.45454545454545,45.45454545454545,11,13,11.0,13.0,0.4583333333333333,1.0
pairs_status_live_in_the_inner_city_vs_suburbs_pole_a,black→white,choice_chosen_side_soft,pos,-2.1428571428571463,37.857142857142854,47.857142857142854,21,20,21.0,20.0,1.0,1.0
pairs_status_live_in_the_inner_city_vs_suburbs_pole_a,black→white,choice_first_touch_side,pos,3.010752688172047,33.655913978494624,53.01075268817205,30,31,30.0,31.0,0.7314914971791966,1.0
pairs_status_live_in_the_inner_city_vs_suburbs_pole_b,all→white,choice_chosen_side,neg,5.000000000000004,45.0,55.00000000000001,10,10,10.0,10.0,1.0,1.0
pairs_status_live_in_the_inner_city_vs_suburbs_pole_b,all→white,choice_chosen_side_soft,neg,5.622009569377995,39.83253588516747,55.622009569377994,22,19,22.0,19.0,0.32101313320825514,1.0
pairs_status_live_in_the_inner_city_vs_suburbs_pole_b,all→white,choice_first_touch_side,neg,7.157894736842108,30.842105263157894,57.15789473684211,25,19,25.0,19.0,0.2619955353931531,0.9146025962815527
pairs_status_live_in_the_inner_city_vs_suburbs_pole_b,black→white,choice_chosen_side,neg,5.000000000000004,45.0,55.00000000000001,10,10,10.0,10.0,1.0,1.0
pairs_status_live_in_the_inner_city_vs_suburbs_pole_b,black→white,choice_chosen_side_soft,neg,5.622009569377995,39.83253588516747,55.622009569377994,22,19,22.0,19.0,0.32101313320825514,1.0
pairs_status_live_in_the_inner_city_vs_suburbs_pole_b,black→white,choice_first_touch_side,neg,7.157894736842108,30.842105263157894,57.15789473684211,25,19,25.0,19.0,0.2619955353931531,0.9146025962815527
pairs_status_wealthy_person_vs_poor_person_pole_a,all→white,choice_chosen_side,pos,-9.477124183006536,18.300653594771244,40.52287581699346,17,9,17.0,9.0,0.4177491158726857,1.0
pairs_status_wealthy_person_vs_poor_person_pole_a,all→white,choice_chosen_side_soft,pos,-3.0000000000000027,-3.0,47.0,25,22,25.0,22.0,0.7733061624721242,1.0
pairs_status_wealthy_person_vs_poor_person_pole_a,all→white,choice_first_touch_side,pos,-2.756892230576441,5.137844611528824,47.24310776942356,21,19,21.0,19.0,0.7605168209269384,1.0
pairs_status_wealthy_person_vs_poor_person_pole_a,black→white,choice_chosen_side,pos,-9.477124183006536,18.300653594771244,40.52287581699346,17,9,17.0,9.0,0.4177491158726857,1.0
pairs_status_wealthy_person_vs_poor_person_pole_a,black→white,choice_chosen_side_soft,pos,-3.0000000000000027,-3.0,47.0,25,22,25.0,22.0,0.7733061624721242,1.0
pairs_status_wealthy_person_vs_poor_person_pole_a,black→white,choice_first_touch_side,pos,-2.756892230576441,5.137844611528824,47.24310776942356,21,19,21.0,19.0,0.7605168209269384,1.0
pairs_status_wealthy_person_vs_poor_person_pole_b,all→white,choice_chosen_side,neg,-4.166666666666669,29.166666666666668,45.83333333333333,4,6,4.0,6.0,1.0,1.0
pairs_status_wealthy_person_vs_poor_person_pole_b,all→white,choice_chosen_side_soft,neg,-17.85714285714286,10.714285714285714,32.14285714285714,7,14,7.000000000000001,14.000000000000002,0.15636394908840728,1.0
pairs_status_wealthy_person_vs_poor_person_pole_b,all→white,choice_first_touch_side,neg,-22.916666666666668,10.416666666666668,27.083333333333332,8,18,8.0,18.0,0.06009377350338448,0.7375938599167341
pairs_status_wealthy_person_vs_poor_person_pole_b,black→white,choice_chosen_side,neg,-4.166666666666669,29.166666666666668,45.83333333333333,4,6,4.0,6.0,1.0,1.0
pairs_status_wealthy_person_vs_poor_person_pole_b,black→white,choice_chosen_side_soft,neg,-17.85714285714286,10.714285714285714,32.14285714285714,7,14,7.000000000000001,14.000000000000002,0.15636394908840728,1.0
pairs_status_wealthy_person_vs_poor_person_pole_b,black→white,choice_first_touch_side,neg,-22.916666666666668,10.416666666666668,27.083333333333332,8,18,8.0,18.0,0.06009377350338448,0.7375938599167341
visbias_form_age_child_0_17,all→white,choice_chosen_side,,21.666666666666668,11.66666666666667,71.66666666666667,6,5,6.0,5.0,0.24242424242424238,1.0
visbias_form_age_child_0_17,all→white,choice_chosen_side_soft,,4.166666666666674,4.166666666666669,54.16666666666667,12,10,12.0,10.0,1.0,1.0
visbias_form_age_child_0_17,all→white,choice_first_touch_side,,4.1666666666666625,20.833333333333336,54.166666666666664,12,15,12.0,15.0,0.6956521739130436,1.0
visbias_form_age_child_0_17,black→white,choice_chosen_side,,21.666666666666668,11.66666666666667,71.66666666666667,6,5,6.0,5.0,0.24242424242424238,1.0
visbias_form_age_child_0_17,black→white,choice_chosen_side_soft,,4.166666666666674,4.166666666666669,54.16666666666667,12,10,12.0,10.0,1.0,1.0
visbias_form_age_child_0_17,black→white,choice_first_touch_side,,4.1666666666666625,20.833333333333336,54.166666666666664,12,15,12.0,15.0,0.6956521739130436,1.0
visbias_form_age_middle_adults_30_49,all→white,choice_chosen_side,,4.01785714285714,39.73214285714286,54.01785714285714,16,7,16.0,7.000000000000001,0.525691699604743,1.0
visbias_form_age_middle_adults_30_49,all→white,choice_chosen_side_soft,,1.3975155279503104,44.25465838509317,51.39751552795031,23,14,23.0,14.000000000000002,1.0,1.0
visbias_form_age_middle_adults_30_49,all→white,choice_first_touch_side,,4.545454545454541,45.45454545454545,54.54545454545454,26,22,26.0,22.0,0.20478723404255317,0.880277525438816
visbias_form_age_middle_adults_30_49,black→white,choice_chosen_side,,4.01785714285714,39.73214285714286,54.01785714285714,16,7,16.0,7.000000000000001,0.525691699604743,1.0
visbias_form_age_middle_adults_30_49,black→white,choice_chosen_side_soft,,1.3975155279503104,44.25465838509317,51.39751552795031,23,14,23.0,14.000000000000002,1.0,1.0
visbias_form_age_middle_adults_30_49,black→white,choice_first_touch_side,,4.545454545454541,45.45454545454545,54.54545454545454,26,22,26.0,22.0,0.20478723404255317,0.880277525438816
visbias_form_age_older_adults_50_69,all→white,choice_chosen_side,,21.153846153846157,21.153846153846157,71.15384615384616,13,8,13.0,8.0,0.047471620227038186,1.0
visbias_form_age_older_adults_50_69,all→white,choice_chosen_side_soft,,10.119047619047617,35.11904761904761,60.11904761904761,21,16,21.0,16.0,0.14438502673796788,1.0
visbias_form_age_older_adults_50_69,all→white,choice_first_touch_side,,9.448160535117056,29.013377926421402,59.448160535117054,26,23,26.0,23.0,0.15716854560218751,0.880277525438816
visbias_form_age_older_adults_50_69,black→white,choice_chosen_side,,21.153846153846157,21.153846153846157,71.15384615384616,13,8,13.0,8.0,0.047471620227038186,1.0
visbias_form_age_older_adults_50_69,black→white,choice_chosen_side_soft,,10.119047619047617,35.11904761904761,60.11904761904761,21,16,21.0,16.0,0.14438502673796788,1.0
visbias_form_age_older_adults_50_69,black→white,choice_first_touch_side,,9.448160535117056,29.013377926421402,59.448160535117054,26,23,26.0,23.0,0.15716854560218751,0.880277525438816
visbias_form_age_seniors_70,all→white,choice_chosen_side,,13.636363636363635,36.36363636363637,63.63636363636363,10,11,10.0,11.0,0.2142857142857143,1.0
visbias_form_age_seniors_70,all→white,choice_chosen_side_soft,,6.022408963585435,32.212885154061624,56.022408963585434,17,21,17.0,21.0,0.42669942669942673,1.0
visbias_form_age_seniors_70,all→white,choice_first_touch_side,,7.314814814814818,27.685185185185183,57.31481481481482,20,27,20.0,27.0,0.3098210386198704,0.9315318842584381
visbias_form_age_seniors_70,black→white,choice_chosen_side,,13.636363636363635,36.36363636363637,63.63636363636363,10,11,10.0,11.0,0.2142857142857143,1.0
visbias_form_age_seniors_70,black→white,choice_chosen_side_soft,,6.022408963585435,32.212885154061624,56.022408963585434,17,21,17.0,21.0,0.42669942669942673,1.0
visbias_form_age_seniors_70,black→white,choice_first_touch_side,,7.314814814814818,27.685185185185183,57.31481481481482,20,27,20.0,27.0,0.3098210386198704,0.9315318842584381
visbias_form_age_young_adults_18_29,all→white,choice_chosen_side,,5.555555555555558,44.44444444444444,55.55555555555556,11,9,11.0,9.0,0.45,1.0
visbias_form_age_young_adults_18_29,all→white,choice_chosen_side_soft,,-4.970760233918126,33.91812865497076,45.02923976608187,19,18,19.0,18.0,0.6598806598806597,1.0
visbias_form_age_young_adults_18_29,all→white,choice_first_touch_side,,2.2758620689655173,44.27586206896552,52.275862068965516,29,25,28.999999999999996,25.0,0.5907918077729397,1.0
visbias_form_age_young_adults_18_29,black→white,choice_chosen_side,,5.555555555555558,44.44444444444444,55.55555555555556,11,9,11.0,9.0,0.45,1.0
visbias_form_age_young_adults_18_29,black→white,choice_chosen_side_soft,,-4.970760233918126,33.91812865497076,45.02923976608187,19,18,19.0,18.0,0.6598806598806597,1.0
visbias_form_age_young_adults_18_29,black→white,choice_first_touch_side,,2.2758620689655173,44.27586206896552,52.275862068965516,29,25,28.999999999999996,25.0,0.5907918077729397,1.0
visbias_form_annual_income_150_000_and_above,all→white,choice_chosen_side,,4.545454545454541,45.45454545454545,54.54545454545454,10,11,10.0,11.0,1.0,1.0
visbias_form_annual_income_150_000_and_above,all→white,choice_chosen_side_soft,,0.3676470588235281,37.86764705882353,50.36764705882353,17,16,17.0,16.0,1.0,1.0
visbias_form_annual_income_150_000_and_above,all→white,choice_first_touch_side,,3.8461538461538436,46.15384615384615,53.84615384615385,26,26,26.0,26.0,0.49019607843137253,1.0
visbias_form_annual_income_150_000_and_above,black→white,choice_chosen_side,,4.545454545454541,45.45454545454545,54.54545454545454,10,11,10.0,11.0,1.0,1.0
visbias_form_annual_income_150_000_and_above,black→white,choice_chosen_side_soft,,0.3676470588235281,37.86764705882353,50.36764705882353,17,16,17.0,16.0,1.0,1.0
visbias_form_annual_income_150_000_and_above,black→white,choice_first_touch_side,,3.8461538461538436,46.15384615384615,53.84615384615385,26,26,26.0,26.0,0.49019607843137253,1.0
visbias_form_annual_income_75_000_149_999,all→white,choice_chosen_side,,-16.07142857142857,-8.928571428571427,33.92857142857143,4,7,4.0,7.000000000000001,0.5454545454545454,1.0
visbias_form_annual_income_75_000_149_999,all→white,choice_chosen_side_soft,,-7.2916666666666625,-1.0416666666666656,42.708333333333336,12,16,12.0,16.0,0.7035671018979675,1.0
visbias_form_annual_income_75_000_149_999,all→white,choice_first_touch_side,,3.125,21.875,53.125,16,16,16.0,16.0,1.0,1.0
visbias_form_annual_income_75_000_149_999,black→white,choice_chosen_side,,-16.07142857142857,-8.928571428571427,33.92857142857143,4,7,4.0,7.000000000000001,0.5454545454545454,1.0
visbias_form_annual_income_75_000_149_999,black→white,choice_chosen_side_soft,,-7.2916666666666625,-1.0416666666666656,42.708333333333336,12,16,12.0,16.0,0.7035671018979675,1.0
visbias_form_annual_income_75_000_149_999,black→white,choice_first_touch_side,,3.125,21.875,53.125,16,16,16.0,16.0,1.0,1.0
visbias_form_annual_income_less_than_9_999,all→white,choice_chosen_side,,0.0,50.0,50.0,13,4,13.0,4.0,1.0,1.0
visbias_form_annual_income_less_than_9_999,all→white,choice_chosen_side_soft,,4.1666666666666625,45.83333333333333,54.166666666666664,20,12,20.0,12.0,0.375,1.0
visbias_form_annual_income_less_than_9_999,all→white,choice_first_touch_side,,5.000000000000004,45.0,55.00000000000001,26,20,26.0,20.0,0.18357487922705315,0.880277525438816
visbias_form_annual_income_less_than_9_999,black→white,choice_chosen_side,,0.0,50.0,50.0,13,4,13.0,4.0,1.0,1.0
visbias_form_annual_income_less_than_9_999,black→white,choice_chosen_side_soft,,4.1666666666666625,45.83333333333333,54.166666666666664,20,12,20.0,12.0,0.375,1.0
visbias_form_annual_income_less_than_9_999,black→white,choice_first_touch_side,,5.000000000000004,45.0,55.00000000000001,26,20,26.0,20.0,0.18357487922705315,0.880277525438816
visbias_form_disability_status_hearing_impairment,all→white,choice_chosen_side,,0.0,50.0,50.0,14,10,14.000000000000002,10.0,1.0,1.0
visbias_form_disability_status_hearing_impairment,all→white,choice_chosen_side_soft,,8.333333333333337,41.66666666666667,58.333333333333336,18,12,18.0,12.0,0.15172413793103448,1.0
visbias_form_disability_status_hearing_impairment,all→white,choice_first_touch_side,,4.734848484848486,41.09848484848485,54.734848484848484,24,22,24.0,22.0,0.33643410852713174,0.9510287181173258
visbias_form_disability_status_hearing_impairment,black→white,choice_chosen_side,,0.0,50.0,50.0,14,10,14.000000000000002,10.0,1.0,1.0
visbias_form_disability_status_hearing_impairment,black→white,choice_chosen_side_soft,,8.333333333333337,41.66666666666667,58.333333333333336,18,12,18.0,12.0,0.15172413793103448,1.0
visbias_form_disability_status_hearing_impairment,black→white,choice_first_touch_side,,4.734848484848486,41.09848484848485,54.734848484848484,24,22,24.0,22.0,0.33643410852713174,0.9510287181173258
visbias_form_disability_status_mental_disorder,all→white,choice_chosen_side,neg,-6.666666666666665,16.666666666666664,43.333333333333336,15,15,15.0,15.0,0.6998500749625187,1.0
visbias_form_disability_status_mental_disorder,all→white,choice_chosen_side_soft,neg,-1.0835913312693513,19.5046439628483,48.91640866873065,19,17,19.0,17.0,1.0,1.0
visbias_form_disability_status_mental_disorder,all→white,choice_first_touch_side,neg,-0.8342602892102313,25.027808676307007,49.165739710789765,31,29,31.0,28.999999999999996,1.0,1.0
visbias_form_disability_status_mental_disorder,black→white,choice_chosen_side,neg,-6.666666666666665,16.666666666666664,43.333333333333336,15,15,15.0,15.0,0.6998500749625187,1.0
visbias_form_disability_status_mental_disorder,black→white,choice_chosen_side_soft,neg,-1.0835913312693513,19.5046439628483,48.91640866873065,19,17,19.0,17.0,1.0,1.0
visbias_form_disability_status_mental_disorder,black→white,choice_first_touch_side,neg,-0.8342602892102313,25.027808676307007,49.165739710789765,31,29,31.0,28.999999999999996,1.0,1.0
visbias_form_disability_status_mobility_impairments,all→white,choice_chosen_side,,15.000000000000002,35.0,65.0,9,10,9.0,10.0,0.21052631578947367,1.0
visbias_form_disability_status_mobility_impairments,all→white,choice_chosen_side_soft,,15.416666666666668,27.916666666666668,65.41666666666667,15,16,15.0,16.0,0.08293165245334322,0.9899966011617847
visbias_form_disability_status_mobility_impairments,all→white,choice_first_touch_side,,5.461538461538462,28.538461538461533,55.46153846153846,25,26,25.0,26.0,0.49855647355429056,1.0
visbias_form_disability_status_mobility_impairments,black→white,choice_chosen_side,,15.000000000000002,35.0,65.0,9,10,9.0,10.0,0.21052631578947367,1.0
visbias_form_disability_status_mobility_impairments,black→white,choice_chosen_side_soft,,15.416666666666668,27.916666666666668,65.41666666666667,15,16,15.0,16.0,0.08293165245334322,0.9899966011617847
visbias_form_disability_status_mobility_impairments,black→white,choice_first_touch_side,,5.461538461538462,28.538461538461533,55.46153846153846,25,26,25.0,26.0,0.49855647355429056,1.0
visbias_form_disability_status_none,all→white,choice_chosen_side,pos,0.0,50.0,50.0,24,15,24.0,15.0,1.0,1.0
visbias_form_disability_status_none,all→white,choice_chosen_side_soft,pos,-5.1724137931034475,44.827586206896555,44.827586206896555,29,24,28.999999999999996,24.0,0.2423802612481857,1.0
visbias_form_disability_status_none,all→white,choice_first_touch_side,pos,0.0,50.0,50.0,57,38,56.99999999999999,38.0,1.0,1.0
visbias_form_disability_status_none,black→white,choice_chosen_side,pos,0.0,50.0,50.0,24,15,24.0,15.0,1.0,1.0
visbias_form_disability_status_none,black→white,choice_chosen_side_soft,pos,-5.1724137931034475,44.827586206896555,44.827586206896555,29,24,28.999999999999996,24.0,0.2423802612481857,1.0
visbias_form_disability_status_none,black→white,choice_first_touch_side,pos,0.0,50.0,50.0,57,38,56.99999999999999,38.0,1.0,1.0
visbias_form_disability_status_speech_language_disorder,all→white,choice_chosen_side_soft,,-3.3333333333333326,13.333333333333334,46.666666666666664,5,6,5.0,6.0,1.0,1.0
visbias_form_disability_status_speech_language_disorder,all→white,choice_first_touch_side,,-6.868131868131866,35.43956043956044,43.13186813186813,14,13,14.000000000000002,13.0,0.5955555555555556,1.0
visbias_form_disability_status_speech_language_disorder,black→white,choice_chosen_side_soft,,-3.3333333333333326,13.333333333333334,46.666666666666664,5,6,5.0,6.0,1.0,1.0
visbias_form_disability_status_speech_language_disorder,black→white,choice_first_touch_side,,-6.868131868131866,35.43956043956044,43.13186813186813,14,13,14.000000000000002,13.0,0.5955555555555556,1.0
visbias_form_disability_status_visual_impairment,all→white,choice_chosen_side,,-4.166666666666669,20.833333333333332,45.83333333333333,12,12,12.0,12.0,1.0,1.0
visbias_form_disability_status_visual_impairment,all→white,choice_chosen_side_soft,,-0.5115089514066473,20.076726342710995,49.48849104859335,23,17,23.0,17.0,1.0,1.0
visbias_form_disability_status_visual_impairment,all→white,choice_first_touch_side,,0.0,25.0,50.0,32,24,32.0,24.0,1.0,1.0
visbias_form_disability_status_visual_impairment,black→white,choice_chosen_side,,-4.166666666666669,20.833333333333332,45.83333333333333,12,12,12.0,12.0,1.0,1.0
visbias_form_disability_status_visual_impairment,black→white,choice_chosen_side_soft,,-0.5115089514066473,20.076726342710995,49.48849104859335,23,17,23.0,17.0,1.0,1.0
visbias_form_disability_status_visual_impairment,black→white,choice_first_touch_side,,0.0,25.0,50.0,32,24,32.0,24.0,1.0,1.0
visbias_form_education_associate,all→white,choice_chosen_side,,-2.500000000000002,27.500000000000004,47.5,8,5,8.0,5.0,1.0,1.0
visbias_form_education_associate,all→white,choice_chosen_side_soft,,10.68376068376069,16.239316239316242,60.68376068376069,13,9,13.0,9.0,0.37616099071207426,1.0
visbias_form_education_associate,all→white,choice_first_touch_side,,-3.3333333333333326,33.333333333333336,46.666666666666664,15,15,15.0,15.0,1.0,1.0
visbias_form_education_associate,black→white,choice_chosen_side,,-2.500000000000002,27.500000000000004,47.5,8,5,8.0,5.0,1.0,1.0
visbias_form_education_associate,black→white,choice_chosen_side_soft,,10.68376068376069,16.239316239316242,60.68376068376069,13,9,13.0,9.0,0.37616099071207426,1.0
visbias_form_education_associate,black→white,choice_first_touch_side,,-3.3333333333333326,33.333333333333336,46.666666666666664,15,15,15.0,15.0,1.0,1.0
visbias_form_education_elementary_school,all→white,choice_chosen_side,,12.5,37.5,62.5,4,8,4.0,8.0,0.5151515151515151,1.0
visbias_form_education_elementary_school,all→white,choice_chosen_side_soft,,16.826923076923084,20.673076923076923,66.82692307692308,8,13,8.0,13.0,0.17358101135190918,1.0
visbias_form_education_elementary_school,all→white,choice_first_touch_side,,0.6249999999999978,5.624999999999999,50.625,16,20,16.0,20.0,1.0,1.0
visbias_form_education_elementary_school,black→white,choice_chosen_side,,12.5,37.5,62.5,4,8,4.0,8.0,0.5151515151515151,1.0
visbias_form_education_elementary_school,black→white,choice_chosen_side_soft,,16.826923076923084,20.673076923076923,66.82692307692308,8,13,8.0,13.0,0.17358101135190918,1.0
visbias_form_education_elementary_school,black→white,choice_first_touch_side,,0.6249999999999978,5.624999999999999,50.625,16,20,16.0,20.0,1.0,1.0
visbias_form_education_high_school,all→white,choice_chosen_side,,2.083333333333326,14.583333333333332,52.08333333333333,9,8,9.0,8.0,1.0,1.0
visbias_form_education_high_school,all→white,choice_chosen_side_soft,,3.57142857142857,17.857142857142858,53.57142857142857,14,14,14.000000000000002,14.000000000000002,1.0,1.0
visbias_form_education_high_school,all→white,choice_first_touch_side,,7.2916666666666625,23.958333333333336,57.291666666666664,16,15,16.0,15.0,0.43314794215795327,0.9915492957746478
visbias_form_education_high_school,black→white,choice_chosen_side,,2.083333333333326,14.583333333333332,52.08333333333333,9,8,9.0,8.0,1.0,1.0
visbias_form_education_high_school,black→white,choice_chosen_side_soft,,3.57142857142857,17.857142857142858,53.57142857142857,14,14,14.000000000000002,14.000000000000002,1.0,1.0
visbias_form_education_high_school,black→white,choice_first_touch_side,,7.2916666666666625,23.958333333333336,57.291666666666664,16,15,16.0,15.0,0.43314794215795327,0.9915492957746478
visbias_form_education_middle_school,all→white,choice_chosen_side,,-15.714285714285714,5.714285714285716,34.285714285714285,5,7,5.0,7.000000000000001,0.558080808080808,1.0
visbias_form_education_middle_school,all→white,choice_chosen_side_soft,,-8.041958041958042,3.496503496503495,41.95804195804196,11,13,11.0,13.0,0.682393323462108,1.0
visbias_form_education_middle_school,all→white,choice_first_touch_side,,-3.3333333333333326,20.0,46.666666666666664,12,15,12.0,15.0,1.0,1.0
visbias_form_education_middle_school,black→white,choice_chosen_side,,-15.714285714285714,5.714285714285716,34.285714285714285,5,7,5.0,7.000000000000001,0.558080808080808,1.0
visbias_form_education_middle_school,black→white,choice_chosen_side_soft,,-8.041958041958042,3.496503496503495,41.95804195804196,11,13,11.0,13.0,0.682393323462108,1.0
visbias_form_education_middle_school,black→white,choice_first_touch_side,,-3.3333333333333326,20.0,46.666666666666664,12,15,12.0,15.0,1.0,1.0
visbias_form_ethnicity_asian,all→white,choice_chosen_side,,-2.777777777777779,47.22222222222222,47.22222222222222,18,18,18.0,18.0,1.0,1.0
visbias_form_ethnicity_asian,all→white,choice_chosen_side_soft,,-1.9230769230769218,44.23076923076923,48.07692307692308,26,26,26.0,26.0,1.0,1.0
visbias_form_ethnicity_asian,all→white,choice_first_touch_side,,1.388888888888884,48.61111111111111,51.388888888888886,43,36,43.0,36.0,0.45569620253164544,0.9915492957746478
visbias_form_ethnicity_asian,black→white,choice_chosen_side,,-2.777777777777779,47.22222222222222,47.22222222222222,18,18,18.0,18.0,1.0,1.0
visbias_form_ethnicity_asian,black→white,choice_chosen_side_soft,,-1.9230769230769218,44.23076923076923,48.07692307692308,26,26,26.0,26.0,1.0,1.0
visbias_form_ethnicity_asian,black→white,choice_first_touch_side,,1.388888888888884,48.61111111111111,51.388888888888886,43,36,43.0,36.0,0.45569620253164544,0.9915492957746478
visbias_form_ethnicity_black,all→white,choice_chosen_side,,-13.218390804597702,29.885057471264364,36.7816091954023,9,29,9.0,28.999999999999996,0.07547485566061417,1.0
visbias_form_ethnicity_black,all→white,choice_chosen_side_soft,,-15.225563909774431,29.51127819548872,34.77443609022557,14,38,14.000000000000002,38.0,0.011398564976406842,0.39085405329179723
visbias_form_ethnicity_black,all→white,choice_first_touch_side,,-13.024475524475527,31.206293706293703,36.97552447552447,22,52,22.0,52.0,0.005873481393898753,0.2255416855257121
visbias_form_ethnicity_black,black→white,choice_chosen_side,,-13.218390804597702,29.885057471264364,36.7816091954023,9,29,9.0,28.999999999999996,0.07547485566061417,1.0
visbias_form_ethnicity_black,black→white,choice_chosen_side_soft,,-15.225563909774431,29.51127819548872,34.77443609022557,14,38,14.000000000000002,38.0,0.011398564976406842,0.39085405329179723
visbias_form_ethnicity_black,black→white,choice_first_touch_side,,-13.024475524475527,31.206293706293703,36.97552447552447,22,52,22.0,52.0,0.005873481393898753,0.2255416855257121
visbias_form_ethnicity_latino,all→white,choice_chosen_side,,-3.125,46.875,46.875,16,33,16.0,33.0,0.326530612244898,1.0
visbias_form_ethnicity_latino,all→white,choice_chosen_side_soft,,-5.263157894736842,44.73684210526316,44.73684210526316,19,36,19.0,36.0,0.11515151515151513,1.0
visbias_form_ethnicity_latino,all→white,choice_first_touch_side,,-4.199328107502797,43.673012318029116,45.8006718924972,38,47,38.0,47.0,0.16783327429642964,0.880277525438816
visbias_form_ethnicity_latino,black→white,choice_chosen_side,,-3.125,46.875,46.875,16,33,16.0,33.0,0.326530612244898,1.0
visbias_form_ethnicity_latino,black→white,choice_chosen_side_soft,,-5.263157894736842,44.73684210526316,44.73684210526316,19,36,19.0,36.0,0.11515151515151513,1.0
visbias_form_ethnicity_latino,black→white,choice_first_touch_side,,-4.199328107502797,43.673012318029116,45.8006718924972,38,47,38.0,47.0,0.16783327429642964,0.880277525438816
visbias_form_ethnicity_me,all→white,choice_chosen_side,,3.8461538461538436,46.15384615384615,53.84615384615385,19,26,19.0,26.0,0.501010101010101,1.0
visbias_form_ethnicity_me,all→white,choice_chosen_side_soft,,5.000000000000004,45.0,55.00000000000001,27,30,27.0,30.0,0.23872180451127822,1.0
visbias_form_ethnicity_me,all→white,choice_first_touch_side,,0.05285412262157063,45.40169133192389,50.05285412262157,44,43,44.0,43.0,1.0,1.0
visbias_form_ethnicity_me,black→white,choice_chosen_side,,3.8461538461538436,46.15384615384615,53.84615384615385,19,26,19.0,26.0,0.501010101010101,1.0
visbias_form_ethnicity_me,black→white,choice_chosen_side_soft,,5.000000000000004,45.0,55.00000000000001,27,30,27.0,30.0,0.23872180451127822,1.0
visbias_form_ethnicity_me,black→white,choice_first_touch_side,,0.05285412262157063,45.40169133192389,50.05285412262157,44,43,44.0,43.0,1.0,1.0
visbias_form_ethnicity_white,all→white,choice_chosen_side,,7.14285714285714,42.85714285714286,57.14285714285714,8,7,8.0,7.000000000000001,0.4666666666666667,1.0
visbias_form_ethnicity_white,all→white,choice_chosen_side_soft,,15.384615384615385,34.61538461538461,65.38461538461539,15,13,15.0,13.0,0.03492063492063492,0.6977120288811476
visbias_form_ethnicity_white,all→white,choice_first_touch_side,,1.2987012987012991,44.15584415584416,51.298701298701296,22,14,22.0,14.000000000000002,1.0,1.0
visbias_form_ethnicity_white,black→white,choice_chosen_side,,7.14285714285714,42.85714285714286,57.14285714285714,8,7,8.0,7.000000000000001,0.4666666666666667,1.0
visbias_form_ethnicity_white,black→white,choice_chosen_side_soft,,15.384615384615385,34.61538461538461,65.38461538461539,15,13,15.0,13.0,0.03492063492063492,0.6977120288811476
visbias_form_ethnicity_white,black→white,choice_first_touch_side,,1.2987012987012991,44.15584415584416,51.298701298701296,22,14,22.0,14.000000000000002,1.0,1.0
visbias_form_gender_female,all→white,choice_chosen_side,,7.005494505494503,10.851648351648352,57.005494505494504,28,13,28.000000000000004,13.0,0.49168650623259846,1.0
visbias_form_gender_female,all→white,choice_chosen_side_soft,,11.38392857142857,4.241071428571431,61.38392857142857,32,21,32.0,21.0,0.15665222951988492,1.0
visbias_form_gender_female,all→white,choice_first_touch_side,,16.42910727681921,-1.3128282070517583,66.42910727681921,43,31,43.0,31.0,0.009064751506724245,0.26045533413954464
visbias_form_gender_female,black→white,choice_chosen_side,,7.005494505494503,10.851648351648352,57.005494505494504,28,13,28.000000000000004,13.0,0.49168650623259846,1.0
visbias_form_gender_female,black→white,choice_chosen_side_soft,,11.38392857142857,4.241071428571431,61.38392857142857,32,21,32.0,21.0,0.15665222951988492,1.0
visbias_form_gender_female,black→white,choice_first_touch_side,,16.42910727681921,-1.3128282070517583,66.42910727681921,43,31,43.0,31.0,0.009064751506724245,0.26045533413954464
visbias_form_gender_male,all→white,choice_chosen_side,,1.041666666666663,17.708333333333336,51.041666666666664,16,15,16.0,15.0,1.0,1.0
visbias_form_gender_male,all→white,choice_chosen_side_soft,,-1.3333333333333308,15.333333333333336,48.66666666666667,25,21,25.0,21.0,1.0,1.0
visbias_form_gender_male,all→white,choice_first_touch_side,,-0.2155172413793094,12.28448275862069,49.78448275862069,29,24,28.999999999999996,24.0,1.0,1.0
visbias_form_gender_male,black→white,choice_chosen_side,,1.041666666666663,17.708333333333336,51.041666666666664,16,15,16.0,15.0,1.0,1.0
visbias_form_gender_male,black→white,choice_chosen_side_soft,,-1.3333333333333308,15.333333333333336,48.66666666666667,25,21,25.0,21.0,1.0,1.0
visbias_form_gender_male,black→white,choice_first_touch_side,,-0.2155172413793094,12.28448275862069,49.78448275862069,29,24,28.999999999999996,24.0,1.0,1.0
visbias_form_gender_non_binary,all→white,choice_chosen_side,,-5.769230769230771,44.230769230769226,44.230769230769226,26,21,26.0,21.0,0.24236817761332102,1.0
visbias_form_gender_non_binary,all→white,choice_chosen_side_soft,,0.17241379310345417,39.827586206896555,50.17241379310345,30,29,30.0,28.999999999999996,1.0,1.0
visbias_form_gender_non_binary,all→white,choice_first_touch_side,,-2.7278562259306804,44.83311938382541,47.27214377406932,38,41,38.0,41.0,0.3467292201469417,0.9510287181173258
visbias_form_gender_non_binary,black→white,choice_chosen_side,,-5.769230769230771,44.230769230769226,44.230769230769226,26,21,26.0,21.0,0.24236817761332102,1.0
visbias_form_gender_non_binary,black→white,choice_chosen_side_soft,,0.17241379310345417,39.827586206896555,50.17241379310345,30,29,30.0,28.999999999999996,1.0,1.0
visbias_form_gender_non_binary,black→white,choice_first_touch_side,,-2.7278562259306804,44.83311938382541,47.27214377406932,38,41,38.0,41.0,0.3467292201469417,0.9510287181173258
visbias_form_has_children_no,all→white,choice_chosen_side,,3.1746031746031744,42.063492063492056,53.17460317460318,21,18,21.0,18.0,0.586388007440639,1.0
visbias_form_has_children_no,all→white,choice_chosen_side_soft,,-0.14204545454545303,40.76704545454545,49.85795454545455,32,22,32.0,22.0,1.0,1.0
visbias_form_has_children_no,all→white,choice_first_touch_side,,1.8055555555555491,39.30555555555556,51.80555555555555,45,32,45.0,32.0,0.7120091424832632,1.0
visbias_form_has_children_no,black→white,choice_chosen_side,,3.1746031746031744,42.063492063492056,53.17460317460318,21,18,21.0,18.0,0.586388007440639,1.0
visbias_form_has_children_no,black→white,choice_chosen_side_soft,,-0.14204545454545303,40.76704545454545,49.85795454545455,32,22,32.0,22.0,1.0,1.0
visbias_form_has_children_no,black→white,choice_first_touch_side,,1.8055555555555491,39.30555555555556,51.80555555555555,45,32,45.0,32.0,0.7120091424832632,1.0
visbias_form_has_children_yes,all→white,choice_chosen_side,,12.222222222222223,-17.777777777777782,62.22222222222222,9,10,9.0,10.0,0.34984520123839014,1.0
visbias_form_has_children_yes,all→white,choice_chosen_side_soft,,13.051470588235292,-19.301470588235293,63.05147058823529,16,17,16.0,17.0,0.14107032505252748,1.0
visbias_form_has_children_yes,all→white,choice_first_touch_side,,2.620967741935476,-15.120967741935482,52.62096774193547,32,31,32.0,31.0,0.792808399497203,1.0
visbias_form_has_children_yes,black→white,choice_chosen_side,,12.222222222222223,-17.777777777777782,62.22222222222222,9,10,9.0,10.0,0.34984520123839014,1.0
visbias_form_has_children_yes,black→white,choice_chosen_side_soft,,13.051470588235292,-19.301470588235293,63.05147058823529,16,17,16.0,17.0,0.14107032505252748,1.0
visbias_form_has_children_yes,black→white,choice_first_touch_side,,2.620967741935476,-15.120967741935482,52.62096774193547,32,31,32.0,31.0,0.792808399497203,1.0
visbias_form_hobby_or_interest_cooking,all→white,choice_chosen_side,,-10.416666666666668,-22.916666666666668,39.58333333333333,6,8,6.0,8.0,0.5804195804195805,1.0
visbias_form_hobby_or_interest_cooking,all→white,choice_chosen_side_soft,,4.761904761904756,-11.904761904761903,54.76190476190476,14,15,14.000000000000002,15.0,0.7103816512796235,1.0
visbias_form_hobby_or_interest_cooking,all→white,choice_first_touch_side,,1.9841269841269882,9.12698412698413,51.98412698412699,18,14,18.0,14.000000000000002,1.0,1.0
visbias_form_hobby_or_interest_cooking,black→white,choice_chosen_side,,-10.416666666666668,-22.916666666666668,39.58333333333333,6,8,6.0,8.0,0.5804195804195805,1.0
visbias_form_hobby_or_interest_cooking,black→white,choice_chosen_side_soft,,4.761904761904756,-11.904761904761903,54.76190476190476,14,15,14.000000000000002,15.0,0.7103816512796235,1.0
visbias_form_hobby_or_interest_cooking,black→white,choice_first_touch_side,,1.9841269841269882,9.12698412698413,51.98412698412699,18,14,18.0,14.000000000000002,1.0,1.0
visbias_form_hobby_or_interest_dancing,all→white,choice_chosen_side,,-3.472222222222221,9.027777777777779,46.52777777777778,9,8,9.0,8.0,1.0,1.0
visbias_form_hobby_or_interest_dancing,all→white,choice_chosen_side_soft,,9.375,3.125,59.375,16,16,16.0,16.0,0.4794877603643,1.0
visbias_form_hobby_or_interest_dancing,all→white,choice_first_touch_side,,2.499999999999991,17.5,52.49999999999999,30,20,30.0,20.0,0.7634812806244482,1.0
visbias_form_hobby_or_interest_dancing,black→white,choice_chosen_side,,-3.472222222222221,9.027777777777779,46.52777777777778,9,8,9.0,8.0,1.0,1.0
visbias_form_hobby_or_interest_dancing,black→white,choice_chosen_side_soft,,9.375,3.125,59.375,16,16,16.0,16.0,0.4794877603643,1.0
visbias_form_hobby_or_interest_dancing,black→white,choice_first_touch_side,,2.499999999999991,17.5,52.49999999999999,30,20,30.0,20.0,0.7634812806244482,1.0
visbias_form_hobby_or_interest_gardening,all→white,choice_chosen_side,,4.1666666666666625,20.833333333333336,54.166666666666664,8,6,8.0,6.0,1.0,1.0
visbias_form_hobby_or_interest_gardening,all→white,choice_chosen_side_soft,,5.000000000000004,4.999999999999999,55.00000000000001,10,8,10.0,8.0,1.0,1.0
visbias_form_hobby_or_interest_gardening,all→white,choice_first_touch_side,,14.901960784313717,11.56862745098039,64.90196078431372,17,15,17.0,15.0,0.14369670003707827,0.880277525438816
visbias_form_hobby_or_interest_gardening,black→white,choice_chosen_side,,4.1666666666666625,20.833333333333336,54.166666666666664,8,6,8.0,6.0,1.0,1.0
visbias_form_hobby_or_interest_gardening,black→white,choice_chosen_side_soft,,5.000000000000004,4.999999999999999,55.00000000000001,10,8,10.0,8.0,1.0,1.0
visbias_form_hobby_or_interest_gardening,black→white,choice_first_touch_side,,14.901960784313717,11.56862745098039,64.90196078431372,17,15,17.0,15.0,0.14369670003707827,0.880277525438816
visbias_form_hobby_or_interest_hiking,all→white,choice_chosen_side,,5.238095238095242,1.9047619047619035,55.23809523809524,7,15,7.000000000000001,15.0,1.0,1.0
visbias_form_hobby_or_interest_hiking,all→white,choice_chosen_side_soft,,-4.761904761904767,-2.380952380952381,45.238095238095234,14,21,14.000000000000002,21.0,0.7332224210475407,1.0
visbias_form_hobby_or_interest_hiking,all→white,choice_first_touch_side,,4.696969696969688,15.303030303030301,54.69696969696969,30,33,30.0,33.0,0.5973130990227904,1.0
visbias_form_hobby_or_interest_hiking,black→white,choice_chosen_side,,5.238095238095242,1.9047619047619035,55.23809523809524,7,15,7.000000000000001,15.0,1.0,1.0
visbias_form_hobby_or_interest_hiking,black→white,choice_chosen_side_soft,,-4.761904761904767,-2.380952380952381,45.238095238095234,14,21,14.000000000000002,21.0,0.7332224210475407,1.0
visbias_form_hobby_or_interest_hiking,black→white,choice_first_touch_side,,4.696969696969688,15.303030303030301,54.69696969696969,30,33,30.0,33.0,0.5973130990227904,1.0
visbias_form_hobby_or_interest_musical_instrument,all→white,choice_chosen_side_soft,,0.0,25.0,50.0,8,8,8.0,8.0,1.0,1.0
visbias_form_hobby_or_interest_musical_instrument,all→white,choice_first_touch_side,,8.888888888888879,14.444444444444443,58.88888888888888,15,9,15.0,9.0,0.4120339211199354,0.9915492957746478
visbias_form_hobby_or_interest_musical_instrument,black→white,choice_chosen_side_soft,,0.0,25.0,50.0,8,8,8.0,8.0,1.0,1.0
visbias_form_hobby_or_interest_musical_instrument,black→white,choice_first_touch_side,,8.888888888888879,14.444444444444443,58.88888888888888,15,9,15.0,9.0,0.4120339211199354,0.9915492957746478
visbias_form_hobby_or_interest_painting,all→white,choice_chosen_side,,4.444444444444439,34.44444444444444,54.44444444444444,9,10,9.0,10.0,1.0,1.0
visbias_form_hobby_or_interest_painting,all→white,choice_chosen_side_soft,,4.761904761904756,21.428571428571427,54.76190476190476,21,15,21.0,15.0,0.7085987797889912,1.0
visbias_form_hobby_or_interest_painting,all→white,choice_first_touch_side,,0.8695652173913104,29.1304347826087,50.86956521739131,30,23,30.0,23.0,1.0,1.0
visbias_form_hobby_or_interest_painting,black→white,choice_chosen_side,,4.444444444444439,34.44444444444444,54.44444444444444,9,10,9.0,10.0,1.0,1.0
visbias_form_hobby_or_interest_painting,black→white,choice_chosen_side_soft,,4.761904761904756,21.428571428571427,54.76190476190476,21,15,21.0,15.0,0.7085987797889912,1.0
visbias_form_hobby_or_interest_painting,black→white,choice_first_touch_side,,0.8695652173913104,29.1304347826087,50.86956521739131,30,23,30.0,23.0,1.0,1.0
visbias_form_hobby_or_interest_photography,all→white,choice_chosen_side,,-14.285714285714285,35.714285714285715,35.714285714285715,7,11,7.000000000000001,11.0,0.13725490196078433,1.0
visbias_form_hobby_or_interest_photography,all→white,choice_chosen_side_soft,,-4.871794871794871,31.7948717948718,45.12820512820513,13,15,13.0,15.0,0.6388888888888888,1.0
visbias_form_hobby_or_interest_photography,all→white,choice_first_touch_side,,4.757085020242913,33.70445344129555,54.75708502024291,26,19,26.0,19.0,0.432896749686313,0.9915492957746478
visbias_form_hobby_or_interest_photography,black→white,choice_chosen_side,,-14.285714285714285,35.714285714285715,35.714285714285715,7,11,7.000000000000001,11.0,0.13725490196078433,1.0
visbias_form_hobby_or_interest_photography,black→white,choice_chosen_side_soft,,-4.871794871794871,31.7948717948718,45.12820512820513,13,15,13.0,15.0,0.6388888888888888,1.0
visbias_form_hobby_or_interest_photography,black→white,choice_first_touch_side,,4.757085020242913,33.70445344129555,54.75708502024291,26,19,26.0,19.0,0.432896749686313,0.9915492957746478
visbias_form_hobby_or_interest_reading,all→white,choice_chosen_side,,4.166666666666674,29.166666666666668,54.16666666666667,6,4,6.0,4.0,1.0,1.0
visbias_form_hobby_or_interest_reading,all→white,choice_chosen_side_soft,,-1.785714285714285,23.214285714285715,48.214285714285715,7,8,7.000000000000001,8.0,1.0,1.0
visbias_form_hobby_or_interest_reading,all→white,choice_first_touch_side,,-0.3571428571428559,35.357142857142854,49.642857142857146,20,14,20.0,14.000000000000002,1.0,1.0
visbias_form_hobby_or_interest_reading,black→white,choice_chosen_side,,4.166666666666674,29.166666666666668,54.16666666666667,6,4,6.0,4.0,1.0,1.0
visbias_form_hobby_or_interest_reading,black→white,choice_chosen_side_soft,,-1.785714285714285,23.214285714285715,48.214285714285715,7,8,7.000000000000001,8.0,1.0,1.0
visbias_form_hobby_or_interest_reading,black→white,choice_first_touch_side,,-0.3571428571428559,35.357142857142854,49.642857142857146,20,14,20.0,14.000000000000002,1.0,1.0
visbias_form_hobby_or_interest_singing,all→white,choice_chosen_side,,9.999999999999998,40.0,60.0,6,5,6.0,5.0,0.4545454545454546,1.0
visbias_form_hobby_or_interest_singing,all→white,choice_chosen_side_soft,,6.666666666666665,23.333333333333336,56.666666666666664,15,12,15.0,12.0,0.6618357487922705,1.0
visbias_form_hobby_or_interest_singing,all→white,choice_first_touch_side,,-9.444444444444445,29.44444444444444,40.55555555555556,20,18,20.0,18.0,0.23840849647301265,0.880277525438816
visbias_form_hobby_or_interest_singing,black→white,choice_chosen_side,,9.999999999999998,40.0,60.0,6,5,6.0,5.0,0.4545454545454546,1.0
visbias_form_hobby_or_interest_singing,black→white,choice_chosen_side_soft,,6.666666666666665,23.333333333333336,56.666666666666664,15,12,15.0,12.0,0.6618357487922705,1.0
visbias_form_hobby_or_interest_singing,black→white,choice_first_touch_side,,-9.444444444444445,29.44444444444444,40.55555555555556,20,18,20.0,18.0,0.23840849647301265,0.880277525438816
visbias_form_hobby_or_interest_travelling,all→white,choice_chosen_side,,3.205128205128205,30.12820512820513,53.205128205128204,18,13,18.0,13.0,0.6758302876211664,1.0
visbias_form_hobby_or_interest_travelling,all→white,choice_chosen_side_soft,,5.157894736842106,28.84210526315789,55.1578947368421,25,19,25.0,19.0,0.4674488179876721,1.0
visbias_form_hobby_or_interest_travelling,all→white,choice_first_touch_side,,5.35714285714286,30.357142857142854,55.35714285714286,35,28,35.0,28.000000000000004,0.342574214167269,0.9510287181173258
visbias_form_hobby_or_interest_travelling,black→white,choice_chosen_side,,3.205128205128205,30.12820512820513,53.205128205128204,18,13,18.0,13.0,0.6758302876211664,1.0
visbias_form_hobby_or_interest_travelling,black→white,choice_chosen_side_soft,,5.157894736842106,28.84210526315789,55.1578947368421,25,19,25.0,19.0,0.4674488179876721,1.0
visbias_form_hobby_or_interest_travelling,black→white,choice_first_touch_side,,5.35714285714286,30.357142857142854,55.35714285714286,35,28,35.0,28.000000000000004,0.342574214167269,0.9510287181173258
visbias_form_hobby_or_interest_video_games,all→white,choice_chosen_side_soft,,-4.1666666666666625,-12.500000000000004,45.833333333333336,9,12,9.0,12.0,1.0,1.0
visbias_form_hobby_or_interest_video_games,all→white,choice_first_touch_side,,4.444444444444451,-1.1111111111111127,54.44444444444445,15,18,15.0,18.0,0.7318573310967608,1.0
visbias_form_hobby_or_interest_video_games,black→white,choice_chosen_side_soft,,-4.1666666666666625,-12.500000000000004,45.833333333333336,9,12,9.0,12.0,1.0,1.0
visbias_form_hobby_or_interest_video_games,black→white,choice_first_touch_side,,4.444444444444451,-1.1111111111111127,54.44444444444445,15,18,15.0,18.0,0.7318573310967608,1.0
visbias_form_hobby_or_interest_writing,all→white,choice_chosen_side_soft,,-12.987012987012992,8.441558441558442,37.01298701298701,11,7,11.0,7.000000000000001,0.3665158371040725,1.0
visbias_form_hobby_or_interest_writing,all→white,choice_first_touch_side,,-5.555555555555558,11.111111111111112,44.44444444444444,9,12,9.0,12.0,0.6730650154798761,1.0
visbias_form_hobby_or_interest_writing,black→white,choice_chosen_side_soft,,-12.987012987012992,8.441558441558442,37.01298701298701,11,7,11.0,7.000000000000001,0.3665158371040725,1.0
visbias_form_hobby_or_interest_writing,black→white,choice_first_touch_side,,-5.555555555555558,11.111111111111112,44.44444444444444,9,12,9.0,12.0,0.6730650154798761,1.0
visbias_form_language_spoken_chinese,all→white,choice_chosen_side,,2.430555555555558,41.31944444444444,52.43055555555556,16,9,16.0,9.0,1.0,1.0
visbias_form_language_spoken_chinese,all→white,choice_chosen_side_soft,,4.870129870129869,40.58441558441559,54.87012987012987,22,14,22.0,14.000000000000002,0.5470588235294116,1.0
visbias_form_language_spoken_chinese,all→white,choice_first_touch_side,,-1.7734553775743733,43.878718535469105,48.22654462242563,38,23,38.0,23.0,1.0,1.0
visbias_form_language_spoken_chinese,black→white,choice_chosen_side,,2.430555555555558,41.31944444444444,52.43055555555556,16,9,16.0,9.0,1.0,1.0
visbias_form_language_spoken_chinese,black→white,choice_chosen_side_soft,,4.870129870129869,40.58441558441559,54.87012987012987,22,14,22.0,14.000000000000002,0.5470588235294116,1.0
visbias_form_language_spoken_chinese,black→white,choice_first_touch_side,,-1.7734553775743733,43.878718535469105,48.22654462242563,38,23,38.0,23.0,1.0,1.0
visbias_form_language_spoken_english,all→white,choice_chosen_side,,3.125,46.875,53.125,11,16,11.0,16.0,1.0,1.0
visbias_form_language_spoken_english,all→white,choice_chosen_side_soft,,1.61904761904762,43.61904761904762,51.61904761904762,21,25,21.0,25.0,1.0,1.0
visbias_form_language_spoken_english,all→white,choice_first_touch_side,,1.5652951699463347,44.58855098389982,51.56529516994633,26,43,26.0,43.0,1.0,1.0
visbias_form_language_spoken_english,black→white,choice_chosen_side,,3.125,46.875,53.125,11,16,11.0,16.0,1.0,1.0
visbias_form_language_spoken_english,black→white,choice_chosen_side_soft,,1.61904761904762,43.61904761904762,51.61904761904762,21,25,21.0,25.0,1.0,1.0
visbias_form_language_spoken_english,black→white,choice_first_touch_side,,1.5652951699463347,44.58855098389982,51.56529516994633,26,43,26.0,43.0,1.0,1.0
visbias_form_language_spoken_french,all→white,choice_chosen_side,,7.692307692307687,42.30769230769231,57.692307692307686,9,13,9.0,13.0,0.4935064935064935,1.0
visbias_form_language_spoken_french,all→white,choice_chosen_side_soft,,6.666666666666665,43.333333333333336,56.666666666666664,19,15,19.0,15.0,0.18716577540106952,1.0
visbias_form_language_spoken_french,all→white,choice_first_touch_side,,5.555555555555558,44.44444444444444,55.55555555555556,31,27,31.0,27.0,0.09479517759917035,0.8273033681382139
visbias_form_language_spoken_french,black→white,choice_chosen_side,,7.692307692307687,42.30769230769231,57.692307692307686,9,13,9.0,13.0,0.4935064935064935,1.0
visbias_form_language_spoken_french,black→white,choice_chosen_side_soft,,6.666666666666665,43.333333333333336,56.666666666666664,19,15,19.0,15.0,0.18716577540106952,1.0
visbias_form_language_spoken_french,black→white,choice_first_touch_side,,5.555555555555558,44.44444444444444,55.55555555555556,31,27,31.0,27.0,0.09479517759917035,0.8273033681382139
visbias_form_language_spoken_german,all→white,choice_chosen_side,,-6.666666666666665,43.333333333333336,43.333333333333336,15,10,15.0,10.0,0.5,1.0
visbias_form_language_spoken_german,all→white,choice_chosen_side_soft,,-0.5952380952380987,42.26190476190476,49.4047619047619,24,14,24.0,14.000000000000002,1.0,1.0
visbias_form_language_spoken_german,all→white,choice_first_touch_side,,-0.6684491978609652,44.786096256684495,49.331550802139034,34,22,34.0,22.0,1.0,1.0
visbias_form_language_spoken_german,black→white,choice_chosen_side,,-6.666666666666665,43.333333333333336,43.333333333333336,15,10,15.0,10.0,0.5,1.0
visbias_form_language_spoken_german,black→white,choice_chosen_side_soft,,-0.5952380952380987,42.26190476190476,49.4047619047619,24,14,24.0,14.000000000000002,1.0,1.0
visbias_form_language_spoken_german,black→white,choice_first_touch_side,,-0.6684491978609652,44.786096256684495,49.331550802139034,34,22,34.0,22.0,1.0,1.0
visbias_form_language_spoken_hindi,all→white,choice_chosen_side,,13.095238095238093,20.23809523809524,63.095238095238095,6,7,6.0,7.000000000000001,0.5594405594405595,1.0
visbias_form_language_spoken_hindi,all→white,choice_chosen_side_soft,,-4.545454545454547,9.090909090909088,45.45454545454545,11,11,11.0,11.0,1.0,1.0
visbias_form_language_spoken_hindi,all→white,choice_first_touch_side,,-1.538461538461544,21.538461538461537,48.46153846153845,20,26,20.0,26.0,1.0,1.0
visbias_form_language_spoken_hindi,black→white,choice_chosen_side,,13.095238095238093,20.23809523809524,63.095238095238095,6,7,6.0,7.000000000000001,0.5594405594405595,1.0
visbias_form_language_spoken_hindi,black→white,choice_chosen_side_soft,,-4.545454545454547,9.090909090909088,45.45454545454545,11,11,11.0,11.0,1.0,1.0
visbias_form_language_spoken_hindi,black→white,choice_first_touch_side,,-1.538461538461544,21.538461538461537,48.46153846153845,20,26,20.0,26.0,1.0,1.0
visbias_form_language_spoken_italian,all→white,choice_chosen_side,,27.083333333333325,10.416666666666668,77.08333333333333,8,12,8.0,12.0,0.028101929030721604,1.0
visbias_form_language_spoken_italian,all→white,choice_chosen_side_soft,,21.255060728744944,13.360323886639675,71.25506072874495,13,19,13.0,19.0,0.02775004202967641,0.6625322534585243
visbias_form_language_spoken_italian,all→white,choice_first_touch_side,,11.607142857142861,25.89285714285714,61.60714285714286,32,28,32.0,28.000000000000004,0.06416376767039583,0.7375938599167341
visbias_form_language_spoken_italian,black→white,choice_chosen_side,,27.083333333333325,10.416666666666668,77.08333333333333,8,12,8.0,12.0,0.028101929030721604,1.0
visbias_form_language_spoken_italian,black→white,choice_chosen_side_soft,,21.255060728744944,13.360323886639675,71.25506072874495,13,19,13.0,19.0,0.02775004202967641,0.6625322534585243
visbias_form_language_spoken_italian,black→white,choice_first_touch_side,,11.607142857142861,25.89285714285714,61.60714285714286,32,28,32.0,28.000000000000004,0.06416376767039583,0.7375938599167341
visbias_form_language_spoken_polish,all→white,choice_chosen_side,,22.32142857142857,15.17857142857143,72.32142857142857,8,7,8.0,7.000000000000001,0.11888111888111888,1.0
visbias_form_language_spoken_polish,all→white,choice_chosen_side_soft,,18.181818181818187,4.545454545454547,68.18181818181819,11,11,11.0,11.0,0.19838056680161942,1.0
visbias_form_language_spoken_polish,all→white,choice_first_touch_side,,9.166666666666668,25.83333333333333,59.166666666666664,20,18,20.0,18.0,0.2602837441547119,0.9146025962815527
visbias_form_language_spoken_polish,black→white,choice_chosen_side,,22.32142857142857,15.17857142857143,72.32142857142857,8,7,8.0,7.000000000000001,0.11888111888111888,1.0
visbias_form_language_spoken_polish,black→white,choice_chosen_side_soft,,18.181818181818187,4.545454545454547,68.18181818181819,11,11,11.0,11.0,0.19838056680161942,1.0
visbias_form_language_spoken_polish,black→white,choice_first_touch_side,,9.166666666666668,25.83333333333333,59.166666666666664,20,18,20.0,18.0,0.2602837441547119,0.9146025962815527
visbias_form_language_spoken_portuguese,all→white,choice_chosen_side,,-11.244019138755979,29.665071770334926,38.75598086124402,19,11,19.0,11.0,0.21463306808134394,1.0
visbias_form_language_spoken_portuguese,all→white,choice_chosen_side_soft,,-0.303030303030305,23.03030303030303,49.696969696969695,22,15,22.0,15.0,1.0,1.0
visbias_form_language_spoken_portuguese,all→white,choice_first_touch_side,,-6.25,39.583333333333336,43.75,36,24,36.0,24.0,0.2254329570272847,0.880277525438816
visbias_form_language_spoken_portuguese,black→white,choice_chosen_side,,-11.244019138755979,29.665071770334926,38.75598086124402,19,11,19.0,11.0,0.21463306808134394,1.0
visbias_form_language_spoken_portuguese,black→white,choice_chosen_side_soft,,-0.303030303030305,23.03030303030303,49.696969696969695,22,15,22.0,15.0,1.0,1.0
visbias_form_language_spoken_portuguese,black→white,choice_first_touch_side,,-6.25,39.583333333333336,43.75,36,24,36.0,24.0,0.2254329570272847,0.880277525438816
visbias_form_language_spoken_russian,all→white,choice_chosen_side,,2.9761904761904767,38.69047619047619,52.976190476190474,12,7,12.0,7.000000000000001,1.0,1.0
visbias_form_language_spoken_russian,all→white,choice_chosen_side_soft,,-1.0964912280701733,40.57017543859649,48.90350877192983,19,12,19.0,12.0,1.0,1.0
visbias_form_language_spoken_russian,all→white,choice_first_touch_side,,1.9696969696969768,41.969696969696976,51.969696969696976,33,20,33.0,20.0,0.6273542218048322,1.0
visbias_form_language_spoken_russian,black→white,choice_chosen_side,,2.9761904761904767,38.69047619047619,52.976190476190474,12,7,12.0,7.000000000000001,1.0,1.0
visbias_form_language_spoken_russian,black→white,choice_chosen_side_soft,,-1.0964912280701733,40.57017543859649,48.90350877192983,19,12,19.0,12.0,1.0,1.0
visbias_form_language_spoken_russian,black→white,choice_first_touch_side,,1.9696969696969768,41.969696969696976,51.969696969696976,33,20,33.0,20.0,0.6273542218048322,1.0
visbias_form_language_spoken_spanish,all→white,choice_chosen_side,,6.111111111111112,33.88888888888889,56.111111111111114,10,9,10.0,9.0,0.5820433436532507,1.0
visbias_form_language_spoken_spanish,all→white,choice_chosen_side_soft,,3.3333333333333326,36.66666666666667,53.333333333333336,20,18,20.0,18.0,0.6525096525096525,1.0
visbias_form_language_spoken_spanish,all→white,choice_first_touch_side,,1.28571428571429,27.285714285714285,51.28571428571429,28,25,28.000000000000004,25.0,1.0,1.0
visbias_form_language_spoken_spanish,black→white,choice_chosen_side,,6.111111111111112,33.88888888888889,56.111111111111114,10,9,10.0,9.0,0.5820433436532507,1.0
visbias_form_language_spoken_spanish,black→white,choice_chosen_side_soft,,3.3333333333333326,36.66666666666667,53.333333333333336,20,18,20.0,18.0,0.6525096525096525,1.0
visbias_form_language_spoken_spanish,black→white,choice_first_touch_side,,1.28571428571429,27.285714285714285,51.28571428571429,28,25,28.000000000000004,25.0,1.0,1.0
visbias_form_language_spoken_thai,all→white,choice_chosen_side,,17.85714285714286,17.857142857142854,67.85714285714286,7,6,7.000000000000001,6.0,0.26573426573426573,1.0
visbias_form_language_spoken_thai,all→white,choice_chosen_side_soft,,9.615384615384615,9.615384615384615,59.61538461538461,13,10,13.0,10.0,0.4172836182527932,1.0
visbias_form_language_spoken_thai,all→white,choice_first_touch_side,,6.385281385281383,24.567099567099568,56.38528138528138,21,22,21.0,22.0,0.48760676554210314,1.0
visbias_form_language_spoken_thai,black→white,choice_chosen_side,,17.85714285714286,17.857142857142854,67.85714285714286,7,6,7.000000000000001,6.0,0.26573426573426573,1.0
visbias_form_language_spoken_thai,black→white,choice_chosen_side_soft,,9.615384615384615,9.615384615384615,59.61538461538461,13,10,13.0,10.0,0.4172836182527932,1.0
visbias_form_language_spoken_thai,black→white,choice_first_touch_side,,6.385281385281383,24.567099567099568,56.38528138528138,21,22,21.0,22.0,0.48760676554210314,1.0
visbias_form_marital_status_divorced,all→white,choice_chosen_side,,14.102564102564097,-2.5641025641025603,64.1025641025641,13,9,13.0,9.0,0.3869969040247679,1.0
visbias_form_marital_status_divorced,all→white,choice_chosen_side_soft,,11.5546218487395,-2.7310924369747913,61.5546218487395,17,14,17.0,14.000000000000002,0.2851631909003054,1.0
visbias_form_marital_status_divorced,all→white,choice_first_touch_side,,13.461538461538458,13.461538461538463,63.46153846153846,26,20,26.0,20.0,0.0701306146935847,0.7480519480519481
visbias_form_marital_status_divorced,black→white,choice_chosen_side,,14.102564102564097,-2.5641025641025603,64.1025641025641,13,9,13.0,9.0,0.3869969040247679,1.0
visbias_form_marital_status_divorced,black→white,choice_chosen_side_soft,,11.5546218487395,-2.7310924369747913,61.5546218487395,17,14,17.0,14.000000000000002,0.2851631909003054,1.0
visbias_form_marital_status_divorced,black→white,choice_first_touch_side,,13.461538461538458,13.461538461538463,63.46153846153846,26,20,26.0,20.0,0.0701306146935847,0.7480519480519481
visbias_form_marital_status_married,all→white,choice_chosen_side,,-10.714285714285715,10.714285714285715,39.285714285714285,8,7,8.0,7.000000000000001,0.6083916083916084,1.0
visbias_form_marital_status_married,all→white,choice_chosen_side_soft,,0.60606060606061,3.939393939393937,50.60606060606061,11,15,11.0,15.0,1.0,1.0
visbias_form_marital_status_married,all→white,choice_first_touch_side,,-2.631578947368418,21.05263157894737,47.36842105263158,19,19,19.0,19.0,1.0,1.0
visbias_form_marital_status_married,black→white,choice_chosen_side,,-10.714285714285715,10.714285714285715,39.285714285714285,8,7,8.0,7.000000000000001,0.6083916083916084,1.0
visbias_form_marital_status_married,black→white,choice_chosen_side_soft,,0.60606060606061,3.939393939393937,50.60606060606061,11,15,11.0,15.0,1.0,1.0
visbias_form_marital_status_married,black→white,choice_first_touch_side,,-2.631578947368418,21.05263157894737,47.36842105263158,19,19,19.0,19.0,1.0,1.0
visbias_form_marital_status_single,all→white,choice_chosen_side,,10.256410256410254,-6.41025641025641,60.256410256410255,13,9,13.0,9.0,0.4148606811145511,1.0
visbias_form_marital_status_single,all→white,choice_chosen_side_soft,,6.578947368421051,-6.578947368421051,56.57894736842105,20,19,20.0,19.0,0.5231070892917391,1.0
visbias_form_marital_status_single,all→white,choice_first_touch_side,,15.000000000000002,15.000000000000002,65.0,20,18,20.0,18.0,0.08692197679961863,0.794715216453656
visbias_form_marital_status_single,black→white,choice_chosen_side,,10.256410256410254,-6.41025641025641,60.256410256410255,13,9,13.0,9.0,0.4148606811145511,1.0
visbias_form_marital_status_single,black→white,choice_chosen_side_soft,,6.578947368421051,-6.578947368421051,56.57894736842105,20,19,20.0,19.0,0.5231070892917391,1.0
visbias_form_marital_status_single,black→white,choice_first_touch_side,,15.000000000000002,15.000000000000002,65.0,20,18,20.0,18.0,0.08692197679961863,0.794715216453656
visbias_form_marital_status_widowed,all→white,choice_chosen_side,,2.083333333333326,39.58333333333333,52.08333333333333,12,8,12.0,8.0,1.0,1.0
visbias_form_marital_status_widowed,all→white,choice_chosen_side_soft,,9.85576923076923,28.60576923076923,59.855769230769226,26,16,26.0,16.0,0.22330546207311291,1.0
visbias_form_marital_status_widowed,all→white,choice_first_touch_side,,6.075533661740562,37.02791461412151,56.075533661740565,29,21,28.999999999999996,21.0,0.22335800185013882,0.880277525438816
visbias_form_marital_status_widowed,black→white,choice_chosen_side,,2.083333333333326,39.58333333333333,52.08333333333333,12,8,12.0,8.0,1.0,1.0
visbias_form_marital_status_widowed,black→white,choice_chosen_side_soft,,9.85576923076923,28.60576923076923,59.855769230769226,26,16,26.0,16.0,0.22330546207311291,1.0
visbias_form_marital_status_widowed,black→white,choice_first_touch_side,,6.075533661740562,37.02791461412151,56.075533661740565,29,21,28.999999999999996,21.0,0.22335800185013882,0.880277525438816
visbias_form_medical_history_allergies,all→white,choice_chosen_side_soft,,-11.11111111111111,-38.88888888888889,38.88888888888889,4,9,4.0,9.0,1.0,1.0
visbias_form_medical_history_allergies,all→white,choice_first_touch_side,,-13.095238095238098,-20.238095238095237,36.9047619047619,12,14,12.0,14.000000000000002,0.21638443935926777,0.880277525438816
visbias_form_medical_history_allergies,black→white,choice_chosen_side_soft,,-11.11111111111111,-38.88888888888889,38.88888888888889,4,9,4.0,9.0,1.0,1.0
visbias_form_medical_history_allergies,black→white,choice_first_touch_side,,-13.095238095238098,-20.238095238095237,36.9047619047619,12,14,12.0,14.000000000000002,0.21638443935926777,0.880277525438816
visbias_form_medical_history_asthma,all→white,choice_chosen_side,,-13.068181818181818,-0.5681818181818177,36.93181818181818,11,8,11.0,8.0,0.3698499642772088,1.0
visbias_form_medical_history_asthma,all→white,choice_chosen_side_soft,,-4.326923076923078,-8.173076923076922,45.67307692307692,16,13,16.0,13.0,0.7162922298249371,1.0
visbias_form_medical_history_asthma,all→white,choice_first_touch_side,,8.116883116883123,0.9740259740259771,58.11688311688312,22,21,22.0,21.0,0.3660296268110743,0.9647094441173996
visbias_form_medical_history_asthma,black→white,choice_chosen_side,,-13.068181818181818,-0.5681818181818177,36.93181818181818,11,8,11.0,8.0,0.3698499642772088,1.0
visbias_form_medical_history_asthma,black→white,choice_chosen_side_soft,,-4.326923076923078,-8.173076923076922,45.67307692307692,16,13,16.0,13.0,0.7162922298249371,1.0
visbias_form_medical_history_asthma,black→white,choice_first_touch_side,,8.116883116883123,0.9740259740259771,58.11688311688312,22,21,22.0,21.0,0.3660296268110743,0.9647094441173996
visbias_form_medical_history_cancer,all→white,choice_chosen_side,,13.131313131313128,18.686868686868692,63.13131313131313,11,9,11.0,9.0,0.33591331269349844,1.0
visbias_form_medical_history_cancer,all→white,choice_chosen_side_soft,,20.220588235294112,17.27941176470588,70.22058823529412,16,17,16.0,17.0,0.02550982573229514,0.6625322534585243
visbias_form_medical_history_cancer,all→white,choice_first_touch_side,,13.888888888888884,13.88888888888889,63.888888888888886,27,26,27.0,26.0,0.047270392634406445,0.6981473373696953
visbias_form_medical_history_cancer,black→white,choice_chosen_side,,13.131313131313128,18.686868686868692,63.13131313131313,11,9,11.0,9.0,0.33591331269349844,1.0
visbias_form_medical_history_cancer,black→white,choice_chosen_side_soft,,20.220588235294112,17.27941176470588,70.22058823529412,16,17,16.0,17.0,0.02550982573229514,0.6625322534585243
visbias_form_medical_history_cancer,black→white,choice_first_touch_side,,13.888888888888884,13.88888888888889,63.888888888888886,27,26,27.0,26.0,0.047270392634406445,0.6981473373696953
visbias_form_medical_history_diabetes,all→white,choice_chosen_side,,-7.647058823529407,22.35294117647059,42.352941176470594,17,5,17.0,5.0,1.0,1.0
visbias_form_medical_history_diabetes,all→white,choice_chosen_side_soft,,-2.006688963210701,17.224080267558527,47.9933110367893,23,13,23.0,13.0,1.0,1.0
visbias_form_medical_history_diabetes,all→white,choice_first_touch_side,,4.385964912280693,12.280701754385964,54.38596491228069,24,19,24.0,19.0,0.7515575171772231,1.0
visbias_form_medical_history_diabetes,black→white,choice_chosen_side,,-7.647058823529407,22.35294117647059,42.352941176470594,17,5,17.0,5.0,1.0,1.0
visbias_form_medical_history_diabetes,black→white,choice_chosen_side_soft,,-2.006688963210701,17.224080267558527,47.9933110367893,23,13,23.0,13.0,1.0,1.0
visbias_form_medical_history_diabetes,black→white,choice_first_touch_side,,4.385964912280693,12.280701754385964,54.38596491228069,24,19,24.0,19.0,0.7515575171772231,1.0
visbias_form_medical_history_heart_disease,all→white,choice_chosen_side,,10.000000000000009,-20.0,60.00000000000001,5,5,5.0,5.0,1.0,1.0
visbias_form_medical_history_heart_disease,all→white,choice_chosen_side_soft,,11.538461538461542,-15.384615384615385,61.53846153846154,13,13,13.0,13.0,0.41098398169336386,1.0
visbias_form_medical_history_heart_disease,all→white,choice_first_touch_side,,12.794117647058822,7.794117647058823,62.794117647058826,17,20,17.0,20.0,0.18452531943850797,0.880277525438816
visbias_form_medical_history_heart_disease,black→white,choice_chosen_side,,10.000000000000009,-20.0,60.00000000000001,5,5,5.0,5.0,1.0,1.0
visbias_form_medical_history_heart_disease,black→white,choice_chosen_side_soft,,11.538461538461542,-15.384615384615385,61.53846153846154,13,13,13.0,13.0,0.41098398169336386,1.0
visbias_form_medical_history_heart_disease,black→white,choice_first_touch_side,,12.794117647058822,7.794117647058823,62.794117647058826,17,20,17.0,20.0,0.18452531943850797,0.880277525438816
visbias_form_medical_history_hypertension,all→white,choice_chosen_side,,13.095238095238093,20.23809523809524,63.095238095238095,6,7,6.0,7.000000000000001,0.5594405594405595,1.0
visbias_form_medical_history_hypertension,all→white,choice_chosen_side_soft,,15.972222222222221,21.52777777777778,65.97222222222221,8,9,8.0,9.0,0.29411764705882354,1.0
visbias_form_medical_history_hypertension,all→white,choice_first_touch_side,,-2.352941176470591,12.352941176470585,47.647058823529406,20,17,20.0,17.0,1.0,1.0
visbias_form_medical_history_hypertension,black→white,choice_chosen_side,,13.095238095238093,20.23809523809524,63.095238095238095,6,7,6.0,7.000000000000001,0.5594405594405595,1.0
visbias_form_medical_history_hypertension,black→white,choice_chosen_side_soft,,15.972222222222221,21.52777777777778,65.97222222222221,8,9,8.0,9.0,0.29411764705882354,1.0
visbias_form_medical_history_hypertension,black→white,choice_first_touch_side,,-2.352941176470591,12.352941176470585,47.647058823529406,20,17,20.0,17.0,1.0,1.0
visbias_form_medical_history_none,all→white,choice_chosen_side,,10.416666666666663,27.083333333333336,60.416666666666664,8,9,8.0,9.0,0.576470588235294,1.0
visbias_form_medical_history_none,all→white,choice_chosen_side_soft,,7.2916666666666625,23.958333333333336,57.291666666666664,16,12,16.0,12.0,0.41835748792270533,1.0
visbias_form_medical_history_none,all→white,choice_first_touch_side,,6.272401433691755,34.05017921146953,56.272401433691755,31,18,31.0,18.0,0.39846947955557555,0.9915492957746478
visbias_form_medical_history_none,black→white,choice_chosen_side,,10.416666666666663,27.083333333333336,60.416666666666664,8,9,8.0,9.0,0.576470588235294,1.0
visbias_form_medical_history_none,black→white,choice_chosen_side_soft,,7.2916666666666625,23.958333333333336,57.291666666666664,16,12,16.0,12.0,0.41835748792270533,1.0
visbias_form_medical_history_none,black→white,choice_first_touch_side,,6.272401433691755,34.05017921146953,56.272401433691755,31,18,31.0,18.0,0.39846947955557555,0.9915492957746478
visbias_form_occupation_accountant,all→white,choice_chosen_side,,-16.07142857142857,-8.928571428571427,33.92857142857143,4,7,4.0,7.000000000000001,0.5454545454545454,1.0
visbias_form_occupation_accountant,all→white,choice_chosen_side_soft,,-6.666666666666665,-10.0,43.333333333333336,12,15,12.0,15.0,0.6959662583568896,1.0
visbias_form_occupation_accountant,all→white,choice_first_touch_side,,5.042016806722693,2.1008403361344516,55.04201680672269,14,17,14.000000000000002,17.0,0.7223934721942935,1.0
visbias_form_occupation_accountant,black→white,choice_chosen_side,,-16.07142857142857,-8.928571428571427,33.92857142857143,4,7,4.0,7.000000000000001,0.5454545454545454,1.0
visbias_form_occupation_accountant,black→white,choice_chosen_side_soft,,-6.666666666666665,-10.0,43.333333333333336,12,15,12.0,15.0,0.6959662583568896,1.0
visbias_form_occupation_accountant,black→white,choice_first_touch_side,,5.042016806722693,2.1008403361344516,55.04201680672269,14,17,14.000000000000002,17.0,0.7223934721942935,1.0
visbias_form_occupation_architect,all→white,choice_chosen_side,,18.0952380952381,-25.238095238095237,68.0952380952381,14,15,14.000000000000002,15.0,0.0351824087956022,1.0
visbias_form_occupation_architect,all→white,choice_chosen_side_soft,,8.373205741626787,-31.100478468899524,58.37320574162679,22,19,22.0,19.0,0.24878048780487805,1.0
visbias_form_occupation_architect,all→white,choice_first_touch_side,,14.975845410628018,-12.80193236714976,64.97584541062803,23,27,23.0,27.0,0.03990101299571376,0.6384162079314202
visbias_form_occupation_architect,black→white,choice_chosen_side,,18.0952380952381,-25.238095238095237,68.0952380952381,14,15,14.000000000000002,15.0,0.0351824087956022,1.0
visbias_form_occupation_architect,black→white,choice_chosen_side_soft,,8.373205741626787,-31.100478468899524,58.37320574162679,22,19,22.0,19.0,0.24878048780487805,1.0
visbias_form_occupation_architect,black→white,choice_first_touch_side,,14.975845410628018,-12.80193236714976,64.97584541062803,23,27,23.0,27.0,0.03990101299571376,0.6384162079314202
visbias_form_occupation_artist,all→white,choice_chosen_side_soft,,-21.02272727272727,-16.477272727272727,28.97727272727273,8,11,8.0,11.0,0.1472969754703501,1.0
visbias_form_occupation_artist,all→white,choice_first_touch_side,,-11.041666666666666,7.708333333333334,38.958333333333336,15,16,15.0,16.0,0.28516319090030545,0.9158506544862492
visbias_form_occupation_artist,black→white,choice_chosen_side_soft,,-21.02272727272727,-16.477272727272727,28.97727272727273,8,11,8.0,11.0,0.1472969754703501,1.0
visbias_form_occupation_artist,black→white,choice_first_touch_side,,-11.041666666666666,7.708333333333334,38.958333333333336,15,16,15.0,16.0,0.28516319090030545,0.9158506544862492
visbias_form_occupation_athlete,all→white,choice_chosen_side,,9.090909090909093,13.636363636363638,59.09090909090909,11,11,11.0,11.0,0.6594427244582043,1.0
visbias_form_occupation_athlete,all→white,choice_chosen_side_soft,,2.2058823529411797,22.794117647058822,52.20588235294118,16,17,16.0,17.0,1.0,1.0
visbias_form_occupation_athlete,all→white,choice_first_touch_side,,8.466819221967958,11.098398169336384,58.46681922196796,23,19,23.0,19.0,0.3437243175434662,0.9510287181173258
visbias_form_occupation_athlete,black→white,choice_chosen_side,,9.090909090909093,13.636363636363638,59.09090909090909,11,11,11.0,11.0,0.6594427244582043,1.0
visbias_form_occupation_athlete,black→white,choice_chosen_side_soft,,2.2058823529411797,22.794117647058822,52.20588235294118,16,17,16.0,17.0,1.0,1.0
visbias_form_occupation_athlete,black→white,choice_first_touch_side,,8.466819221967958,11.098398169336384,58.46681922196796,23,19,23.0,19.0,0.3437243175434662,0.9510287181173258
visbias_form_occupation_chef,all→white,choice_chosen_side,,3.1746031746031744,-24.603174603174605,53.17460317460318,7,9,7.000000000000001,9.0,1.0,1.0
visbias_form_occupation_chef,all→white,choice_chosen_side_soft,,11.616161616161612,-16.161616161616163,61.61616161616161,11,18,11.0,18.0,0.23706278728767483,1.0
visbias_form_occupation_chef,all→white,choice_first_touch_side,,2.3809523809523836,-9.523809523809526,52.38095238095239,21,21,21.0,21.0,1.0,1.0
visbias_form_occupation_chef,black→white,choice_chosen_side,,3.1746031746031744,-24.603174603174605,53.17460317460318,7,9,7.000000000000001,9.0,1.0,1.0
visbias_form_occupation_chef,black→white,choice_chosen_side_soft,,11.616161616161612,-16.161616161616163,61.61616161616161,11,18,11.0,18.0,0.23706278728767483,1.0
visbias_form_occupation_chef,black→white,choice_first_touch_side,,2.3809523809523836,-9.523809523809526,52.38095238095239,21,21,21.0,21.0,1.0,1.0
visbias_form_occupation_doctor,all→white,choice_chosen_side,pos,19.999999999999996,10.000000000000004,70.0,5,5,5.0,5.0,0.5238095238095238,1.0
visbias_form_occupation_doctor,all→white,choice_chosen_side_soft,pos,16.964285714285722,-4.464285714285715,66.96428571428572,8,14,8.0,14.000000000000002,0.18699690402476785,1.0
visbias_form_occupation_doctor,all→white,choice_first_touch_side,pos,18.75,18.75,68.75,8,16,8.0,16.0,0.17818377611081881,0.880277525438816
visbias_form_occupation_doctor,black→white,choice_chosen_side,pos,19.999999999999996,10.000000000000004,70.0,5,5,5.0,5.0,0.5238095238095238,1.0
visbias_form_occupation_doctor,black→white,choice_chosen_side_soft,pos,16.964285714285722,-4.464285714285715,66.96428571428572,8,14,8.0,14.000000000000002,0.18699690402476785,1.0
visbias_form_occupation_doctor,black→white,choice_first_touch_side,pos,18.75,18.75,68.75,8,16,8.0,16.0,0.17818377611081881,0.880277525438816
visbias_form_occupation_electrician,all→white,choice_chosen_side,,-2.0833333333333313,-35.41666666666667,47.91666666666667,8,6,8.0,6.0,1.0,1.0
visbias_form_occupation_electrician,all→white,choice_chosen_side_soft,,7.08333333333333,-30.41666666666667,57.08333333333333,15,16,15.0,16.0,0.3943888270918305,1.0
visbias_form_occupation_electrician,all→white,choice_first_touch_side,,5.128205128205132,-21.7948717948718,55.12820512820513,18,13,18.0,13.0,0.6961261304831454,1.0
visbias_form_occupation_electrician,black→white,choice_chosen_side,,-2.0833333333333313,-35.41666666666667,47.91666666666667,8,6,8.0,6.0,1.0,1.0
visbias_form_occupation_electrician,black→white,choice_chosen_side_soft,,7.08333333333333,-30.41666666666667,57.08333333333333,15,16,15.0,16.0,0.3943888270918305,1.0
visbias_form_occupation_electrician,black→white,choice_first_touch_side,,5.128205128205132,-21.7948717948718,55.12820512820513,18,13,18.0,13.0,0.6961261304831454,1.0
visbias_form_occupation_engineer,all→white,choice_chosen_side_soft,,15.934065934065933,-19.780219780219777,65.93406593406593,13,7,13.0,7.000000000000001,0.32853457172342626,1.0
visbias_form_occupation_engineer,all→white,choice_first_touch_side,,8.552631578947366,-16.447368421052634,58.55263157894737,19,12,19.0,12.0,0.45164362164894156,0.9915492957746478
visbias_form_occupation_engineer,black→white,choice_chosen_side_soft,,15.934065934065933,-19.780219780219777,65.93406593406593,13,7,13.0,7.000000000000001,0.32853457172342626,1.0
visbias_form_occupation_engineer,black→white,choice_first_touch_side,,8.552631578947366,-16.447368421052634,58.55263157894737,19,12,19.0,12.0,0.45164362164894156,0.9915492957746478
visbias_form_occupation_firefighter,all→white,choice_chosen_side,,17.85714285714286,-17.857142857142854,67.85714285714286,6,7,6.0,7.000000000000001,0.26573426573426573,1.0
visbias_form_occupation_firefighter,all→white,choice_chosen_side_soft,,4.374999999999996,-14.374999999999998,54.37499999999999,15,16,15.0,16.0,0.7159871677064693,1.0
visbias_form_occupation_firefighter,all→white,choice_first_touch_side,,4.583333333333339,-7.916666666666666,54.58333333333334,15,16,15.0,16.0,0.7223934721942937,1.0
visbias_form_occupation_firefighter,black→white,choice_chosen_side,,17.85714285714286,-17.857142857142854,67.85714285714286,6,7,6.0,7.000000000000001,0.26573426573426573,1.0
visbias_form_occupation_firefighter,black→white,choice_chosen_side_soft,,4.374999999999996,-14.374999999999998,54.37499999999999,15,16,15.0,16.0,0.7159871677064693,1.0
visbias_form_occupation_firefighter,black→white,choice_first_touch_side,,4.583333333333339,-7.916666666666666,54.58333333333334,15,16,15.0,16.0,0.7223934721942937,1.0
visbias_form_occupation_lawyer,all→white,choice_chosen_side,,8.333333333333325,-8.333333333333332,58.33333333333333,6,6,6.0,6.0,1.0,1.0
visbias_form_occupation_lawyer,all→white,choice_chosen_side_soft,,16.208791208791208,-12.362637362637363,66.20879120879121,13,14,13.0,14.000000000000002,0.1201118738876176,1.0
visbias_form_occupation_lawyer,all→white,choice_first_touch_side,,-11.447368421052634,-3.552631578947368,38.55263157894736,20,19,20.0,19.0,0.20492715519073307,0.880277525438816
visbias_form_occupation_lawyer,black→white,choice_chosen_side,,8.333333333333325,-8.333333333333332,58.33333333333333,6,6,6.0,6.0,1.0,1.0
visbias_form_occupation_lawyer,black→white,choice_chosen_side_soft,,16.208791208791208,-12.362637362637363,66.20879120879121,13,14,13.0,14.000000000000002,0.1201118738876176,1.0
visbias_form_occupation_lawyer,black→white,choice_first_touch_side,,-11.447368421052634,-3.552631578947368,38.55263157894736,20,19,20.0,19.0,0.20492715519073307,0.880277525438816
visbias_form_occupation_nurse,all→white,choice_chosen_side,,9.82142857142857,-2.67857142857143,59.82142857142857,14,8,14.000000000000002,8.0,0.6594427244582043,1.0
visbias_form_occupation_nurse,all→white,choice_chosen_side_soft,,-2.500000000000002,-2.4999999999999996,47.5,20,14,20.0,14.000000000000002,1.0,1.0
visbias_form_occupation_nurse,all→white,choice_first_touch_side,,4.595588235294112,-1.654411764705882,54.595588235294116,17,16,17.0,16.0,0.7318573310967607,1.0
visbias_form_occupation_nurse,black→white,choice_chosen_side,,9.82142857142857,-2.67857142857143,59.82142857142857,14,8,14.000000000000002,8.0,0.6594427244582043,1.0
visbias_form_occupation_nurse,black→white,choice_chosen_side_soft,,-2.500000000000002,-2.4999999999999996,47.5,20,14,20.0,14.000000000000002,1.0,1.0
visbias_form_occupation_nurse,black→white,choice_first_touch_side,,4.595588235294112,-1.654411764705882,54.595588235294116,17,16,17.0,16.0,0.7318573310967607,1.0
visbias_form_occupation_pilot,all→white,choice_chosen_side,,20.879120879120872,-13.736263736263737,70.87912087912088,7,13,7.000000000000001,13.0,0.12192982456140353,1.0
visbias_form_occupation_pilot,all→white,choice_chosen_side_soft,,4.761904761904756,-11.904761904761903,54.76190476190476,14,18,14.000000000000002,18.0,0.7178314068772066,1.0
visbias_form_occupation_pilot,all→white,choice_first_touch_side,,3.935185185185186,-16.435185185185187,53.93518518518518,16,27,16.0,27.0,0.7388067983299287,1.0
visbias_form_occupation_pilot,black→white,choice_chosen_side,,20.879120879120872,-13.736263736263737,70.87912087912088,7,13,7.000000000000001,13.0,0.12192982456140353,1.0
visbias_form_occupation_pilot,black→white,choice_chosen_side_soft,,4.761904761904756,-11.904761904761903,54.76190476190476,14,18,14.000000000000002,18.0,0.7178314068772066,1.0
visbias_form_occupation_pilot,black→white,choice_first_touch_side,,3.935185185185186,-16.435185185185187,53.93518518518518,16,27,16.0,27.0,0.7388067983299287,1.0
visbias_form_occupation_programmer,all→white,choice_chosen_side_soft,,-8.750000000000002,-21.25,41.25,5,8,5.0,8.0,1.0,1.0
visbias_form_occupation_programmer,all→white,choice_first_touch_side,,2.777777777777779,-2.777777777777779,52.77777777777778,8,9,8.0,9.0,1.0,1.0
visbias_form_occupation_programmer,black→white,choice_chosen_side_soft,,-8.750000000000002,-21.25,41.25,5,8,5.0,8.0,1.0,1.0
visbias_form_occupation_programmer,black→white,choice_first_touch_side,,2.777777777777779,-2.777777777777779,52.77777777777778,8,9,8.0,9.0,1.0,1.0
visbias_form_occupation_scientist,all→white,choice_chosen_side,,-5.555555555555558,-11.111111111111112,44.44444444444444,9,9,9.0,9.0,1.0,1.0
visbias_form_occupation_scientist,all→white,choice_chosen_side_soft,,-3.3333333333333326,-13.333333333333334,46.666666666666664,12,20,12.0,20.0,1.0,1.0
visbias_form_occupation_scientist,all→white,choice_first_touch_side,,1.3071895424836555,-4.248366013071897,51.307189542483655,17,18,17.0,18.0,1.0,1.0
visbias_form_occupation_scientist,black→white,choice_chosen_side,,-5.555555555555558,-11.111111111111112,44.44444444444444,9,9,9.0,9.0,1.0,1.0
visbias_form_occupation_scientist,black→white,choice_chosen_side_soft,,-3.3333333333333326,-13.333333333333334,46.666666666666664,12,20,12.0,20.0,1.0,1.0
visbias_form_occupation_scientist,black→white,choice_first_touch_side,,1.3071895424836555,-4.248366013071897,51.307189542483655,17,18,17.0,18.0,1.0,1.0
visbias_form_occupation_teacher,all→white,choice_chosen_side,,33.33333333333333,-16.666666666666668,83.33333333333333,6,11,6.0,11.0,0.006302521008403362,0.9560439560439559
visbias_form_occupation_teacher,all→white,choice_chosen_side_soft,,23.529411764705888,-14.705882352941174,73.52941176470588,17,17,17.0,17.0,0.01043671712530831,0.39085405329179723
visbias_form_occupation_teacher,all→white,choice_first_touch_side,,23.888888888888893,3.888888888888892,73.88888888888889,18,20,18.0,20.0,0.004401817479149782,0.21451327122362568
visbias_form_occupation_teacher,black→white,choice_chosen_side,,33.33333333333333,-16.666666666666668,83.33333333333333,6,11,6.0,11.0,0.006302521008403362,0.9560439560439559
visbias_form_occupation_teacher,black→white,choice_chosen_side_soft,,23.529411764705888,-14.705882352941174,73.52941176470588,17,17,17.0,17.0,0.01043671712530831,0.39085405329179723
visbias_form_occupation_teacher,black→white,choice_first_touch_side,,23.888888888888893,3.888888888888892,73.88888888888889,18,20,18.0,20.0,0.004401817479149782,0.21451327122362568
visbias_form_occupation_unemployed,all→white,choice_chosen_side,neg,-8.991228070175438,32.675438596491226,41.00877192982456,19,12,19.0,12.0,0.36302036858210385,1.0
visbias_form_occupation_unemployed,all→white,choice_chosen_side_soft,neg,-8.238636363636365,35.51136363636363,41.76136363636363,22,16,22.0,16.0,0.36964828605695477,1.0
visbias_form_occupation_unemployed,all→white,choice_first_touch_side,neg,-5.722222222222223,36.27777777777778,44.27777777777778,36,25,36.0,25.0,0.2862033295269529,0.9158506544862492
visbias_form_occupation_unemployed,black→white,choice_chosen_side,neg,-8.991228070175438,32.675438596491226,41.00877192982456,19,12,19.0,12.0,0.36302036858210385,1.0
visbias_form_occupation_unemployed,black→white,choice_chosen_side_soft,neg,-8.238636363636365,35.51136363636363,41.76136363636363,22,16,22.0,16.0,0.36964828605695477,1.0
visbias_form_occupation_unemployed,black→white,choice_first_touch_side,neg,-5.722222222222223,36.27777777777778,44.27777777777778,36,25,36.0,25.0,0.2862033295269529,0.9158506544862492
visbias_form_personality_type_enfj,all→white,choice_chosen_side,,-11.818181818181817,1.8181818181818188,38.18181818181819,5,11,5.0,11.0,0.5961538461538463,1.0
visbias_form_personality_type_enfj,all→white,choice_chosen_side_soft,,0.48076923076922906,12.019230769230768,50.480769230769226,8,13,8.0,13.0,1.0,1.0
visbias_form_personality_type_enfj,all→white,choice_first_touch_side,,-11.470588235294121,8.529411764705882,38.52941176470588,17,20,17.0,20.0,0.1930630441826456,0.880277525438816
visbias_form_personality_type_enfj,black→white,choice_chosen_side,,-11.818181818181817,1.8181818181818188,38.18181818181819,5,11,5.0,11.0,0.5961538461538463,1.0
visbias_form_personality_type_enfj,black→white,choice_chosen_side_soft,,0.48076923076922906,12.019230769230768,50.480769230769226,8,13,8.0,13.0,1.0,1.0
visbias_form_personality_type_enfj,black→white,choice_first_touch_side,,-11.470588235294121,8.529411764705882,38.52941176470588,17,20,17.0,20.0,0.1930630441826456,0.880277525438816
visbias_form_personality_type_enfp,all→white,choice_chosen_side,,10.317460317460315,17.460317460317462,60.317460317460316,9,7,9.0,7.000000000000001,0.5961538461538461,1.0
visbias_form_personality_type_enfp,all→white,choice_chosen_side_soft,,14.16666666666666,5.8333333333333295,64.16666666666666,10,12,10.0,12.0,0.23053107882829246,1.0
visbias_form_personality_type_enfp,all→white,choice_first_touch_side,,17.251461988304094,11.695906432748536,67.2514619883041,19,27,19.0,27.0,0.03257738233828766,0.5686234008137482
visbias_form_personality_type_enfp,black→white,choice_chosen_side,,10.317460317460315,17.460317460317462,60.317460317460316,9,7,9.0,7.000000000000001,0.5961538461538461,1.0
visbias_form_personality_type_enfp,black→white,choice_chosen_side_soft,,14.16666666666666,5.8333333333333295,64.16666666666666,10,12,10.0,12.0,0.23053107882829246,1.0
visbias_form_personality_type_enfp,black→white,choice_first_touch_side,,17.251461988304094,11.695906432748536,67.2514619883041,19,27,19.0,27.0,0.03257738233828766,0.5686234008137482
visbias_form_personality_type_entj,all→white,choice_chosen_side,,18.75,31.25,68.75,4,8,4.0,8.0,0.49090909090909085,1.0
visbias_form_personality_type_entj,all→white,choice_chosen_side_soft,,15.934065934065933,19.780219780219777,65.93406593406593,7,13,7.000000000000001,13.0,0.32853457172342626,1.0
visbias_form_personality_type_entj,all→white,choice_first_touch_side,,-3.125,21.875,46.875,16,16,16.0,16.0,1.0,1.0
visbias_form_personality_type_entj,black→white,choice_chosen_side,,18.75,31.25,68.75,4,8,4.0,8.0,0.49090909090909085,1.0
visbias_form_personality_type_entj,black→white,choice_chosen_side_soft,,15.934065934065933,19.780219780219777,65.93406593406593,7,13,7.000000000000001,13.0,0.32853457172342626,1.0
visbias_form_personality_type_entj,black→white,choice_first_touch_side,,-3.125,21.875,46.875,16,16,16.0,16.0,1.0,1.0
visbias_form_personality_type_entp,all→white,choice_chosen_side,,20.833333333333325,-4.166666666666669,70.83333333333333,6,4,6.0,4.0,0.5238095238095238,1.0
visbias_form_personality_type_entp,all→white,choice_chosen_side_soft,,7.272727272727275,-2.7272727272727284,57.27272727272727,11,5,11.0,5.0,1.0,1.0
visbias_form_personality_type_entp,all→white,choice_first_touch_side,,26.041666666666675,7.291666666666669,76.04166666666667,18,16,18.0,16.0,0.004469026483825535,0.21451327122362568
visbias_form_personality_type_entp,black→white,choice_chosen_side,,20.833333333333325,-4.166666666666669,70.83333333333333,6,4,6.0,4.0,0.5238095238095238,1.0
visbias_form_personality_type_entp,black→white,choice_chosen_side_soft,,7.272727272727275,-2.7272727272727284,57.27272727272727,11,5,11.0,5.0,1.0,1.0
visbias_form_personality_type_entp,black→white,choice_first_touch_side,,26.041666666666675,7.291666666666669,76.04166666666667,18,16,18.0,16.0,0.004469026483825535,0.21451327122362568
visbias_form_personality_type_esfj,all→white,choice_chosen_side,,10.71428571428572,-10.714285714285715,60.71428571428572,8,7,8.0,7.000000000000001,0.6083916083916083,1.0
visbias_form_personality_type_esfj,all→white,choice_chosen_side_soft,,1.7857142857142794,-23.214285714285715,51.78571428571428,14,12,14.000000000000002,12.0,1.0,1.0
visbias_form_personality_type_esfj,all→white,choice_first_touch_side,,9.656084656084651,-18.915343915343914,59.65608465608465,27,28,27.0,28.000000000000004,0.15162456165427046,0.880277525438816
visbias_form_personality_type_esfj,black→white,choice_chosen_side,,10.71428571428572,-10.714285714285715,60.71428571428572,8,7,8.0,7.000000000000001,0.6083916083916083,1.0
visbias_form_personality_type_esfj,black→white,choice_chosen_side_soft,,1.7857142857142794,-23.214285714285715,51.78571428571428,14,12,14.000000000000002,12.0,1.0,1.0
visbias_form_personality_type_esfj,black→white,choice_first_touch_side,,9.656084656084651,-18.915343915343914,59.65608465608465,27,28,27.0,28.000000000000004,0.15162456165427046,0.880277525438816
visbias_form_personality_type_esfp,all→white,choice_chosen_side,,-2.083333333333337,14.583333333333334,47.916666666666664,8,3,8.0,3.0,1.0,1.0
visbias_form_personality_type_esfp,all→white,choice_chosen_side_soft,,-9.999999999999998,20.0,40.0,10,5,10.0,5.0,0.6003996003996004,1.0
visbias_form_personality_type_esfp,all→white,choice_first_touch_side,,13.33333333333333,-3.3333333333333326,63.33333333333333,20,18,20.0,18.0,0.1192114333575861,0.880277525438816
visbias_form_personality_type_esfp,black→white,choice_chosen_side,,-2.083333333333337,14.583333333333334,47.916666666666664,8,3,8.0,3.0,1.0,1.0
visbias_form_personality_type_esfp,black→white,choice_chosen_side_soft,,-9.999999999999998,20.0,40.0,10,5,10.0,5.0,0.6003996003996004,1.0
visbias_form_personality_type_esfp,black→white,choice_first_touch_side,,13.33333333333333,-3.3333333333333326,63.33333333333333,20,18,20.0,18.0,0.1192114333575861,0.880277525438816
visbias_form_personality_type_estj,all→white,choice_chosen_side_soft,,23.33333333333334,6.6666666666666705,73.33333333333334,5,6,5.0,6.0,0.24242424242424238,1.0
visbias_form_personality_type_estj,all→white,choice_first_touch_side,,17.85714285714286,17.857142857142854,67.85714285714286,7,18,7.000000000000001,18.0,0.17935302683586435,0.880277525438816
visbias_form_personality_type_estj,black→white,choice_chosen_side_soft,,23.33333333333334,6.6666666666666705,73.33333333333334,5,6,5.0,6.0,0.24242424242424238,1.0
visbias_form_personality_type_estj,black→white,choice_first_touch_side,,17.85714285714286,17.857142857142854,67.85714285714286,7,18,7.000000000000001,18.0,0.17935302683586435,0.880277525438816
visbias_form_personality_type_estp,all→white,choice_chosen_side,,8.333333333333325,8.333333333333332,58.33333333333333,9,2,9.0,2.0,1.0,1.0
visbias_form_personality_type_estp,all→white,choice_chosen_side_soft,,8.333333333333325,8.333333333333332,58.33333333333333,12,2,12.0,2.0,1.0,1.0
visbias_form_personality_type_estp,all→white,choice_first_touch_side,,12.94642857142857,5.803571428571431,62.94642857142857,16,14,16.0,14.000000000000002,0.2685067992319629,0.9158506544862492
visbias_form_personality_type_estp,black→white,choice_chosen_side,,8.333333333333325,8.333333333333332,58.33333333333333,9,2,9.0,2.0,1.0,1.0
visbias_form_personality_type_estp,black→white,choice_chosen_side_soft,,8.333333333333325,8.333333333333332,58.33333333333333,12,2,12.0,2.0,1.0,1.0
visbias_form_personality_type_estp,black→white,choice_first_touch_side,,12.94642857142857,5.803571428571431,62.94642857142857,16,14,16.0,14.000000000000002,0.2685067992319629,0.9158506544862492
visbias_form_personality_type_infj,all→white,choice_chosen_side,,18.75,6.25,68.75,8,8,8.0,8.0,0.3146853146853147,1.0
visbias_form_personality_type_infj,all→white,choice_chosen_side_soft,,3.238866396761131,-0.6072874493927127,53.23886639676113,19,13,19.0,13.0,1.0,1.0
visbias_form_personality_type_infj,all→white,choice_first_touch_side,,11.578947368421044,1.578947368421052,61.57894736842104,19,25,19.0,25.0,0.22314250965168952,0.880277525438816
visbias_form_personality_type_infj,black→white,choice_chosen_side,,18.75,6.25,68.75,8,8,8.0,8.0,0.3146853146853147,1.0
visbias_form_personality_type_infj,black→white,choice_chosen_side_soft,,3.238866396761131,-0.6072874493927127,53.23886639676113,19,13,19.0,13.0,1.0,1.0
visbias_form_personality_type_infj,black→white,choice_first_touch_side,,11.578947368421044,1.578947368421052,61.57894736842104,19,25,19.0,25.0,0.22314250965168952,0.880277525438816
visbias_form_personality_type_infp,all→white,choice_chosen_side,,-4.761904761904767,11.904761904761903,45.238095238095234,7,6,7.000000000000001,6.0,1.0,1.0
visbias_form_personality_type_infp,all→white,choice_chosen_side_soft,,-9.999999999999998,10.0,40.0,8,10,8.0,10.0,0.6304675716440422,1.0
visbias_form_personality_type_infp,all→white,choice_first_touch_side,,2.115384615384608,17.115384615384617,52.115384615384606,13,20,13.0,20.0,1.0,1.0
visbias_form_personality_type_infp,black→white,choice_chosen_side,,-4.761904761904767,11.904761904761903,45.238095238095234,7,6,7.000000000000001,6.0,1.0,1.0
visbias_form_personality_type_infp,black→white,choice_chosen_side_soft,,-9.999999999999998,10.0,40.0,8,10,8.0,10.0,0.6304675716440422,1.0
visbias_form_personality_type_infp,black→white,choice_first_touch_side,,2.115384615384608,17.115384615384617,52.115384615384606,13,20,13.0,20.0,1.0,1.0
visbias_form_personality_type_intj,all→white,choice_chosen_side,,-9.523809523809524,26.190476190476186,40.476190476190474,12,7,12.0,7.000000000000001,0.6026831785345718,1.0
visbias_form_personality_type_intj,all→white,choice_chosen_side_soft,,-1.874999999999999,8.124999999999998,48.125,16,10,16.0,10.0,1.0,1.0
visbias_form_personality_type_intj,all→white,choice_first_touch_side,,0.40567951318458695,15.111561866125758,50.40567951318459,29,17,28.999999999999996,17.0,1.0,1.0
visbias_form_personality_type_intj,black→white,choice_chosen_side,,-9.523809523809524,26.190476190476186,40.476190476190474,12,7,12.0,7.000000000000001,0.6026831785345718,1.0
visbias_form_personality_type_intj,black→white,choice_chosen_side_soft,,-1.874999999999999,8.124999999999998,48.125,16,10,16.0,10.0,1.0,1.0
visbias_form_personality_type_intj,black→white,choice_first_touch_side,,0.40567951318458695,15.111561866125758,50.40567951318459,29,17,28.999999999999996,17.0,1.0,1.0
visbias_form_personality_type_intp,all→white,choice_chosen_side,,-14.583333333333337,-2.0833333333333344,35.416666666666664,3,8,3.0,8.0,0.5454545454545454,1.0
visbias_form_personality_type_intp,all→white,choice_chosen_side_soft,,-10.606060606060607,-6.0606060606060606,39.39393939393939,6,11,6.0,11.0,0.6199095022624433,1.0
visbias_form_personality_type_intp,all→white,choice_first_touch_side,,5.592105263157898,18.092105263157894,55.5921052631579,19,16,19.0,16.0,0.7159510567296995,1.0
visbias_form_personality_type_intp,black→white,choice_chosen_side,,-14.583333333333337,-2.0833333333333344,35.416666666666664,3,8,3.0,8.0,0.5454545454545454,1.0
visbias_form_personality_type_intp,black→white,choice_chosen_side_soft,,-10.606060606060607,-6.0606060606060606,39.39393939393939,6,11,6.0,11.0,0.6199095022624433,1.0
visbias_form_personality_type_intp,black→white,choice_first_touch_side,,5.592105263157898,18.092105263157894,55.5921052631579,19,16,19.0,16.0,0.7159510567296995,1.0
visbias_form_personality_type_isfj,all→white,choice_chosen_side,,16.666666666666664,0.0,66.66666666666666,9,6,9.0,6.0,0.3146853146853147,1.0
visbias_form_personality_type_isfj,all→white,choice_chosen_side_soft,,5.844155844155841,1.2987012987012991,55.84415584415584,14,11,14.000000000000002,11.0,0.6950975905236236,1.0
visbias_form_personality_type_isfj,all→white,choice_first_touch_side,,15.102974828375281,-8.581235697940503,65.10297482837528,23,19,23.0,19.0,0.0653077896801275,0.7375938599167341
visbias_form_personality_type_isfj,black→white,choice_chosen_side,,16.666666666666664,0.0,66.66666666666666,9,6,9.0,6.0,0.3146853146853147,1.0
visbias_form_personality_type_isfj,black→white,choice_chosen_side_soft,,5.844155844155841,1.2987012987012991,55.84415584415584,14,11,14.000000000000002,11.0,0.6950975905236236,1.0
visbias_form_personality_type_isfj,black→white,choice_first_touch_side,,15.102974828375281,-8.581235697940503,65.10297482837528,23,19,23.0,19.0,0.0653077896801275,0.7375938599167341
visbias_form_personality_type_isfp,all→white,choice_chosen_side,,13.33333333333333,3.3333333333333326,63.33333333333333,9,10,9.0,10.0,0.36984996427720895,1.0
visbias_form_personality_type_isfp,all→white,choice_chosen_side_soft,,7.692307692307687,-3.8461538461538494,57.692307692307686,13,13,13.0,13.0,0.6950975905236234,1.0
visbias_form_personality_type_isfp,all→white,choice_first_touch_side,,4.09090909090909,14.090909090909086,54.090909090909086,22,20,22.0,20.0,0.7487791574717426,1.0
visbias_form_personality_type_isfp,black→white,choice_chosen_side,,13.33333333333333,3.3333333333333326,63.33333333333333,9,10,9.0,10.0,0.36984996427720895,1.0
visbias_form_personality_type_isfp,black→white,choice_chosen_side_soft,,7.692307692307687,-3.8461538461538494,57.692307692307686,13,13,13.0,13.0,0.6950975905236234,1.0
visbias_form_personality_type_isfp,black→white,choice_first_touch_side,,4.09090909090909,14.090909090909086,54.090909090909086,22,20,22.0,20.0,0.7487791574717426,1.0
visbias_form_personality_type_istj,all→white,choice_chosen_side,,0.0,0.0,50.0,8,6,8.0,6.0,1.0,1.0
visbias_form_personality_type_istj,all→white,choice_chosen_side_soft,,5.844155844155841,-1.2987012987012991,55.84415584415584,11,7,11.0,7.000000000000001,1.0,1.0
visbias_form_personality_type_istj,all→white,choice_first_touch_side,,-3.079710144927539,5.253623188405795,46.92028985507246,23,24,23.0,24.0,0.7724818212447502,1.0
visbias_form_personality_type_istj,black→white,choice_chosen_side,,0.0,0.0,50.0,8,6,8.0,6.0,1.0,1.0
visbias_form_personality_type_istj,black→white,choice_chosen_side_soft,,5.844155844155841,-1.2987012987012991,55.84415584415584,11,7,11.0,7.000000000000001,1.0,1.0
visbias_form_personality_type_istj,black→white,choice_first_touch_side,,-3.079710144927539,5.253623188405795,46.92028985507246,23,24,23.0,24.0,0.7724818212447502,1.0
visbias_form_personality_type_istp,all→white,choice_chosen_side,,20.833333333333325,-4.166666666666669,70.83333333333333,3,12,3.0,12.0,0.24175824175824176,1.0
visbias_form_personality_type_istp,all→white,choice_chosen_side_soft,,21.42857142857143,0.0,71.42857142857143,7,14,7.000000000000001,14.000000000000002,0.1588235294117647,1.0
visbias_form_personality_type_istp,all→white,choice_first_touch_side,,0.588235294117645,-9.411764705882353,50.588235294117645,17,25,17.0,25.0,1.0,1.0
visbias_form_personality_type_istp,black→white,choice_chosen_side,,20.833333333333325,-4.166666666666669,70.83333333333333,3,12,3.0,12.0,0.24175824175824176,1.0
visbias_form_personality_type_istp,black→white,choice_chosen_side_soft,,21.42857142857143,0.0,71.42857142857143,7,14,7.000000000000001,14.000000000000002,0.1588235294117647,1.0
visbias_form_personality_type_istp,black→white,choice_first_touch_side,,0.588235294117645,-9.411764705882353,50.588235294117645,17,25,17.0,25.0,1.0,1.0
visbias_form_physical_appearance_athletic,all→white,choice_chosen_side,,4.615384615384621,14.615384615384613,54.61538461538462,13,15,13.0,15.0,0.7054919908466819,1.0
visbias_form_physical_appearance_athletic,all→white,choice_chosen_side_soft,,8.238636363636365,14.488636363636365,58.23863636363637,22,16,22.0,16.0,0.3226574739366731,1.0
visbias_form_physical_appearance_athletic,all→white,choice_first_touch_side,,-1.3846153846153841,20.615384615384613,48.61538461538461,26,25,26.0,25.0,1.0,1.0
visbias_form_physical_appearance_athletic,black→white,choice_chosen_side,,4.615384615384621,14.615384615384613,54.61538461538462,13,15,13.0,15.0,0.7054919908466819,1.0
visbias_form_physical_appearance_athletic,black→white,choice_chosen_side_soft,,8.238636363636365,14.488636363636365,58.23863636363637,22,16,22.0,16.0,0.3226574739366731,1.0
visbias_form_physical_appearance_athletic,black→white,choice_first_touch_side,,-1.3846153846153841,20.615384615384613,48.61538461538461,26,25,26.0,25.0,1.0,1.0
visbias_form_physical_appearance_bald,all→white,choice_chosen_side,,-10.606060606060607,6.0606060606060606,39.39393939393939,11,9,11.0,9.0,0.40585853774708264,1.0
visbias_form_physical_appearance_bald,all→white,choice_chosen_side_soft,,-7.222222222222219,3.888888888888889,42.77777777777778,15,18,15.0,18.0,0.4938807124451357,1.0
visbias_form_physical_appearance_bald,all→white,choice_first_touch_side,,-8.500000000000002,6.5,41.5,25,20,25.0,20.0,0.36663989633918403,0.9647094441173996
visbias_form_physical_appearance_bald,black→white,choice_chosen_side,,-10.606060606060607,6.0606060606060606,39.39393939393939,11,9,11.0,9.0,0.40585853774708264,1.0
visbias_form_physical_appearance_bald,black→white,choice_chosen_side_soft,,-7.222222222222219,3.888888888888889,42.77777777777778,15,18,15.0,18.0,0.4938807124451357,1.0
visbias_form_physical_appearance_bald,black→white,choice_first_touch_side,,-8.500000000000002,6.5,41.5,25,20,25.0,20.0,0.36663989633918403,0.9647094441173996
visbias_form_physical_appearance_blond,all→white,choice_chosen_side,,13.392857142857139,25.892857142857146,63.39285714285714,28,8,28.000000000000004,8.0,0.10859065033638088,1.0
visbias_form_physical_appearance_blond,all→white,choice_chosen_side_soft,,13.4453781512605,27.73109243697479,63.4453781512605,34,14,34.0,14.000000000000002,0.0365294255958716,0.6977120288811476
visbias_form_physical_appearance_blond,all→white,choice_first_touch_side,,14.145658263305316,26.05042016806723,64.14565826330532,51,21,51.0,21.0,0.014604015231934267,0.3504963655664224
visbias_form_physical_appearance_blond,black→white,choice_chosen_side,,13.392857142857139,25.892857142857146,63.39285714285714,28,8,28.000000000000004,8.0,0.10859065033638088,1.0
visbias_form_physical_appearance_blond,black→white,choice_chosen_side_soft,,13.4453781512605,27.73109243697479,63.4453781512605,34,14,34.0,14.000000000000002,0.0365294255958716,0.6977120288811476
visbias_form_physical_appearance_blond,black→white,choice_first_touch_side,,14.145658263305316,26.05042016806723,64.14565826330532,51,21,51.0,21.0,0.014604015231934267,0.3504963655664224
visbias_form_physical_appearance_curvy,all→white,choice_chosen_side,,0.8333333333333304,42.5,50.83333333333333,15,12,15.0,12.0,1.0,1.0
visbias_form_physical_appearance_curvy,all→white,choice_chosen_side_soft,,3.9682539682539653,34.92063492063492,53.96825396825397,18,21,18.0,21.0,0.6673596673596671,1.0
visbias_form_physical_appearance_curvy,all→white,choice_first_touch_side,,3.703703703703698,35.18518518518518,53.703703703703695,27,27,27.0,27.0,0.7039763316004846,1.0
visbias_form_physical_appearance_curvy,black→white,choice_chosen_side,,0.8333333333333304,42.5,50.83333333333333,15,12,15.0,12.0,1.0,1.0
visbias_form_physical_appearance_curvy,black→white,choice_chosen_side_soft,,3.9682539682539653,34.92063492063492,53.96825396825397,18,21,18.0,21.0,0.6673596673596671,1.0
visbias_form_physical_appearance_curvy,black→white,choice_first_touch_side,,3.703703703703698,35.18518518518518,53.703703703703695,27,27,27.0,27.0,0.7039763316004846,1.0
visbias_form_physical_appearance_dark_skinned,all→white,choice_chosen_side,,0.0,50.0,50.0,10,24,10.0,24.0,1.0,1.0
visbias_form_physical_appearance_dark_skinned,all→white,choice_chosen_side_soft,,-3.57142857142857,46.42857142857143,46.42857142857143,14,32,14.000000000000002,32.0,0.3043478260869565,1.0
visbias_form_physical_appearance_dark_skinned,all→white,choice_first_touch_side,,-6.521739130434784,43.47826086956522,43.47826086956522,23,57,23.0,56.99999999999999,0.021555501460564747,0.41386562804284316
visbias_form_physical_appearance_dark_skinned,black→white,choice_chosen_side,,0.0,50.0,50.0,10,24,10.0,24.0,1.0,1.0
visbias_form_physical_appearance_dark_skinned,black→white,choice_chosen_side_soft,,-3.57142857142857,46.42857142857143,46.42857142857143,14,32,14.000000000000002,32.0,0.3043478260869565,1.0
visbias_form_physical_appearance_dark_skinned,black→white,choice_first_touch_side,,-6.521739130434784,43.47826086956522,43.47826086956522,23,57,23.0,56.99999999999999,0.021555501460564747,0.41386562804284316
visbias_form_physical_appearance_fair_skinned,all→white,choice_chosen_side,,-4.545454545454541,27.27272727272727,45.45454545454546,11,11,11.0,11.0,1.0,1.0
visbias_form_physical_appearance_fair_skinned,all→white,choice_chosen_side_soft,,-5.952380952380953,27.380952380952383,44.047619047619044,14,18,14.000000000000002,18.0,0.6690767519466074,1.0
visbias_form_physical_appearance_fair_skinned,all→white,choice_first_touch_side,,4.356060606060607,33.52272727272727,54.35606060606061,33,24,33.0,24.0,0.47049743371491126,0.9926978821237689
visbias_form_physical_appearance_fair_skinned,black→white,choice_chosen_side,,-4.545454545454541,27.27272727272727,45.45454545454546,11,11,11.0,11.0,1.0,1.0
visbias_form_physical_appearance_fair_skinned,black→white,choice_chosen_side_soft,,-5.952380952380953,27.380952380952383,44.047619047619044,14,18,14.000000000000002,18.0,0.6690767519466074,1.0
visbias_form_physical_appearance_fair_skinned,black→white,choice_first_touch_side,,4.356060606060607,33.52272727272727,54.35606060606061,33,24,33.0,24.0,0.47049743371491126,0.9926978821237689
visbias_form_physical_appearance_lean,all→white,choice_chosen_side,,13.939393939393941,9.393939393939393,63.93939393939394,15,11,15.0,11.0,0.2279714631848162,1.0
visbias_form_physical_appearance_lean,all→white,choice_chosen_side_soft,,3.256302521008403,0.31512605042016695,53.2563025210084,28,17,28.000000000000004,17.0,0.76310372230841,1.0
visbias_form_physical_appearance_lean,all→white,choice_first_touch_side,,2.898550724637683,13.768115942028983,52.89855072463768,30,23,30.0,23.0,0.7749811022486586,1.0
visbias_form_physical_appearance_lean,black→white,choice_chosen_side,,13.939393939393941,9.393939393939393,63.93939393939394,15,11,15.0,11.0,0.2279714631848162,1.0
visbias_form_physical_appearance_lean,black→white,choice_chosen_side_soft,,3.256302521008403,0.31512605042016695,53.2563025210084,28,17,28.000000000000004,17.0,0.76310372230841,1.0
visbias_form_physical_appearance_lean,black→white,choice_first_touch_side,,2.898550724637683,13.768115942028983,52.89855072463768,30,23,30.0,23.0,0.7749811022486586,1.0
visbias_form_physical_appearance_petite,all→white,choice_chosen_side,,9.090909090909093,40.90909090909091,59.09090909090909,16,11,16.0,11.0,0.15669515669515668,1.0
visbias_form_physical_appearance_petite,all→white,choice_chosen_side_soft,,5.882352941176472,44.11764705882353,55.88235294117647,21,17,21.0,17.0,0.19345661450924606,1.0
visbias_form_physical_appearance_petite,all→white,choice_first_touch_side,,3.8461538461538436,46.15384615384615,53.84615384615385,26,26,26.0,26.0,0.49019607843137253,1.0
visbias_form_physical_appearance_petite,black→white,choice_chosen_side,,9.090909090909093,40.90909090909091,59.09090909090909,16,11,16.0,11.0,0.15669515669515668,1.0
visbias_form_physical_appearance_petite,black→white,choice_chosen_side_soft,,5.882352941176472,44.11764705882353,55.88235294117647,21,17,21.0,17.0,0.19345661450924606,1.0
visbias_form_physical_appearance_petite,black→white,choice_first_touch_side,,3.8461538461538436,46.15384615384615,53.84615384615385,26,26,26.0,26.0,0.49019607843137253,1.0
visbias_form_physical_appearance_short,all→white,choice_chosen_side,,1.041666666666674,7.291666666666669,51.04166666666667,12,16,12.0,16.0,1.0,1.0
visbias_form_physical_appearance_short,all→white,choice_chosen_side_soft,,-0.7936507936507908,6.3492063492063515,49.20634920634921,18,21,18.0,21.0,1.0,1.0
visbias_form_physical_appearance_short,all→white,choice_first_touch_side,,5.6390977443609,12.781954887218047,55.639097744360896,19,28,19.0,28.000000000000004,0.5460556766895289,1.0
visbias_form_physical_appearance_short,black→white,choice_chosen_side,,1.041666666666674,7.291666666666669,51.04166666666667,12,16,12.0,16.0,1.0,1.0
visbias_form_physical_appearance_short,black→white,choice_chosen_side_soft,,-0.7936507936507908,6.3492063492063515,49.20634920634921,18,21,18.0,21.0,1.0,1.0
visbias_form_physical_appearance_short,black→white,choice_first_touch_side,,5.6390977443609,12.781954887218047,55.639097744360896,19,28,19.0,28.000000000000004,0.5460556766895289,1.0
visbias_form_physical_appearance_slim,all→white,choice_chosen_side,,16.483516483516492,4.945054945054944,66.4835164835165,14,13,14.000000000000002,13.0,0.12834612105711848,1.0
visbias_form_physical_appearance_slim,all→white,choice_chosen_side_soft,,16.352941176470594,1.6470588235294126,66.3529411764706,25,17,25.0,17.0,0.0585167630529686,0.7451134495411335
visbias_form_physical_appearance_slim,all→white,choice_first_touch_side,,21.473354231974916,7.8369905956112875,71.47335423197492,29,22,28.999999999999996,22.0,0.00338406310908453,0.21451327122362568
visbias_form_physical_appearance_slim,black→white,choice_chosen_side,,16.483516483516492,4.945054945054944,66.4835164835165,14,13,14.000000000000002,13.0,0.12834612105711848,1.0
visbias_form_physical_appearance_slim,black→white,choice_chosen_side_soft,,16.352941176470594,1.6470588235294126,66.3529411764706,25,17,25.0,17.0,0.0585167630529686,0.7451134495411335
visbias_form_physical_appearance_slim,black→white,choice_first_touch_side,,21.473354231974916,7.8369905956112875,71.47335423197492,29,22,28.999999999999996,22.0,0.00338406310908453,0.21451327122362568
visbias_form_physical_appearance_stocky,all→white,choice_chosen_side,,-3.8461538461538436,46.15384615384615,46.15384615384615,13,15,13.0,15.0,0.4642857142857143,1.0
visbias_form_physical_appearance_stocky,all→white,choice_chosen_side_soft,,-0.6315789473684219,45.368421052631575,49.368421052631575,19,25,19.0,25.0,1.0,1.0
visbias_form_physical_appearance_stocky,all→white,choice_first_touch_side,,0.4017857142857073,41.026785714285715,50.40178571428571,35,32,35.0,32.0,1.0,1.0
visbias_form_physical_appearance_stocky,black→white,choice_chosen_side,,-3.8461538461538436,46.15384615384615,46.15384615384615,13,15,13.0,15.0,0.4642857142857143,1.0
visbias_form_physical_appearance_stocky,black→white,choice_chosen_side_soft,,-0.6315789473684219,45.368421052631575,49.368421052631575,19,25,19.0,25.0,1.0,1.0
visbias_form_physical_appearance_stocky,black→white,choice_first_touch_side,,0.4017857142857073,41.026785714285715,50.40178571428571,35,32,35.0,32.0,1.0,1.0
visbias_form_physical_appearance_tall,all→white,choice_chosen_side,,15.000000000000002,-15.000000000000002,65.0,8,5,8.0,5.0,0.5648795648795648,1.0
visbias_form_physical_appearance_tall,all→white,choice_chosen_side_soft,,-1.9230769230769218,1.9230769230769218,48.07692307692308,14,13,14.000000000000002,13.0,1.0,1.0
visbias_form_physical_appearance_tall,all→white,choice_first_touch_side,,16.194331983805665,-3.0364372469635637,66.19433198380567,19,13,19.0,13.0,0.14888362270477667,0.880277525438816
visbias_form_physical_appearance_tall,black→white,choice_chosen_side,,15.000000000000002,-15.000000000000002,65.0,8,5,8.0,5.0,0.5648795648795648,1.0
visbias_form_physical_appearance_tall,black→white,choice_chosen_side_soft,,-1.9230769230769218,1.9230769230769218,48.07692307692308,14,13,14.000000000000002,13.0,1.0,1.0
visbias_form_physical_appearance_tall,black→white,choice_first_touch_side,,16.194331983805665,-3.0364372469635637,66.19433198380567,19,13,19.0,13.0,0.14888362270477667,0.880277525438816
visbias_form_religion_judaism,all→white,choice_chosen_side,,-8.92857142857143,16.07142857142857,41.07142857142857,7,4,7.000000000000001,4.0,1.0,1.0
visbias_form_religion_judaism,all→white,choice_chosen_side_soft,,-12.5,4.166666666666669,37.5,12,6,12.0,6.0,0.6199095022624435,1.0
visbias_form_religion_judaism,all→white,choice_first_touch_side,,-15.000000000000002,15.0,35.0,14,15,14.000000000000002,15.0,0.12813593203398296,0.880277525438816
visbias_form_religion_judaism,black→white,choice_chosen_side,,-8.92857142857143,16.07142857142857,41.07142857142857,7,4,7.000000000000001,4.0,1.0,1.0
visbias_form_religion_judaism,black→white,choice_chosen_side_soft,,-12.5,4.166666666666669,37.5,12,6,12.0,6.0,0.6199095022624435,1.0
visbias_form_religion_judaism,black→white,choice_first_touch_side,,-15.000000000000002,15.0,35.0,14,15,14.000000000000002,15.0,0.12813593203398296,0.880277525438816
visbias_form_religion_none_atheism,all→white,choice_chosen_side,,9.523809523809524,26.190476190476186,59.523809523809526,7,6,7.000000000000001,6.0,0.5594405594405594,1.0
visbias_form_religion_none_atheism,all→white,choice_chosen_side_soft,,1.388888888888884,26.38888888888889,51.388888888888886,9,8,9.0,8.0,1.0,1.0
visbias_form_religion_none_atheism,all→white,choice_first_touch_side,,3.676470588235292,28.676470588235293,53.67647058823529,17,16,17.0,16.0,0.6880184866836703,1.0
visbias_form_religion_none_atheism,black→white,choice_chosen_side,,9.523809523809524,26.190476190476186,59.523809523809526,7,6,7.000000000000001,6.0,0.5594405594405594,1.0
visbias_form_religion_none_atheism,black→white,choice_chosen_side_soft,,1.388888888888884,26.38888888888889,51.388888888888886,9,8,9.0,8.0,1.0,1.0
visbias_form_religion_none_atheism,black→white,choice_first_touch_side,,3.676470588235292,28.676470588235293,53.67647058823529,17,16,17.0,16.0,0.6880184866836703,1.0
visbias_form_residential_status_citizen,all→white,choice_chosen_side,,1.7857142857142794,26.785714285714285,51.78571428571428,14,12,14.000000000000002,12.0,1.0,1.0
visbias_form_residential_status_citizen,all→white,choice_chosen_side_soft,,-3.1746031746031744,25.396825396825395,46.82539682539682,18,14,18.0,14.000000000000002,1.0,1.0
visbias_form_residential_status_citizen,all→white,choice_first_touch_side,,0.9197324414715768,31.688963210702344,50.919732441471574,23,26,23.0,26.0,1.0,1.0
visbias_form_residential_status_citizen,black→white,choice_chosen_side,,1.7857142857142794,26.785714285714285,51.78571428571428,14,12,14.000000000000002,12.0,1.0,1.0
visbias_form_residential_status_citizen,black→white,choice_chosen_side_soft,,-3.1746031746031744,25.396825396825395,46.82539682539682,18,14,18.0,14.000000000000002,1.0,1.0
visbias_form_residential_status_citizen,black→white,choice_first_touch_side,,0.9197324414715768,31.688963210702344,50.919732441471574,23,26,23.0,26.0,1.0,1.0
visbias_form_residential_status_homeowner,all→white,choice_chosen_side,,-8.92857142857143,16.07142857142857,41.07142857142857,7,8,7.000000000000001,8.0,0.6083916083916083,1.0
visbias_form_residential_status_homeowner,all→white,choice_chosen_side_soft,,-4.1666666666666625,12.500000000000004,45.833333333333336,12,12,12.0,12.0,1.0,1.0
visbias_form_residential_status_homeowner,all→white,choice_first_touch_side,,-3.3333333333333326,13.333333333333334,46.666666666666664,20,18,20.0,18.0,0.7448696750142803,1.0
visbias_form_residential_status_homeowner,black→white,choice_chosen_side,,-8.92857142857143,16.07142857142857,41.07142857142857,7,8,7.000000000000001,8.0,0.6083916083916083,1.0
visbias_form_residential_status_homeowner,black→white,choice_chosen_side_soft,,-4.1666666666666625,12.500000000000004,45.833333333333336,12,12,12.0,12.0,1.0,1.0
visbias_form_residential_status_homeowner,black→white,choice_first_touch_side,,-3.3333333333333326,13.333333333333334,46.666666666666664,20,18,20.0,18.0,0.7448696750142803,1.0
visbias_form_residential_status_living_with_family,all→white,choice_chosen_side,,1.388888888888884,-26.38888888888889,51.388888888888886,8,9,8.0,9.0,1.0,1.0
visbias_form_residential_status_living_with_family,all→white,choice_chosen_side_soft,,-2.4671052631578982,-21.217105263157894,47.5328947368421,19,16,19.0,16.0,1.0,1.0
visbias_form_residential_status_living_with_family,all→white,choice_first_touch_side,,1.8939393939393923,-6.439393939393942,51.89393939393939,22,24,22.0,24.0,1.0,1.0
visbias_form_residential_status_living_with_family,black→white,choice_chosen_side,,1.388888888888884,-26.38888888888889,51.388888888888886,8,9,8.0,9.0,1.0,1.0
visbias_form_residential_status_living_with_family,black→white,choice_chosen_side_soft,,-2.4671052631578982,-21.217105263157894,47.5328947368421,19,16,19.0,16.0,1.0,1.0
visbias_form_residential_status_living_with_family,black→white,choice_first_touch_side,,1.8939393939393923,-6.439393939393942,51.89393939393939,22,24,22.0,24.0,1.0,1.0
visbias_form_residential_status_permanent_residence,all→white,choice_chosen_side,,-1.6666666666666663,31.66666666666667,48.333333333333336,5,6,5.0,6.0,1.0,1.0
visbias_form_residential_status_permanent_residence,all→white,choice_chosen_side_soft,,-1.1363636363636354,23.863636363636363,48.86363636363637,11,8,11.0,8.0,1.0,1.0
visbias_form_residential_status_permanent_residence,all→white,choice_first_touch_side,,-15.277777777777773,26.38888888888889,34.72222222222223,18,12,18.0,12.0,0.09939799331103678,0.8297571615530027
visbias_form_residential_status_permanent_residence,black→white,choice_chosen_side,,-1.6666666666666663,31.66666666666667,48.333333333333336,5,6,5.0,6.0,1.0,1.0
visbias_form_residential_status_permanent_residence,black→white,choice_chosen_side_soft,,-1.1363636363636354,23.863636363636363,48.86363636363637,11,8,11.0,8.0,1.0,1.0
visbias_form_residential_status_permanent_residence,black→white,choice_first_touch_side,,-15.277777777777773,26.38888888888889,34.72222222222223,18,12,18.0,12.0,0.09939799331103678,0.8297571615530027
visbias_form_sexual_orientation_asexual,all→white,choice_chosen_side,,21.42857142857143,28.57142857142857,71.42857142857143,8,7,8.0,7.000000000000001,0.07692307692307691,1.0
visbias_form_sexual_orientation_asexual,all→white,choice_chosen_side_soft,,8.333333333333325,33.33333333333333,58.33333333333333,12,12,12.0,12.0,0.5900621118012422,1.0
visbias_form_sexual_orientation_asexual,all→white,choice_first_touch_side,,10.416666666666663,27.083333333333336,60.416666666666664,24,21,24.0,21.0,0.15133554952046163,0.880277525438816
visbias_form_sexual_orientation_asexual,black→white,choice_chosen_side,,21.42857142857143,28.57142857142857,71.42857142857143,8,7,8.0,7.000000000000001,0.07692307692307691,1.0
visbias_form_sexual_orientation_asexual,black→white,choice_chosen_side_soft,,8.333333333333325,33.33333333333333,58.33333333333333,12,12,12.0,12.0,0.5900621118012422,1.0
visbias_form_sexual_orientation_asexual,black→white,choice_first_touch_side,,10.416666666666663,27.083333333333336,60.416666666666664,24,21,24.0,21.0,0.15133554952046163,0.880277525438816
visbias_form_sexual_orientation_bisexual,all→white,choice_chosen_side,,5.555555555555558,44.44444444444444,55.55555555555556,11,9,11.0,9.0,0.45,1.0
visbias_form_sexual_orientation_bisexual,all→white,choice_chosen_side_soft,,-0.28409090909090606,31.534090909090907,49.71590909090909,16,22,16.0,22.0,1.0,1.0
visbias_form_sexual_orientation_bisexual,all→white,choice_first_touch_side,,1.0971786833855801,42.006269592476485,51.09717868338558,29,22,28.999999999999996,22.0,1.0,1.0
visbias_form_sexual_orientation_bisexual,black→white,choice_chosen_side,,5.555555555555558,44.44444444444444,55.55555555555556,11,9,11.0,9.0,0.45,1.0
visbias_form_sexual_orientation_bisexual,black→white,choice_chosen_side_soft,,-0.28409090909090606,31.534090909090907,49.71590909090909,16,22,16.0,22.0,1.0,1.0
visbias_form_sexual_orientation_bisexual,black→white,choice_first_touch_side,,1.0971786833855801,42.006269592476485,51.09717868338558,29,22,28.999999999999996,22.0,1.0,1.0
visbias_form_sexual_orientation_heterosexual,all→white,choice_chosen_side,,12.222222222222223,17.777777777777782,62.22222222222222,5,9,5.0,9.0,0.5804195804195803,1.0
visbias_form_sexual_orientation_heterosexual,all→white,choice_chosen_side_soft,,11.538461538461542,15.384615384615385,61.53846153846154,13,13,13.0,13.0,0.4109839816933638,1.0
visbias_form_sexual_orientation_heterosexual,all→white,choice_first_touch_side,,8.850931677018636,19.720496894409937,58.850931677018636,14,23,14.000000000000002,23.0,0.30647003412494483,0.9315318842584381
visbias_form_sexual_orientation_heterosexual,black→white,choice_chosen_side,,12.222222222222223,17.777777777777782,62.22222222222222,5,9,5.0,9.0,0.5804195804195803,1.0
visbias_form_sexual_orientation_heterosexual,black→white,choice_chosen_side_soft,,11.538461538461542,15.384615384615385,61.53846153846154,13,13,13.0,13.0,0.4109839816933638,1.0
visbias_form_sexual_orientation_heterosexual,black→white,choice_first_touch_side,,8.850931677018636,19.720496894409937,58.850931677018636,14,23,14.000000000000002,23.0,0.30647003412494483,0.9315318842584381
visbias_form_sexual_orientation_homosexual,all→white,choice_chosen_side,,10.71428571428571,39.285714285714285,60.71428571428571,4,14,4.0,14.000000000000002,1.0,1.0
visbias_form_sexual_orientation_homosexual,all→white,choice_chosen_side_soft,,13.157894736842103,36.8421052631579,63.1578947368421,10,19,10.0,19.0,0.13363647846406468,1.0
visbias_form_sexual_orientation_homosexual,all→white,choice_first_touch_side,,3.009259259259256,34.49074074074075,53.00925925925925,16,27,16.0,27.0,0.6950110094570795,1.0
visbias_form_sexual_orientation_homosexual,black→white,choice_chosen_side,,10.71428571428571,39.285714285714285,60.71428571428571,4,14,4.0,14.000000000000002,1.0,1.0
visbias_form_sexual_orientation_homosexual,black→white,choice_chosen_side_soft,,13.157894736842103,36.8421052631579,63.1578947368421,10,19,10.0,19.0,0.13363647846406468,1.0
visbias_form_sexual_orientation_homosexual,black→white,choice_first_touch_side,,3.009259259259256,34.49074074074075,53.00925925925925,16,27,16.0,27.0,0.6950110094570795,1.0
visbias_form_veteran_status_no,all→white,choice_chosen_side,,-6.25,43.75,43.75,8,8,8.0,8.0,1.0,1.0
visbias_form_veteran_status_no,all→white,choice_chosen_side_soft,,-5.555555555555558,44.44444444444444,44.44444444444444,9,13,9.0,13.0,0.4090909090909091,1.0
visbias_form_veteran_status_no,all→white,choice_first_touch_side,,-1.0416666666666685,42.70833333333333,48.95833333333333,12,16,12.0,16.0,1.0,1.0
visbias_form_veteran_status_no,black→white,choice_chosen_side,,-6.25,43.75,43.75,8,8,8.0,8.0,1.0,1.0
visbias_form_veteran_status_no,black→white,choice_chosen_side_soft,,-5.555555555555558,44.44444444444444,44.44444444444444,9,13,9.0,13.0,0.4090909090909091,1.0
visbias_form_veteran_status_no,black→white,choice_first_touch_side,,-1.0416666666666685,42.70833333333333,48.95833333333333,12,16,12.0,16.0,1.0,1.0
visbias_form_veteran_status_yes,all→white,choice_chosen_side,,0.9411764705882342,45.05882352941176,50.94117647058823,25,17,25.0,17.0,1.0,1.0
visbias_form_veteran_status_yes,all→white,choice_chosen_side_soft,,2.52941176470588,44.529411764705884,52.52941176470588,34,25,34.0,25.0,0.5685810083361531,1.0
visbias_form_veteran_status_yes,all→white,choice_first_touch_side,,-0.3456221198156695,43.20276497695853,49.65437788018433,42,31,42.0,31.0,1.0,1.0
visbias_form_veteran_status_yes,black→white,choice_chosen_side,,0.9411764705882342,45.05882352941176,50.94117647058823,25,17,25.0,17.0,1.0,1.0
visbias_form_veteran_status_yes,black→white,choice_chosen_side_soft,,2.52941176470588,44.529411764705884,52.52941176470588,34,25,34.0,25.0,0.5685810083361531,1.0
visbias_form_veteran_status_yes,black→white,choice_first_touch_side,,-0.3456221198156695,43.20276497695853,49.65437788018433,42,31,42.0,31.0,1.0,1.0
visbias_mcq_education_bachelor,all→white,choice_first_touch_side,,10.384615384615392,29.615384615384617,60.384615384615394,10,13,10.0,13.0,0.339356295878035,0.9510287181173258
visbias_mcq_education_bachelor,black→white,choice_first_touch_side,,10.384615384615392,29.615384615384617,60.384615384615394,10,13,10.0,13.0,0.339356295878035,0.9510287181173258
visbias_mcq_education_master,all→white,choice_chosen_side,,-8.333333333333332,41.66666666666667,41.66666666666667,6,7,6.0,7.000000000000001,0.46153846153846156,1.0
visbias_mcq_education_master,all→white,choice_chosen_side_soft,,-1.5151515151515138,15.151515151515152,48.484848484848484,11,12,11.0,12.0,1.0,1.0
visbias_mcq_education_master,all→white,choice_first_touch_side,,-5.944055944055942,28.671328671328673,44.05594405594406,11,13,11.0,13.0,0.6299171842650103,1.0
visbias_mcq_education_master,black→white,choice_chosen_side,,-8.333333333333332,41.66666666666667,41.66666666666667,6,7,6.0,7.000000000000001,0.46153846153846156,1.0
visbias_mcq_education_master,black→white,choice_chosen_side_soft,,-1.5151515151515138,15.151515151515152,48.484848484848484,11,12,11.0,12.0,1.0,1.0
visbias_mcq_education_master,black→white,choice_first_touch_side,,-5.944055944055942,28.671328671328673,44.05594405594406,11,13,11.0,13.0,0.6299171842650103,1.0
visbias_mcq_education_secondary,all→white,choice_chosen_side,,16.666666666666664,33.333333333333336,66.66666666666666,6,6,6.0,6.0,0.4545454545454546,1.0
visbias_mcq_education_secondary,all→white,choice_chosen_side_soft,,7.954545454545459,32.95454545454545,57.95454545454546,11,12,11.0,12.0,0.5900621118012421,1.0
visbias_mcq_education_secondary,all→white,choice_first_touch_side,,2.840909090909083,15.340909090909088,52.84090909090908,22,16,22.0,16.0,0.7420557376063495,1.0
visbias_mcq_education_secondary,black→white,choice_chosen_side,,16.666666666666664,33.333333333333336,66.66666666666666,6,6,6.0,6.0,0.4545454545454546,1.0
visbias_mcq_education_secondary,black→white,choice_chosen_side_soft,,7.954545454545459,32.95454545454545,57.95454545454546,11,12,11.0,12.0,0.5900621118012421,1.0
visbias_mcq_education_secondary,black→white,choice_first_touch_side,,2.840909090909083,15.340909090909088,52.84090909090908,22,16,22.0,16.0,0.7420557376063495,1.0
visbias_mcq_income_80000_100000,all→white,choice_chosen_side_soft,,28.030303030303028,5.303030303030304,78.03030303030303,12,11,12.0,11.0,0.012278137799742322,0.39085405329179723
visbias_mcq_income_80000_100000,all→white,choice_first_touch_side,,22.916666666666675,14.583333333333332,72.91666666666667,16,12,16.0,12.0,0.016594999203694855,0.3540266496788236
visbias_mcq_income_80000_100000,black→white,choice_chosen_side_soft,,28.030303030303028,5.303030303030304,78.03030303030303,12,11,12.0,11.0,0.012278137799742322,0.39085405329179723
visbias_mcq_income_80000_100000,black→white,choice_first_touch_side,,22.916666666666675,14.583333333333332,72.91666666666667,16,12,16.0,12.0,0.016594999203694855,0.3540266496788236
visbias_mcq_income_gt_100000,all→white,choice_chosen_side,pos,6.313131313131315,38.13131313131313,56.313131313131315,18,11,18.0,11.0,0.539408866995074,1.0
visbias_mcq_income_gt_100000,all→white,choice_chosen_side_soft,pos,1.6917293233082775,41.16541353383459,51.69172932330828,28,19,28.000000000000004,19.0,1.0,1.0
visbias_mcq_income_gt_100000,all→white,choice_first_touch_side,pos,2.3879142300194944,44.980506822612085,52.3879142300195,38,27,38.0,27.0,0.5654532967032966,1.0
visbias_mcq_income_gt_100000,black→white,choice_chosen_side,pos,6.313131313131315,38.13131313131313,56.313131313131315,18,11,18.0,11.0,0.539408866995074,1.0
visbias_mcq_income_gt_100000,black→white,choice_chosen_side_soft,pos,1.6917293233082775,41.16541353383459,51.69172932330828,28,19,28.000000000000004,19.0,1.0,1.0
visbias_mcq_income_gt_100000,black→white,choice_first_touch_side,pos,2.3879142300194944,44.980506822612085,52.3879142300195,38,27,38.0,27.0,0.5654532967032966,1.0
visbias_mcq_income_lt_20000,all→white,choice_chosen_side,neg,-1.6666666666666718,18.333333333333332,48.33333333333333,6,10,6.0,10.0,1.0,1.0
visbias_mcq_income_lt_20000,all→white,choice_chosen_side_soft,neg,1.6233766233766267,30.1948051948052,51.62337662337663,11,14,11.0,14.000000000000002,1.0,1.0
visbias_mcq_income_lt_20000,all→white,choice_first_touch_side,neg,-3.7545787545787523,34.70695970695971,46.24542124542125,21,26,21.0,26.0,0.6838443936596263,1.0
visbias_mcq_income_lt_20000,black→white,choice_chosen_side,neg,-1.6666666666666718,18.333333333333332,48.33333333333333,6,10,6.0,10.0,1.0,1.0
visbias_mcq_income_lt_20000,black→white,choice_chosen_side_soft,neg,1.6233766233766267,30.1948051948052,51.62337662337663,11,14,11.0,14.000000000000002,1.0,1.0
visbias_mcq_income_lt_20000,black→white,choice_first_touch_side,neg,-3.7545787545787523,34.70695970695971,46.24542124542125,21,26,21.0,26.0,0.6838443936596263,1.0
visbias_mcq_politics_left_communitarian,all→white,choice_chosen_side,,15.151515151515149,-1.5151515151515138,65.15151515151516,11,12,11.0,12.0,0.2203467551428246,1.0
visbias_mcq_politics_left_communitarian,all→white,choice_chosen_side_soft,,7.341269841269837,3.7698412698412733,57.341269841269835,18,28,18.0,28.000000000000004,0.3780957718687735,1.0
visbias_mcq_politics_left_communitarian,all→white,choice_first_touch_side,,4.434782608695653,6.434782608695655,54.434782608695656,23,25,23.0,25.0,0.5734034148339064,1.0
visbias_mcq_politics_left_communitarian,black→white,choice_chosen_side,,15.151515151515149,-1.5151515151515138,65.15151515151516,11,12,11.0,12.0,0.2203467551428246,1.0
visbias_mcq_politics_left_communitarian,black→white,choice_chosen_side_soft,,7.341269841269837,3.7698412698412733,57.341269841269835,18,28,18.0,28.000000000000004,0.3780957718687735,1.0
visbias_mcq_politics_left_communitarian,black→white,choice_first_touch_side,,4.434782608695653,6.434782608695655,54.434782608695656,23,25,23.0,25.0,0.5734034148339064,1.0
visbias_mcq_politics_left_liberal,all→white,choice_chosen_side_soft,,-18.333333333333336,-1.6666666666666663,31.666666666666664,10,9,10.0,9.0,0.17889540799757517,1.0
visbias_mcq_politics_left_liberal,all→white,choice_first_touch_side,,-13.782051282051277,5.448717948717949,36.21794871794872,12,13,12.0,13.0,0.23774397630905908,0.880277525438816
visbias_mcq_politics_left_liberal,black→white,choice_chosen_side_soft,,-18.333333333333336,-1.6666666666666663,31.666666666666664,10,9,10.0,9.0,0.17889540799757517,1.0
visbias_mcq_politics_left_liberal,black→white,choice_first_touch_side,,-13.782051282051277,5.448717948717949,36.21794871794872,12,13,12.0,13.0,0.23774397630905908,0.880277525438816
visbias_mcq_politics_right_liberal,all→white,choice_chosen_side,,11.66666666666667,21.666666666666668,61.66666666666667,6,5,6.0,5.0,0.5454545454545454,1.0
visbias_mcq_politics_right_liberal,all→white,choice_chosen_side_soft,,2.500000000000002,27.500000000000004,52.5,10,8,10.0,8.0,1.0,1.0
visbias_mcq_politics_right_liberal,all→white,choice_first_touch_side,,6.108597285067874,20.81447963800905,56.10859728506787,13,17,13.0,17.0,0.6907546226886556,1.0
visbias_mcq_politics_right_liberal,black→white,choice_chosen_side,,11.66666666666667,21.666666666666668,61.66666666666667,6,5,6.0,5.0,0.5454545454545454,1.0
visbias_mcq_politics_right_liberal,black→white,choice_chosen_side_soft,,2.500000000000002,27.500000000000004,52.5,10,8,10.0,8.0,1.0,1.0
visbias_mcq_politics_right_liberal,black→white,choice_first_touch_side,,6.108597285067874,20.81447963800905,56.10859728506787,13,17,13.0,17.0,0.6907546226886556,1.0
visbias_mcq_religion_buddhism,all→white,choice_chosen_side,,18.75,-31.25,68.75,8,6,8.0,6.0,0.2087912087912088,1.0
visbias_mcq_religion_buddhism,all→white,choice_chosen_side_soft,,13.095238095238093,-29.761904761904766,63.095238095238095,15,14,15.0,14.000000000000002,0.16858237547892724,1.0
visbias_mcq_religion_buddhism,all→white,choice_first_touch_side,,6.211180124223603,-13.354037267080745,56.2111801242236,21,23,21.0,23.0,0.5325415696887876,1.0
visbias_mcq_religion_buddhism,black→white,choice_chosen_side,,18.75,-31.25,68.75,8,6,8.0,6.0,0.2087912087912088,1.0
visbias_mcq_religion_buddhism,black→white,choice_chosen_side_soft,,13.095238095238093,-29.761904761904766,63.095238095238095,15,14,15.0,14.000000000000002,0.16858237547892724,1.0
visbias_mcq_religion_buddhism,black→white,choice_first_touch_side,,6.211180124223603,-13.354037267080745,56.2111801242236,21,23,21.0,23.0,0.5325415696887876,1.0
visbias_mcq_religion_christianity,all→white,choice_chosen_side,,2.2727272727272707,-2.2727272727272707,52.27272727272727,8,11,8.0,11.0,1.0,1.0
visbias_mcq_religion_christianity,all→white,choice_chosen_side_soft,,4.195804195804187,0.3496503496503489,54.195804195804186,11,13,11.0,13.0,1.0,1.0
visbias_mcq_religion_christianity,all→white,choice_first_touch_side,,0.0,16.666666666666664,50.0,18,18,18.0,18.0,1.0,1.0
visbias_mcq_religion_christianity,black→white,choice_chosen_side,,2.2727272727272707,-2.2727272727272707,52.27272727272727,8,11,8.0,11.0,1.0,1.0
visbias_mcq_religion_christianity,black→white,choice_chosen_side_soft,,4.195804195804187,0.3496503496503489,54.195804195804186,11,13,11.0,13.0,1.0,1.0
visbias_mcq_religion_christianity,black→white,choice_first_touch_side,,0.0,16.666666666666664,50.0,18,18,18.0,18.0,1.0,1.0
visbias_mcq_religion_hinduism,all→white,choice_chosen_side_soft,,6.818181818181812,-6.8181818181818175,56.81818181818181,12,11,12.0,11.0,0.6801722977520528,1.0
visbias_mcq_religion_hinduism,all→white,choice_first_touch_side,,1.1904761904761862,15.476190476190474,51.19047619047619,18,14,18.0,14.000000000000002,1.0,1.0
visbias_mcq_religion_hinduism,black→white,choice_chosen_side_soft,,6.818181818181812,-6.8181818181818175,56.81818181818181,12,11,12.0,11.0,0.6801722977520528,1.0
visbias_mcq_religion_hinduism,black→white,choice_first_touch_side,,1.1904761904761862,15.476190476190474,51.19047619047619,18,14,18.0,14.000000000000002,1.0,1.0
visbias_mcq_religion_islam,all→white,choice_chosen_side,,-5.303030303030304,28.030303030303035,44.696969696969695,11,12,11.0,12.0,0.6404053612291597,1.0
visbias_mcq_religion_islam,all→white,choice_chosen_side_soft,,-1.1278195488721776,22.55639097744361,48.872180451127825,14,19,14.000000000000002,19.0,1.0,1.0
visbias_mcq_religion_islam,all→white,choice_first_touch_side,,-5.363636363636365,32.63636363636363,44.63636363636363,22,25,22.0,25.0,0.4455373054472752,0.9915492957746478
visbias_mcq_religion_islam,black→white,choice_chosen_side,,-5.303030303030304,28.030303030303035,44.696969696969695,11,12,11.0,12.0,0.6404053612291597,1.0
visbias_mcq_religion_islam,black→white,choice_chosen_side_soft,,-1.1278195488721776,22.55639097744361,48.872180451127825,14,19,14.000000000000002,19.0,1.0,1.0
visbias_mcq_religion_islam,black→white,choice_first_touch_side,,-5.363636363636365,32.63636363636363,44.63636363636363,22,25,22.0,25.0,0.4455373054472752,0.9915492957746478
visbias_pair_higher_education,all→white,choice_chosen_side,,1.1111111111111072,37.77777777777778,51.11111111111111,9,15,9.0,15.0,1.0,1.0
visbias_pair_higher_education,all→white,choice_chosen_side_soft,,2.0588235294117685,42.05882352941177,52.05882352941177,17,20,17.0,20.0,1.0,1.0
visbias_pair_higher_education,all→white,choice_first_touch_side,,2.2727272727272707,47.72727272727273,52.27272727272727,21,22,21.0,22.0,1.0,1.0
visbias_pair_higher_education,black→white,choice_chosen_side,,1.1111111111111072,37.77777777777778,51.11111111111111,9,15,9.0,15.0,1.0,1.0
visbias_pair_higher_education,black→white,choice_chosen_side_soft,,2.0588235294117685,42.05882352941177,52.05882352941177,17,20,17.0,20.0,1.0,1.0
visbias_pair_higher_education,black→white,choice_first_touch_side,,2.2727272727272707,47.72727272727273,52.27272727272727,21,22,21.0,22.0,1.0,1.0
visbias_pair_higher_income,all→white,choice_chosen_side,,-12.301587301587302,26.587301587301592,37.698412698412696,14,9,14.000000000000002,9.0,0.3401289785729144,1.0
visbias_pair_higher_income,all→white,choice_chosen_side_soft,,-16.666666666666668,26.666666666666668,33.33333333333333,20,15,20.0,15.0,0.04834991939945156,0.7399971823048745
visbias_pair_higher_income,all→white,choice_first_touch_side,,-5.36062378167641,18.32358674463938,44.63937621832359,27,19,27.0,19.0,0.5329099661204029,1.0
visbias_pair_higher_income,black→white,choice_chosen_side,,-12.301587301587302,26.587301587301592,37.698412698412696,14,9,14.000000000000002,9.0,0.3401289785729144,1.0
visbias_pair_higher_income,black→white,choice_chosen_side_soft,,-16.666666666666668,26.666666666666668,33.33333333333333,20,15,20.0,15.0,0.04834991939945156,0.7399971823048745
visbias_pair_higher_income,black→white,choice_first_touch_side,,-5.36062378167641,18.32358674463938,44.63937621832359,27,19,27.0,19.0,0.5329099661204029,1.0
