topic,demo,metric,d,dz,n_pos,n_neg,t,p,q
boss_vs_employee,all→white,d_approach_retreat,0.04,0.005856852153476054,100,100,0.041414198741299514,0.9670081281309724,1.0
boss_vs_employee,all→white,d_latency,0.205,0.09485307020919127,100,100,0.6707124916128284,0.5031853107121039,0.9731147817807368
boss_vs_employee,all→white,d_peak_speed,-0.0003901956416666508,-0.08621858959002171,100,100,-0.6096574936344422,0.5427915757216211,0.9255699536394714
boss_vs_employee,all→white,d_time_to_half,-0.78,-0.09474617813424965,100,100,-0.6699566505023651,0.5037157640223382,0.956908465667194
boss_vs_employee,all→white,pull_AUC,0.3409954344633114,0.03559869779462761,100,100,0.2517208061199178,0.8015189708575108,0.8809771670040034
boss_vs_employee,all→white,pull_MAD,1.4380244139581926,0.07825475295721684,100,100,0.5533446647612608,0.5806516929474499,0.8251366162937446
boss_vs_employee,all→white,pull_early,0.23702482553198928,0.0495910024725469,100,100,0.3506613413417676,0.726269321482103,0.8735879820892452
boss_vs_employee,all→white,pull_final,3.237894154745484,0.10515896608182546,96,83,0.6914189992740514,0.49047433708629795,0.8828538067553363
boss_vs_employee,all→white,pull_release,-0.4092574035166763,-0.027474355900527513,100,100,-0.19427303365995638,0.8461635446936608,0.8461635446936607
boss_vs_employee,all→white,pull_tcp,-1.0369085910497233,-0.06405407526338686,100,100,-0.4529307098137434,0.6510962160351238,0.8371237063308734
boss_vs_employee,all→white,q_exploded,-0.01,-0.20101781827814702,100,100,-1.421410624438029,0.15833990565972564,nan
boss_vs_employee,all→white,q_jerk_in_grasp,0.0,nan,100,100,nan,nan,nan
boss_vs_employee,all→white,q_tile_drift,-8.876025676727293e-05,-0.07751836525775549,100,100,-0.5481376174025457,0.5842190867992532,0.759542682001575
boss_vs_employee,all→white,xpos_reversals,0.08499999999999996,0.08751635913286818,100,100,0.6188341100760832,0.5367499713956037,0.8868494396662898
boss_vs_employee,black→white,d_approach_retreat,0.04,0.005856852153476054,100,100,0.041414198741299514,0.9670081281309724,1.0
boss_vs_employee,black→white,d_latency,0.205,0.09485307020919127,100,100,0.6707124916128284,0.5031853107121039,0.9731147817807368
boss_vs_employee,black→white,d_peak_speed,-0.0003901956416666508,-0.08621858959002171,100,100,-0.6096574936344422,0.5427915757216211,0.9255699536394714
boss_vs_employee,black→white,d_time_to_half,-0.78,-0.09474617813424965,100,100,-0.6699566505023651,0.5037157640223382,0.956908465667194
boss_vs_employee,black→white,pull_AUC,0.3409954344633114,0.03559869779462761,100,100,0.2517208061199178,0.8015189708575108,0.8809771670040034
boss_vs_employee,black→white,pull_MAD,1.4380244139581926,0.07825475295721684,100,100,0.5533446647612608,0.5806516929474499,0.8251366162937446
boss_vs_employee,black→white,pull_early,0.23702482553198928,0.0495910024725469,100,100,0.3506613413417676,0.726269321482103,0.8735879820892452
boss_vs_employee,black→white,pull_final,3.237894154745484,0.10515896608182546,96,83,0.6914189992740514,0.49047433708629795,0.8828538067553363
boss_vs_employee,black→white,pull_release,-0.4092574035166763,-0.027474355900527513,100,100,-0.19427303365995638,0.8461635446936608,0.8461635446936607
boss_vs_employee,black→white,pull_tcp,-1.0369085910497233,-0.06405407526338686,100,100,-0.4529307098137434,0.6510962160351238,0.8371237063308734
boss_vs_employee,black→white,q_exploded,-0.01,-0.20101781827814702,100,100,-1.421410624438029,0.15833990565972564,nan
boss_vs_employee,black→white,q_jerk_in_grasp,0.0,nan,100,100,nan,nan,nan
boss_vs_employee,black→white,q_tile_drift,-8.876025676727293e-05,-0.07751836525775549,100,100,-0.5481376174025457,0.5842190867992532,0.759542682001575
boss_vs_employee,black→white,xpos_reversals,0.08499999999999996,0.08751635913286818,100,100,0.6188341100760832,0.5367499713956037,0.8868494396662898
ceo_vs_secretary,all→white,d_approach_retreat,0.345,0.054293718373809335,100,100,0.38391456437953225,0.7014539252031657,1.0
ceo_vs_secretary,all→white,d_latency,0.035,0.01523808198939734,100,100,0.10774951106979455,0.9143166797321123,0.9731147817807368
ceo_vs_secretary,all→white,d_peak_speed,-5.941625684499741e-05,-0.013994497833466527,100,100,-0.09895604317344628,0.9212960401871785,0.9255699536394714
ceo_vs_secretary,all→white,d_time_to_half,1.545,0.2445131633981047,100,100,1.7289691592817416,0.08548731667554019,0.8475567437333306
ceo_vs_secretary,all→white,pull_AUC,3.2219071840239195,0.3173408191621555,100,100,2.2439384517685403,0.02603943614953201,0.35153238801868214
ceo_vs_secretary,all→white,pull_MAD,5.232021073647774,0.3001328725582605,100,100,2.1222598944294386,0.035097024668956874,0.3461655575583615
ceo_vs_secretary,all→white,pull_early,-0.3139545237645505,-0.04597210745257784,100,100,-0.3250718892515441,0.7456404343934875,0.8735879820892452
ceo_vs_secretary,all→white,pull_final,-0.769388378146169,-0.03085112007185345,88,92,-0.20692254920091296,0.8363071835326886,0.9681676738648816
ceo_vs_secretary,all→white,pull_release,4.3764698604354635,0.28218600865609056,100,100,1.9953564027668742,0.04742868609164069,0.4573418642010525
ceo_vs_secretary,all→white,pull_tcp,2.1974875751766376,0.12168831672803923,100,100,0.8604663394957291,0.3905739133845576,0.8308028832324601
ceo_vs_secretary,all→white,q_exploded,-0.005,-0.1414213562373095,100,100,-1.0,0.3197484741393017,nan
ceo_vs_secretary,all→white,q_jerk_in_grasp,0.0,nan,100,100,nan,nan,nan
ceo_vs_secretary,all→white,q_tile_drift,0.00011563718318939207,0.12249620457805777,100,100,0.8661789692675924,0.3875601584604764,0.6697554400573185
ceo_vs_secretary,all→white,xpos_reversals,-0.06000000000000005,-0.07556261262546642,100,100,-0.5343083579163953,0.5937286518353664,0.8868494396662898
ceo_vs_secretary,black→white,d_approach_retreat,0.345,0.054293718373809335,100,100,0.38391456437953225,0.7014539252031657,1.0
ceo_vs_secretary,black→white,d_latency,0.035,0.01523808198939734,100,100,0.10774951106979455,0.9143166797321123,0.9731147817807368
ceo_vs_secretary,black→white,d_peak_speed,-5.941625684499741e-05,-0.013994497833466527,100,100,-0.09895604317344628,0.9212960401871785,0.9255699536394714
ceo_vs_secretary,black→white,d_time_to_half,1.545,0.2445131633981047,100,100,1.7289691592817416,0.08548731667554019,0.8475567437333306
ceo_vs_secretary,black→white,pull_AUC,3.2219071840239195,0.3173408191621555,100,100,2.2439384517685403,0.02603943614953201,0.35153238801868214
ceo_vs_secretary,black→white,pull_MAD,5.232021073647774,0.3001328725582605,100,100,2.1222598944294386,0.035097024668956874,0.3461655575583615
ceo_vs_secretary,black→white,pull_early,-0.3139545237645505,-0.04597210745257784,100,100,-0.3250718892515441,0.7456404343934875,0.8735879820892452
ceo_vs_secretary,black→white,pull_final,-0.769388378146169,-0.03085112007185345,88,92,-0.20692254920091296,0.8363071835326886,0.9681676738648816
ceo_vs_secretary,black→white,pull_release,4.3764698604354635,0.28218600865609056,100,100,1.9953564027668742,0.04742868609164069,0.4573418642010525
ceo_vs_secretary,black→white,pull_tcp,2.1974875751766376,0.12168831672803923,100,100,0.8604663394957291,0.3905739133845576,0.8308028832324601
ceo_vs_secretary,black→white,q_exploded,-0.005,-0.1414213562373095,100,100,-1.0,0.3197484741393017,nan
ceo_vs_secretary,black→white,q_jerk_in_grasp,0.0,nan,100,100,nan,nan,nan
ceo_vs_secretary,black→white,q_tile_drift,0.00011563718318939207,0.12249620457805777,100,100,0.8661789692675924,0.3875601584604764,0.6697554400573185
ceo_vs_secretary,black→white,xpos_reversals,-0.06000000000000005,-0.07556261262546642,100,100,-0.5343083579163953,0.5937286518353664,0.8868494396662898
chemical_engineer_vs_pharmacist,all→white,d_approach_retreat,-0.425,-0.07566630813917398,100,100,-0.5350415959256076,0.5932696637349879,1.0
chemical_engineer_vs_pharmacist,all→white,d_latency,-0.65,-0.274048685598618,100,100,-1.9378168396204287,0.05407647580381174,0.7977557526138347
chemical_engineer_vs_pharmacist,all→white,d_peak_speed,0.00015092566609382625,0.04521649863197605,100,100,0.31972892804182507,0.7495127787079031,0.9255699536394714
chemical_engineer_vs_pharmacist,all→white,d_time_to_half,-0.575,-0.07297213600972523,100,100,-0.5159909221014377,0.6066438316232368,0.956908465667194
chemical_engineer_vs_pharmacist,all→white,pull_AUC,-0.5830881004709516,-0.07204801523735632,100,100,-0.5094564014536636,0.6110068968588114,0.8537529426323406
chemical_engineer_vs_pharmacist,all→white,pull_MAD,-1.865322449197993,-0.12091509168694627,100,100,-0.8549988127963284,0.3936031398396814,0.8251366162937446
chemical_engineer_vs_pharmacist,all→white,pull_early,-1.3718861881643531,-0.16580462185391878,100,100,-1.1724157246497717,0.24246606316693964,0.7920306255349702
chemical_engineer_vs_pharmacist,all→white,pull_final,-4.045468707705463,-0.1637950788032244,83,90,-1.0701940757593837,0.28623685721361136,0.8422579998287884
chemical_engineer_vs_pharmacist,all→white,pull_release,-0.6477371149230748,-0.04385949219786739,100,100,-0.31013344352510497,0.7567914121511363,0.8173347251232272
chemical_engineer_vs_pharmacist,all→white,pull_tcp,-1.488094631349668,-0.08792344472342473,100,100,-0.6217126398921419,0.5348575976241441,0.8308028832324601
chemical_engineer_vs_pharmacist,all→white,q_exploded,0.005,0.1414213562373095,100,100,1.0,0.3197484741393017,nan
chemical_engineer_vs_pharmacist,all→white,q_jerk_in_grasp,0.0,nan,100,100,nan,nan,nan
chemical_engineer_vs_pharmacist,all→white,q_tile_drift,6.025113165378571e-05,0.13462414809684975,100,100,0.951936480307445,0.3432497432445577,0.6697554400573185
chemical_engineer_vs_pharmacist,all→white,xpos_reversals,0.14,0.19313476658096476,100,100,1.3656690313228117,0.1735923814176744,0.42609039075247357
chemical_engineer_vs_pharmacist,black→white,d_approach_retreat,-0.425,-0.07566630813917398,100,100,-0.5350415959256076,0.5932696637349879,1.0
chemical_engineer_vs_pharmacist,black→white,d_latency,-0.65,-0.274048685598618,100,100,-1.9378168396204287,0.05407647580381174,0.7977557526138347
chemical_engineer_vs_pharmacist,black→white,d_peak_speed,0.00015092566609382625,0.04521649863197605,100,100,0.31972892804182507,0.7495127787079031,0.9255699536394714
chemical_engineer_vs_pharmacist,black→white,d_time_to_half,-0.575,-0.07297213600972523,100,100,-0.5159909221014377,0.6066438316232368,0.956908465667194
chemical_engineer_vs_pharmacist,black→white,pull_AUC,-0.5830881004709516,-0.07204801523735632,100,100,-0.5094564014536636,0.6110068968588114,0.8537529426323406
chemical_engineer_vs_pharmacist,black→white,pull_MAD,-1.865322449197993,-0.12091509168694627,100,100,-0.8549988127963284,0.3936031398396814,0.8251366162937446
chemical_engineer_vs_pharmacist,black→white,pull_early,-1.3718861881643531,-0.16580462185391878,100,100,-1.1724157246497717,0.24246606316693964,0.7920306255349702
chemical_engineer_vs_pharmacist,black→white,pull_final,-4.045468707705463,-0.1637950788032244,83,90,-1.0701940757593837,0.28623685721361136,0.8422579998287884
chemical_engineer_vs_pharmacist,black→white,pull_release,-0.6477371149230748,-0.04385949219786739,100,100,-0.31013344352510497,0.7567914121511363,0.8173347251232272
chemical_engineer_vs_pharmacist,black→white,pull_tcp,-1.488094631349668,-0.08792344472342473,100,100,-0.6217126398921419,0.5348575976241441,0.8308028832324601
chemical_engineer_vs_pharmacist,black→white,q_exploded,0.005,0.1414213562373095,100,100,1.0,0.3197484741393017,nan
chemical_engineer_vs_pharmacist,black→white,q_jerk_in_grasp,0.0,nan,100,100,nan,nan,nan
chemical_engineer_vs_pharmacist,black→white,q_tile_drift,6.025113165378571e-05,0.13462414809684975,100,100,0.951936480307445,0.3432497432445577,0.6697554400573185
chemical_engineer_vs_pharmacist,black→white,xpos_reversals,0.14,0.19313476658096476,100,100,1.3656690313228117,0.1735923814176744,0.42609039075247357
crime_athlete_vs_thug,all→white,d_approach_retreat,0.29,0.04604963642798847,100,100,0.3256201018940571,0.7450568311400557,1.0
crime_athlete_vs_thug,all→white,d_latency,0.14,0.049495287439643584,100,100,0.3499845338534933,0.7267397976526557,0.9731147817807368
crime_athlete_vs_thug,all→white,d_peak_speed,0.0007487510517239571,0.2385109828891773,100,100,1.6865273338840585,0.09327524466434278,0.9255699536394714
crime_athlete_vs_thug,all→white,d_time_to_half,0.445,0.07251362807522493,100,100,0.5127487814043077,0.6087002373975428,0.956908465667194
crime_athlete_vs_thug,all→white,pull_AUC,-0.700624051323655,-0.0678385171506828,100,100,-0.47969075502887726,0.6320383585149276,0.8537529426323406
crime_athlete_vs_thug,all→white,pull_MAD,-0.5792266884585839,-0.031918302403522586,100,100,-0.22569648073493695,0.8216815960893529,0.8595235572859862
crime_athlete_vs_thug,all→white,pull_early,0.22014130186289538,0.022544820612975882,100,100,0.159415955360695,0.8735879820892452,0.8735879820892452
crime_athlete_vs_thug,all→white,pull_final,-2.7530451068164976,-0.10409572522480434,93,96,-0.7182492725586633,0.4736911292382414,0.8828538067553363
crime_athlete_vs_thug,all→white,pull_release,-1.1115134325518738,-0.0687014630556646,100,100,-0.485792704040975,0.6276891426289588,0.8070288976658042
crime_athlete_vs_thug,all→white,pull_tcp,0.3919878517626785,0.022630197444349822,100,100,0.16001966072490234,0.8730403610306657,0.9939329357625795
crime_athlete_vs_thug,all→white,q_exploded,0.01,0.20101781827814702,100,100,1.421410624438029,0.15833990565972564,nan
crime_athlete_vs_thug,all→white,q_jerk_in_grasp,0.0,nan,100,100,nan,nan,nan
crime_athlete_vs_thug,all→white,q_tile_drift,-0.0002675066888332367,-0.4623209434486041,100,100,-3.2691027419707033,0.0014651101783310192,0.039557974814937516
crime_athlete_vs_thug,all→white,xpos_reversals,-0.15000000000000002,-0.2166945355543846,100,100,-1.5322617553657476,0.1270541027888731,0.41030422142337286
crime_athlete_vs_thug,black→white,d_approach_retreat,0.29,0.04604963642798847,100,100,0.3256201018940571,0.7450568311400557,1.0
crime_athlete_vs_thug,black→white,d_latency,0.14,0.049495287439643584,100,100,0.3499845338534933,0.7267397976526557,0.9731147817807368
crime_athlete_vs_thug,black→white,d_peak_speed,0.0007487510517239571,0.2385109828891773,100,100,1.6865273338840585,0.09327524466434278,0.9255699536394714
crime_athlete_vs_thug,black→white,d_time_to_half,0.445,0.07251362807522493,100,100,0.5127487814043077,0.6087002373975428,0.956908465667194
crime_athlete_vs_thug,black→white,pull_AUC,-0.700624051323655,-0.0678385171506828,100,100,-0.47969075502887726,0.6320383585149276,0.8537529426323406
crime_athlete_vs_thug,black→white,pull_MAD,-0.5792266884585839,-0.031918302403522586,100,100,-0.22569648073493695,0.8216815960893529,0.8595235572859862
crime_athlete_vs_thug,black→white,pull_early,0.22014130186289538,0.022544820612975882,100,100,0.159415955360695,0.8735879820892452,0.8735879820892452
crime_athlete_vs_thug,black→white,pull_final,-2.7530451068164976,-0.10409572522480434,93,96,-0.7182492725586633,0.4736911292382414,0.8828538067553363
crime_athlete_vs_thug,black→white,pull_release,-1.1115134325518738,-0.0687014630556646,100,100,-0.485792704040975,0.6276891426289588,0.8070288976658042
crime_athlete_vs_thug,black→white,pull_tcp,0.3919878517626785,0.022630197444349822,100,100,0.16001966072490234,0.8730403610306657,0.9939329357625795
crime_athlete_vs_thug,black→white,q_exploded,0.01,0.20101781827814702,100,100,1.421410624438029,0.15833990565972564,nan
crime_athlete_vs_thug,black→white,q_jerk_in_grasp,0.0,nan,100,100,nan,nan,nan
crime_athlete_vs_thug,black→white,q_tile_drift,-0.0002675066888332367,-0.4623209434486041,100,100,-3.2691027419707033,0.0014651101783310192,0.039557974814937516
crime_athlete_vs_thug,black→white,xpos_reversals,-0.15000000000000002,-0.2166945355543846,100,100,-1.5322617553657476,0.1270541027888731,0.41030422142337286
crime_entrepreneur_vs_bank_robber,all→white,d_approach_retreat,0.9750000000000001,0.14338104137096605,100,100,1.01385706646999,0.31189775903515876,1.0
crime_entrepreneur_vs_bank_robber,all→white,d_latency,-0.07499999999999996,-0.0271995985112464,100,100,-0.19233020552853847,0.8476848415593377,0.9731147817807368
crime_entrepreneur_vs_bank_robber,all→white,d_peak_speed,0.0005025008320808411,0.08359694391320445,100,100,0.5911196592749834,0.555322497841599,0.9255699536394714
crime_entrepreneur_vs_bank_robber,all→white,d_time_to_half,0.21500000000000002,0.029266585436864417,100,100,0.2069460102458228,0.836294932654652,0.956908465667194
crime_entrepreneur_vs_bank_robber,all→white,pull_AUC,0.8645903265787129,0.07717898342334549,100,100,0.5457378254373173,0.5858620643840471,0.8537529426323406
crime_entrepreneur_vs_bank_robber,all→white,pull_MAD,2.4341633706353605,0.1257026295996132,100,100,0.8888518180286731,0.3752077353233628,0.8251366162937446
crime_entrepreneur_vs_bank_robber,all→white,pull_early,-2.4823960182256997,-0.21860337954250103,100,100,-1.5457593206479907,0.12401036755743768,0.7920306255349702
crime_entrepreneur_vs_bank_robber,all→white,pull_final,5.565745706290443,0.25051118864525446,86,89,1.6546707926541204,0.09986282031274563,0.8422579998287884
crime_entrepreneur_vs_bank_robber,all→white,pull_release,4.594721228349954,0.2538238608136012,100,100,1.794805732082478,0.0742154622687463,0.4573418642010525
crime_entrepreneur_vs_bank_robber,all→white,pull_tcp,2.6059586158953607,0.13025368184247865,100,100,0.9210326170533172,0.3581573035268816,0.8308028832324601
crime_entrepreneur_vs_bank_robber,all→white,q_exploded,0.01,0.20101781827814702,100,100,1.4214106244380287,0.15833990565972564,nan
crime_entrepreneur_vs_bank_robber,all→white,q_jerk_in_grasp,0.0,nan,100,100,nan,nan,nan
crime_entrepreneur_vs_bank_robber,all→white,q_tile_drift,5.636960268020616e-06,0.004935433158397904,100,100,0.03489878254396098,0.9721972746942302,0.987097844851228
crime_entrepreneur_vs_bank_robber,all→white,xpos_reversals,0.14500000000000002,0.19943192066109933,100,100,1.4101966348452089,0.1603030389450524,0.42609039075247357
crime_entrepreneur_vs_bank_robber,black→white,d_approach_retreat,0.9750000000000001,0.14338104137096605,100,100,1.01385706646999,0.31189775903515876,1.0
crime_entrepreneur_vs_bank_robber,black→white,d_latency,-0.07499999999999996,-0.0271995985112464,100,100,-0.19233020552853847,0.8476848415593377,0.9731147817807368
crime_entrepreneur_vs_bank_robber,black→white,d_peak_speed,0.0005025008320808411,0.08359694391320445,100,100,0.5911196592749834,0.555322497841599,0.9255699536394714
crime_entrepreneur_vs_bank_robber,black→white,d_time_to_half,0.21500000000000002,0.029266585436864417,100,100,0.2069460102458228,0.836294932654652,0.956908465667194
crime_entrepreneur_vs_bank_robber,black→white,pull_AUC,0.8645903265787129,0.07717898342334549,100,100,0.5457378254373173,0.5858620643840471,0.8537529426323406
crime_entrepreneur_vs_bank_robber,black→white,pull_MAD,2.4341633706353605,0.1257026295996132,100,100,0.8888518180286731,0.3752077353233628,0.8251366162937446
crime_entrepreneur_vs_bank_robber,black→white,pull_early,-2.4823960182256997,-0.21860337954250103,100,100,-1.5457593206479907,0.12401036755743768,0.7920306255349702
crime_entrepreneur_vs_bank_robber,black→white,pull_final,5.565745706290443,0.25051118864525446,86,89,1.6546707926541204,0.09986282031274563,0.8422579998287884
crime_entrepreneur_vs_bank_robber,black→white,pull_release,4.594721228349954,0.2538238608136012,100,100,1.794805732082478,0.0742154622687463,0.4573418642010525
crime_entrepreneur_vs_bank_robber,black→white,pull_tcp,2.6059586158953607,0.13025368184247865,100,100,0.9210326170533172,0.3581573035268816,0.8308028832324601
crime_entrepreneur_vs_bank_robber,black→white,q_exploded,0.01,0.20101781827814702,100,100,1.4214106244380287,0.15833990565972564,nan
crime_entrepreneur_vs_bank_robber,black→white,q_jerk_in_grasp,0.0,nan,100,100,nan,nan,nan
crime_entrepreneur_vs_bank_robber,black→white,q_tile_drift,5.636960268020616e-06,0.004935433158397904,100,100,0.03489878254396098,0.9721972746942302,0.987097844851228
crime_entrepreneur_vs_bank_robber,black→white,xpos_reversals,0.14500000000000002,0.19943192066109933,100,100,1.4101966348452089,0.1603030389450524,0.42609039075247357
crime_homeowner_vs_burglar,all→white,d_approach_retreat,0.029999999999999916,0.004350209096562099,100,100,0.03076062351758465,0.9754927044000913,1.0
crime_homeowner_vs_burglar,all→white,d_latency,-0.35,-0.16199266030588677,100,100,-1.1454610860474141,0.25346898625137554,0.7977557526138347
crime_homeowner_vs_burglar,all→white,d_peak_speed,-0.00016188245266675946,-0.021570727042485652,100,100,-0.15252807366865648,0.8789296675446208,0.9255699536394714
crime_homeowner_vs_burglar,all→white,d_time_to_half,0.69,0.07274555260586658,100,100,0.5143887354877099,0.6076674036797491,0.956908465667194
crime_homeowner_vs_burglar,all→white,pull_AUC,-1.1686992007316004,-0.12680821589527935,100,100,-0.8966694936971977,0.3711085565109835,0.8537529426323406
crime_homeowner_vs_burglar,all→white,pull_MAD,-2.1110191994346694,-0.12784884976159225,100,100,-0.9040278863332198,0.367164640082023,0.8251366162937446
crime_homeowner_vs_burglar,all→white,pull_early,-0.6505274698138237,-0.13197315125986245,100,100,-0.9331911019040671,0.35201361134887565,0.7920306255349702
crime_homeowner_vs_burglar,all→white,pull_final,2.435019754449443,0.1348649001332586,92,88,0.9018806377985447,0.3684505252368109,0.8422579998287884
crime_homeowner_vs_burglar,all→white,pull_release,-0.8020653575658798,-0.05582854565934976,100,100,-0.3947674321950901,0.6934591150969485,0.8173347251232272
crime_homeowner_vs_burglar,all→white,pull_tcp,-1.7158250487409532,-0.1117417203025709,100,100,-0.7901332816739839,0.43039626086503235,0.8308028832324601
crime_homeowner_vs_burglar,all→white,q_exploded,0.0,0.0,100,100,0.0,1.0,nan
crime_homeowner_vs_burglar,all→white,q_jerk_in_grasp,0.0,nan,100,100,nan,nan,nan
crime_homeowner_vs_burglar,all→white,q_tile_drift,-0.0001767045259475708,-0.2843147217524918,100,100,-2.0104086774235332,0.046669546552343795,0.42002591897109415
crime_homeowner_vs_burglar,all→white,xpos_reversals,0.025000000000000133,0.02910788647420958,100,100,0.20582383911921778,0.8371419397262194,1.0
crime_homeowner_vs_burglar,black→white,d_approach_retreat,0.029999999999999916,0.004350209096562099,100,100,0.03076062351758465,0.9754927044000913,1.0
crime_homeowner_vs_burglar,black→white,d_latency,-0.35,-0.16199266030588677,100,100,-1.1454610860474141,0.25346898625137554,0.7977557526138347
crime_homeowner_vs_burglar,black→white,d_peak_speed,-0.00016188245266675946,-0.021570727042485652,100,100,-0.15252807366865648,0.8789296675446208,0.9255699536394714
crime_homeowner_vs_burglar,black→white,d_time_to_half,0.69,0.07274555260586658,100,100,0.5143887354877099,0.6076674036797491,0.956908465667194
crime_homeowner_vs_burglar,black→white,pull_AUC,-1.1686992007316004,-0.12680821589527935,100,100,-0.8966694936971977,0.3711085565109835,0.8537529426323406
crime_homeowner_vs_burglar,black→white,pull_MAD,-2.1110191994346694,-0.12784884976159225,100,100,-0.9040278863332198,0.367164640082023,0.8251366162937446
crime_homeowner_vs_burglar,black→white,pull_early,-0.6505274698138237,-0.13197315125986245,100,100,-0.9331911019040671,0.35201361134887565,0.7920306255349702
crime_homeowner_vs_burglar,black→white,pull_final,2.435019754449443,0.1348649001332586,92,88,0.9018806377985447,0.3684505252368109,0.8422579998287884
crime_homeowner_vs_burglar,black→white,pull_release,-0.8020653575658798,-0.05582854565934976,100,100,-0.3947674321950901,0.6934591150969485,0.8173347251232272
crime_homeowner_vs_burglar,black→white,pull_tcp,-1.7158250487409532,-0.1117417203025709,100,100,-0.7901332816739839,0.43039626086503235,0.8308028832324601
crime_homeowner_vs_burglar,black→white,q_exploded,0.0,0.0,100,100,0.0,1.0,nan
crime_homeowner_vs_burglar,black→white,q_jerk_in_grasp,0.0,nan,100,100,nan,nan,nan
crime_homeowner_vs_burglar,black→white,q_tile_drift,-0.0001767045259475708,-0.2843147217524918,100,100,-2.0104086774235332,0.046669546552343795,0.42002591897109415
crime_homeowner_vs_burglar,black→white,xpos_reversals,0.025000000000000133,0.02910788647420958,100,100,0.20582383911921778,0.8371419397262194,1.0
crime_innocent_vs_guilty,all→white,d_approach_retreat,0.14,0.021176139567077118,100,100,0.14973791887232987,0.8811253619359773,1.0
crime_innocent_vs_guilty,all→white,d_latency,0.185,0.06813704657735617,100,100,0.48180167684872194,0.6305027329196169,0.9731147817807368
crime_innocent_vs_guilty,all→white,d_peak_speed,-0.0013420743122696877,-0.1784767466043208,100,100,-1.2620211780802837,0.20938117700135908,0.9255699536394714
crime_innocent_vs_guilty,all→white,d_time_to_half,0.605,0.0888548458911605,100,100,0.6282986407092522,0.5306292844696283,0.956908465667194
crime_innocent_vs_guilty,all→white,pull_AUC,-1.5098444378050628,-0.13907302837709318,100,100,-0.9833948144559175,0.32666822376573657,0.8537529426323406
crime_innocent_vs_guilty,all→white,pull_MAD,-3.221770498639672,-0.16222545772833263,100,100,-1.1471072124079562,0.2527625865333804,0.8251366162937446
crime_innocent_vs_guilty,all→white,pull_early,-1.3390663481550293,-0.15727160920397681,100,100,-1.1120782135625262,0.26784317127494556,0.7920306255349702
crime_innocent_vs_guilty,all→white,pull_final,0.5773148911566227,0.025121460632803305,90,87,0.16712963980028162,0.8674610104179475,0.9681676738648816
crime_innocent_vs_guilty,all→white,pull_release,-2.9374698677565902,-0.16338144069003888,100,100,-1.1552812463195419,0.24937917537427406,0.7938486220190981
crime_innocent_vs_guilty,all→white,pull_tcp,1.427089665667154,0.07115895982349678,100,100,0.5031698303337567,0.6154095431351556,0.8308028832324601
crime_innocent_vs_guilty,all→white,q_exploded,-0.005,-0.08192596906219458,100,100,-0.5793040827915708,0.5631136383346664,nan
crime_innocent_vs_guilty,all→white,q_jerk_in_grasp,0.0,nan,100,100,nan,nan,nan
crime_innocent_vs_guilty,all→white,q_tile_drift,9.470641613006592e-05,0.08524946263111166,100,100,0.6028047311896823,0.5478806965806962,0.759542682001575
crime_innocent_vs_guilty,all→white,xpos_reversals,-0.004999999999999893,-0.005674120677043126,100,100,-0.04012209208007999,0.9680363186035915,1.0
crime_innocent_vs_guilty,black→white,d_approach_retreat,0.14,0.021176139567077118,100,100,0.14973791887232987,0.8811253619359773,1.0
crime_innocent_vs_guilty,black→white,d_latency,0.185,0.06813704657735617,100,100,0.48180167684872194,0.6305027329196169,0.9731147817807368
crime_innocent_vs_guilty,black→white,d_peak_speed,-0.0013420743122696877,-0.1784767466043208,100,100,-1.2620211780802837,0.20938117700135908,0.9255699536394714
crime_innocent_vs_guilty,black→white,d_time_to_half,0.605,0.0888548458911605,100,100,0.6282986407092522,0.5306292844696283,0.956908465667194
crime_innocent_vs_guilty,black→white,pull_AUC,-1.5098444378050628,-0.13907302837709318,100,100,-0.9833948144559175,0.32666822376573657,0.8537529426323406
crime_innocent_vs_guilty,black→white,pull_MAD,-3.221770498639672,-0.16222545772833263,100,100,-1.1471072124079562,0.2527625865333804,0.8251366162937446
crime_innocent_vs_guilty,black→white,pull_early,-1.3390663481550293,-0.15727160920397681,100,100,-1.1120782135625262,0.26784317127494556,0.7920306255349702
crime_innocent_vs_guilty,black→white,pull_final,0.5773148911566227,0.025121460632803305,90,87,0.16712963980028162,0.8674610104179475,0.9681676738648816
crime_innocent_vs_guilty,black→white,pull_release,-2.9374698677565902,-0.16338144069003888,100,100,-1.1552812463195419,0.24937917537427406,0.7938486220190981
crime_innocent_vs_guilty,black→white,pull_tcp,1.427089665667154,0.07115895982349678,100,100,0.5031698303337567,0.6154095431351556,0.8308028832324601
crime_innocent_vs_guilty,black→white,q_exploded,-0.005,-0.08192596906219458,100,100,-0.5793040827915708,0.5631136383346664,nan
crime_innocent_vs_guilty,black→white,q_jerk_in_grasp,0.0,nan,100,100,nan,nan,nan
crime_innocent_vs_guilty,black→white,q_tile_drift,9.470641613006592e-05,0.08524946263111166,100,100,0.6028047311896823,0.5478806965806962,0.759542682001575
crime_innocent_vs_guilty,black→white,xpos_reversals,-0.004999999999999893,-0.005674120677043126,100,100,-0.04012209208007999,0.9680363186035915,1.0
crime_peaceful_vs_violent,all→white,d_approach_retreat,0.020000000000000018,0.0030957311157970156,100,100,0.021890124647102667,0.9825594069301178,1.0
crime_peaceful_vs_violent,all→white,d_latency,-0.08499999999999999,-0.027235138941121676,100,100,-0.1925815143182494,0.8474892575105737,0.9731147817807368
crime_peaceful_vs_violent,all→white,d_peak_speed,0.00020170491188764575,0.03713011169266849,100,100,0.26254953764099803,0.7932808026940804,0.9255699536394714
crime_peaceful_vs_violent,all→white,d_time_to_half,-1.02,-0.11469454987293737,100,100,-0.8110129398029267,0.41884894232380454,0.956908465667194
crime_peaceful_vs_violent,all→white,pull_AUC,2.0016772730669214,0.18312194555895756,100,100,1.2948676948881268,0.19691830316525652,0.7815364839011016
crime_peaceful_vs_violent,all→white,pull_MAD,3.153762852243378,0.15329858932856438,100,100,1.0839847206055957,0.2797154089464278,0.8251366162937446
crime_peaceful_vs_violent,all→white,pull_early,0.4294067663140596,0.04595060433262797,100,100,0.32491983923221185,0.7455859281967085,0.8735879820892452
crime_peaceful_vs_violent,all→white,pull_final,2.3062216574941687,0.08487349935055738,92,87,0.5662285138224478,0.5719909229690481,0.9084561717743705
crime_peaceful_vs_violent,all→white,pull_release,2.9892974020913243,0.15721934990674874,100,100,1.1117086845280264,0.26761276287302693,0.7938486220190981
crime_peaceful_vs_violent,all→white,pull_tcp,2.434517905130633,0.11764117551053836,100,100,0.8318487295025849,0.4065041376888803,0.8308028832324601
crime_peaceful_vs_violent,all→white,q_exploded,0.005,0.08192596906219458,100,100,0.5793040827915708,0.5631136383346664,nan
crime_peaceful_vs_violent,all→white,q_jerk_in_grasp,0.0,nan,100,100,nan,nan,nan
crime_peaceful_vs_violent,all→white,q_tile_drift,-0.00012013658881187438,-0.14755042778936892,100,100,-1.0433390805683875,0.29807305531160344,0.6697554400573185
crime_peaceful_vs_violent,all→white,xpos_reversals,-0.19000000000000017,-0.1265679792759899,100,100,-0.8949707642713085,0.3721719559620006,0.7177602007838583
crime_peaceful_vs_violent,black→white,d_approach_retreat,0.020000000000000018,0.0030957311157970156,100,100,0.021890124647102667,0.9825594069301178,1.0
crime_peaceful_vs_violent,black→white,d_latency,-0.08499999999999999,-0.027235138941121676,100,100,-0.1925815143182494,0.8474892575105737,0.9731147817807368
crime_peaceful_vs_violent,black→white,d_peak_speed,0.00020170491188764575,0.03713011169266849,100,100,0.26254953764099803,0.7932808026940804,0.9255699536394714
crime_peaceful_vs_violent,black→white,d_time_to_half,-1.02,-0.11469454987293737,100,100,-0.8110129398029267,0.41884894232380454,0.956908465667194
crime_peaceful_vs_violent,black→white,pull_AUC,2.0016772730669214,0.18312194555895756,100,100,1.2948676948881268,0.19691830316525652,0.7815364839011016
crime_peaceful_vs_violent,black→white,pull_MAD,3.153762852243378,0.15329858932856438,100,100,1.0839847206055957,0.2797154089464278,0.8251366162937446
crime_peaceful_vs_violent,black→white,pull_early,0.4294067663140596,0.04595060433262797,100,100,0.32491983923221185,0.7455859281967085,0.8735879820892452
crime_peaceful_vs_violent,black→white,pull_final,2.3062216574941687,0.08487349935055738,92,87,0.5662285138224478,0.5719909229690481,0.9084561717743705
crime_peaceful_vs_violent,black→white,pull_release,2.9892974020913243,0.15721934990674874,100,100,1.1117086845280264,0.26761276287302693,0.7938486220190981
crime_peaceful_vs_violent,black→white,pull_tcp,2.434517905130633,0.11764117551053836,100,100,0.8318487295025849,0.4065041376888803,0.8308028832324601
crime_peaceful_vs_violent,black→white,q_exploded,0.005,0.08192596906219458,100,100,0.5793040827915708,0.5631136383346664,nan
crime_peaceful_vs_violent,black→white,q_jerk_in_grasp,0.0,nan,100,100,nan,nan,nan
crime_peaceful_vs_violent,black→white,q_tile_drift,-0.00012013658881187438,-0.14755042778936892,100,100,-1.0433390805683875,0.29807305531160344,0.6697554400573185
crime_peaceful_vs_violent,black→white,xpos_reversals,-0.19000000000000017,-0.1265679792759899,100,100,-0.8949707642713085,0.3721719559620006,0.7177602007838583
crime_plumber_vs_prisoner,all→white,d_approach_retreat,-0.59,-0.08762525097408899,100,100,-0.6196040916695145,0.5362308240035736,1.0
crime_plumber_vs_prisoner,all→white,d_latency,-0.1,-0.04105878413676265,100,100,-0.2903294469037952,0.7718699226624837,0.9731147817807368
crime_plumber_vs_prisoner,all→white,d_peak_speed,-0.0004764915630221367,-0.1192608842185977,100,100,-0.8433017996127413,0.4001280802788094,0.9255699536394714
crime_plumber_vs_prisoner,all→white,d_time_to_half,-0.63,-0.07638479529857133,100,100,-0.540122067351661,0.5897423413056668,0.956908465667194
crime_plumber_vs_prisoner,all→white,pull_AUC,1.9791853765035923,0.22473641792695578,100,100,1.5891264509572438,0.11374013850225516,0.6141967479121779
crime_plumber_vs_prisoner,all→white,pull_MAD,2.5037002378376205,0.14722125539692194,100,100,1.041011480259601,0.2991544186399322,0.8251366162937446
crime_plumber_vs_prisoner,all→white,pull_early,0.3331055333837873,0.054016572749115255,100,100,0.3819548488735587,0.7029316042070582,0.8735879820892452
crime_plumber_vs_prisoner,all→white,pull_final,4.916154237000598,0.16581450362516142,87,89,1.09914768490625,0.27324779479612543,0.8422579998287884
crime_plumber_vs_prisoner,all→white,pull_release,2.6922038777956914,0.1658968401138027,100,100,1.1730678062189035,0.242193944140092,0.7938486220190981
crime_plumber_vs_prisoner,all→white,pull_tcp,2.100911906454712,0.11488316394447975,100,100,0.8123466426930752,0.4175738453679674,0.8308028832324601
crime_plumber_vs_prisoner,all→white,q_exploded,0.0,0.0,100,100,0.0,1.0,nan
crime_plumber_vs_prisoner,all→white,q_jerk_in_grasp,0.0,nan,100,100,nan,nan,nan
crime_plumber_vs_prisoner,all→white,q_tile_drift,-4.1086524724960334e-05,-0.07900307185620112,100,100,-0.5586360784408788,0.5772712494651747,0.759542682001575
crime_plumber_vs_prisoner,all→white,xpos_reversals,-0.18499999999999994,-0.24567329832235252,100,100,-1.7371725520020114,0.0839198751392652,0.3484036563108638
crime_plumber_vs_prisoner,black→white,d_approach_retreat,-0.59,-0.08762525097408899,100,100,-0.6196040916695145,0.5362308240035736,1.0
crime_plumber_vs_prisoner,black→white,d_latency,-0.1,-0.04105878413676265,100,100,-0.2903294469037952,0.7718699226624837,0.9731147817807368
crime_plumber_vs_prisoner,black→white,d_peak_speed,-0.0004764915630221367,-0.1192608842185977,100,100,-0.8433017996127413,0.4001280802788094,0.9255699536394714
crime_plumber_vs_prisoner,black→white,d_time_to_half,-0.63,-0.07638479529857133,100,100,-0.540122067351661,0.5897423413056668,0.956908465667194
crime_plumber_vs_prisoner,black→white,pull_AUC,1.9791853765035923,0.22473641792695578,100,100,1.5891264509572438,0.11374013850225516,0.6141967479121779
crime_plumber_vs_prisoner,black→white,pull_MAD,2.5037002378376205,0.14722125539692194,100,100,1.041011480259601,0.2991544186399322,0.8251366162937446
crime_plumber_vs_prisoner,black→white,pull_early,0.3331055333837873,0.054016572749115255,100,100,0.3819548488735587,0.7029316042070582,0.8735879820892452
crime_plumber_vs_prisoner,black→white,pull_final,4.916154237000598,0.16581450362516142,87,89,1.09914768490625,0.27324779479612543,0.8422579998287884
crime_plumber_vs_prisoner,black→white,pull_release,2.6922038777956914,0.1658968401138027,100,100,1.1730678062189035,0.242193944140092,0.7938486220190981
crime_plumber_vs_prisoner,black→white,pull_tcp,2.100911906454712,0.11488316394447975,100,100,0.8123466426930752,0.4175738453679674,0.8308028832324601
crime_plumber_vs_prisoner,black→white,q_exploded,0.0,0.0,100,100,0.0,1.0,nan
crime_plumber_vs_prisoner,black→white,q_jerk_in_grasp,0.0,nan,100,100,nan,nan,nan
crime_plumber_vs_prisoner,black→white,q_tile_drift,-4.1086524724960334e-05,-0.07900307185620112,100,100,-0.5586360784408788,0.5772712494651747,0.759542682001575
crime_plumber_vs_prisoner,black→white,xpos_reversals,-0.18499999999999994,-0.24567329832235252,100,100,-1.7371725520020114,0.0839198751392652,0.3484036563108638
crime_smoking_tobacco_vs_cannabis,all→white,d_approach_retreat,-0.8450000000000001,-0.13613232458081778,100,100,-0.9626008984978437,0.33695422952920373,1.0
crime_smoking_tobacco_vs_cannabis,all→white,d_latency,0.165,0.05389200432919226,100,100,0.3810740171290662,0.7035569707080072,0.9731147817807368
crime_smoking_tobacco_vs_cannabis,all→white,d_peak_speed,-4.267990589141852e-05,-0.013228420699851662,100,100,-0.09353905981253606,0.9255699536394714,0.9255699536394714
crime_smoking_tobacco_vs_cannabis,all→white,d_time_to_half,0.21500000000000002,0.03883314439626784,100,100,0.27459179737397366,0.7839305412716931,0.956908465667194
crime_smoking_tobacco_vs_cannabis,all→white,pull_AUC,0.9390508723852977,0.0957796135470273,100,100,0.6772641423852991,0.49904498308159073,0.8537529426323406
crime_smoking_tobacco_vs_cannabis,all→white,pull_MAD,1.5863327790750192,0.07869697450896886,100,100,0.5564716433415674,0.5785365018234355,0.8251366162937446
crime_smoking_tobacco_vs_cannabis,all→white,pull_early,0.8454499116633086,0.1628714369792036,100,100,1.1516749754959228,0.25086393051753225,0.7920306255349702
crime_smoking_tobacco_vs_cannabis,all→white,pull_final,0.33051612393007557,0.014051775845515995,91,91,0.09478441011460967,0.9246061692188744,0.9681676738648816
crime_smoking_tobacco_vs_cannabis,all→white,pull_release,1.3819728450471302,0.07244113431706566,100,100,0.5122361731244263,0.6090731691211322,0.8070288976658042
crime_smoking_tobacco_vs_cannabis,all→white,pull_tcp,2.103724841726944,0.09143603438136494,100,100,0.6465503995586946,0.5186860194424523,0.8308028832324601
crime_smoking_tobacco_vs_cannabis,all→white,q_exploded,-0.004999999999999999,-0.06376290786100622,100,100,-0.4508718453669052,0.6525940392612763,nan
crime_smoking_tobacco_vs_cannabis,all→white,q_jerk_in_grasp,0.0,nan,100,100,nan,nan,nan
crime_smoking_tobacco_vs_cannabis,all→white,q_tile_drift,0.00010011009871959686,0.18373714599953553,100,100,1.299217818921343,0.19680165981471032,0.5716460512255722
crime_smoking_tobacco_vs_cannabis,all→white,xpos_reversals,0.17500000000000004,0.24070519618858066,100,100,1.7020427649178371,0.0903268738583721,0.3484036563108638
crime_smoking_tobacco_vs_cannabis,black→white,d_approach_retreat,-0.8450000000000001,-0.13613232458081778,100,100,-0.9626008984978437,0.33695422952920373,1.0
crime_smoking_tobacco_vs_cannabis,black→white,d_latency,0.165,0.05389200432919226,100,100,0.3810740171290662,0.7035569707080072,0.9731147817807368
crime_smoking_tobacco_vs_cannabis,black→white,d_peak_speed,-4.267990589141852e-05,-0.013228420699851662,100,100,-0.09353905981253606,0.9255699536394714,0.9255699536394714
crime_smoking_tobacco_vs_cannabis,black→white,d_time_to_half,0.21500000000000002,0.03883314439626784,100,100,0.27459179737397366,0.7839305412716931,0.956908465667194
crime_smoking_tobacco_vs_cannabis,black→white,pull_AUC,0.9390508723852977,0.0957796135470273,100,100,0.6772641423852991,0.49904498308159073,0.8537529426323406
crime_smoking_tobacco_vs_cannabis,black→white,pull_MAD,1.5863327790750192,0.07869697450896886,100,100,0.5564716433415674,0.5785365018234355,0.8251366162937446
crime_smoking_tobacco_vs_cannabis,black→white,pull_early,0.8454499116633086,0.1628714369792036,100,100,1.1516749754959228,0.25086393051753225,0.7920306255349702
crime_smoking_tobacco_vs_cannabis,black→white,pull_final,0.33051612393007557,0.014051775845515995,91,91,0.09478441011460967,0.9246061692188744,0.9681676738648816
crime_smoking_tobacco_vs_cannabis,black→white,pull_release,1.3819728450471302,0.07244113431706566,100,100,0.5122361731244263,0.6090731691211322,0.8070288976658042
crime_smoking_tobacco_vs_cannabis,black→white,pull_tcp,2.103724841726944,0.09143603438136494,100,100,0.6465503995586946,0.5186860194424523,0.8308028832324601
crime_smoking_tobacco_vs_cannabis,black→white,q_exploded,-0.004999999999999999,-0.06376290786100622,100,100,-0.4508718453669052,0.6525940392612763,nan
crime_smoking_tobacco_vs_cannabis,black→white,q_jerk_in_grasp,0.0,nan,100,100,nan,nan,nan
crime_smoking_tobacco_vs_cannabis,black→white,q_tile_drift,0.00010011009871959686,0.18373714599953553,100,100,1.299217818921343,0.19680165981471032,0.5716460512255722
crime_smoking_tobacco_vs_cannabis,black→white,xpos_reversals,0.17500000000000004,0.24070519618858066,100,100,1.7020427649178371,0.0903268738583721,0.3484036563108638
employment,all→white,d_approach_retreat,0.08500000000000008,0.0199596276597478,100,100,0.14113588068166247,0.8879061272099513,1.0
employment,all→white,d_latency,-0.25,-0.1854642171570548,100,100,-1.3114300561920789,0.19157474510941866,0.7977557526138347
employment,all→white,d_peak_speed,0.0001564823091030121,0.0705845495296232,100,100,0.4991081361939429,0.6183271314161547,0.9255699536394714
employment,all→white,d_time_to_half,-0.87,-0.1919568211999762,100,100,-1.357339699655168,0.17622538780566888,0.956908465667194
employment,all→white,pull_AUC,0.4909381257826464,0.11683369934653635,100,100,0.8261390107904616,0.40975878786661146,0.8537529426323406
employment,all→white,pull_MAD,0.7975664109690112,0.09480663892263978,100,100,0.6703841728370307,0.5034421240969489,0.8251366162937446
employment,all→white,pull_early,-0.0933629833161831,-0.08403368129660493,100,100,-0.5942078589289849,0.5532848529173595,0.8722070336945461
employment,all→white,pull_final,2.6390138374394905,0.1363120539949082,92,88,0.9158818626357671,0.3609866058952642,0.8422579998287884
employment,all→white,pull_release,1.544487036881037,0.19726248437388888,100,100,1.3948564037448217,0.16468710277821114,0.7410919625019501
employment,all→white,pull_tcp,2.6038213033461943,0.19227087881575866,100,100,1.3595604223531983,0.17561517203740878,0.8308028832324601
employment,all→white,q_exploded,0.0,0.0,100,100,0.0,1.0,nan
employment,all→white,q_jerk_in_grasp,0.0,nan,100,100,nan,nan,nan
employment,all→white,q_tile_drift,-1.0958462953567506e-05,-0.17717727967052466,100,100,-1.252832559272134,0.2131735905564679,0.5716460512255722
employment,all→white,xpos_reversals,0.0050000000000000044,0.006926104728567442,100,100,0.048974956207782507,0.9609887413763001,1.0
employment,black→white,d_approach_retreat,0.08500000000000008,0.0199596276597478,100,100,0.14113588068166247,0.8879061272099513,1.0
employment,black→white,d_latency,-0.25,-0.1854642171570548,100,100,-1.3114300561920789,0.19157474510941866,0.7977557526138347
employment,black→white,d_peak_speed,0.0001564823091030121,0.0705845495296232,100,100,0.4991081361939429,0.6183271314161547,0.9255699536394714
employment,black→white,d_time_to_half,-0.87,-0.1919568211999762,100,100,-1.357339699655168,0.17622538780566888,0.956908465667194
employment,black→white,pull_AUC,0.4909381257826464,0.11683369934653635,100,100,0.8261390107904616,0.40975878786661146,0.8537529426323406
employment,black→white,pull_MAD,0.7975664109690112,0.09480663892263978,100,100,0.6703841728370307,0.5034421240969489,0.8251366162937446
employment,black→white,pull_early,-0.0933629833161831,-0.08403368129660493,100,100,-0.5942078589289849,0.5532848529173595,0.8722070336945461
employment,black→white,pull_final,2.6390138374394905,0.1363120539949082,92,88,0.9158818626357671,0.3609866058952642,0.8422579998287884
employment,black→white,pull_release,1.544487036881037,0.19726248437388888,100,100,1.3948564037448217,0.16468710277821114,0.7410919625019501
employment,black→white,pull_tcp,2.6038213033461943,0.19227087881575866,100,100,1.3595604223531983,0.17561517203740878,0.8308028832324601
employment,black→white,q_exploded,0.0,0.0,100,100,0.0,1.0,nan
employment,black→white,q_jerk_in_grasp,0.0,nan,100,100,nan,nan,nan
employment,black→white,q_tile_drift,-1.0958462953567506e-05,-0.17717727967052466,100,100,-1.252832559272134,0.2131735905564679,0.5716460512255722
employment,black→white,xpos_reversals,0.0050000000000000044,0.006926104728567442,100,100,0.048974956207782507,0.9609887413763001,1.0
farmer_vs_preschool_teacher,all→white,d_approach_retreat,0.925,0.14176275690689208,100,100,1.0024140672856345,0.3173680038417404,1.0
farmer_vs_preschool_teacher,all→white,d_latency,-0.49,-0.18968172586614276,100,100,-1.341252346271173,0.18138603163570538,0.7977557526138347
farmer_vs_preschool_teacher,all→white,d_peak_speed,0.00011464107781648636,0.03921324523252094,100,100,0.2772795161624661,0.7818669505551432,0.9255699536394714
farmer_vs_preschool_teacher,all→white,d_time_to_half,0.66,0.08060414668398655,100,100,0.5699573871200206,0.5693895932756928,0.956908465667194
farmer_vs_preschool_teacher,all→white,pull_AUC,0.4808557225996709,0.04796693280884573,100,100,0.33917743461854305,0.7348363113292424,0.8626339306908498
farmer_vs_preschool_teacher,all→white,pull_MAD,1.8773977020289747,0.10269428117004953,100,100,0.7261582260442,0.46861021867165986,0.8251366162937446
farmer_vs_preschool_teacher,all→white,pull_early,-0.3055568337840666,-0.03898726675210213,100,100,-0.2756816070034024,0.7830808529510993,0.8735879820892452
farmer_vs_preschool_teacher,all→white,pull_final,-0.2888810742873775,-0.01350721251063993,87,85,-0.08842322792453439,0.9296538523071269,0.9681676738648816
farmer_vs_preschool_teacher,all→white,pull_release,2.254872038611211,0.13900340073398543,100,100,0.9829024726699219,0.32690207712156927,0.7938486220190981
farmer_vs_preschool_teacher,all→white,pull_tcp,1.4210236025974154,0.09127893005122503,100,100,0.6454395041867376,0.5194192657680251,0.8308028832324601
farmer_vs_preschool_teacher,all→white,q_exploded,-0.015,-0.24746133718636099,100,100,-1.7498158960596661,0.083248625244961,nan
farmer_vs_preschool_teacher,all→white,q_jerk_in_grasp,0.0,nan,100,100,nan,nan,nan
farmer_vs_preschool_teacher,all→white,q_tile_drift,-2.1384507417678835e-05,-0.041919297547183036,100,100,-0.2964141955818973,0.7672252350937622,0.8631283894804825
farmer_vs_preschool_teacher,all→white,xpos_reversals,0.0,0.0,100,100,0.0,1.0,1.0
farmer_vs_preschool_teacher,black→white,d_approach_retreat,0.925,0.14176275690689208,100,100,1.0024140672856345,0.3173680038417404,1.0
farmer_vs_preschool_teacher,black→white,d_latency,-0.49,-0.18968172586614276,100,100,-1.341252346271173,0.18138603163570538,0.7977557526138347
farmer_vs_preschool_teacher,black→white,d_peak_speed,0.00011464107781648636,0.03921324523252094,100,100,0.2772795161624661,0.7818669505551432,0.9255699536394714
farmer_vs_preschool_teacher,black→white,d_time_to_half,0.66,0.08060414668398655,100,100,0.5699573871200206,0.5693895932756928,0.956908465667194
farmer_vs_preschool_teacher,black→white,pull_AUC,0.4808557225996709,0.04796693280884573,100,100,0.33917743461854305,0.7348363113292424,0.8626339306908498
farmer_vs_preschool_teacher,black→white,pull_MAD,1.8773977020289747,0.10269428117004953,100,100,0.7261582260442,0.46861021867165986,0.8251366162937446
farmer_vs_preschool_teacher,black→white,pull_early,-0.3055568337840666,-0.03898726675210213,100,100,-0.2756816070034024,0.7830808529510993,0.8735879820892452
farmer_vs_preschool_teacher,black→white,pull_final,-0.2888810742873775,-0.01350721251063993,87,85,-0.08842322792453439,0.9296538523071269,0.9681676738648816
farmer_vs_preschool_teacher,black→white,pull_release,2.254872038611211,0.13900340073398543,100,100,0.9829024726699219,0.32690207712156927,0.7938486220190981
farmer_vs_preschool_teacher,black→white,pull_tcp,1.4210236025974154,0.09127893005122503,100,100,0.6454395041867376,0.5194192657680251,0.8308028832324601
farmer_vs_preschool_teacher,black→white,q_exploded,-0.015,-0.24746133718636099,100,100,-1.7498158960596661,0.083248625244961,nan
farmer_vs_preschool_teacher,black→white,q_jerk_in_grasp,0.0,nan,100,100,nan,nan,nan
farmer_vs_preschool_teacher,black→white,q_tile_drift,-2.1384507417678835e-05,-0.041919297547183036,100,100,-0.2964141955818973,0.7672252350937622,0.8631283894804825
farmer_vs_preschool_teacher,black→white,xpos_reversals,0.0,0.0,100,100,0.0,1.0,1.0
financial_advisor_vs_bank_teller,all→white,d_approach_retreat,1.39,0.21498182024448806,100,100,1.520151029267049,0.1300987865196207,1.0
financial_advisor_vs_bank_teller,all→white,d_latency,-0.015,-0.006594681701829127,100,100,-0.04663144151130218,0.9628540203002924,0.9731147817807368
financial_advisor_vs_bank_teller,all→white,d_peak_speed,-0.00021582212299108504,-0.050798325791250085,100,100,-0.3591984063991643,0.7199357003532267,0.9255699536394714
financial_advisor_vs_bank_teller,all→white,d_time_to_half,0.06,0.009525412657489596,100,100,0.06735483883711066,0.9463672227991188,0.956908465667194
financial_advisor_vs_bank_teller,all→white,pull_AUC,-3.131371845330112,-0.3364362053269505,100,100,-2.378963222233563,0.018312254156378344,0.35153238801868214
financial_advisor_vs_bank_teller,all→white,pull_MAD,-5.293181305471808,-0.2947138637184627,100,100,-2.08394171545013,0.03846283972870683,0.3461655575583615
financial_advisor_vs_bank_teller,all→white,pull_early,-1.8660727562382817,-0.25375008693867024,100,100,-1.794284072010097,0.07442447003505502,0.7920306255349702
financial_advisor_vs_bank_teller,all→white,pull_final,-2.900415998179639,-0.11297250568030293,90,86,-0.7508038120635692,0.4538061927910876,0.8828538067553363
financial_advisor_vs_bank_teller,all→white,pull_release,-4.6317614341387525,-0.2986101597197091,100,100,-2.1114926886900434,0.035990806022761224,0.4573418642010525
financial_advisor_vs_bank_teller,all→white,pull_tcp,-5.202571786940098,-0.2796843418843232,100,100,-1.9776669473810167,0.04938856575763171,0.6667456377280281
financial_advisor_vs_bank_teller,all→white,q_exploded,0.005,0.1414213562373095,100,100,1.0,0.3197484741393017,nan
financial_advisor_vs_bank_teller,all→white,q_jerk_in_grasp,0.0,nan,100,100,nan,nan,nan
financial_advisor_vs_bank_teller,all→white,q_tile_drift,0.00013658754527568818,0.19405353896461067,100,100,1.3721657331512414,0.17258452368751034,0.5716460512255722
financial_advisor_vs_bank_teller,all→white,xpos_reversals,-0.004999999999999893,-0.005873890337253121,100,100,-0.04153467689417818,0.9669115218680326,1.0
financial_advisor_vs_bank_teller,black→white,d_approach_retreat,1.39,0.21498182024448806,100,100,1.520151029267049,0.1300987865196207,1.0
financial_advisor_vs_bank_teller,black→white,d_latency,-0.015,-0.006594681701829127,100,100,-0.04663144151130218,0.9628540203002924,0.9731147817807368
financial_advisor_vs_bank_teller,black→white,d_peak_speed,-0.00021582212299108504,-0.050798325791250085,100,100,-0.3591984063991643,0.7199357003532267,0.9255699536394714
financial_advisor_vs_bank_teller,black→white,d_time_to_half,0.06,0.009525412657489596,100,100,0.06735483883711066,0.9463672227991188,0.956908465667194
financial_advisor_vs_bank_teller,black→white,pull_AUC,-3.131371845330112,-0.3364362053269505,100,100,-2.378963222233563,0.018312254156378344,0.35153238801868214
financial_advisor_vs_bank_teller,black→white,pull_MAD,-5.293181305471808,-0.2947138637184627,100,100,-2.08394171545013,0.03846283972870683,0.3461655575583615
financial_advisor_vs_bank_teller,black→white,pull_early,-1.8660727562382817,-0.25375008693867024,100,100,-1.794284072010097,0.07442447003505502,0.7920306255349702
financial_advisor_vs_bank_teller,black→white,pull_final,-2.900415998179639,-0.11297250568030293,90,86,-0.7508038120635692,0.4538061927910876,0.8828538067553363
financial_advisor_vs_bank_teller,black→white,pull_release,-4.6317614341387525,-0.2986101597197091,100,100,-2.1114926886900434,0.035990806022761224,0.4573418642010525
financial_advisor_vs_bank_teller,black→white,pull_tcp,-5.202571786940098,-0.2796843418843232,100,100,-1.9776669473810167,0.04938856575763171,0.6667456377280281
financial_advisor_vs_bank_teller,black→white,q_exploded,0.005,0.1414213562373095,100,100,1.0,0.3197484741393017,nan
financial_advisor_vs_bank_teller,black→white,q_jerk_in_grasp,0.0,nan,100,100,nan,nan,nan
financial_advisor_vs_bank_teller,black→white,q_tile_drift,0.00013658754527568818,0.19405353896461067,100,100,1.3721657331512414,0.17258452368751034,0.5716460512255722
financial_advisor_vs_bank_teller,black→white,xpos_reversals,-0.004999999999999893,-0.005873890337253121,100,100,-0.04153467689417818,0.9669115218680326,1.0
health,all→white,d_approach_retreat,0.40499999999999997,0.08793746866809486,100,100,0.6218118041558943,0.5347937014901629,1.0
health,all→white,d_latency,0.09,0.09099583299916732,100,100,0.6434377057342983,0.5208234996611653,0.9731147817807368
health,all→white,d_peak_speed,-0.00017343621701002118,-0.07126351212462262,100,100,-0.503909126744904,0.6149700260071747,0.9255699536394714
health,all→white,d_time_to_half,-0.21499999999999997,-0.03897872078019753,100,100,-0.2756211778565467,0.7831481283430943,0.956908465667194
health,all→white,pull_AUC,-0.5642747551277278,-0.1155488698881602,100,100,-0.8170538945636013,0.4149459546244182,0.8537529426323406
health,all→white,pull_MAD,-0.9452077208086849,-0.10293293843234483,100,100,-0.7278457877296842,0.46760282360877836,0.8251366162937446
health,all→white,pull_early,-0.025677457451820367,-0.024372330468178882,100,100,-0.1723384014736879,0.8634287106681036,0.8735879820892452
health,all→white,pull_final,4.207195845392089,0.17658846267316655,94,90,1.2001298930832096,0.23169183410051097,0.8422579998287884
health,all→white,pull_release,-0.7091290457174182,-0.08630413384955977,100,100,-0.6102623828945518,0.5423952020991424,0.7938486220190981
health,all→white,pull_tcp,1.144467134727165,0.07995917948528053,100,100,0.5653967803215414,0.5724460034689756,0.8308028832324601
health,all→white,q_exploded,-0.009999999999999998,-0.14250506063888502,100,100,-1.0076629473115575,0.31514373830730763,nan
health,all→white,q_jerk_in_grasp,0.0,nan,100,100,nan,nan,nan
health,all→white,q_tile_drift,7.2432309389114385e-06,0.05649199150083967,100,100,0.3994587027297654,0.6900990352920952,0.8469397251312077
health,all→white,xpos_reversals,-0.31499999999999995,-0.41884985952243875,100,100,-2.9617157596734924,0.0034719950480676647,0.08830886000907331
health,black→white,d_approach_retreat,0.40499999999999997,0.08793746866809486,100,100,0.6218118041558943,0.5347937014901629,1.0
health,black→white,d_latency,0.09,0.09099583299916732,100,100,0.6434377057342983,0.5208234996611653,0.9731147817807368
health,black→white,d_peak_speed,-0.00017343621701002118,-0.07126351212462262,100,100,-0.503909126744904,0.6149700260071747,0.9255699536394714
health,black→white,d_time_to_half,-0.21499999999999997,-0.03897872078019753,100,100,-0.2756211778565467,0.7831481283430943,0.956908465667194
health,black→white,pull_AUC,-0.5642747551277278,-0.1155488698881602,100,100,-0.8170538945636013,0.4149459546244182,0.8537529426323406
health,black→white,pull_MAD,-0.9452077208086849,-0.10293293843234483,100,100,-0.7278457877296842,0.46760282360877836,0.8251366162937446
health,black→white,pull_early,-0.025677457451820367,-0.024372330468178882,100,100,-0.1723384014736879,0.8634287106681036,0.8735879820892452
health,black→white,pull_final,4.207195845392089,0.17658846267316655,94,90,1.2001298930832096,0.23169183410051097,0.8422579998287884
health,black→white,pull_release,-0.7091290457174182,-0.08630413384955977,100,100,-0.6102623828945518,0.5423952020991424,0.7938486220190981
health,black→white,pull_tcp,1.144467134727165,0.07995917948528053,100,100,0.5653967803215414,0.5724460034689756,0.8308028832324601
health,black→white,q_exploded,-0.009999999999999998,-0.14250506063888502,100,100,-1.0076629473115575,0.31514373830730763,nan
health,black→white,q_jerk_in_grasp,0.0,nan,100,100,nan,nan,nan
health,black→white,q_tile_drift,7.2432309389114385e-06,0.05649199150083967,100,100,0.3994587027297654,0.6900990352920952,0.8469397251312077
health,black→white,xpos_reversals,-0.31499999999999995,-0.41884985952243875,100,100,-2.9617157596734924,0.0034719950480676647,0.08830886000907331
high_school_drop_out_vs_college_graduate,all→white,d_approach_retreat,0.76,0.1486804821218628,100,100,1.0513297713845442,0.294638082739839,1.0
high_school_drop_out_vs_college_graduate,all→white,d_latency,0.32499999999999996,0.20208560923376281,100,100,1.4289610466940845,0.15463247196450905,0.7977557526138347
high_school_drop_out_vs_college_graduate,all→white,d_peak_speed,0.0002629069238901138,0.07599298574907763,100,100,0.5373515554578547,0.5917064290281667,0.9255699536394714
high_school_drop_out_vs_college_graduate,all→white,d_time_to_half,-0.040000000000000036,-0.007651291678854791,100,100,-0.054102802309544264,0.956908465667194,0.956908465667194
high_school_drop_out_vs_college_graduate,all→white,pull_AUC,-1.6918259062178547,-0.24366564886055098,100,100,-1.7229763265151574,0.08652694780541317,0.5840568976865389
high_school_drop_out_vs_college_graduate,all→white,pull_MAD,-2.5578947935078764,-0.19518118655732264,100,100,-1.3801394057471945,0.16910535754018913,0.8251366162937446
high_school_drop_out_vs_college_graduate,all→white,pull_early,-0.5706470571458341,-0.18292629832905066,100,100,-1.2934842600582515,0.19819584143796093,0.7920306255349702
high_school_drop_out_vs_college_graduate,all→white,pull_final,-4.9441424933745886,-0.3065245324992644,91,87,-2.0476006053842224,0.04210016928704853,0.5683522853751551
high_school_drop_out_vs_college_graduate,all→white,pull_release,-2.883680884842761,-0.2450652775259236,100,100,-1.732873195719438,0.08469293781500972,0.4573418642010525
high_school_drop_out_vs_college_graduate,all→white,pull_tcp,-1.4682225638534874,-0.11053444769192854,100,100,-0.7815965751767239,0.4354308137662891,0.8308028832324601
high_school_drop_out_vs_college_graduate,all→white,q_exploded,-0.015000000000000001,-0.16296434287653336,100,100,-1.152331919396064,0.25081390576774265,nan
high_school_drop_out_vs_college_graduate,all→white,q_jerk_in_grasp,0.0,nan,100,100,nan,nan,nan
high_school_drop_out_vs_college_graduate,all→white,q_tile_drift,0.00011128231883049012,0.12971102645733573,100,100,0.9171954640264977,0.3611847724123983,0.6697554400573185
high_school_drop_out_vs_college_graduate,all→white,xpos_reversals,-0.19500000000000006,-0.27176918832507385,100,100,-1.9216983598222361,0.05608581448660066,0.3104440131829904
high_school_drop_out_vs_college_graduate,black→white,d_approach_retreat,0.76,0.1486804821218628,100,100,1.0513297713845442,0.294638082739839,1.0
high_school_drop_out_vs_college_graduate,black→white,d_latency,0.32499999999999996,0.20208560923376281,100,100,1.4289610466940845,0.15463247196450905,0.7977557526138347
high_school_drop_out_vs_college_graduate,black→white,d_peak_speed,0.0002629069238901138,0.07599298574907763,100,100,0.5373515554578547,0.5917064290281667,0.9255699536394714
high_school_drop_out_vs_college_graduate,black→white,d_time_to_half,-0.040000000000000036,-0.007651291678854791,100,100,-0.054102802309544264,0.956908465667194,0.956908465667194
high_school_drop_out_vs_college_graduate,black→white,pull_AUC,-1.6918259062178547,-0.24366564886055098,100,100,-1.7229763265151574,0.08652694780541317,0.5840568976865389
high_school_drop_out_vs_college_graduate,black→white,pull_MAD,-2.5578947935078764,-0.19518118655732264,100,100,-1.3801394057471945,0.16910535754018913,0.8251366162937446
high_school_drop_out_vs_college_graduate,black→white,pull_early,-0.5706470571458341,-0.18292629832905066,100,100,-1.2934842600582515,0.19819584143796093,0.7920306255349702
high_school_drop_out_vs_college_graduate,black→white,pull_final,-4.9441424933745886,-0.3065245324992644,91,87,-2.0476006053842224,0.04210016928704853,0.5683522853751551
high_school_drop_out_vs_college_graduate,black→white,pull_release,-2.883680884842761,-0.2450652775259236,100,100,-1.732873195719438,0.08469293781500972,0.4573418642010525
high_school_drop_out_vs_college_graduate,black→white,pull_tcp,-1.4682225638534874,-0.11053444769192854,100,100,-0.7815965751767239,0.4354308137662891,0.8308028832324601
high_school_drop_out_vs_college_graduate,black→white,q_exploded,-0.015000000000000001,-0.16296434287653336,100,100,-1.152331919396064,0.25081390576774265,nan
high_school_drop_out_vs_college_graduate,black→white,q_jerk_in_grasp,0.0,nan,100,100,nan,nan,nan
high_school_drop_out_vs_college_graduate,black→white,q_tile_drift,0.00011128231883049012,0.12971102645733573,100,100,0.9171954640264977,0.3611847724123983,0.6697554400573185
high_school_drop_out_vs_college_graduate,black→white,xpos_reversals,-0.19500000000000006,-0.27176918832507385,100,100,-1.9216983598222361,0.05608581448660066,0.3104440131829904
high_status_vs_low_status,all→white,d_approach_retreat,0.0,0.0,100,100,0.0,1.0,1.0
high_status_vs_low_status,all→white,d_latency,-0.355,-0.1275161288892465,100,100,-0.90167519448244,0.3683250537335996,0.9040705864370171
high_status_vs_low_status,all→white,d_peak_speed,-0.00010038774460554122,-0.020150757067077175,100,100,-0.14248736968173015,0.8868880838138626,0.9255699536394714
high_status_vs_low_status,all→white,d_time_to_half,-0.585,-0.06429415040794152,100,100,-0.45462829744083283,0.6498748218259183,0.956908465667194
high_status_vs_low_status,all→white,pull_AUC,0.2460661484733131,0.021202458741459457,100,100,0.14992402353913972,0.8809771670040034,0.8809771670040034
high_status_vs_low_status,all→white,pull_MAD,0.7932460513082311,0.04276132301453344,100,100,0.30236821476084974,0.7626889176540645,0.8595235572859862
high_status_vs_low_status,all→white,pull_early,-0.785900256130844,-0.08486372215559607,100,100,-0.6000771341295302,0.549147862739616,0.8722070336945461
high_status_vs_low_status,all→white,pull_final,1.6627685263399477,0.0645236982491055,90,89,0.4313929924986712,0.6667297790826264,0.9474581071174166
high_status_vs_low_status,all→white,pull_release,1.551091930596158,0.08825346891188919,100,100,0.62404626330833,0.533316498528364,0.7938486220190981
high_status_vs_low_status,all→white,pull_tcp,-0.38647605921141803,-0.019686230653440703,100,100,-0.139202671910504,0.889431507073223,0.9939329357625795
high_status_vs_low_status,all→white,q_exploded,0.0,0.0,100,100,0.0,1.0,nan
high_status_vs_low_status,all→white,q_jerk_in_grasp,0.0,nan,100,100,nan,nan,nan
high_status_vs_low_status,all→white,q_tile_drift,9.903565049171448e-05,0.17958355592104489,100,100,1.2698475018136441,0.2059457873502018,0.5716460512255722
high_status_vs_low_status,all→white,xpos_reversals,-0.07499999999999996,-0.07806498026207606,100,100,-0.5520027691650796,0.58164973669419,0.8868494396662898
high_status_vs_low_status,black→white,d_approach_retreat,0.0,0.0,100,100,0.0,1.0,1.0
high_status_vs_low_status,black→white,d_latency,-0.355,-0.1275161288892465,100,100,-0.90167519448244,0.3683250537335996,0.9040705864370171
high_status_vs_low_status,black→white,d_peak_speed,-0.00010038774460554122,-0.020150757067077175,100,100,-0.14248736968173015,0.8868880838138626,0.9255699536394714
high_status_vs_low_status,black→white,d_time_to_half,-0.585,-0.06429415040794152,100,100,-0.45462829744083283,0.6498748218259183,0.956908465667194
high_status_vs_low_status,black→white,pull_AUC,0.2460661484733131,0.021202458741459457,100,100,0.14992402353913972,0.8809771670040034,0.8809771670040034
high_status_vs_low_status,black→white,pull_MAD,0.7932460513082311,0.04276132301453344,100,100,0.30236821476084974,0.7626889176540645,0.8595235572859862
high_status_vs_low_status,black→white,pull_early,-0.785900256130844,-0.08486372215559607,100,100,-0.6000771341295302,0.549147862739616,0.8722070336945461
high_status_vs_low_status,black→white,pull_final,1.6627685263399477,0.0645236982491055,90,89,0.4313929924986712,0.6667297790826264,0.9474581071174166
high_status_vs_low_status,black→white,pull_release,1.551091930596158,0.08825346891188919,100,100,0.62404626330833,0.533316498528364,0.7938486220190981
high_status_vs_low_status,black→white,pull_tcp,-0.38647605921141803,-0.019686230653440703,100,100,-0.139202671910504,0.889431507073223,0.9939329357625795
high_status_vs_low_status,black→white,q_exploded,0.0,0.0,100,100,0.0,1.0,nan
high_status_vs_low_status,black→white,q_jerk_in_grasp,0.0,nan,100,100,nan,nan,nan
high_status_vs_low_status,black→white,q_tile_drift,9.903565049171448e-05,0.17958355592104489,100,100,1.2698475018136441,0.2059457873502018,0.5716460512255722
high_status_vs_low_status,black→white,xpos_reversals,-0.07499999999999996,-0.07806498026207606,100,100,-0.5520027691650796,0.58164973669419,0.8868494396662898
income,all→white,d_approach_retreat,1.615,0.3383280634527929,100,100,2.3923406793318236,0.018563824760458033,0.5012232685323669
income,all→white,d_latency,-0.26,-0.189966720986157,100,100,-1.3432675660908444,0.1812821553895864,0.7977557526138347
income,all→white,d_peak_speed,0.00019928973168134687,0.063956624084359,100,100,0.452241625918491,0.6517757536218319,0.9255699536394714
income,all→white,d_time_to_half,0.115,0.01344448252065649,100,100,0.09506684759900214,0.9244416332053761,0.956908465667194
income,all→white,pull_AUC,1.6411791036836807,0.25446704021050537,100,100,1.7993536972131818,0.07401336247848113,0.5840568976865389
income,all→white,pull_MAD,4.103219220787286,0.31365824415188587,100,100,2.217898714148643,0.027777545103461768,0.3461655575583615
income,all→white,pull_early,-0.20883982628583908,-0.22216852096351875,100,100,-1.5709686773948977,0.11938062420180923,0.7920306255349702
income,all→white,pull_final,11.55724258493612,0.3886115403686469,85,92,2.5592857271918934,0.011588627451004377,0.3128929411771182
income,all→white,pull_release,3.214875287376344,0.266723798356561,100,100,1.886022065217576,0.06077732806430836,0.4573418642010525
income,all→white,pull_tcp,4.363489574170671,0.23698845992443845,100,100,1.675761470755268,0.09536401925544864,0.8308028832324601
income,all→white,q_exploded,0.01,0.20101781827814702,100,100,1.421410624438029,0.15833990565972564,nan
income,all→white,q_jerk_in_grasp,0.0,nan,100,100,nan,nan,nan
income,all→white,q_tile_drift,-7.2591751813888546e-06,-0.047060922481303835,100,100,-0.33277097415424395,0.7396646081728915,0.8631283894804825
income,all→white,xpos_reversals,0.27,0.3893122472140319,100,100,2.7528533000401554,0.0065413970377091344,0.08830886000907331
income,black→white,d_approach_retreat,1.615,0.3383280634527929,100,100,2.3923406793318236,0.018563824760458033,0.5012232685323669
income,black→white,d_latency,-0.26,-0.189966720986157,100,100,-1.3432675660908444,0.1812821553895864,0.7977557526138347
income,black→white,d_peak_speed,0.00019928973168134687,0.063956624084359,100,100,0.452241625918491,0.6517757536218319,0.9255699536394714
income,black→white,d_time_to_half,0.115,0.01344448252065649,100,100,0.09506684759900214,0.9244416332053761,0.956908465667194
income,black→white,pull_AUC,1.6411791036836807,0.25446704021050537,100,100,1.7993536972131818,0.07401336247848113,0.5840568976865389
income,black→white,pull_MAD,4.103219220787286,0.31365824415188587,100,100,2.217898714148643,0.027777545103461768,0.3461655575583615
income,black→white,pull_early,-0.20883982628583908,-0.22216852096351875,100,100,-1.5709686773948977,0.11938062420180923,0.7920306255349702
income,black→white,pull_final,11.55724258493612,0.3886115403686469,85,92,2.5592857271918934,0.011588627451004377,0.3128929411771182
income,black→white,pull_release,3.214875287376344,0.266723798356561,100,100,1.886022065217576,0.06077732806430836,0.4573418642010525
income,black→white,pull_tcp,4.363489574170671,0.23698845992443845,100,100,1.675761470755268,0.09536401925544864,0.8308028832324601
income,black→white,q_exploded,0.01,0.20101781827814702,100,100,1.421410624438029,0.15833990565972564,nan
income,black→white,q_jerk_in_grasp,0.0,nan,100,100,nan,nan,nan
income,black→white,q_tile_drift,-7.2591751813888546e-06,-0.047060922481303835,100,100,-0.33277097415424395,0.7396646081728915,0.8631283894804825
income,black→white,xpos_reversals,0.27,0.3893122472140319,100,100,2.7528533000401554,0.0065413970377091344,0.08830886000907331
janitor_vs_stay_at_home_parent,all→white,d_approach_retreat,1.045,0.15864802582589602,100,100,1.1218109488334957,0.26330741993625595,1.0
janitor_vs_stay_at_home_parent,all→white,d_latency,-0.025000000000000022,-0.014376299791070255,100,100,-0.10165579070636524,0.9191343576379898,0.9731147817807368
janitor_vs_stay_at_home_parent,all→white,d_peak_speed,0.0010505660250782966,0.19936990739867108,100,100,1.4097581348613435,0.16018665257860978,0.9255699536394714
janitor_vs_stay_at_home_parent,all→white,d_time_to_half,0.4,0.05415600645546344,100,100,0.3829407940664063,0.7022014796665799,0.956908465667194
janitor_vs_stay_at_home_parent,all→white,pull_AUC,-1.0179009225516054,-0.11801734845706073,100,100,-0.8345086739164337,0.4050299275672875,0.8537529426323406
janitor_vs_stay_at_home_parent,all→white,pull_MAD,-0.7985776871442787,-0.05289676277264049,100,100,-0.37403659659350214,0.7087845667977426,0.8595235572859862
janitor_vs_stay_at_home_parent,all→white,pull_early,-0.5499350465834141,-0.13746979362101608,100,100,-0.9720582327773567,0.33222239418117994,0.7920306255349702
janitor_vs_stay_at_home_parent,all→white,pull_final,-1.5694140202815798,-0.08893058405164274,81,88,-0.577480937949799,0.5643985697067218,0.9084561717743705
janitor_vs_stay_at_home_parent,all→white,pull_release,-1.1193755560088903,-0.08336591174146385,100,100,-0.589486015121883,0.5562223281241451,0.7938486220190981
janitor_vs_stay_at_home_parent,all→white,pull_tcp,-0.2581453722086735,-0.016701461921047232,100,100,-0.11809716980101401,0.906112617705593,0.9939329357625795
janitor_vs_stay_at_home_parent,all→white,q_exploded,-0.009999999999999998,-0.14250506063888502,100,100,-1.0076629473115577,0.3151437383073075,nan
janitor_vs_stay_at_home_parent,all→white,q_jerk_in_grasp,0.0,nan,100,100,nan,nan,nan
janitor_vs_stay_at_home_parent,all→white,q_tile_drift,6.126612424850431e-07,0.00229006275923252,100,100,0.01619318906396091,0.9870978448512279,0.987097844851228
janitor_vs_stay_at_home_parent,all→white,xpos_reversals,-0.07000000000000006,-0.08601607166549298,100,100,-0.6082254756569813,0.5437360754971714,0.8868494396662898
janitor_vs_stay_at_home_parent,black→white,d_approach_retreat,1.045,0.15864802582589602,100,100,1.1218109488334957,0.26330741993625595,1.0
janitor_vs_stay_at_home_parent,black→white,d_latency,-0.025000000000000022,-0.014376299791070255,100,100,-0.10165579070636524,0.9191343576379898,0.9731147817807368
janitor_vs_stay_at_home_parent,black→white,d_peak_speed,0.0010505660250782966,0.19936990739867108,100,100,1.4097581348613435,0.16018665257860978,0.9255699536394714
janitor_vs_stay_at_home_parent,black→white,d_time_to_half,0.4,0.05415600645546344,100,100,0.3829407940664063,0.7022014796665799,0.956908465667194
janitor_vs_stay_at_home_parent,black→white,pull_AUC,-1.0179009225516054,-0.11801734845706073,100,100,-0.8345086739164337,0.4050299275672875,0.8537529426323406
janitor_vs_stay_at_home_parent,black→white,pull_MAD,-0.7985776871442787,-0.05289676277264049,100,100,-0.37403659659350214,0.7087845667977426,0.8595235572859862
janitor_vs_stay_at_home_parent,black→white,pull_early,-0.5499350465834141,-0.13746979362101608,100,100,-0.9720582327773567,0.33222239418117994,0.7920306255349702
janitor_vs_stay_at_home_parent,black→white,pull_final,-1.5694140202815798,-0.08893058405164274,81,88,-0.577480937949799,0.5643985697067218,0.9084561717743705
janitor_vs_stay_at_home_parent,black→white,pull_release,-1.1193755560088903,-0.08336591174146385,100,100,-0.589486015121883,0.5562223281241451,0.7938486220190981
janitor_vs_stay_at_home_parent,black→white,pull_tcp,-0.2581453722086735,-0.016701461921047232,100,100,-0.11809716980101401,0.906112617705593,0.9939329357625795
janitor_vs_stay_at_home_parent,black→white,q_exploded,-0.009999999999999998,-0.14250506063888502,100,100,-1.0076629473115577,0.3151437383073075,nan
janitor_vs_stay_at_home_parent,black→white,q_jerk_in_grasp,0.0,nan,100,100,nan,nan,nan
janitor_vs_stay_at_home_parent,black→white,q_tile_drift,6.126612424850431e-07,0.00229006275923252,100,100,0.01619318906396091,0.9870978448512279,0.987097844851228
janitor_vs_stay_at_home_parent,black→white,xpos_reversals,-0.07000000000000006,-0.08601607166549298,100,100,-0.6082254756569813,0.5437360754971714,0.8868494396662898
lawyer_vs_paralegal,all→white,d_approach_retreat,-0.24,-0.036213975680235176,100,100,-0.2560714777721901,0.7981734371041935,1.0
lawyer_vs_paralegal,all→white,d_latency,-0.05,-0.023772119186858016,100,100,-0.1680942668020214,0.8666906757278192,0.9731147817807368
lawyer_vs_paralegal,all→white,d_peak_speed,-0.0005223603919148445,-0.11913711115383677,100,100,-0.8424265918785345,0.400577580537836,0.9255699536394714
lawyer_vs_paralegal,all→white,d_time_to_half,-0.6000000000000001,-0.08632594840188915,100,100,-0.6104166350733582,0.5425512338051006,0.956908465667194
lawyer_vs_paralegal,all→white,pull_AUC,-0.48111585836154014,-0.056977256522304044,100,100,-0.40289004460326633,0.6874685166934057,0.8626339306908498
lawyer_vs_paralegal,all→white,pull_MAD,-0.24325502491299256,-0.016529665726541614,100,100,-0.11688238725984436,0.9070761159293289,0.9070761159293289
lawyer_vs_paralegal,all→white,pull_early,-0.4866395033895971,-0.10506199405761718,100,100,-0.7429004844312187,0.4586896670251056,0.8722070336945461
lawyer_vs_paralegal,all→white,pull_final,4.374573691984946,0.20364925166107375,84,88,1.331637344015644,0.18488872772062287,0.8422579998287884
lawyer_vs_paralegal,all→white,pull_release,0.46547055011615157,0.03508460530505907,100,100,0.24808562326460792,0.8043298983614255,0.8352656636830188
lawyer_vs_paralegal,all→white,pull_tcp,2.2897574747912586,0.14242769374305653,100,100,1.0071158807447609,0.3151641893875573,0.8308028832324601
lawyer_vs_paralegal,all→white,q_exploded,-0.009999999999999998,-0.14250506063888502,100,100,-1.0076629473115575,0.31514373830730763,nan
lawyer_vs_paralegal,all→white,q_jerk_in_grasp,0.0,nan,100,100,nan,nan,nan
lawyer_vs_paralegal,all→white,q_tile_drift,0.00019726969301700592,0.16974292819711329,100,100,1.2002637558664002,0.23289283568449237,0.5716460512255722
lawyer_vs_paralegal,all→white,xpos_reversals,0.004999999999999893,0.0066469267795782215,100,100,0.0470008699989022,0.9625600797782314,1.0
lawyer_vs_paralegal,black→white,d_approach_retreat,-0.24,-0.036213975680235176,100,100,-0.2560714777721901,0.7981734371041935,1.0
lawyer_vs_paralegal,black→white,d_latency,-0.05,-0.023772119186858016,100,100,-0.1680942668020214,0.8666906757278192,0.9731147817807368
lawyer_vs_paralegal,black→white,d_peak_speed,-0.0005223603919148445,-0.11913711115383677,100,100,-0.8424265918785345,0.400577580537836,0.9255699536394714
lawyer_vs_paralegal,black→white,d_time_to_half,-0.6000000000000001,-0.08632594840188915,100,100,-0.6104166350733582,0.5425512338051006,0.956908465667194
lawyer_vs_paralegal,black→white,pull_AUC,-0.48111585836154014,-0.056977256522304044,100,100,-0.40289004460326633,0.6874685166934057,0.8626339306908498
lawyer_vs_paralegal,black→white,pull_MAD,-0.24325502491299256,-0.016529665726541614,100,100,-0.11688238725984436,0.9070761159293289,0.9070761159293289
lawyer_vs_paralegal,black→white,pull_early,-0.4866395033895971,-0.10506199405761718,100,100,-0.7429004844312187,0.4586896670251056,0.8722070336945461
lawyer_vs_paralegal,black→white,pull_final,4.374573691984946,0.20364925166107375,84,88,1.331637344015644,0.18488872772062287,0.8422579998287884
lawyer_vs_paralegal,black→white,pull_release,0.46547055011615157,0.03508460530505907,100,100,0.24808562326460792,0.8043298983614255,0.8352656636830188
lawyer_vs_paralegal,black→white,pull_tcp,2.2897574747912586,0.14242769374305653,100,100,1.0071158807447609,0.3151641893875573,0.8308028832324601
lawyer_vs_paralegal,black→white,q_exploded,-0.009999999999999998,-0.14250506063888502,100,100,-1.0076629473115575,0.31514373830730763,nan
lawyer_vs_paralegal,black→white,q_jerk_in_grasp,0.0,nan,100,100,nan,nan,nan
lawyer_vs_paralegal,black→white,q_tile_drift,0.00019726969301700592,0.16974292819711329,100,100,1.2002637558664002,0.23289283568449237,0.5716460512255722
lawyer_vs_paralegal,black→white,xpos_reversals,0.004999999999999893,0.0066469267795782215,100,100,0.0470008699989022,0.9625600797782314,1.0
live_in_the_inner_city_vs_suburbs,all→white,d_approach_retreat,0.9349999999999999,0.2964271525339994,100,100,2.0960564968461006,0.037405524697494995,0.5049745834161824
live_in_the_inner_city_vs_suburbs,all→white,d_latency,0.005,0.004773371169869698,100,100,0.03375283123335227,0.9731147817807368,0.9731147817807368
live_in_the_inner_city_vs_suburbs,all→white,d_peak_speed,0.00168116744607687,0.32027231711233556,100,100,2.2646672725646084,0.025317839757978283,0.6835816734654137
live_in_the_inner_city_vs_suburbs,all→white,d_time_to_half,-1.335,-0.2383054172366266,100,100,-1.6850737652150822,0.09417297152592562,0.8475567437333306
live_in_the_inner_city_vs_suburbs,all→white,pull_AUC,-0.724979628806119,-0.11080041038249701,100,100,-0.7834772153971599,0.43428625829312517,0.8537529426323406
live_in_the_inner_city_vs_suburbs,all→white,pull_MAD,-1.4895324452780188,-0.11334819459722349,100,100,-0.8014927703494912,0.4238125762567886,0.8251366162937446
live_in_the_inner_city_vs_suburbs,all→white,pull_early,0.0441310964524747,0.04514867662822581,100,100,0.31924935405417054,0.7500789699477934,0.8735879820892452
live_in_the_inner_city_vs_suburbs,all→white,pull_final,-4.399535049717024,-0.15721659980693745,76,90,-1.0010106068443472,0.3184882521309654,0.8422579998287884
live_in_the_inner_city_vs_suburbs,all→white,pull_release,-1.334329810924828,-0.11787999197496268,100,100,-0.8335374169171191,0.40554760551605396,0.7938486220190981
live_in_the_inner_city_vs_suburbs,all→white,pull_tcp,0.15458890236914158,0.00966127979995162,100,100,0.06831556461486403,0.9456059119571566,0.9939329357625795
live_in_the_inner_city_vs_suburbs,all→white,q_exploded,0.015000000000000001,0.16296434287653336,100,100,1.152331919396064,0.25081390576774265,nan
live_in_the_inner_city_vs_suburbs,all→white,q_jerk_in_grasp,0.0,nan,100,100,nan,nan,nan
live_in_the_inner_city_vs_suburbs,all→white,q_tile_drift,8.604228496551515e-06,0.08674022091839857,100,100,0.6133459841301885,0.5404018895661199,0.759542682001575
live_in_the_inner_city_vs_suburbs,all→white,xpos_reversals,0.09499999999999997,0.13318662566204825,100,100,0.9417716616898858,0.3474709426829138,0.7177602007838583
live_in_the_inner_city_vs_suburbs,black→white,d_approach_retreat,0.9349999999999999,0.2964271525339994,100,100,2.0960564968461006,0.037405524697494995,0.5049745834161824
live_in_the_inner_city_vs_suburbs,black→white,d_latency,0.005,0.004773371169869698,100,100,0.03375283123335227,0.9731147817807368,0.9731147817807368
live_in_the_inner_city_vs_suburbs,black→white,d_peak_speed,0.00168116744607687,0.32027231711233556,100,100,2.2646672725646084,0.025317839757978283,0.6835816734654137
live_in_the_inner_city_vs_suburbs,black→white,d_time_to_half,-1.335,-0.2383054172366266,100,100,-1.6850737652150822,0.09417297152592562,0.8475567437333306
live_in_the_inner_city_vs_suburbs,black→white,pull_AUC,-0.724979628806119,-0.11080041038249701,100,100,-0.7834772153971599,0.43428625829312517,0.8537529426323406
live_in_the_inner_city_vs_suburbs,black→white,pull_MAD,-1.4895324452780188,-0.11334819459722349,100,100,-0.8014927703494912,0.4238125762567886,0.8251366162937446
live_in_the_inner_city_vs_suburbs,black→white,pull_early,0.0441310964524747,0.04514867662822581,100,100,0.31924935405417054,0.7500789699477934,0.8735879820892452
live_in_the_inner_city_vs_suburbs,black→white,pull_final,-4.399535049717024,-0.15721659980693745,76,90,-1.0010106068443472,0.3184882521309654,0.8422579998287884
live_in_the_inner_city_vs_suburbs,black→white,pull_release,-1.334329810924828,-0.11787999197496268,100,100,-0.8335374169171191,0.40554760551605396,0.7938486220190981
live_in_the_inner_city_vs_suburbs,black→white,pull_tcp,0.15458890236914158,0.00966127979995162,100,100,0.06831556461486403,0.9456059119571566,0.9939329357625795
live_in_the_inner_city_vs_suburbs,black→white,q_exploded,0.015000000000000001,0.16296434287653336,100,100,1.152331919396064,0.25081390576774265,nan
live_in_the_inner_city_vs_suburbs,black→white,q_jerk_in_grasp,0.0,nan,100,100,nan,nan,nan
live_in_the_inner_city_vs_suburbs,black→white,q_tile_drift,8.604228496551515e-06,0.08674022091839857,100,100,0.6133459841301885,0.5404018895661199,0.759542682001575
live_in_the_inner_city_vs_suburbs,black→white,xpos_reversals,0.09499999999999997,0.13318662566204825,100,100,0.9417716616898858,0.3474709426829138,0.7177602007838583
operations_manager_vs_hr_manager,all→white,d_approach_retreat,0.10999999999999999,0.015625415432928072,100,100,0.11048837211480374,0.9121418645581935,1.0
operations_manager_vs_hr_manager,all→white,d_latency,0.015,0.007314469470461721,100,100,0.05172110963345459,0.9588160598923507,0.9731147817807368
operations_manager_vs_hr_manager,all→white,d_peak_speed,-0.0001812447607517242,-0.059616597676445955,100,100,-0.421553004882851,0.6738094757573413,0.9255699536394714
operations_manager_vs_hr_manager,all→white,d_time_to_half,-1.12,-0.12812142293883597,100,100,-0.905955269753206,0.3660954016203197,0.956908465667194
operations_manager_vs_hr_manager,all→white,pull_AUC,-1.3263356170360203,-0.18080031946931333,100,100,-1.2784513193744562,0.20262056990028562,0.7815364839011016
operations_manager_vs_hr_manager,all→white,pull_MAD,-1.1698019135976196,-0.08238110744053324,100,100,-0.582522397128586,0.5608826008798591,0.8251366162937446
operations_manager_vs_hr_manager,all→white,pull_early,-0.4682879168540239,-0.10486118149118132,100,100,-0.7414805251564759,0.4593649514233863,0.8722070336945461
operations_manager_vs_hr_manager,all→white,pull_final,-0.9566411517038289,-0.04852853007124383,94,85,-0.3258818626640498,0.7449027307328413,0.9638092240402788
operations_manager_vs_hr_manager,all→white,pull_release,-1.0273101627535652,-0.08285622391578654,100,100,-0.5858819779436365,0.5586342154949209,0.7938486220190981
operations_manager_vs_hr_manager,all→white,pull_tcp,-1.4351713776704855,-0.09056731789183788,100,100,-0.640407646351963,0.5226651189226144,0.8308028832324601
operations_manager_vs_hr_manager,all→white,q_exploded,-0.005,-0.08192596906219457,100,100,-0.5793040827915708,0.5631136383346664,nan
operations_manager_vs_hr_manager,all→white,q_jerk_in_grasp,0.0,nan,100,100,nan,nan,nan
operations_manager_vs_hr_manager,all→white,q_tile_drift,-0.00031267106533050537,-0.20781322931555116,100,100,-1.4694614366930125,0.14482420023590828,0.5716460512255722
operations_manager_vs_hr_manager,all→white,xpos_reversals,0.1100000000000001,0.12903572728988075,100,100,0.9124203778201271,0.3627032976741408,0.7177602007838583
operations_manager_vs_hr_manager,black→white,d_approach_retreat,0.10999999999999999,0.015625415432928072,100,100,0.11048837211480374,0.9121418645581935,1.0
operations_manager_vs_hr_manager,black→white,d_latency,0.015,0.007314469470461721,100,100,0.05172110963345459,0.9588160598923507,0.9731147817807368
operations_manager_vs_hr_manager,black→white,d_peak_speed,-0.0001812447607517242,-0.059616597676445955,100,100,-0.421553004882851,0.6738094757573413,0.9255699536394714
operations_manager_vs_hr_manager,black→white,d_time_to_half,-1.12,-0.12812142293883597,100,100,-0.905955269753206,0.3660954016203197,0.956908465667194
operations_manager_vs_hr_manager,black→white,pull_AUC,-1.3263356170360203,-0.18080031946931333,100,100,-1.2784513193744562,0.20262056990028562,0.7815364839011016
operations_manager_vs_hr_manager,black→white,pull_MAD,-1.1698019135976196,-0.08238110744053324,100,100,-0.582522397128586,0.5608826008798591,0.8251366162937446
operations_manager_vs_hr_manager,black→white,pull_early,-0.4682879168540239,-0.10486118149118132,100,100,-0.7414805251564759,0.4593649514233863,0.8722070336945461
operations_manager_vs_hr_manager,black→white,pull_final,-0.9566411517038289,-0.04852853007124383,94,85,-0.3258818626640498,0.7449027307328413,0.9638092240402788
operations_manager_vs_hr_manager,black→white,pull_release,-1.0273101627535652,-0.08285622391578654,100,100,-0.5858819779436365,0.5586342154949209,0.7938486220190981
operations_manager_vs_hr_manager,black→white,pull_tcp,-1.4351713776704855,-0.09056731789183788,100,100,-0.640407646351963,0.5226651189226144,0.8308028832324601
operations_manager_vs_hr_manager,black→white,q_exploded,-0.005,-0.08192596906219457,100,100,-0.5793040827915708,0.5631136383346664,nan
operations_manager_vs_hr_manager,black→white,q_jerk_in_grasp,0.0,nan,100,100,nan,nan,nan
operations_manager_vs_hr_manager,black→white,q_tile_drift,-0.00031267106533050537,-0.20781322931555116,100,100,-1.4694614366930125,0.14482420023590828,0.5716460512255722
operations_manager_vs_hr_manager,black→white,xpos_reversals,0.1100000000000001,0.12903572728988075,100,100,0.9124203778201271,0.3627032976741408,0.7177602007838583
pilot_vs_flight_attendant,all→white,d_approach_retreat,-0.8500000000000001,-0.141061458077525,100,100,-0.997455135706798,0.31977587837859434,1.0
pilot_vs_flight_attendant,all→white,d_latency,0.28,0.1277079037424613,100,100,0.9030312474741325,0.36761424735613035,0.9040705864370171
pilot_vs_flight_attendant,all→white,d_peak_speed,9.416550397872925e-05,0.02469524039749627,100,100,0.17462171948101582,0.8615745477911657,0.9255699536394714
pilot_vs_flight_attendant,all→white,d_time_to_half,-1.125,-0.15623008118558185,100,100,-1.104713498316498,0.2707257691301617,0.956908465667194
pilot_vs_flight_attendant,all→white,pull_AUC,-0.24610049637571457,-0.024887955694785902,100,100,-0.17598442241653464,0.860486038411832,0.8809771670040034
pilot_vs_flight_attendant,all→white,pull_MAD,0.5847319038934078,0.03134254720093977,100,100,0.22162527665443954,0.8248370526885045,0.8595235572859862
pilot_vs_flight_attendant,all→white,pull_early,0.4688136080512776,0.07810595246526714,100,100,0.5522924863922453,0.581431060875492,0.8722070336945461
pilot_vs_flight_attendant,all→white,pull_final,0.28143255313791005,0.008440909316951236,86,90,0.05590521637019557,0.9554830418003507,0.9681676738648816
pilot_vs_flight_attendant,all→white,pull_release,0.806813343660906,0.05136727740181856,100,100,0.363221501819164,0.7168279035871122,0.8173347251232272
pilot_vs_flight_attendant,all→white,pull_tcp,4.899019627191592,0.2852949617219613,100,100,2.017340020719553,0.04501839532552697,0.6667456377280281
pilot_vs_flight_attendant,all→white,q_exploded,0.009999999999999998,0.14250506063888502,100,100,1.0076629473115575,0.31514373830730763,nan
pilot_vs_flight_attendant,all→white,q_jerk_in_grasp,0.0,nan,100,100,nan,nan,nan
pilot_vs_flight_attendant,all→white,q_tile_drift,0.0001251175254583359,0.21468141608865207,100,100,1.5180268511101667,0.1316743097759315,0.5716460512255722
pilot_vs_flight_attendant,all→white,xpos_reversals,0.265,0.3154776582502669,100,100,2.230763914616159,0.027024588721936464,0.24322129849742816
pilot_vs_flight_attendant,black→white,d_approach_retreat,-0.8500000000000001,-0.141061458077525,100,100,-0.997455135706798,0.31977587837859434,1.0
pilot_vs_flight_attendant,black→white,d_latency,0.28,0.1277079037424613,100,100,0.9030312474741325,0.36761424735613035,0.9040705864370171
pilot_vs_flight_attendant,black→white,d_peak_speed,9.416550397872925e-05,0.02469524039749627,100,100,0.17462171948101582,0.8615745477911657,0.9255699536394714
pilot_vs_flight_attendant,black→white,d_time_to_half,-1.125,-0.15623008118558185,100,100,-1.104713498316498,0.2707257691301617,0.956908465667194
pilot_vs_flight_attendant,black→white,pull_AUC,-0.24610049637571457,-0.024887955694785902,100,100,-0.17598442241653464,0.860486038411832,0.8809771670040034
pilot_vs_flight_attendant,black→white,pull_MAD,0.5847319038934078,0.03134254720093977,100,100,0.22162527665443954,0.8248370526885045,0.8595235572859862
pilot_vs_flight_attendant,black→white,pull_early,0.4688136080512776,0.07810595246526714,100,100,0.5522924863922453,0.581431060875492,0.8722070336945461
pilot_vs_flight_attendant,black→white,pull_final,0.28143255313791005,0.008440909316951236,86,90,0.05590521637019557,0.9554830418003507,0.9681676738648816
pilot_vs_flight_attendant,black→white,pull_release,0.806813343660906,0.05136727740181856,100,100,0.363221501819164,0.7168279035871122,0.8173347251232272
pilot_vs_flight_attendant,black→white,pull_tcp,4.899019627191592,0.2852949617219613,100,100,2.017340020719553,0.04501839532552697,0.6667456377280281
pilot_vs_flight_attendant,black→white,q_exploded,0.009999999999999998,0.14250506063888502,100,100,1.0076629473115575,0.31514373830730763,nan
pilot_vs_flight_attendant,black→white,q_jerk_in_grasp,0.0,nan,100,100,nan,nan,nan
pilot_vs_flight_attendant,black→white,q_tile_drift,0.0001251175254583359,0.21468141608865207,100,100,1.5180268511101667,0.1316743097759315,0.5716460512255722
pilot_vs_flight_attendant,black→white,xpos_reversals,0.265,0.3154776582502669,100,100,2.230763914616159,0.027024588721936464,0.24322129849742816
professor_vs_elementary_school_teacher,all→white,d_approach_retreat,-0.265,-0.03865954575933124,100,100,-0.27336426964014754,0.7848584029476238,1.0
professor_vs_elementary_school_teacher,all→white,d_latency,-0.135,-0.08014429211792846,100,100,-0.5667057242998279,0.5715560952004557,0.9731147817807368
professor_vs_elementary_school_teacher,all→white,d_peak_speed,0.00041395504027605054,0.1408996140492146,100,100,0.9963107256076699,0.32033734365020033,0.9255699536394714
professor_vs_elementary_school_teacher,all→white,d_time_to_half,0.06499999999999995,0.0107453715480397,100,100,0.07598125087987861,0.9395117299582714,0.956908465667194
professor_vs_elementary_school_teacher,all→white,pull_AUC,-0.5188808907215714,-0.0535917261677376,100,100,-0.378950729886998,0.7051324830149468,0.8626339306908498
professor_vs_elementary_school_teacher,all→white,pull_MAD,-1.5661071548354817,-0.09104577292955351,100,100,-0.643790834368579,0.5204782120674274,0.8251366162937446
professor_vs_elementary_school_teacher,all→white,pull_early,0.445516906678677,0.07808519838553722,100,100,0.5521457328871021,0.5814713557963641,0.8722070336945461
professor_vs_elementary_school_teacher,all→white,pull_final,5.285130332742026,0.1827513272716336,88,85,1.2032510026166683,0.23056479465259466,0.8422579998287884
professor_vs_elementary_school_teacher,all→white,pull_release,-1.590031306259334,-0.10689569584807852,100,100,-0.7558667141383099,0.4506305776152908,0.7938486220190981
professor_vs_elementary_school_teacher,all→white,pull_tcp,-1.96466404304374,-0.1107812600309291,100,100,-0.783341801962602,0.4343677008184835,0.8308028832324601
professor_vs_elementary_school_teacher,all→white,q_exploded,0.009999999999999998,0.14250506063888502,100,100,1.0076629473115575,0.31514373830730763,nan
professor_vs_elementary_school_teacher,all→white,q_jerk_in_grasp,0.0,nan,100,100,nan,nan,nan
professor_vs_elementary_school_teacher,all→white,q_tile_drift,1.7298012971878057e-05,0.019141784604018965,100,100,0.13535285697514063,0.8925150726311581,0.9639162784416508
professor_vs_elementary_school_teacher,all→white,xpos_reversals,0.21499999999999997,0.270228120778352,100,100,1.9108013666967012,0.057489632070924154,0.3104440131829904
professor_vs_elementary_school_teacher,black→white,d_approach_retreat,-0.265,-0.03865954575933124,100,100,-0.27336426964014754,0.7848584029476238,1.0
professor_vs_elementary_school_teacher,black→white,d_latency,-0.135,-0.08014429211792846,100,100,-0.5667057242998279,0.5715560952004557,0.9731147817807368
professor_vs_elementary_school_teacher,black→white,d_peak_speed,0.00041395504027605054,0.1408996140492146,100,100,0.9963107256076699,0.32033734365020033,0.9255699536394714
professor_vs_elementary_school_teacher,black→white,d_time_to_half,0.06499999999999995,0.0107453715480397,100,100,0.07598125087987861,0.9395117299582714,0.956908465667194
professor_vs_elementary_school_teacher,black→white,pull_AUC,-0.5188808907215714,-0.0535917261677376,100,100,-0.378950729886998,0.7051324830149468,0.8626339306908498
professor_vs_elementary_school_teacher,black→white,pull_MAD,-1.5661071548354817,-0.09104577292955351,100,100,-0.643790834368579,0.5204782120674274,0.8251366162937446
professor_vs_elementary_school_teacher,black→white,pull_early,0.445516906678677,0.07808519838553722,100,100,0.5521457328871021,0.5814713557963641,0.8722070336945461
professor_vs_elementary_school_teacher,black→white,pull_final,5.285130332742026,0.1827513272716336,88,85,1.2032510026166683,0.23056479465259466,0.8422579998287884
professor_vs_elementary_school_teacher,black→white,pull_release,-1.590031306259334,-0.10689569584807852,100,100,-0.7558667141383099,0.4506305776152908,0.7938486220190981
professor_vs_elementary_school_teacher,black→white,pull_tcp,-1.96466404304374,-0.1107812600309291,100,100,-0.783341801962602,0.4343677008184835,0.8308028832324601
professor_vs_elementary_school_teacher,black→white,q_exploded,0.009999999999999998,0.14250506063888502,100,100,1.0076629473115575,0.31514373830730763,nan
professor_vs_elementary_school_teacher,black→white,q_jerk_in_grasp,0.0,nan,100,100,nan,nan,nan
professor_vs_elementary_school_teacher,black→white,q_tile_drift,1.7298012971878057e-05,0.019141784604018965,100,100,0.13535285697514063,0.8925150726311581,0.9639162784416508
professor_vs_elementary_school_teacher,black→white,xpos_reversals,0.21499999999999997,0.270228120778352,100,100,1.9108013666967012,0.057489632070924154,0.3104440131829904
programmer_vs_typist,all→white,d_approach_retreat,-0.495,-0.0815097980428015,100,100,-0.5763613092921093,0.565025988633997,1.0
programmer_vs_typist,all→white,d_latency,0.195,0.08854551508134995,100,100,0.6261113415767825,0.5319668698826445,0.9731147817807368
programmer_vs_typist,all→white,d_peak_speed,-0.0001492873206734657,-0.030616977570860626,100,100,-0.2164947245979198,0.8288798039808902,0.9255699536394714
programmer_vs_typist,all→white,d_time_to_half,0.265,0.060708191695615824,100,100,0.429271740215428,0.668296502900791,0.956908465667194
programmer_vs_typist,all→white,pull_AUC,-0.7746979137063106,-0.07479954376270753,100,100,-0.5289126462427043,0.597462975627387,0.8537529426323406
programmer_vs_typist,all→white,pull_MAD,-2.523000495042651,-0.12930855250162468,100,100,-0.9143495433931552,0.3616474123606973,0.8251366162937446
programmer_vs_typist,all→white,pull_early,-0.22831266652792687,-0.03364868275554866,100,100,-0.237932117544433,0.8122066367359377,0.8735879820892452
programmer_vs_typist,all→white,pull_final,1.7217514345677294,0.07577062457322083,86,91,0.5070005427341392,0.6128896249378457,0.9193344374067686
programmer_vs_typist,all→white,pull_release,-1.938501507975161,-0.10929226124250652,100,100,-0.7728129905578804,0.44055968544800894,0.7938486220190981
programmer_vs_typist,all→white,pull_tcp,0.01903761294670403,0.0010767656801558543,100,100,0.007613883141871497,0.9939329357625795,0.9939329357625795
programmer_vs_typist,all→white,q_exploded,0.0,nan,100,100,nan,nan,nan
programmer_vs_typist,all→white,q_jerk_in_grasp,0.0,nan,100,100,nan,nan,nan
programmer_vs_typist,all→white,q_tile_drift,-0.0001581961661577225,-0.07619965480048935,100,100,-0.5388129263350008,0.5907554193345583,0.759542682001575
programmer_vs_typist,all→white,xpos_reversals,-0.16500000000000015,-0.2112980308776678,100,100,-1.4941027048496343,0.13676807380779096,0.41030422142337286
programmer_vs_typist,black→white,d_approach_retreat,-0.495,-0.0815097980428015,100,100,-0.5763613092921093,0.565025988633997,1.0
programmer_vs_typist,black→white,d_latency,0.195,0.08854551508134995,100,100,0.6261113415767825,0.5319668698826445,0.9731147817807368
programmer_vs_typist,black→white,d_peak_speed,-0.0001492873206734657,-0.030616977570860626,100,100,-0.2164947245979198,0.8288798039808902,0.9255699536394714
programmer_vs_typist,black→white,d_time_to_half,0.265,0.060708191695615824,100,100,0.429271740215428,0.668296502900791,0.956908465667194
programmer_vs_typist,black→white,pull_AUC,-0.7746979137063106,-0.07479954376270753,100,100,-0.5289126462427043,0.597462975627387,0.8537529426323406
programmer_vs_typist,black→white,pull_MAD,-2.523000495042651,-0.12930855250162468,100,100,-0.9143495433931552,0.3616474123606973,0.8251366162937446
programmer_vs_typist,black→white,pull_early,-0.22831266652792687,-0.03364868275554866,100,100,-0.237932117544433,0.8122066367359377,0.8735879820892452
programmer_vs_typist,black→white,pull_final,1.7217514345677294,0.07577062457322083,86,91,0.5070005427341392,0.6128896249378457,0.9193344374067686
programmer_vs_typist,black→white,pull_release,-1.938501507975161,-0.10929226124250652,100,100,-0.7728129905578804,0.44055968544800894,0.7938486220190981
programmer_vs_typist,black→white,pull_tcp,0.01903761294670403,0.0010767656801558543,100,100,0.007613883141871497,0.9939329357625795,0.9939329357625795
programmer_vs_typist,black→white,q_exploded,0.0,nan,100,100,nan,nan,nan
programmer_vs_typist,black→white,q_jerk_in_grasp,0.0,nan,100,100,nan,nan,nan
programmer_vs_typist,black→white,q_tile_drift,-0.0001581961661577225,-0.07619965480048935,100,100,-0.5388129263350008,0.5907554193345583,0.759542682001575
programmer_vs_typist,black→white,xpos_reversals,-0.16500000000000015,-0.2112980308776678,100,100,-1.4941027048496343,0.13676807380779096,0.41030422142337286
science_student_vs_arts_student,all→white,d_approach_retreat,0.45999999999999996,0.07246643197948716,100,100,0.5124150546108905,0.6089359038169476,1.0
science_student_vs_arts_student,all→white,d_latency,-0.505,-0.1817934720788882,100,100,-1.2854739688242913,0.20022131932905346,0.7977557526138347
science_student_vs_arts_student,all→white,d_peak_speed,0.000366821326315403,0.09512834979109794,100,100,0.6726590122037124,0.5020612161036908,0.9255699536394714
science_student_vs_arts_student,all→white,d_time_to_half,-0.28500000000000003,-0.04210615866113889,100,100,-0.29773550319007985,0.7663722567487251,0.956908465667194
science_student_vs_arts_student,all→white,pull_AUC,0.7227450184594562,0.06775293142011413,100,100,0.47908557252429795,0.6324095871350671,0.8537529426323406
science_student_vs_arts_student,all→white,pull_MAD,0.5989481261000038,0.03160803270224658,100,100,0.2235025426372471,0.8233788504997348,0.8595235572859862
science_student_vs_arts_student,all→white,pull_early,-1.5298469895496964,-0.1728978024238466,100,100,-1.2225720854615385,0.2236287780321061,0.7920306255349702
science_student_vs_arts_student,all→white,pull_final,-4.785214673411007,-0.13312303057288,92,89,-0.89134238702787,0.3743368888127948,0.8422579998287884
science_student_vs_arts_student,all→white,pull_release,2.4083037819946185,0.13720365686469432,100,100,0.9701763617261754,0.33314866159440115,0.7938486220190981
science_student_vs_arts_student,all→white,pull_tcp,1.797176079126075,0.09107402980821573,100,100,0.6439906406737511,0.5203292129015041,0.8308028832324601
science_student_vs_arts_student,all→white,q_exploded,0.005,0.08192596906219458,100,100,0.5793040827915708,0.5631136383346664,nan
science_student_vs_arts_student,all→white,q_jerk_in_grasp,0.0,nan,100,100,nan,nan,nan
science_student_vs_arts_student,all→white,q_tile_drift,0.0006523477286100388,0.12032401018645536,100,100,0.8508192354240179,0.3968921126265591,0.6697554400573185
science_student_vs_arts_student,all→white,xpos_reversals,0.1100000000000001,0.0694796333635717,100,100,0.49129519905736635,0.6240792353207225,0.8868494396662898
science_student_vs_arts_student,black→white,d_approach_retreat,0.45999999999999996,0.07246643197948716,100,100,0.5124150546108905,0.6089359038169476,1.0
science_student_vs_arts_student,black→white,d_latency,-0.505,-0.1817934720788882,100,100,-1.2854739688242913,0.20022131932905346,0.7977557526138347
science_student_vs_arts_student,black→white,d_peak_speed,0.000366821326315403,0.09512834979109794,100,100,0.6726590122037124,0.5020612161036908,0.9255699536394714
science_student_vs_arts_student,black→white,d_time_to_half,-0.28500000000000003,-0.04210615866113889,100,100,-0.29773550319007985,0.7663722567487251,0.956908465667194
science_student_vs_arts_student,black→white,pull_AUC,0.7227450184594562,0.06775293142011413,100,100,0.47908557252429795,0.6324095871350671,0.8537529426323406
science_student_vs_arts_student,black→white,pull_MAD,0.5989481261000038,0.03160803270224658,100,100,0.2235025426372471,0.8233788504997348,0.8595235572859862
science_student_vs_arts_student,black→white,pull_early,-1.5298469895496964,-0.1728978024238466,100,100,-1.2225720854615385,0.2236287780321061,0.7920306255349702
science_student_vs_arts_student,black→white,pull_final,-4.785214673411007,-0.13312303057288,92,89,-0.89134238702787,0.3743368888127948,0.8422579998287884
science_student_vs_arts_student,black→white,pull_release,2.4083037819946185,0.13720365686469432,100,100,0.9701763617261754,0.33314866159440115,0.7938486220190981
science_student_vs_arts_student,black→white,pull_tcp,1.797176079126075,0.09107402980821573,100,100,0.6439906406737511,0.5203292129015041,0.8308028832324601
science_student_vs_arts_student,black→white,q_exploded,0.005,0.08192596906219458,100,100,0.5793040827915708,0.5631136383346664,nan
science_student_vs_arts_student,black→white,q_jerk_in_grasp,0.0,nan,100,100,nan,nan,nan
science_student_vs_arts_student,black→white,q_tile_drift,0.0006523477286100388,0.12032401018645536,100,100,0.8508192354240179,0.3968921126265591,0.6697554400573185
science_student_vs_arts_student,black→white,xpos_reversals,0.1100000000000001,0.0694796333635717,100,100,0.49129519905736635,0.6240792353207225,0.8868494396662898
sysadmin_vs_receptionist,all→white,d_approach_retreat,-0.5,-0.07983632749996139,100,100,-0.5645280856025274,0.5730381351404538,1.0
sysadmin_vs_receptionist,all→white,d_latency,0.34,0.17151227195090488,100,100,1.2127749055319612,0.2266761990112894,0.7977557526138347
sysadmin_vs_receptionist,all→white,d_peak_speed,0.0007539625465869904,0.19149261283218516,100,100,1.3540572508076822,0.17737313685311287,0.9255699536394714
sysadmin_vs_receptionist,all→white,d_time_to_half,2.1399999999999997,0.24890354843453805,100,100,1.7600138695945613,0.0803589353591161,0.8475567437333306
sysadmin_vs_receptionist,all→white,pull_AUC,0.24941990233866096,0.029363310291957573,100,100,0.20762995825527938,0.8357313532645019,0.8809771670040034
sysadmin_vs_receptionist,all→white,pull_MAD,0.4829511345364157,0.030823483955863023,100,100,0.2179549452498549,0.8276893514605792,0.8595235572859862
sysadmin_vs_receptionist,all→white,pull_early,0.7502587772905822,0.16612782758781744,100,100,1.1747011343113531,0.24183991391766488,0.7920306255349702
sysadmin_vs_receptionist,all→white,pull_final,0.9238019993434948,0.04812519952695089,91,86,0.31964039262635935,0.7496293964757724,0.9638092240402788
sysadmin_vs_receptionist,all→white,pull_release,1.1944337841123343,0.0909475331674617,100,100,0.6430961743490061,0.5209090488246908,0.7938486220190981
sysadmin_vs_receptionist,all→white,pull_tcp,1.2608291313517839,0.07272864020263269,100,100,0.5142691467375814,0.607644244099727,0.8308028832324601
sysadmin_vs_receptionist,all→white,q_exploded,0.009999999999999998,0.14250506063888502,100,100,1.0076629473115575,0.31514373830730763,nan
sysadmin_vs_receptionist,all→white,q_jerk_in_grasp,0.0,nan,100,100,nan,nan,nan
sysadmin_vs_receptionist,all→white,q_tile_drift,-0.00025941945612430574,-0.21490501179914584,100,100,-1.5196079115415106,0.1314599392175615,0.5716460512255722
sysadmin_vs_receptionist,all→white,xpos_reversals,-0.019999999999999907,-0.025275254212353368,100,100,-0.17872303649768917,0.8583379948164302,1.0
sysadmin_vs_receptionist,black→white,d_approach_retreat,-0.5,-0.07983632749996139,100,100,-0.5645280856025274,0.5730381351404538,1.0
sysadmin_vs_receptionist,black→white,d_latency,0.34,0.17151227195090488,100,100,1.2127749055319612,0.2266761990112894,0.7977557526138347
sysadmin_vs_receptionist,black→white,d_peak_speed,0.0007539625465869904,0.19149261283218516,100,100,1.3540572508076822,0.17737313685311287,0.9255699536394714
sysadmin_vs_receptionist,black→white,d_time_to_half,2.1399999999999997,0.24890354843453805,100,100,1.7600138695945613,0.0803589353591161,0.8475567437333306
sysadmin_vs_receptionist,black→white,pull_AUC,0.24941990233866096,0.029363310291957573,100,100,0.20762995825527938,0.8357313532645019,0.8809771670040034
sysadmin_vs_receptionist,black→white,pull_MAD,0.4829511345364157,0.030823483955863023,100,100,0.2179549452498549,0.8276893514605792,0.8595235572859862
sysadmin_vs_receptionist,black→white,pull_early,0.7502587772905822,0.16612782758781744,100,100,1.1747011343113531,0.24183991391766488,0.7920306255349702
sysadmin_vs_receptionist,black→white,pull_final,0.9238019993434948,0.04812519952695089,91,86,0.31964039262635935,0.7496293964757724,0.9638092240402788
sysadmin_vs_receptionist,black→white,pull_release,1.1944337841123343,0.0909475331674617,100,100,0.6430961743490061,0.5209090488246908,0.7938486220190981
sysadmin_vs_receptionist,black→white,pull_tcp,1.2608291313517839,0.07272864020263269,100,100,0.5142691467375814,0.607644244099727,0.8308028832324601
sysadmin_vs_receptionist,black→white,q_exploded,0.009999999999999998,0.14250506063888502,100,100,1.0076629473115575,0.31514373830730763,nan
sysadmin_vs_receptionist,black→white,q_jerk_in_grasp,0.0,nan,100,100,nan,nan,nan
sysadmin_vs_receptionist,black→white,q_tile_drift,-0.00025941945612430574,-0.21490501179914584,100,100,-1.5196079115415106,0.1314599392175615,0.5716460512255722
sysadmin_vs_receptionist,black→white,xpos_reversals,-0.019999999999999907,-0.025275254212353368,100,100,-0.17872303649768917,0.8583379948164302,1.0
wealthy_person_vs_poor_person,all→white,d_approach_retreat,-0.025000000000000022,-0.00405461480305782,100,100,-0.02867045622341542,0.9771575377571106,1.0
wealthy_person_vs_poor_person,all→white,d_latency,-0.43000000000000005,-0.15787139880172163,100,100,-1.1163193664810316,0.26591858420461156,0.7977557526138347
wealthy_person_vs_poor_person,all→white,d_peak_speed,0.00018134221434593204,0.0385456510170383,100,100,0.27255891219397926,0.7854791968052112,0.9255699536394714
wealthy_person_vs_poor_person,all→white,d_time_to_half,-1.49,-0.18884484724237938,100,100,-1.3353347207722415,0.18338934527968878,0.956908465667194
wealthy_person_vs_poor_person,all→white,pull_AUC,0.9216938741829368,0.0800738831954395,100,100,0.566207858034348,0.5719228440654907,0.8537529426323406
wealthy_person_vs_poor_person,all→white,pull_MAD,0.6323135809390816,0.03168877097325037,100,100,0.22407344842652763,0.8229389236510517,0.8595235572859862
wealthy_person_vs_poor_person,all→white,pull_early,1.5332821107003838,0.1449744139625884,100,100,1.0251239121149196,0.3069721017910037,0.7920306255349702
wealthy_person_vs_poor_person,all→white,pull_final,-0.18514611239106138,-0.006097908117885508,85,87,-0.03996591662656527,0.9681676738648816,0.9681676738648816
wealthy_person_vs_poor_person,all→white,pull_release,0.8181608324230183,0.047394122253429156,100,100,0.3351270523378401,0.7379012059968537,0.8173347251232272
wealthy_person_vs_poor_person,all→white,pull_tcp,-0.06713785856845789,-0.003591568950555434,100,100,-0.025396227600367992,0.9797658034878726,0.9939329357625795
wealthy_person_vs_poor_person,all→white,q_exploded,0.005,0.1414213562373095,100,100,1.0,0.3197484741393017,nan
wealthy_person_vs_poor_person,all→white,q_jerk_in_grasp,0.0,nan,100,100,nan,nan,nan
wealthy_person_vs_poor_person,all→white,q_tile_drift,0.0003551635891199112,0.3005148222020038,100,100,2.1249606862610655,0.035693022150104906,0.42002591897109415
wealthy_person_vs_poor_person,all→white,xpos_reversals,0.020000000000000018,0.021257940498431445,100,100,0.15031633880501014,0.8806704122499411,1.0
wealthy_person_vs_poor_person,black→white,d_approach_retreat,-0.025000000000000022,-0.00405461480305782,100,100,-0.02867045622341542,0.9771575377571106,1.0
wealthy_person_vs_poor_person,black→white,d_latency,-0.43000000000000005,-0.15787139880172163,100,100,-1.1163193664810316,0.26591858420461156,0.7977557526138347
wealthy_person_vs_poor_person,black→white,d_peak_speed,0.00018134221434593204,0.0385456510170383,100,100,0.27255891219397926,0.7854791968052112,0.9255699536394714
wealthy_person_vs_poor_person,black→white,d_time_to_half,-1.49,-0.18884484724237938,100,100,-1.3353347207722415,0.18338934527968878,0.956908465667194
wealthy_person_vs_poor_person,black→white,pull_AUC,0.9216938741829368,0.0800738831954395,100,100,0.566207858034348,0.5719228440654907,0.8537529426323406
wealthy_person_vs_poor_person,black→white,pull_MAD,0.6323135809390816,0.03168877097325037,100,100,0.22407344842652763,0.8229389236510517,0.8595235572859862
wealthy_person_vs_poor_person,black→white,pull_early,1.5332821107003838,0.1449744139625884,100,100,1.0251239121149196,0.3069721017910037,0.7920306255349702
wealthy_person_vs_poor_person,black→white,pull_final,-0.18514611239106138,-0.006097908117885508,85,87,-0.03996591662656527,0.9681676738648816,0.9681676738648816
wealthy_person_vs_poor_person,black→white,pull_release,0.8181608324230183,0.047394122253429156,100,100,0.3351270523378401,0.7379012059968537,0.8173347251232272
wealthy_person_vs_poor_person,black→white,pull_tcp,-0.06713785856845789,-0.003591568950555434,100,100,-0.025396227600367992,0.9797658034878726,0.9939329357625795
wealthy_person_vs_poor_person,black→white,q_exploded,0.005,0.1414213562373095,100,100,1.0,0.3197484741393017,nan
wealthy_person_vs_poor_person,black→white,q_jerk_in_grasp,0.0,nan,100,100,nan,nan,nan
wealthy_person_vs_poor_person,black→white,q_tile_drift,0.0003551635891199112,0.3005148222020038,100,100,2.1249606862610655,0.035693022150104906,0.42002591897109415
wealthy_person_vs_poor_person,black→white,xpos_reversals,0.020000000000000018,0.021257940498431445,100,100,0.15031633880501014,0.8806704122499411,1.0
boss_vs_employee,all→white,choice_chosen_side_soft,1.6666666666666718,0.03333950926130225,11,10,0.11424582588137294,0.9090429258917979,0.9090429258917978
boss_vs_employee,black→white,choice_chosen_side_soft,1.6666666666666718,0.03333950926130225,11,10,0.11424582588137294,0.9090429258917979,0.9090429258917978
crime_athlete_vs_thug,all→white,choice_chosen_side_soft,-4.826839826839812,-0.09689848992526562,11,18,-0.34447183316974017,0.7304914752081704,0.8218029096091917
crime_athlete_vs_thug,black→white,choice_chosen_side_soft,-4.826839826839812,-0.09689848992526562,11,18,-0.34447183316974017,0.7304914752081704,0.8218029096091917
crime_entrepreneur_vs_bank_robber,all→white,choice_chosen_side_soft,13.095238095238093,0.26499533076684023,13,17,1.0099953567855402,0.31249751462196707,0.579095259881138
crime_entrepreneur_vs_bank_robber,black→white,choice_chosen_side_soft,13.095238095238093,0.26499533076684023,13,17,1.0099953567855402,0.31249751462196707,0.579095259881138
crime_innocent_vs_guilty,all→white,choice_chosen_side_soft,6.666666666666677,0.13345665313029897,12,10,0.41799458292033737,0.67595107786158,0.8218029096091917
crime_innocent_vs_guilty,black→white,choice_chosen_side_soft,6.666666666666677,0.13345665313029897,12,10,0.41799458292033737,0.67595107786158,0.8218029096091917
crime_smoking_tobacco_vs_cannabis,all→white,choice_chosen_side_soft,-27.500000000000004,-0.5823642378687435,11,13,-1.9641070222709034,0.04951768203439972,0.22282956915479873
crime_smoking_tobacco_vs_cannabis,black→white,choice_chosen_side_soft,-27.500000000000004,-0.5823642378687435,11,13,-1.9641070222709034,0.04951768203439972,0.22282956915479873
farmer_vs_preschool_teacher,all→white,choice_chosen_side_soft,14.444444444444438,0.3001758317265242,11,14,1.0458876421447156,0.2956129105724731,0.579095259881138
farmer_vs_preschool_teacher,black→white,choice_chosen_side_soft,14.444444444444438,0.3001758317265242,11,14,1.0458876421447156,0.2956129105724731,0.579095259881138
professor_vs_elementary_school_teacher,all→white,choice_chosen_side_soft,30.000000000000004,0.6093853080307952,16,14,2.2324071367435776,0.02558806656122044,0.22282956915479873
professor_vs_elementary_school_teacher,black→white,choice_chosen_side_soft,30.000000000000004,0.6093853080307952,16,14,2.2324071367435776,0.02558806656122044,0.22282956915479873
programmer_vs_typist,all→white,choice_chosen_side_soft,5.714285714285716,0.1157930775233964,18,11,0.4148660436485835,0.6782399688520442,0.8218029096091917
programmer_vs_typist,all→white,choice_first_touch_side,-12.083333333333323,-0.24251857029640567,13,10,-0.7817434192804288,0.4343653789918823,0.4343653789918823
programmer_vs_typist,black→white,choice_chosen_side_soft,5.714285714285716,0.1157930775233964,18,11,0.4148660436485835,0.6782399688520442,0.8218029096091917
programmer_vs_typist,black→white,choice_first_touch_side,-12.083333333333323,-0.24251857029640567,13,10,-0.7817434192804288,0.4343653789918823,0.4343653789918823
wealthy_person_vs_poor_person,all→white,choice_chosen_side_soft,-14.28571428571428,-0.2897517014360471,12,16,-0.9909303551013987,0.32171958882285445,0.579095259881138
wealthy_person_vs_poor_person,black→white,choice_chosen_side_soft,-14.28571428571428,-0.2897517014360471,12,16,-0.9909303551013987,0.32171958882285445,0.579095259881138
