topic,demo,metric,pol,mean,sd,n,t,p,q
age,all→white,d_approach_retreat,-,0.045,3.5942052839600707,500,0.2799591315402684,0.7796248736823842,0.9124198960234513
age,all→white,d_latency,-,-0.088,2.6136024632050194,500,-0.752884131348272,0.4518745784150262,0.8891269976445667
age,all→white,d_peak_speed,-,-0.0003782887011766434,0.003641342060645216,500,-2.3229876151794335,0.020580967044166155,0.3498764397508246
age,all→white,d_time_to_half,-,0.428,4.648012913933888,500,2.0590241724606417,0.04001032207730711,0.7455067744483186
age,all→white,pull_AUC,-,2.718524500340925,14.754493252815948,500,4.11996906779621,4.435803355801087e-05,0.0007540865704861847
age,all→white,pull_MAD,-,5.4338635704905025,29.838848595931537,500,4.072036588480555,5.418824951304174e-05,0.0007071323962234258
age,all→white,pull_early,-,0.3053363276645541,8.423398209677838,500,0.8105431651962769,0.4180144572540383,0.9223206127601483
age,all→white,pull_release,-,5.323589695311966,26.855689888644683,500,4.432546135434877,1.1459269332421044e-05,0.00019480757865115775
age,all→white,pull_tcp,-,7.236182206426747,49.072468864929554,500,3.2972857664205173,0.0010458434265166335,0.03015731489344127
age,all→white,q_exploded,-,0.049,0.1585853038499923,500,6.909046944295086,1.493751945475944e-11,9.766839643496556e-11
age,all→white,q_jerk_in_grasp,-,0.012,0.08288389155293033,500,3.23739815146853,0.0012864774330615494,nan
age,all→white,q_tile_drift,-,0.05962588432431221,0.2442566816053148,500,5.458500856207495,7.579112829910169e-08,4.6016042181597453e-07
age,all→white,xpos_reversals,-,0.974,0.9033027797054802,500,24.11074402754417,9.782651540536454e-86,6.929378174546654e-85
age,black→white,d_approach_retreat,-,0.045,3.5942052839600707,500,0.2799591315402684,0.7796248736823842,0.9124198960234513
age,black→white,d_latency,-,-0.088,2.6136024632050194,500,-0.752884131348272,0.4518745784150262,0.8891269976445667
age,black→white,d_peak_speed,-,-0.0003782887011766434,0.003641342060645216,500,-2.3229876151794335,0.020580967044166155,0.3498764397508246
age,black→white,d_time_to_half,-,0.428,4.648012913933888,500,2.0590241724606417,0.04001032207730711,0.7455067744483186
age,black→white,pull_AUC,-,2.718524500340925,14.754493252815948,500,4.11996906779621,4.435803355801087e-05,0.0007540865704861847
age,black→white,pull_MAD,-,5.4338635704905025,29.838848595931537,500,4.072036588480555,5.418824951304174e-05,0.0007071323962234258
age,black→white,pull_early,-,0.3053363276645541,8.423398209677838,500,0.8105431651962769,0.4180144572540383,0.9223206127601483
age,black→white,pull_release,-,5.323589695311966,26.855689888644683,500,4.432546135434877,1.1459269332421044e-05,0.00019480757865115775
age,black→white,pull_tcp,-,7.236182206426747,49.072468864929554,500,3.2972857664205173,0.0010458434265166335,0.03015731489344127
age,black→white,q_exploded,-,0.049,0.1585853038499923,500,6.909046944295086,1.493751945475944e-11,9.766839643496556e-11
age,black→white,q_jerk_in_grasp,-,0.012,0.08288389155293033,500,3.23739815146853,0.0012864774330615494,nan
age,black→white,q_tile_drift,-,0.05962588432431221,0.2442566816053148,500,5.458500856207495,7.579112829910169e-08,4.6016042181597453e-07
age,black→white,xpos_reversals,-,0.974,0.9033027797054802,500,24.11074402754417,9.782651540536454e-86,6.929378174546654e-85
architect_vs_event_planner,all→white,d_approach_retreat,neg,0.15,4.6604395682914905,100,0.32185805180387683,0.748238845822617,0.9124198960234513
architect_vs_event_planner,all→white,d_latency,neg,-0.615,2.909280691410532,100,-2.11392459248002,0.037034560942376435,0.39349221001274964
architect_vs_event_planner,all→white,d_peak_speed,neg,-0.00031288772821426393,0.0030733459219389027,100,-1.0180686982898115,0.31112684643423577,0.6150181848118614
architect_vs_event_planner,all→white,d_time_to_half,neg,-0.22,5.003695603948116,100,-0.43967502704683153,0.6611307958541641,0.8984759311600312
architect_vs_event_planner,all→white,pull_AUC,neg,1.8791379937385213,11.293925614208609,100,1.6638483888847508,0.09930511426212933,0.21299596911543658
architect_vs_event_planner,all→white,pull_MAD,neg,3.4068187998636863,22.58910763099578,100,1.50816882876285,0.13469603322691326,0.22898325648575255
architect_vs_event_planner,all→white,pull_early,neg,1.3050488959997886,7.996174637114152,100,1.632091537799111,0.10583716320377899,0.539727770827974
architect_vs_event_planner,all→white,pull_release,neg,2.569364827722893,21.278998682355027,100,1.2074651002509162,0.23012993739865953,0.35376916951666926
architect_vs_event_planner,all→white,pull_tcp,neg,3.712444299890194,47.855098123356576,100,0.7757677751115646,0.4397353891453155,0.6820088851735667
architect_vs_event_planner,all→white,q_exploded,neg,0.02,0.09847319278346618,100,2.03100960115899,0.0449347252126304,0.04715372398856281
architect_vs_event_planner,all→white,q_jerk_in_grasp,neg,0.0,0.0,100,nan,nan,nan
architect_vs_event_planner,all→white,q_tile_drift,neg,0.040637437254190445,0.24426905277963512,100,1.6636342914405577,0.09934803281695734,0.10555728486801716
architect_vs_event_planner,all→white,xpos_reversals,neg,0.925,0.8449941724740779,100,10.946821056666833,9.520911369201422e-19,1.108599269016604e-18
architect_vs_event_planner,black→white,d_approach_retreat,neg,0.15,4.6604395682914905,100,0.32185805180387683,0.748238845822617,0.9124198960234513
architect_vs_event_planner,black→white,d_latency,neg,-0.615,2.909280691410532,100,-2.11392459248002,0.037034560942376435,0.39349221001274964
architect_vs_event_planner,black→white,d_peak_speed,neg,-0.00031288772821426393,0.0030733459219389027,100,-1.0180686982898115,0.31112684643423577,0.6150181848118614
architect_vs_event_planner,black→white,d_time_to_half,neg,-0.22,5.003695603948116,100,-0.43967502704683153,0.6611307958541641,0.8984759311600312
architect_vs_event_planner,black→white,pull_AUC,neg,1.8791379937385213,11.293925614208609,100,1.6638483888847508,0.09930511426212933,0.21299596911543658
architect_vs_event_planner,black→white,pull_MAD,neg,3.4068187998636863,22.58910763099578,100,1.50816882876285,0.13469603322691326,0.22898325648575255
architect_vs_event_planner,black→white,pull_early,neg,1.3050488959997886,7.996174637114152,100,1.632091537799111,0.10583716320377899,0.539727770827974
architect_vs_event_planner,black→white,pull_release,neg,2.569364827722893,21.278998682355027,100,1.2074651002509162,0.23012993739865953,0.35376916951666926
architect_vs_event_planner,black→white,pull_tcp,neg,3.712444299890194,47.855098123356576,100,0.7757677751115646,0.4397353891453155,0.6820088851735667
architect_vs_event_planner,black→white,q_exploded,neg,0.02,0.09847319278346618,100,2.03100960115899,0.0449347252126304,0.04715372398856281
architect_vs_event_planner,black→white,q_jerk_in_grasp,neg,0.0,0.0,100,nan,nan,nan
architect_vs_event_planner,black→white,q_tile_drift,neg,0.040637437254190445,0.24426905277963512,100,1.6636342914405577,0.09934803281695734,0.10555728486801716
architect_vs_event_planner,black→white,xpos_reversals,neg,0.925,0.8449941724740779,100,10.946821056666833,9.520911369201422e-19,1.108599269016604e-18
boss_vs_employee,all→white,d_approach_retreat,neg,0.12,4.357809662032642,100,0.27536769456798077,0.7836076754083757,0.9124198960234513
boss_vs_employee,all→white,d_approach_retreat,pos,-1.025,4.382803286307138,100,-2.3386858433786664,0.021362048386107686,0.7777901933427916
boss_vs_employee,all→white,d_latency,neg,-0.555,2.354766281910849,100,-2.3569218069048783,0.020395527770994928,0.28893664342242814
boss_vs_employee,all→white,d_latency,pos,0.035,2.6210636671921477,100,0.13353357431982668,0.8940424806434735,0.9794339120813512
boss_vs_employee,all→white,d_peak_speed,neg,-0.0002622796967625618,0.0019979813226683224,100,-1.3127234663649647,0.1923111491482,0.5687489907084579
boss_vs_employee,all→white,d_peak_speed,pos,0.00012428905814886092,0.003461952597251395,100,0.35901432690771035,0.7203489214172041,0.851807013803375
boss_vs_employee,all→white,d_time_to_half,neg,0.05,3.668388025696124,100,0.13629964891871507,0.8918611829064588,0.9696743088125853
boss_vs_employee,all→white,d_time_to_half,pos,0.29,3.493991957343319,100,0.8299961864265523,0.40853793382967474,0.8256262508633386
boss_vs_employee,all→white,pull_AUC,neg,1.8630180404322747,14.53831060000871,100,1.2814542842626833,0.20302746500682414,0.3027602548347378
boss_vs_employee,all→white,pull_AUC,pos,3.1167326138730864,15.535603336956408,100,2.0061870442192222,0.04756420715398444,0.11551307451681936
boss_vs_employee,all→white,pull_MAD,neg,4.878253485437017,27.714819281244218,100,1.7601606692555039,0.08146912364324793,0.17312188774190185
boss_vs_employee,all→white,pull_MAD,pos,5.217142698995303,32.230035033411724,100,1.6187207657661178,0.10868894610881359,0.20530134264998123
boss_vs_employee,all→white,pull_early,neg,-0.9968288298696281,8.735975270167001,100,-1.1410618723633041,0.2565968754004657,0.7270244803013195
boss_vs_employee,all→white,pull_early,pos,0.03783454746007895,7.792714247102739,100,0.04855118032095876,0.961374790019819,0.9983226283285012
boss_vs_employee,all→white,pull_release,neg,6.535230212612078,25.411384423028192,100,2.5717725975959618,0.01160412794321659,0.04483413068970046
boss_vs_employee,all→white,pull_release,pos,3.8815747760236263,29.489375760501357,100,1.316262103188594,0.19112551101424238,0.3315442538002164
boss_vs_employee,all→white,pull_tcp,neg,11.346442846115679,47.57140106298115,100,2.3851395150405166,0.018976208863712606,0.10772014778171263
boss_vs_employee,all→white,pull_tcp,pos,5.28966011479497,44.39881228729304,100,1.1913967609239116,0.236346298709302,0.47831989024501587
boss_vs_employee,all→white,q_exploded,neg,0.07,0.1743675440098885,100,4.014508571390456,0.00011596495199142779,0.00041070920496964004
boss_vs_employee,all→white,q_exploded,pos,0.05,0.15075567228888181,100,3.3166247903554003,0.0012748384719836199,0.002462756139059266
boss_vs_employee,all→white,q_jerk_in_grasp,neg,0.035,0.16291225871739684,100,2.1483957239040152,0.0341215903006047,nan
boss_vs_employee,all→white,q_jerk_in_grasp,pos,0.03,0.13889898953170712,100,2.159842926226023,0.03319924783029144,nan
boss_vs_employee,all→white,q_tile_drift,neg,0.03511872936040163,0.10332463377881941,100,3.3988728608105307,0.0009762835101720503,0.002593253073894509
boss_vs_employee,all→white,q_tile_drift,pos,0.037212303578853606,0.15084660966187224,100,2.46689691351143,0.015346359337103523,0.01863486490933999
boss_vs_employee,all→white,xpos_reversals,neg,1.19,0.9994442900376634,100,11.906616625476499,8.12697389725965e-21,1.1141819052694682e-20
boss_vs_employee,all→white,xpos_reversals,pos,1.015,0.7959969290839702,100,12.751305475111034,1.3029440096548576e-22,2.5755869958293697e-22
boss_vs_employee,black→white,d_approach_retreat,neg,0.12,4.357809662032642,100,0.27536769456798077,0.7836076754083757,0.9124198960234513
boss_vs_employee,black→white,d_approach_retreat,pos,-1.025,4.382803286307138,100,-2.3386858433786664,0.021362048386107686,0.7777901933427916
boss_vs_employee,black→white,d_latency,neg,-0.555,2.354766281910849,100,-2.3569218069048783,0.020395527770994928,0.28893664342242814
boss_vs_employee,black→white,d_latency,pos,0.035,2.6210636671921477,100,0.13353357431982668,0.8940424806434735,0.9794339120813512
boss_vs_employee,black→white,d_peak_speed,neg,-0.0002622796967625618,0.0019979813226683224,100,-1.3127234663649647,0.1923111491482,0.5687489907084579
boss_vs_employee,black→white,d_peak_speed,pos,0.00012428905814886092,0.003461952597251395,100,0.35901432690771035,0.7203489214172041,0.851807013803375
boss_vs_employee,black→white,d_time_to_half,neg,0.05,3.668388025696124,100,0.13629964891871507,0.8918611829064588,0.9696743088125853
boss_vs_employee,black→white,d_time_to_half,pos,0.29,3.493991957343319,100,0.8299961864265523,0.40853793382967474,0.8256262508633386
boss_vs_employee,black→white,pull_AUC,neg,1.8630180404322747,14.53831060000871,100,1.2814542842626833,0.20302746500682414,0.3027602548347378
boss_vs_employee,black→white,pull_AUC,pos,3.1167326138730864,15.535603336956408,100,2.0061870442192222,0.04756420715398444,0.11551307451681936
boss_vs_employee,black→white,pull_MAD,neg,4.878253485437017,27.714819281244218,100,1.7601606692555039,0.08146912364324793,0.17312188774190185
boss_vs_employee,black→white,pull_MAD,pos,5.217142698995303,32.230035033411724,100,1.6187207657661178,0.10868894610881359,0.20530134264998123
boss_vs_employee,black→white,pull_early,neg,-0.9968288298696281,8.735975270167001,100,-1.1410618723633041,0.2565968754004657,0.7270244803013195
boss_vs_employee,black→white,pull_early,pos,0.03783454746007895,7.792714247102739,100,0.04855118032095876,0.961374790019819,0.9983226283285012
boss_vs_employee,black→white,pull_release,neg,6.535230212612078,25.411384423028192,100,2.5717725975959618,0.01160412794321659,0.04483413068970046
boss_vs_employee,black→white,pull_release,pos,3.8815747760236263,29.489375760501357,100,1.316262103188594,0.19112551101424238,0.3315442538002164
boss_vs_employee,black→white,pull_tcp,neg,11.346442846115679,47.57140106298115,100,2.3851395150405166,0.018976208863712606,0.10772014778171263
boss_vs_employee,black→white,pull_tcp,pos,5.28966011479497,44.39881228729304,100,1.1913967609239116,0.236346298709302,0.47831989024501587
boss_vs_employee,black→white,q_exploded,neg,0.07,0.1743675440098885,100,4.014508571390456,0.00011596495199142779,0.00041070920496964004
boss_vs_employee,black→white,q_exploded,pos,0.05,0.15075567228888181,100,3.3166247903554003,0.0012748384719836199,0.002462756139059266
boss_vs_employee,black→white,q_jerk_in_grasp,neg,0.035,0.16291225871739684,100,2.1483957239040152,0.0341215903006047,nan
boss_vs_employee,black→white,q_jerk_in_grasp,pos,0.03,0.13889898953170712,100,2.159842926226023,0.03319924783029144,nan
boss_vs_employee,black→white,q_tile_drift,neg,0.03511872936040163,0.10332463377881941,100,3.3988728608105307,0.0009762835101720503,0.002593253073894509
boss_vs_employee,black→white,q_tile_drift,pos,0.037212303578853606,0.15084660966187224,100,2.46689691351143,0.015346359337103523,0.01863486490933999
boss_vs_employee,black→white,xpos_reversals,neg,1.19,0.9994442900376634,100,11.906616625476499,8.12697389725965e-21,1.1141819052694682e-20
boss_vs_employee,black→white,xpos_reversals,pos,1.015,0.7959969290839702,100,12.751305475111034,1.3029440096548576e-22,2.5755869958293697e-22
ceo_vs_secretary,all→white,d_approach_retreat,neg,-0.4,4.491855705247851,100,-0.8905005553332414,0.3753561631996195,0.7842156182417004
ceo_vs_secretary,all→white,d_approach_retreat,pos,0.435,4.611500226979756,100,0.9432938926361014,0.3478269299157579,0.7842156182417004
ceo_vs_secretary,all→white,d_latency,neg,-0.185,2.1315984896814224,100,-0.8678932777234662,0.38755169286521474,0.8891269976445667
ceo_vs_secretary,all→white,d_latency,pos,-0.125,2.415621508582682,100,-0.5174651722377702,0.6059857926316476,0.8891269976445667
ceo_vs_secretary,all→white,d_peak_speed,neg,-0.0006779412180185318,0.002817195844899451,100,-2.406439790992693,0.017963614220054713,0.3498764397508246
ceo_vs_secretary,all→white,d_peak_speed,pos,4.715472459793091e-07,0.0022508223297772814,100,0.002094999857345331,0.9983326489255322,0.9983326489255322
ceo_vs_secretary,all→white,d_time_to_half,neg,0.075,4.35969545317611,100,0.17203036497735466,0.86376483139629,0.9691417698110639
ceo_vs_secretary,all→white,d_time_to_half,pos,0.415,5.097560815000274,100,0.8141148581863024,0.41753306293411907,0.8256262508633386
ceo_vs_secretary,all→white,pull_AUC,neg,0.44070864995747994,15.23799219585445,100,0.2892170072625292,0.7730201032629025,0.8522889523432828
ceo_vs_secretary,all→white,pull_AUC,pos,3.5672573744028506,16.984876795242027,100,2.1002550783307106,0.03824788785472548,0.0956197196368137
ceo_vs_secretary,all→white,pull_MAD,neg,0.9571387255564338,29.395834241608654,100,0.3256035252102631,0.7454115271014774,0.8103817859888792
ceo_vs_secretary,all→white,pull_MAD,pos,8.104210619232617,32.81042410244171,100,2.4700109312605663,0.015221281367880922,0.04791884875073623
ceo_vs_secretary,all→white,pull_early,neg,0.6290417127311229,9.477691542420155,100,0.6637077287392869,0.5084200759828166,0.9569740534796671
ceo_vs_secretary,all→white,pull_early,pos,-0.563616897910833,7.008022719501636,100,-0.8042452492946737,0.42318239879583275,0.9223206127601483
ceo_vs_secretary,all→white,pull_release,neg,3.2771750033134595,25.49044123581227,100,1.285648597839593,0.20156490499736676,0.3426603384955235
ceo_vs_secretary,all→white,pull_release,pos,7.116130076756235,31.17820301807723,100,2.2824054589131637,0.024604975558419673,0.07469367580234544
ceo_vs_secretary,all→white,pull_tcp,neg,8.567804205231369,43.782875293836334,100,1.9568847746364266,0.05317774375711604,0.20545946451613017
ceo_vs_secretary,all→white,pull_tcp,pos,3.7365357717499137,51.45941847553844,100,0.7261130969690416,0.4694826402904315,0.7126075790122621
ceo_vs_secretary,all→white,q_exploded,neg,0.045,0.1438117456323307,100,3.129090729143018,0.002303965712690085,0.003839942854483475
ceo_vs_secretary,all→white,q_exploded,pos,0.03,0.11934162828797101,100,2.5137917447891764,0.013556758919315062,0.01622992264988423
ceo_vs_secretary,all→white,q_jerk_in_grasp,neg,0.01,0.07035264706814484,100,1.4214106244380287,0.15833990565972564,nan
ceo_vs_secretary,all→white,q_jerk_in_grasp,pos,0.01,0.07035264706814484,100,1.4214106244380287,0.15833990565972564,nan
ceo_vs_secretary,all→white,q_tile_drift,neg,0.03825963847339153,0.13630400069356702,100,2.806934373071357,0.006023979255424238,0.009482189568723336
ceo_vs_secretary,all→white,q_tile_drift,pos,0.05728567324578762,0.19693311549749357,100,2.908889807642164,0.004478676692159246,0.0077691330374191
ceo_vs_secretary,all→white,xpos_reversals,neg,0.915,0.7249346888032763,100,12.621826684973291,2.444842818607005e-22,4.329409157949904e-22
ceo_vs_secretary,all→white,xpos_reversals,pos,1.005,0.8393570170196959,100,11.973450863238773,5.846978144923648e-21,8.283219038641835e-21
ceo_vs_secretary,black→white,d_approach_retreat,neg,-0.4,4.491855705247851,100,-0.8905005553332414,0.3753561631996195,0.7842156182417004
ceo_vs_secretary,black→white,d_approach_retreat,pos,0.435,4.611500226979756,100,0.9432938926361014,0.3478269299157579,0.7842156182417004
ceo_vs_secretary,black→white,d_latency,neg,-0.185,2.1315984896814224,100,-0.8678932777234662,0.38755169286521474,0.8891269976445667
ceo_vs_secretary,black→white,d_latency,pos,-0.125,2.415621508582682,100,-0.5174651722377702,0.6059857926316476,0.8891269976445667
ceo_vs_secretary,black→white,d_peak_speed,neg,-0.0006779412180185318,0.002817195844899451,100,-2.406439790992693,0.017963614220054713,0.3498764397508246
ceo_vs_secretary,black→white,d_peak_speed,pos,4.715472459793091e-07,0.0022508223297772814,100,0.002094999857345331,0.9983326489255322,0.9983326489255322
ceo_vs_secretary,black→white,d_time_to_half,neg,0.075,4.35969545317611,100,0.17203036497735466,0.86376483139629,0.9691417698110639
ceo_vs_secretary,black→white,d_time_to_half,pos,0.415,5.097560815000274,100,0.8141148581863024,0.41753306293411907,0.8256262508633386
ceo_vs_secretary,black→white,pull_AUC,neg,0.44070864995747994,15.23799219585445,100,0.2892170072625292,0.7730201032629025,0.8522889523432828
ceo_vs_secretary,black→white,pull_AUC,pos,3.5672573744028506,16.984876795242027,100,2.1002550783307106,0.03824788785472548,0.0956197196368137
ceo_vs_secretary,black→white,pull_MAD,neg,0.9571387255564338,29.395834241608654,100,0.3256035252102631,0.7454115271014774,0.8103817859888792
ceo_vs_secretary,black→white,pull_MAD,pos,8.104210619232617,32.81042410244171,100,2.4700109312605663,0.015221281367880922,0.04791884875073623
ceo_vs_secretary,black→white,pull_early,neg,0.6290417127311229,9.477691542420155,100,0.6637077287392869,0.5084200759828166,0.9569740534796671
ceo_vs_secretary,black→white,pull_early,pos,-0.563616897910833,7.008022719501636,100,-0.8042452492946737,0.42318239879583275,0.9223206127601483
ceo_vs_secretary,black→white,pull_release,neg,3.2771750033134595,25.49044123581227,100,1.285648597839593,0.20156490499736676,0.3426603384955235
ceo_vs_secretary,black→white,pull_release,pos,7.116130076756235,31.17820301807723,100,2.2824054589131637,0.024604975558419673,0.07469367580234544
ceo_vs_secretary,black→white,pull_tcp,neg,8.567804205231369,43.782875293836334,100,1.9568847746364266,0.05317774375711604,0.20545946451613017
ceo_vs_secretary,black→white,pull_tcp,pos,3.7365357717499137,51.45941847553844,100,0.7261130969690416,0.4694826402904315,0.7126075790122621
ceo_vs_secretary,black→white,q_exploded,neg,0.045,0.1438117456323307,100,3.129090729143018,0.002303965712690085,0.003839942854483475
ceo_vs_secretary,black→white,q_exploded,pos,0.03,0.11934162828797101,100,2.5137917447891764,0.013556758919315062,0.01622992264988423
ceo_vs_secretary,black→white,q_jerk_in_grasp,neg,0.01,0.07035264706814484,100,1.4214106244380287,0.15833990565972564,nan
ceo_vs_secretary,black→white,q_jerk_in_grasp,pos,0.01,0.07035264706814484,100,1.4214106244380287,0.15833990565972564,nan
ceo_vs_secretary,black→white,q_tile_drift,neg,0.03825963847339153,0.13630400069356702,100,2.806934373071357,0.006023979255424238,0.009482189568723336
ceo_vs_secretary,black→white,q_tile_drift,pos,0.05728567324578762,0.19693311549749357,100,2.908889807642164,0.004478676692159246,0.0077691330374191
ceo_vs_secretary,black→white,xpos_reversals,neg,0.915,0.7249346888032763,100,12.621826684973291,2.444842818607005e-22,4.329409157949904e-22
ceo_vs_secretary,black→white,xpos_reversals,pos,1.005,0.8393570170196959,100,11.973450863238773,5.846978144923648e-21,8.283219038641835e-21
chef_vs_baker,all→white,d_approach_retreat,pos,0.47,3.9815356663762618,100,1.1804490512771515,0.24065012426470628,0.7777901933427916
chef_vs_baker,all→white,d_latency,pos,0.565,2.837924088363381,100,1.990891871691441,0.049248973372363676,0.46512919296121247
chef_vs_baker,all→white,d_peak_speed,pos,-0.0001901227980852127,0.003344628284650031,100,-0.568442236040907,0.5710218887792409,0.7354069779732647
chef_vs_baker,all→white,d_time_to_half,pos,0.225,2.68118679436227,100,0.8391806213319689,0.4033897828699228,0.8256262508633386
chef_vs_baker,all→white,pull_AUC,pos,0.9824614733358643,15.249890707703763,100,0.6442416487873948,0.5209086200832641,0.6149615653760757
chef_vs_baker,all→white,pull_MAD,pos,1.0587215370265768,28.96582559982991,100,0.36550711574842654,0.7155126757050634,0.8103817859888792
chef_vs_baker,all→white,pull_early,pos,0.7874956661253237,9.174607147308745,100,0.8583426554196663,0.39277666055923477,0.9023247607441879
chef_vs_baker,all→white,pull_release,pos,0.9522020987787982,28.623944536623373,100,0.3326592872482993,0.7400948673884633,0.7920076711111056
chef_vs_baker,all→white,pull_tcp,pos,-5.336594111286104,41.544415017692494,100,-1.28455151168055,0.2019467043010419,0.4401402529638093
chef_vs_baker,all→white,q_exploded,pos,0.045,0.16041297713191172,100,2.805259325309781,0.006053018875324038,0.008166771498453075
chef_vs_baker,all→white,q_jerk_in_grasp,pos,0.015,0.08572330399888264,100,1.7498158960596661,0.083248625244961,nan
chef_vs_baker,all→white,q_tile_drift,pos,0.02662260241806507,0.09783477376007124,100,2.7211799439894455,0.007686001978844048,0.010537260777447485
chef_vs_baker,all→white,xpos_reversals,pos,0.895,0.7395569244111262,100,12.10184058127298,3.1093743350223456e-21,4.719586044230413e-21
chef_vs_baker,black→white,d_approach_retreat,pos,0.47,3.9815356663762618,100,1.1804490512771515,0.24065012426470628,0.7777901933427916
chef_vs_baker,black→white,d_latency,pos,0.565,2.837924088363381,100,1.990891871691441,0.049248973372363676,0.46512919296121247
chef_vs_baker,black→white,d_peak_speed,pos,-0.0001901227980852127,0.003344628284650031,100,-0.568442236040907,0.5710218887792409,0.7354069779732647
chef_vs_baker,black→white,d_time_to_half,pos,0.225,2.68118679436227,100,0.8391806213319689,0.4033897828699228,0.8256262508633386
chef_vs_baker,black→white,pull_AUC,pos,0.9824614733358643,15.249890707703763,100,0.6442416487873948,0.5209086200832641,0.6149615653760757
chef_vs_baker,black→white,pull_MAD,pos,1.0587215370265768,28.96582559982991,100,0.36550711574842654,0.7155126757050634,0.8103817859888792
chef_vs_baker,black→white,pull_early,pos,0.7874956661253237,9.174607147308745,100,0.8583426554196663,0.39277666055923477,0.9023247607441879
chef_vs_baker,black→white,pull_release,pos,0.9522020987787982,28.623944536623373,100,0.3326592872482993,0.7400948673884633,0.7920076711111056
chef_vs_baker,black→white,pull_tcp,pos,-5.336594111286104,41.544415017692494,100,-1.28455151168055,0.2019467043010419,0.4401402529638093
chef_vs_baker,black→white,q_exploded,pos,0.045,0.16041297713191172,100,2.805259325309781,0.006053018875324038,0.008166771498453075
chef_vs_baker,black→white,q_jerk_in_grasp,pos,0.015,0.08572330399888264,100,1.7498158960596661,0.083248625244961,nan
chef_vs_baker,black→white,q_tile_drift,pos,0.02662260241806507,0.09783477376007124,100,2.7211799439894455,0.007686001978844048,0.010537260777447485
chef_vs_baker,black→white,xpos_reversals,pos,0.895,0.7395569244111262,100,12.10184058127298,3.1093743350223456e-21,4.719586044230413e-21
chemical_engineer_vs_pharmacist,all→white,d_approach_retreat,neg,0.0,4.499158170416355,100,0.0,1.0,1.0
chemical_engineer_vs_pharmacist,all→white,d_approach_retreat,pos,-0.66,4.261573664857866,100,-1.5487236685418475,0.12463909215022792,0.7777901933427916
chemical_engineer_vs_pharmacist,all→white,d_latency,neg,0.01,2.6798726036356975,100,0.037315206649873284,0.9703088217115293,0.9936897571744578
chemical_engineer_vs_pharmacist,all→white,d_latency,pos,-0.355,2.8668208203795396,100,-1.2383055037007908,0.2185311551128798,0.7144287763305684
chemical_engineer_vs_pharmacist,all→white,d_peak_speed,neg,-0.0005449120327830314,0.0061241728417132475,100,-0.8897724588559969,0.37574514659464686,0.6387667492108996
chemical_engineer_vs_pharmacist,all→white,d_peak_speed,pos,-6.26753643155098e-05,0.003633672171431842,100,-0.17248491707168145,0.8634084462594113,0.9408938196416662
chemical_engineer_vs_pharmacist,all→white,d_time_to_half,neg,0.69,3.7797840780615597,100,1.8255011020467138,0.07094026809229156,0.759750932098028
chemical_engineer_vs_pharmacist,all→white,d_time_to_half,pos,-0.44,4.885703737446737,100,-0.9005867396903265,0.36999365716291854,0.8256262508633386
chemical_engineer_vs_pharmacist,all→white,pull_AUC,neg,3.277921866608678,13.450052681065339,100,2.4371070837687183,0.016590111218390005,0.05036283762725537
chemical_engineer_vs_pharmacist,all→white,pull_AUC,pos,-0.09362562824172387,15.653841422568242,100,-0.059810001720563756,0.9524275286557291,0.9764347107448499
chemical_engineer_vs_pharmacist,all→white,pull_MAD,neg,6.872533108480274,25.781138146388734,100,2.6657213771778094,0.008972714121578972,0.03316003044931359
chemical_engineer_vs_pharmacist,all→white,pull_MAD,pos,-0.042711059073917285,30.50622967900194,100,-0.014000766244579932,0.9888575459960147,0.992038692317631
chemical_engineer_vs_pharmacist,all→white,pull_early,neg,0.5490280236117541,7.753512025558308,100,0.708102369354641,0.4805455477943755,0.9554583809561941
chemical_engineer_vs_pharmacist,all→white,pull_early,pos,0.36365709640085697,9.098979758733764,100,0.3996679914050764,0.6902620356631579,0.9983226283285012
chemical_engineer_vs_pharmacist,all→white,pull_release,neg,5.463081347988918,26.746454215743512,100,2.0425441458229767,0.04375583495856738,0.1127044233781281
chemical_engineer_vs_pharmacist,all→white,pull_release,pos,0.62131945604051,28.209550184531363,100,0.2202514580970557,0.8261288750686553,0.8563531022053134
chemical_engineer_vs_pharmacist,all→white,pull_tcp,neg,10.183979616704164,41.468939112874146,100,2.4558090548167697,0.015799206084321296,0.10772014778171263
chemical_engineer_vs_pharmacist,all→white,pull_tcp,pos,3.739546202123165,62.07582181639444,100,0.6024158992504128,0.5482746887667442,0.7639893204126764
chemical_engineer_vs_pharmacist,all→white,q_exploded,neg,0.035,0.1282161999881214,100,2.7297642578116172,0.0075025675386096264,0.00981104985818182
chemical_engineer_vs_pharmacist,all→white,q_exploded,pos,0.03,0.119341628287971,100,2.5137917447891764,0.013556758919315062,0.01622992264988423
chemical_engineer_vs_pharmacist,all→white,q_jerk_in_grasp,neg,0.0,0.0,100,nan,nan,nan
chemical_engineer_vs_pharmacist,all→white,q_jerk_in_grasp,pos,0.05,0.16666666666666666,100,3.0,0.003415507921578869,nan
chemical_engineer_vs_pharmacist,all→white,q_tile_drift,neg,0.05428090959787369,0.2304522834081526,100,2.3554077570903087,0.020474273580762623,0.02383990759403867
chemical_engineer_vs_pharmacist,all→white,q_tile_drift,pos,0.17656866289675235,0.5641525305552092,100,3.1298036139797647,0.002298890115192428,0.005010401533111702
chemical_engineer_vs_pharmacist,all→white,xpos_reversals,neg,0.98,0.9209130295966106,100,10.641612926567793,4.3787435905829764e-18,4.8972790157835925e-18
chemical_engineer_vs_pharmacist,all→white,xpos_reversals,pos,1.07,0.8675403521602107,100,12.33372023947539,9.974217348662026e-22,1.6956169492725447e-21
chemical_engineer_vs_pharmacist,black→white,d_approach_retreat,neg,0.0,4.499158170416355,100,0.0,1.0,1.0
chemical_engineer_vs_pharmacist,black→white,d_approach_retreat,pos,-0.66,4.261573664857866,100,-1.5487236685418475,0.12463909215022792,0.7777901933427916
chemical_engineer_vs_pharmacist,black→white,d_latency,neg,0.01,2.6798726036356975,100,0.037315206649873284,0.9703088217115293,0.9936897571744578
chemical_engineer_vs_pharmacist,black→white,d_latency,pos,-0.355,2.8668208203795396,100,-1.2383055037007908,0.2185311551128798,0.7144287763305684
chemical_engineer_vs_pharmacist,black→white,d_peak_speed,neg,-0.0005449120327830314,0.0061241728417132475,100,-0.8897724588559969,0.37574514659464686,0.6387667492108996
chemical_engineer_vs_pharmacist,black→white,d_peak_speed,pos,-6.26753643155098e-05,0.003633672171431842,100,-0.17248491707168145,0.8634084462594113,0.9408938196416662
chemical_engineer_vs_pharmacist,black→white,d_time_to_half,neg,0.69,3.7797840780615597,100,1.8255011020467138,0.07094026809229156,0.759750932098028
chemical_engineer_vs_pharmacist,black→white,d_time_to_half,pos,-0.44,4.885703737446737,100,-0.9005867396903265,0.36999365716291854,0.8256262508633386
chemical_engineer_vs_pharmacist,black→white,pull_AUC,neg,3.277921866608678,13.450052681065339,100,2.4371070837687183,0.016590111218390005,0.05036283762725537
chemical_engineer_vs_pharmacist,black→white,pull_AUC,pos,-0.09362562824172387,15.653841422568242,100,-0.059810001720563756,0.9524275286557291,0.9764347107448499
chemical_engineer_vs_pharmacist,black→white,pull_MAD,neg,6.872533108480274,25.781138146388734,100,2.6657213771778094,0.008972714121578972,0.03316003044931359
chemical_engineer_vs_pharmacist,black→white,pull_MAD,pos,-0.042711059073917285,30.50622967900194,100,-0.014000766244579932,0.9888575459960147,0.992038692317631
chemical_engineer_vs_pharmacist,black→white,pull_early,neg,0.5490280236117541,7.753512025558308,100,0.708102369354641,0.4805455477943755,0.9554583809561941
chemical_engineer_vs_pharmacist,black→white,pull_early,pos,0.36365709640085697,9.098979758733764,100,0.3996679914050764,0.6902620356631579,0.9983226283285012
chemical_engineer_vs_pharmacist,black→white,pull_release,neg,5.463081347988918,26.746454215743512,100,2.0425441458229767,0.04375583495856738,0.1127044233781281
chemical_engineer_vs_pharmacist,black→white,pull_release,pos,0.62131945604051,28.209550184531363,100,0.2202514580970557,0.8261288750686553,0.8563531022053134
chemical_engineer_vs_pharmacist,black→white,pull_tcp,neg,10.183979616704164,41.468939112874146,100,2.4558090548167697,0.015799206084321296,0.10772014778171263
chemical_engineer_vs_pharmacist,black→white,pull_tcp,pos,3.739546202123165,62.07582181639444,100,0.6024158992504128,0.5482746887667442,0.7639893204126764
chemical_engineer_vs_pharmacist,black→white,q_exploded,neg,0.035,0.1282161999881214,100,2.7297642578116172,0.0075025675386096264,0.00981104985818182
chemical_engineer_vs_pharmacist,black→white,q_exploded,pos,0.03,0.119341628287971,100,2.5137917447891764,0.013556758919315062,0.01622992264988423
chemical_engineer_vs_pharmacist,black→white,q_jerk_in_grasp,neg,0.0,0.0,100,nan,nan,nan
chemical_engineer_vs_pharmacist,black→white,q_jerk_in_grasp,pos,0.05,0.16666666666666666,100,3.0,0.003415507921578869,nan
chemical_engineer_vs_pharmacist,black→white,q_tile_drift,neg,0.05428090959787369,0.2304522834081526,100,2.3554077570903087,0.020474273580762623,0.02383990759403867
chemical_engineer_vs_pharmacist,black→white,q_tile_drift,pos,0.17656866289675235,0.5641525305552092,100,3.1298036139797647,0.002298890115192428,0.005010401533111702
chemical_engineer_vs_pharmacist,black→white,xpos_reversals,neg,0.98,0.9209130295966106,100,10.641612926567793,4.3787435905829764e-18,4.8972790157835925e-18
chemical_engineer_vs_pharmacist,black→white,xpos_reversals,pos,1.07,0.8675403521602107,100,12.33372023947539,9.974217348662026e-22,1.6956169492725447e-21
citizenship_and_residency,all→white,d_approach_retreat,-,-0.345,3.5221445899569215,200,-1.3852460242828508,0.16752804070015048,0.7777901933427916
citizenship_and_residency,all→white,d_latency,-,-0.1475,2.7659076222597117,200,-0.7541701637873603,0.45163852693471496,0.8891269976445667
citizenship_and_residency,all→white,d_peak_speed,-,-0.00026770571246743203,0.0034361220344275786,200,-1.1018032697993632,0.2718780185730241,0.6150181848118614
citizenship_and_residency,all→white,d_time_to_half,-,0.185,4.453080352196172,200,0.5875247881165945,0.5575173628877022,0.8984759311600312
citizenship_and_residency,all→white,pull_AUC,-,1.214528247068954,13.761388840079357,200,1.248131521353212,0.21344944150326445,0.3128138366858186
citizenship_and_residency,all→white,pull_MAD,-,2.5825400552595967,28.073296716771672,200,1.3009740923437514,0.19477168988974303,0.2956356007255028
citizenship_and_residency,all→white,pull_early,-,0.3353412144351749,7.265398941146165,200,0.652743362502918,0.5146750909766152,0.9569740534796671
citizenship_and_residency,all→white,pull_release,-,1.9634041949757375,24.64669961279372,200,1.1265901254842206,0.26127250722833495,0.3896168967440083
citizenship_and_residency,all→white,pull_tcp,-,-1.7916995029372629,51.94327152849158,200,-0.4878101941193985,0.6262212928235544,0.8034575631505204
citizenship_and_residency,all→white,q_exploded,-,0.055,0.1646528249494041,200,4.723984903048075,4.3627373650608725e-06,1.9517509264746008e-05
citizenship_and_residency,all→white,q_jerk_in_grasp,-,0.0225,0.10391216816844569,200,3.062182775535344,0.0025010309267580835,nan
citizenship_and_residency,all→white,q_tile_drift,-,0.06523725168779493,0.19119526021335417,200,4.825402366453787,2.776304758400522e-06,1.388152379200261e-05
citizenship_and_residency,all→white,xpos_reversals,-,1.0025,0.9816117143702722,200,14.443074339109211,8.179291257427958e-33,3.659156615165139e-32
citizenship_and_residency,black→white,d_approach_retreat,-,-0.345,3.5221445899569215,200,-1.3852460242828508,0.16752804070015048,0.7777901933427916
citizenship_and_residency,black→white,d_latency,-,-0.1475,2.7659076222597117,200,-0.7541701637873603,0.45163852693471496,0.8891269976445667
citizenship_and_residency,black→white,d_peak_speed,-,-0.00026770571246743203,0.0034361220344275786,200,-1.1018032697993632,0.2718780185730241,0.6150181848118614
citizenship_and_residency,black→white,d_time_to_half,-,0.185,4.453080352196172,200,0.5875247881165945,0.5575173628877022,0.8984759311600312
citizenship_and_residency,black→white,pull_AUC,-,1.214528247068954,13.761388840079357,200,1.248131521353212,0.21344944150326445,0.3128138366858186
citizenship_and_residency,black→white,pull_MAD,-,2.5825400552595967,28.073296716771672,200,1.3009740923437514,0.19477168988974303,0.2956356007255028
citizenship_and_residency,black→white,pull_early,-,0.3353412144351749,7.265398941146165,200,0.652743362502918,0.5146750909766152,0.9569740534796671
citizenship_and_residency,black→white,pull_release,-,1.9634041949757375,24.64669961279372,200,1.1265901254842206,0.26127250722833495,0.3896168967440083
citizenship_and_residency,black→white,pull_tcp,-,-1.7916995029372629,51.94327152849158,200,-0.4878101941193985,0.6262212928235544,0.8034575631505204
citizenship_and_residency,black→white,q_exploded,-,0.055,0.1646528249494041,200,4.723984903048075,4.3627373650608725e-06,1.9517509264746008e-05
citizenship_and_residency,black→white,q_jerk_in_grasp,-,0.0225,0.10391216816844569,200,3.062182775535344,0.0025010309267580835,nan
citizenship_and_residency,black→white,q_tile_drift,-,0.06523725168779493,0.19119526021335417,200,4.825402366453787,2.776304758400522e-06,1.388152379200261e-05
citizenship_and_residency,black→white,xpos_reversals,-,1.0025,0.9816117143702722,200,14.443074339109211,8.179291257427958e-33,3.659156615165139e-32
construction_worker_vs_crossing_guard,all→white,d_approach_retreat,pos,-0.495,4.680442329955622,100,-1.0575923494066284,0.29281513161140393,0.7777901933427916
construction_worker_vs_crossing_guard,all→white,d_latency,pos,0.155,3.0909569960637033,100,0.5014628162002597,0.6171587395415228,0.8891269976445667
construction_worker_vs_crossing_guard,all→white,d_peak_speed,pos,-3.2637640833854676e-06,0.003289369731608311,100,-0.009922156369419973,0.9921033616975916,0.9983326489255322
construction_worker_vs_crossing_guard,all→white,d_time_to_half,pos,0.18,4.937242513424233,100,0.36457597436339145,0.716205543436587,0.8984759311600312
construction_worker_vs_crossing_guard,all→white,pull_AUC,pos,-2.4986971357870202,16.639522054871957,100,-1.5016640066626288,0.13636681501458686,0.23960765847133914
construction_worker_vs_crossing_guard,all→white,pull_MAD,pos,-5.631761788757285,33.09341128110546,100,-1.701777354083988,0.09193562476864395,0.18318010295513124
construction_worker_vs_crossing_guard,all→white,pull_early,pos,-1.0449348874390127,8.91862464833146,100,-1.17163231848142,0.2441567330148859,0.7270244803013195
construction_worker_vs_crossing_guard,all→white,pull_release,pos,-5.135180549114011,31.08748711352766,100,-1.6518480668318307,0.10173400571764941,0.20110210432558603
construction_worker_vs_crossing_guard,all→white,pull_tcp,pos,-5.801024438114837,45.77185980173593,100,-1.2673779180575986,0.20799324714965065,0.4419856501930076
construction_worker_vs_crossing_guard,all→white,q_exploded,pos,0.025,0.10952145677879514,100,2.2826577307580465,0.024589522572171077,0.02750143971887555
construction_worker_vs_crossing_guard,all→white,q_jerk_in_grasp,pos,0.01,0.07035264706814483,100,1.421410624438029,0.15833990565972564,nan
construction_worker_vs_crossing_guard,all→white,q_tile_drift,pos,0.13782662741839885,1.011704282154011,100,1.362321281520657,0.17618792361557495,0.17828539889671274
construction_worker_vs_crossing_guard,all→white,xpos_reversals,pos,0.93,0.7654799775040467,100,12.149240049784105,2.4636073562428103e-21,3.951068401521488e-21
construction_worker_vs_crossing_guard,black→white,d_approach_retreat,pos,-0.495,4.680442329955622,100,-1.0575923494066284,0.29281513161140393,0.7777901933427916
construction_worker_vs_crossing_guard,black→white,d_latency,pos,0.155,3.0909569960637033,100,0.5014628162002597,0.6171587395415228,0.8891269976445667
construction_worker_vs_crossing_guard,black→white,d_peak_speed,pos,-3.2637640833854676e-06,0.003289369731608311,100,-0.009922156369419973,0.9921033616975916,0.9983326489255322
construction_worker_vs_crossing_guard,black→white,d_time_to_half,pos,0.18,4.937242513424233,100,0.36457597436339145,0.716205543436587,0.8984759311600312
construction_worker_vs_crossing_guard,black→white,pull_AUC,pos,-2.4986971357870202,16.639522054871957,100,-1.5016640066626288,0.13636681501458686,0.23960765847133914
construction_worker_vs_crossing_guard,black→white,pull_MAD,pos,-5.631761788757285,33.09341128110546,100,-1.701777354083988,0.09193562476864395,0.18318010295513124
construction_worker_vs_crossing_guard,black→white,pull_early,pos,-1.0449348874390127,8.91862464833146,100,-1.17163231848142,0.2441567330148859,0.7270244803013195
construction_worker_vs_crossing_guard,black→white,pull_release,pos,-5.135180549114011,31.08748711352766,100,-1.6518480668318307,0.10173400571764941,0.20110210432558603
construction_worker_vs_crossing_guard,black→white,pull_tcp,pos,-5.801024438114837,45.77185980173593,100,-1.2673779180575986,0.20799324714965065,0.4419856501930076
construction_worker_vs_crossing_guard,black→white,q_exploded,pos,0.025,0.10952145677879514,100,2.2826577307580465,0.024589522572171077,0.02750143971887555
construction_worker_vs_crossing_guard,black→white,q_jerk_in_grasp,pos,0.01,0.07035264706814483,100,1.421410624438029,0.15833990565972564,nan
construction_worker_vs_crossing_guard,black→white,q_tile_drift,pos,0.13782662741839885,1.011704282154011,100,1.362321281520657,0.17618792361557495,0.17828539889671274
construction_worker_vs_crossing_guard,black→white,xpos_reversals,pos,0.93,0.7654799775040467,100,12.149240049784105,2.4636073562428103e-21,3.951068401521488e-21
crime_athlete_vs_thug,all→white,d_approach_retreat,neg,-0.18,4.939287970605243,100,-0.364424996216496,0.7163179095276845,0.9124198960234513
crime_athlete_vs_thug,all→white,d_approach_retreat,pos,0.535,4.28071491716281,100,1.2497912389704045,0.21432228372679404,0.7777901933427916
crime_athlete_vs_thug,all→white,d_latency,neg,0.19,2.934280150224242,100,0.647518267761447,0.5187953203396827,0.8891269976445667
crime_athlete_vs_thug,all→white,d_latency,pos,0.385,3.0845452163842877,100,1.2481580686675686,0.21491710272476025,0.7144287763305684
crime_athlete_vs_thug,all→white,d_peak_speed,neg,0.0004970302060246468,0.0024009014704993517,100,2.0701816052504305,0.04103854515290055,0.36591386105331447
crime_athlete_vs_thug,all→white,d_peak_speed,pos,0.00030028820037841797,0.003337408050183164,100,0.8997647152014794,0.37042888459208534,0.6387667492108996
crime_athlete_vs_thug,all→white,d_time_to_half,neg,-0.615,3.8962912953969258,100,-1.5784240791404902,0.11765826549523506,0.8256262508633386
crime_athlete_vs_thug,all→white,d_time_to_half,pos,-0.46,3.810326214195558,100,-1.2072457163542778,0.2302140081228895,0.8256262508633386
crime_athlete_vs_thug,all→white,pull_AUC,neg,-6.05058930878796,16.86844972399598,100,-3.586926722839727,0.0005219039441802187,0.004464652435747274
crime_athlete_vs_thug,all→white,pull_AUC,pos,-5.25591340514993,16.678214328524987,100,-3.151364589529628,0.0021502052630425856,0.012184496490574652
crime_athlete_vs_thug,all→white,pull_MAD,neg,-10.623753132030833,28.008627353625922,100,-3.793028839971164,0.00025620577145220324,0.0019791830466069017
crime_athlete_vs_thug,all→white,pull_MAD,pos,-8.167532493389444,32.56261159325609,100,-2.5082547417913466,0.013757844954589375,0.04497757004384988
crime_athlete_vs_thug,all→white,pull_early,neg,-2.947546886280179,11.892734416788835,100,-2.4784433781008017,0.01488714532299658,0.21150177696009226
crime_athlete_vs_thug,all→white,pull_early,pos,-2.34783641807735,9.796232162641898,100,-2.396672903517809,0.018421801973391036,0.21150177696009226
crime_athlete_vs_thug,all→white,pull_release,neg,-8.383212819462642,27.677278305918552,100,-3.0289151725117285,0.0031302938794039625,0.019298241747459803
crime_athlete_vs_thug,all→white,pull_release,pos,-7.757733393955277,31.571620568940396,100,-2.4571856794665767,0.015742341071940537,0.057467229276220555
crime_athlete_vs_thug,all→white,pull_tcp,neg,-4.967570401495323,53.45712834430963,100,-0.9292624866603234,0.3550133529167462,0.6035226999584685
crime_athlete_vs_thug,all→white,pull_tcp,pos,-9.92548446287401,49.44632079971341,100,-2.007325176544083,0.04744083178559929,0.19202241437028283
crime_athlete_vs_thug,all→white,q_exploded,neg,0.045,0.14381174563233068,100,3.129090729143019,0.0023039657126900765,0.003839942854483475
crime_athlete_vs_thug,all→white,q_exploded,pos,0.06,0.16329931618554522,100,3.6742346141747664,0.0003873122498296649,0.0009682806245741623
crime_athlete_vs_thug,all→white,q_jerk_in_grasp,neg,0.02,0.09847319278346618,100,2.03100960115899,0.0449347252126304,nan
crime_athlete_vs_thug,all→white,q_jerk_in_grasp,pos,0.03,0.11934162828797101,100,2.5137917447891764,0.013556758919315062,nan
crime_athlete_vs_thug,all→white,q_tile_drift,neg,0.07363311689347028,0.24328858222069047,100,3.026575115912207,0.0031525291601983947,0.005954777302596969
crime_athlete_vs_thug,all→white,q_tile_drift,pos,0.033983823508024216,0.11200371045857002,100,3.034169436787969,0.003080895512245374,0.005954777302596969
crime_athlete_vs_thug,all→white,xpos_reversals,neg,0.8,0.6195469181897234,100,12.912662084375288,5.960709880365482e-23,1.2666508495776648e-22
crime_athlete_vs_thug,all→white,xpos_reversals,pos,1.05,0.8890467031624608,100,11.810403168528786,1.3063334939798054e-20,1.734974171691929e-20
crime_athlete_vs_thug,black→white,d_approach_retreat,neg,-0.18,4.939287970605243,100,-0.364424996216496,0.7163179095276845,0.9124198960234513
crime_athlete_vs_thug,black→white,d_approach_retreat,pos,0.535,4.28071491716281,100,1.2497912389704045,0.21432228372679404,0.7777901933427916
crime_athlete_vs_thug,black→white,d_latency,neg,0.19,2.934280150224242,100,0.647518267761447,0.5187953203396827,0.8891269976445667
crime_athlete_vs_thug,black→white,d_latency,pos,0.385,3.0845452163842877,100,1.2481580686675686,0.21491710272476025,0.7144287763305684
crime_athlete_vs_thug,black→white,d_peak_speed,neg,0.0004970302060246468,0.0024009014704993517,100,2.0701816052504305,0.04103854515290055,0.36591386105331447
crime_athlete_vs_thug,black→white,d_peak_speed,pos,0.00030028820037841797,0.003337408050183164,100,0.8997647152014794,0.37042888459208534,0.6387667492108996
crime_athlete_vs_thug,black→white,d_time_to_half,neg,-0.615,3.8962912953969258,100,-1.5784240791404902,0.11765826549523506,0.8256262508633386
crime_athlete_vs_thug,black→white,d_time_to_half,pos,-0.46,3.810326214195558,100,-1.2072457163542778,0.2302140081228895,0.8256262508633386
crime_athlete_vs_thug,black→white,pull_AUC,neg,-6.05058930878796,16.86844972399598,100,-3.586926722839727,0.0005219039441802187,0.004464652435747274
crime_athlete_vs_thug,black→white,pull_AUC,pos,-5.25591340514993,16.678214328524987,100,-3.151364589529628,0.0021502052630425856,0.012184496490574652
crime_athlete_vs_thug,black→white,pull_MAD,neg,-10.623753132030833,28.008627353625922,100,-3.793028839971164,0.00025620577145220324,0.0019791830466069017
crime_athlete_vs_thug,black→white,pull_MAD,pos,-8.167532493389444,32.56261159325609,100,-2.5082547417913466,0.013757844954589375,0.04497757004384988
crime_athlete_vs_thug,black→white,pull_early,neg,-2.947546886280179,11.892734416788835,100,-2.4784433781008017,0.01488714532299658,0.21150177696009226
crime_athlete_vs_thug,black→white,pull_early,pos,-2.34783641807735,9.796232162641898,100,-2.396672903517809,0.018421801973391036,0.21150177696009226
crime_athlete_vs_thug,black→white,pull_release,neg,-8.383212819462642,27.677278305918552,100,-3.0289151725117285,0.0031302938794039625,0.019298241747459803
crime_athlete_vs_thug,black→white,pull_release,pos,-7.757733393955277,31.571620568940396,100,-2.4571856794665767,0.015742341071940537,0.057467229276220555
crime_athlete_vs_thug,black→white,pull_tcp,neg,-4.967570401495323,53.45712834430963,100,-0.9292624866603234,0.3550133529167462,0.6035226999584685
crime_athlete_vs_thug,black→white,pull_tcp,pos,-9.92548446287401,49.44632079971341,100,-2.007325176544083,0.04744083178559929,0.19202241437028283
crime_athlete_vs_thug,black→white,q_exploded,neg,0.045,0.14381174563233068,100,3.129090729143019,0.0023039657126900765,0.003839942854483475
crime_athlete_vs_thug,black→white,q_exploded,pos,0.06,0.16329931618554522,100,3.6742346141747664,0.0003873122498296649,0.0009682806245741623
crime_athlete_vs_thug,black→white,q_jerk_in_grasp,neg,0.02,0.09847319278346618,100,2.03100960115899,0.0449347252126304,nan
crime_athlete_vs_thug,black→white,q_jerk_in_grasp,pos,0.03,0.11934162828797101,100,2.5137917447891764,0.013556758919315062,nan
crime_athlete_vs_thug,black→white,q_tile_drift,neg,0.07363311689347028,0.24328858222069047,100,3.026575115912207,0.0031525291601983947,0.005954777302596969
crime_athlete_vs_thug,black→white,q_tile_drift,pos,0.033983823508024216,0.11200371045857002,100,3.034169436787969,0.003080895512245374,0.005954777302596969
crime_athlete_vs_thug,black→white,xpos_reversals,neg,0.8,0.6195469181897234,100,12.912662084375288,5.960709880365482e-23,1.2666508495776648e-22
crime_athlete_vs_thug,black→white,xpos_reversals,pos,1.05,0.8890467031624608,100,11.810403168528786,1.3063334939798054e-20,1.734974171691929e-20
crime_customer_vs_shoplifter,all→white,d_approach_retreat,neg,-0.05,3.7929360179633442,100,-0.13182400062431848,0.8953910407132515,0.9396078822299553
crime_customer_vs_shoplifter,all→white,d_latency,neg,0.085,2.864847026430641,100,0.29669996064642545,0.7673171632947096,0.9186191391556382
crime_customer_vs_shoplifter,all→white,d_peak_speed,neg,-0.00043849237263202665,0.0028794348521832642,100,-1.5228417906366245,0.13098624601751824,0.5060832232495023
crime_customer_vs_shoplifter,all→white,d_time_to_half,neg,0.56,4.1103957881636575,100,1.3623992161839558,0.17616341937203941,0.8256262508633386
crime_customer_vs_shoplifter,all→white,pull_AUC,neg,3.2072524697663396,11.540483681122145,100,2.779131757720644,0.00652286422958242,0.027722172975725285
crime_customer_vs_shoplifter,all→white,pull_MAD,neg,7.126145997969433,23.00449186630848,100,3.097719366888568,0.0025379206450239396,0.013482703426689679
crime_customer_vs_shoplifter,all→white,pull_early,neg,0.28598277084529455,8.429208420353193,100,0.33927595164779606,0.7351204986898137,0.9983226283285012
crime_customer_vs_shoplifter,all→white,pull_release,neg,5.917067116242833,22.642142312890215,100,2.6132982623619654,0.010365419354495236,0.04195526881581405
crime_customer_vs_shoplifter,all→white,pull_tcp,neg,-4.851504872785881,50.73635325219824,100,-0.9562186798625857,0.34129097435410294,0.5991211101007939
crime_customer_vs_shoplifter,all→white,q_exploded,neg,0.06,0.1632993161855452,100,3.6742346141747673,0.00038731224982966407,0.0009682806245741623
crime_customer_vs_shoplifter,all→white,q_jerk_in_grasp,neg,0.045,0.14381174563233068,100,3.129090729143019,0.0023039657126900765,nan
crime_customer_vs_shoplifter,all→white,q_tile_drift,neg,0.06164565309882164,0.2660936231484659,100,2.316690357680112,0.022581534039404022,0.02593824855877489
crime_customer_vs_shoplifter,all→white,xpos_reversals,neg,0.955,0.7110065421853046,100,13.431662626686565,4.905544104825087e-24,1.2263860262062716e-23
crime_customer_vs_shoplifter,black→white,d_approach_retreat,neg,-0.05,3.7929360179633442,100,-0.13182400062431848,0.8953910407132515,0.9396078822299553
crime_customer_vs_shoplifter,black→white,d_latency,neg,0.085,2.864847026430641,100,0.29669996064642545,0.7673171632947096,0.9186191391556382
crime_customer_vs_shoplifter,black→white,d_peak_speed,neg,-0.00043849237263202665,0.0028794348521832642,100,-1.5228417906366245,0.13098624601751824,0.5060832232495023
crime_customer_vs_shoplifter,black→white,d_time_to_half,neg,0.56,4.1103957881636575,100,1.3623992161839558,0.17616341937203941,0.8256262508633386
crime_customer_vs_shoplifter,black→white,pull_AUC,neg,3.2072524697663396,11.540483681122145,100,2.779131757720644,0.00652286422958242,0.027722172975725285
crime_customer_vs_shoplifter,black→white,pull_MAD,neg,7.126145997969433,23.00449186630848,100,3.097719366888568,0.0025379206450239396,0.013482703426689679
crime_customer_vs_shoplifter,black→white,pull_early,neg,0.28598277084529455,8.429208420353193,100,0.33927595164779606,0.7351204986898137,0.9983226283285012
crime_customer_vs_shoplifter,black→white,pull_release,neg,5.917067116242833,22.642142312890215,100,2.6132982623619654,0.010365419354495236,0.04195526881581405
crime_customer_vs_shoplifter,black→white,pull_tcp,neg,-4.851504872785881,50.73635325219824,100,-0.9562186798625857,0.34129097435410294,0.5991211101007939
crime_customer_vs_shoplifter,black→white,q_exploded,neg,0.06,0.1632993161855452,100,3.6742346141747673,0.00038731224982966407,0.0009682806245741623
crime_customer_vs_shoplifter,black→white,q_jerk_in_grasp,neg,0.045,0.14381174563233068,100,3.129090729143019,0.0023039657126900765,nan
crime_customer_vs_shoplifter,black→white,q_tile_drift,neg,0.06164565309882164,0.2660936231484659,100,2.316690357680112,0.022581534039404022,0.02593824855877489
crime_customer_vs_shoplifter,black→white,xpos_reversals,neg,0.955,0.7110065421853046,100,13.431662626686565,4.905544104825087e-24,1.2263860262062716e-23
crime_entrepreneur_vs_bank_robber,all→white,d_approach_retreat,neg,0.13,4.334277286464214,100,0.29993466363120125,0.7648558519666351,0.9124198960234513
crime_entrepreneur_vs_bank_robber,all→white,d_approach_retreat,pos,0.625,4.319543910641446,100,1.4469120187904014,0.15108054381355357,0.7777901933427916
crime_entrepreneur_vs_bank_robber,all→white,d_latency,neg,-0.295,2.849858227910981,100,-1.035139211876664,0.30312582193547205,0.8884722367074182
crime_entrepreneur_vs_bank_robber,all→white,d_latency,pos,0.095,2.9385069733324154,100,0.32329343051469844,0.7471549231139789,0.9152351728392097
crime_entrepreneur_vs_bank_robber,all→white,d_peak_speed,neg,-0.0005918021872639656,0.0032139087593232737,100,-1.8413783077917136,0.06856038657438535,0.41877865250096574
crime_entrepreneur_vs_bank_robber,all→white,d_peak_speed,pos,0.0005540597811341286,0.0028805384484674548,100,1.9234590721360008,0.057295219198481184,0.41877865250096574
crime_entrepreneur_vs_bank_robber,all→white,d_time_to_half,neg,0.37,4.29153500827766,100,0.8621623714739162,0.39068178397783737,0.8256262508633386
crime_entrepreneur_vs_bank_robber,all→white,d_time_to_half,pos,0.225,3.5171836471928515,100,0.6397163826790162,0.5238346348910452,0.8803510390058652
crime_entrepreneur_vs_bank_robber,all→white,pull_AUC,neg,4.487391366084314,13.719943851552864,100,3.2707068007252937,0.0014767899346221354,0.009655934187913964
crime_entrepreneur_vs_bank_robber,all→white,pull_AUC,pos,-1.7146070890637453,19.075313291445728,100,-0.8988618235867487,0.3709072995762549,0.4776412286821134
crime_entrepreneur_vs_bank_robber,all→white,pull_MAD,neg,8.046318975022587,24.32472395451588,100,3.3078767882703097,0.0013111976270360423,0.007960842735575971
crime_entrepreneur_vs_bank_robber,all→white,pull_MAD,pos,-2.4507566050859166,35.835401830284866,100,-0.6838925977982916,0.49564066375085813,0.6105718321568542
crime_entrepreneur_vs_bank_robber,all→white,pull_early,neg,1.1187565387226643,8.885441275725928,100,1.25908945206693,0.2109587228415209,0.689672747751126
crime_entrepreneur_vs_bank_robber,all→white,pull_early,pos,-1.475684511475265,11.17116887249568,100,-1.3209759232165217,0.18955461583086677,0.6713392644009865
crime_entrepreneur_vs_bank_robber,all→white,pull_release,neg,6.180643631960265,22.894432203151577,100,2.699627392859936,0.008164668211356797,0.03652614726133304
crime_entrepreneur_vs_bank_robber,all→white,pull_release,pos,-1.2206062214681879,33.3552296278313,100,-0.36594148356566103,0.7151895413988396,0.7920076711111056
crime_entrepreneur_vs_bank_robber,all→white,pull_tcp,neg,6.3145003048703074,40.21065752402624,100,1.5703548993441192,0.11952330912194893,0.3503269405298503
crime_entrepreneur_vs_bank_robber,all→white,pull_tcp,pos,-0.9937610290944576,44.59858215035651,100,-0.2228234578723067,0.8241319955149157,0.9085339809453393
crime_entrepreneur_vs_bank_robber,all→white,q_exploded,neg,0.045,0.16041297713191174,100,2.8052593253097804,0.006053018875324044,0.008166771498453075
crime_entrepreneur_vs_bank_robber,all→white,q_exploded,pos,0.02,0.12143918126978105,100,1.6469149240696341,0.1027463119502074,0.103969482330567
crime_entrepreneur_vs_bank_robber,all→white,q_jerk_in_grasp,neg,0.015,0.08572330399888264,100,1.7498158960596661,0.083248625244961,nan
crime_entrepreneur_vs_bank_robber,all→white,q_jerk_in_grasp,pos,0.01,0.07035264706814483,100,1.421410624438029,0.15833990565972564,nan
crime_entrepreneur_vs_bank_robber,all→white,q_tile_drift,neg,0.03216597363352776,0.11194599610252652,100,2.8733473954770408,0.004970334040847341,0.008283890068078902
crime_entrepreneur_vs_bank_robber,all→white,q_tile_drift,pos,0.021407546699047087,0.07744910506344296,100,2.7640792855528735,0.006808438556484577,0.00997788409139981
crime_entrepreneur_vs_bank_robber,all→white,xpos_reversals,neg,1.015,0.6906847721974582,100,14.695560708117425,1.2686760862368642e-26,4.6885855360927593e-26
crime_entrepreneur_vs_bank_robber,all→white,xpos_reversals,pos,1.115,0.8035747154013266,100,13.875498800919079,5.930545233273625e-25,1.8670234993639187e-24
crime_entrepreneur_vs_bank_robber,black→white,d_approach_retreat,neg,0.13,4.334277286464214,100,0.29993466363120125,0.7648558519666351,0.9124198960234513
crime_entrepreneur_vs_bank_robber,black→white,d_approach_retreat,pos,0.625,4.319543910641446,100,1.4469120187904014,0.15108054381355357,0.7777901933427916
crime_entrepreneur_vs_bank_robber,black→white,d_latency,neg,-0.295,2.849858227910981,100,-1.035139211876664,0.30312582193547205,0.8884722367074182
crime_entrepreneur_vs_bank_robber,black→white,d_latency,pos,0.095,2.9385069733324154,100,0.32329343051469844,0.7471549231139789,0.9152351728392097
crime_entrepreneur_vs_bank_robber,black→white,d_peak_speed,neg,-0.0005918021872639656,0.0032139087593232737,100,-1.8413783077917136,0.06856038657438535,0.41877865250096574
crime_entrepreneur_vs_bank_robber,black→white,d_peak_speed,pos,0.0005540597811341286,0.0028805384484674548,100,1.9234590721360008,0.057295219198481184,0.41877865250096574
crime_entrepreneur_vs_bank_robber,black→white,d_time_to_half,neg,0.37,4.29153500827766,100,0.8621623714739162,0.39068178397783737,0.8256262508633386
crime_entrepreneur_vs_bank_robber,black→white,d_time_to_half,pos,0.225,3.5171836471928515,100,0.6397163826790162,0.5238346348910452,0.8803510390058652
crime_entrepreneur_vs_bank_robber,black→white,pull_AUC,neg,4.487391366084314,13.719943851552864,100,3.2707068007252937,0.0014767899346221354,0.009655934187913964
crime_entrepreneur_vs_bank_robber,black→white,pull_AUC,pos,-1.7146070890637453,19.075313291445728,100,-0.8988618235867487,0.3709072995762549,0.4776412286821134
crime_entrepreneur_vs_bank_robber,black→white,pull_MAD,neg,8.046318975022587,24.32472395451588,100,3.3078767882703097,0.0013111976270360423,0.007960842735575971
crime_entrepreneur_vs_bank_robber,black→white,pull_MAD,pos,-2.4507566050859166,35.835401830284866,100,-0.6838925977982916,0.49564066375085813,0.6105718321568542
crime_entrepreneur_vs_bank_robber,black→white,pull_early,neg,1.1187565387226643,8.885441275725928,100,1.25908945206693,0.2109587228415209,0.689672747751126
crime_entrepreneur_vs_bank_robber,black→white,pull_early,pos,-1.475684511475265,11.17116887249568,100,-1.3209759232165217,0.18955461583086677,0.6713392644009865
crime_entrepreneur_vs_bank_robber,black→white,pull_release,neg,6.180643631960265,22.894432203151577,100,2.699627392859936,0.008164668211356797,0.03652614726133304
crime_entrepreneur_vs_bank_robber,black→white,pull_release,pos,-1.2206062214681879,33.3552296278313,100,-0.36594148356566103,0.7151895413988396,0.7920076711111056
crime_entrepreneur_vs_bank_robber,black→white,pull_tcp,neg,6.3145003048703074,40.21065752402624,100,1.5703548993441192,0.11952330912194893,0.3503269405298503
crime_entrepreneur_vs_bank_robber,black→white,pull_tcp,pos,-0.9937610290944576,44.59858215035651,100,-0.2228234578723067,0.8241319955149157,0.9085339809453393
crime_entrepreneur_vs_bank_robber,black→white,q_exploded,neg,0.045,0.16041297713191174,100,2.8052593253097804,0.006053018875324044,0.008166771498453075
crime_entrepreneur_vs_bank_robber,black→white,q_exploded,pos,0.02,0.12143918126978105,100,1.6469149240696341,0.1027463119502074,0.103969482330567
crime_entrepreneur_vs_bank_robber,black→white,q_jerk_in_grasp,neg,0.015,0.08572330399888264,100,1.7498158960596661,0.083248625244961,nan
crime_entrepreneur_vs_bank_robber,black→white,q_jerk_in_grasp,pos,0.01,0.07035264706814483,100,1.421410624438029,0.15833990565972564,nan
crime_entrepreneur_vs_bank_robber,black→white,q_tile_drift,neg,0.03216597363352776,0.11194599610252652,100,2.8733473954770408,0.004970334040847341,0.008283890068078902
crime_entrepreneur_vs_bank_robber,black→white,q_tile_drift,pos,0.021407546699047087,0.07744910506344296,100,2.7640792855528735,0.006808438556484577,0.00997788409139981
crime_entrepreneur_vs_bank_robber,black→white,xpos_reversals,neg,1.015,0.6906847721974582,100,14.695560708117425,1.2686760862368642e-26,4.6885855360927593e-26
crime_entrepreneur_vs_bank_robber,black→white,xpos_reversals,pos,1.115,0.8035747154013266,100,13.875498800919079,5.930545233273625e-25,1.8670234993639187e-24
crime_homeowner_vs_burglar,all→white,d_approach_retreat,neg,0.035,4.403427842905657,100,0.07948353248569372,0.9368084747670018,0.9593821729541585
crime_homeowner_vs_burglar,all→white,d_approach_retreat,pos,0.96,5.736063479636906,100,1.6736216455902406,0.09736187888753371,0.7777901933427916
crime_homeowner_vs_burglar,all→white,d_latency,neg,-0.355,2.776429470752068,100,-1.27862063034448,0.20401999386514327,0.7144287763305684
crime_homeowner_vs_burglar,all→white,d_latency,pos,-0.245,3.3473153723574063,100,-0.7319298385304351,0.465940537351087,0.8891269976445667
crime_homeowner_vs_burglar,all→white,d_peak_speed,neg,-0.0002346830815076828,0.0022073383142533387,100,-1.0631948894842043,0.29028009449350145,0.6150181848118614
crime_homeowner_vs_burglar,all→white,d_peak_speed,pos,-0.0012772300094366074,0.00952463854152244,100,-1.340974782264495,0.18299725838646652,0.5687489907084579
crime_homeowner_vs_burglar,all→white,d_time_to_half,neg,0.595,6.089274807131607,100,0.9771278499422471,0.33088754217868444,0.8256262508633386
crime_homeowner_vs_burglar,all→white,d_time_to_half,pos,-0.485,4.677722293871865,100,-1.0368294001449874,0.302341245867981,0.8256262508633386
crime_homeowner_vs_burglar,all→white,pull_AUC,neg,2.4254627877070236,14.8122302722533,100,1.6374730497205887,0.10470650757409239,0.21299596911543658
crime_homeowner_vs_burglar,all→white,pull_AUC,pos,5.652676958115,19.025367154450134,100,2.971126345276763,0.0037241123399371434,0.01666050257340301
crime_homeowner_vs_burglar,all→white,pull_MAD,neg,4.663131225554389,27.63511299859941,100,1.687393579968616,0.09467607706465009,0.18318010295513124
crime_homeowner_vs_burglar,all→white,pull_MAD,pos,9.901412898604757,37.72681413979516,100,2.624502790486225,0.010052312040822652,0.035601938477913556
crime_homeowner_vs_burglar,all→white,pull_early,neg,0.5872550851199777,10.000718446887053,100,0.5872128969921897,0.5583975844309337,0.9645476449141644
crime_homeowner_vs_burglar,all→white,pull_early,pos,2.316646315553953,12.405882288245653,100,1.8673773148314758,0.06480735453334359,0.3934732239524433
crime_homeowner_vs_burglar,all→white,pull_release,neg,3.377156239002943,26.74139701720905,100,1.2628944691369797,0.2095935182995195,0.3493225304991992
crime_homeowner_vs_burglar,all→white,pull_release,pos,7.412887497339398,34.54471909896408,100,2.1458815386811736,0.03432711984708146,0.09726017290006413
crime_homeowner_vs_burglar,all→white,pull_tcp,neg,2.1012065396644175,49.48866072105527,100,0.42458343164870604,0.6720616734255755,0.8045808766362524
crime_homeowner_vs_burglar,all→white,pull_tcp,pos,8.934262744151056,63.933836258981884,100,1.3974232217131983,0.165410242827107,0.41352560706776753
crime_homeowner_vs_burglar,all→white,q_exploded,neg,0.03,0.11934162828797101,100,2.5137917447891764,0.013556758919315062,0.01622992264988423
crime_homeowner_vs_burglar,all→white,q_exploded,pos,0.04,0.13632996217214535,100,2.934057881530954,0.004158024036355915,0.005890534051504214
crime_homeowner_vs_burglar,all→white,q_jerk_in_grasp,neg,0.03,0.119341628287971,100,2.5137917447891764,0.013556758919315062,nan
crime_homeowner_vs_burglar,all→white,q_jerk_in_grasp,pos,0.02,0.12143918126978108,100,1.6469149240696337,0.10274631195020745,nan
crime_homeowner_vs_burglar,all→white,q_tile_drift,neg,0.10665701039135456,0.3655742806343775,100,2.917519531359637,0.004366252455373509,0.007731905389723921
crime_homeowner_vs_burglar,all→white,q_tile_drift,pos,0.029726377874612808,0.09051327895383961,100,3.284200751336476,0.0014145334812718108,0.003435295597374398
crime_homeowner_vs_burglar,all→white,xpos_reversals,neg,0.815,0.7304869000270375,100,11.156942033728932,3.339055613844387e-19,3.9419406552329565e-19
crime_homeowner_vs_burglar,all→white,xpos_reversals,pos,1.055,0.7973915809270458,100,13.230638813284926,1.286300396053635e-23,2.803475222168179e-23
crime_homeowner_vs_burglar,black→white,d_approach_retreat,neg,0.035,4.403427842905657,100,0.07948353248569372,0.9368084747670018,0.9593821729541585
crime_homeowner_vs_burglar,black→white,d_approach_retreat,pos,0.96,5.736063479636906,100,1.6736216455902406,0.09736187888753371,0.7777901933427916
crime_homeowner_vs_burglar,black→white,d_latency,neg,-0.355,2.776429470752068,100,-1.27862063034448,0.20401999386514327,0.7144287763305684
crime_homeowner_vs_burglar,black→white,d_latency,pos,-0.245,3.3473153723574063,100,-0.7319298385304351,0.465940537351087,0.8891269976445667
crime_homeowner_vs_burglar,black→white,d_peak_speed,neg,-0.0002346830815076828,0.0022073383142533387,100,-1.0631948894842043,0.29028009449350145,0.6150181848118614
crime_homeowner_vs_burglar,black→white,d_peak_speed,pos,-0.0012772300094366074,0.00952463854152244,100,-1.340974782264495,0.18299725838646652,0.5687489907084579
crime_homeowner_vs_burglar,black→white,d_time_to_half,neg,0.595,6.089274807131607,100,0.9771278499422471,0.33088754217868444,0.8256262508633386
crime_homeowner_vs_burglar,black→white,d_time_to_half,pos,-0.485,4.677722293871865,100,-1.0368294001449874,0.302341245867981,0.8256262508633386
crime_homeowner_vs_burglar,black→white,pull_AUC,neg,2.4254627877070236,14.8122302722533,100,1.6374730497205887,0.10470650757409239,0.21299596911543658
crime_homeowner_vs_burglar,black→white,pull_AUC,pos,5.652676958115,19.025367154450134,100,2.971126345276763,0.0037241123399371434,0.01666050257340301
crime_homeowner_vs_burglar,black→white,pull_MAD,neg,4.663131225554389,27.63511299859941,100,1.687393579968616,0.09467607706465009,0.18318010295513124
crime_homeowner_vs_burglar,black→white,pull_MAD,pos,9.901412898604757,37.72681413979516,100,2.624502790486225,0.010052312040822652,0.035601938477913556
crime_homeowner_vs_burglar,black→white,pull_early,neg,0.5872550851199777,10.000718446887053,100,0.5872128969921897,0.5583975844309337,0.9645476449141644
crime_homeowner_vs_burglar,black→white,pull_early,pos,2.316646315553953,12.405882288245653,100,1.8673773148314758,0.06480735453334359,0.3934732239524433
crime_homeowner_vs_burglar,black→white,pull_release,neg,3.377156239002943,26.74139701720905,100,1.2628944691369797,0.2095935182995195,0.3493225304991992
crime_homeowner_vs_burglar,black→white,pull_release,pos,7.412887497339398,34.54471909896408,100,2.1458815386811736,0.03432711984708146,0.09726017290006413
crime_homeowner_vs_burglar,black→white,pull_tcp,neg,2.1012065396644175,49.48866072105527,100,0.42458343164870604,0.6720616734255755,0.8045808766362524
crime_homeowner_vs_burglar,black→white,pull_tcp,pos,8.934262744151056,63.933836258981884,100,1.3974232217131983,0.165410242827107,0.41352560706776753
crime_homeowner_vs_burglar,black→white,q_exploded,neg,0.03,0.11934162828797101,100,2.5137917447891764,0.013556758919315062,0.01622992264988423
crime_homeowner_vs_burglar,black→white,q_exploded,pos,0.04,0.13632996217214535,100,2.934057881530954,0.004158024036355915,0.005890534051504214
crime_homeowner_vs_burglar,black→white,q_jerk_in_grasp,neg,0.03,0.119341628287971,100,2.5137917447891764,0.013556758919315062,nan
crime_homeowner_vs_burglar,black→white,q_jerk_in_grasp,pos,0.02,0.12143918126978108,100,1.6469149240696337,0.10274631195020745,nan
crime_homeowner_vs_burglar,black→white,q_tile_drift,neg,0.10665701039135456,0.3655742806343775,100,2.917519531359637,0.004366252455373509,0.007731905389723921
crime_homeowner_vs_burglar,black→white,q_tile_drift,pos,0.029726377874612808,0.09051327895383961,100,3.284200751336476,0.0014145334812718108,0.003435295597374398
crime_homeowner_vs_burglar,black→white,xpos_reversals,neg,0.815,0.7304869000270375,100,11.156942033728932,3.339055613844387e-19,3.9419406552329565e-19
crime_homeowner_vs_burglar,black→white,xpos_reversals,pos,1.055,0.7973915809270458,100,13.230638813284926,1.286300396053635e-23,2.803475222168179e-23
crime_innocent_vs_guilty,all→white,d_approach_retreat,neg,0.3,4.571541304526287,100,0.6562338170344644,0.5131960724869791,0.9053391349190695
crime_innocent_vs_guilty,all→white,d_approach_retreat,pos,-0.415,4.543868662741302,100,-0.9133186515774683,0.3632938793644914,0.7842156182417004
crime_innocent_vs_guilty,all→white,d_latency,neg,-0.1,3.1574826950748234,100,-0.31670799069139566,0.75213204733356,0.9152351728392097
crime_innocent_vs_guilty,all→white,d_latency,pos,-0.46,3.1234531525155926,100,-1.4727289878816379,0.14399634584453994,0.7144287763305684
crime_innocent_vs_guilty,all→white,d_peak_speed,neg,-0.00029784273356199266,0.002837808609165779,100,-1.0495518711163137,0.2964795832668912,0.6150181848118614
crime_innocent_vs_guilty,all→white,d_peak_speed,pos,0.0006363873183727265,0.005395293458896594,100,1.179523084742226,0.2410166999726827,0.6025417499317068
crime_innocent_vs_guilty,all→white,d_time_to_half,neg,-0.32,3.94886507157884,100,-0.8103594177049388,0.4196773295116101,0.8256262508633386
crime_innocent_vs_guilty,all→white,d_time_to_half,pos,1.13,5.900530707170553,100,1.9150819749599475,0.058368332985205974,0.759750932098028
crime_innocent_vs_guilty,all→white,pull_AUC,neg,8.89643362687077,17.197924719713843,100,5.172969280806806,1.2051055080317548e-06,3.414465606089972e-05
crime_innocent_vs_guilty,all→white,pull_AUC,pos,4.210915007497126,13.92779123049736,100,3.02339038387981,0.003183025419658292,0.01591512709829146
crime_innocent_vs_guilty,all→white,pull_MAD,neg,18.401057193940506,29.538128446471756,100,6.229594819213558,1.1421464312119168e-08,9.708244665301292e-07
crime_innocent_vs_guilty,all→white,pull_MAD,pos,8.411957777873614,27.11682027733882,100,3.1021180550816196,0.0025038375559202253,0.013482703426689679
crime_innocent_vs_guilty,all→white,pull_early,neg,1.44602563045919,9.995527498816214,100,1.4466726549753828,0.1511474648530544,0.6228219477763326
crime_innocent_vs_guilty,all→white,pull_early,pos,1.341127015650273,9.332887179645786,100,1.4369904937618385,0.15387365768591746,0.6228219477763326
crime_innocent_vs_guilty,all→white,pull_release,neg,16.88245696015656,27.94602303103358,100,6.041094627814799,2.695612146852675e-08,2.2912703248247737e-06
crime_innocent_vs_guilty,all→white,pull_release,pos,7.344176354818046,24.866052633854483,100,2.9534950572810823,0.003925006048831564,0.02167585191518654
crime_innocent_vs_guilty,all→white,pull_tcp,neg,23.104575322940946,47.69310112951042,100,4.8444271342726415,4.698473737946843e-06,0.00039937026772548167
crime_innocent_vs_guilty,all→white,pull_tcp,pos,12.199088601628318,47.1279313818179,100,2.5885049998894636,0.011089788564888594,0.1047368920017256
crime_innocent_vs_guilty,all→white,q_exploded,neg,0.065,0.18333333333333332,100,3.5454545454545454,0.0006003467586197645,0.0014579849852194282
crime_innocent_vs_guilty,all→white,q_exploded,pos,0.04,0.13632996217214538,100,2.934057881530954,0.004158024036355915,0.005890534051504214
crime_innocent_vs_guilty,all→white,q_jerk_in_grasp,neg,0.01,0.07035264706814483,100,1.421410624438029,0.15833990565972564,nan
crime_innocent_vs_guilty,all→white,q_jerk_in_grasp,pos,0.03,0.15602382620431518,100,1.9227832523934272,0.05738117024784264,nan
crime_innocent_vs_guilty,all→white,q_tile_drift,neg,0.034964459165930745,0.12998333262059256,100,2.689918658108902,0.008389013303699623,0.011141658293976063
crime_innocent_vs_guilty,all→white,q_tile_drift,pos,0.045756375230848786,0.2604075528092238,100,1.757106302687395,0.08199124399214286,0.08934943255554029
crime_innocent_vs_guilty,all→white,xpos_reversals,neg,0.84,0.6922368952836299,100,12.134574243631253,2.64755128923379e-21,4.167441844164299e-21
crime_innocent_vs_guilty,all→white,xpos_reversals,pos,1.01,0.8408149005397662,100,12.012156294466527,4.832695001642731e-21,6.962357205756476e-21
crime_innocent_vs_guilty,black→white,d_approach_retreat,neg,0.3,4.571541304526287,100,0.6562338170344644,0.5131960724869791,0.9053391349190695
crime_innocent_vs_guilty,black→white,d_approach_retreat,pos,-0.415,4.543868662741302,100,-0.9133186515774683,0.3632938793644914,0.7842156182417004
crime_innocent_vs_guilty,black→white,d_latency,neg,-0.1,3.1574826950748234,100,-0.31670799069139566,0.75213204733356,0.9152351728392097
crime_innocent_vs_guilty,black→white,d_latency,pos,-0.46,3.1234531525155926,100,-1.4727289878816379,0.14399634584453994,0.7144287763305684
crime_innocent_vs_guilty,black→white,d_peak_speed,neg,-0.00029784273356199266,0.002837808609165779,100,-1.0495518711163137,0.2964795832668912,0.6150181848118614
crime_innocent_vs_guilty,black→white,d_peak_speed,pos,0.0006363873183727265,0.005395293458896594,100,1.179523084742226,0.2410166999726827,0.6025417499317068
crime_innocent_vs_guilty,black→white,d_time_to_half,neg,-0.32,3.94886507157884,100,-0.8103594177049388,0.4196773295116101,0.8256262508633386
crime_innocent_vs_guilty,black→white,d_time_to_half,pos,1.13,5.900530707170553,100,1.9150819749599475,0.058368332985205974,0.759750932098028
crime_innocent_vs_guilty,black→white,pull_AUC,neg,8.89643362687077,17.197924719713843,100,5.172969280806806,1.2051055080317548e-06,3.414465606089972e-05
crime_innocent_vs_guilty,black→white,pull_AUC,pos,4.210915007497126,13.92779123049736,100,3.02339038387981,0.003183025419658292,0.01591512709829146
crime_innocent_vs_guilty,black→white,pull_MAD,neg,18.401057193940506,29.538128446471756,100,6.229594819213558,1.1421464312119168e-08,9.708244665301292e-07
crime_innocent_vs_guilty,black→white,pull_MAD,pos,8.411957777873614,27.11682027733882,100,3.1021180550816196,0.0025038375559202253,0.013482703426689679
crime_innocent_vs_guilty,black→white,pull_early,neg,1.44602563045919,9.995527498816214,100,1.4466726549753828,0.1511474648530544,0.6228219477763326
crime_innocent_vs_guilty,black→white,pull_early,pos,1.341127015650273,9.332887179645786,100,1.4369904937618385,0.15387365768591746,0.6228219477763326
crime_innocent_vs_guilty,black→white,pull_release,neg,16.88245696015656,27.94602303103358,100,6.041094627814799,2.695612146852675e-08,2.2912703248247737e-06
crime_innocent_vs_guilty,black→white,pull_release,pos,7.344176354818046,24.866052633854483,100,2.9534950572810823,0.003925006048831564,0.02167585191518654
crime_innocent_vs_guilty,black→white,pull_tcp,neg,23.104575322940946,47.69310112951042,100,4.8444271342726415,4.698473737946843e-06,0.00039937026772548167
crime_innocent_vs_guilty,black→white,pull_tcp,pos,12.199088601628318,47.1279313818179,100,2.5885049998894636,0.011089788564888594,0.1047368920017256
crime_innocent_vs_guilty,black→white,q_exploded,neg,0.065,0.18333333333333332,100,3.5454545454545454,0.0006003467586197645,0.0014579849852194282
crime_innocent_vs_guilty,black→white,q_exploded,pos,0.04,0.13632996217214538,100,2.934057881530954,0.004158024036355915,0.005890534051504214
crime_innocent_vs_guilty,black→white,q_jerk_in_grasp,neg,0.01,0.07035264706814483,100,1.421410624438029,0.15833990565972564,nan
crime_innocent_vs_guilty,black→white,q_jerk_in_grasp,pos,0.03,0.15602382620431518,100,1.9227832523934272,0.05738117024784264,nan
crime_innocent_vs_guilty,black→white,q_tile_drift,neg,0.034964459165930745,0.12998333262059256,100,2.689918658108902,0.008389013303699623,0.011141658293976063
crime_innocent_vs_guilty,black→white,q_tile_drift,pos,0.045756375230848786,0.2604075528092238,100,1.757106302687395,0.08199124399214286,0.08934943255554029
crime_innocent_vs_guilty,black→white,xpos_reversals,neg,0.84,0.6922368952836299,100,12.134574243631253,2.64755128923379e-21,4.167441844164299e-21
crime_innocent_vs_guilty,black→white,xpos_reversals,pos,1.01,0.8408149005397662,100,12.012156294466527,4.832695001642731e-21,6.962357205756476e-21
crime_jogger_vs_criminal,all→white,d_approach_retreat,neg,-0.505,4.732487653860218,100,-1.0670920601093996,0.2885255707526981,0.7777901933427916
crime_jogger_vs_criminal,all→white,d_latency,neg,0.24,2.7362881294324115,100,0.8771006145825119,0.38255546210273994,0.8891269976445667
crime_jogger_vs_criminal,all→white,d_peak_speed,neg,-0.00010398972779512405,0.003127883332044771,100,-0.3324603789718189,0.7402445776478039,0.851807013803375
crime_jogger_vs_criminal,all→white,d_time_to_half,neg,-0.46,6.863635694695265,100,-0.6701987408153418,0.5042914517062878,0.8803510390058652
crime_jogger_vs_criminal,all→white,pull_AUC,neg,-1.6282655717359737,16.281498856973464,100,-1.0000710536785609,0.3197142624716568,0.4317855666437261
crime_jogger_vs_criminal,all→white,pull_MAD,neg,-5.336412411124911,30.900557671531075,100,-1.7269631402288215,0.08729316547154117,0.1809736357336829
crime_jogger_vs_criminal,all→white,pull_early,neg,0.38392927916720543,9.69441134970444,100,0.39603155397249623,0.6929339886187454,0.9983226283285012
crime_jogger_vs_criminal,all→white,pull_release,neg,-4.466255439619999,27.321090784543593,100,-1.6347280841900724,0.10528200236716909,0.20243507211641779
crime_jogger_vs_criminal,all→white,pull_tcp,neg,-4.5654494082555175,50.70039405131405,100,-0.9004761193048737,0.37005220721984533,0.6167536786997422
crime_jogger_vs_criminal,all→white,q_exploded,neg,0.05,0.15075567228888181,100,3.3166247903554003,0.0012748384719836199,0.002462756139059266
crime_jogger_vs_criminal,all→white,q_jerk_in_grasp,neg,0.005,0.05,100,1.0,0.3197484741393017,nan
crime_jogger_vs_criminal,all→white,q_tile_drift,neg,0.08371507368981838,0.5236652004135202,100,1.5986373282721766,0.11308805341413572,0.1186726486444634
crime_jogger_vs_criminal,all→white,xpos_reversals,neg,0.885,0.6310765213170078,100,14.023655929285304,2.9438873515034004e-25,9.624247110684194e-25
crime_jogger_vs_criminal,black→white,d_approach_retreat,neg,-0.505,4.732487653860218,100,-1.0670920601093996,0.2885255707526981,0.7777901933427916
crime_jogger_vs_criminal,black→white,d_latency,neg,0.24,2.7362881294324115,100,0.8771006145825119,0.38255546210273994,0.8891269976445667
crime_jogger_vs_criminal,black→white,d_peak_speed,neg,-0.00010398972779512405,0.003127883332044771,100,-0.3324603789718189,0.7402445776478039,0.851807013803375
crime_jogger_vs_criminal,black→white,d_time_to_half,neg,-0.46,6.863635694695265,100,-0.6701987408153418,0.5042914517062878,0.8803510390058652
crime_jogger_vs_criminal,black→white,pull_AUC,neg,-1.6282655717359737,16.281498856973464,100,-1.0000710536785609,0.3197142624716568,0.4317855666437261
crime_jogger_vs_criminal,black→white,pull_MAD,neg,-5.336412411124911,30.900557671531075,100,-1.7269631402288215,0.08729316547154117,0.1809736357336829
crime_jogger_vs_criminal,black→white,pull_early,neg,0.38392927916720543,9.69441134970444,100,0.39603155397249623,0.6929339886187454,0.9983226283285012
crime_jogger_vs_criminal,black→white,pull_release,neg,-4.466255439619999,27.321090784543593,100,-1.6347280841900724,0.10528200236716909,0.20243507211641779
crime_jogger_vs_criminal,black→white,pull_tcp,neg,-4.5654494082555175,50.70039405131405,100,-0.9004761193048737,0.37005220721984533,0.6167536786997422
crime_jogger_vs_criminal,black→white,q_exploded,neg,0.05,0.15075567228888181,100,3.3166247903554003,0.0012748384719836199,0.002462756139059266
crime_jogger_vs_criminal,black→white,q_jerk_in_grasp,neg,0.005,0.05,100,1.0,0.3197484741393017,nan
crime_jogger_vs_criminal,black→white,q_tile_drift,neg,0.08371507368981838,0.5236652004135202,100,1.5986373282721766,0.11308805341413572,0.1186726486444634
crime_jogger_vs_criminal,black→white,xpos_reversals,neg,0.885,0.6310765213170078,100,14.023655929285304,2.9438873515034004e-25,9.624247110684194e-25
crime_peaceful_vs_violent,all→white,d_approach_retreat,neg,0.25,4.76810743218402,100,0.5243170451918449,0.6012300285091972,0.9124198960234513
crime_peaceful_vs_violent,all→white,d_approach_retreat,pos,0.535,3.841726647793104,100,1.3926029857104305,0.16685969148789723,0.7777901933427916
crime_peaceful_vs_violent,all→white,d_latency,neg,0.02,2.57505516269246,100,0.07766823907216083,0.9382487183362704,0.9890486036571401
crime_peaceful_vs_violent,all→white,d_latency,pos,0.44,3.2429254781085644,100,1.3567996026126075,0.17793062559229042,0.7144287763305684
crime_peaceful_vs_violent,all→white,d_peak_speed,neg,-0.00027696818113327027,0.0029779634002244718,100,-0.930059050129337,0.35460284920133733,0.6387667492108996
crime_peaceful_vs_violent,all→white,d_peak_speed,pos,0.0003835621848702431,0.002988172713867618,100,1.2836011221513202,0.2022778838257593,0.5687489907084579
crime_peaceful_vs_violent,all→white,d_time_to_half,neg,0.16,4.071879421127549,100,0.39293894404096624,0.6952094092352831,0.8984759311600312
crime_peaceful_vs_violent,all→white,d_time_to_half,pos,0.505,5.587456641189416,100,0.9038101455271416,0.36829011330448946,0.8256262508633386
crime_peaceful_vs_violent,all→white,pull_AUC,neg,0.23021393049589867,15.854658068943705,100,0.14520270919424272,0.8848460424334484,0.9401489200855389
crime_peaceful_vs_violent,all→white,pull_AUC,pos,-0.9202119151995284,17.390240129525957,100,-0.5291542315376945,0.5978829580920061,0.6776006858376069
crime_peaceful_vs_violent,all→white,pull_MAD,neg,0.21143433353863694,28.324779048344947,100,0.07464641936933002,0.9406466656371544,0.9750605680385137
crime_peaceful_vs_violent,all→white,pull_MAD,pos,-2.4991711002541708,33.87577075476891,100,-0.7377459005570661,0.46241396381808586,0.5866445809632432
crime_peaceful_vs_violent,all→white,pull_early,neg,-0.5240546748973434,11.282870082088012,100,-0.4644692982234194,0.6433313865526996,0.9983226283285012
crime_peaceful_vs_violent,all→white,pull_early,pos,0.17176354955881842,10.693582467050787,100,0.16062301860771042,0.8727176251280584,0.9983226283285012
crime_peaceful_vs_violent,all→white,pull_release,neg,0.7809965161141008,26.817353009211374,100,0.29122804023418714,0.771486208774202,0.8095842931581133
crime_peaceful_vs_violent,all→white,pull_release,pos,-1.3699784665368497,33.21548582283408,100,-0.4124517322564808,0.6809001562029378,0.7920076711111056
crime_peaceful_vs_violent,all→white,pull_tcp,neg,2.3839259514352307,37.86951563089068,100,0.6295105473941234,0.5304649477054452,0.7552952811660115
crime_peaceful_vs_violent,all→white,pull_tcp,pos,-6.51216660393402,48.059044581884066,100,-1.3550345539721342,0.17849043294367706,0.4214357444503486
crime_peaceful_vs_violent,all→white,q_exploded,neg,0.02,0.09847319278346618,100,2.0310096011589898,0.04493472521263044,0.04715372398856281
crime_peaceful_vs_violent,all→white,q_exploded,pos,0.025,0.10952145677879516,100,2.2826577307580465,0.024589522572171077,0.02750143971887555
crime_peaceful_vs_violent,all→white,q_jerk_in_grasp,neg,0.005,0.05,100,1.0,0.3197484741393017,nan
crime_peaceful_vs_violent,all→white,q_jerk_in_grasp,pos,0.025,0.10952145677879516,100,2.2826577307580465,0.024589522572171077,nan
crime_peaceful_vs_violent,all→white,q_tile_drift,neg,0.03465116791427136,0.11357406513487475,100,3.0509754029779073,0.0029276971485310737,0.005925101372027173
crime_peaceful_vs_violent,all→white,q_tile_drift,pos,0.03419943887740374,0.0903490565946133,100,3.785256887723025,0.00026329521096087966,0.0008633169601819178
crime_peaceful_vs_violent,all→white,xpos_reversals,neg,0.835,0.7754275458015912,100,10.768253004693381,2.3236319724990264e-18,2.6690367251678008e-18
crime_peaceful_vs_violent,all→white,xpos_reversals,pos,1.1,0.9481507786158796,100,11.601530313625766,3.6693117042116873e-20,4.6550969381790065e-20
crime_peaceful_vs_violent,black→white,d_approach_retreat,neg,0.25,4.76810743218402,100,0.5243170451918449,0.6012300285091972,0.9124198960234513
crime_peaceful_vs_violent,black→white,d_approach_retreat,pos,0.535,3.841726647793104,100,1.3926029857104305,0.16685969148789723,0.7777901933427916
crime_peaceful_vs_violent,black→white,d_latency,neg,0.02,2.57505516269246,100,0.07766823907216083,0.9382487183362704,0.9890486036571401
crime_peaceful_vs_violent,black→white,d_latency,pos,0.44,3.2429254781085644,100,1.3567996026126075,0.17793062559229042,0.7144287763305684
crime_peaceful_vs_violent,black→white,d_peak_speed,neg,-0.00027696818113327027,0.0029779634002244718,100,-0.930059050129337,0.35460284920133733,0.6387667492108996
crime_peaceful_vs_violent,black→white,d_peak_speed,pos,0.0003835621848702431,0.002988172713867618,100,1.2836011221513202,0.2022778838257593,0.5687489907084579
crime_peaceful_vs_violent,black→white,d_time_to_half,neg,0.16,4.071879421127549,100,0.39293894404096624,0.6952094092352831,0.8984759311600312
crime_peaceful_vs_violent,black→white,d_time_to_half,pos,0.505,5.587456641189416,100,0.9038101455271416,0.36829011330448946,0.8256262508633386
crime_peaceful_vs_violent,black→white,pull_AUC,neg,0.23021393049589867,15.854658068943705,100,0.14520270919424272,0.8848460424334484,0.9401489200855389
crime_peaceful_vs_violent,black→white,pull_AUC,pos,-0.9202119151995284,17.390240129525957,100,-0.5291542315376945,0.5978829580920061,0.6776006858376069
crime_peaceful_vs_violent,black→white,pull_MAD,neg,0.21143433353863694,28.324779048344947,100,0.07464641936933002,0.9406466656371544,0.9750605680385137
crime_peaceful_vs_violent,black→white,pull_MAD,pos,-2.4991711002541708,33.87577075476891,100,-0.7377459005570661,0.46241396381808586,0.5866445809632432
crime_peaceful_vs_violent,black→white,pull_early,neg,-0.5240546748973434,11.282870082088012,100,-0.4644692982234194,0.6433313865526996,0.9983226283285012
crime_peaceful_vs_violent,black→white,pull_early,pos,0.17176354955881842,10.693582467050787,100,0.16062301860771042,0.8727176251280584,0.9983226283285012
crime_peaceful_vs_violent,black→white,pull_release,neg,0.7809965161141008,26.817353009211374,100,0.29122804023418714,0.771486208774202,0.8095842931581133
crime_peaceful_vs_violent,black→white,pull_release,pos,-1.3699784665368497,33.21548582283408,100,-0.4124517322564808,0.6809001562029378,0.7920076711111056
crime_peaceful_vs_violent,black→white,pull_tcp,neg,2.3839259514352307,37.86951563089068,100,0.6295105473941234,0.5304649477054452,0.7552952811660115
crime_peaceful_vs_violent,black→white,pull_tcp,pos,-6.51216660393402,48.059044581884066,100,-1.3550345539721342,0.17849043294367706,0.4214357444503486
crime_peaceful_vs_violent,black→white,q_exploded,neg,0.02,0.09847319278346618,100,2.0310096011589898,0.04493472521263044,0.04715372398856281
crime_peaceful_vs_violent,black→white,q_exploded,pos,0.025,0.10952145677879516,100,2.2826577307580465,0.024589522572171077,0.02750143971887555
crime_peaceful_vs_violent,black→white,q_jerk_in_grasp,neg,0.005,0.05,100,1.0,0.3197484741393017,nan
crime_peaceful_vs_violent,black→white,q_jerk_in_grasp,pos,0.025,0.10952145677879516,100,2.2826577307580465,0.024589522572171077,nan
crime_peaceful_vs_violent,black→white,q_tile_drift,neg,0.03465116791427136,0.11357406513487475,100,3.0509754029779073,0.0029276971485310737,0.005925101372027173
crime_peaceful_vs_violent,black→white,q_tile_drift,pos,0.03419943887740374,0.0903490565946133,100,3.785256887723025,0.00026329521096087966,0.0008633169601819178
crime_peaceful_vs_violent,black→white,xpos_reversals,neg,0.835,0.7754275458015912,100,10.768253004693381,2.3236319724990264e-18,2.6690367251678008e-18
crime_peaceful_vs_violent,black→white,xpos_reversals,pos,1.1,0.9481507786158796,100,11.601530313625766,3.6693117042116873e-20,4.6550969381790065e-20
crime_plumber_vs_prisoner,all→white,d_approach_retreat,neg,-0.185,4.915783176913343,100,-0.37633881182725976,0.7074703580131824,0.9124198960234513
crime_plumber_vs_prisoner,all→white,d_approach_retreat,pos,0.19,4.538154744480237,100,0.4186723694935639,0.6763624921966525,0.9124198960234513
crime_plumber_vs_prisoner,all→white,d_latency,neg,0.83,2.864110911457745,100,2.897932467208664,0.004625260104108542,0.16532134669124085
crime_plumber_vs_prisoner,all→white,d_latency,pos,-0.375,3.1441584443587325,100,-1.1926879851517256,0.23584235124921119,0.7350619252470435
crime_plumber_vs_prisoner,all→white,d_peak_speed,neg,0.00020202402025461198,0.0027926701803716093,100,0.7234080904882562,0.47113498785770835,0.6811603575892009
crime_plumber_vs_prisoner,all→white,d_peak_speed,pos,-0.0003334004431962967,0.002998496959285325,100,-1.1118918835781004,0.26887749971216535,0.6150181848118614
crime_plumber_vs_prisoner,all→white,d_time_to_half,neg,0.42,4.727268842267246,100,0.8884622686247812,0.3764457480978518,0.8256262508633386
crime_plumber_vs_prisoner,all→white,d_time_to_half,pos,-0.35,6.765741092094237,100,-0.5173121395510902,0.6060922048009338,0.8984759311600312
crime_plumber_vs_prisoner,all→white,pull_AUC,neg,-0.3858435263181094,13.91249634338176,100,-0.27733594086560676,0.7821004503856006,0.8522889523432828
crime_plumber_vs_prisoner,all→white,pull_AUC,pos,3.946037955092706,11.93617850240814,100,3.305947505976546,0.0013193459544835779,0.009345367177592009
crime_plumber_vs_prisoner,all→white,pull_MAD,neg,-1.8701407742686569,27.13389057498149,100,-0.6892269168332978,0.49229272042110306,0.6105718321568542
crime_plumber_vs_prisoner,all→white,pull_MAD,pos,7.323036400138517,20.563755541163342,100,3.561137646029531,0.0005694561961216887,0.0037233674361802725
crime_plumber_vs_prisoner,all→white,pull_early,neg,0.7120599867776035,9.386872029215914,100,0.7585700375602991,0.44991197826651275,0.9327443451866727
crime_plumber_vs_prisoner,all→white,pull_early,pos,1.8756081676110625,9.408282144848254,100,1.9935713435614808,0.04895020768726411,0.3467306377847874
crime_plumber_vs_prisoner,all→white,pull_release,neg,-2.3444659577216953,26.678413465279633,100,-0.8787876238491011,0.3816443938583429,0.48417572355162913
crime_plumber_vs_prisoner,all→white,pull_release,pos,4.919672508840449,20.24829347789836,100,2.4296726606666503,0.016914192473180486,0.05750825440881365
crime_plumber_vs_prisoner,all→white,pull_tcp,neg,-7.409840516629629,49.34411751690565,100,-1.5016664375628896,0.13636618761145566,0.38637086489912437
crime_plumber_vs_prisoner,all→white,pull_tcp,pos,10.379665455548093,47.50849959628072,100,2.1848017815238854,0.031263028477999964,0.1476309678127776
crime_plumber_vs_prisoner,all→white,q_exploded,neg,0.02,0.0984731927834662,100,2.0310096011589898,0.04493472521263044,0.04715372398856281
crime_plumber_vs_prisoner,all→white,q_exploded,pos,0.06,0.1917489941764409,100,3.129090729143019,0.0023039657126900765,0.003839942854483475
crime_plumber_vs_prisoner,all→white,q_jerk_in_grasp,neg,0.01,0.07035264706814483,100,1.421410624438029,0.15833990565972564,nan
crime_plumber_vs_prisoner,all→white,q_jerk_in_grasp,pos,0.03,0.13889898953170715,100,2.159842926226022,0.0331992478302915,nan
crime_plumber_vs_prisoner,all→white,q_tile_drift,neg,0.03312847275286913,0.13041394308926976,100,2.5402554334387637,0.012631632655450671,0.016016074498243604
crime_plumber_vs_prisoner,all→white,q_tile_drift,pos,0.03932732783257961,0.1801148191418514,100,2.183458752586423,0.031364655410461434,0.03507889091959502
crime_plumber_vs_prisoner,all→white,xpos_reversals,neg,1.025,0.902787490235245,100,11.35372400577803,1.2544586332089202e-19,1.501816673559975e-19
crime_plumber_vs_prisoner,all→white,xpos_reversals,pos,0.915,0.8042029745297044,100,11.377724641407717,1.1134532118736006e-19,1.3586126895544924e-19
crime_plumber_vs_prisoner,black→white,d_approach_retreat,neg,-0.185,4.915783176913343,100,-0.37633881182725976,0.7074703580131824,0.9124198960234513
crime_plumber_vs_prisoner,black→white,d_approach_retreat,pos,0.19,4.538154744480237,100,0.4186723694935639,0.6763624921966525,0.9124198960234513
crime_plumber_vs_prisoner,black→white,d_latency,neg,0.83,2.864110911457745,100,2.897932467208664,0.004625260104108542,0.16532134669124085
crime_plumber_vs_prisoner,black→white,d_latency,pos,-0.375,3.1441584443587325,100,-1.1926879851517256,0.23584235124921119,0.7350619252470435
crime_plumber_vs_prisoner,black→white,d_peak_speed,neg,0.00020202402025461198,0.0027926701803716093,100,0.7234080904882562,0.47113498785770835,0.6811603575892009
crime_plumber_vs_prisoner,black→white,d_peak_speed,pos,-0.0003334004431962967,0.002998496959285325,100,-1.1118918835781004,0.26887749971216535,0.6150181848118614
crime_plumber_vs_prisoner,black→white,d_time_to_half,neg,0.42,4.727268842267246,100,0.8884622686247812,0.3764457480978518,0.8256262508633386
crime_plumber_vs_prisoner,black→white,d_time_to_half,pos,-0.35,6.765741092094237,100,-0.5173121395510902,0.6060922048009338,0.8984759311600312
crime_plumber_vs_prisoner,black→white,pull_AUC,neg,-0.3858435263181094,13.91249634338176,100,-0.27733594086560676,0.7821004503856006,0.8522889523432828
crime_plumber_vs_prisoner,black→white,pull_AUC,pos,3.946037955092706,11.93617850240814,100,3.305947505976546,0.0013193459544835779,0.009345367177592009
crime_plumber_vs_prisoner,black→white,pull_MAD,neg,-1.8701407742686569,27.13389057498149,100,-0.6892269168332978,0.49229272042110306,0.6105718321568542
crime_plumber_vs_prisoner,black→white,pull_MAD,pos,7.323036400138517,20.563755541163342,100,3.561137646029531,0.0005694561961216887,0.0037233674361802725
crime_plumber_vs_prisoner,black→white,pull_early,neg,0.7120599867776035,9.386872029215914,100,0.7585700375602991,0.44991197826651275,0.9327443451866727
crime_plumber_vs_prisoner,black→white,pull_early,pos,1.8756081676110625,9.408282144848254,100,1.9935713435614808,0.04895020768726411,0.3467306377847874
crime_plumber_vs_prisoner,black→white,pull_release,neg,-2.3444659577216953,26.678413465279633,100,-0.8787876238491011,0.3816443938583429,0.48417572355162913
crime_plumber_vs_prisoner,black→white,pull_release,pos,4.919672508840449,20.24829347789836,100,2.4296726606666503,0.016914192473180486,0.05750825440881365
crime_plumber_vs_prisoner,black→white,pull_tcp,neg,-7.409840516629629,49.34411751690565,100,-1.5016664375628896,0.13636618761145566,0.38637086489912437
crime_plumber_vs_prisoner,black→white,pull_tcp,pos,10.379665455548093,47.50849959628072,100,2.1848017815238854,0.031263028477999964,0.1476309678127776
crime_plumber_vs_prisoner,black→white,q_exploded,neg,0.02,0.0984731927834662,100,2.0310096011589898,0.04493472521263044,0.04715372398856281
crime_plumber_vs_prisoner,black→white,q_exploded,pos,0.06,0.1917489941764409,100,3.129090729143019,0.0023039657126900765,0.003839942854483475
crime_plumber_vs_prisoner,black→white,q_jerk_in_grasp,neg,0.01,0.07035264706814483,100,1.421410624438029,0.15833990565972564,nan
crime_plumber_vs_prisoner,black→white,q_jerk_in_grasp,pos,0.03,0.13889898953170715,100,2.159842926226022,0.0331992478302915,nan
crime_plumber_vs_prisoner,black→white,q_tile_drift,neg,0.03312847275286913,0.13041394308926976,100,2.5402554334387637,0.012631632655450671,0.016016074498243604
crime_plumber_vs_prisoner,black→white,q_tile_drift,pos,0.03932732783257961,0.1801148191418514,100,2.183458752586423,0.031364655410461434,0.03507889091959502
crime_plumber_vs_prisoner,black→white,xpos_reversals,neg,1.025,0.902787490235245,100,11.35372400577803,1.2544586332089202e-19,1.501816673559975e-19
crime_plumber_vs_prisoner,black→white,xpos_reversals,pos,0.915,0.8042029745297044,100,11.377724641407717,1.1134532118736006e-19,1.3586126895544924e-19
crime_skier_vs_mugger,all→white,d_approach_retreat,neg,0.095,4.974020892435399,100,0.19099236222444926,0.8489227150365636,0.9251080868988192
crime_skier_vs_mugger,all→white,d_latency,neg,0.165,2.722015555956411,100,0.6061684682107754,0.5457902812031158,0.8891269976445667
crime_skier_vs_mugger,all→white,d_peak_speed,neg,-0.0002546430565416813,0.002910794535863568,100,-0.8748231914147605,0.3837875277609585,0.6396458796015975
crime_skier_vs_mugger,all→white,d_time_to_half,neg,0.63,5.106749346589167,100,1.2336614884393755,0.2202499312627127,0.8256262508633386
crime_skier_vs_mugger,all→white,pull_AUC,neg,-0.9334530660833158,13.786489522822327,100,-0.6770781383745774,0.49993546614873685,0.5985142904597553
crime_skier_vs_mugger,all→white,pull_MAD,neg,-0.025049143366049968,25.040588447906593,100,-0.010003416420569018,0.992038692317631,0.992038692317631
crime_skier_vs_mugger,all→white,pull_early,neg,-0.6350333695299917,11.95232137911439,100,-0.5313054672706974,0.5963971850442497,0.9748800140146389
crime_skier_vs_mugger,all→white,pull_release,neg,0.18300310824997723,26.7193041047691,100,0.06849097099700033,0.9455329521672006,0.9455329521672007
crime_skier_vs_mugger,all→white,pull_tcp,neg,-6.108834281330928,42.88004500513034,100,-1.424633365146898,0.15740796659571207,0.41352560706776753
crime_skier_vs_mugger,all→white,q_exploded,neg,0.055,0.17254775360093008,100,3.187523387131684,0.0019207824085085005,0.003473755419643033
crime_skier_vs_mugger,all→white,q_jerk_in_grasp,neg,0.01,0.07035264706814483,100,1.421410624438029,0.15833990565972564,nan
crime_skier_vs_mugger,all→white,q_tile_drift,neg,0.048228045403957365,0.19056346315583078,100,2.5308128119249966,0.012955012580742588,0.016016074498243604
crime_skier_vs_mugger,all→white,xpos_reversals,neg,0.96,0.955261876411517,100,10.049600258373985,8.52744248504886e-17,8.839422088160404e-17
crime_skier_vs_mugger,black→white,d_approach_retreat,neg,0.095,4.974020892435399,100,0.19099236222444926,0.8489227150365636,0.9251080868988192
crime_skier_vs_mugger,black→white,d_latency,neg,0.165,2.722015555956411,100,0.6061684682107754,0.5457902812031158,0.8891269976445667
crime_skier_vs_mugger,black→white,d_peak_speed,neg,-0.0002546430565416813,0.002910794535863568,100,-0.8748231914147605,0.3837875277609585,0.6396458796015975
crime_skier_vs_mugger,black→white,d_time_to_half,neg,0.63,5.106749346589167,100,1.2336614884393755,0.2202499312627127,0.8256262508633386
crime_skier_vs_mugger,black→white,pull_AUC,neg,-0.9334530660833158,13.786489522822327,100,-0.6770781383745774,0.49993546614873685,0.5985142904597553
crime_skier_vs_mugger,black→white,pull_MAD,neg,-0.025049143366049968,25.040588447906593,100,-0.010003416420569018,0.992038692317631,0.992038692317631
crime_skier_vs_mugger,black→white,pull_early,neg,-0.6350333695299917,11.95232137911439,100,-0.5313054672706974,0.5963971850442497,0.9748800140146389
crime_skier_vs_mugger,black→white,pull_release,neg,0.18300310824997723,26.7193041047691,100,0.06849097099700033,0.9455329521672006,0.9455329521672007
crime_skier_vs_mugger,black→white,pull_tcp,neg,-6.108834281330928,42.88004500513034,100,-1.424633365146898,0.15740796659571207,0.41352560706776753
crime_skier_vs_mugger,black→white,q_exploded,neg,0.055,0.17254775360093008,100,3.187523387131684,0.0019207824085085005,0.003473755419643033
crime_skier_vs_mugger,black→white,q_jerk_in_grasp,neg,0.01,0.07035264706814483,100,1.421410624438029,0.15833990565972564,nan
crime_skier_vs_mugger,black→white,q_tile_drift,neg,0.048228045403957365,0.19056346315583078,100,2.5308128119249966,0.012955012580742588,0.016016074498243604
crime_skier_vs_mugger,black→white,xpos_reversals,neg,0.96,0.955261876411517,100,10.049600258373985,8.52744248504886e-17,8.839422088160404e-17
crime_smoking_tobacco_vs_cannabis,all→white,d_approach_retreat,neg,-0.51,4.3437985517960955,100,-1.1740875961872648,0.24317657532590672,0.7777901933427916
crime_smoking_tobacco_vs_cannabis,all→white,d_approach_retreat,pos,0.54,4.411120016274755,100,1.2241788888256926,0.2237900256288952,0.7777901933427916
crime_smoking_tobacco_vs_cannabis,all→white,d_latency,neg,-0.2,2.7450598418529117,100,-0.7285815666043924,0.4679776234242363,0.8891269976445667
crime_smoking_tobacco_vs_cannabis,all→white,d_latency,pos,-0.015,2.8651995893599955,100,-0.0523523738300918,0.9583534138886302,0.9934151241528484
crime_smoking_tobacco_vs_cannabis,all→white,d_peak_speed,neg,-0.00043040087446570395,0.002665797150175475,100,-1.6145297268300138,0.10959542909450193,0.44515866741765653
crime_smoking_tobacco_vs_cannabis,all→white,d_peak_speed,pos,0.00029498375952243807,0.002354806927193463,100,1.2526876667294735,0.21327033782196567,0.5687489907084579
crime_smoking_tobacco_vs_cannabis,all→white,d_time_to_half,neg,0.14,4.961508405370856,100,0.2821722519878216,0.7784004831210508,0.9318879023280187
crime_smoking_tobacco_vs_cannabis,all→white,d_time_to_half,pos,0.29,2.2101464826448667,100,1.3121302242960795,0.19251045402676392,0.8256262508633386
crime_smoking_tobacco_vs_cannabis,all→white,pull_AUC,neg,2.9254449012930555,15.388067366490963,100,1.9011126164312877,0.060195506092158575,0.1421282782731522
crime_smoking_tobacco_vs_cannabis,all→white,pull_AUC,pos,2.3607935425430044,17.60855415490532,100,1.3407083408295302,0.1830834847597483,0.27789457508176085
crime_smoking_tobacco_vs_cannabis,all→white,pull_MAD,neg,6.554341591428965,30.170079661784527,100,2.1724641316513127,0.03220749116014325,0.08295868935188414
crime_smoking_tobacco_vs_cannabis,all→white,pull_MAD,pos,7.20744587816298,35.801356349926046,100,2.013176765627727,0.04681081440897206,0.11697109522103677
crime_smoking_tobacco_vs_cannabis,all→white,pull_early,neg,0.310744465794414,10.140418171417556,100,0.306441470698219,0.7599120904775116,0.9983226283285012
crime_smoking_tobacco_vs_cannabis,all→white,pull_early,pos,-0.12610121117904796,9.255753473130797,100,-0.13624089226783792,0.8919075092183477,0.9983226283285012
crime_smoking_tobacco_vs_cannabis,all→white,pull_release,neg,5.576033142860979,27.872061887338575,100,2.000581501791943,0.048175860007100245,0.1137485583500978
crime_smoking_tobacco_vs_cannabis,all→white,pull_release,pos,6.549087570747361,33.88158953293439,100,1.932933980084187,0.056101596908694706,0.12549041413786974
crime_smoking_tobacco_vs_cannabis,all→white,pull_tcp,neg,15.254259775392711,63.44321020353623,100,2.4043959513483855,0.01805864840670252,0.10772014778171263
crime_smoking_tobacco_vs_cannabis,all→white,pull_tcp,pos,-5.747621974442154,69.39024552821226,100,-0.8283040261192505,0.4094907553521614,0.6693598885564177
crime_smoking_tobacco_vs_cannabis,all→white,q_exploded,neg,0.055,0.17254775360093008,100,3.187523387131684,0.0019207824085085005,0.003473755419643033
crime_smoking_tobacco_vs_cannabis,all→white,q_exploded,pos,0.03,0.119341628287971,100,2.5137917447891764,0.013556758919315062,0.01622992264988423
crime_smoking_tobacco_vs_cannabis,all→white,q_jerk_in_grasp,neg,0.025,0.13055824196677338,100,1.9148542155126762,0.05839774428202229,nan
crime_smoking_tobacco_vs_cannabis,all→white,q_jerk_in_grasp,pos,0.03,0.17144660799776532,100,1.7498158960596657,0.0832486252449611,nan
crime_smoking_tobacco_vs_cannabis,all→white,q_tile_drift,neg,0.16319486152380705,0.570860201055824,100,2.8587535305837224,0.005186194596365895,0.008477433474828867
crime_smoking_tobacco_vs_cannabis,all→white,q_tile_drift,pos,0.0893484329432249,0.3227901565853615,100,2.7680036432460677,0.006732906775857216,0.00997788409139981
crime_smoking_tobacco_vs_cannabis,all→white,xpos_reversals,neg,0.85,0.8024583440524461,100,10.59245014149229,5.6008431401504275e-18,6.182748920945277e-18
crime_smoking_tobacco_vs_cannabis,all→white,xpos_reversals,pos,0.925,0.7567040439306574,100,12.224065768105831,1.706630801293193e-21,2.8443846688219885e-21
crime_smoking_tobacco_vs_cannabis,black→white,d_approach_retreat,neg,-0.51,4.3437985517960955,100,-1.1740875961872648,0.24317657532590672,0.7777901933427916
crime_smoking_tobacco_vs_cannabis,black→white,d_approach_retreat,pos,0.54,4.411120016274755,100,1.2241788888256926,0.2237900256288952,0.7777901933427916
crime_smoking_tobacco_vs_cannabis,black→white,d_latency,neg,-0.2,2.7450598418529117,100,-0.7285815666043924,0.4679776234242363,0.8891269976445667
crime_smoking_tobacco_vs_cannabis,black→white,d_latency,pos,-0.015,2.8651995893599955,100,-0.0523523738300918,0.9583534138886302,0.9934151241528484
crime_smoking_tobacco_vs_cannabis,black→white,d_peak_speed,neg,-0.00043040087446570395,0.002665797150175475,100,-1.6145297268300138,0.10959542909450193,0.44515866741765653
crime_smoking_tobacco_vs_cannabis,black→white,d_peak_speed,pos,0.00029498375952243807,0.002354806927193463,100,1.2526876667294735,0.21327033782196567,0.5687489907084579
crime_smoking_tobacco_vs_cannabis,black→white,d_time_to_half,neg,0.14,4.961508405370856,100,0.2821722519878216,0.7784004831210508,0.9318879023280187
crime_smoking_tobacco_vs_cannabis,black→white,d_time_to_half,pos,0.29,2.2101464826448667,100,1.3121302242960795,0.19251045402676392,0.8256262508633386
crime_smoking_tobacco_vs_cannabis,black→white,pull_AUC,neg,2.9254449012930555,15.388067366490963,100,1.9011126164312877,0.060195506092158575,0.1421282782731522
crime_smoking_tobacco_vs_cannabis,black→white,pull_AUC,pos,2.3607935425430044,17.60855415490532,100,1.3407083408295302,0.1830834847597483,0.27789457508176085
crime_smoking_tobacco_vs_cannabis,black→white,pull_MAD,neg,6.554341591428965,30.170079661784527,100,2.1724641316513127,0.03220749116014325,0.08295868935188414
crime_smoking_tobacco_vs_cannabis,black→white,pull_MAD,pos,7.20744587816298,35.801356349926046,100,2.013176765627727,0.04681081440897206,0.11697109522103677
crime_smoking_tobacco_vs_cannabis,black→white,pull_early,neg,0.310744465794414,10.140418171417556,100,0.306441470698219,0.7599120904775116,0.9983226283285012
crime_smoking_tobacco_vs_cannabis,black→white,pull_early,pos,-0.12610121117904796,9.255753473130797,100,-0.13624089226783792,0.8919075092183477,0.9983226283285012
crime_smoking_tobacco_vs_cannabis,black→white,pull_release,neg,5.576033142860979,27.872061887338575,100,2.000581501791943,0.048175860007100245,0.1137485583500978
crime_smoking_tobacco_vs_cannabis,black→white,pull_release,pos,6.549087570747361,33.88158953293439,100,1.932933980084187,0.056101596908694706,0.12549041413786974
crime_smoking_tobacco_vs_cannabis,black→white,pull_tcp,neg,15.254259775392711,63.44321020353623,100,2.4043959513483855,0.01805864840670252,0.10772014778171263
crime_smoking_tobacco_vs_cannabis,black→white,pull_tcp,pos,-5.747621974442154,69.39024552821226,100,-0.8283040261192505,0.4094907553521614,0.6693598885564177
crime_smoking_tobacco_vs_cannabis,black→white,q_exploded,neg,0.055,0.17254775360093008,100,3.187523387131684,0.0019207824085085005,0.003473755419643033
crime_smoking_tobacco_vs_cannabis,black→white,q_exploded,pos,0.03,0.119341628287971,100,2.5137917447891764,0.013556758919315062,0.01622992264988423
crime_smoking_tobacco_vs_cannabis,black→white,q_jerk_in_grasp,neg,0.025,0.13055824196677338,100,1.9148542155126762,0.05839774428202229,nan
crime_smoking_tobacco_vs_cannabis,black→white,q_jerk_in_grasp,pos,0.03,0.17144660799776532,100,1.7498158960596657,0.0832486252449611,nan
crime_smoking_tobacco_vs_cannabis,black→white,q_tile_drift,neg,0.16319486152380705,0.570860201055824,100,2.8587535305837224,0.005186194596365895,0.008477433474828867
crime_smoking_tobacco_vs_cannabis,black→white,q_tile_drift,pos,0.0893484329432249,0.3227901565853615,100,2.7680036432460677,0.006732906775857216,0.00997788409139981
crime_smoking_tobacco_vs_cannabis,black→white,xpos_reversals,neg,0.85,0.8024583440524461,100,10.59245014149229,5.6008431401504275e-18,6.182748920945277e-18
crime_smoking_tobacco_vs_cannabis,black→white,xpos_reversals,pos,0.925,0.7567040439306574,100,12.224065768105831,1.706630801293193e-21,2.8443846688219885e-21
dentist_vs_dental_hygienist,all→white,d_approach_retreat,neg,-0.455,4.223009961071976,100,-1.0774305630207466,0.283906348625178,0.7777901933427916
dentist_vs_dental_hygienist,all→white,d_latency,neg,-0.05,2.201354036941717,100,-0.22713293346245966,0.8207887493950603,0.9557129273778099
dentist_vs_dental_hygienist,all→white,d_peak_speed,neg,0.00028603974729776385,0.004493112786294325,100,0.6366182219380115,0.5258428134661199,0.6983849866346905
dentist_vs_dental_hygienist,all→white,d_time_to_half,neg,-0.205,2.5722833075191027,100,-0.7969573157076423,0.4273830004469047,0.8256262508633386
dentist_vs_dental_hygienist,all→white,pull_AUC,neg,0.005742950575455161,15.76506015037495,100,0.0036428345472050566,0.997100775451742,0.9971007754517421
dentist_vs_dental_hygienist,all→white,pull_MAD,neg,0.9493192964699123,30.20387364319611,100,0.31430382330571066,0.7539516849772752,0.8103817859888792
dentist_vs_dental_hygienist,all→white,pull_early,neg,-0.6653765179216862,6.937467683111781,100,-0.959105754887255,0.3398419807742963,0.8253305247375766
dentist_vs_dental_hygienist,all→white,pull_release,neg,1.402835799381137,27.278081847056708,100,0.5142721571284171,0.6082078306747938,0.728136135314894
dentist_vs_dental_hygienist,all→white,pull_tcp,neg,-5.52755217300728,41.288065681064246,100,-1.3387772185080482,0.18370935272167385,0.4220349994957372
dentist_vs_dental_hygienist,all→white,q_exploded,neg,0.085,0.18876258403431845,100,4.503011040818681,1.833231812600958e-05,6.77498713352528e-05
dentist_vs_dental_hygienist,all→white,q_jerk_in_grasp,neg,0.0,0.0,100,nan,nan,nan
dentist_vs_dental_hygienist,all→white,q_tile_drift,neg,0.030072757974267006,0.10995522867939844,100,2.735000266513159,0.0073926474090765335,0.010301229996254187
dentist_vs_dental_hygienist,all→white,xpos_reversals,neg,0.945,0.8844761047071762,100,10.684290903628893,3.536553318154501e-18,4.008093760575101e-18
dentist_vs_dental_hygienist,black→white,d_approach_retreat,neg,-0.455,4.223009961071976,100,-1.0774305630207466,0.283906348625178,0.7777901933427916
dentist_vs_dental_hygienist,black→white,d_latency,neg,-0.05,2.201354036941717,100,-0.22713293346245966,0.8207887493950603,0.9557129273778099
dentist_vs_dental_hygienist,black→white,d_peak_speed,neg,0.00028603974729776385,0.004493112786294325,100,0.6366182219380115,0.5258428134661199,0.6983849866346905
dentist_vs_dental_hygienist,black→white,d_time_to_half,neg,-0.205,2.5722833075191027,100,-0.7969573157076423,0.4273830004469047,0.8256262508633386
dentist_vs_dental_hygienist,black→white,pull_AUC,neg,0.005742950575455161,15.76506015037495,100,0.0036428345472050566,0.997100775451742,0.9971007754517421
dentist_vs_dental_hygienist,black→white,pull_MAD,neg,0.9493192964699123,30.20387364319611,100,0.31430382330571066,0.7539516849772752,0.8103817859888792
dentist_vs_dental_hygienist,black→white,pull_early,neg,-0.6653765179216862,6.937467683111781,100,-0.959105754887255,0.3398419807742963,0.8253305247375766
dentist_vs_dental_hygienist,black→white,pull_release,neg,1.402835799381137,27.278081847056708,100,0.5142721571284171,0.6082078306747938,0.728136135314894
dentist_vs_dental_hygienist,black→white,pull_tcp,neg,-5.52755217300728,41.288065681064246,100,-1.3387772185080482,0.18370935272167385,0.4220349994957372
dentist_vs_dental_hygienist,black→white,q_exploded,neg,0.085,0.18876258403431845,100,4.503011040818681,1.833231812600958e-05,6.77498713352528e-05
dentist_vs_dental_hygienist,black→white,q_jerk_in_grasp,neg,0.0,0.0,100,nan,nan,nan
dentist_vs_dental_hygienist,black→white,q_tile_drift,neg,0.030072757974267006,0.10995522867939844,100,2.735000266513159,0.0073926474090765335,0.010301229996254187
dentist_vs_dental_hygienist,black→white,xpos_reversals,neg,0.945,0.8844761047071762,100,10.684290903628893,3.536553318154501e-18,4.008093760575101e-18
disability,all→white,d_approach_retreat,-,-0.0925,3.404838625421608,400,-0.5433443999922086,0.5871961195760478,0.9124198960234513
disability,all→white,d_latency,-,0.10375,2.4875350276497543,400,0.8341591080872051,0.404690448842843,0.8891269976445667
disability,all→white,d_peak_speed,-,0.00021829497069120407,0.003123457267438364,400,1.397777859597445,0.16295639361593645,0.5687489907084579
disability,all→white,d_time_to_half,-,-0.31,4.279566183247081,400,-1.448744974261809,0.14819422489567327,0.8256262508633386
disability,all→white,pull_AUC,-,0.8371644625487715,12.206763677151319,400,1.3716403212028758,0.17094623072760323,0.2690820298490051
disability,all→white,pull_MAD,-,1.8458256645077196,26.015612889957367,400,1.4190137840037214,0.15667568305918775,0.2512723218873766
disability,all→white,pull_early,-,0.12359086424112306,7.142884508730687,400,0.3460530940688149,0.7294852106730976,0.9983226283285012
disability,all→white,pull_release,-,0.8034635006333701,23.494262317266415,400,0.6839657187643541,0.4943938443820248,0.609035895253219
disability,all→white,pull_tcp,-,3.3401405590120703,70.71207098521134,400,0.9447158066437129,0.3453756987639871,0.5991211101007939
disability,all→white,q_exploded,-,0.07,0.18758456739511387,400,7.463300523284235,5.339179761081087e-13,3.781918997432436e-12
disability,all→white,q_jerk_in_grasp,-,0.01625,0.09557076922273128,400,3.4006213682614117,0.0007401686359885451,nan
disability,all→white,q_tile_drift,-,0.09219664269126952,0.3458496120826288,400,5.331603070830816,1.633161740362679e-07,9.254583195388513e-07
disability,all→white,xpos_reversals,-,1.135,0.8168188186226737,400,27.790740715642325,2.420980661022885e-95,1.8707577835176837e-94
disability,black→white,d_approach_retreat,-,-0.0925,3.404838625421608,400,-0.5433443999922086,0.5871961195760478,0.9124198960234513
disability,black→white,d_latency,-,0.10375,2.4875350276497543,400,0.8341591080872051,0.404690448842843,0.8891269976445667
disability,black→white,d_peak_speed,-,0.00021829497069120407,0.003123457267438364,400,1.397777859597445,0.16295639361593645,0.5687489907084579
disability,black→white,d_time_to_half,-,-0.31,4.279566183247081,400,-1.448744974261809,0.14819422489567327,0.8256262508633386
disability,black→white,pull_AUC,-,0.8371644625487715,12.206763677151319,400,1.3716403212028758,0.17094623072760323,0.2690820298490051
disability,black→white,pull_MAD,-,1.8458256645077196,26.015612889957367,400,1.4190137840037214,0.15667568305918775,0.2512723218873766
disability,black→white,pull_early,-,0.12359086424112306,7.142884508730687,400,0.3460530940688149,0.7294852106730976,0.9983226283285012
disability,black→white,pull_release,-,0.8034635006333701,23.494262317266415,400,0.6839657187643541,0.4943938443820248,0.609035895253219
disability,black→white,pull_tcp,-,3.3401405590120703,70.71207098521134,400,0.9447158066437129,0.3453756987639871,0.5991211101007939
disability,black→white,q_exploded,-,0.07,0.18758456739511387,400,7.463300523284235,5.339179761081087e-13,3.781918997432436e-12
disability,black→white,q_jerk_in_grasp,-,0.01625,0.09557076922273128,400,3.4006213682614117,0.0007401686359885451,nan
disability,black→white,q_tile_drift,-,0.09219664269126952,0.3458496120826288,400,5.331603070830816,1.633161740362679e-07,9.254583195388513e-07
disability,black→white,xpos_reversals,-,1.135,0.8168188186226737,400,27.790740715642325,2.420980661022885e-95,1.8707577835176837e-94
educational_attainment,all→white,d_approach_retreat,-,-0.08722222222222223,3.5382705150324347,900,-0.7395326772076047,0.4597766625284544,0.8495873111938831
educational_attainment,all→white,d_latency,-,-0.12333333333333334,2.6231217126671944,900,-1.4105330996013274,0.15872824198684166,0.7144287763305684
educational_attainment,all→white,d_peak_speed,-,-0.0001381785629524125,0.003185843511791824,900,-1.3011803226458192,0.19353011408849394,0.5687489907084579
educational_attainment,all→white,d_time_to_half,-,0.33111111111111113,4.6036848529936165,900,2.1576918600051505,0.031216083908680654,0.7455067744483186
educational_attainment,all→white,pull_AUC,-,0.9991414706855298,11.993147814875492,900,2.4992808046097674,0.012621920013815166,0.042914528046971566
educational_attainment,all→white,pull_MAD,-,1.3693886055843096,24.566670220318397,900,1.67225178663211,0.09482264152971501,0.18318010295513124
educational_attainment,all→white,pull_early,-,0.7092122717424192,7.151874976375741,900,2.9749356948427126,0.0030088895205019474,0.12787780462133277
educational_attainment,all→white,pull_release,-,0.9317454524959127,22.778008883338526,900,1.227164486502758,0.2200820320711799,0.3529617495481187
educational_attainment,all→white,pull_tcp,-,1.9573904209472757,60.44085956144721,900,0.9715565439422454,0.3315325339858419,0.5991211101007939
educational_attainment,all→white,q_exploded,-,0.0661111111111111,0.17590189932356715,900,11.275224093430857,1.133578780645203e-27,1.6059032725807043e-26
educational_attainment,all→white,q_jerk_in_grasp,-,0.03333333333333333,0.15100700173086806,900,6.622209490539042,6.082142366214945e-11,nan
educational_attainment,all→white,q_tile_drift,-,0.10782292301042212,0.35945362069842446,900,8.998901399372778,1.3303383582493105e-18,1.8846460075198566e-17
educational_attainment,all→white,xpos_reversals,-,1.0527777777777778,0.861513694610672,900,36.660280075531716,1.1353614900374632e-180,1.608428777553073e-179
educational_attainment,black→white,d_approach_retreat,-,-0.08722222222222223,3.5382705150324347,900,-0.7395326772076047,0.4597766625284544,0.8495873111938831
educational_attainment,black→white,d_latency,-,-0.12333333333333334,2.6231217126671944,900,-1.4105330996013274,0.15872824198684166,0.7144287763305684
educational_attainment,black→white,d_peak_speed,-,-0.0001381785629524125,0.003185843511791824,900,-1.3011803226458192,0.19353011408849394,0.5687489907084579
educational_attainment,black→white,d_time_to_half,-,0.33111111111111113,4.6036848529936165,900,2.1576918600051505,0.031216083908680654,0.7455067744483186
educational_attainment,black→white,pull_AUC,-,0.9991414706855298,11.993147814875492,900,2.4992808046097674,0.012621920013815166,0.042914528046971566
educational_attainment,black→white,pull_MAD,-,1.3693886055843096,24.566670220318397,900,1.67225178663211,0.09482264152971501,0.18318010295513124
educational_attainment,black→white,pull_early,-,0.7092122717424192,7.151874976375741,900,2.9749356948427126,0.0030088895205019474,0.12787780462133277
educational_attainment,black→white,pull_release,-,0.9317454524959127,22.778008883338526,900,1.227164486502758,0.2200820320711799,0.3529617495481187
educational_attainment,black→white,pull_tcp,-,1.9573904209472757,60.44085956144721,900,0.9715565439422454,0.3315325339858419,0.5991211101007939
educational_attainment,black→white,q_exploded,-,0.0661111111111111,0.17590189932356715,900,11.275224093430857,1.133578780645203e-27,1.6059032725807043e-26
educational_attainment,black→white,q_jerk_in_grasp,-,0.03333333333333333,0.15100700173086806,900,6.622209490539042,6.082142366214945e-11,nan
educational_attainment,black→white,q_tile_drift,-,0.10782292301042212,0.35945362069842446,900,8.998901399372778,1.3303383582493105e-18,1.8846460075198566e-17
educational_attainment,black→white,xpos_reversals,-,1.0527777777777778,0.861513694610672,900,36.660280075531716,1.1353614900374632e-180,1.608428777553073e-179
employment,all→white,d_approach_retreat,neg,-0.405,3.082776362471028,100,-1.313750828410299,0.19196636218551358,0.7777901933427916
employment,all→white,d_approach_retreat,pos,0.16,3.7971813044132956,100,0.42136518425927966,0.6744018920317817,0.9124198960234513
employment,all→white,d_latency,neg,0.095,2.4615169421650656,100,0.38594087398984656,0.7003685859677173,0.9152351728392097
employment,all→white,d_latency,pos,-0.115,3.093537578157852,100,-0.37174269616753935,0.7108788986795613,0.9152351728392097
employment,all→white,d_peak_speed,neg,0.0002582729980349541,0.0027421324675138935,100,0.9418691514531855,0.3485523226790872,0.6387667492108996
employment,all→white,d_peak_speed,pos,-0.00013827353715896605,0.0026321147013680874,100,-0.5253324905905352,0.6005266834947862,0.7618622104038333
employment,all→white,d_time_to_half,neg,0.465,3.737778063032214,100,1.244054601847537,0.21641695983359188,0.8256262508633386
employment,all→white,d_time_to_half,pos,-0.035,3.095496076495003,100,-0.11306749915066967,0.9102060035143139,0.9696743088125853
employment,all→white,pull_AUC,neg,1.1954892449890033,13.709605043731273,100,0.8720085233495779,0.385313640940006,0.4816420511750075
employment,all→white,pull_AUC,pos,2.3208184543394133,15.861375910847967,100,1.463188608216612,0.14658350871187806,0.23960765847133914
employment,all→white,pull_MAD,neg,2.735694901825627,27.124849252241145,100,1.0085567209556363,0.31564597450641535,0.43274044892008556
employment,all→white,pull_MAD,pos,4.949227423220873,32.305758489017684,100,1.5319954258010564,0.1287129704770469,0.22327760184793854
employment,all→white,pull_early,neg,-0.028107378398999197,7.015291203509768,100,-0.040065875504835785,0.9681212957916867,0.9983226283285012
employment,all→white,pull_early,pos,0.4930932719726111,7.807930295388439,100,0.6315287833241089,0.5291503589828748,0.9569740534796671
employment,all→white,pull_release,neg,2.6870809274259955,25.60115413338353,100,1.049593668092518,0.29646045408659305,0.4271040440230578
employment,all→white,pull_release,pos,5.312622779747471,30.79277734837368,100,1.7252821074381126,0.08759692899502869,0.17727949915660568
employment,all→white,pull_tcp,neg,5.791149359429255,44.03742002417011,100,1.3150519163590326,0.19153037424035463,0.42842320553763535
employment,all→white,pull_tcp,pos,-3.593035767553374,62.764804426233084,100,-0.5724602825419837,0.5683079594548632,0.7791318798977964
employment,all→white,q_exploded,neg,0.05,0.15075567228888181,100,3.3166247903554003,0.0012748384719836199,0.002462756139059266
employment,all→white,q_exploded,pos,0.065,0.16899883449481554,100,3.8461803712613194,0.00021237521597824915,0.0006943035906981222
employment,all→white,q_jerk_in_grasp,neg,0.01,0.07035264706814483,100,1.421410624438029,0.15833990565972564,nan
employment,all→white,q_jerk_in_grasp,pos,0.02,0.09847319278346618,100,2.03100960115899,0.0449347252126304,nan
employment,all→white,q_tile_drift,neg,0.052237692326307296,0.16637171816304325,100,3.1398180473867967,0.002228679537420974,0.004985204228441652
employment,all→white,q_tile_drift,pos,0.06514207698404789,0.16839042275202631,100,3.8685143679445995,0.00019617725064643852,0.0006947944293728031
employment,all→white,xpos_reversals,neg,1.075,0.9027874902352451,100,11.907564201181835,8.089103056345906e-21,1.1141819052694682e-20
employment,all→white,xpos_reversals,pos,0.98,0.8037789534819919,100,12.192406827208076,1.99328851246339e-21,3.258260068449772e-21
employment,black→white,d_approach_retreat,neg,-0.405,3.082776362471028,100,-1.313750828410299,0.19196636218551358,0.7777901933427916
employment,black→white,d_approach_retreat,pos,0.16,3.7971813044132956,100,0.42136518425927966,0.6744018920317817,0.9124198960234513
employment,black→white,d_latency,neg,0.095,2.4615169421650656,100,0.38594087398984656,0.7003685859677173,0.9152351728392097
employment,black→white,d_latency,pos,-0.115,3.093537578157852,100,-0.37174269616753935,0.7108788986795613,0.9152351728392097
employment,black→white,d_peak_speed,neg,0.0002582729980349541,0.0027421324675138935,100,0.9418691514531855,0.3485523226790872,0.6387667492108996
employment,black→white,d_peak_speed,pos,-0.00013827353715896605,0.0026321147013680874,100,-0.5253324905905352,0.6005266834947862,0.7618622104038333
employment,black→white,d_time_to_half,neg,0.465,3.737778063032214,100,1.244054601847537,0.21641695983359188,0.8256262508633386
employment,black→white,d_time_to_half,pos,-0.035,3.095496076495003,100,-0.11306749915066967,0.9102060035143139,0.9696743088125853
employment,black→white,pull_AUC,neg,1.1954892449890033,13.709605043731273,100,0.8720085233495779,0.385313640940006,0.4816420511750075
employment,black→white,pull_AUC,pos,2.3208184543394133,15.861375910847967,100,1.463188608216612,0.14658350871187806,0.23960765847133914
employment,black→white,pull_MAD,neg,2.735694901825627,27.124849252241145,100,1.0085567209556363,0.31564597450641535,0.43274044892008556
employment,black→white,pull_MAD,pos,4.949227423220873,32.305758489017684,100,1.5319954258010564,0.1287129704770469,0.22327760184793854
employment,black→white,pull_early,neg,-0.028107378398999197,7.015291203509768,100,-0.040065875504835785,0.9681212957916867,0.9983226283285012
employment,black→white,pull_early,pos,0.4930932719726111,7.807930295388439,100,0.6315287833241089,0.5291503589828748,0.9569740534796671
employment,black→white,pull_release,neg,2.6870809274259955,25.60115413338353,100,1.049593668092518,0.29646045408659305,0.4271040440230578
employment,black→white,pull_release,pos,5.312622779747471,30.79277734837368,100,1.7252821074381126,0.08759692899502869,0.17727949915660568
employment,black→white,pull_tcp,neg,5.791149359429255,44.03742002417011,100,1.3150519163590326,0.19153037424035463,0.42842320553763535
employment,black→white,pull_tcp,pos,-3.593035767553374,62.764804426233084,100,-0.5724602825419837,0.5683079594548632,0.7791318798977964
employment,black→white,q_exploded,neg,0.05,0.15075567228888181,100,3.3166247903554003,0.0012748384719836199,0.002462756139059266
employment,black→white,q_exploded,pos,0.065,0.16899883449481554,100,3.8461803712613194,0.00021237521597824915,0.0006943035906981222
employment,black→white,q_jerk_in_grasp,neg,0.01,0.07035264706814483,100,1.421410624438029,0.15833990565972564,nan
employment,black→white,q_jerk_in_grasp,pos,0.02,0.09847319278346618,100,2.03100960115899,0.0449347252126304,nan
employment,black→white,q_tile_drift,neg,0.052237692326307296,0.16637171816304325,100,3.1398180473867967,0.002228679537420974,0.004985204228441652
employment,black→white,q_tile_drift,pos,0.06514207698404789,0.16839042275202631,100,3.8685143679445995,0.00019617725064643852,0.0006947944293728031
employment,black→white,xpos_reversals,neg,1.075,0.9027874902352451,100,11.907564201181835,8.089103056345906e-21,1.1141819052694682e-20
employment,black→white,xpos_reversals,pos,0.98,0.8037789534819919,100,12.192406827208076,1.99328851246339e-21,3.258260068449772e-21
ethnicity,all→white,d_approach_retreat,-,0.346,3.228332116823333,500,2.396530134502471,0.016918176155958035,0.7777901933427916
ethnicity,all→white,d_latency,-,0.295,2.0890675926866575,500,3.1575811891950516,0.0016871390127730698,0.14340681608571093
ethnicity,all→white,d_peak_speed,-,-3.2591216266155246e-05,0.0034095352423936134,500,-0.2137422547636093,0.8308353629165647,0.9291077863041937
ethnicity,all→white,d_time_to_half,-,-0.01,2.7595525471570643,500,-0.08103009235332095,0.9354505096780235,0.9696743088125853
ethnicity,all→white,pull_AUC,-,-3.4342315360191398,14.334140438633687,500,-5.357262402923885,1.292486711325882e-07,5.493068523134999e-06
ethnicity,all→white,pull_MAD,-,-7.303603349418772,29.801122226597375,500,-5.480113616466382,6.755616717902236e-08,1.9140914034056333e-06
ethnicity,all→white,pull_early,-,-0.7980284542194568,6.981566569096688,500,-2.5559390631788608,0.010885357525254994,0.21150177696009226
ethnicity,all→white,pull_release,-,-6.323907921860155,27.624594202000818,500,-5.118876278625857,4.3949579566159814e-07,1.2452380877078615e-05
ethnicity,all→white,pull_tcp,-,-6.0701774131157435,66.06037647551486,500,-2.0546854340501,0.04042955167146601,0.17182559460373054
ethnicity,all→white,q_exploded,-,0.073,0.19037722283389863,500,8.57418550011642,1.2607366731798349e-16,1.0716261722028597e-15
ethnicity,all→white,q_jerk_in_grasp,-,0.03,0.1383411600107004,500,4.849029697293634,1.6601064872519632e-06,nan
ethnicity,all→white,q_tile_drift,-,0.1184016195088625,0.629110055441313,500,4.2083903695063345,3.0504508584122134e-05,0.00013646753840265165
ethnicity,all→white,xpos_reversals,-,0.996,0.8505473894636599,500,26.184592806688585,9.72120666318057e-96,8.263025663703485e-95
ethnicity,black→white,d_approach_retreat,-,0.346,3.228332116823333,500,2.396530134502471,0.016918176155958035,0.7777901933427916
ethnicity,black→white,d_latency,-,0.295,2.0890675926866575,500,3.1575811891950516,0.0016871390127730698,0.14340681608571093
ethnicity,black→white,d_peak_speed,-,-3.2591216266155246e-05,0.0034095352423936134,500,-0.2137422547636093,0.8308353629165647,0.9291077863041937
ethnicity,black→white,d_time_to_half,-,-0.01,2.7595525471570643,500,-0.08103009235332095,0.9354505096780235,0.9696743088125853
ethnicity,black→white,pull_AUC,-,-3.4342315360191398,14.334140438633687,500,-5.357262402923885,1.292486711325882e-07,5.493068523134999e-06
ethnicity,black→white,pull_MAD,-,-7.303603349418772,29.801122226597375,500,-5.480113616466382,6.755616717902236e-08,1.9140914034056333e-06
ethnicity,black→white,pull_early,-,-0.7980284542194568,6.981566569096688,500,-2.5559390631788608,0.010885357525254994,0.21150177696009226
ethnicity,black→white,pull_release,-,-6.323907921860155,27.624594202000818,500,-5.118876278625857,4.3949579566159814e-07,1.2452380877078615e-05
ethnicity,black→white,pull_tcp,-,-6.0701774131157435,66.06037647551486,500,-2.0546854340501,0.04042955167146601,0.17182559460373054
ethnicity,black→white,q_exploded,-,0.073,0.19037722283389863,500,8.57418550011642,1.2607366731798349e-16,1.0716261722028597e-15
ethnicity,black→white,q_jerk_in_grasp,-,0.03,0.1383411600107004,500,4.849029697293634,1.6601064872519632e-06,nan
ethnicity,black→white,q_tile_drift,-,0.1184016195088625,0.629110055441313,500,4.2083903695063345,3.0504508584122134e-05,0.00013646753840265165
ethnicity,black→white,xpos_reversals,-,0.996,0.8505473894636599,500,26.184592806688585,9.72120666318057e-96,8.263025663703485e-95
farmer_vs_preschool_teacher,all→white,d_approach_retreat,neg,0.325,4.088277773282431,100,0.7949557687198473,0.4285409491674639,0.8094662373163206
farmer_vs_preschool_teacher,all→white,d_approach_retreat,pos,-0.525,4.711567004337691,100,-1.1142789639129833,0.2678573997187834,0.7777901933427916
farmer_vs_preschool_teacher,all→white,d_latency,neg,-0.165,2.910322103732635,100,-0.5669475546654412,0.5720330449267512,0.8891269976445667
farmer_vs_preschool_teacher,all→white,d_latency,pos,0.18,3.076072532015821,100,0.5851617545638361,0.5597703639058176,0.8891269976445667
farmer_vs_preschool_teacher,all→white,d_peak_speed,neg,-0.0005887957289814949,0.00364798036485285,100,-1.6140320673169117,0.10970347006311028,0.44515866741765653
farmer_vs_preschool_teacher,all→white,d_peak_speed,pos,0.0002544108033180237,0.003813883179721637,100,0.6670650130835741,0.5062824228975507,0.6940968701014808
farmer_vs_preschool_teacher,all→white,d_time_to_half,neg,-0.095,2.5590944973690686,100,-0.3712250567443553,0.7112631565094243,0.8984759311600312
farmer_vs_preschool_teacher,all→white,d_time_to_half,pos,0.09,5.062927248463316,100,0.17776277553132236,0.8592725003853462,0.9691417698110639
farmer_vs_preschool_teacher,all→white,pull_AUC,neg,1.6904912383727029,18.2136168974745,100,0.9281469177091928,0.3555887656412239,0.46500069353083123
farmer_vs_preschool_teacher,all→white,pull_AUC,pos,2.9809128899604413,18.88267391955587,100,1.5786497731517006,0.11760643564847735,0.21901650989900162
farmer_vs_preschool_teacher,all→white,pull_MAD,neg,1.8029956818441863,34.77366457888423,100,0.5184945859686665,0.6052702044924865,0.7156016635320314
farmer_vs_preschool_teacher,all→white,pull_MAD,pos,7.156852399650961,37.71694352930946,100,1.8975165349995666,0.06067358539149553,0.13571723048097684
farmer_vs_preschool_teacher,all→white,pull_early,neg,0.43155485927127296,13.253818080050436,100,0.32560795437568785,0.7454081857402948,0.9983226283285012
farmer_vs_preschool_teacher,all→white,pull_early,pos,-0.22513344464823604,10.21489161338271,100,-0.22039729168862127,0.8260156203926717,0.9983226283285012
farmer_vs_preschool_teacher,all→white,pull_release,neg,3.6304802750237286,32.696132272625285,100,1.1103699498008621,0.2695292979950036,0.3949998332685397
farmer_vs_preschool_teacher,all→white,pull_release,pos,7.501463191583753,34.9567917671472,100,2.1459243861828634,0.03432360817530421,0.09726017290006413
farmer_vs_preschool_teacher,all→white,pull_tcp,neg,14.203757604118437,56.83896998815371,100,2.4989470440929455,0.014101902230245602,0.10772014778171263
farmer_vs_preschool_teacher,all→white,pull_tcp,pos,10.520042683710926,56.31203454248993,100,1.8681695252500754,0.06469575293708739,0.22770158322652512
farmer_vs_preschool_teacher,all→white,q_exploded,neg,0.095,0.20955701232395305,100,4.533372515024217,1.6279346818281367e-05,6.289747634335983e-05
farmer_vs_preschool_teacher,all→white,q_exploded,pos,0.035,0.1629122587173968,100,2.1483957239040157,0.03412159030060471,0.037666690591576624
farmer_vs_preschool_teacher,all→white,q_jerk_in_grasp,neg,0.065,0.16899883449481556,100,3.8461803712613194,0.00021237521597824915,nan
farmer_vs_preschool_teacher,all→white,q_jerk_in_grasp,pos,0.015,0.08572330399888264,100,1.7498158960596661,0.083248625244961,nan
farmer_vs_preschool_teacher,all→white,q_tile_drift,neg,0.2254192503541708,1.3180976061696077,100,1.7101863268626916,0.09036371115086807,0.09722677782055425
farmer_vs_preschool_teacher,all→white,q_tile_drift,pos,0.02582498572766781,0.07574551535708521,100,3.4094408897902033,0.0009430819231654022,0.0025858697893244896
farmer_vs_preschool_teacher,all→white,xpos_reversals,neg,0.88,0.6894588714009963,100,12.763632995421752,1.2272678212948923e-22,2.4837563050015676e-22
farmer_vs_preschool_teacher,all→white,xpos_reversals,pos,1.065,0.8398382480146299,100,12.68101330842755,1.8332576470130646e-22,3.3875413042632714e-22
farmer_vs_preschool_teacher,black→white,d_approach_retreat,neg,0.325,4.088277773282431,100,0.7949557687198473,0.4285409491674639,0.8094662373163206
farmer_vs_preschool_teacher,black→white,d_approach_retreat,pos,-0.525,4.711567004337691,100,-1.1142789639129833,0.2678573997187834,0.7777901933427916
farmer_vs_preschool_teacher,black→white,d_latency,neg,-0.165,2.910322103732635,100,-0.5669475546654412,0.5720330449267512,0.8891269976445667
farmer_vs_preschool_teacher,black→white,d_latency,pos,0.18,3.076072532015821,100,0.5851617545638361,0.5597703639058176,0.8891269976445667
farmer_vs_preschool_teacher,black→white,d_peak_speed,neg,-0.0005887957289814949,0.00364798036485285,100,-1.6140320673169117,0.10970347006311028,0.44515866741765653
farmer_vs_preschool_teacher,black→white,d_peak_speed,pos,0.0002544108033180237,0.003813883179721637,100,0.6670650130835741,0.5062824228975507,0.6940968701014808
farmer_vs_preschool_teacher,black→white,d_time_to_half,neg,-0.095,2.5590944973690686,100,-0.3712250567443553,0.7112631565094243,0.8984759311600312
farmer_vs_preschool_teacher,black→white,d_time_to_half,pos,0.09,5.062927248463316,100,0.17776277553132236,0.8592725003853462,0.9691417698110639
farmer_vs_preschool_teacher,black→white,pull_AUC,neg,1.6904912383727029,18.2136168974745,100,0.9281469177091928,0.3555887656412239,0.46500069353083123
farmer_vs_preschool_teacher,black→white,pull_AUC,pos,2.9809128899604413,18.88267391955587,100,1.5786497731517006,0.11760643564847735,0.21901650989900162
farmer_vs_preschool_teacher,black→white,pull_MAD,neg,1.8029956818441863,34.77366457888423,100,0.5184945859686665,0.6052702044924865,0.7156016635320314
farmer_vs_preschool_teacher,black→white,pull_MAD,pos,7.156852399650961,37.71694352930946,100,1.8975165349995666,0.06067358539149553,0.13571723048097684
farmer_vs_preschool_teacher,black→white,pull_early,neg,0.43155485927127296,13.253818080050436,100,0.32560795437568785,0.7454081857402948,0.9983226283285012
farmer_vs_preschool_teacher,black→white,pull_early,pos,-0.22513344464823604,10.21489161338271,100,-0.22039729168862127,0.8260156203926717,0.9983226283285012
farmer_vs_preschool_teacher,black→white,pull_release,neg,3.6304802750237286,32.696132272625285,100,1.1103699498008621,0.2695292979950036,0.3949998332685397
farmer_vs_preschool_teacher,black→white,pull_release,pos,7.501463191583753,34.9567917671472,100,2.1459243861828634,0.03432360817530421,0.09726017290006413
farmer_vs_preschool_teacher,black→white,pull_tcp,neg,14.203757604118437,56.83896998815371,100,2.4989470440929455,0.014101902230245602,0.10772014778171263
farmer_vs_preschool_teacher,black→white,pull_tcp,pos,10.520042683710926,56.31203454248993,100,1.8681695252500754,0.06469575293708739,0.22770158322652512
farmer_vs_preschool_teacher,black→white,q_exploded,neg,0.095,0.20955701232395305,100,4.533372515024217,1.6279346818281367e-05,6.289747634335983e-05
farmer_vs_preschool_teacher,black→white,q_exploded,pos,0.035,0.1629122587173968,100,2.1483957239040157,0.03412159030060471,0.037666690591576624
farmer_vs_preschool_teacher,black→white,q_jerk_in_grasp,neg,0.065,0.16899883449481556,100,3.8461803712613194,0.00021237521597824915,nan
farmer_vs_preschool_teacher,black→white,q_jerk_in_grasp,pos,0.015,0.08572330399888264,100,1.7498158960596661,0.083248625244961,nan
farmer_vs_preschool_teacher,black→white,q_tile_drift,neg,0.2254192503541708,1.3180976061696077,100,1.7101863268626916,0.09036371115086807,0.09722677782055425
farmer_vs_preschool_teacher,black→white,q_tile_drift,pos,0.02582498572766781,0.07574551535708521,100,3.4094408897902033,0.0009430819231654022,0.0025858697893244896
farmer_vs_preschool_teacher,black→white,xpos_reversals,neg,0.88,0.6894588714009963,100,12.763632995421752,1.2272678212948923e-22,2.4837563050015676e-22
farmer_vs_preschool_teacher,black→white,xpos_reversals,pos,1.065,0.8398382480146299,100,12.68101330842755,1.8332576470130646e-22,3.3875413042632714e-22
financial_advisor_vs_bank_teller,all→white,d_approach_retreat,neg,0.895,4.594295430754373,100,1.948068019328576,0.054238683377286774,0.7777901933427916
financial_advisor_vs_bank_teller,all→white,d_approach_retreat,pos,-0.47,4.34951524060818,100,-1.0805801888264708,0.2825092586998501,0.7777901933427916
financial_advisor_vs_bank_teller,all→white,d_latency,neg,0.2,1.699673171197595,100,1.176696810829104,0.24213804596373198,0.7350619252470435
financial_advisor_vs_bank_teller,all→white,d_latency,pos,0.095,2.3599081903045858,100,0.4025580333603514,0.6881413028114689,0.9152351728392097
financial_advisor_vs_bank_teller,all→white,d_peak_speed,neg,8.010804653167725e-05,0.0022930920131863258,100,0.3493451029048089,0.7275722292118078,0.851807013803375
financial_advisor_vs_bank_teller,all→white,d_peak_speed,pos,0.0007579157501459121,0.0036978869170791726,100,2.0495914751891937,0.043048689535684054,0.36591386105331447
financial_advisor_vs_bank_teller,all→white,d_time_to_half,neg,0.285,3.3320111013917675,100,0.8553392870778751,0.39442866561370726,0.8256262508633386
financial_advisor_vs_bank_teller,all→white,d_time_to_half,pos,0.77,4.248243843940195,100,1.8125136604348833,0.0729377672855726,0.759750932098028
financial_advisor_vs_bank_teller,all→white,pull_AUC,neg,-2.035282273014484,11.98877371752608,100,-1.6976567587051516,0.09271400275130028,0.20738658510159272
financial_advisor_vs_bank_teller,all→white,pull_AUC,pos,2.103469533551296,17.103315096394997,100,1.2298607151280638,0.22166392812026917,0.3193463371224217
financial_advisor_vs_bank_teller,all→white,pull_MAD,neg,-6.088274039002137,21.831636493465073,100,-2.788739195444445,0.006346355511511037,0.025687629451354197
financial_advisor_vs_bank_teller,all→white,pull_MAD,pos,4.728586911350794,34.6196817499933,100,1.365866660906468,0.17507579286319855,0.27057167987948866
financial_advisor_vs_bank_teller,all→white,pull_early,neg,-0.1876282375305892,7.730243274723294,100,-0.2427197060461275,0.8087246954595897,0.9983226283285012
financial_advisor_vs_bank_teller,all→white,pull_early,pos,0.16962596680968992,7.953234772285765,100,0.21327921489351342,0.8315477770949292,0.9983226283285012
financial_advisor_vs_bank_teller,all→white,pull_release,neg,-6.717750902753323,20.707475090110226,100,-3.2441187897223083,0.0016070278386120197,0.01138311385683514
financial_advisor_vs_bank_teller,all→white,pull_release,pos,4.268603400778375,30.919512446966568,100,1.38055326975156,0.17052542665872938,0.30839704821259567
financial_advisor_vs_bank_teller,all→white,pull_tcp,neg,-8.329728168901056,38.98342912189472,100,-2.136735622424435,0.03508386475504577,0.15695413179888895
financial_advisor_vs_bank_teller,all→white,pull_tcp,pos,-1.3878871477209032,46.86701446617127,100,-0.2961330401625398,0.7677487839272874,0.8838461535812092
financial_advisor_vs_bank_teller,all→white,q_exploded,neg,0.025,0.10952145677879516,100,2.2826577307580465,0.024589522572171077,0.02750143971887555
financial_advisor_vs_bank_teller,all→white,q_exploded,pos,0.06,0.16329931618554522,100,3.6742346141747664,0.0003873122498296649,0.0009682806245741623
financial_advisor_vs_bank_teller,all→white,q_jerk_in_grasp,neg,0.015,0.11135075167680682,100,1.3470946333202292,0.18102514023295715,nan
financial_advisor_vs_bank_teller,all→white,q_jerk_in_grasp,pos,0.015,0.11135075167680682,100,1.3470946333202292,0.18102514023295715,nan
financial_advisor_vs_bank_teller,all→white,q_tile_drift,neg,0.03263005912303925,0.17401925837212745,100,1.8750832194251887,0.06372861220415302,0.07034976671887021
financial_advisor_vs_bank_teller,all→white,q_tile_drift,pos,0.0315382669493556,0.11494496368346999,100,2.7437711004202145,0.007211801605150732,0.010216718940630204
financial_advisor_vs_bank_teller,all→white,xpos_reversals,neg,1.045,1.1034724804685956,100,9.470104769230266,1.5670909975864392e-15,1.5857468427958017e-15
financial_advisor_vs_bank_teller,all→white,xpos_reversals,pos,0.93,0.8791065253018446,100,10.578922727034485,5.993432235846545e-18,6.531304359576363e-18
financial_advisor_vs_bank_teller,black→white,d_approach_retreat,neg,0.895,4.594295430754373,100,1.948068019328576,0.054238683377286774,0.7777901933427916
financial_advisor_vs_bank_teller,black→white,d_approach_retreat,pos,-0.47,4.34951524060818,100,-1.0805801888264708,0.2825092586998501,0.7777901933427916
financial_advisor_vs_bank_teller,black→white,d_latency,neg,0.2,1.699673171197595,100,1.176696810829104,0.24213804596373198,0.7350619252470435
financial_advisor_vs_bank_teller,black→white,d_latency,pos,0.095,2.3599081903045858,100,0.4025580333603514,0.6881413028114689,0.9152351728392097
financial_advisor_vs_bank_teller,black→white,d_peak_speed,neg,8.010804653167725e-05,0.0022930920131863258,100,0.3493451029048089,0.7275722292118078,0.851807013803375
financial_advisor_vs_bank_teller,black→white,d_peak_speed,pos,0.0007579157501459121,0.0036978869170791726,100,2.0495914751891937,0.043048689535684054,0.36591386105331447
financial_advisor_vs_bank_teller,black→white,d_time_to_half,neg,0.285,3.3320111013917675,100,0.8553392870778751,0.39442866561370726,0.8256262508633386
financial_advisor_vs_bank_teller,black→white,d_time_to_half,pos,0.77,4.248243843940195,100,1.8125136604348833,0.0729377672855726,0.759750932098028
financial_advisor_vs_bank_teller,black→white,pull_AUC,neg,-2.035282273014484,11.98877371752608,100,-1.6976567587051516,0.09271400275130028,0.20738658510159272
financial_advisor_vs_bank_teller,black→white,pull_AUC,pos,2.103469533551296,17.103315096394997,100,1.2298607151280638,0.22166392812026917,0.3193463371224217
financial_advisor_vs_bank_teller,black→white,pull_MAD,neg,-6.088274039002137,21.831636493465073,100,-2.788739195444445,0.006346355511511037,0.025687629451354197
financial_advisor_vs_bank_teller,black→white,pull_MAD,pos,4.728586911350794,34.6196817499933,100,1.365866660906468,0.17507579286319855,0.27057167987948866
financial_advisor_vs_bank_teller,black→white,pull_early,neg,-0.1876282375305892,7.730243274723294,100,-0.2427197060461275,0.8087246954595897,0.9983226283285012
financial_advisor_vs_bank_teller,black→white,pull_early,pos,0.16962596680968992,7.953234772285765,100,0.21327921489351342,0.8315477770949292,0.9983226283285012
financial_advisor_vs_bank_teller,black→white,pull_release,neg,-6.717750902753323,20.707475090110226,100,-3.2441187897223083,0.0016070278386120197,0.01138311385683514
financial_advisor_vs_bank_teller,black→white,pull_release,pos,4.268603400778375,30.919512446966568,100,1.38055326975156,0.17052542665872938,0.30839704821259567
financial_advisor_vs_bank_teller,black→white,pull_tcp,neg,-8.329728168901056,38.98342912189472,100,-2.136735622424435,0.03508386475504577,0.15695413179888895
financial_advisor_vs_bank_teller,black→white,pull_tcp,pos,-1.3878871477209032,46.86701446617127,100,-0.2961330401625398,0.7677487839272874,0.8838461535812092
financial_advisor_vs_bank_teller,black→white,q_exploded,neg,0.025,0.10952145677879516,100,2.2826577307580465,0.024589522572171077,0.02750143971887555
financial_advisor_vs_bank_teller,black→white,q_exploded,pos,0.06,0.16329931618554522,100,3.6742346141747664,0.0003873122498296649,0.0009682806245741623
financial_advisor_vs_bank_teller,black→white,q_jerk_in_grasp,neg,0.015,0.11135075167680682,100,1.3470946333202292,0.18102514023295715,nan
financial_advisor_vs_bank_teller,black→white,q_jerk_in_grasp,pos,0.015,0.11135075167680682,100,1.3470946333202292,0.18102514023295715,nan
financial_advisor_vs_bank_teller,black→white,q_tile_drift,neg,0.03263005912303925,0.17401925837212745,100,1.8750832194251887,0.06372861220415302,0.07034976671887021
financial_advisor_vs_bank_teller,black→white,q_tile_drift,pos,0.0315382669493556,0.11494496368346999,100,2.7437711004202145,0.007211801605150732,0.010216718940630204
financial_advisor_vs_bank_teller,black→white,xpos_reversals,neg,1.045,1.1034724804685956,100,9.470104769230266,1.5670909975864392e-15,1.5857468427958017e-15
financial_advisor_vs_bank_teller,black→white,xpos_reversals,pos,0.93,0.8791065253018446,100,10.578922727034485,5.993432235846545e-18,6.531304359576363e-18
gender,all→white,d_approach_retreat,-,-0.06166666666666667,3.4416343081826337,300,-0.31034616183984415,0.7565139427069097,0.9124198960234513
gender,all→white,d_latency,-,-0.245,2.6338689956578376,300,-1.6111372606380836,0.10820489579254651,0.6410788062505324
gender,all→white,d_peak_speed,-,-0.0003254842075208823,0.0030888082646589056,300,-1.825154351397448,0.0689753074707473,0.41877865250096574
gender,all→white,d_time_to_half,-,0.295,4.986148874833832,300,1.0247487611365131,0.30631008331437676,0.8256262508633386
gender,all→white,pull_AUC,-,3.5618592772884465,18.24622254254083,300,3.381149837063786,0.0008178187600090711,0.006319508600070095
gender,all→white,pull_MAD,-,8.45939632349958,34.726459997350275,300,4.219291063581095,3.2532155051782055e-05,0.000553046635880295
gender,all→white,pull_early,-,0.8233472909778358,10.211843660808372,300,1.396495469002234,0.163601124113087,0.624361751488194
gender,all→white,pull_release,-,6.993774535852329,33.01746766177957,300,3.668837645838034,0.00028839995966992247,0.0022285451429039462
gender,all→white,pull_tcp,-,12.303361211282512,70.79873461463269,300,3.009947400586608,0.002835570578631894,0.06025587479592775
gender,all→white,q_exploded,-,0.07333333333333333,0.18638137140707176,300,6.814900988377336,5.202638545908992e-11,3.158744831444745e-10
gender,all→white,q_jerk_in_grasp,-,0.04833333333333333,0.1640740377240484,300,5.102317843441813,5.973947105869445e-07,nan
gender,all→white,q_tile_drift,-,0.09835931482414405,0.27219065961477834,300,6.258970492014283,1.3417146836546495e-09,1.0367795282785928e-08
gender,all→white,xpos_reversals,-,0.9166666666666666,0.8042875628996172,300,19.74061658429042,4.1152650177632025e-56,2.1862345406867014e-55
gender,black→white,d_approach_retreat,-,-0.06166666666666667,3.4416343081826337,300,-0.31034616183984415,0.7565139427069097,0.9124198960234513
gender,black→white,d_latency,-,-0.245,2.6338689956578376,300,-1.6111372606380836,0.10820489579254651,0.6410788062505324
gender,black→white,d_peak_speed,-,-0.0003254842075208823,0.0030888082646589056,300,-1.825154351397448,0.0689753074707473,0.41877865250096574
gender,black→white,d_time_to_half,-,0.295,4.986148874833832,300,1.0247487611365131,0.30631008331437676,0.8256262508633386
gender,black→white,pull_AUC,-,3.5618592772884465,18.24622254254083,300,3.381149837063786,0.0008178187600090711,0.006319508600070095
gender,black→white,pull_MAD,-,8.45939632349958,34.726459997350275,300,4.219291063581095,3.2532155051782055e-05,0.000553046635880295
gender,black→white,pull_early,-,0.8233472909778358,10.211843660808372,300,1.396495469002234,0.163601124113087,0.624361751488194
gender,black→white,pull_release,-,6.993774535852329,33.01746766177957,300,3.668837645838034,0.00028839995966992247,0.0022285451429039462
gender,black→white,pull_tcp,-,12.303361211282512,70.79873461463269,300,3.009947400586608,0.002835570578631894,0.06025587479592775
gender,black→white,q_exploded,-,0.07333333333333333,0.18638137140707176,300,6.814900988377336,5.202638545908992e-11,3.158744831444745e-10
gender,black→white,q_jerk_in_grasp,-,0.04833333333333333,0.1640740377240484,300,5.102317843441813,5.973947105869445e-07,nan
gender,black→white,q_tile_drift,-,0.09835931482414405,0.27219065961477834,300,6.258970492014283,1.3417146836546495e-09,1.0367795282785928e-08
gender,black→white,xpos_reversals,-,0.9166666666666666,0.8042875628996172,300,19.74061658429042,4.1152650177632025e-56,2.1862345406867014e-55
health,all→white,d_approach_retreat,neg,-0.3,3.4494912521979093,100,-0.8696934651127155,0.3865716833822733,0.7842156182417004
health,all→white,d_approach_retreat,pos,0.15,3.783603648065765,100,0.39644744521980324,0.692628206072518,0.9124198960234513
health,all→white,d_latency,neg,-0.04,3.136362172448788,100,-0.1275362914123182,0.8987746487334752,0.9794339120813512
health,all→white,d_latency,pos,-0.065,0.8979634646456301,100,-0.7238601853990956,0.4708586001312839,0.8891269976445667
health,all→white,d_peak_speed,neg,-0.00048521816730499266,0.00257124772656101,100,-1.8870922559996262,0.062077519049574856,0.41877865250096574
health,all→white,d_peak_speed,pos,0.0004405607096850872,0.0024451221163091365,100,1.8017943019962737,0.07462142697967541,0.42078197761792513
health,all→white,d_time_to_half,neg,-0.37,4.1314389598283885,100,-0.8955717453353564,0.3726539049596018,0.8256262508633386
health,all→white,d_time_to_half,pos,0.015,2.7747554264777428,100,0.054058818506540984,0.9569972423422306,0.9800574168565012
health,all→white,pull_AUC,neg,1.8423053945516,15.23820017359942,100,1.209004589494396,0.22954060878258625,0.3251825291086639
health,all→white,pull_AUC,pos,2.555565845174715,8.391487546575375,100,3.0454264884390607,0.0029774812697795643,0.015817869245703935
health,all→white,pull_MAD,neg,3.9495211797300724,32.61530023430509,100,1.210941230452304,0.22880079652649643,0.3411941702588105
health,all→white,pull_MAD,pos,3.4383313031867146,17.185775275973516,100,2.000684431149089,0.04816456862042691,0.11697109522103677
health,all→white,pull_early,neg,-0.6564989555627108,5.98098528901832,100,-1.0976434882194206,0.27502274432022755,0.7540946215232046
health,all→white,pull_early,pos,0.8562875930219894,6.68591991907533,100,1.2807326491885576,0.2032798888192452,0.689672747751126
health,all→white,pull_release,neg,2.7029028825927526,29.267674053887525,100,0.9235113380093609,0.3579861997998487,0.46794625082413444
health,all→white,pull_release,pos,1.652627158910036,17.13395843008254,100,0.9645331904205364,0.33712886147511056,0.461689127075685
health,all→white,pull_tcp,neg,1.6840934910578653,60.09079778722617,100,0.2802581348680084,0.7798642531598905,0.8838461535812092
health,all→white,pull_tcp,pos,-5.980226052924991,41.51153899605382,100,-1.4406177649769822,0.15284792001092734,0.41352560706776753
health,all→white,q_exploded,neg,0.045,0.16041297713191172,100,2.805259325309781,0.006053018875324038,0.008166771498453075
health,all→white,q_exploded,pos,0.05,0.15075567228888181,100,3.3166247903554003,0.0012748384719836199,0.002462756139059266
health,all→white,q_jerk_in_grasp,neg,0.045,0.18929694486000917,100,2.3772174470791834,0.01936555251614669,nan
health,all→white,q_jerk_in_grasp,pos,0.0,0.0,100,nan,nan,nan
health,all→white,q_tile_drift,neg,0.11856087446212768,0.411943706307013,100,2.8780843752900243,0.004902061594562183,0.008283890068078902
health,all→white,q_tile_drift,pos,0.04970399808138609,0.1599246837653462,100,3.1079628804716366,0.002459206590712443,0.005225814005263942
health,all→white,xpos_reversals,neg,1.175,0.8627387680046503,100,13.619418108653564,2.001559476510929e-24,5.488146951723515e-24
health,all→white,xpos_reversals,pos,0.695,0.7173710421540668,100,9.688152422672472,5.240866344388671e-16,5.367152280398037e-16
health,black→white,d_approach_retreat,neg,-0.3,3.4494912521979093,100,-0.8696934651127155,0.3865716833822733,0.7842156182417004
health,black→white,d_approach_retreat,pos,0.15,3.783603648065765,100,0.39644744521980324,0.692628206072518,0.9124198960234513
health,black→white,d_latency,neg,-0.04,3.136362172448788,100,-0.1275362914123182,0.8987746487334752,0.9794339120813512
health,black→white,d_latency,pos,-0.065,0.8979634646456301,100,-0.7238601853990956,0.4708586001312839,0.8891269976445667
health,black→white,d_peak_speed,neg,-0.00048521816730499266,0.00257124772656101,100,-1.8870922559996262,0.062077519049574856,0.41877865250096574
health,black→white,d_peak_speed,pos,0.0004405607096850872,0.0024451221163091365,100,1.8017943019962737,0.07462142697967541,0.42078197761792513
health,black→white,d_time_to_half,neg,-0.37,4.1314389598283885,100,-0.8955717453353564,0.3726539049596018,0.8256262508633386
health,black→white,d_time_to_half,pos,0.015,2.7747554264777428,100,0.054058818506540984,0.9569972423422306,0.9800574168565012
health,black→white,pull_AUC,neg,1.8423053945516,15.23820017359942,100,1.209004589494396,0.22954060878258625,0.3251825291086639
health,black→white,pull_AUC,pos,2.555565845174715,8.391487546575375,100,3.0454264884390607,0.0029774812697795643,0.015817869245703935
health,black→white,pull_MAD,neg,3.9495211797300724,32.61530023430509,100,1.210941230452304,0.22880079652649643,0.3411941702588105
health,black→white,pull_MAD,pos,3.4383313031867146,17.185775275973516,100,2.000684431149089,0.04816456862042691,0.11697109522103677
health,black→white,pull_early,neg,-0.6564989555627108,5.98098528901832,100,-1.0976434882194206,0.27502274432022755,0.7540946215232046
health,black→white,pull_early,pos,0.8562875930219894,6.68591991907533,100,1.2807326491885576,0.2032798888192452,0.689672747751126
health,black→white,pull_release,neg,2.7029028825927526,29.267674053887525,100,0.9235113380093609,0.3579861997998487,0.46794625082413444
health,black→white,pull_release,pos,1.652627158910036,17.13395843008254,100,0.9645331904205364,0.33712886147511056,0.461689127075685
health,black→white,pull_tcp,neg,1.6840934910578653,60.09079778722617,100,0.2802581348680084,0.7798642531598905,0.8838461535812092
health,black→white,pull_tcp,pos,-5.980226052924991,41.51153899605382,100,-1.4406177649769822,0.15284792001092734,0.41352560706776753
health,black→white,q_exploded,neg,0.045,0.16041297713191172,100,2.805259325309781,0.006053018875324038,0.008166771498453075
health,black→white,q_exploded,pos,0.05,0.15075567228888181,100,3.3166247903554003,0.0012748384719836199,0.002462756139059266
health,black→white,q_jerk_in_grasp,neg,0.045,0.18929694486000917,100,2.3772174470791834,0.01936555251614669,nan
health,black→white,q_jerk_in_grasp,pos,0.0,0.0,100,nan,nan,nan
health,black→white,q_tile_drift,neg,0.11856087446212768,0.411943706307013,100,2.8780843752900243,0.004902061594562183,0.008283890068078902
health,black→white,q_tile_drift,pos,0.04970399808138609,0.1599246837653462,100,3.1079628804716366,0.002459206590712443,0.005225814005263942
health,black→white,xpos_reversals,neg,1.175,0.8627387680046503,100,13.619418108653564,2.001559476510929e-24,5.488146951723515e-24
health,black→white,xpos_reversals,pos,0.695,0.7173710421540668,100,9.688152422672472,5.240866344388671e-16,5.367152280398037e-16
high_school_drop_out_vs_college_graduate,all→white,d_approach_retreat,neg,0.235,4.265467989765856,100,0.5509360299123939,0.5829187178333732,0.9124198960234513
high_school_drop_out_vs_college_graduate,all→white,d_approach_retreat,pos,0.43,4.164557041695474,100,1.0325227765998817,0.30434306442817716,0.7839139538301533
high_school_drop_out_vs_college_graduate,all→white,d_latency,neg,-0.17,2.0216255085870123,100,-0.8409074740989948,0.40242625402441146,0.8891269976445667
high_school_drop_out_vs_college_graduate,all→white,d_latency,pos,0.05,2.5151058776436384,100,0.1987987879335091,0.8428278423500901,0.9681130621588873
high_school_drop_out_vs_college_graduate,all→white,d_peak_speed,neg,-0.0003529825620353222,0.0028647504707165106,100,-1.232158143068694,0.22080843168681305,0.5687489907084579
high_school_drop_out_vs_college_graduate,all→white,d_peak_speed,pos,-0.00024405229836702347,0.0026961363365577513,100,-0.9051927198852759,0.3675609552438055,0.6387667492108996
high_school_drop_out_vs_college_graduate,all→white,d_time_to_half,neg,0.63,3.7823486904516903,100,1.6656317319193672,0.09894820378032365,0.8003158784989622
high_school_drop_out_vs_college_graduate,all→white,d_time_to_half,pos,0.09,2.3723789364647923,100,0.3793660389436511,0.7052285676618395,0.8984759311600312
high_school_drop_out_vs_college_graduate,all→white,pull_AUC,neg,5.838341320198319,14.186874450163941,100,4.115311896716512,8.009572529608599e-05,0.0011346894416945515
high_school_drop_out_vs_college_graduate,all→white,pull_AUC,pos,-0.28331696147341445,15.632924810161038,100,-0.18123093721353087,0.8565568323104233,0.9216117815998226
high_school_drop_out_vs_college_graduate,all→white,pull_MAD,neg,11.094598061114084,28.144821970112545,100,3.9419677526813355,0.00015081346609074336,0.0012819144617713185
high_school_drop_out_vs_college_graduate,all→white,pull_MAD,pos,-0.8693921406054882,29.955123627213528,100,-0.29023153148186837,0.7722461725305791,0.8103817859888792
high_school_drop_out_vs_college_graduate,all→white,pull_early,neg,2.4164870921522383,7.852891705965976,100,3.0771939594129276,0.002702730329718317,0.12787780462133277
high_school_drop_out_vs_college_graduate,all→white,pull_early,pos,0.18255221610888822,8.552437744415633,100,0.21345050565037652,0.831414549492424,0.9983226283285012
high_school_drop_out_vs_college_graduate,all→white,pull_release,neg,10.138099055620842,26.097168970636346,100,3.884750513370967,0.00018514892472380255,0.0015737658601523215
high_school_drop_out_vs_college_graduate,all→white,pull_release,pos,-0.9486028470564634,26.294935008116155,100,-0.3607549692606842,0.7190512548729229,0.7920076711111056
high_school_drop_out_vs_college_graduate,all→white,pull_tcp,neg,6.548736699623987,40.24774133161715,100,1.6271066357901531,0.10689324248654003,0.33651576338355194
high_school_drop_out_vs_college_graduate,all→white,pull_tcp,pos,-2.9785283165983856,62.13521694079501,100,-0.47936234284599827,0.6327381065689769,0.8034575631505204
high_school_drop_out_vs_college_graduate,all→white,q_exploded,neg,0.05,0.15075567228888181,100,3.3166247903554003,0.0012748384719836199,0.002462756139059266
high_school_drop_out_vs_college_graduate,all→white,q_exploded,pos,0.085,0.21385117075275328,100,3.9747268953824815,0.00013398883430865255,0.0004555620366494187
high_school_drop_out_vs_college_graduate,all→white,q_jerk_in_grasp,neg,0.025,0.10952145677879516,100,2.2826577307580465,0.024589522572171077,nan
high_school_drop_out_vs_college_graduate,all→white,q_jerk_in_grasp,pos,0.055,0.17254775360093005,100,3.187523387131685,0.001920782408508495,nan
high_school_drop_out_vs_college_graduate,all→white,q_tile_drift,neg,0.03430917553603649,0.1206543600916538,100,2.8435918527912203,0.005419533066465449,0.00869170397452006
high_school_drop_out_vs_college_graduate,all→white,q_tile_drift,pos,0.08089498814195395,0.2651274619285906,100,3.0511734828790464,0.0029259343400138216,0.005925101372027173
high_school_drop_out_vs_college_graduate,all→white,xpos_reversals,neg,1.025,0.7989102426165131,100,12.829976952642637,8.896043139499138e-23,1.8443016264815286e-22
high_school_drop_out_vs_college_graduate,all→white,xpos_reversals,pos,0.91,0.6830561152391921,100,13.32247790038944,8.27648259682024e-24,1.9013541100803254e-23
high_school_drop_out_vs_college_graduate,black→white,d_approach_retreat,neg,0.235,4.265467989765856,100,0.5509360299123939,0.5829187178333732,0.9124198960234513
high_school_drop_out_vs_college_graduate,black→white,d_approach_retreat,pos,0.43,4.164557041695474,100,1.0325227765998817,0.30434306442817716,0.7839139538301533
high_school_drop_out_vs_college_graduate,black→white,d_latency,neg,-0.17,2.0216255085870123,100,-0.8409074740989948,0.40242625402441146,0.8891269976445667
high_school_drop_out_vs_college_graduate,black→white,d_latency,pos,0.05,2.5151058776436384,100,0.1987987879335091,0.8428278423500901,0.9681130621588873
high_school_drop_out_vs_college_graduate,black→white,d_peak_speed,neg,-0.0003529825620353222,0.0028647504707165106,100,-1.232158143068694,0.22080843168681305,0.5687489907084579
high_school_drop_out_vs_college_graduate,black→white,d_peak_speed,pos,-0.00024405229836702347,0.0026961363365577513,100,-0.9051927198852759,0.3675609552438055,0.6387667492108996
high_school_drop_out_vs_college_graduate,black→white,d_time_to_half,neg,0.63,3.7823486904516903,100,1.6656317319193672,0.09894820378032365,0.8003158784989622
high_school_drop_out_vs_college_graduate,black→white,d_time_to_half,pos,0.09,2.3723789364647923,100,0.3793660389436511,0.7052285676618395,0.8984759311600312
high_school_drop_out_vs_college_graduate,black→white,pull_AUC,neg,5.838341320198319,14.186874450163941,100,4.115311896716512,8.009572529608599e-05,0.0011346894416945515
high_school_drop_out_vs_college_graduate,black→white,pull_AUC,pos,-0.28331696147341445,15.632924810161038,100,-0.18123093721353087,0.8565568323104233,0.9216117815998226
high_school_drop_out_vs_college_graduate,black→white,pull_MAD,neg,11.094598061114084,28.144821970112545,100,3.9419677526813355,0.00015081346609074336,0.0012819144617713185
high_school_drop_out_vs_college_graduate,black→white,pull_MAD,pos,-0.8693921406054882,29.955123627213528,100,-0.29023153148186837,0.7722461725305791,0.8103817859888792
high_school_drop_out_vs_college_graduate,black→white,pull_early,neg,2.4164870921522383,7.852891705965976,100,3.0771939594129276,0.002702730329718317,0.12787780462133277
high_school_drop_out_vs_college_graduate,black→white,pull_early,pos,0.18255221610888822,8.552437744415633,100,0.21345050565037652,0.831414549492424,0.9983226283285012
high_school_drop_out_vs_college_graduate,black→white,pull_release,neg,10.138099055620842,26.097168970636346,100,3.884750513370967,0.00018514892472380255,0.0015737658601523215
high_school_drop_out_vs_college_graduate,black→white,pull_release,pos,-0.9486028470564634,26.294935008116155,100,-0.3607549692606842,0.7190512548729229,0.7920076711111056
high_school_drop_out_vs_college_graduate,black→white,pull_tcp,neg,6.548736699623987,40.24774133161715,100,1.6271066357901531,0.10689324248654003,0.33651576338355194
high_school_drop_out_vs_college_graduate,black→white,pull_tcp,pos,-2.9785283165983856,62.13521694079501,100,-0.47936234284599827,0.6327381065689769,0.8034575631505204
high_school_drop_out_vs_college_graduate,black→white,q_exploded,neg,0.05,0.15075567228888181,100,3.3166247903554003,0.0012748384719836199,0.002462756139059266
high_school_drop_out_vs_college_graduate,black→white,q_exploded,pos,0.085,0.21385117075275328,100,3.9747268953824815,0.00013398883430865255,0.0004555620366494187
high_school_drop_out_vs_college_graduate,black→white,q_jerk_in_grasp,neg,0.025,0.10952145677879516,100,2.2826577307580465,0.024589522572171077,nan
high_school_drop_out_vs_college_graduate,black→white,q_jerk_in_grasp,pos,0.055,0.17254775360093005,100,3.187523387131685,0.001920782408508495,nan
high_school_drop_out_vs_college_graduate,black→white,q_tile_drift,neg,0.03430917553603649,0.1206543600916538,100,2.8435918527912203,0.005419533066465449,0.00869170397452006
high_school_drop_out_vs_college_graduate,black→white,q_tile_drift,pos,0.08089498814195395,0.2651274619285906,100,3.0511734828790464,0.0029259343400138216,0.005925101372027173
high_school_drop_out_vs_college_graduate,black→white,xpos_reversals,neg,1.025,0.7989102426165131,100,12.829976952642637,8.896043139499138e-23,1.8443016264815286e-22
high_school_drop_out_vs_college_graduate,black→white,xpos_reversals,pos,0.91,0.6830561152391921,100,13.32247790038944,8.27648259682024e-24,1.9013541100803254e-23
high_status_vs_low_status,all→white,d_approach_retreat,neg,0.365,4.183816222280585,100,0.872409256544829,0.385096133804012,0.7842156182417004
high_status_vs_low_status,all→white,d_approach_retreat,pos,0.315,5.015961895526494,100,0.6279952012413291,0.5314530818283192,0.9053391349190695
high_status_vs_low_status,all→white,d_latency,neg,0.105,2.7900391004102763,100,0.37633881182725976,0.7074703580131824,0.9152351728392097
high_status_vs_low_status,all→white,d_latency,pos,-0.25,2.904628838056368,100,-0.8606951660208934,0.3914856384913903,0.8891269976445667
high_status_vs_low_status,all→white,d_peak_speed,neg,0.0005413882620632648,0.0036233320245576,100,1.4941723761276526,0.13831113470268266,0.5111498456403489
high_status_vs_low_status,all→white,d_peak_speed,pos,-0.00045709580183029175,0.006712066880848052,100,-0.6810060298036525,0.4974574739492943,0.6931784473063937
high_status_vs_low_status,all→white,d_time_to_half,neg,0.005,8.013717721330826,100,0.006239301375304317,0.9950343455518412,0.9950343455518412
high_status_vs_low_status,all→white,d_time_to_half,pos,-0.145,4.015308458910974,100,-0.3611179601363096,0.718780744928025,0.8984759311600312
high_status_vs_low_status,all→white,pull_AUC,neg,-5.70388267253754,23.613249911256272,100,-2.4155432623522692,0.017545702985790102,0.05142706047559168
high_status_vs_low_status,all→white,pull_AUC,pos,-3.366946413030242,21.012705793785223,100,-1.6023383404654432,0.1122668408732476,0.21883781562418853
high_status_vs_low_status,all→white,pull_MAD,neg,-12.613372865057318,43.897062019042146,100,-2.8733979644436687,0.004969600621113525,0.024848003105567628
high_status_vs_low_status,all→white,pull_MAD,pos,-4.5921947012655435,39.225898237410625,100,-1.1707047913783308,0.24452773789358334,0.352285724083976
high_status_vs_low_status,all→white,pull_early,neg,-2.674842388136313,14.077380523805894,100,-1.9000995132673697,0.06032987073219475,0.3934732239524433
high_status_vs_low_status,all→white,pull_early,pos,-1.7167804348282523,11.857307174679946,100,-1.4478670490162047,0.15081376578472855,0.6228219477763326
high_status_vs_low_status,all→white,pull_release,neg,-8.505936068249866,42.09364700192822,100,-2.0207172991829925,0.04600950564288533,0.1137485583500978
high_status_vs_low_status,all→white,pull_release,pos,-2.8354444459546357,36.06614181443802,100,-0.7861790319971372,0.43364035584106464,0.5420504448013308
high_status_vs_low_status,all→white,pull_tcp,neg,-14.346203277818859,60.91204584354098,100,-2.355232545409589,0.02048340370523898,0.10772014778171263
high_status_vs_low_status,all→white,pull_tcp,pos,-2.1791999554261565,46.307821485803714,100,-0.470590039761257,0.638968686203226,0.8034575631505204
high_status_vs_low_status,all→white,q_exploded,neg,0.07,0.18829377433825437,100,3.7175950318065607,0.00033341165041960173,0.0009682806245741623
high_status_vs_low_status,all→white,q_exploded,pos,0.03,0.11934162828797101,100,2.5137917447891764,0.013556758919315062,0.01622992264988423
high_status_vs_low_status,all→white,q_jerk_in_grasp,neg,0.025,0.10952145677879513,100,2.282657730758047,0.02458952257217105,nan
high_status_vs_low_status,all→white,q_jerk_in_grasp,pos,0.005,0.049999999999999996,100,1.0,0.3197484741393017,nan
high_status_vs_low_status,all→white,q_tile_drift,neg,0.21981121860444547,1.6788615208151179,100,1.3092873705135792,0.19346767504984866,0.19346767504984866
high_status_vs_low_status,all→white,q_tile_drift,pos,0.04031348958611489,0.12148178706726,100,3.318480124415258,0.0012672496105924943,0.003168124026481236
high_status_vs_low_status,all→white,xpos_reversals,neg,0.925,0.8971757032065918,100,10.310132081084692,2.305944658142077e-17,2.4198184684206978e-17
high_status_vs_low_status,all→white,xpos_reversals,pos,0.865,0.731177962004608,100,11.830225265932572,1.1845739907056815e-20,1.5982347493648084e-20
high_status_vs_low_status,black→white,d_approach_retreat,neg,0.365,4.183816222280585,100,0.872409256544829,0.385096133804012,0.7842156182417004
high_status_vs_low_status,black→white,d_approach_retreat,pos,0.315,5.015961895526494,100,0.6279952012413291,0.5314530818283192,0.9053391349190695
high_status_vs_low_status,black→white,d_latency,neg,0.105,2.7900391004102763,100,0.37633881182725976,0.7074703580131824,0.9152351728392097
high_status_vs_low_status,black→white,d_latency,pos,-0.25,2.904628838056368,100,-0.8606951660208934,0.3914856384913903,0.8891269976445667
high_status_vs_low_status,black→white,d_peak_speed,neg,0.0005413882620632648,0.0036233320245576,100,1.4941723761276526,0.13831113470268266,0.5111498456403489
high_status_vs_low_status,black→white,d_peak_speed,pos,-0.00045709580183029175,0.006712066880848052,100,-0.6810060298036525,0.4974574739492943,0.6931784473063937
high_status_vs_low_status,black→white,d_time_to_half,neg,0.005,8.013717721330826,100,0.006239301375304317,0.9950343455518412,0.9950343455518412
high_status_vs_low_status,black→white,d_time_to_half,pos,-0.145,4.015308458910974,100,-0.3611179601363096,0.718780744928025,0.8984759311600312
high_status_vs_low_status,black→white,pull_AUC,neg,-5.70388267253754,23.613249911256272,100,-2.4155432623522692,0.017545702985790102,0.05142706047559168
high_status_vs_low_status,black→white,pull_AUC,pos,-3.366946413030242,21.012705793785223,100,-1.6023383404654432,0.1122668408732476,0.21883781562418853
high_status_vs_low_status,black→white,pull_MAD,neg,-12.613372865057318,43.897062019042146,100,-2.8733979644436687,0.004969600621113525,0.024848003105567628
high_status_vs_low_status,black→white,pull_MAD,pos,-4.5921947012655435,39.225898237410625,100,-1.1707047913783308,0.24452773789358334,0.352285724083976
high_status_vs_low_status,black→white,pull_early,neg,-2.674842388136313,14.077380523805894,100,-1.9000995132673697,0.06032987073219475,0.3934732239524433
high_status_vs_low_status,black→white,pull_early,pos,-1.7167804348282523,11.857307174679946,100,-1.4478670490162047,0.15081376578472855,0.6228219477763326
high_status_vs_low_status,black→white,pull_release,neg,-8.505936068249866,42.09364700192822,100,-2.0207172991829925,0.04600950564288533,0.1137485583500978
high_status_vs_low_status,black→white,pull_release,pos,-2.8354444459546357,36.06614181443802,100,-0.7861790319971372,0.43364035584106464,0.5420504448013308
high_status_vs_low_status,black→white,pull_tcp,neg,-14.346203277818859,60.91204584354098,100,-2.355232545409589,0.02048340370523898,0.10772014778171263
high_status_vs_low_status,black→white,pull_tcp,pos,-2.1791999554261565,46.307821485803714,100,-0.470590039761257,0.638968686203226,0.8034575631505204
high_status_vs_low_status,black→white,q_exploded,neg,0.07,0.18829377433825437,100,3.7175950318065607,0.00033341165041960173,0.0009682806245741623
high_status_vs_low_status,black→white,q_exploded,pos,0.03,0.11934162828797101,100,2.5137917447891764,0.013556758919315062,0.01622992264988423
high_status_vs_low_status,black→white,q_jerk_in_grasp,neg,0.025,0.10952145677879513,100,2.282657730758047,0.02458952257217105,nan
high_status_vs_low_status,black→white,q_jerk_in_grasp,pos,0.005,0.049999999999999996,100,1.0,0.3197484741393017,nan
high_status_vs_low_status,black→white,q_tile_drift,neg,0.21981121860444547,1.6788615208151179,100,1.3092873705135792,0.19346767504984866,0.19346767504984866
high_status_vs_low_status,black→white,q_tile_drift,pos,0.04031348958611489,0.12148178706726,100,3.318480124415258,0.0012672496105924943,0.003168124026481236
high_status_vs_low_status,black→white,xpos_reversals,neg,0.925,0.8971757032065918,100,10.310132081084692,2.305944658142077e-17,2.4198184684206978e-17
high_status_vs_low_status,black→white,xpos_reversals,pos,0.865,0.731177962004608,100,11.830225265932572,1.1845739907056815e-20,1.5982347493648084e-20
hobbies_interests_and_activities,all→white,d_approach_retreat,-,-0.02,3.558930783761185,1200,-0.1946709180714545,0.8456835595487051,0.9251080868988192
hobbies_interests_and_activities,all→white,d_latency,-,-0.11625,2.8696352746777296,1200,-1.4033205415102408,0.16078018990283705,0.7144287763305684
hobbies_interests_and_activities,all→white,d_peak_speed,-,-0.00047000449306021136,0.004400939045154595,1200,-3.699536182680047,0.00022577951871735703,0.016350059121333024
hobbies_interests_and_activities,all→white,d_time_to_half,-,-0.07,5.434508094746008,1200,-0.4461988257853096,0.6555341978614615,0.8984759311600312
hobbies_interests_and_activities,all→white,pull_AUC,-,1.9319920414145633,14.389043757627327,1200,4.651189379801464,3.666423491727294e-06,7.7911499199205e-05
hobbies_interests_and_activities,all→white,pull_MAD,-,4.40765579176538,29.833762300226912,1200,5.117882013529886,3.595810091105401e-07,7.641096443598977e-06
hobbies_interests_and_activities,all→white,pull_early,-,0.5973303290593321,8.760524265443784,1200,2.3619738898815528,0.0183370209080309,0.21150177696009226
hobbies_interests_and_activities,all→white,pull_release,-,3.4534405569866067,27.56580647953676,1200,4.339821880459116,1.546053118025646e-05,0.00021902419172029983
hobbies_interests_and_activities,all→white,pull_tcp,-,5.908588782282702,62.38434220043772,1200,3.2809437788296036,0.0010643758197685154,0.03015731489344127
hobbies_interests_and_activities,all→white,q_exploded,-,0.058333333333333334,0.16569077649868194,1200,12.195766021892986,2.466231609675633e-32,5.24074217056072e-31
hobbies_interests_and_activities,all→white,q_jerk_in_grasp,-,0.022916666666666665,0.11594983121313367,1200,6.846552615298805,1.2050305401421657e-11,nan
hobbies_interests_and_activities,all→white,q_tile_drift,-,0.09711083740927279,0.32633534025037775,1200,10.308470068204706,6.221986040869894e-24,2.644344067369705e-22
hobbies_interests_and_activities,all→white,xpos_reversals,-,1.1125,0.8886329240626338,1200,43.36788501175455,7.151514592648e-248,1.5196968509377e-246
hobbies_interests_and_activities,black→white,d_approach_retreat,-,-0.02,3.558930783761185,1200,-0.1946709180714545,0.8456835595487051,0.9251080868988192
hobbies_interests_and_activities,black→white,d_latency,-,-0.11625,2.8696352746777296,1200,-1.4033205415102408,0.16078018990283705,0.7144287763305684
hobbies_interests_and_activities,black→white,d_peak_speed,-,-0.00047000449306021136,0.004400939045154595,1200,-3.699536182680047,0.00022577951871735703,0.016350059121333024
hobbies_interests_and_activities,black→white,d_time_to_half,-,-0.07,5.434508094746008,1200,-0.4461988257853096,0.6555341978614615,0.8984759311600312
hobbies_interests_and_activities,black→white,pull_AUC,-,1.9319920414145633,14.389043757627327,1200,4.651189379801464,3.666423491727294e-06,7.7911499199205e-05
hobbies_interests_and_activities,black→white,pull_MAD,-,4.40765579176538,29.833762300226912,1200,5.117882013529886,3.595810091105401e-07,7.641096443598977e-06
hobbies_interests_and_activities,black→white,pull_early,-,0.5973303290593321,8.760524265443784,1200,2.3619738898815528,0.0183370209080309,0.21150177696009226
hobbies_interests_and_activities,black→white,pull_release,-,3.4534405569866067,27.56580647953676,1200,4.339821880459116,1.546053118025646e-05,0.00021902419172029983
hobbies_interests_and_activities,black→white,pull_tcp,-,5.908588782282702,62.38434220043772,1200,3.2809437788296036,0.0010643758197685154,0.03015731489344127
hobbies_interests_and_activities,black→white,q_exploded,-,0.058333333333333334,0.16569077649868194,1200,12.195766021892986,2.466231609675633e-32,5.24074217056072e-31
hobbies_interests_and_activities,black→white,q_jerk_in_grasp,-,0.022916666666666665,0.11594983121313367,1200,6.846552615298805,1.2050305401421657e-11,nan
hobbies_interests_and_activities,black→white,q_tile_drift,-,0.09711083740927279,0.32633534025037775,1200,10.308470068204706,6.221986040869894e-24,2.644344067369705e-22
hobbies_interests_and_activities,black→white,xpos_reversals,-,1.1125,0.8886329240626338,1200,43.36788501175455,7.151514592648e-248,1.5196968509377e-246
housing_tenure,all→white,d_approach_retreat,-,-0.47,3.920819848300644,100,-1.1987288837147332,0.2334949212882108,0.7777901933427916
housing_tenure,all→white,d_latency,-,-0.165,2.615083481681152,100,-0.6309550006943826,0.5295239241086548,0.8891269976445667
housing_tenure,all→white,d_peak_speed,-,0.00019226456061005592,0.002694933052151717,100,0.7134298214070514,0.47725827245047825,0.6811603575892009
housing_tenure,all→white,d_time_to_half,-,-0.25,4.522390982878438,100,-0.552804923206526,0.5816430788828281,0.8984759311600312
housing_tenure,all→white,pull_AUC,-,1.0330383348138428,13.421229249064568,100,0.7697047085950367,0.4433077545943177,0.5461037556596667
housing_tenure,all→white,pull_MAD,-,1.4357423397479578,27.758865365949724,100,0.5172193894888457,0.6061567032271324,0.7156016635320314
housing_tenure,all→white,pull_early,-,0.1727900507394223,8.739004301699008,100,0.19772281231836564,0.8436673522043245,0.9983226283285012
housing_tenure,all→white,pull_release,-,3.24413160153199,26.127120417502017,100,1.2416720823772116,0.2172912960865363,0.3529617495481187
housing_tenure,all→white,pull_tcp,-,-0.699206134013366,62.26237088917567,100,-0.1122999532507239,0.9108129673231062,0.9674354981006883
housing_tenure,all→white,q_exploded,-,0.05,0.15075567228888181,100,3.3166247903554003,0.0012748384719836199,0.002462756139059266
housing_tenure,all→white,q_jerk_in_grasp,-,0.01,0.07035264706814483,100,1.421410624438029,0.15833990565972564,nan
housing_tenure,all→white,q_tile_drift,-,0.04237228702753782,0.10927444625210934,100,3.877602539369528,0.00018992922912159797,0.0006947944293728031
housing_tenure,all→white,xpos_reversals,-,0.92,0.7644896627453144,100,12.034171877435744,4.3366012908541644e-21,6.355363960734551e-21
housing_tenure,black→white,d_approach_retreat,-,-0.47,3.920819848300644,100,-1.1987288837147332,0.2334949212882108,0.7777901933427916
housing_tenure,black→white,d_latency,-,-0.165,2.615083481681152,100,-0.6309550006943826,0.5295239241086548,0.8891269976445667
housing_tenure,black→white,d_peak_speed,-,0.00019226456061005592,0.002694933052151717,100,0.7134298214070514,0.47725827245047825,0.6811603575892009
housing_tenure,black→white,d_time_to_half,-,-0.25,4.522390982878438,100,-0.552804923206526,0.5816430788828281,0.8984759311600312
housing_tenure,black→white,pull_AUC,-,1.0330383348138428,13.421229249064568,100,0.7697047085950367,0.4433077545943177,0.5461037556596667
housing_tenure,black→white,pull_MAD,-,1.4357423397479578,27.758865365949724,100,0.5172193894888457,0.6061567032271324,0.7156016635320314
housing_tenure,black→white,pull_early,-,0.1727900507394223,8.739004301699008,100,0.19772281231836564,0.8436673522043245,0.9983226283285012
housing_tenure,black→white,pull_release,-,3.24413160153199,26.127120417502017,100,1.2416720823772116,0.2172912960865363,0.3529617495481187
housing_tenure,black→white,pull_tcp,-,-0.699206134013366,62.26237088917567,100,-0.1122999532507239,0.9108129673231062,0.9674354981006883
housing_tenure,black→white,q_exploded,-,0.05,0.15075567228888181,100,3.3166247903554003,0.0012748384719836199,0.002462756139059266
housing_tenure,black→white,q_jerk_in_grasp,-,0.01,0.07035264706814483,100,1.421410624438029,0.15833990565972564,nan
housing_tenure,black→white,q_tile_drift,-,0.04237228702753782,0.10927444625210934,100,3.877602539369528,0.00018992922912159797,0.0006947944293728031
housing_tenure,black→white,xpos_reversals,-,0.92,0.7644896627453144,100,12.034171877435744,4.3366012908541644e-21,6.355363960734551e-21
income,all→white,d_approach_retreat,neg,0.16,3.9529301240543786,100,0.4047630364786053,0.686524927812332,0.9124198960234513
income,all→white,d_approach_retreat,pos,0.64,4.593077795592367,100,1.3934011755998563,0.1666190078970656,0.7777901933427916
income,all→white,d_latency,neg,0.19,1.9640455054490837,100,0.9673910277173341,0.3357059550196114,0.8891269976445667
income,all→white,d_latency,pos,-0.165,1.9162450129080442,100,-0.8610589923968033,0.391286209829819,0.8891269976445667
income,all→white,d_peak_speed,neg,-0.0004093608632683754,0.003965492643004515,100,-1.0323077108477925,0.3044432656796824,0.6150181848118614
income,all→white,d_peak_speed,pos,-4.8182494938373564e-05,0.002335899396449824,100,-0.2062695637132442,0.8370039600113676,0.9291077863041937
income,all→white,d_time_to_half,neg,0.28,2.7819040060702847,100,1.0065048951690025,0.3166265046237005,0.8256262508633386
income,all→white,d_time_to_half,pos,0.645,3.15931762866412,100,2.041580099917749,0.043853339673430504,0.7455067744483186
income,all→white,pull_AUC,neg,-0.4560126604539403,10.943905672202714,100,-0.416681826500207,0.6778132124250691,0.7580805665280378
income,all→white,pull_AUC,pos,1.832911701139266,11.47167244376193,100,1.5977719989171828,0.11328075161722699,0.21883781562418853
income,all→white,pull_MAD,neg,-1.1705165700172087,24.70950142588377,100,-0.4737111242524164,0.6367489213813244,0.7414199769508573
income,all→white,pull_MAD,pos,3.878392185154371,25.30316338430192,100,1.5327696882202975,0.12852212138211516,0.22327760184793854
income,all→white,pull_early,neg,-0.3883536849170926,3.873590151675923,100,-1.0025678239321987,0.3185136349470827,0.8204139081970311
income,all→white,pull_early,pos,0.04591776803135904,4.864860408097692,100,0.09438660964439528,0.9249928238908516,0.9983226283285012
income,all→white,pull_release,neg,-0.7281928835436702,21.95987000182991,100,-0.3316016367505774,0.7408910329697272,0.7920076711111056
income,all→white,pull_release,pos,2.6985882146982476,22.178893023019075,100,1.216737107617333,0.2265970256612035,0.35376916951666926
income,all→white,pull_tcp,neg,-2.932344119180925,58.31588649270673,100,-0.5028379564370781,0.6161950152328834,0.8034575631505204
income,all→white,pull_tcp,pos,5.9402759140357375,37.096656199766535,100,1.6012968613794152,0.11249744910800108,0.3415101133635747
income,all→white,q_exploded,neg,0.04,0.13632996217214538,100,2.934057881530954,0.004158024036355915,0.005890534051504214
income,all→white,q_exploded,pos,0.055,0.15723301886761007,100,3.4979930040209872,0.0007037584014813345,0.001616742273673336
income,all→white,q_jerk_in_grasp,neg,0.0,0.0,100,nan,nan,nan
income,all→white,q_jerk_in_grasp,pos,0.005,0.049999999999999996,100,1.0,0.3197484741393017,nan
income,all→white,q_tile_drift,neg,0.04197914540767669,0.11503911786911439,100,3.6491192026905503,0.00042221176201063187,0.0012817142775322751
income,all→white,q_tile_drift,pos,0.11235772594809532,0.44419314666033455,100,2.529479051913716,0.013001284004456572,0.016016074498243604
income,all→white,xpos_reversals,neg,0.895,0.7395569244111263,100,12.101840581272976,3.10937433502239e-21,4.719586044230413e-21
income,all→white,xpos_reversals,pos,1.215,0.9828195884465996,100,12.362390964555095,8.668930596891118e-22,1.5037940831341734e-21
income,black→white,d_approach_retreat,neg,0.16,3.9529301240543786,100,0.4047630364786053,0.686524927812332,0.9124198960234513
income,black→white,d_approach_retreat,pos,0.64,4.593077795592367,100,1.3934011755998563,0.1666190078970656,0.7777901933427916
income,black→white,d_latency,neg,0.19,1.9640455054490837,100,0.9673910277173341,0.3357059550196114,0.8891269976445667
income,black→white,d_latency,pos,-0.165,1.9162450129080442,100,-0.8610589923968033,0.391286209829819,0.8891269976445667
income,black→white,d_peak_speed,neg,-0.0004093608632683754,0.003965492643004515,100,-1.0323077108477925,0.3044432656796824,0.6150181848118614
income,black→white,d_peak_speed,pos,-4.8182494938373564e-05,0.002335899396449824,100,-0.2062695637132442,0.8370039600113676,0.9291077863041937
income,black→white,d_time_to_half,neg,0.28,2.7819040060702847,100,1.0065048951690025,0.3166265046237005,0.8256262508633386
income,black→white,d_time_to_half,pos,0.645,3.15931762866412,100,2.041580099917749,0.043853339673430504,0.7455067744483186
income,black→white,pull_AUC,neg,-0.4560126604539403,10.943905672202714,100,-0.416681826500207,0.6778132124250691,0.7580805665280378
income,black→white,pull_AUC,pos,1.832911701139266,11.47167244376193,100,1.5977719989171828,0.11328075161722699,0.21883781562418853
income,black→white,pull_MAD,neg,-1.1705165700172087,24.70950142588377,100,-0.4737111242524164,0.6367489213813244,0.7414199769508573
income,black→white,pull_MAD,pos,3.878392185154371,25.30316338430192,100,1.5327696882202975,0.12852212138211516,0.22327760184793854
income,black→white,pull_early,neg,-0.3883536849170926,3.873590151675923,100,-1.0025678239321987,0.3185136349470827,0.8204139081970311
income,black→white,pull_early,pos,0.04591776803135904,4.864860408097692,100,0.09438660964439528,0.9249928238908516,0.9983226283285012
income,black→white,pull_release,neg,-0.7281928835436702,21.95987000182991,100,-0.3316016367505774,0.7408910329697272,0.7920076711111056
income,black→white,pull_release,pos,2.6985882146982476,22.178893023019075,100,1.216737107617333,0.2265970256612035,0.35376916951666926
income,black→white,pull_tcp,neg,-2.932344119180925,58.31588649270673,100,-0.5028379564370781,0.6161950152328834,0.8034575631505204
income,black→white,pull_tcp,pos,5.9402759140357375,37.096656199766535,100,1.6012968613794152,0.11249744910800108,0.3415101133635747
income,black→white,q_exploded,neg,0.04,0.13632996217214538,100,2.934057881530954,0.004158024036355915,0.005890534051504214
income,black→white,q_exploded,pos,0.055,0.15723301886761007,100,3.4979930040209872,0.0007037584014813345,0.001616742273673336
income,black→white,q_jerk_in_grasp,neg,0.0,0.0,100,nan,nan,nan
income,black→white,q_jerk_in_grasp,pos,0.005,0.049999999999999996,100,1.0,0.3197484741393017,nan
income,black→white,q_tile_drift,neg,0.04197914540767669,0.11503911786911439,100,3.6491192026905503,0.00042221176201063187,0.0012817142775322751
income,black→white,q_tile_drift,pos,0.11235772594809532,0.44419314666033455,100,2.529479051913716,0.013001284004456572,0.016016074498243604
income,black→white,xpos_reversals,neg,0.895,0.7395569244111263,100,12.101840581272976,3.10937433502239e-21,4.719586044230413e-21
income,black→white,xpos_reversals,pos,1.215,0.9828195884465996,100,12.362390964555095,8.668930596891118e-22,1.5037940831341734e-21
income_and_wealth,all→white,d_approach_retreat,-,0.14083333333333334,3.7786964529709244,600,0.9129333613731757,0.3616448812480406,0.7842156182417004
income_and_wealth,all→white,d_latency,-,-0.15333333333333332,2.347304543497092,600,-1.600083927189055,0.11010722862059272,0.6410788062505324
income_and_wealth,all→white,d_peak_speed,-,0.0001039396629979213,0.0026513930630212936,600,0.9602466791235764,0.337318518463236,0.6387667492108996
income_and_wealth,all→white,d_time_to_half,-,0.03833333333333333,2.3293576512280048,600,0.4031030046295693,0.6870162874098175,0.8984759311600312
income_and_wealth,all→white,pull_AUC,-,0.7055288511461453,11.280870556238956,600,1.5319612750669307,0.1260599367605165,0.2279807366945511
income_and_wealth,all→white,pull_MAD,-,1.4144922332741168,23.75640070513924,600,1.4584634514528458,0.1452369691079223,0.23740658411871915
income_and_wealth,all→white,pull_early,-,0.22115430709285042,6.099283719799634,600,0.8881620066922447,0.3748101097848964,0.8849683147698942
income_and_wealth,all→white,pull_release,-,1.5669148590920183,22.05510260914741,600,1.740251198635806,0.08232847479124615,0.1706809843233152
income_and_wealth,all→white,pull_tcp,-,6.806070038971181,62.89356748448017,600,2.6507319294994205,0.008244099306219079,0.10010692014694597
income_and_wealth,all→white,q_exploded,-,0.060833333333333336,0.17349199215273337,600,8.588905122959725,7.599359365708837e-17,7.177172734280568e-16
income_and_wealth,all→white,q_jerk_in_grasp,-,0.015,0.11088504176614235,600,3.313552987537998,0.0009767365214497599,nan
income_and_wealth,all→white,q_tile_drift,-,0.0831101246488591,0.312167339532085,600,6.521418869570363,1.4816366566794718e-10,1.3993235090861679e-09
income_and_wealth,all→white,xpos_reversals,-,1.1208333333333333,0.9397452709001453,600,29.21504197344564,2.5814907368758748e-117,2.438074584827215e-116
income_and_wealth,black→white,d_approach_retreat,-,0.14083333333333334,3.7786964529709244,600,0.9129333613731757,0.3616448812480406,0.7842156182417004
income_and_wealth,black→white,d_latency,-,-0.15333333333333332,2.347304543497092,600,-1.600083927189055,0.11010722862059272,0.6410788062505324
income_and_wealth,black→white,d_peak_speed,-,0.0001039396629979213,0.0026513930630212936,600,0.9602466791235764,0.337318518463236,0.6387667492108996
income_and_wealth,black→white,d_time_to_half,-,0.03833333333333333,2.3293576512280048,600,0.4031030046295693,0.6870162874098175,0.8984759311600312
income_and_wealth,black→white,pull_AUC,-,0.7055288511461453,11.280870556238956,600,1.5319612750669307,0.1260599367605165,0.2279807366945511
income_and_wealth,black→white,pull_MAD,-,1.4144922332741168,23.75640070513924,600,1.4584634514528458,0.1452369691079223,0.23740658411871915
income_and_wealth,black→white,pull_early,-,0.22115430709285042,6.099283719799634,600,0.8881620066922447,0.3748101097848964,0.8849683147698942
income_and_wealth,black→white,pull_release,-,1.5669148590920183,22.05510260914741,600,1.740251198635806,0.08232847479124615,0.1706809843233152
income_and_wealth,black→white,pull_tcp,-,6.806070038971181,62.89356748448017,600,2.6507319294994205,0.008244099306219079,0.10010692014694597
income_and_wealth,black→white,q_exploded,-,0.060833333333333336,0.17349199215273337,600,8.588905122959725,7.599359365708837e-17,7.177172734280568e-16
income_and_wealth,black→white,q_jerk_in_grasp,-,0.015,0.11088504176614235,600,3.313552987537998,0.0009767365214497599,nan
income_and_wealth,black→white,q_tile_drift,-,0.0831101246488591,0.312167339532085,600,6.521418869570363,1.4816366566794718e-10,1.3993235090861679e-09
income_and_wealth,black→white,xpos_reversals,-,1.1208333333333333,0.9397452709001453,600,29.21504197344564,2.5814907368758748e-117,2.438074584827215e-116
janitor_vs_stay_at_home_parent,all→white,d_approach_retreat,neg,0.115,3.91568653113359,100,0.2936905165560011,0.7696092155698515,0.9124198960234513
janitor_vs_stay_at_home_parent,all→white,d_approach_retreat,pos,-0.325,3.894035195142707,100,-0.8346098165866462,0.405946908266292,0.7842156182417004
janitor_vs_stay_at_home_parent,all→white,d_latency,neg,0.1,2.937909653361235,100,0.3403780639938704,0.7342930253626827,0.9152351728392097
janitor_vs_stay_at_home_parent,all→white,d_latency,pos,-0.46,2.938494082816481,100,-1.5654276885904097,0.12067365764715904,0.6410788062505324
janitor_vs_stay_at_home_parent,all→white,d_peak_speed,neg,0.0006295258551836014,0.0060574377986307,100,1.0392609484589463,0.30121494238044644,0.6150181848118614
janitor_vs_stay_at_home_parent,all→white,d_peak_speed,pos,0.00027733869850635526,0.0035885164243714854,100,0.7728505758613883,0.44145210850019456,0.6811603575892009
janitor_vs_stay_at_home_parent,all→white,d_time_to_half,neg,0.17,2.557638588916572,100,0.6646756142040101,0.5078033105382496,0.8803510390058652
janitor_vs_stay_at_home_parent,all→white,d_time_to_half,pos,-0.185,3.7963665510457485,100,-0.487308054984943,0.6271173486174726,0.8984759311600312
janitor_vs_stay_at_home_parent,all→white,pull_AUC,neg,4.153366145369614,15.80853427685484,100,2.62729363306662,0.009975664812849476,0.03686658735183502
janitor_vs_stay_at_home_parent,all→white,pull_AUC,pos,-3.804581224187248,17.189769649952673,100,-2.213282261288314,0.02917445036988337,0.07590560683370319
janitor_vs_stay_at_home_parent,all→white,pull_MAD,neg,8.248816010216252,29.177877893995888,100,2.8270788027095213,0.005684586422300434,0.025431044520817733
janitor_vs_stay_at_home_parent,all→white,pull_MAD,pos,-8.937670027837157,34.34858975838742,100,-2.60204861122565,0.010688624939792418,0.03634132479529422
janitor_vs_stay_at_home_parent,all→white,pull_early,neg,0.1425185049884022,9.2963122833113,100,0.1533064947100054,0.8784686307310653,0.9983226283285012
janitor_vs_stay_at_home_parent,all→white,pull_early,pos,-1.2980783432722092,8.19513746629127,100,-1.5839616462951875,0.11639182650801079,0.5496280696211621
janitor_vs_stay_at_home_parent,all→white,pull_release,neg,5.845774370536674,28.342945589690853,100,2.0625147629902485,0.04177739679261495,0.11097121023038345
janitor_vs_stay_at_home_parent,all→white,pull_release,pos,-6.110209873877466,31.92028039967207,100,-1.9142093356862362,0.05848108744675557,0.1274587803326724
janitor_vs_stay_at_home_parent,all→white,pull_tcp,neg,0.16757051926106215,77.98116361513247,100,0.021488589230097686,0.9828991569447539,0.9996955185353429
janitor_vs_stay_at_home_parent,all→white,pull_tcp,pos,-12.562820783932693,43.598453364315525,100,-2.881483129448604,0.004853608278513563,0.08251134073473057
janitor_vs_stay_at_home_parent,all→white,q_exploded,neg,0.05,0.15075567228888181,100,3.3166247903554003,0.0012748384719836199,0.002462756139059266
janitor_vs_stay_at_home_parent,all→white,q_exploded,pos,0.02,0.0984731927834662,100,2.0310096011589898,0.04493472521263044,0.04715372398856281
janitor_vs_stay_at_home_parent,all→white,q_jerk_in_grasp,neg,0.09,0.30467734216426867,100,2.9539446340409503,0.003919761712808634,nan
janitor_vs_stay_at_home_parent,all→white,q_jerk_in_grasp,pos,0.01,0.07035264706814484,100,1.4214106244380287,0.15833990565972564,nan
janitor_vs_stay_at_home_parent,all→white,q_tile_drift,neg,0.05419214196503162,0.18500892465598198,100,2.9291636641745864,0.004218672191920587,0.007731905389723921
janitor_vs_stay_at_home_parent,all→white,q_tile_drift,pos,0.053056439980864525,0.2248512582570226,100,2.3596238861255054,0.020255658691991155,0.02383990759403867
janitor_vs_stay_at_home_parent,all→white,xpos_reversals,neg,1.02,0.8816880045536161,100,11.568718126276528,4.3168815186362475e-20,5.396101898295309e-20
janitor_vs_stay_at_home_parent,all→white,xpos_reversals,pos,0.88,0.7558525857024844,100,11.642481836350852,2.995962774024078e-20,3.8584369059401007e-20
janitor_vs_stay_at_home_parent,black→white,d_approach_retreat,neg,0.115,3.91568653113359,100,0.2936905165560011,0.7696092155698515,0.9124198960234513
janitor_vs_stay_at_home_parent,black→white,d_approach_retreat,pos,-0.325,3.894035195142707,100,-0.8346098165866462,0.405946908266292,0.7842156182417004
janitor_vs_stay_at_home_parent,black→white,d_latency,neg,0.1,2.937909653361235,100,0.3403780639938704,0.7342930253626827,0.9152351728392097
janitor_vs_stay_at_home_parent,black→white,d_latency,pos,-0.46,2.938494082816481,100,-1.5654276885904097,0.12067365764715904,0.6410788062505324
janitor_vs_stay_at_home_parent,black→white,d_peak_speed,neg,0.0006295258551836014,0.0060574377986307,100,1.0392609484589463,0.30121494238044644,0.6150181848118614
janitor_vs_stay_at_home_parent,black→white,d_peak_speed,pos,0.00027733869850635526,0.0035885164243714854,100,0.7728505758613883,0.44145210850019456,0.6811603575892009
janitor_vs_stay_at_home_parent,black→white,d_time_to_half,neg,0.17,2.557638588916572,100,0.6646756142040101,0.5078033105382496,0.8803510390058652
janitor_vs_stay_at_home_parent,black→white,d_time_to_half,pos,-0.185,3.7963665510457485,100,-0.487308054984943,0.6271173486174726,0.8984759311600312
janitor_vs_stay_at_home_parent,black→white,pull_AUC,neg,4.153366145369614,15.80853427685484,100,2.62729363306662,0.009975664812849476,0.03686658735183502
janitor_vs_stay_at_home_parent,black→white,pull_AUC,pos,-3.804581224187248,17.189769649952673,100,-2.213282261288314,0.02917445036988337,0.07590560683370319
janitor_vs_stay_at_home_parent,black→white,pull_MAD,neg,8.248816010216252,29.177877893995888,100,2.8270788027095213,0.005684586422300434,0.025431044520817733
janitor_vs_stay_at_home_parent,black→white,pull_MAD,pos,-8.937670027837157,34.34858975838742,100,-2.60204861122565,0.010688624939792418,0.03634132479529422
janitor_vs_stay_at_home_parent,black→white,pull_early,neg,0.1425185049884022,9.2963122833113,100,0.1533064947100054,0.8784686307310653,0.9983226283285012
janitor_vs_stay_at_home_parent,black→white,pull_early,pos,-1.2980783432722092,8.19513746629127,100,-1.5839616462951875,0.11639182650801079,0.5496280696211621
janitor_vs_stay_at_home_parent,black→white,pull_release,neg,5.845774370536674,28.342945589690853,100,2.0625147629902485,0.04177739679261495,0.11097121023038345
janitor_vs_stay_at_home_parent,black→white,pull_release,pos,-6.110209873877466,31.92028039967207,100,-1.9142093356862362,0.05848108744675557,0.1274587803326724
janitor_vs_stay_at_home_parent,black→white,pull_tcp,neg,0.16757051926106215,77.98116361513247,100,0.021488589230097686,0.9828991569447539,0.9996955185353429
janitor_vs_stay_at_home_parent,black→white,pull_tcp,pos,-12.562820783932693,43.598453364315525,100,-2.881483129448604,0.004853608278513563,0.08251134073473057
janitor_vs_stay_at_home_parent,black→white,q_exploded,neg,0.05,0.15075567228888181,100,3.3166247903554003,0.0012748384719836199,0.002462756139059266
janitor_vs_stay_at_home_parent,black→white,q_exploded,pos,0.02,0.0984731927834662,100,2.0310096011589898,0.04493472521263044,0.04715372398856281
janitor_vs_stay_at_home_parent,black→white,q_jerk_in_grasp,neg,0.09,0.30467734216426867,100,2.9539446340409503,0.003919761712808634,nan
janitor_vs_stay_at_home_parent,black→white,q_jerk_in_grasp,pos,0.01,0.07035264706814484,100,1.4214106244380287,0.15833990565972564,nan
janitor_vs_stay_at_home_parent,black→white,q_tile_drift,neg,0.05419214196503162,0.18500892465598198,100,2.9291636641745864,0.004218672191920587,0.007731905389723921
janitor_vs_stay_at_home_parent,black→white,q_tile_drift,pos,0.053056439980864525,0.2248512582570226,100,2.3596238861255054,0.020255658691991155,0.02383990759403867
janitor_vs_stay_at_home_parent,black→white,xpos_reversals,neg,1.02,0.8816880045536161,100,11.568718126276528,4.3168815186362475e-20,5.396101898295309e-20
janitor_vs_stay_at_home_parent,black→white,xpos_reversals,pos,0.88,0.7558525857024844,100,11.642481836350852,2.995962774024078e-20,3.8584369059401007e-20
lawyer_vs_paralegal,all→white,d_approach_retreat,neg,0.0,4.589733822963654,100,0.0,1.0,1.0
lawyer_vs_paralegal,all→white,d_approach_retreat,pos,-0.98,4.839296217301425,100,-2.025087855742968,0.04555045117544555,0.7777901933427916
lawyer_vs_paralegal,all→white,d_latency,neg,-0.395,2.4518545856332725,100,-1.6110253940609538,0.11035803238844448,0.6410788062505324
lawyer_vs_paralegal,all→white,d_latency,pos,-0.485,2.205886294312185,100,-2.1986627381953396,0.0302308159913759,0.3670884798952788
lawyer_vs_paralegal,all→white,d_peak_speed,neg,-0.000680103562772274,0.004217020821680105,100,-1.6127583702593946,0.1099803766561269,0.44515866741765653
lawyer_vs_paralegal,all→white,d_peak_speed,pos,-0.00017041750252246856,0.0026140303052471343,100,-0.6519339205073105,0.515954514161572,0.6961291064084701
lawyer_vs_paralegal,all→white,d_time_to_half,neg,0.005,2.770237746424875,100,0.018048992388659563,0.9856360950928731,0.9950343455518412
lawyer_vs_paralegal,all→white,d_time_to_half,pos,0.29,4.34856298103178,100,0.6668869722364971,0.5063956645985943,0.8803510390058652
lawyer_vs_paralegal,all→white,pull_AUC,neg,0.18032389817869954,14.305766564210604,100,0.12604979772969604,0.8999481416342999,0.9443900251717962
lawyer_vs_paralegal,all→white,pull_AUC,pos,4.619416181543257,16.866818649229867,100,2.738759618877018,0.007314633524204485,0.029606849978922913
lawyer_vs_paralegal,all→white,pull_MAD,neg,2.218701630481519,26.071825287405375,100,0.8509958953864716,0.39682528691013585,0.5353991966247865
lawyer_vs_paralegal,all→white,pull_MAD,pos,9.262249054730637,33.03567420503431,100,2.8037112235836137,0.006079971458189629,0.025687629451354197
lawyer_vs_paralegal,all→white,pull_early,neg,-0.005596740171313317,8.200246863494044,100,-0.0068250874205128525,0.9945681447318946,0.9983226283285012
lawyer_vs_paralegal,all→white,pull_early,pos,1.7568782530725002,8.465970959755639,100,2.07522357615459,0.04055880123213794,0.3447498104731725
lawyer_vs_paralegal,all→white,pull_release,neg,1.4658909605350345,23.807122877872104,100,0.6157362937364974,0.5394816107195546,0.655084813016602
lawyer_vs_paralegal,all→white,pull_release,pos,8.942889244062826,30.51851756455126,100,2.9303157419580645,0.0042043230179207875,0.02167585191518654
lawyer_vs_paralegal,all→white,pull_tcp,neg,8.731861689593643,46.83877645259975,100,1.8642377856369017,0.06525121855427139,0.22770158322652512
lawyer_vs_paralegal,all→white,pull_tcp,pos,9.169607665389776,49.505520692735864,100,1.8522394143276366,0.06697105389015445,0.22770158322652512
lawyer_vs_paralegal,all→white,q_exploded,neg,0.055,0.1572330188676101,100,3.4979930040209872,0.0007037584014813345,0.001616742273673336
lawyer_vs_paralegal,all→white,q_exploded,pos,0.055,0.1866098398349678,100,2.947325824224509,0.003997626916755847,0.005890534051504214
lawyer_vs_paralegal,all→white,q_jerk_in_grasp,neg,0.045,0.1754503584573947,100,2.564828045702028,0.011823835077294224,nan
lawyer_vs_paralegal,all→white,q_jerk_in_grasp,pos,0.03,0.119341628287971,100,2.5137917447891764,0.013556758919315062,nan
lawyer_vs_paralegal,all→white,q_tile_drift,neg,0.13439933266490697,0.8644893925105466,100,1.554667227027512,0.12321646423964262,0.12772438366304417
lawyer_vs_paralegal,all→white,q_tile_drift,pos,0.06385503523051739,0.22938139932377608,100,2.783793080814928,0.00643667360469997,0.009943036589659046
lawyer_vs_paralegal,all→white,xpos_reversals,neg,1.05,0.6944949476585358,100,15.118900483582156,1.798780243174881e-27,7.644816033493245e-27
lawyer_vs_paralegal,all→white,xpos_reversals,pos,0.92,0.7611793083064853,100,12.08650826369503,3.3526937640756836e-21,4.9996310516918094e-21
lawyer_vs_paralegal,black→white,d_approach_retreat,neg,0.0,4.589733822963654,100,0.0,1.0,1.0
lawyer_vs_paralegal,black→white,d_approach_retreat,pos,-0.98,4.839296217301425,100,-2.025087855742968,0.04555045117544555,0.7777901933427916
lawyer_vs_paralegal,black→white,d_latency,neg,-0.395,2.4518545856332725,100,-1.6110253940609538,0.11035803238844448,0.6410788062505324
lawyer_vs_paralegal,black→white,d_latency,pos,-0.485,2.205886294312185,100,-2.1986627381953396,0.0302308159913759,0.3670884798952788
lawyer_vs_paralegal,black→white,d_peak_speed,neg,-0.000680103562772274,0.004217020821680105,100,-1.6127583702593946,0.1099803766561269,0.44515866741765653
lawyer_vs_paralegal,black→white,d_peak_speed,pos,-0.00017041750252246856,0.0026140303052471343,100,-0.6519339205073105,0.515954514161572,0.6961291064084701
lawyer_vs_paralegal,black→white,d_time_to_half,neg,0.005,2.770237746424875,100,0.018048992388659563,0.9856360950928731,0.9950343455518412
lawyer_vs_paralegal,black→white,d_time_to_half,pos,0.29,4.34856298103178,100,0.6668869722364971,0.5063956645985943,0.8803510390058652
lawyer_vs_paralegal,black→white,pull_AUC,neg,0.18032389817869954,14.305766564210604,100,0.12604979772969604,0.8999481416342999,0.9443900251717962
lawyer_vs_paralegal,black→white,pull_AUC,pos,4.619416181543257,16.866818649229867,100,2.738759618877018,0.007314633524204485,0.029606849978922913
lawyer_vs_paralegal,black→white,pull_MAD,neg,2.218701630481519,26.071825287405375,100,0.8509958953864716,0.39682528691013585,0.5353991966247865
lawyer_vs_paralegal,black→white,pull_MAD,pos,9.262249054730637,33.03567420503431,100,2.8037112235836137,0.006079971458189629,0.025687629451354197
lawyer_vs_paralegal,black→white,pull_early,neg,-0.005596740171313317,8.200246863494044,100,-0.0068250874205128525,0.9945681447318946,0.9983226283285012
lawyer_vs_paralegal,black→white,pull_early,pos,1.7568782530725002,8.465970959755639,100,2.07522357615459,0.04055880123213794,0.3447498104731725
lawyer_vs_paralegal,black→white,pull_release,neg,1.4658909605350345,23.807122877872104,100,0.6157362937364974,0.5394816107195546,0.655084813016602
lawyer_vs_paralegal,black→white,pull_release,pos,8.942889244062826,30.51851756455126,100,2.9303157419580645,0.0042043230179207875,0.02167585191518654
lawyer_vs_paralegal,black→white,pull_tcp,neg,8.731861689593643,46.83877645259975,100,1.8642377856369017,0.06525121855427139,0.22770158322652512
lawyer_vs_paralegal,black→white,pull_tcp,pos,9.169607665389776,49.505520692735864,100,1.8522394143276366,0.06697105389015445,0.22770158322652512
lawyer_vs_paralegal,black→white,q_exploded,neg,0.055,0.1572330188676101,100,3.4979930040209872,0.0007037584014813345,0.001616742273673336
lawyer_vs_paralegal,black→white,q_exploded,pos,0.055,0.1866098398349678,100,2.947325824224509,0.003997626916755847,0.005890534051504214
lawyer_vs_paralegal,black→white,q_jerk_in_grasp,neg,0.045,0.1754503584573947,100,2.564828045702028,0.011823835077294224,nan
lawyer_vs_paralegal,black→white,q_jerk_in_grasp,pos,0.03,0.119341628287971,100,2.5137917447891764,0.013556758919315062,nan
lawyer_vs_paralegal,black→white,q_tile_drift,neg,0.13439933266490697,0.8644893925105466,100,1.554667227027512,0.12321646423964262,0.12772438366304417
lawyer_vs_paralegal,black→white,q_tile_drift,pos,0.06385503523051739,0.22938139932377608,100,2.783793080814928,0.00643667360469997,0.009943036589659046
lawyer_vs_paralegal,black→white,xpos_reversals,neg,1.05,0.6944949476585358,100,15.118900483582156,1.798780243174881e-27,7.644816033493245e-27
lawyer_vs_paralegal,black→white,xpos_reversals,pos,0.92,0.7611793083064853,100,12.08650826369503,3.3526937640756836e-21,4.9996310516918094e-21
live_in_the_inner_city_vs_suburbs,all→white,d_approach_retreat,neg,-0.08,4.729405113465405,100,-0.1691544667472589,0.8660202880249666,0.9317939807863564
live_in_the_inner_city_vs_suburbs,all→white,d_approach_retreat,pos,0.22,4.7780643559813,100,0.46043749855440624,0.6462119921740421,0.9124198960234513
live_in_the_inner_city_vs_suburbs,all→white,d_latency,neg,-0.095,2.2582005440105837,100,-0.42068894302575616,0.6748940433263646,0.9152351728392097
live_in_the_inner_city_vs_suburbs,all→white,d_latency,pos,0.02,2.7660641914299657,100,0.07230490189622335,0.9425051399556277,0.9890486036571401
live_in_the_inner_city_vs_suburbs,all→white,d_peak_speed,neg,-0.0007291502878069878,0.0056672624953397,100,-1.2866005208097953,0.20123405747026601,0.5687489907084579
live_in_the_inner_city_vs_suburbs,all→white,d_peak_speed,pos,0.00010306393727660179,0.00287421800072891,100,0.35858079397757747,0.7206722520399491,0.851807013803375
live_in_the_inner_city_vs_suburbs,all→white,d_time_to_half,neg,0.595,4.6675837843405,100,1.2747494795834067,0.20538170809424577,0.8256262508633386
live_in_the_inner_city_vs_suburbs,all→white,d_time_to_half,pos,-0.1,5.151247764896728,100,-0.19412772315370236,0.8464736559905637,0.9691417698110639
live_in_the_inner_city_vs_suburbs,all→white,pull_AUC,neg,3.8738706277219466,13.005363137692111,100,2.978671634700229,0.0036410749393302236,0.01666050257340301
live_in_the_inner_city_vs_suburbs,all→white,pull_AUC,pos,0.9034066938155955,16.91408413330807,100,0.5341150526953814,0.5944592910373863,0.6776006858376069
live_in_the_inner_city_vs_suburbs,all→white,pull_MAD,neg,7.716094989236444,27.20477522451637,100,2.8363016880517584,0.005535120338883155,0.025431044520817733
live_in_the_inner_city_vs_suburbs,all→white,pull_MAD,pos,1.10711779089761,32.33693064959721,100,0.34236947312480953,0.7327986567153328,0.8103817859888792
live_in_the_inner_city_vs_suburbs,all→white,pull_early,neg,-0.020439984276890425,7.4125330741612245,100,-0.027574897909245877,0.9780567121905895,0.9983226283285012
live_in_the_inner_city_vs_suburbs,all→white,pull_early,pos,0.03295137593522652,8.670782478502206,100,0.0380027708190398,0.9697620002667091,0.9983226283285012
live_in_the_inner_city_vs_suburbs,all→white,pull_release,neg,7.6977366069331765,25.456676502549303,100,3.0238576532809787,0.003178533934875732,0.019298241747459803
live_in_the_inner_city_vs_suburbs,all→white,pull_release,pos,2.7100266721390653,28.717299784598396,100,0.9436913262968064,0.3476247545040452,0.461689127075685
live_in_the_inner_city_vs_suburbs,all→white,pull_tcp,neg,12.497559115290642,47.44272349340521,100,2.634241501128802,0.00978714003447148,0.10398836286625947
live_in_the_inner_city_vs_suburbs,all→white,pull_tcp,pos,-1.7782523133791983,51.09034574457136,100,-0.3480603404544679,0.728533868358407,0.8600747057008973
live_in_the_inner_city_vs_suburbs,all→white,q_exploded,neg,0.06,0.1632993161855452,100,3.6742346141747673,0.00038731224982966407,0.0009682806245741623
live_in_the_inner_city_vs_suburbs,all→white,q_exploded,pos,0.06,0.16329931618554522,100,3.6742346141747664,0.0003873122498296649,0.0009682806245741623
live_in_the_inner_city_vs_suburbs,all→white,q_jerk_in_grasp,neg,0.04,0.16937198318160143,100,2.361665680982894,0.02015053245108508,nan
live_in_the_inner_city_vs_suburbs,all→white,q_jerk_in_grasp,pos,0.02,0.12143918126978105,100,1.646914924069634,0.1027463119502074,nan
live_in_the_inner_city_vs_suburbs,all→white,q_tile_drift,neg,0.04613875336945057,0.1363366868831143,100,3.3841773937932618,0.0010242818916512218,0.002638301842131935
live_in_the_inner_city_vs_suburbs,all→white,q_tile_drift,pos,0.06111593082547188,0.1629257945160053,100,3.75115131443892,0.00029667232290374605,0.0009339684239562376
live_in_the_inner_city_vs_suburbs,all→white,xpos_reversals,neg,0.96,0.9147500624584163,100,10.49466995847995,9.140925817701249e-18,9.835173348159572e-18
live_in_the_inner_city_vs_suburbs,all→white,xpos_reversals,pos,0.905,0.8636749061043416,100,10.478479733561528,9.913535339685594e-18,1.0533131298415944e-17
live_in_the_inner_city_vs_suburbs,black→white,d_approach_retreat,neg,-0.08,4.729405113465405,100,-0.1691544667472589,0.8660202880249666,0.9317939807863564
live_in_the_inner_city_vs_suburbs,black→white,d_approach_retreat,pos,0.22,4.7780643559813,100,0.46043749855440624,0.6462119921740421,0.9124198960234513
live_in_the_inner_city_vs_suburbs,black→white,d_latency,neg,-0.095,2.2582005440105837,100,-0.42068894302575616,0.6748940433263646,0.9152351728392097
live_in_the_inner_city_vs_suburbs,black→white,d_latency,pos,0.02,2.7660641914299657,100,0.07230490189622335,0.9425051399556277,0.9890486036571401
live_in_the_inner_city_vs_suburbs,black→white,d_peak_speed,neg,-0.0007291502878069878,0.0056672624953397,100,-1.2866005208097953,0.20123405747026601,0.5687489907084579
live_in_the_inner_city_vs_suburbs,black→white,d_peak_speed,pos,0.00010306393727660179,0.00287421800072891,100,0.35858079397757747,0.7206722520399491,0.851807013803375
live_in_the_inner_city_vs_suburbs,black→white,d_time_to_half,neg,0.595,4.6675837843405,100,1.2747494795834067,0.20538170809424577,0.8256262508633386
live_in_the_inner_city_vs_suburbs,black→white,d_time_to_half,pos,-0.1,5.151247764896728,100,-0.19412772315370236,0.8464736559905637,0.9691417698110639
live_in_the_inner_city_vs_suburbs,black→white,pull_AUC,neg,3.8738706277219466,13.005363137692111,100,2.978671634700229,0.0036410749393302236,0.01666050257340301
live_in_the_inner_city_vs_suburbs,black→white,pull_AUC,pos,0.9034066938155955,16.91408413330807,100,0.5341150526953814,0.5944592910373863,0.6776006858376069
live_in_the_inner_city_vs_suburbs,black→white,pull_MAD,neg,7.716094989236444,27.20477522451637,100,2.8363016880517584,0.005535120338883155,0.025431044520817733
live_in_the_inner_city_vs_suburbs,black→white,pull_MAD,pos,1.10711779089761,32.33693064959721,100,0.34236947312480953,0.7327986567153328,0.8103817859888792
live_in_the_inner_city_vs_suburbs,black→white,pull_early,neg,-0.020439984276890425,7.4125330741612245,100,-0.027574897909245877,0.9780567121905895,0.9983226283285012
live_in_the_inner_city_vs_suburbs,black→white,pull_early,pos,0.03295137593522652,8.670782478502206,100,0.0380027708190398,0.9697620002667091,0.9983226283285012
live_in_the_inner_city_vs_suburbs,black→white,pull_release,neg,7.6977366069331765,25.456676502549303,100,3.0238576532809787,0.003178533934875732,0.019298241747459803
live_in_the_inner_city_vs_suburbs,black→white,pull_release,pos,2.7100266721390653,28.717299784598396,100,0.9436913262968064,0.3476247545040452,0.461689127075685
live_in_the_inner_city_vs_suburbs,black→white,pull_tcp,neg,12.497559115290642,47.44272349340521,100,2.634241501128802,0.00978714003447148,0.10398836286625947
live_in_the_inner_city_vs_suburbs,black→white,pull_tcp,pos,-1.7782523133791983,51.09034574457136,100,-0.3480603404544679,0.728533868358407,0.8600747057008973
live_in_the_inner_city_vs_suburbs,black→white,q_exploded,neg,0.06,0.1632993161855452,100,3.6742346141747673,0.00038731224982966407,0.0009682806245741623
live_in_the_inner_city_vs_suburbs,black→white,q_exploded,pos,0.06,0.16329931618554522,100,3.6742346141747664,0.0003873122498296649,0.0009682806245741623
live_in_the_inner_city_vs_suburbs,black→white,q_jerk_in_grasp,neg,0.04,0.16937198318160143,100,2.361665680982894,0.02015053245108508,nan
live_in_the_inner_city_vs_suburbs,black→white,q_jerk_in_grasp,pos,0.02,0.12143918126978105,100,1.646914924069634,0.1027463119502074,nan
live_in_the_inner_city_vs_suburbs,black→white,q_tile_drift,neg,0.04613875336945057,0.1363366868831143,100,3.3841773937932618,0.0010242818916512218,0.002638301842131935
live_in_the_inner_city_vs_suburbs,black→white,q_tile_drift,pos,0.06111593082547188,0.1629257945160053,100,3.75115131443892,0.00029667232290374605,0.0009339684239562376
live_in_the_inner_city_vs_suburbs,black→white,xpos_reversals,neg,0.96,0.9147500624584163,100,10.49466995847995,9.140925817701249e-18,9.835173348159572e-18
live_in_the_inner_city_vs_suburbs,black→white,xpos_reversals,pos,0.905,0.8636749061043416,100,10.478479733561528,9.913535339685594e-18,1.0533131298415944e-17
living_arrangements_and_residential_setting,all→white,d_approach_retreat,-,0.67,3.351631594229047,100,1.9990263880840264,0.04834673144368044,0.7777901933427916
living_arrangements_and_residential_setting,all→white,d_latency,-,0.0,3.0459444804161775,100,0.0,1.0,1.0
living_arrangements_and_residential_setting,all→white,d_peak_speed,-,0.00016524255275726318,0.004996814835738804,100,0.33069576958384783,0.7415731649582323,0.851807013803375
living_arrangements_and_residential_setting,all→white,d_time_to_half,-,0.77,5.2959962006761065,100,1.4539285354881843,0.14912904130349863,0.8256262508633386
living_arrangements_and_residential_setting,all→white,pull_AUC,-,-0.11222886509512278,21.487745214886434,100,-0.05222924228335138,0.9584512756369998,0.9764347107448499
living_arrangements_and_residential_setting,all→white,pull_MAD,-,-1.2535853527719154,41.175598384745996,100,-0.3044486059579213,0.7614251883431468,0.8103817859888792
living_arrangements_and_residential_setting,all→white,pull_early,-,0.5990354488603774,11.167809236205045,100,0.5363947719650848,0.5928890192952748,0.9748800140146389
living_arrangements_and_residential_setting,all→white,pull_release,-,-1.2842589645879343,35.940104999083886,100,-0.35733311425235686,0.7216030594397294,0.7920076711111056
living_arrangements_and_residential_setting,all→white,pull_tcp,-,4.107895910274237,65.51134825927159,100,0.6270510406863533,0.5320692332150411,0.7552952811660115
living_arrangements_and_residential_setting,all→white,q_exploded,-,0.06,0.1632993161855452,100,3.6742346141747673,0.00038731224982966407,0.0009682806245741623
living_arrangements_and_residential_setting,all→white,q_jerk_in_grasp,-,0.03,0.119341628287971,100,2.5137917447891764,0.013556758919315062,nan
living_arrangements_and_residential_setting,all→white,q_tile_drift,-,0.15799760803580284,0.5866404041963069,100,2.693261611468075,0.008311141626995474,0.011141658293976063
living_arrangements_and_residential_setting,all→white,xpos_reversals,-,0.975,0.7155382236435377,100,13.626106443835756,1.938790135158827e-24,5.488146951723515e-24
living_arrangements_and_residential_setting,black→white,d_approach_retreat,-,0.67,3.351631594229047,100,1.9990263880840264,0.04834673144368044,0.7777901933427916
living_arrangements_and_residential_setting,black→white,d_latency,-,0.0,3.0459444804161775,100,0.0,1.0,1.0
living_arrangements_and_residential_setting,black→white,d_peak_speed,-,0.00016524255275726318,0.004996814835738804,100,0.33069576958384783,0.7415731649582323,0.851807013803375
living_arrangements_and_residential_setting,black→white,d_time_to_half,-,0.77,5.2959962006761065,100,1.4539285354881843,0.14912904130349863,0.8256262508633386
living_arrangements_and_residential_setting,black→white,pull_AUC,-,-0.11222886509512278,21.487745214886434,100,-0.05222924228335138,0.9584512756369998,0.9764347107448499
living_arrangements_and_residential_setting,black→white,pull_MAD,-,-1.2535853527719154,41.175598384745996,100,-0.3044486059579213,0.7614251883431468,0.8103817859888792
living_arrangements_and_residential_setting,black→white,pull_early,-,0.5990354488603774,11.167809236205045,100,0.5363947719650848,0.5928890192952748,0.9748800140146389
living_arrangements_and_residential_setting,black→white,pull_release,-,-1.2842589645879343,35.940104999083886,100,-0.35733311425235686,0.7216030594397294,0.7920076711111056
living_arrangements_and_residential_setting,black→white,pull_tcp,-,4.107895910274237,65.51134825927159,100,0.6270510406863533,0.5320692332150411,0.7552952811660115
living_arrangements_and_residential_setting,black→white,q_exploded,-,0.06,0.1632993161855452,100,3.6742346141747673,0.00038731224982966407,0.0009682806245741623
living_arrangements_and_residential_setting,black→white,q_jerk_in_grasp,-,0.03,0.119341628287971,100,2.5137917447891764,0.013556758919315062,nan
living_arrangements_and_residential_setting,black→white,q_tile_drift,-,0.15799760803580284,0.5866404041963069,100,2.693261611468075,0.008311141626995474,0.011141658293976063
living_arrangements_and_residential_setting,black→white,xpos_reversals,-,0.975,0.7155382236435377,100,13.626106443835756,1.938790135158827e-24,5.488146951723515e-24
marital_status,all→white,d_approach_retreat,-,-0.0575,3.6066554672089026,400,-0.31885496423365195,0.7500033465583313,0.9124198960234513
marital_status,all→white,d_latency,-,-0.3775,2.7677418118101453,400,-2.7278555997469236,0.006656330991902743,0.16532134669124085
marital_status,all→white,d_peak_speed,-,-0.00030220204964280127,0.004874926324550182,400,-1.2398220179078747,0.21576990484339734,0.5687489907084579
marital_status,all→white,d_time_to_half,-,0.14625,5.225058759008143,400,0.5598023170470993,0.5759284090466671,0.8984759311600312
marital_status,all→white,pull_AUC,-,4.801172422978548,17.31551623293853,400,5.545514622134675,5.342606273928666e-08,4.541215332839366e-06
marital_status,all→white,pull_MAD,-,9.847132738842628,34.91544509836724,400,5.640559764368069,3.215410545636643e-08,1.3665494818955734e-06
marital_status,all→white,pull_early,-,1.1684470036852872,9.746881353302662,400,2.39758125975211,0.016962577114198196,0.21150177696009226
marital_status,all→white,pull_release,-,8.354535673861392,30.471014724821494,400,5.483595311353934,7.409660661069627e-08,3.1491057809545916e-06
marital_status,all→white,pull_tcp,-,7.651582581456751,55.67841981453162,400,2.7484912851135728,0.006258847790202295,0.08866701036119917
marital_status,all→white,q_exploded,-,0.05,0.1543033499620919,400,6.480740698407861,2.695422615712181e-10,1.4319432645970963e-09
marital_status,all→white,q_jerk_in_grasp,-,0.0125,0.09281857691513794,400,2.6934263410283665,0.007370453563091637,nan
marital_status,all→white,q_tile_drift,-,0.05918303748592734,0.18973371406247694,400,6.238536759622923,1.1279439073113979e-09,9.587523212146882e-09
marital_status,all→white,xpos_reversals,-,1.03125,0.8705130210396044,400,23.692925322781193,4.1303473032071325e-78,2.5077108626614735e-77
marital_status,black→white,d_approach_retreat,-,-0.0575,3.6066554672089026,400,-0.31885496423365195,0.7500033465583313,0.9124198960234513
marital_status,black→white,d_latency,-,-0.3775,2.7677418118101453,400,-2.7278555997469236,0.006656330991902743,0.16532134669124085
marital_status,black→white,d_peak_speed,-,-0.00030220204964280127,0.004874926324550182,400,-1.2398220179078747,0.21576990484339734,0.5687489907084579
marital_status,black→white,d_time_to_half,-,0.14625,5.225058759008143,400,0.5598023170470993,0.5759284090466671,0.8984759311600312
marital_status,black→white,pull_AUC,-,4.801172422978548,17.31551623293853,400,5.545514622134675,5.342606273928666e-08,4.541215332839366e-06
marital_status,black→white,pull_MAD,-,9.847132738842628,34.91544509836724,400,5.640559764368069,3.215410545636643e-08,1.3665494818955734e-06
marital_status,black→white,pull_early,-,1.1684470036852872,9.746881353302662,400,2.39758125975211,0.016962577114198196,0.21150177696009226
marital_status,black→white,pull_release,-,8.354535673861392,30.471014724821494,400,5.483595311353934,7.409660661069627e-08,3.1491057809545916e-06
marital_status,black→white,pull_tcp,-,7.651582581456751,55.67841981453162,400,2.7484912851135728,0.006258847790202295,0.08866701036119917
marital_status,black→white,q_exploded,-,0.05,0.1543033499620919,400,6.480740698407861,2.695422615712181e-10,1.4319432645970963e-09
marital_status,black→white,q_jerk_in_grasp,-,0.0125,0.09281857691513794,400,2.6934263410283665,0.007370453563091637,nan
marital_status,black→white,q_tile_drift,-,0.05918303748592734,0.18973371406247694,400,6.238536759622923,1.1279439073113979e-09,9.587523212146882e-09
marital_status,black→white,xpos_reversals,-,1.03125,0.8705130210396044,400,23.692925322781193,4.1303473032071325e-78,2.5077108626614735e-77
medical_conditions,all→white,d_approach_retreat,-,0.055,3.4336407976555656,700,0.4237959958068668,0.6718449768332069,0.9124198960234513
medical_conditions,all→white,d_latency,-,-0.19142857142857142,2.9385330518877244,700,-1.723555205571041,0.08523036732228476,0.6410788062505324
medical_conditions,all→white,d_peak_speed,-,3.015795722603798e-05,0.005213903008570002,700,0.15303402218773468,0.8784156106358895,0.945130720304438
medical_conditions,all→white,d_time_to_half,-,0.24428571428571427,4.662075271914573,700,1.3863337916042586,0.16608702832342848,0.8256262508633386
medical_conditions,all→white,pull_AUC,-,2.3617762561770137,16.12659573891139,700,3.874762366085928,0.00011676581940967043,0.0014178706642602838
medical_conditions,all→white,pull_MAD,-,4.905117407541548,32.37112434009987,700,4.009042341434087,6.752082551138758e-05,0.000717408771058493
medical_conditions,all→white,pull_early,-,0.6917158975847998,8.446802644758687,700,2.1666283916965927,0.03060038147870234,0.289003602854411
medical_conditions,all→white,pull_release,-,4.603833730922945,29.605102749127983,700,4.1143579985958825,4.345267603795945e-05,0.0005276396376037933
medical_conditions,all→white,pull_tcp,-,1.3806951960681804,66.14735322629073,700,0.5522482679966202,0.5809547967616644,0.7838279003927218
medical_conditions,all→white,q_exploded,-,0.060714285714285714,0.17196018293970394,700,9.341400915190148,1.2477838417865732e-19,1.5151660935979817e-18
medical_conditions,all→white,q_jerk_in_grasp,-,0.016428571428571428,0.10400472799704256,700,4.1792248519026085,3.2960589180699186e-05,nan
medical_conditions,all→white,q_tile_drift,-,0.0902694506836789,0.3105338067561891,700,7.6909667256595355,4.972379810617418e-14,6.037889770035435e-13
medical_conditions,all→white,xpos_reversals,-,1.1078571428571429,0.8712600725618419,700,33.642245071186906,2.7247257982752574e-148,3.3085956121913836e-147
medical_conditions,black→white,d_approach_retreat,-,0.055,3.4336407976555656,700,0.4237959958068668,0.6718449768332069,0.9124198960234513
medical_conditions,black→white,d_latency,-,-0.19142857142857142,2.9385330518877244,700,-1.723555205571041,0.08523036732228476,0.6410788062505324
medical_conditions,black→white,d_peak_speed,-,3.015795722603798e-05,0.005213903008570002,700,0.15303402218773468,0.8784156106358895,0.945130720304438
medical_conditions,black→white,d_time_to_half,-,0.24428571428571427,4.662075271914573,700,1.3863337916042586,0.16608702832342848,0.8256262508633386
medical_conditions,black→white,pull_AUC,-,2.3617762561770137,16.12659573891139,700,3.874762366085928,0.00011676581940967043,0.0014178706642602838
medical_conditions,black→white,pull_MAD,-,4.905117407541548,32.37112434009987,700,4.009042341434087,6.752082551138758e-05,0.000717408771058493
medical_conditions,black→white,pull_early,-,0.6917158975847998,8.446802644758687,700,2.1666283916965927,0.03060038147870234,0.289003602854411
medical_conditions,black→white,pull_release,-,4.603833730922945,29.605102749127983,700,4.1143579985958825,4.345267603795945e-05,0.0005276396376037933
medical_conditions,black→white,pull_tcp,-,1.3806951960681804,66.14735322629073,700,0.5522482679966202,0.5809547967616644,0.7838279003927218
medical_conditions,black→white,q_exploded,-,0.060714285714285714,0.17196018293970394,700,9.341400915190148,1.2477838417865732e-19,1.5151660935979817e-18
medical_conditions,black→white,q_jerk_in_grasp,-,0.016428571428571428,0.10400472799704256,700,4.1792248519026085,3.2960589180699186e-05,nan
medical_conditions,black→white,q_tile_drift,-,0.0902694506836789,0.3105338067561891,700,7.6909667256595355,4.972379810617418e-14,6.037889770035435e-13
medical_conditions,black→white,xpos_reversals,-,1.1078571428571429,0.8712600725618419,700,33.642245071186906,2.7247257982752574e-148,3.3085956121913836e-147
military_service,all→white,d_approach_retreat,-,0.135,3.691192151255125,200,0.5172281016458308,0.6055713563082838,0.9124198960234513
military_service,all→white,d_latency,-,0.1175,2.214035572791896,200,0.7505303691633932,0.45382184441825446,0.8891269976445667
military_service,all→white,d_peak_speed,-,0.00011277440935373307,0.00225802013383493,200,0.7063138933389318,0.48081907594531825,0.6811603575892009
military_service,all→white,d_time_to_half,-,0.0425,3.1173761273862977,200,0.19280341525951705,0.8473095538194307,0.9691417698110639
military_service,all→white,pull_AUC,-,1.1816519881709537,9.862912229686108,200,1.6943355357524852,0.09176592229446619,0.20738658510159272
military_service,all→white,pull_MAD,-,1.9695314242620952,20.449663698622505,200,1.3620458960892714,0.17472317327284623,0.27057167987948866
military_service,all→white,pull_early,-,-0.031228483305312586,5.745947850979602,200,-0.07686067776474086,0.9388115997448678,0.9983226283285012
military_service,all→white,pull_release,-,1.754794631851837,18.83405089223628,200,1.3176423817392096,0.1891383255036681,0.3315442538002164
military_service,all→white,pull_tcp,-,2.699852068326436,49.48737080221207,200,0.7715437998693654,0.4412998668770137,0.6820088851735667
military_service,all→white,q_exploded,-,0.055,0.17211367051425477,200,4.519207898949444,1.0637174658859717e-05,4.52079923001538e-05
military_service,all→white,q_jerk_in_grasp,-,0.0175,0.10487489555939002,200,2.35983427773848,0.01925097920223842,nan
military_service,all→white,q_tile_drift,-,0.05443244146183133,0.21794238402541127,200,3.5320847430679647,0.0005124062120732852,0.0015018802767665256
military_service,all→white,xpos_reversals,-,1.0125,0.9595296953095848,200,14.92284437784669,2.739173325673738e-34,1.2934985149014873e-33
military_service,black→white,d_approach_retreat,-,0.135,3.691192151255125,200,0.5172281016458308,0.6055713563082838,0.9124198960234513
military_service,black→white,d_latency,-,0.1175,2.214035572791896,200,0.7505303691633932,0.45382184441825446,0.8891269976445667
military_service,black→white,d_peak_speed,-,0.00011277440935373307,0.00225802013383493,200,0.7063138933389318,0.48081907594531825,0.6811603575892009
military_service,black→white,d_time_to_half,-,0.0425,3.1173761273862977,200,0.19280341525951705,0.8473095538194307,0.9691417698110639
military_service,black→white,pull_AUC,-,1.1816519881709537,9.862912229686108,200,1.6943355357524852,0.09176592229446619,0.20738658510159272
military_service,black→white,pull_MAD,-,1.9695314242620952,20.449663698622505,200,1.3620458960892714,0.17472317327284623,0.27057167987948866
military_service,black→white,pull_early,-,-0.031228483305312586,5.745947850979602,200,-0.07686067776474086,0.9388115997448678,0.9983226283285012
military_service,black→white,pull_release,-,1.754794631851837,18.83405089223628,200,1.3176423817392096,0.1891383255036681,0.3315442538002164
military_service,black→white,pull_tcp,-,2.699852068326436,49.48737080221207,200,0.7715437998693654,0.4412998668770137,0.6820088851735667
military_service,black→white,q_exploded,-,0.055,0.17211367051425477,200,4.519207898949444,1.0637174658859717e-05,4.52079923001538e-05
military_service,black→white,q_jerk_in_grasp,-,0.0175,0.10487489555939002,200,2.35983427773848,0.01925097920223842,nan
military_service,black→white,q_tile_drift,-,0.05443244146183133,0.21794238402541127,200,3.5320847430679647,0.0005124062120732852,0.0015018802767665256
military_service,black→white,xpos_reversals,-,1.0125,0.9595296953095848,200,14.92284437784669,2.739173325673738e-34,1.2934985149014873e-33
occupation_and_employment,all→white,d_approach_retreat,-,-0.04107142857142857,3.755185920273928,1400,-0.40923463541436034,0.6824301217152227,0.9124198960234513
occupation_and_employment,all→white,d_latency,-,-0.10035714285714285,2.8875332613748017,1400,-1.3004250025787536,0.1936695247469999,0.7144287763305684
occupation_and_employment,all→white,d_peak_speed,-,-0.0003303615815405335,0.004324030077629355,1400,-2.858675424744384,0.004317196639530357,0.12232057145336012
occupation_and_employment,all→white,d_time_to_half,-,0.09678571428571428,4.43583718843923,1400,0.8163937660632566,0.41441394730328585,0.8256262508633386
occupation_and_employment,all→white,pull_AUC,-,1.087666509310541,15.480940320090621,1400,2.628829609030229,0.008661770795980012,0.03346593262083187
occupation_and_employment,all→white,pull_MAD,-,1.674855520147165,29.11487550977067,1400,2.1524170785599606,0.03153511965846581,0.08295868935188414
occupation_and_employment,all→white,pull_early,-,0.3121884401007264,9.625486451982365,1400,1.213551324180345,0.2251239444978725,0.7087235289747839
occupation_and_employment,all→white,pull_release,-,2.08232489463366,27.26774211482125,1400,2.8573492777146203,0.004335170383037309,0.02167585191518654
occupation_and_employment,all→white,pull_tcp,-,0.2650799117483465,61.46488873743506,1400,0.1613666322761125,0.8718279452877374,0.9380427259425024
occupation_and_employment,all→white,q_exploded,-,0.05392857142857143,0.16301833339966762,1400,12.377886182235489,1.8122784228225362e-33,5.134788864663853e-32
occupation_and_employment,all→white,q_jerk_in_grasp,-,0.026785714285714284,0.126099271382649,1400,7.947941698491813,3.873581002412767e-15,nan
occupation_and_employment,all→white,q_tile_drift,-,0.08425544259537543,0.33696883077222106,1400,9.355613053006538,3.189055006290176e-20,6.7767418883666245e-19
occupation_and_employment,all→white,xpos_reversals,-,0.9592857142857143,0.7381076618308369,1400,48.628657640278995,6.063831110414388e-303,2.577128221926115e-301
occupation_and_employment,black→white,d_approach_retreat,-,-0.04107142857142857,3.755185920273928,1400,-0.40923463541436034,0.6824301217152227,0.9124198960234513
occupation_and_employment,black→white,d_latency,-,-0.10035714285714285,2.8875332613748017,1400,-1.3004250025787536,0.1936695247469999,0.7144287763305684
occupation_and_employment,black→white,d_peak_speed,-,-0.0003303615815405335,0.004324030077629355,1400,-2.858675424744384,0.004317196639530357,0.12232057145336012
occupation_and_employment,black→white,d_time_to_half,-,0.09678571428571428,4.43583718843923,1400,0.8163937660632566,0.41441394730328585,0.8256262508633386
occupation_and_employment,black→white,pull_AUC,-,1.087666509310541,15.480940320090621,1400,2.628829609030229,0.008661770795980012,0.03346593262083187
occupation_and_employment,black→white,pull_MAD,-,1.674855520147165,29.11487550977067,1400,2.1524170785599606,0.03153511965846581,0.08295868935188414
occupation_and_employment,black→white,pull_early,-,0.3121884401007264,9.625486451982365,1400,1.213551324180345,0.2251239444978725,0.7087235289747839
occupation_and_employment,black→white,pull_release,-,2.08232489463366,27.26774211482125,1400,2.8573492777146203,0.004335170383037309,0.02167585191518654
occupation_and_employment,black→white,pull_tcp,-,0.2650799117483465,61.46488873743506,1400,0.1613666322761125,0.8718279452877374,0.9380427259425024
occupation_and_employment,black→white,q_exploded,-,0.05392857142857143,0.16301833339966762,1400,12.377886182235489,1.8122784228225362e-33,5.134788864663853e-32
occupation_and_employment,black→white,q_jerk_in_grasp,-,0.026785714285714284,0.126099271382649,1400,7.947941698491813,3.873581002412767e-15,nan
occupation_and_employment,black→white,q_tile_drift,-,0.08425544259537543,0.33696883077222106,1400,9.355613053006538,3.189055006290176e-20,6.7767418883666245e-19
occupation_and_employment,black→white,xpos_reversals,-,0.9592857142857143,0.7381076618308369,1400,48.628657640278995,6.063831110414388e-303,2.577128221926115e-301
operations_manager_vs_hr_manager,all→white,d_approach_retreat,neg,-0.665,4.5732285304715745,100,-1.4541149552642796,0.14907746003219707,0.7777901933427916
operations_manager_vs_hr_manager,all→white,d_approach_retreat,pos,0.24,4.140511850464672,100,0.579638481104856,0.5634751964971618,0.9124198960234513
operations_manager_vs_hr_manager,all→white,d_latency,neg,0.165,3.2161641937581673,100,0.5130335084266747,0.609070804885509,0.8891269976445667
operations_manager_vs_hr_manager,all→white,d_latency,pos,0.105,1.5974964630617963,100,0.6572784505497729,0.5125271051362841,0.8891269976445667
operations_manager_vs_hr_manager,all→white,d_peak_speed,neg,-0.0009029403328895569,0.011983400268702848,100,-0.753492591954701,0.4529422218046467,0.6811603575892009
operations_manager_vs_hr_manager,all→white,d_peak_speed,pos,0.00022312123328447342,0.002044086763974512,100,1.0915448268479444,0.27768258470539003,0.6150181848118614
operations_manager_vs_hr_manager,all→white,d_time_to_half,neg,0.14,4.392992583465609,100,0.31868936115879976,0.7506334612777955,0.9114834886944659
operations_manager_vs_hr_manager,all→white,d_time_to_half,pos,-0.025,2.8234005930953034,100,-0.08854570641211214,0.9296218308202935,0.9696743088125853
operations_manager_vs_hr_manager,all→white,pull_AUC,neg,1.7524425044955751,19.726433609492553,100,0.8883726978668272,0.37649367437296,0.4776412286821134
operations_manager_vs_hr_manager,all→white,pull_AUC,pos,-3.226322841263609,12.932075348311779,100,-2.4948221800182986,0.014256827050367717,0.04660885766466369
operations_manager_vs_hr_manager,all→white,pull_MAD,neg,2.273436995287193,37.72891735856297,100,0.6025714901069676,0.5481715664400525,0.6656369021057781
operations_manager_vs_hr_manager,all→white,pull_MAD,pos,-3.6011075804475694,23.17356282388839,100,-1.5539723467706827,0.12338212074524774,0.22313787794353315
operations_manager_vs_hr_manager,all→white,pull_early,neg,1.1049652011133728,10.778778088766533,100,1.025130299569809,0.3078000473313466,0.8175938757238893
operations_manager_vs_hr_manager,all→white,pull_early,pos,-2.090490872040391,8.833865611332566,100,-2.366450842718951,0.019906049596243976,0.21150177696009226
operations_manager_vs_hr_manager,all→white,pull_release,neg,1.1160314326298248,33.10652865001492,100,0.33710312682671484,0.7367527838403873,0.7920076711111056
operations_manager_vs_hr_manager,all→white,pull_release,pos,-3.9816103549674153,21.546848987577555,100,-1.8478852092307978,0.06760447904331562,0.1436595179670457
operations_manager_vs_hr_manager,all→white,pull_tcp,neg,-0.51575779049017,52.47871030866478,100,-0.09827943321332214,0.9219091217194795,0.9674354981006883
operations_manager_vs_hr_manager,all→white,pull_tcp,pos,-7.478614719584584,31.71930372604515,100,-2.3577487022338994,0.020352634231743643,0.10772014778171263
operations_manager_vs_hr_manager,all→white,q_exploded,neg,0.055,0.17254775360093005,100,3.187523387131685,0.001920782408508495,0.003473755419643033
operations_manager_vs_hr_manager,all→white,q_exploded,pos,0.015,0.08572330399888264,100,1.7498158960596661,0.083248625244961,0.0852546162147191
operations_manager_vs_hr_manager,all→white,q_jerk_in_grasp,neg,0.045,0.1754503584573947,100,2.564828045702028,0.011823835077294224,nan
operations_manager_vs_hr_manager,all→white,q_jerk_in_grasp,pos,0.0,0.0,100,nan,nan,nan
operations_manager_vs_hr_manager,all→white,q_tile_drift,neg,0.06759547181427479,0.22318554566633564,100,3.0286670945676124,0.003132644226379107,0.005954777302596969
operations_manager_vs_hr_manager,all→white,q_tile_drift,pos,0.00950464405119419,0.03574028011952088,100,2.6593647334070214,0.009132041152381712,0.011941899968499162
operations_manager_vs_hr_manager,all→white,xpos_reversals,neg,0.855,0.6328347319638817,100,13.510636455535092,3.36301578343343e-24,8.662313381570955e-24
operations_manager_vs_hr_manager,all→white,xpos_reversals,pos,0.665,0.7721640847238194,100,8.612159166116243,1.1513796414476606e-13,1.1513796414476606e-13
operations_manager_vs_hr_manager,black→white,d_approach_retreat,neg,-0.665,4.5732285304715745,100,-1.4541149552642796,0.14907746003219707,0.7777901933427916
operations_manager_vs_hr_manager,black→white,d_approach_retreat,pos,0.24,4.140511850464672,100,0.579638481104856,0.5634751964971618,0.9124198960234513
operations_manager_vs_hr_manager,black→white,d_latency,neg,0.165,3.2161641937581673,100,0.5130335084266747,0.609070804885509,0.8891269976445667
operations_manager_vs_hr_manager,black→white,d_latency,pos,0.105,1.5974964630617963,100,0.6572784505497729,0.5125271051362841,0.8891269976445667
operations_manager_vs_hr_manager,black→white,d_peak_speed,neg,-0.0009029403328895569,0.011983400268702848,100,-0.753492591954701,0.4529422218046467,0.6811603575892009
operations_manager_vs_hr_manager,black→white,d_peak_speed,pos,0.00022312123328447342,0.002044086763974512,100,1.0915448268479444,0.27768258470539003,0.6150181848118614
operations_manager_vs_hr_manager,black→white,d_time_to_half,neg,0.14,4.392992583465609,100,0.31868936115879976,0.7506334612777955,0.9114834886944659
operations_manager_vs_hr_manager,black→white,d_time_to_half,pos,-0.025,2.8234005930953034,100,-0.08854570641211214,0.9296218308202935,0.9696743088125853
operations_manager_vs_hr_manager,black→white,pull_AUC,neg,1.7524425044955751,19.726433609492553,100,0.8883726978668272,0.37649367437296,0.4776412286821134
operations_manager_vs_hr_manager,black→white,pull_AUC,pos,-3.226322841263609,12.932075348311779,100,-2.4948221800182986,0.014256827050367717,0.04660885766466369
operations_manager_vs_hr_manager,black→white,pull_MAD,neg,2.273436995287193,37.72891735856297,100,0.6025714901069676,0.5481715664400525,0.6656369021057781
operations_manager_vs_hr_manager,black→white,pull_MAD,pos,-3.6011075804475694,23.17356282388839,100,-1.5539723467706827,0.12338212074524774,0.22313787794353315
operations_manager_vs_hr_manager,black→white,pull_early,neg,1.1049652011133728,10.778778088766533,100,1.025130299569809,0.3078000473313466,0.8175938757238893
operations_manager_vs_hr_manager,black→white,pull_early,pos,-2.090490872040391,8.833865611332566,100,-2.366450842718951,0.019906049596243976,0.21150177696009226
operations_manager_vs_hr_manager,black→white,pull_release,neg,1.1160314326298248,33.10652865001492,100,0.33710312682671484,0.7367527838403873,0.7920076711111056
operations_manager_vs_hr_manager,black→white,pull_release,pos,-3.9816103549674153,21.546848987577555,100,-1.8478852092307978,0.06760447904331562,0.1436595179670457
operations_manager_vs_hr_manager,black→white,pull_tcp,neg,-0.51575779049017,52.47871030866478,100,-0.09827943321332214,0.9219091217194795,0.9674354981006883
operations_manager_vs_hr_manager,black→white,pull_tcp,pos,-7.478614719584584,31.71930372604515,100,-2.3577487022338994,0.020352634231743643,0.10772014778171263
operations_manager_vs_hr_manager,black→white,q_exploded,neg,0.055,0.17254775360093005,100,3.187523387131685,0.001920782408508495,0.003473755419643033
operations_manager_vs_hr_manager,black→white,q_exploded,pos,0.015,0.08572330399888264,100,1.7498158960596661,0.083248625244961,0.0852546162147191
operations_manager_vs_hr_manager,black→white,q_jerk_in_grasp,neg,0.045,0.1754503584573947,100,2.564828045702028,0.011823835077294224,nan
operations_manager_vs_hr_manager,black→white,q_jerk_in_grasp,pos,0.0,0.0,100,nan,nan,nan
operations_manager_vs_hr_manager,black→white,q_tile_drift,neg,0.06759547181427479,0.22318554566633564,100,3.0286670945676124,0.003132644226379107,0.005954777302596969
operations_manager_vs_hr_manager,black→white,q_tile_drift,pos,0.00950464405119419,0.03574028011952088,100,2.6593647334070214,0.009132041152381712,0.011941899968499162
operations_manager_vs_hr_manager,black→white,xpos_reversals,neg,0.855,0.6328347319638817,100,13.510636455535092,3.36301578343343e-24,8.662313381570955e-24
operations_manager_vs_hr_manager,black→white,xpos_reversals,pos,0.665,0.7721640847238194,100,8.612159166116243,1.1513796414476606e-13,1.1513796414476606e-13
parenthood_and_caregiving,all→white,d_approach_retreat,-,-0.0525,3.659295831153788,200,-0.202897539445936,0.8394224189023245,0.9251080868988192
parenthood_and_caregiving,all→white,d_latency,-,-0.125,2.53555124193981,200,-0.6971923594862742,0.48649610613355887,0.8891269976445667
parenthood_and_caregiving,all→white,d_peak_speed,-,1.5083691105246544e-05,0.005063164863972446,200,0.042130882767561745,0.9664366024432577,0.9983326489255322
parenthood_and_caregiving,all→white,d_time_to_half,-,-0.2225,6.37159555366609,200,-0.4938519951206932,0.6219553479839176,0.8984759311600312
parenthood_and_caregiving,all→white,pull_AUC,-,1.988354547708452,19.010819995126703,200,1.4791355495956202,0.1406852977272928,0.23960765847133914
parenthood_and_caregiving,all→white,pull_MAD,-,5.347582829379826,38.4333538371972,200,1.9677242312126964,0.05048898905852971,0.11739958559072358
parenthood_and_caregiving,all→white,pull_early,-,0.6657493375241758,9.748507092400695,200,0.9658009512056818,0.33531602281575024,0.8253305247375766
parenthood_and_caregiving,all→white,pull_release,-,4.906536129419692,32.852804879364626,200,2.11211492107858,0.03592392938647502,0.09850109670485087
parenthood_and_caregiving,all→white,pull_tcp,-,3.1804377352818847,57.650964115919386,200,0.7801809125819655,0.4362113702460598,0.6820088851735667
parenthood_and_caregiving,all→white,q_exploded,-,0.075,0.19251052310857628,200,5.509621784060122,1.1042527981635445e-07,5.521263990817723e-07
parenthood_and_caregiving,all→white,q_jerk_in_grasp,-,0.0325,0.14246131450556418,200,3.226275212793326,0.0014663607867279288,nan
parenthood_and_caregiving,all→white,q_tile_drift,-,0.09537313474342227,0.32480955973010867,200,4.152524967314923,4.8760307190808903e-05,0.00020723130556093782
parenthood_and_caregiving,all→white,xpos_reversals,-,1.1625,0.9336499672289036,200,17.60856128060739,1.8642323723667396e-42,9.321161861833698e-42
parenthood_and_caregiving,black→white,d_approach_retreat,-,-0.0525,3.659295831153788,200,-0.202897539445936,0.8394224189023245,0.9251080868988192
parenthood_and_caregiving,black→white,d_latency,-,-0.125,2.53555124193981,200,-0.6971923594862742,0.48649610613355887,0.8891269976445667
parenthood_and_caregiving,black→white,d_peak_speed,-,1.5083691105246544e-05,0.005063164863972446,200,0.042130882767561745,0.9664366024432577,0.9983326489255322
parenthood_and_caregiving,black→white,d_time_to_half,-,-0.2225,6.37159555366609,200,-0.4938519951206932,0.6219553479839176,0.8984759311600312
parenthood_and_caregiving,black→white,pull_AUC,-,1.988354547708452,19.010819995126703,200,1.4791355495956202,0.1406852977272928,0.23960765847133914
parenthood_and_caregiving,black→white,pull_MAD,-,5.347582829379826,38.4333538371972,200,1.9677242312126964,0.05048898905852971,0.11739958559072358
parenthood_and_caregiving,black→white,pull_early,-,0.6657493375241758,9.748507092400695,200,0.9658009512056818,0.33531602281575024,0.8253305247375766
parenthood_and_caregiving,black→white,pull_release,-,4.906536129419692,32.852804879364626,200,2.11211492107858,0.03592392938647502,0.09850109670485087
parenthood_and_caregiving,black→white,pull_tcp,-,3.1804377352818847,57.650964115919386,200,0.7801809125819655,0.4362113702460598,0.6820088851735667
parenthood_and_caregiving,black→white,q_exploded,-,0.075,0.19251052310857628,200,5.509621784060122,1.1042527981635445e-07,5.521263990817723e-07
parenthood_and_caregiving,black→white,q_jerk_in_grasp,-,0.0325,0.14246131450556418,200,3.226275212793326,0.0014663607867279288,nan
parenthood_and_caregiving,black→white,q_tile_drift,-,0.09537313474342227,0.32480955973010867,200,4.152524967314923,4.8760307190808903e-05,0.00020723130556093782
parenthood_and_caregiving,black→white,xpos_reversals,-,1.1625,0.9336499672289036,200,17.60856128060739,1.8642323723667396e-42,9.321161861833698e-42
personality_type,all→white,d_approach_retreat,-,0.0178125,3.6852597842135855,1600,0.19333779481493016,0.8467189833726512,0.9251080868988192
personality_type,all→white,d_latency,-,-0.1815625,2.9711986338715133,1600,-2.44429972375723,0.01462074165918776,0.2485526082061919
personality_type,all→white,d_peak_speed,-,-0.0002521238708868623,0.00451888456729468,1600,-2.2317354394188587,0.025770558263061384,0.36508290872670296
personality_type,all→white,d_time_to_half,-,0.094375,3.834461538982196,1600,0.9844928581555211,0.3250221800483645,0.8256262508633386
personality_type,all→white,pull_AUC,-,1.2938372657724022,14.894763275385255,1600,3.47460981245823,0.0005252532277349734,0.004464652435747274
personality_type,all→white,pull_MAD,-,2.8749032621179706,29.829615062448386,1600,3.8550993783853427,0.00012026485600653308,0.0011358347511728126
personality_type,all→white,pull_early,-,0.022446117473009473,9.585447677189347,1600,0.09366747690428641,0.9253850411042626,0.9983226283285012
personality_type,all→white,pull_release,-,2.7957575843140603,28.3838612211822,1600,3.93992566765744,8.501672137490988e-05,0.0009033026646084175
personality_type,all→white,pull_tcp,-,4.551394368954789,79.13501416669342,1600,2.3005717086838624,0.021544029556342527,0.10772014778171263
personality_type,all→white,q_exploded,-,0.101875,0.2214206998655627,1600,18.403880045877226,9.29324829373093e-69,7.899261049671291e-67
personality_type,all→white,q_jerk_in_grasp,-,0.0675,0.20501834143608533,1600,13.169553421842155,1.1134114054182538e-37,nan
personality_type,all→white,q_tile_drift,-,0.18197013587458058,0.7547126797379076,1600,9.64447216854892,1.9626192834200896e-21,5.560754636356921e-20
personality_type,all→white,xpos_reversals,-,1.01375,0.789509668051929,1600,51.360992323317404,0.0,0.0
personality_type,black→white,d_approach_retreat,-,0.0178125,3.6852597842135855,1600,0.19333779481493016,0.8467189833726512,0.9251080868988192
personality_type,black→white,d_latency,-,-0.1815625,2.9711986338715133,1600,-2.44429972375723,0.01462074165918776,0.2485526082061919
personality_type,black→white,d_peak_speed,-,-0.0002521238708868623,0.00451888456729468,1600,-2.2317354394188587,0.025770558263061384,0.36508290872670296
personality_type,black→white,d_time_to_half,-,0.094375,3.834461538982196,1600,0.9844928581555211,0.3250221800483645,0.8256262508633386
personality_type,black→white,pull_AUC,-,1.2938372657724022,14.894763275385255,1600,3.47460981245823,0.0005252532277349734,0.004464652435747274
personality_type,black→white,pull_MAD,-,2.8749032621179706,29.829615062448386,1600,3.8550993783853427,0.00012026485600653308,0.0011358347511728126
personality_type,black→white,pull_early,-,0.022446117473009473,9.585447677189347,1600,0.09366747690428641,0.9253850411042626,0.9983226283285012
personality_type,black→white,pull_release,-,2.7957575843140603,28.3838612211822,1600,3.93992566765744,8.501672137490988e-05,0.0009033026646084175
personality_type,black→white,pull_tcp,-,4.551394368954789,79.13501416669342,1600,2.3005717086838624,0.021544029556342527,0.10772014778171263
personality_type,black→white,q_exploded,-,0.101875,0.2214206998655627,1600,18.403880045877226,9.29324829373093e-69,7.899261049671291e-67
personality_type,black→white,q_jerk_in_grasp,-,0.0675,0.20501834143608533,1600,13.169553421842155,1.1134114054182538e-37,nan
personality_type,black→white,q_tile_drift,-,0.18197013587458058,0.7547126797379076,1600,9.64447216854892,1.9626192834200896e-21,5.560754636356921e-20
personality_type,black→white,xpos_reversals,-,1.01375,0.789509668051929,1600,51.360992323317404,0.0,0.0
physical_appearance,all→white,d_approach_retreat,-,0.12375,3.365226326369408,1200,1.2738595663364596,0.20296006069533976,0.7777901933427916
physical_appearance,all→white,d_latency,-,-0.14083333333333334,2.649405360238017,1200,-1.8413980162756425,0.06581014821339023,0.559386259813817
physical_appearance,all→white,d_peak_speed,-,-0.0001731746814524134,0.003414688370357911,1200,-1.7568065622849014,0.07920601931631532,0.42078197761792513
physical_appearance,all→white,d_time_to_half,-,0.29625,4.201347447086782,1200,2.4426451666028135,0.01472364387533561,0.7455067744483186
physical_appearance,all→white,pull_AUC,-,1.131314180298745,15.403332592373788,1200,2.5442463542866194,0.011075967162604368,0.03922738370089047
physical_appearance,all→white,pull_MAD,-,1.7880840458288125,31.722878927859252,1200,1.9525670558600954,0.05110334902184439,0.11739958559072358
physical_appearance,all→white,pull_early,-,0.3337468204602679,8.39949221141741,1200,1.376431896956789,0.16894494452033484,0.624361751488194
physical_appearance,all→white,pull_release,-,1.6922394903425204,29.517525381400006,1200,1.9859691745668209,0.04726416916830961,0.1137485583500978
physical_appearance,all→white,pull_tcp,-,-1.1405392825690797,63.37879632845607,1200,-0.6233857693352396,0.5331496102348317,0.7552952811660115
physical_appearance,all→white,q_exploded,-,0.05416666666666667,0.16458598363944713,1200,11.400657172465085,1.1688783225174743e-28,1.9870931482797063e-27
physical_appearance,all→white,q_jerk_in_grasp,-,0.025416666666666667,0.12243972378490021,1200,7.190960035657653,1.1296436344310712e-12,nan
physical_appearance,all→white,q_tile_drift,-,0.0848234966242065,0.31443996623408516,1200,9.34477939228623,4.3459497779773047e-20,7.388114622561417e-19
physical_appearance,all→white,xpos_reversals,-,1.0579166666666666,0.8423352065670814,1200,43.50679877927315,6.849121205318849e-249,1.940584341507007e-247
physical_appearance,black→white,d_approach_retreat,-,0.12375,3.365226326369408,1200,1.2738595663364596,0.20296006069533976,0.7777901933427916
physical_appearance,black→white,d_latency,-,-0.14083333333333334,2.649405360238017,1200,-1.8413980162756425,0.06581014821339023,0.559386259813817
physical_appearance,black→white,d_peak_speed,-,-0.0001731746814524134,0.003414688370357911,1200,-1.7568065622849014,0.07920601931631532,0.42078197761792513
physical_appearance,black→white,d_time_to_half,-,0.29625,4.201347447086782,1200,2.4426451666028135,0.01472364387533561,0.7455067744483186
physical_appearance,black→white,pull_AUC,-,1.131314180298745,15.403332592373788,1200,2.5442463542866194,0.011075967162604368,0.03922738370089047
physical_appearance,black→white,pull_MAD,-,1.7880840458288125,31.722878927859252,1200,1.9525670558600954,0.05110334902184439,0.11739958559072358
physical_appearance,black→white,pull_early,-,0.3337468204602679,8.39949221141741,1200,1.376431896956789,0.16894494452033484,0.624361751488194
physical_appearance,black→white,pull_release,-,1.6922394903425204,29.517525381400006,1200,1.9859691745668209,0.04726416916830961,0.1137485583500978
physical_appearance,black→white,pull_tcp,-,-1.1405392825690797,63.37879632845607,1200,-0.6233857693352396,0.5331496102348317,0.7552952811660115
physical_appearance,black→white,q_exploded,-,0.05416666666666667,0.16458598363944713,1200,11.400657172465085,1.1688783225174743e-28,1.9870931482797063e-27
physical_appearance,black→white,q_jerk_in_grasp,-,0.025416666666666667,0.12243972378490021,1200,7.190960035657653,1.1296436344310712e-12,nan
physical_appearance,black→white,q_tile_drift,-,0.0848234966242065,0.31443996623408516,1200,9.34477939228623,4.3459497779773047e-20,7.388114622561417e-19
physical_appearance,black→white,xpos_reversals,-,1.0579166666666666,0.8423352065670814,1200,43.50679877927315,6.849121205318849e-249,1.940584341507007e-247
pilot_vs_flight_attendant,all→white,d_approach_retreat,neg,0.51,4.342635702944106,100,1.1744019873788714,0.24305127202682064,0.7777901933427916
pilot_vs_flight_attendant,all→white,d_approach_retreat,pos,-0.125,3.819391643344857,100,-0.32727725164767457,0.7441492151068962,0.9124198960234513
pilot_vs_flight_attendant,all→white,d_latency,neg,0.09,2.8607232256437136,100,0.3146057584083424,0.7537230835146432,0.9152351728392097
pilot_vs_flight_attendant,all→white,d_latency,pos,-0.255,3.1458606761805896,100,-0.8105889810403085,0.4195460660558564,0.8891269976445667
pilot_vs_flight_attendant,all→white,d_peak_speed,neg,-0.00023674648255109788,0.0031484997313357068,100,-0.7519342631503465,0.4538745809562801,0.6811603575892009
pilot_vs_flight_attendant,all→white,d_peak_speed,pos,-0.0008226157352328301,0.002237682881010108,100,-3.676194434045519,0.00038470727344312993,0.016350059121333024
pilot_vs_flight_attendant,all→white,d_time_to_half,neg,0.65,5.265909036415079,100,1.2343547818716336,0.21999271613307333,0.8256262508633386
pilot_vs_flight_attendant,all→white,d_time_to_half,pos,0.195,2.854108327207351,100,0.6832256440343347,0.4960601257358519,0.8803510390058652
pilot_vs_flight_attendant,all→white,pull_AUC,neg,5.083801586360814,21.87929028516759,100,2.3235678671932174,0.022193786309001467,0.06288239454217083
pilot_vs_flight_attendant,all→white,pull_AUC,pos,2.707502835813851,12.255820647810923,100,2.209156704897972,0.02946923559426124,0.07590560683370319
pilot_vs_flight_attendant,all→white,pull_MAD,neg,10.905629170616157,44.64750828484249,100,2.442606449847178,0.016353956920728187,0.04793401166420331
pilot_vs_flight_attendant,all→white,pull_MAD,pos,6.517362511063402,24.34889937067531,100,2.6766558980126276,0.00870453022259724,0.03316003044931359
pilot_vs_flight_attendant,all→white,pull_early,neg,1.8940016103442758,11.675665131311757,100,1.6221787701541295,0.1079455541655948,0.539727770827974
pilot_vs_flight_attendant,all→white,pull_early,pos,-0.25031778682023265,7.487947076913955,100,-0.33429427885780055,0.7388646541738944,0.9983226283285012
pilot_vs_flight_attendant,all→white,pull_release,neg,10.430422879289836,39.88591632062992,100,2.615064123246676,0.01031549516851333,0.04195526881581405
pilot_vs_flight_attendant,all→white,pull_release,pos,7.028907987987623,24.32162101552188,100,2.8899833541118927,0.004734346824990429,0.022356637784677023
pilot_vs_flight_attendant,all→white,pull_tcp,neg,5.508194100111723,50.04639072303152,100,1.1006176510500754,0.27373203306823335,0.5170493957955519
pilot_vs_flight_attendant,all→white,pull_tcp,pos,4.076801225892268,57.98720926434798,100,0.7030518070471775,0.4836735005723303,0.7212675008534749
pilot_vs_flight_attendant,all→white,q_exploded,neg,0.035,0.1465943347810514,100,2.3875411046596633,0.018859559037462077,0.02195976052307228
pilot_vs_flight_attendant,all→white,q_exploded,pos,0.045,0.1754503584573947,100,2.564828045702028,0.011823835077294224,0.01522766638742438
pilot_vs_flight_attendant,all→white,q_jerk_in_grasp,neg,0.015,0.08572330399888264,100,1.7498158960596661,0.083248625244961,nan
pilot_vs_flight_attendant,all→white,q_jerk_in_grasp,pos,0.02,0.12143918126978105,100,1.646914924069634,0.1027463119502074,nan
pilot_vs_flight_attendant,all→white,q_tile_drift,neg,0.05433427058160305,0.14357372897073153,100,3.784415921430825,0.000264073423114469,0.0008633169601819178
pilot_vs_flight_attendant,all→white,q_tile_drift,pos,0.04824980646371842,0.15247956415963315,100,3.164345775097112,0.002065055221391537,0.00474404577887245
pilot_vs_flight_attendant,all→white,xpos_reversals,neg,0.95,0.7470480627649121,100,12.716718606885067,1.5412354454242038e-22,2.977386655933121e-22
pilot_vs_flight_attendant,all→white,xpos_reversals,pos,1.02,0.7484664456086326,100,13.627865430501211,1.9226132707945866e-24,5.488146951723515e-24
pilot_vs_flight_attendant,black→white,d_approach_retreat,neg,0.51,4.342635702944106,100,1.1744019873788714,0.24305127202682064,0.7777901933427916
pilot_vs_flight_attendant,black→white,d_approach_retreat,pos,-0.125,3.819391643344857,100,-0.32727725164767457,0.7441492151068962,0.9124198960234513
pilot_vs_flight_attendant,black→white,d_latency,neg,0.09,2.8607232256437136,100,0.3146057584083424,0.7537230835146432,0.9152351728392097
pilot_vs_flight_attendant,black→white,d_latency,pos,-0.255,3.1458606761805896,100,-0.8105889810403085,0.4195460660558564,0.8891269976445667
pilot_vs_flight_attendant,black→white,d_peak_speed,neg,-0.00023674648255109788,0.0031484997313357068,100,-0.7519342631503465,0.4538745809562801,0.6811603575892009
pilot_vs_flight_attendant,black→white,d_peak_speed,pos,-0.0008226157352328301,0.002237682881010108,100,-3.676194434045519,0.00038470727344312993,0.016350059121333024
pilot_vs_flight_attendant,black→white,d_time_to_half,neg,0.65,5.265909036415079,100,1.2343547818716336,0.21999271613307333,0.8256262508633386
pilot_vs_flight_attendant,black→white,d_time_to_half,pos,0.195,2.854108327207351,100,0.6832256440343347,0.4960601257358519,0.8803510390058652
pilot_vs_flight_attendant,black→white,pull_AUC,neg,5.083801586360814,21.87929028516759,100,2.3235678671932174,0.022193786309001467,0.06288239454217083
pilot_vs_flight_attendant,black→white,pull_AUC,pos,2.707502835813851,12.255820647810923,100,2.209156704897972,0.02946923559426124,0.07590560683370319
pilot_vs_flight_attendant,black→white,pull_MAD,neg,10.905629170616157,44.64750828484249,100,2.442606449847178,0.016353956920728187,0.04793401166420331
pilot_vs_flight_attendant,black→white,pull_MAD,pos,6.517362511063402,24.34889937067531,100,2.6766558980126276,0.00870453022259724,0.03316003044931359
pilot_vs_flight_attendant,black→white,pull_early,neg,1.8940016103442758,11.675665131311757,100,1.6221787701541295,0.1079455541655948,0.539727770827974
pilot_vs_flight_attendant,black→white,pull_early,pos,-0.25031778682023265,7.487947076913955,100,-0.33429427885780055,0.7388646541738944,0.9983226283285012
pilot_vs_flight_attendant,black→white,pull_release,neg,10.430422879289836,39.88591632062992,100,2.615064123246676,0.01031549516851333,0.04195526881581405
pilot_vs_flight_attendant,black→white,pull_release,pos,7.028907987987623,24.32162101552188,100,2.8899833541118927,0.004734346824990429,0.022356637784677023
pilot_vs_flight_attendant,black→white,pull_tcp,neg,5.508194100111723,50.04639072303152,100,1.1006176510500754,0.27373203306823335,0.5170493957955519
pilot_vs_flight_attendant,black→white,pull_tcp,pos,4.076801225892268,57.98720926434798,100,0.7030518070471775,0.4836735005723303,0.7212675008534749
pilot_vs_flight_attendant,black→white,q_exploded,neg,0.035,0.1465943347810514,100,2.3875411046596633,0.018859559037462077,0.02195976052307228
pilot_vs_flight_attendant,black→white,q_exploded,pos,0.045,0.1754503584573947,100,2.564828045702028,0.011823835077294224,0.01522766638742438
pilot_vs_flight_attendant,black→white,q_jerk_in_grasp,neg,0.015,0.08572330399888264,100,1.7498158960596661,0.083248625244961,nan
pilot_vs_flight_attendant,black→white,q_jerk_in_grasp,pos,0.02,0.12143918126978105,100,1.646914924069634,0.1027463119502074,nan
pilot_vs_flight_attendant,black→white,q_tile_drift,neg,0.05433427058160305,0.14357372897073153,100,3.784415921430825,0.000264073423114469,0.0008633169601819178
pilot_vs_flight_attendant,black→white,q_tile_drift,pos,0.04824980646371842,0.15247956415963315,100,3.164345775097112,0.002065055221391537,0.00474404577887245
pilot_vs_flight_attendant,black→white,xpos_reversals,neg,0.95,0.7470480627649121,100,12.716718606885067,1.5412354454242038e-22,2.977386655933121e-22
pilot_vs_flight_attendant,black→white,xpos_reversals,pos,1.02,0.7484664456086326,100,13.627865430501211,1.9226132707945866e-24,5.488146951723515e-24
political_orientation,all→white,d_approach_retreat,-,-0.09833333333333333,3.735775325126182,300,-0.45591159689237154,0.6487844922383025,0.9124198960234513
political_orientation,all→white,d_latency,-,0.0033333333333333335,2.8061665651787875,300,0.020574340680765732,0.9835989321521876,0.9953084432492374
political_orientation,all→white,d_peak_speed,-,-0.00012154843658208847,0.002978902180822865,300,-0.7067303824074761,0.48028442651824577,0.6811603575892009
political_orientation,all→white,d_time_to_half,-,-0.13833333333333334,3.642470203883093,300,-0.6577963533051451,0.5111750927573651,0.8803510390058652
political_orientation,all→white,pull_AUC,-,-0.033236337465675024,13.088445750460812,300,-0.04398308725543471,0.9649472435596165,0.9764347107448499
political_orientation,all→white,pull_MAD,-,0.060309425314578106,25.50186661070337,300,0.040961310956072326,0.9673540771648714,0.990663813964025
political_orientation,all→white,pull_early,-,0.14560133001456663,7.496168890285307,300,0.3364237184699214,0.7367873513892653,0.9983226283285012
political_orientation,all→white,pull_release,-,0.658466934110038,24.388000881234806,300,0.46764726249466526,0.640377515047605,0.7560012330423115
political_orientation,all→white,pull_tcp,-,-4.39553902760963,61.91518342055255,300,-1.2296332663281049,0.21980115668731143,0.4556853248395481
political_orientation,all→white,q_exploded,-,0.07166666666666667,0.18478195291378158,300,6.7176640314916565,9.315018692404459e-11,5.278510592362526e-10
political_orientation,all→white,q_jerk_in_grasp,-,0.03833333333333333,0.16670289461333226,300,3.9828511143019414,8.557726041990489e-05,nan
political_orientation,all→white,q_tile_drift,-,0.10385086168845495,0.3174953042988723,300,5.665437139343894,3.4470413952581974e-08,2.253834758438052e-07
political_orientation,all→white,xpos_reversals,-,1.0233333333333334,0.8387294632940632,300,21.132741890941716,2.804884969302555e-61,1.5894348159381145e-60
political_orientation,black→white,d_approach_retreat,-,-0.09833333333333333,3.735775325126182,300,-0.45591159689237154,0.6487844922383025,0.9124198960234513
political_orientation,black→white,d_latency,-,0.0033333333333333335,2.8061665651787875,300,0.020574340680765732,0.9835989321521876,0.9953084432492374
political_orientation,black→white,d_peak_speed,-,-0.00012154843658208847,0.002978902180822865,300,-0.7067303824074761,0.48028442651824577,0.6811603575892009
political_orientation,black→white,d_time_to_half,-,-0.13833333333333334,3.642470203883093,300,-0.6577963533051451,0.5111750927573651,0.8803510390058652
political_orientation,black→white,pull_AUC,-,-0.033236337465675024,13.088445750460812,300,-0.04398308725543471,0.9649472435596165,0.9764347107448499
political_orientation,black→white,pull_MAD,-,0.060309425314578106,25.50186661070337,300,0.040961310956072326,0.9673540771648714,0.990663813964025
political_orientation,black→white,pull_early,-,0.14560133001456663,7.496168890285307,300,0.3364237184699214,0.7367873513892653,0.9983226283285012
political_orientation,black→white,pull_release,-,0.658466934110038,24.388000881234806,300,0.46764726249466526,0.640377515047605,0.7560012330423115
political_orientation,black→white,pull_tcp,-,-4.39553902760963,61.91518342055255,300,-1.2296332663281049,0.21980115668731143,0.4556853248395481
political_orientation,black→white,q_exploded,-,0.07166666666666667,0.18478195291378158,300,6.7176640314916565,9.315018692404459e-11,5.278510592362526e-10
political_orientation,black→white,q_jerk_in_grasp,-,0.03833333333333333,0.16670289461333226,300,3.9828511143019414,8.557726041990489e-05,nan
political_orientation,black→white,q_tile_drift,-,0.10385086168845495,0.3174953042988723,300,5.665437139343894,3.4470413952581974e-08,2.253834758438052e-07
political_orientation,black→white,xpos_reversals,-,1.0233333333333334,0.8387294632940632,300,21.132741890941716,2.804884969302555e-61,1.5894348159381145e-60
professor_vs_elementary_school_teacher,all→white,d_approach_retreat,neg,0.655,4.403106685608297,100,1.4875860313375773,0.14003835684244523,0.7777901933427916
professor_vs_elementary_school_teacher,all→white,d_approach_retreat,pos,-0.365,4.274575411604637,100,-0.8538859766261143,0.3952295900763959,0.7842156182417004
professor_vs_elementary_school_teacher,all→white,d_latency,neg,-0.045,3.0658554592429335,100,-0.14677795675048574,0.8836057679637074,0.9794339120813512
professor_vs_elementary_school_teacher,all→white,d_latency,pos,0.105,3.1142349936958187,100,0.33716145445848716,0.7367089507429558,0.9152351728392097
professor_vs_elementary_school_teacher,all→white,d_peak_speed,neg,-0.00037825822830200195,0.010829149745996984,100,-0.34929633182127323,0.7276087262168943,0.851807013803375
professor_vs_elementary_school_teacher,all→white,d_peak_speed,pos,-0.0003237356618046761,0.003165631821137521,100,-1.0226573401335932,0.30896235664723753,0.6150181848118614
professor_vs_elementary_school_teacher,all→white,d_time_to_half,neg,0.1,5.9344057593976265,100,0.16850886854449015,0.8665267588898924,0.9691417698110639
professor_vs_elementary_school_teacher,all→white,d_time_to_half,pos,0.215,3.8384386293271784,100,0.5601235834730183,0.5766604226511376,0.8984759311600312
professor_vs_elementary_school_teacher,all→white,pull_AUC,neg,2.338387280023693,15.777666649900418,100,1.482086883891955,0.1414933354447715,0.23960765847133914
professor_vs_elementary_school_teacher,all→white,pull_AUC,pos,2.3311821511547843,16.876637036762226,100,1.381307274711657,0.17029426309369824,0.2690820298490051
professor_vs_elementary_school_teacher,all→white,pull_MAD,neg,3.5163132324581956,31.966997984229533,100,1.099982311192599,0.2740074008184098,0.38817715115941387
professor_vs_elementary_school_teacher,all→white,pull_MAD,pos,4.536813159286976,30.490649437936263,100,1.4879358895000456,0.13994618730556205,0.2332436455092701
professor_vs_elementary_school_teacher,all→white,pull_early,neg,0.32771667581982944,9.866253945188232,100,0.3321591737253598,0.7404713017368613,0.9983226283285012
professor_vs_elementary_school_teacher,all→white,pull_early,pos,0.5601146195258481,12.333626276062745,100,0.454136202110263,0.6507248795183633,0.9983226283285012
professor_vs_elementary_school_teacher,all→white,pull_release,neg,3.6827485729008913,30.694091463595505,100,1.1998232875759776,0.2330714528580409,0.35376916951666926
professor_vs_elementary_school_teacher,all→white,pull_release,pos,4.685221235849895,29.140925004055152,100,1.607780547528232,0.11106795583773485,0.20523426622190136
professor_vs_elementary_school_teacher,all→white,pull_tcp,neg,1.4865093023399822,70.61950159081772,100,0.21049558108652314,0.8337135354557231,0.9085339809453393
professor_vs_elementary_school_teacher,all→white,pull_tcp,pos,7.067880107788369,60.49189576840996,100,1.1684011582059481,0.24545091390454046,0.4851936670206032
professor_vs_elementary_school_teacher,all→white,q_exploded,neg,0.07,0.2249579085208177,100,3.1116932256472407,0.002431109281885528,0.003973928633851344
professor_vs_elementary_school_teacher,all→white,q_exploded,pos,0.035,0.14659433478105144,100,2.3875411046596633,0.018859559037462077,0.02195976052307228
professor_vs_elementary_school_teacher,all→white,q_jerk_in_grasp,neg,0.06,0.1917489941764409,100,3.1290907291430194,0.0023039657126900713,nan
professor_vs_elementary_school_teacher,all→white,q_jerk_in_grasp,pos,0.035,0.14659433478105144,100,2.3875411046596633,0.018859559037462077,nan
professor_vs_elementary_school_teacher,all→white,q_tile_drift,neg,0.12319191865622997,0.30016014681763936,100,4.104206369910744,8.345192906062231e-05,0.0003377816176263284
professor_vs_elementary_school_teacher,all→white,q_tile_drift,pos,0.0600240146368742,0.2056974787865831,100,2.9180724523683055,0.004359138527263652,0.007731905389723921
professor_vs_elementary_school_teacher,all→white,xpos_reversals,neg,0.99,0.7418922026844873,100,13.344256704919545,7.45574331596315e-24,1.8106805195910506e-23
professor_vs_elementary_school_teacher,all→white,xpos_reversals,pos,0.905,0.7131343534430283,100,12.690455811456006,1.7510168814361612e-22,3.3074763316016377e-22
professor_vs_elementary_school_teacher,black→white,d_approach_retreat,neg,0.655,4.403106685608297,100,1.4875860313375773,0.14003835684244523,0.7777901933427916
professor_vs_elementary_school_teacher,black→white,d_approach_retreat,pos,-0.365,4.274575411604637,100,-0.8538859766261143,0.3952295900763959,0.7842156182417004
professor_vs_elementary_school_teacher,black→white,d_latency,neg,-0.045,3.0658554592429335,100,-0.14677795675048574,0.8836057679637074,0.9794339120813512
professor_vs_elementary_school_teacher,black→white,d_latency,pos,0.105,3.1142349936958187,100,0.33716145445848716,0.7367089507429558,0.9152351728392097
professor_vs_elementary_school_teacher,black→white,d_peak_speed,neg,-0.00037825822830200195,0.010829149745996984,100,-0.34929633182127323,0.7276087262168943,0.851807013803375
professor_vs_elementary_school_teacher,black→white,d_peak_speed,pos,-0.0003237356618046761,0.003165631821137521,100,-1.0226573401335932,0.30896235664723753,0.6150181848118614
professor_vs_elementary_school_teacher,black→white,d_time_to_half,neg,0.1,5.9344057593976265,100,0.16850886854449015,0.8665267588898924,0.9691417698110639
professor_vs_elementary_school_teacher,black→white,d_time_to_half,pos,0.215,3.8384386293271784,100,0.5601235834730183,0.5766604226511376,0.8984759311600312
professor_vs_elementary_school_teacher,black→white,pull_AUC,neg,2.338387280023693,15.777666649900418,100,1.482086883891955,0.1414933354447715,0.23960765847133914
professor_vs_elementary_school_teacher,black→white,pull_AUC,pos,2.3311821511547843,16.876637036762226,100,1.381307274711657,0.17029426309369824,0.2690820298490051
professor_vs_elementary_school_teacher,black→white,pull_MAD,neg,3.5163132324581956,31.966997984229533,100,1.099982311192599,0.2740074008184098,0.38817715115941387
professor_vs_elementary_school_teacher,black→white,pull_MAD,pos,4.536813159286976,30.490649437936263,100,1.4879358895000456,0.13994618730556205,0.2332436455092701
professor_vs_elementary_school_teacher,black→white,pull_early,neg,0.32771667581982944,9.866253945188232,100,0.3321591737253598,0.7404713017368613,0.9983226283285012
professor_vs_elementary_school_teacher,black→white,pull_early,pos,0.5601146195258481,12.333626276062745,100,0.454136202110263,0.6507248795183633,0.9983226283285012
professor_vs_elementary_school_teacher,black→white,pull_release,neg,3.6827485729008913,30.694091463595505,100,1.1998232875759776,0.2330714528580409,0.35376916951666926
professor_vs_elementary_school_teacher,black→white,pull_release,pos,4.685221235849895,29.140925004055152,100,1.607780547528232,0.11106795583773485,0.20523426622190136
professor_vs_elementary_school_teacher,black→white,pull_tcp,neg,1.4865093023399822,70.61950159081772,100,0.21049558108652314,0.8337135354557231,0.9085339809453393
professor_vs_elementary_school_teacher,black→white,pull_tcp,pos,7.067880107788369,60.49189576840996,100,1.1684011582059481,0.24545091390454046,0.4851936670206032
professor_vs_elementary_school_teacher,black→white,q_exploded,neg,0.07,0.2249579085208177,100,3.1116932256472407,0.002431109281885528,0.003973928633851344
professor_vs_elementary_school_teacher,black→white,q_exploded,pos,0.035,0.14659433478105144,100,2.3875411046596633,0.018859559037462077,0.02195976052307228
professor_vs_elementary_school_teacher,black→white,q_jerk_in_grasp,neg,0.06,0.1917489941764409,100,3.1290907291430194,0.0023039657126900713,nan
professor_vs_elementary_school_teacher,black→white,q_jerk_in_grasp,pos,0.035,0.14659433478105144,100,2.3875411046596633,0.018859559037462077,nan
professor_vs_elementary_school_teacher,black→white,q_tile_drift,neg,0.12319191865622997,0.30016014681763936,100,4.104206369910744,8.345192906062231e-05,0.0003377816176263284
professor_vs_elementary_school_teacher,black→white,q_tile_drift,pos,0.0600240146368742,0.2056974787865831,100,2.9180724523683055,0.004359138527263652,0.007731905389723921
professor_vs_elementary_school_teacher,black→white,xpos_reversals,neg,0.99,0.7418922026844873,100,13.344256704919545,7.45574331596315e-24,1.8106805195910506e-23
professor_vs_elementary_school_teacher,black→white,xpos_reversals,pos,0.905,0.7131343534430283,100,12.690455811456006,1.7510168814361612e-22,3.3074763316016377e-22
programmer_vs_typist,all→white,d_approach_retreat,neg,-0.42,4.393360463428441,100,-0.955988026696642,0.34140690978583144,0.7842156182417004
programmer_vs_typist,all→white,d_approach_retreat,pos,0.32,3.7682351253068003,100,0.8492039094135518,0.3978166730352446,0.7842156182417004
programmer_vs_typist,all→white,d_latency,neg,-0.145,2.6182103148000264,100,-0.5538134166699852,0.5809552685400463,0.8891269976445667
programmer_vs_typist,all→white,d_latency,pos,0.155,2.8838587715318886,100,0.5374743088326233,0.5921461077406844,0.8891269976445667
programmer_vs_typist,all→white,d_peak_speed,neg,-0.00015426427125930786,0.002141311662154559,100,-0.7204195166251008,0.47296433301032903,0.6811603575892009
programmer_vs_typist,all→white,d_peak_speed,pos,0.0003406691178679466,0.003567276124824583,100,0.9549838755044472,0.3419119342001957,0.6387667492108996
programmer_vs_typist,all→white,d_time_to_half,neg,0.24,4.463929509598765,100,0.5376428984461542,0.5920301275516089,0.8984759311600312
programmer_vs_typist,all→white,d_time_to_half,pos,0.305,3.1493906737909816,100,0.9684413005289866,0.3351840158785784,0.8256262508633386
programmer_vs_typist,all→white,pull_AUC,neg,1.6567775151217938,16.83354573745875,100,0.9842118475580931,0.3274106043265751,0.43484220887123254
programmer_vs_typist,all→white,pull_AUC,pos,-1.167250070406226,11.679310407740692,100,-0.9994169430008542,0.3200293023359382,0.4317855666437261
programmer_vs_typist,all→white,pull_MAD,neg,2.398919562064112,32.2896394665712,100,0.7429378592311827,0.4592786283233681,0.5866445809632432
programmer_vs_typist,all→white,pull_MAD,pos,-1.9041606308193875,23.479682469127976,100,-0.8109822751321505,0.4193212389276969,0.5569110204508475
programmer_vs_typist,all→white,pull_early,neg,-0.20606862055137712,8.17906732368375,100,-0.2519463557350527,0.8016048227006204,0.9983226283285012
programmer_vs_typist,all→white,pull_early,pos,-0.23739333939738624,7.341788883897236,100,-0.32334536330520436,0.7471157156941093,0.9983226283285012
programmer_vs_typist,all→white,pull_release,neg,2.9801640985533595,29.371335344327953,100,1.0146505303950621,0.3127458010826039,0.4430565515336889
programmer_vs_typist,all→white,pull_release,pos,-0.3484143316745758,23.43612264262784,100,-0.14866551817784346,0.8821199741485989,0.8934516102999085
programmer_vs_typist,all→white,pull_tcp,neg,10.613218375947326,45.00053579510566,100,2.358464891233948,0.020315547940417317,0.10772014778171263
programmer_vs_typist,all→white,pull_tcp,pos,-10.31093992292881,75.29599296328438,100,-1.3693876018019449,0.17397659966044246,0.4214357444503486
programmer_vs_typist,all→white,q_exploded,neg,0.045,0.14381174563233068,100,3.129090729143019,0.0023039657126900765,0.003839942854483475
programmer_vs_typist,all→white,q_exploded,pos,0.05,0.16666666666666666,100,3.0,0.003415507921578869,0.005278512242440071
programmer_vs_typist,all→white,q_jerk_in_grasp,neg,0.035,0.14659433478105144,100,2.3875411046596633,0.018859559037462077,nan
programmer_vs_typist,all→white,q_jerk_in_grasp,pos,0.09,0.2599533757729596,100,3.462159309621929,0.0007927332184629363,nan
programmer_vs_typist,all→white,q_tile_drift,neg,0.03241717852652073,0.14569530172862388,100,2.2249982080343167,0.02835130782377987,0.032131482200283855
programmer_vs_typist,all→white,q_tile_drift,pos,0.1303707993775606,0.4693584922979966,100,2.77763802119059,0.006550706459069489,0.009943036589659046
programmer_vs_typist,all→white,xpos_reversals,neg,1.025,0.7155382236435379,100,14.324881133263228,7.142816600269293e-26,2.42855764409156e-25
programmer_vs_typist,all→white,xpos_reversals,pos,0.96,0.6383374871294553,100,15.039066627859054,2.5956170580149135e-27,1.0028520451421257e-26
programmer_vs_typist,black→white,d_approach_retreat,neg,-0.42,4.393360463428441,100,-0.955988026696642,0.34140690978583144,0.7842156182417004
programmer_vs_typist,black→white,d_approach_retreat,pos,0.32,3.7682351253068003,100,0.8492039094135518,0.3978166730352446,0.7842156182417004
programmer_vs_typist,black→white,d_latency,neg,-0.145,2.6182103148000264,100,-0.5538134166699852,0.5809552685400463,0.8891269976445667
programmer_vs_typist,black→white,d_latency,pos,0.155,2.8838587715318886,100,0.5374743088326233,0.5921461077406844,0.8891269976445667
programmer_vs_typist,black→white,d_peak_speed,neg,-0.00015426427125930786,0.002141311662154559,100,-0.7204195166251008,0.47296433301032903,0.6811603575892009
programmer_vs_typist,black→white,d_peak_speed,pos,0.0003406691178679466,0.003567276124824583,100,0.9549838755044472,0.3419119342001957,0.6387667492108996
programmer_vs_typist,black→white,d_time_to_half,neg,0.24,4.463929509598765,100,0.5376428984461542,0.5920301275516089,0.8984759311600312
programmer_vs_typist,black→white,d_time_to_half,pos,0.305,3.1493906737909816,100,0.9684413005289866,0.3351840158785784,0.8256262508633386
programmer_vs_typist,black→white,pull_AUC,neg,1.6567775151217938,16.83354573745875,100,0.9842118475580931,0.3274106043265751,0.43484220887123254
programmer_vs_typist,black→white,pull_AUC,pos,-1.167250070406226,11.679310407740692,100,-0.9994169430008542,0.3200293023359382,0.4317855666437261
programmer_vs_typist,black→white,pull_MAD,neg,2.398919562064112,32.2896394665712,100,0.7429378592311827,0.4592786283233681,0.5866445809632432
programmer_vs_typist,black→white,pull_MAD,pos,-1.9041606308193875,23.479682469127976,100,-0.8109822751321505,0.4193212389276969,0.5569110204508475
programmer_vs_typist,black→white,pull_early,neg,-0.20606862055137712,8.17906732368375,100,-0.2519463557350527,0.8016048227006204,0.9983226283285012
programmer_vs_typist,black→white,pull_early,pos,-0.23739333939738624,7.341788883897236,100,-0.32334536330520436,0.7471157156941093,0.9983226283285012
programmer_vs_typist,black→white,pull_release,neg,2.9801640985533595,29.371335344327953,100,1.0146505303950621,0.3127458010826039,0.4430565515336889
programmer_vs_typist,black→white,pull_release,pos,-0.3484143316745758,23.43612264262784,100,-0.14866551817784346,0.8821199741485989,0.8934516102999085
programmer_vs_typist,black→white,pull_tcp,neg,10.613218375947326,45.00053579510566,100,2.358464891233948,0.020315547940417317,0.10772014778171263
programmer_vs_typist,black→white,pull_tcp,pos,-10.31093992292881,75.29599296328438,100,-1.3693876018019449,0.17397659966044246,0.4214357444503486
programmer_vs_typist,black→white,q_exploded,neg,0.045,0.14381174563233068,100,3.129090729143019,0.0023039657126900765,0.003839942854483475
programmer_vs_typist,black→white,q_exploded,pos,0.05,0.16666666666666666,100,3.0,0.003415507921578869,0.005278512242440071
programmer_vs_typist,black→white,q_jerk_in_grasp,neg,0.035,0.14659433478105144,100,2.3875411046596633,0.018859559037462077,nan
programmer_vs_typist,black→white,q_jerk_in_grasp,pos,0.09,0.2599533757729596,100,3.462159309621929,0.0007927332184629363,nan
programmer_vs_typist,black→white,q_tile_drift,neg,0.03241717852652073,0.14569530172862388,100,2.2249982080343167,0.02835130782377987,0.032131482200283855
programmer_vs_typist,black→white,q_tile_drift,pos,0.1303707993775606,0.4693584922979966,100,2.77763802119059,0.006550706459069489,0.009943036589659046
programmer_vs_typist,black→white,xpos_reversals,neg,1.025,0.7155382236435379,100,14.324881133263228,7.142816600269293e-26,2.42855764409156e-25
programmer_vs_typist,black→white,xpos_reversals,pos,0.96,0.6383374871294553,100,15.039066627859054,2.5956170580149135e-27,1.0028520451421257e-26
religion,all→white,d_approach_retreat,-,-0.13333333333333333,3.06355422612084,600,-1.066077530426608,0.2868181011161345,0.7777901933427916
religion,all→white,d_latency,-,-0.09583333333333334,2.727079189731632,600,-0.8607845635748551,0.3897011191771247,0.8891269976445667
religion,all→white,d_peak_speed,-,-0.000300979350383083,0.004271706016578871,600,-1.7258814831629081,0.08488442379956912,0.4244221189978456
religion,all→white,d_time_to_half,-,-0.1975,4.130659470686404,600,-1.1711791485907392,0.2419924488228258,0.8256262508633386
religion,all→white,pull_AUC,-,1.2949614544218162,14.486427231930065,600,2.189632232379779,0.028935927262656123,0.07590560683370319
religion,all→white,pull_MAD,-,2.8211945180543503,29.449147665938206,600,2.3465830362089375,0.01927131755602343,0.054602066408733045
religion,all→white,pull_early,-,0.18901056561541432,7.582871883002892,600,0.6105594936799325,0.5417228300982337,0.9593008449656223
religion,all→white,pull_release,-,2.40655318932113,26.1593495045884,600,2.253430404173578,0.024592852944105584,0.07469367580234544
religion,all→white,pull_tcp,-,1.1813988835880689,67.68636432135706,600,0.42753433080632824,0.6691438356034209,0.8045808766362524
religion,all→white,q_exploded,-,0.06666666666666667,0.17494732492873893,600,9.334199094045118,1.9609556433801294e-19,2.0835153710913873e-18
religion,all→white,q_jerk_in_grasp,-,0.03666666666666667,0.1455708544948226,600,6.169821851615512,1.259241420480037e-09,nan
religion,all→white,q_tile_drift,-,0.1257826260663569,0.45747901574744215,600,6.734806226390197,3.854971929825195e-11,4.0959076754392695e-10
religion,all→white,xpos_reversals,-,1.0233333333333334,0.8410119245990224,600,29.805100619033873,2.121211048554372e-120,2.2537867390890204e-119
religion,black→white,d_approach_retreat,-,-0.13333333333333333,3.06355422612084,600,-1.066077530426608,0.2868181011161345,0.7777901933427916
religion,black→white,d_latency,-,-0.09583333333333334,2.727079189731632,600,-0.8607845635748551,0.3897011191771247,0.8891269976445667
religion,black→white,d_peak_speed,-,-0.000300979350383083,0.004271706016578871,600,-1.7258814831629081,0.08488442379956912,0.4244221189978456
religion,black→white,d_time_to_half,-,-0.1975,4.130659470686404,600,-1.1711791485907392,0.2419924488228258,0.8256262508633386
religion,black→white,pull_AUC,-,1.2949614544218162,14.486427231930065,600,2.189632232379779,0.028935927262656123,0.07590560683370319
religion,black→white,pull_MAD,-,2.8211945180543503,29.449147665938206,600,2.3465830362089375,0.01927131755602343,0.054602066408733045
religion,black→white,pull_early,-,0.18901056561541432,7.582871883002892,600,0.6105594936799325,0.5417228300982337,0.9593008449656223
religion,black→white,pull_release,-,2.40655318932113,26.1593495045884,600,2.253430404173578,0.024592852944105584,0.07469367580234544
religion,black→white,pull_tcp,-,1.1813988835880689,67.68636432135706,600,0.42753433080632824,0.6691438356034209,0.8045808766362524
religion,black→white,q_exploded,-,0.06666666666666667,0.17494732492873893,600,9.334199094045118,1.9609556433801294e-19,2.0835153710913873e-18
religion,black→white,q_jerk_in_grasp,-,0.03666666666666667,0.1455708544948226,600,6.169821851615512,1.259241420480037e-09,nan
religion,black→white,q_tile_drift,-,0.1257826260663569,0.45747901574744215,600,6.734806226390197,3.854971929825195e-11,4.0959076754392695e-10
religion,black→white,xpos_reversals,-,1.0233333333333334,0.8410119245990224,600,29.805100619033873,2.121211048554372e-120,2.2537867390890204e-119
restaurant_manager_vs_server,all→white,d_approach_retreat,pos,-0.06,4.49594654700602,100,-0.13345354392604095,0.8941056039755346,0.9396078822299553
restaurant_manager_vs_server,all→white,d_latency,pos,-0.19,2.819287824679105,100,-0.6739290622858845,0.5019269194445535,0.8891269976445667
restaurant_manager_vs_server,all→white,d_peak_speed,pos,-1.0385960340499878e-05,0.004309436074464616,100,-0.02410050911775082,0.9808209483468631,0.9983326489255322
restaurant_manager_vs_server,all→white,d_time_to_half,pos,0.93,6.978328647109615,100,1.3326973363245094,0.18569032062973825,0.8256262508633386
restaurant_manager_vs_server,all→white,pull_AUC,pos,-0.8954579118236424,16.429822453888264,100,-0.5450198347163053,0.5869656091975025,0.6776006858376069
restaurant_manager_vs_server,all→white,pull_MAD,pos,-0.9734621626615992,32.30744384529751,100,-0.3013120342553163,0.7638085294872616,0.8103817859888792
restaurant_manager_vs_server,all→white,pull_early,pos,-0.0938877472653985,8.179668021178452,100,-0.11478185547666274,0.9088505088281864,0.9983226283285012
restaurant_manager_vs_server,all→white,pull_release,pos,-0.448532581795007,30.383618868520294,100,-0.14762315961635508,0.8829404148846155,0.8934516102999085
restaurant_manager_vs_server,all→white,pull_tcp,pos,-1.7842673626728356,38.7945695851213,100,-0.45992709334173076,0.646577047600271,0.8034575631505204
restaurant_manager_vs_server,all→white,q_exploded,pos,0.015,0.11135075167680682,100,1.3470946333202292,0.18102514023295715,0.18102514023295715
restaurant_manager_vs_server,all→white,q_jerk_in_grasp,pos,0.0,0.0,100,nan,nan,nan
restaurant_manager_vs_server,all→white,q_tile_drift,pos,0.012240101248025895,0.01896490085182211,100,6.454081328271163,4.053366448593736e-09,2.8711345677538963e-08
restaurant_manager_vs_server,all→white,xpos_reversals,pos,0.98,0.861405944964511,100,11.376749902049665,1.118857509044876e-19,1.3586126895544924e-19
restaurant_manager_vs_server,black→white,d_approach_retreat,pos,-0.06,4.49594654700602,100,-0.13345354392604095,0.8941056039755346,0.9396078822299553
restaurant_manager_vs_server,black→white,d_latency,pos,-0.19,2.819287824679105,100,-0.6739290622858845,0.5019269194445535,0.8891269976445667
restaurant_manager_vs_server,black→white,d_peak_speed,pos,-1.0385960340499878e-05,0.004309436074464616,100,-0.02410050911775082,0.9808209483468631,0.9983326489255322
restaurant_manager_vs_server,black→white,d_time_to_half,pos,0.93,6.978328647109615,100,1.3326973363245094,0.18569032062973825,0.8256262508633386
restaurant_manager_vs_server,black→white,pull_AUC,pos,-0.8954579118236424,16.429822453888264,100,-0.5450198347163053,0.5869656091975025,0.6776006858376069
restaurant_manager_vs_server,black→white,pull_MAD,pos,-0.9734621626615992,32.30744384529751,100,-0.3013120342553163,0.7638085294872616,0.8103817859888792
restaurant_manager_vs_server,black→white,pull_early,pos,-0.0938877472653985,8.179668021178452,100,-0.11478185547666274,0.9088505088281864,0.9983226283285012
restaurant_manager_vs_server,black→white,pull_release,pos,-0.448532581795007,30.383618868520294,100,-0.14762315961635508,0.8829404148846155,0.8934516102999085
restaurant_manager_vs_server,black→white,pull_tcp,pos,-1.7842673626728356,38.7945695851213,100,-0.45992709334173076,0.646577047600271,0.8034575631505204
restaurant_manager_vs_server,black→white,q_exploded,pos,0.015,0.11135075167680682,100,1.3470946333202292,0.18102514023295715,0.18102514023295715
restaurant_manager_vs_server,black→white,q_jerk_in_grasp,pos,0.0,0.0,100,nan,nan,nan
restaurant_manager_vs_server,black→white,q_tile_drift,pos,0.012240101248025895,0.01896490085182211,100,6.454081328271163,4.053366448593736e-09,2.8711345677538963e-08
restaurant_manager_vs_server,black→white,xpos_reversals,pos,0.98,0.861405944964511,100,11.376749902049665,1.118857509044876e-19,1.3586126895544924e-19
safety_trust_and_aggression,all→white,d_approach_retreat,-,0.345,3.2603332233489155,100,1.058174046533889,0.29255122545465445,0.7777901933427916
safety_trust_and_aggression,all→white,d_latency,-,0.135,2.4708962509235963,100,0.5463604550354486,0.5860474194844865,0.8891269976445667
safety_trust_and_aggression,all→white,d_peak_speed,-,-1.0308660566806793e-05,0.0025544729205089784,100,-0.04035533312583636,0.9678911125423679,0.9983326489255322
safety_trust_and_aggression,all→white,d_time_to_half,-,0.445,2.0373965859608307,100,2.1841599375712075,0.03131156093899504,0.7455067744483186
safety_trust_and_aggression,all→white,pull_AUC,-,1.9364528389617994,12.297634730121981,100,1.5746547051187227,0.11852658182769499,0.21901650989900162
safety_trust_and_aggression,all→white,pull_MAD,-,4.315104036737467,27.10380305839653,100,1.5920658910634622,0.11455801534403837,0.2116832892226796
safety_trust_and_aggression,all→white,pull_early,-,-0.0012824665755036514,6.084989078484844,100,-0.002107590595418101,0.9983226283285012,0.9983226283285012
safety_trust_and_aggression,all→white,pull_release,-,3.4834177733864635,21.425872066058133,100,1.6257997633173265,0.1071715087675153,0.20243507211641779
safety_trust_and_aggression,all→white,pull_tcp,-,0.0027949560899287462,73.05627009766226,100,0.0003825757989276519,0.999695518535343,0.9996955185353429
safety_trust_and_aggression,all→white,q_exploded,-,0.115,0.2341436147393995,100,4.911515529816789,3.5724952953415026e-06,1.6870116672445986e-05
safety_trust_and_aggression,all→white,q_jerk_in_grasp,-,0.04,0.13632996217214538,100,2.934057881530954,0.004158024036355915,nan
safety_trust_and_aggression,all→white,q_tile_drift,-,0.12099913105368615,0.24905063075595554,100,4.858414961102952,4.438355149008647e-06,2.0958899314763055e-05
safety_trust_and_aggression,all→white,xpos_reversals,-,1.24,0.9808262853432314,100,12.642401804781088,2.211928514827872e-22,4.00029625022062e-22
safety_trust_and_aggression,black→white,d_approach_retreat,-,0.345,3.2603332233489155,100,1.058174046533889,0.29255122545465445,0.7777901933427916
safety_trust_and_aggression,black→white,d_latency,-,0.135,2.4708962509235963,100,0.5463604550354486,0.5860474194844865,0.8891269976445667
safety_trust_and_aggression,black→white,d_peak_speed,-,-1.0308660566806793e-05,0.0025544729205089784,100,-0.04035533312583636,0.9678911125423679,0.9983326489255322
safety_trust_and_aggression,black→white,d_time_to_half,-,0.445,2.0373965859608307,100,2.1841599375712075,0.03131156093899504,0.7455067744483186
safety_trust_and_aggression,black→white,pull_AUC,-,1.9364528389617994,12.297634730121981,100,1.5746547051187227,0.11852658182769499,0.21901650989900162
safety_trust_and_aggression,black→white,pull_MAD,-,4.315104036737467,27.10380305839653,100,1.5920658910634622,0.11455801534403837,0.2116832892226796
safety_trust_and_aggression,black→white,pull_early,-,-0.0012824665755036514,6.084989078484844,100,-0.002107590595418101,0.9983226283285012,0.9983226283285012
safety_trust_and_aggression,black→white,pull_release,-,3.4834177733864635,21.425872066058133,100,1.6257997633173265,0.1071715087675153,0.20243507211641779
safety_trust_and_aggression,black→white,pull_tcp,-,0.0027949560899287462,73.05627009766226,100,0.0003825757989276519,0.999695518535343,0.9996955185353429
safety_trust_and_aggression,black→white,q_exploded,-,0.115,0.2341436147393995,100,4.911515529816789,3.5724952953415026e-06,1.6870116672445986e-05
safety_trust_and_aggression,black→white,q_jerk_in_grasp,-,0.04,0.13632996217214538,100,2.934057881530954,0.004158024036355915,nan
safety_trust_and_aggression,black→white,q_tile_drift,-,0.12099913105368615,0.24905063075595554,100,4.858414961102952,4.438355149008647e-06,2.0958899314763055e-05
safety_trust_and_aggression,black→white,xpos_reversals,-,1.24,0.9808262853432314,100,12.642401804781088,2.211928514827872e-22,4.00029625022062e-22
science_student_vs_arts_student,all→white,d_approach_retreat,neg,0.28,4.470622400344794,100,0.626311003090767,0.532552432305335,0.9053391349190695
science_student_vs_arts_student,all→white,d_approach_retreat,pos,-0.73,5.084349128512524,100,-1.4357786641877772,0.15421752609051162,0.7777901933427916
science_student_vs_arts_student,all→white,d_latency,neg,-0.075,3.2670492973187764,100,-0.2295649473717813,0.818903472225603,0.9557129273778099
science_student_vs_arts_student,all→white,d_latency,pos,-0.415,3.162321580386438,100,-1.312327002332529,0.1924443276424666,0.7144287763305684
science_student_vs_arts_student,all→white,d_peak_speed,neg,-0.0005181703343987465,0.002522622798300966,100,-2.0540935995177083,0.04260208754845798,0.36591386105331447
science_student_vs_arts_student,all→white,d_peak_speed,pos,0.0004867209494113922,0.0059564381352049285,100,0.8171342308328142,0.41581383608530964,0.6796956936009869
science_student_vs_arts_student,all→white,d_time_to_half,neg,0.6,3.3971170189447464,100,1.7662035091931547,0.0804442163397912,0.759750932098028
science_student_vs_arts_student,all→white,d_time_to_half,pos,0.265,4.186591752852253,100,0.6329731094976242,0.5282106234035191,0.8803510390058652
science_student_vs_arts_student,all→white,pull_AUC,neg,1.2439579162129517,17.213458744227875,100,0.7226658713374983,0.4715889396948124,0.572643712486558
science_student_vs_arts_student,all→white,pull_AUC,pos,2.2911870018655858,15.575290343780773,100,1.4710396732863853,0.1444518470932442,0.23960765847133914
science_student_vs_arts_student,all→white,pull_MAD,neg,2.6746823979832697,34.929291650566675,100,0.7657419522676971,0.445651685265368,0.5827752807316351
science_student_vs_arts_student,all→white,pull_MAD,pos,1.4856383279431618,40.24167193879049,100,0.3691790764068871,0.7127826715854015,0.8103817859888792
science_student_vs_arts_student,all→white,pull_early,neg,0.5835655311238949,10.169572838015103,100,0.573834850705288,0.5673809675965673,0.9645476449141644
science_student_vs_arts_student,all→white,pull_early,pos,0.8243258985457943,10.626546650920671,100,0.7757232199929933,0.43976157974747654,0.9327443451866727
science_student_vs_arts_student,all→white,pull_release,neg,3.103462402650621,33.98380393397519,100,0.9132180754927041,0.36334650063991614,0.46794625082413444
science_student_vs_arts_student,all→white,pull_release,pos,1.023821056005545,31.444749849534166,100,0.3255936399254619,0.7454189845751582,0.7920076711111056
science_student_vs_arts_student,all→white,pull_tcp,neg,0.3152140136808157,73.30398494763932,100,0.04300093833997858,0.9657873957142791,0.9996955185353429
science_student_vs_arts_student,all→white,pull_tcp,pos,1.4493350445991382,50.39740835696103,100,0.28758126495981856,0.774268413190069,0.8838461535812092
science_student_vs_arts_student,all→white,q_exploded,neg,0.05,0.18118576883486967,100,2.7595986330234,0.006895621868115733,0.009158247793591208
science_student_vs_arts_student,all→white,q_exploded,pos,0.05,0.16666666666666666,100,3.0,0.003415507921578869,0.005278512242440071
science_student_vs_arts_student,all→white,q_jerk_in_grasp,neg,0.075,0.20566472667421556,100,3.6467118699845984,0.0004257091458888381,nan
science_student_vs_arts_student,all→white,q_jerk_in_grasp,pos,0.045,0.1892969448600092,100,2.3772174470791834,0.01936555251614669,nan
science_student_vs_arts_student,all→white,q_tile_drift,neg,0.11610483687371015,0.354660299270673,100,3.273691391804194,0.0014628032266530118,0.003453840951819611
science_student_vs_arts_student,all→white,q_tile_drift,pos,0.135467624142766,0.8941593894563263,100,1.5150276979715447,0.13295175702501397,0.13615541382079743
science_student_vs_arts_student,all→white,xpos_reversals,neg,0.925,0.6128876839448753,100,15.092487975059344,2.0306335621265154e-27,8.2192310847978e-27
science_student_vs_arts_student,all→white,xpos_reversals,pos,1.005,0.7537616106280326,100,13.33312795225318,7.864372861137253e-24,1.8568658144351848e-23
science_student_vs_arts_student,black→white,d_approach_retreat,neg,0.28,4.470622400344794,100,0.626311003090767,0.532552432305335,0.9053391349190695
science_student_vs_arts_student,black→white,d_approach_retreat,pos,-0.73,5.084349128512524,100,-1.4357786641877772,0.15421752609051162,0.7777901933427916
science_student_vs_arts_student,black→white,d_latency,neg,-0.075,3.2670492973187764,100,-0.2295649473717813,0.818903472225603,0.9557129273778099
science_student_vs_arts_student,black→white,d_latency,pos,-0.415,3.162321580386438,100,-1.312327002332529,0.1924443276424666,0.7144287763305684
science_student_vs_arts_student,black→white,d_peak_speed,neg,-0.0005181703343987465,0.002522622798300966,100,-2.0540935995177083,0.04260208754845798,0.36591386105331447
science_student_vs_arts_student,black→white,d_peak_speed,pos,0.0004867209494113922,0.0059564381352049285,100,0.8171342308328142,0.41581383608530964,0.6796956936009869
science_student_vs_arts_student,black→white,d_time_to_half,neg,0.6,3.3971170189447464,100,1.7662035091931547,0.0804442163397912,0.759750932098028
science_student_vs_arts_student,black→white,d_time_to_half,pos,0.265,4.186591752852253,100,0.6329731094976242,0.5282106234035191,0.8803510390058652
science_student_vs_arts_student,black→white,pull_AUC,neg,1.2439579162129517,17.213458744227875,100,0.7226658713374983,0.4715889396948124,0.572643712486558
science_student_vs_arts_student,black→white,pull_AUC,pos,2.2911870018655858,15.575290343780773,100,1.4710396732863853,0.1444518470932442,0.23960765847133914
science_student_vs_arts_student,black→white,pull_MAD,neg,2.6746823979832697,34.929291650566675,100,0.7657419522676971,0.445651685265368,0.5827752807316351
science_student_vs_arts_student,black→white,pull_MAD,pos,1.4856383279431618,40.24167193879049,100,0.3691790764068871,0.7127826715854015,0.8103817859888792
science_student_vs_arts_student,black→white,pull_early,neg,0.5835655311238949,10.169572838015103,100,0.573834850705288,0.5673809675965673,0.9645476449141644
science_student_vs_arts_student,black→white,pull_early,pos,0.8243258985457943,10.626546650920671,100,0.7757232199929933,0.43976157974747654,0.9327443451866727
science_student_vs_arts_student,black→white,pull_release,neg,3.103462402650621,33.98380393397519,100,0.9132180754927041,0.36334650063991614,0.46794625082413444
science_student_vs_arts_student,black→white,pull_release,pos,1.023821056005545,31.444749849534166,100,0.3255936399254619,0.7454189845751582,0.7920076711111056
science_student_vs_arts_student,black→white,pull_tcp,neg,0.3152140136808157,73.30398494763932,100,0.04300093833997858,0.9657873957142791,0.9996955185353429
science_student_vs_arts_student,black→white,pull_tcp,pos,1.4493350445991382,50.39740835696103,100,0.28758126495981856,0.774268413190069,0.8838461535812092
science_student_vs_arts_student,black→white,q_exploded,neg,0.05,0.18118576883486967,100,2.7595986330234,0.006895621868115733,0.009158247793591208
science_student_vs_arts_student,black→white,q_exploded,pos,0.05,0.16666666666666666,100,3.0,0.003415507921578869,0.005278512242440071
science_student_vs_arts_student,black→white,q_jerk_in_grasp,neg,0.075,0.20566472667421556,100,3.6467118699845984,0.0004257091458888381,nan
science_student_vs_arts_student,black→white,q_jerk_in_grasp,pos,0.045,0.1892969448600092,100,2.3772174470791834,0.01936555251614669,nan
science_student_vs_arts_student,black→white,q_tile_drift,neg,0.11610483687371015,0.354660299270673,100,3.273691391804194,0.0014628032266530118,0.003453840951819611
science_student_vs_arts_student,black→white,q_tile_drift,pos,0.135467624142766,0.8941593894563263,100,1.5150276979715447,0.13295175702501397,0.13615541382079743
science_student_vs_arts_student,black→white,xpos_reversals,neg,0.925,0.6128876839448753,100,15.092487975059344,2.0306335621265154e-27,8.2192310847978e-27
science_student_vs_arts_student,black→white,xpos_reversals,pos,1.005,0.7537616106280326,100,13.33312795225318,7.864372861137253e-24,1.8568658144351848e-23
sexual_orientation,all→white,d_approach_retreat,-,-0.22,3.2560489303128537,400,-1.3513310439033333,0.17735509274209077,0.7777901933427916
sexual_orientation,all→white,d_latency,-,0.20625,2.6392233112635224,400,1.5629598232160071,0.11885480233463434,0.6410788062505324
sexual_orientation,all→white,d_peak_speed,-,-5.022257100790739e-05,0.0050248247077836865,400,-0.1998978031218096,0.8416623475932108,0.9291077863041937
sexual_orientation,all→white,d_time_to_half,-,0.3175,3.8920835726305842,400,1.6315168678940153,0.10357029015868924,0.8003158784989622
sexual_orientation,all→white,pull_AUC,-,0.9350024883405448,13.953894373428614,400,1.340131239807866,0.1809653207940863,0.27789457508176085
sexual_orientation,all→white,pull_MAD,-,1.4199042605387147,27.917349855298603,400,1.0172199495284273,0.3096652107044961,0.4315007034406913
sexual_orientation,all→white,pull_early,-,0.5113012038927992,5.8511833125190655,400,1.7476847898401342,0.08128786364650614,0.46063122733020145
sexual_orientation,all→white,pull_release,-,1.3028347661520456,26.61939025308541,400,0.9788614643425473,0.3282415603026728,0.4573857807496261
sexual_orientation,all→white,pull_tcp,-,3.2433793687960133,64.51248173670416,400,1.0055044485912883,0.31526339664734604,0.5825519285874873
sexual_orientation,all→white,q_exploded,-,0.06375,0.1706861796684915,400,7.469849067313584,5.111180696904036e-13,3.781918997432436e-12
sexual_orientation,all→white,q_jerk_in_grasp,-,0.02375,0.10648608225625408,400,4.460676831521826,1.0638602428309353e-05,nan
sexual_orientation,all→white,q_tile_drift,-,0.14437960320152343,0.5965294135240122,400,4.840653283082803,1.8534040949247986e-06,9.846209254287992e-06
sexual_orientation,all→white,xpos_reversals,-,1.1375,0.9127851290031642,400,24.923718931359954,2.3457812686566885e-83,1.5337800602755272e-82
sexual_orientation,black→white,d_approach_retreat,-,-0.22,3.2560489303128537,400,-1.3513310439033333,0.17735509274209077,0.7777901933427916
sexual_orientation,black→white,d_latency,-,0.20625,2.6392233112635224,400,1.5629598232160071,0.11885480233463434,0.6410788062505324
sexual_orientation,black→white,d_peak_speed,-,-5.022257100790739e-05,0.0050248247077836865,400,-0.1998978031218096,0.8416623475932108,0.9291077863041937
sexual_orientation,black→white,d_time_to_half,-,0.3175,3.8920835726305842,400,1.6315168678940153,0.10357029015868924,0.8003158784989622
sexual_orientation,black→white,pull_AUC,-,0.9350024883405448,13.953894373428614,400,1.340131239807866,0.1809653207940863,0.27789457508176085
sexual_orientation,black→white,pull_MAD,-,1.4199042605387147,27.917349855298603,400,1.0172199495284273,0.3096652107044961,0.4315007034406913
sexual_orientation,black→white,pull_early,-,0.5113012038927992,5.8511833125190655,400,1.7476847898401342,0.08128786364650614,0.46063122733020145
sexual_orientation,black→white,pull_release,-,1.3028347661520456,26.61939025308541,400,0.9788614643425473,0.3282415603026728,0.4573857807496261
sexual_orientation,black→white,pull_tcp,-,3.2433793687960133,64.51248173670416,400,1.0055044485912883,0.31526339664734604,0.5825519285874873
sexual_orientation,black→white,q_exploded,-,0.06375,0.1706861796684915,400,7.469849067313584,5.111180696904036e-13,3.781918997432436e-12
sexual_orientation,black→white,q_jerk_in_grasp,-,0.02375,0.10648608225625408,400,4.460676831521826,1.0638602428309353e-05,nan
sexual_orientation,black→white,q_tile_drift,-,0.14437960320152343,0.5965294135240122,400,4.840653283082803,1.8534040949247986e-06,9.846209254287992e-06
sexual_orientation,black→white,xpos_reversals,-,1.1375,0.9127851290031642,400,24.923718931359954,2.3457812686566885e-83,1.5337800602755272e-82
spoken_language,all→white,d_approach_retreat,-,-0.11272727272727273,3.2157089706577766,1100,-1.162648954516399,0.2452243587517722,0.7777901933427916
spoken_language,all→white,d_latency,-,-0.08727272727272728,2.258261915129973,1100,-1.2817418956383273,0.20020354257329123,0.7144287763305684
spoken_language,all→white,d_peak_speed,-,-0.00023819711736657403,0.003744237486466265,1100,-2.109936849104008,0.03508937242279207,0.36591386105331447
spoken_language,all→white,d_time_to_half,-,0.05,4.046336484339259,1100,0.4098305718261322,0.6820101085905292,0.8984759311600312
spoken_language,all→white,pull_AUC,-,1.045239441024927,10.969654577910685,1100,3.160233549141313,0.001619495631068162,0.009832652045770983
spoken_language,all→white,pull_MAD,-,2.787590096152086,22.909588803123246,1100,4.035598586119881,5.823443263016448e-05,0.0007071323962234258
spoken_language,all→white,pull_early,-,-0.11127493278631435,5.737656752557655,1100,-0.6432193777707383,0.5202159441729215,0.9569740534796671
spoken_language,all→white,pull_release,-,3.043804403833664,20.17411373442318,1100,5.0040151828440695,6.53391485838632e-07,1.3884569074070928e-05
spoken_language,all→white,pull_tcp,-,3.3534230854737954,65.59094879731788,1100,1.695667823345663,0.0902320419299573,0.29498936784793733
spoken_language,all→white,q_exploded,-,0.06954545454545455,0.1833113987334576,1100,12.582751547129531,5.131878331878291e-34,2.1810482910482736e-32
spoken_language,all→white,q_jerk_in_grasp,-,0.019545454545454546,0.10592017496353749,1100,6.120169184627466,1.2984676107837913e-09,nan
spoken_language,all→white,q_tile_drift,-,0.11621651741591367,0.3708149516971491,1100,10.39458039505349,3.328195657859803e-24,2.644344067369705e-22
spoken_language,all→white,xpos_reversals,-,1.1677272727272727,0.9801507368529744,1100,39.51344497823219,3.3461047999252153e-213,5.688378159872866e-212
spoken_language,black→white,d_approach_retreat,-,-0.11272727272727273,3.2157089706577766,1100,-1.162648954516399,0.2452243587517722,0.7777901933427916
spoken_language,black→white,d_latency,-,-0.08727272727272728,2.258261915129973,1100,-1.2817418956383273,0.20020354257329123,0.7144287763305684
spoken_language,black→white,d_peak_speed,-,-0.00023819711736657403,0.003744237486466265,1100,-2.109936849104008,0.03508937242279207,0.36591386105331447
spoken_language,black→white,d_time_to_half,-,0.05,4.046336484339259,1100,0.4098305718261322,0.6820101085905292,0.8984759311600312
spoken_language,black→white,pull_AUC,-,1.045239441024927,10.969654577910685,1100,3.160233549141313,0.001619495631068162,0.009832652045770983
spoken_language,black→white,pull_MAD,-,2.787590096152086,22.909588803123246,1100,4.035598586119881,5.823443263016448e-05,0.0007071323962234258
spoken_language,black→white,pull_early,-,-0.11127493278631435,5.737656752557655,1100,-0.6432193777707383,0.5202159441729215,0.9569740534796671
spoken_language,black→white,pull_release,-,3.043804403833664,20.17411373442318,1100,5.0040151828440695,6.53391485838632e-07,1.3884569074070928e-05
spoken_language,black→white,pull_tcp,-,3.3534230854737954,65.59094879731788,1100,1.695667823345663,0.0902320419299573,0.29498936784793733
spoken_language,black→white,q_exploded,-,0.06954545454545455,0.1833113987334576,1100,12.582751547129531,5.131878331878291e-34,2.1810482910482736e-32
spoken_language,black→white,q_jerk_in_grasp,-,0.019545454545454546,0.10592017496353749,1100,6.120169184627466,1.2984676107837913e-09,nan
spoken_language,black→white,q_tile_drift,-,0.11621651741591367,0.3708149516971491,1100,10.39458039505349,3.328195657859803e-24,2.644344067369705e-22
spoken_language,black→white,xpos_reversals,-,1.1677272727272727,0.9801507368529744,1100,39.51344497823219,3.3461047999252153e-213,5.688378159872866e-212
sysadmin_vs_receptionist,all→white,d_approach_retreat,neg,0.38,4.413661069951344,100,0.8609632547163145,0.3913386816399401,0.7842156182417004
sysadmin_vs_receptionist,all→white,d_approach_retreat,pos,-0.49,4.489595153960393,100,-1.0914124396444917,0.2777405199681092,0.7777901933427916
sysadmin_vs_receptionist,all→white,d_latency,neg,-0.77,2.8341531790685277,100,-2.716860915234892,0.007779828079587804,0.16532134669124085
sysadmin_vs_receptionist,all→white,d_latency,pos,-0.02,2.4161911757929664,100,-0.0827749070536036,0.9341976552651303,0.9890486036571401
sysadmin_vs_receptionist,all→white,d_peak_speed,neg,-0.0008857708424329757,0.00711988835862626,100,-1.24407967908626,0.21640777068809217,0.5687489907084579
sysadmin_vs_receptionist,all→white,d_peak_speed,pos,0.0011712901666760445,0.007112266883495102,100,1.646859132064024,0.1027578071044645,0.44515866741765653
sysadmin_vs_receptionist,all→white,d_time_to_half,neg,0.075,5.097223942421199,100,0.14713891492154987,0.8833216074583109,0.9696743088125853
sysadmin_vs_receptionist,all→white,d_time_to_half,pos,-0.175,5.318813093846477,100,-0.32902077383103323,0.7428350054605013,0.9114834886944659
sysadmin_vs_receptionist,all→white,pull_AUC,neg,5.252905793019428,21.20859735494284,100,2.4767813283961444,0.014952480264884183,0.047072623056116876
sysadmin_vs_receptionist,all→white,pull_AUC,pos,2.6161368019016304,16.001463561774987,100,1.6349359493285196,0.10523833348103276,0.21299596911543658
sysadmin_vs_receptionist,all→white,pull_MAD,neg,9.777011162378766,41.552784039955114,100,2.3529136225812626,0.02060458070622149,0.056496430968671824
sysadmin_vs_receptionist,all→white,pull_MAD,pos,8.130089353365474,33.206486516343645,100,2.4483437443356095,0.016110785528472487,0.04793401166420331
sysadmin_vs_receptionist,all→white,pull_early,neg,-0.09525227197445936,8.33426479936336,100,-0.11428995150446324,0.9092394164713015,0.9983226283285012
sysadmin_vs_receptionist,all→white,pull_early,pos,-0.05229470587801181,7.745698883465557,100,-0.06751450923252812,0.9463082781039516,0.9983226283285012
sysadmin_vs_receptionist,all→white,pull_release,neg,9.221958752023056,37.70813962574524,100,2.4456148840943515,0.016226041207403452,0.057467229276220555
sysadmin_vs_receptionist,all→white,pull_release,pos,6.399990358040668,27.492508148414533,100,2.3279034140832833,0.021952383702318733,0.07176740825758048
sysadmin_vs_receptionist,all→white,pull_tcp,neg,0.06537234410643578,61.382822280462996,100,0.010649941087385055,0.991524168980372,0.9996955185353429
sysadmin_vs_receptionist,all→white,pull_tcp,pos,1.23336749849841,53.828060428969145,100,0.22913095672951966,0.8192398206355025,0.9085339809453393
sysadmin_vs_receptionist,all→white,q_exploded,neg,0.06,0.16329931618554522,100,3.6742346141747664,0.0003873122498296649,0.0009682806245741623
sysadmin_vs_receptionist,all→white,q_exploded,pos,0.05,0.16666666666666666,100,3.0,0.003415507921578869,0.005278512242440071
sysadmin_vs_receptionist,all→white,q_jerk_in_grasp,neg,0.035,0.16291225871739684,100,2.1483957239040157,0.03412159030060471,nan
sysadmin_vs_receptionist,all→white,q_jerk_in_grasp,pos,0.045,0.16041297713191177,100,2.8052593253097804,0.006053018875324044,nan
sysadmin_vs_receptionist,all→white,q_tile_drift,neg,0.07234774373471736,0.26293343962447996,100,2.751561149393702,0.007054568337436091,0.010163361164102842
sysadmin_vs_receptionist,all→white,q_tile_drift,pos,0.08380463987588882,0.23749303522880044,100,3.5287198967814595,0.0006350511448508766,0.0017993115770774837
sysadmin_vs_receptionist,all→white,xpos_reversals,neg,0.88,0.66332495807108,100,13.266499161421597,1.0827368512085416e-23,2.4219113777033164e-23
sysadmin_vs_receptionist,all→white,xpos_reversals,pos,0.93,0.685418105828829,100,13.568360568406858,2.5531319723853886e-24,6.781756801648688e-24
sysadmin_vs_receptionist,black→white,d_approach_retreat,neg,0.38,4.413661069951344,100,0.8609632547163145,0.3913386816399401,0.7842156182417004
sysadmin_vs_receptionist,black→white,d_approach_retreat,pos,-0.49,4.489595153960393,100,-1.0914124396444917,0.2777405199681092,0.7777901933427916
sysadmin_vs_receptionist,black→white,d_latency,neg,-0.77,2.8341531790685277,100,-2.716860915234892,0.007779828079587804,0.16532134669124085
sysadmin_vs_receptionist,black→white,d_latency,pos,-0.02,2.4161911757929664,100,-0.0827749070536036,0.9341976552651303,0.9890486036571401
sysadmin_vs_receptionist,black→white,d_peak_speed,neg,-0.0008857708424329757,0.00711988835862626,100,-1.24407967908626,0.21640777068809217,0.5687489907084579
sysadmin_vs_receptionist,black→white,d_peak_speed,pos,0.0011712901666760445,0.007112266883495102,100,1.646859132064024,0.1027578071044645,0.44515866741765653
sysadmin_vs_receptionist,black→white,d_time_to_half,neg,0.075,5.097223942421199,100,0.14713891492154987,0.8833216074583109,0.9696743088125853
sysadmin_vs_receptionist,black→white,d_time_to_half,pos,-0.175,5.318813093846477,100,-0.32902077383103323,0.7428350054605013,0.9114834886944659
sysadmin_vs_receptionist,black→white,pull_AUC,neg,5.252905793019428,21.20859735494284,100,2.4767813283961444,0.014952480264884183,0.047072623056116876
sysadmin_vs_receptionist,black→white,pull_AUC,pos,2.6161368019016304,16.001463561774987,100,1.6349359493285196,0.10523833348103276,0.21299596911543658
sysadmin_vs_receptionist,black→white,pull_MAD,neg,9.777011162378766,41.552784039955114,100,2.3529136225812626,0.02060458070622149,0.056496430968671824
sysadmin_vs_receptionist,black→white,pull_MAD,pos,8.130089353365474,33.206486516343645,100,2.4483437443356095,0.016110785528472487,0.04793401166420331
sysadmin_vs_receptionist,black→white,pull_early,neg,-0.09525227197445936,8.33426479936336,100,-0.11428995150446324,0.9092394164713015,0.9983226283285012
sysadmin_vs_receptionist,black→white,pull_early,pos,-0.05229470587801181,7.745698883465557,100,-0.06751450923252812,0.9463082781039516,0.9983226283285012
sysadmin_vs_receptionist,black→white,pull_release,neg,9.221958752023056,37.70813962574524,100,2.4456148840943515,0.016226041207403452,0.057467229276220555
sysadmin_vs_receptionist,black→white,pull_release,pos,6.399990358040668,27.492508148414533,100,2.3279034140832833,0.021952383702318733,0.07176740825758048
sysadmin_vs_receptionist,black→white,pull_tcp,neg,0.06537234410643578,61.382822280462996,100,0.010649941087385055,0.991524168980372,0.9996955185353429
sysadmin_vs_receptionist,black→white,pull_tcp,pos,1.23336749849841,53.828060428969145,100,0.22913095672951966,0.8192398206355025,0.9085339809453393
sysadmin_vs_receptionist,black→white,q_exploded,neg,0.06,0.16329931618554522,100,3.6742346141747664,0.0003873122498296649,0.0009682806245741623
sysadmin_vs_receptionist,black→white,q_exploded,pos,0.05,0.16666666666666666,100,3.0,0.003415507921578869,0.005278512242440071
sysadmin_vs_receptionist,black→white,q_jerk_in_grasp,neg,0.035,0.16291225871739684,100,2.1483957239040157,0.03412159030060471,nan
sysadmin_vs_receptionist,black→white,q_jerk_in_grasp,pos,0.045,0.16041297713191177,100,2.8052593253097804,0.006053018875324044,nan
sysadmin_vs_receptionist,black→white,q_tile_drift,neg,0.07234774373471736,0.26293343962447996,100,2.751561149393702,0.007054568337436091,0.010163361164102842
sysadmin_vs_receptionist,black→white,q_tile_drift,pos,0.08380463987588882,0.23749303522880044,100,3.5287198967814595,0.0006350511448508766,0.0017993115770774837
sysadmin_vs_receptionist,black→white,xpos_reversals,neg,0.88,0.66332495807108,100,13.266499161421597,1.0827368512085416e-23,2.4219113777033164e-23
sysadmin_vs_receptionist,black→white,xpos_reversals,pos,0.93,0.685418105828829,100,13.568360568406858,2.5531319723853886e-24,6.781756801648688e-24
taxi_driver_vs_model,all→white,d_approach_retreat,pos,-0.075,3.836543451671785,100,-0.19548846753532406,0.8454112329780198,0.9251080868988192
taxi_driver_vs_model,all→white,d_latency,pos,-0.125,2.6556353269790245,100,-0.4706971575882614,0.6388924477168223,0.9050976342654983
taxi_driver_vs_model,all→white,d_peak_speed,pos,-0.00038027938455343247,0.009886387117626075,100,-0.38464949837483736,0.7013221693633422,0.851807013803375
taxi_driver_vs_model,all→white,d_time_to_half,pos,-0.49,5.557768246228686,100,-0.8816488530850445,0.38010228197196005,0.8256262508633386
taxi_driver_vs_model,all→white,pull_AUC,pos,-3.2608314069952327,19.945095376686236,100,-1.6349038926165322,0.10524506709233337,0.21299596911543658
taxi_driver_vs_model,all→white,pull_MAD,pos,-6.8078894255508215,36.77440089690212,100,-1.85125773894642,0.06711342772298495,0.14627285529368517
taxi_driver_vs_model,all→white,pull_early,pos,-1.3627406230662018,11.864087074491406,100,-1.1486266195704065,0.2534776865590194,0.7270244803013195
taxi_driver_vs_model,all→white,pull_release,pos,-6.576247089105891,33.59763099809737,100,-1.9573544008142427,0.05312172974686698,0.12203640617523495
taxi_driver_vs_model,all→white,pull_tcp,pos,-3.452291232533753,76.36888336591913,100,-0.4520546956267786,0.6522184924398342,0.8034575631505204
taxi_driver_vs_model,all→white,q_exploded,pos,0.11,0.24183640851792457,100,4.5485293415547465,1.5339544763145116e-05,6.208863356511119e-05
taxi_driver_vs_model,all→white,q_jerk_in_grasp,pos,0.095,0.2430342703522624,100,3.908913745469051,0.00016982519802421123,nan
taxi_driver_vs_model,all→white,q_tile_drift,pos,0.13913659036159515,0.3462678528342769,100,4.01817810179987,0.0001144246709649165,0.00044209531963717734
taxi_driver_vs_model,all→white,xpos_reversals,pos,0.86,0.7284964452261046,100,11.805136533412739,1.3407448836788069e-20,1.7532817709645937e-20
taxi_driver_vs_model,black→white,d_approach_retreat,pos,-0.075,3.836543451671785,100,-0.19548846753532406,0.8454112329780198,0.9251080868988192
taxi_driver_vs_model,black→white,d_latency,pos,-0.125,2.6556353269790245,100,-0.4706971575882614,0.6388924477168223,0.9050976342654983
taxi_driver_vs_model,black→white,d_peak_speed,pos,-0.00038027938455343247,0.009886387117626075,100,-0.38464949837483736,0.7013221693633422,0.851807013803375
taxi_driver_vs_model,black→white,d_time_to_half,pos,-0.49,5.557768246228686,100,-0.8816488530850445,0.38010228197196005,0.8256262508633386
taxi_driver_vs_model,black→white,pull_AUC,pos,-3.2608314069952327,19.945095376686236,100,-1.6349038926165322,0.10524506709233337,0.21299596911543658
taxi_driver_vs_model,black→white,pull_MAD,pos,-6.8078894255508215,36.77440089690212,100,-1.85125773894642,0.06711342772298495,0.14627285529368517
taxi_driver_vs_model,black→white,pull_early,pos,-1.3627406230662018,11.864087074491406,100,-1.1486266195704065,0.2534776865590194,0.7270244803013195
taxi_driver_vs_model,black→white,pull_release,pos,-6.576247089105891,33.59763099809737,100,-1.9573544008142427,0.05312172974686698,0.12203640617523495
taxi_driver_vs_model,black→white,pull_tcp,pos,-3.452291232533753,76.36888336591913,100,-0.4520546956267786,0.6522184924398342,0.8034575631505204
taxi_driver_vs_model,black→white,q_exploded,pos,0.11,0.24183640851792457,100,4.5485293415547465,1.5339544763145116e-05,6.208863356511119e-05
taxi_driver_vs_model,black→white,q_jerk_in_grasp,pos,0.095,0.2430342703522624,100,3.908913745469051,0.00016982519802421123,nan
taxi_driver_vs_model,black→white,q_tile_drift,pos,0.13913659036159515,0.3462678528342769,100,4.01817810179987,0.0001144246709649165,0.00044209531963717734
taxi_driver_vs_model,black→white,xpos_reversals,pos,0.86,0.7284964452261046,100,11.805136533412739,1.3407448836788069e-20,1.7532817709645937e-20
wealthy_person_vs_poor_person,all→white,d_approach_retreat,neg,-0.315,4.46515974128043,100,-0.7054618832285505,0.48217947639519554,0.872026712629609
wealthy_person_vs_poor_person,all→white,d_approach_retreat,pos,-0.035,4.336976906425567,100,-0.08070137507106573,0.9358423626585051,0.9593821729541585
wealthy_person_vs_poor_person,all→white,d_latency,neg,0.04,2.5142824347348416,100,0.15909111660408362,0.8739211912365714,0.9794339120813512
wealthy_person_vs_poor_person,all→white,d_latency,pos,0.255,3.0678316298471975,100,0.8312059811858092,0.40785754499075255,0.8891269976445667
wealthy_person_vs_poor_person,all→white,d_peak_speed,neg,0.00013753823935985565,0.0022266145277082335,100,0.6177011676170924,0.538190648903255,0.7037877716427181
wealthy_person_vs_poor_person,all→white,d_peak_speed,pos,5.0769690424203873e-05,0.004877111560979374,100,0.1040978656924731,0.9173022828819111,0.9746336755620305
wealthy_person_vs_poor_person,all→white,d_time_to_half,neg,-0.605,7.019919349733848,100,-0.8618332631171011,0.39086200769065493,0.8256262508633386
wealthy_person_vs_poor_person,all→white,d_time_to_half,pos,-0.045,5.138041426163252,100,-0.08758201086284938,0.9303858112607694,0.9696743088125853
wealthy_person_vs_poor_person,all→white,pull_AUC,neg,-7.222785258936763,19.47543795033074,100,-3.708663844868301,0.0003438952670476757,0.003653887212381554
wealthy_person_vs_poor_person,all→white,pull_AUC,pos,-2.606038703834464,24.338171100718156,100,-1.0707619290907058,0.2868800267494282,0.39975085694592455
wealthy_person_vs_poor_person,all→white,pull_MAD,neg,-13.909090557228774,36.9107598065614,100,-3.7683024218743495,0.00027941407716803316,0.0019791830466069017
wealthy_person_vs_poor_person,all→white,pull_MAD,pos,-5.491034572862555,45.86534878609001,100,-1.197207634563518,0.2340844726079752,0.34305483054617053
wealthy_person_vs_poor_person,all→white,pull_early,neg,-2.4669575169682503,12.16701441751602,100,-2.0275783625412163,0.045290621478036884,0.3467306377847874
wealthy_person_vs_poor_person,all→white,pull_early,pos,-0.8786559721920636,12.488464517053275,100,-0.7035740630821662,0.4833495338954864,0.9554583809561941
wealthy_person_vs_poor_person,all→white,pull_release,neg,-13.794743246398866,34.53041105075066,100,-3.9949548315901042,0.00012451305446559727,0.0011759566255084186
wealthy_person_vs_poor_person,all→white,pull_release,pos,-4.205311898767832,44.17803110910248,100,-0.9519011583794567,0.3434653750639477,0.461689127075685
wealthy_person_vs_poor_person,all→white,pull_tcp,neg,-6.849750333931297,61.859644050667896,100,-1.107305164627332,0.2708451907731606,0.5170493957955519
wealthy_person_vs_poor_person,all→white,pull_tcp,pos,-8.565668854862452,60.68520172064251,100,-1.411492194471651,0.16123469709583,0.41352560706776753
wealthy_person_vs_poor_person,all→white,q_exploded,neg,0.04,0.13632996217214535,100,2.934057881530954,0.004158024036355915,0.005890534051504214
wealthy_person_vs_poor_person,all→white,q_exploded,pos,0.025,0.13055824196677338,100,1.9148542155126762,0.05839774428202229,0.060534247121608466
wealthy_person_vs_poor_person,all→white,q_jerk_in_grasp,neg,0.02,0.0984731927834662,100,2.0310096011589898,0.04493472521263044,nan
wealthy_person_vs_poor_person,all→white,q_jerk_in_grasp,pos,0.015,0.08572330399888266,100,1.7498158960596657,0.0832486252449611,nan
wealthy_person_vs_poor_person,all→white,q_tile_drift,neg,0.08246823348104954,0.3173752746277716,100,2.5984454390081604,0.010794052339362386,0.013901431043118223
wealthy_person_vs_poor_person,all→white,q_tile_drift,pos,0.0759210192412138,0.3198304303942369,100,2.3737897343798786,0.01953619837262665,0.023388406502440357
wealthy_person_vs_poor_person,all→white,xpos_reversals,neg,0.905,0.6304359562631997,100,14.355145689408825,6.199089546745356e-26,2.19551088113898e-25
wealthy_person_vs_poor_person,all→white,xpos_reversals,pos,1.03,0.7548496405231837,100,13.645101550106197,1.7710993145239497e-24,5.376551490519133e-24
wealthy_person_vs_poor_person,black→white,d_approach_retreat,neg,-0.315,4.46515974128043,100,-0.7054618832285505,0.48217947639519554,0.872026712629609
wealthy_person_vs_poor_person,black→white,d_approach_retreat,pos,-0.035,4.336976906425567,100,-0.08070137507106573,0.9358423626585051,0.9593821729541585
wealthy_person_vs_poor_person,black→white,d_latency,neg,0.04,2.5142824347348416,100,0.15909111660408362,0.8739211912365714,0.9794339120813512
wealthy_person_vs_poor_person,black→white,d_latency,pos,0.255,3.0678316298471975,100,0.8312059811858092,0.40785754499075255,0.8891269976445667
wealthy_person_vs_poor_person,black→white,d_peak_speed,neg,0.00013753823935985565,0.0022266145277082335,100,0.6177011676170924,0.538190648903255,0.7037877716427181
wealthy_person_vs_poor_person,black→white,d_peak_speed,pos,5.0769690424203873e-05,0.004877111560979374,100,0.1040978656924731,0.9173022828819111,0.9746336755620305
wealthy_person_vs_poor_person,black→white,d_time_to_half,neg,-0.605,7.019919349733848,100,-0.8618332631171011,0.39086200769065493,0.8256262508633386
wealthy_person_vs_poor_person,black→white,d_time_to_half,pos,-0.045,5.138041426163252,100,-0.08758201086284938,0.9303858112607694,0.9696743088125853
wealthy_person_vs_poor_person,black→white,pull_AUC,neg,-7.222785258936763,19.47543795033074,100,-3.708663844868301,0.0003438952670476757,0.003653887212381554
wealthy_person_vs_poor_person,black→white,pull_AUC,pos,-2.606038703834464,24.338171100718156,100,-1.0707619290907058,0.2868800267494282,0.39975085694592455
wealthy_person_vs_poor_person,black→white,pull_MAD,neg,-13.909090557228774,36.9107598065614,100,-3.7683024218743495,0.00027941407716803316,0.0019791830466069017
wealthy_person_vs_poor_person,black→white,pull_MAD,pos,-5.491034572862555,45.86534878609001,100,-1.197207634563518,0.2340844726079752,0.34305483054617053
wealthy_person_vs_poor_person,black→white,pull_early,neg,-2.4669575169682503,12.16701441751602,100,-2.0275783625412163,0.045290621478036884,0.3467306377847874
wealthy_person_vs_poor_person,black→white,pull_early,pos,-0.8786559721920636,12.488464517053275,100,-0.7035740630821662,0.4833495338954864,0.9554583809561941
wealthy_person_vs_poor_person,black→white,pull_release,neg,-13.794743246398866,34.53041105075066,100,-3.9949548315901042,0.00012451305446559727,0.0011759566255084186
wealthy_person_vs_poor_person,black→white,pull_release,pos,-4.205311898767832,44.17803110910248,100,-0.9519011583794567,0.3434653750639477,0.461689127075685
wealthy_person_vs_poor_person,black→white,pull_tcp,neg,-6.849750333931297,61.859644050667896,100,-1.107305164627332,0.2708451907731606,0.5170493957955519
wealthy_person_vs_poor_person,black→white,pull_tcp,pos,-8.565668854862452,60.68520172064251,100,-1.411492194471651,0.16123469709583,0.41352560706776753
wealthy_person_vs_poor_person,black→white,q_exploded,neg,0.04,0.13632996217214535,100,2.934057881530954,0.004158024036355915,0.005890534051504214
wealthy_person_vs_poor_person,black→white,q_exploded,pos,0.025,0.13055824196677338,100,1.9148542155126762,0.05839774428202229,0.060534247121608466
wealthy_person_vs_poor_person,black→white,q_jerk_in_grasp,neg,0.02,0.0984731927834662,100,2.0310096011589898,0.04493472521263044,nan
wealthy_person_vs_poor_person,black→white,q_jerk_in_grasp,pos,0.015,0.08572330399888266,100,1.7498158960596657,0.0832486252449611,nan
wealthy_person_vs_poor_person,black→white,q_tile_drift,neg,0.08246823348104954,0.3173752746277716,100,2.5984454390081604,0.010794052339362386,0.013901431043118223
wealthy_person_vs_poor_person,black→white,q_tile_drift,pos,0.0759210192412138,0.3198304303942369,100,2.3737897343798786,0.01953619837262665,0.023388406502440357
wealthy_person_vs_poor_person,black→white,xpos_reversals,neg,0.905,0.6304359562631997,100,14.355145689408825,6.199089546745356e-26,2.19551088113898e-25
wealthy_person_vs_poor_person,black→white,xpos_reversals,pos,1.03,0.7548496405231837,100,13.645101550106197,1.7710993145239497e-24,5.376551490519133e-24
