topic,demo,metric,d,dz,n_pos,n_neg,t,p,q
boss_vs_employee,all→white,d_approach_retreat,-0.03,-0.020017756503444135,100,100,-0.14154691367726457,0.8875823963691637,0.9668835548379486
boss_vs_employee,all→white,d_latency,-0.665,-0.22034219534984112,100,100,-1.5580546051340363,0.12082024627936795,0.7380711155636781
boss_vs_employee,all→white,d_peak_speed,-0.00019693028181791305,-0.061290790678441856,100,100,-0.4333913371301147,0.6653005968232126,0.9645059554365708
boss_vs_employee,all→white,d_time_to_half,-0.095,-0.053182316328054875,100,100,-0.37605576514775657,0.7073801553782655,0.9462187648779266
boss_vs_employee,all→white,pull_AUC,0.17998920340626468,0.013552718165582456,100,100,0.09583218918393462,0.9237531954393376,0.9259627001765802
boss_vs_employee,all→white,pull_MAD,0.7870738544967022,0.025656746117047522,100,100,0.18142059162545923,0.8562253910564956,0.8891571368663609
boss_vs_employee,all→white,pull_early,-0.23371444270014774,-0.05981988904228089,100,100,-0.4229904919162366,0.6727995651506764,0.7568995107945109
boss_vs_employee,all→white,pull_final,-2.383488935622875,-0.08799140109702175,86,91,-0.5857880069257382,0.5587732531196892,0.8439757223372236
boss_vs_employee,all→white,pull_release,0.03276684321463108,0.0011606333754303776,100,100,0.008206917302382521,0.9934602051685546,0.9934602051685546
boss_vs_employee,all→white,pull_tcp,-1.981261027394794,-0.0826860417115975,100,100,-0.5846786080374432,0.5594422580089029,0.8113730690420802
boss_vs_employee,all→white,q_exploded,0.009999999999999998,0.14250506063888502,100,100,1.0076629473115575,0.31514373830730763,0.7848371637964678
boss_vs_employee,all→white,q_jerk_in_grasp,0.0,nan,100,100,nan,nan,nan
boss_vs_employee,all→white,q_tile_drift,0.004728377461433411,0.12501712128708933,100,100,0.8840045422652195,0.37880436961356123,0.4648962717984615
boss_vs_employee,all→white,xpos_reversals,0.05499999999999994,0.09897053815673856,100,100,0.6998273866831178,0.48485651474911307,0.5730895075882021
boss_vs_employee,black→white,d_approach_retreat,-0.03,-0.020017756503444135,100,100,-0.14154691367726457,0.8875823963691637,0.9668835548379486
boss_vs_employee,black→white,d_latency,-0.665,-0.22034219534984112,100,100,-1.5580546051340363,0.12082024627936795,0.7380711155636781
boss_vs_employee,black→white,d_peak_speed,-0.00019693028181791305,-0.061290790678441856,100,100,-0.4333913371301147,0.6653005968232126,0.9645059554365708
boss_vs_employee,black→white,d_time_to_half,-0.095,-0.053182316328054875,100,100,-0.37605576514775657,0.7073801553782655,0.9462187648779266
boss_vs_employee,black→white,pull_AUC,0.17998920340626468,0.013552718165582456,100,100,0.09583218918393462,0.9237531954393376,0.9259627001765802
boss_vs_employee,black→white,pull_MAD,0.7870738544967022,0.025656746117047522,100,100,0.18142059162545923,0.8562253910564956,0.8891571368663609
boss_vs_employee,black→white,pull_early,-0.23371444270014774,-0.05981988904228089,100,100,-0.4229904919162366,0.6727995651506764,0.7568995107945109
boss_vs_employee,black→white,pull_final,-2.383488935622875,-0.08799140109702175,86,91,-0.5857880069257382,0.5587732531196892,0.8439757223372236
boss_vs_employee,black→white,pull_release,0.03276684321463108,0.0011606333754303776,100,100,0.008206917302382521,0.9934602051685546,0.9934602051685546
boss_vs_employee,black→white,pull_tcp,-1.981261027394794,-0.0826860417115975,100,100,-0.5846786080374432,0.5594422580089029,0.8113730690420802
boss_vs_employee,black→white,q_exploded,0.009999999999999998,0.14250506063888502,100,100,1.0076629473115575,0.31514373830730763,0.7848371637964678
boss_vs_employee,black→white,q_jerk_in_grasp,0.0,nan,100,100,nan,nan,nan
boss_vs_employee,black→white,q_tile_drift,0.004728377461433411,0.12501712128708933,100,100,0.8840045422652195,0.37880436961356123,0.4648962717984615
boss_vs_employee,black→white,xpos_reversals,0.05499999999999994,0.09897053815673856,100,100,0.6998273866831178,0.48485651474911307,0.5730895075882021
ceo_vs_secretary,all→white,d_approach_retreat,0.04999999999999999,0.04243180762677893,100,100,0.3000381891089844,0.7646373496839745,0.9668835548379486
ceo_vs_secretary,all→white,d_latency,-0.30000000000000004,-0.1411049769679995,100,100,-0.9977628607324405,0.3196747288606133,0.7740175461713312
ceo_vs_secretary,all→white,d_peak_speed,-1.8846243619918742e-06,-0.0006736205470576924,100,100,-0.004763216567710862,0.9962045439931704,0.9962045439931703
ceo_vs_secretary,all→white,d_time_to_half,0.1,0.14333438904084414,100,100,1.0135271846801166,0.3124925392817966,0.9462187648779266
ceo_vs_secretary,all→white,pull_AUC,1.4010849114526065,0.12488482723980567,100,100,0.8830690820857705,0.37830926634135587,0.8926641706935329
ceo_vs_secretary,all→white,pull_MAD,4.425762409577146,0.16907846997135906,100,100,1.1955653266939403,0.23331708163397982,0.8250508279371345
ceo_vs_secretary,all→white,pull_early,-0.35615252703428285,-0.19186251152589198,100,100,-1.3566728295544035,0.17743657241787167,0.6743885861549956
ceo_vs_secretary,all→white,pull_final,3.360103448847097,0.11675775589722366,94,82,0.7708326979231739,0.44189644145290163,0.8439757223372236
ceo_vs_secretary,all→white,pull_release,3.28789827413857,0.14102777918947101,100,100,0.9972169900055404,0.31990568023261606,0.8809195183863514
ceo_vs_secretary,all→white,pull_tcp,2.788550992263481,0.1555023774082197,100,100,1.0995678555598196,0.2728578906341696,0.7367163047122579
ceo_vs_secretary,all→white,q_exploded,-0.035,-0.3860469635478515,100,100,-2.7297642578116172,0.0075025675386096264,0.2025693235424599
ceo_vs_secretary,all→white,q_jerk_in_grasp,-0.005,-0.1414213562373095,100,100,-1.0,0.3197484741393017,nan
ceo_vs_secretary,all→white,q_tile_drift,-0.0036582748591899874,-0.31974037932928207,100,100,-2.2609059044289435,0.02579411351678575,0.06964410649532152
ceo_vs_secretary,all→white,xpos_reversals,0.2649999999999999,0.4193262049863244,100,100,2.965084030750502,0.0034090996230925433,0.013149384260499811
ceo_vs_secretary,black→white,d_approach_retreat,0.04999999999999999,0.04243180762677893,100,100,0.3000381891089844,0.7646373496839745,0.9668835548379486
ceo_vs_secretary,black→white,d_latency,-0.30000000000000004,-0.1411049769679995,100,100,-0.9977628607324405,0.3196747288606133,0.7740175461713312
ceo_vs_secretary,black→white,d_peak_speed,-1.8846243619918742e-06,-0.0006736205470576924,100,100,-0.004763216567710862,0.9962045439931704,0.9962045439931703
ceo_vs_secretary,black→white,d_time_to_half,0.1,0.14333438904084414,100,100,1.0135271846801166,0.3124925392817966,0.9462187648779266
ceo_vs_secretary,black→white,pull_AUC,1.4010849114526065,0.12488482723980567,100,100,0.8830690820857705,0.37830926634135587,0.8926641706935329
ceo_vs_secretary,black→white,pull_MAD,4.425762409577146,0.16907846997135906,100,100,1.1955653266939403,0.23331708163397982,0.8250508279371345
ceo_vs_secretary,black→white,pull_early,-0.35615252703428285,-0.19186251152589198,100,100,-1.3566728295544035,0.17743657241787167,0.6743885861549956
ceo_vs_secretary,black→white,pull_final,3.360103448847097,0.11675775589722366,94,82,0.7708326979231739,0.44189644145290163,0.8439757223372236
ceo_vs_secretary,black→white,pull_release,3.28789827413857,0.14102777918947101,100,100,0.9972169900055404,0.31990568023261606,0.8809195183863514
ceo_vs_secretary,black→white,pull_tcp,2.788550992263481,0.1555023774082197,100,100,1.0995678555598196,0.2728578906341696,0.7367163047122579
ceo_vs_secretary,black→white,q_exploded,-0.035,-0.3860469635478515,100,100,-2.7297642578116172,0.0075025675386096264,0.2025693235424599
ceo_vs_secretary,black→white,q_jerk_in_grasp,-0.005,-0.1414213562373095,100,100,-1.0,0.3197484741393017,nan
ceo_vs_secretary,black→white,q_tile_drift,-0.0036582748591899874,-0.31974037932928207,100,100,-2.2609059044289435,0.02579411351678575,0.06964410649532152
ceo_vs_secretary,black→white,xpos_reversals,0.2649999999999999,0.4193262049863244,100,100,2.965084030750502,0.0034090996230925433,0.013149384260499811
chemical_engineer_vs_pharmacist,all→white,d_approach_retreat,-0.024999999999999998,-0.04743093108564621,100,100,-0.3353873300865225,0.7377051393791325,0.9668835548379486
chemical_engineer_vs_pharmacist,all→white,d_latency,-0.1,-0.08130816910950522,100,100,-0.5749355774319371,0.5660057544826349,0.8416475974303196
chemical_engineer_vs_pharmacist,all→white,d_peak_speed,-0.00021950080990791322,-0.13677311790295288,100,100,-0.9671319915320515,0.33467043145409425,0.7796913570314689
chemical_engineer_vs_pharmacist,all→white,d_time_to_half,0.07500000000000001,0.19779676932805854,100,100,1.3986343688866152,0.1634871159352961,0.8828304260505989
chemical_engineer_vs_pharmacist,all→white,pull_AUC,0.66945222074911,0.08213695527904888,100,100,0.5807959806383165,0.5620478111774095,0.8926641706935329
chemical_engineer_vs_pharmacist,all→white,pull_MAD,1.9567747570574283,0.10092076111078882,100,100,0.7136175454394639,0.4763098978958402,0.8308730552666056
chemical_engineer_vs_pharmacist,all→white,pull_early,-0.0008795261383056155,-0.11148214464388886,100,100,-0.7882978045891337,0.43159515376217283,0.6743885861549956
chemical_engineer_vs_pharmacist,all→white,pull_final,3.5334702074470647,0.12276000672455976,90,87,0.8136742543300379,0.4171513974976465,0.8439757223372236
chemical_engineer_vs_pharmacist,all→white,pull_release,2.067716345191002,0.11010268251155687,100,100,0.7785435343075137,0.43718414346763956,0.8809195183863514
chemical_engineer_vs_pharmacist,all→white,pull_tcp,-1.0211040207650512,-0.06209745618521472,100,100,-0.4390953236299984,0.6611187969972505,0.8113730690420802
chemical_engineer_vs_pharmacist,all→white,q_exploded,-0.015000000000000001,-0.16296434287653339,100,100,-1.152331919396064,0.25081390576774265,0.7848371637964678
chemical_engineer_vs_pharmacist,all→white,q_jerk_in_grasp,0.0,nan,100,100,nan,nan,nan
chemical_engineer_vs_pharmacist,all→white,q_tile_drift,-0.00580226942896843,-0.19306545585254434,100,100,-1.3651789304620612,0.17528495372106684,0.2957933594043003
chemical_engineer_vs_pharmacist,all→white,xpos_reversals,-0.12,-0.2206547633525366,100,100,-1.560264794676915,0.12032736898823358,0.23205992590587907
chemical_engineer_vs_pharmacist,black→white,d_approach_retreat,-0.024999999999999998,-0.04743093108564621,100,100,-0.3353873300865225,0.7377051393791325,0.9668835548379486
chemical_engineer_vs_pharmacist,black→white,d_latency,-0.1,-0.08130816910950522,100,100,-0.5749355774319371,0.5660057544826349,0.8416475974303196
chemical_engineer_vs_pharmacist,black→white,d_peak_speed,-0.00021950080990791322,-0.13677311790295288,100,100,-0.9671319915320515,0.33467043145409425,0.7796913570314689
chemical_engineer_vs_pharmacist,black→white,d_time_to_half,0.07500000000000001,0.19779676932805854,100,100,1.3986343688866152,0.1634871159352961,0.8828304260505989
chemical_engineer_vs_pharmacist,black→white,pull_AUC,0.66945222074911,0.08213695527904888,100,100,0.5807959806383165,0.5620478111774095,0.8926641706935329
chemical_engineer_vs_pharmacist,black→white,pull_MAD,1.9567747570574283,0.10092076111078882,100,100,0.7136175454394639,0.4763098978958402,0.8308730552666056
chemical_engineer_vs_pharmacist,black→white,pull_early,-0.0008795261383056155,-0.11148214464388886,100,100,-0.7882978045891337,0.43159515376217283,0.6743885861549956
chemical_engineer_vs_pharmacist,black→white,pull_final,3.5334702074470647,0.12276000672455976,90,87,0.8136742543300379,0.4171513974976465,0.8439757223372236
chemical_engineer_vs_pharmacist,black→white,pull_release,2.067716345191002,0.11010268251155687,100,100,0.7785435343075137,0.43718414346763956,0.8809195183863514
chemical_engineer_vs_pharmacist,black→white,pull_tcp,-1.0211040207650512,-0.06209745618521472,100,100,-0.4390953236299984,0.6611187969972505,0.8113730690420802
chemical_engineer_vs_pharmacist,black→white,q_exploded,-0.015000000000000001,-0.16296434287653339,100,100,-1.152331919396064,0.25081390576774265,0.7848371637964678
chemical_engineer_vs_pharmacist,black→white,q_jerk_in_grasp,0.0,nan,100,100,nan,nan,nan
chemical_engineer_vs_pharmacist,black→white,q_tile_drift,-0.00580226942896843,-0.19306545585254434,100,100,-1.3651789304620612,0.17528495372106684,0.2957933594043003
chemical_engineer_vs_pharmacist,black→white,xpos_reversals,-0.12,-0.2206547633525366,100,100,-1.560264794676915,0.12032736898823358,0.23205992590587907
crime_athlete_vs_thug,all→white,d_approach_retreat,-0.2,-0.19827755979315956,100,100,-1.4020340708686427,0.1626208604089503,0.9668835548379486
crime_athlete_vs_thug,all→white,d_latency,-0.405,-0.33467859266415045,100,100,-2.366535023907911,0.019018453819464796,0.42901668388323344
crime_athlete_vs_thug,all→white,d_peak_speed,-3.0412040650844567e-05,-0.013236588984102371,100,100,-0.0935968183043794,0.9255427902672229,0.9962045439931703
crime_athlete_vs_thug,all→white,d_time_to_half,0.27,0.25799520787762525,100,100,1.824301610039018,0.06970251475684895,0.6273226328116406
crime_athlete_vs_thug,all→white,pull_AUC,-0.9226723013725135,-0.10250651837974513,100,100,-0.7248305426214123,0.46944504113975705,0.8926641706935329
crime_athlete_vs_thug,all→white,pull_MAD,-2.780747010931373,-0.1314715418534493,100,100,-0.92964418777625,0.35370825104632153,0.8308730552666056
crime_athlete_vs_thug,all→white,pull_early,-0.2698585651814937,-0.09957588061578149,100,100,-0.7041078042604118,0.48267693180355986,0.6743885861549956
crime_athlete_vs_thug,all→white,pull_final,1.3829934705728029,0.05045748222556854,95,84,0.33632910886160433,0.7370338208667293,0.8652136158000736
crime_athlete_vs_thug,all→white,pull_release,-1.6242747567594051,-0.08370365271477295,100,100,-0.5918742044469972,0.5546530300951101,0.8809195183863514
crime_athlete_vs_thug,all→white,pull_tcp,0.4816008225316182,0.02564346602513907,100,100,0.18132668719502676,0.8563062684362719,0.9248107699111736
crime_athlete_vs_thug,all→white,q_exploded,0.0,0.0,100,100,0.0,1.0,1.0
crime_athlete_vs_thug,all→white,q_jerk_in_grasp,0.0,nan,100,100,nan,nan,nan
crime_athlete_vs_thug,all→white,q_tile_drift,-0.0014330079406499863,-0.4241829014543662,100,100,-2.9994260608176733,0.0030582402008509715,0.013762080903829374
crime_athlete_vs_thug,all→white,xpos_reversals,-0.014999999999999958,-0.030719797833365294,100,100,-0.21722177364652412,0.8282622359374557,0.8395418307562925
crime_athlete_vs_thug,black→white,d_approach_retreat,-0.2,-0.19827755979315956,100,100,-1.4020340708686427,0.1626208604089503,0.9668835548379486
crime_athlete_vs_thug,black→white,d_latency,-0.405,-0.33467859266415045,100,100,-2.366535023907911,0.019018453819464796,0.42901668388323344
crime_athlete_vs_thug,black→white,d_peak_speed,-3.0412040650844567e-05,-0.013236588984102371,100,100,-0.0935968183043794,0.9255427902672229,0.9962045439931703
crime_athlete_vs_thug,black→white,d_time_to_half,0.27,0.25799520787762525,100,100,1.824301610039018,0.06970251475684895,0.6273226328116406
crime_athlete_vs_thug,black→white,pull_AUC,-0.9226723013725135,-0.10250651837974513,100,100,-0.7248305426214123,0.46944504113975705,0.8926641706935329
crime_athlete_vs_thug,black→white,pull_MAD,-2.780747010931373,-0.1314715418534493,100,100,-0.92964418777625,0.35370825104632153,0.8308730552666056
crime_athlete_vs_thug,black→white,pull_early,-0.2698585651814937,-0.09957588061578149,100,100,-0.7041078042604118,0.48267693180355986,0.6743885861549956
crime_athlete_vs_thug,black→white,pull_final,1.3829934705728029,0.05045748222556854,95,84,0.33632910886160433,0.7370338208667293,0.8652136158000736
crime_athlete_vs_thug,black→white,pull_release,-1.6242747567594051,-0.08370365271477295,100,100,-0.5918742044469972,0.5546530300951101,0.8809195183863514
crime_athlete_vs_thug,black→white,pull_tcp,0.4816008225316182,0.02564346602513907,100,100,0.18132668719502676,0.8563062684362719,0.9248107699111736
crime_athlete_vs_thug,black→white,q_exploded,0.0,0.0,100,100,0.0,1.0,1.0
crime_athlete_vs_thug,black→white,q_jerk_in_grasp,0.0,nan,100,100,nan,nan,nan
crime_athlete_vs_thug,black→white,q_tile_drift,-0.0014330079406499863,-0.4241829014543662,100,100,-2.9994260608176733,0.0030582402008509715,0.013762080903829374
crime_athlete_vs_thug,black→white,xpos_reversals,-0.014999999999999958,-0.030719797833365294,100,100,-0.21722177364652412,0.8282622359374557,0.8395418307562925
crime_entrepreneur_vs_bank_robber,all→white,d_approach_retreat,-0.005000000000000001,-0.00587963066389208,100,100,-0.04157526713310452,0.9668835548379486,0.9668835548379486
crime_entrepreneur_vs_bank_robber,all→white,d_latency,-0.505,-0.30650371934865334,100,100,-2.1673085841033117,0.031779013620980255,0.42901668388323344
crime_entrepreneur_vs_bank_robber,all→white,d_peak_speed,8.799601346254347e-05,0.04428017328628224,100,100,0.31310810802845584,0.7546307394310224,0.9645059554365708
crime_entrepreneur_vs_bank_robber,all→white,d_time_to_half,0.12,0.09728114863620163,100,100,0.6878815988227464,0.4926067759161199,0.9462187648779266
crime_entrepreneur_vs_bank_robber,all→white,pull_AUC,1.9792948764356548,0.22392869272099775,100,100,1.5834149712525618,0.1151477091110748,0.8926641706935329
crime_entrepreneur_vs_bank_robber,all→white,pull_MAD,5.518582795048132,0.2605772867841827,100,100,1.8425596650828728,0.0670796694203582,0.7320499193107385
crime_entrepreneur_vs_bank_robber,all→white,pull_early,-0.4283340573310853,-0.1458817908912515,100,100,-1.0315400359084186,0.3038768305565418,0.6743885861549956
crime_entrepreneur_vs_bank_robber,all→white,pull_final,10.922199202004347,0.3728429256553005,89,81,2.4090300040088177,0.017273290944958046,0.3333984532874922
crime_entrepreneur_vs_bank_robber,all→white,pull_release,6.257624969584867,0.30860619926684674,100,100,2.1821753621779427,0.030392617187105363,0.6478499040646809
crime_entrepreneur_vs_bank_robber,all→white,pull_tcp,8.392725296434946,0.2932968041332997,100,100,2.073921591029988,0.039896738486789804,0.30528114874448636
crime_entrepreneur_vs_bank_robber,all→white,q_exploded,0.0,0.0,100,100,0.0,1.0,1.0
crime_entrepreneur_vs_bank_robber,all→white,q_jerk_in_grasp,0.0,nan,100,100,nan,nan,nan
crime_entrepreneur_vs_bank_robber,all→white,q_tile_drift,-0.014374031685292723,-0.27396300425269826,100,100,-1.937210981013219,0.05554965957745646,0.12498673404927703
crime_entrepreneur_vs_bank_robber,all→white,xpos_reversals,-0.12,-0.25931695474624855,100,100,-1.8336477717771744,0.06820855538395074,0.15346924961388916
crime_entrepreneur_vs_bank_robber,black→white,d_approach_retreat,-0.005000000000000001,-0.00587963066389208,100,100,-0.04157526713310452,0.9668835548379486,0.9668835548379486
crime_entrepreneur_vs_bank_robber,black→white,d_latency,-0.505,-0.30650371934865334,100,100,-2.1673085841033117,0.031779013620980255,0.42901668388323344
crime_entrepreneur_vs_bank_robber,black→white,d_peak_speed,8.799601346254347e-05,0.04428017328628224,100,100,0.31310810802845584,0.7546307394310224,0.9645059554365708
crime_entrepreneur_vs_bank_robber,black→white,d_time_to_half,0.12,0.09728114863620163,100,100,0.6878815988227464,0.4926067759161199,0.9462187648779266
crime_entrepreneur_vs_bank_robber,black→white,pull_AUC,1.9792948764356548,0.22392869272099775,100,100,1.5834149712525618,0.1151477091110748,0.8926641706935329
crime_entrepreneur_vs_bank_robber,black→white,pull_MAD,5.518582795048132,0.2605772867841827,100,100,1.8425596650828728,0.0670796694203582,0.7320499193107385
crime_entrepreneur_vs_bank_robber,black→white,pull_early,-0.4283340573310853,-0.1458817908912515,100,100,-1.0315400359084186,0.3038768305565418,0.6743885861549956
crime_entrepreneur_vs_bank_robber,black→white,pull_final,10.922199202004347,0.3728429256553005,89,81,2.4090300040088177,0.017273290944958046,0.3333984532874922
crime_entrepreneur_vs_bank_robber,black→white,pull_release,6.257624969584867,0.30860619926684674,100,100,2.1821753621779427,0.030392617187105363,0.6478499040646809
crime_entrepreneur_vs_bank_robber,black→white,pull_tcp,8.392725296434946,0.2932968041332997,100,100,2.073921591029988,0.039896738486789804,0.30528114874448636
crime_entrepreneur_vs_bank_robber,black→white,q_exploded,0.0,0.0,100,100,0.0,1.0,1.0
crime_entrepreneur_vs_bank_robber,black→white,q_jerk_in_grasp,0.0,nan,100,100,nan,nan,nan
crime_entrepreneur_vs_bank_robber,black→white,q_tile_drift,-0.014374031685292723,-0.27396300425269826,100,100,-1.937210981013219,0.05554965957745646,0.12498673404927703
crime_entrepreneur_vs_bank_robber,black→white,xpos_reversals,-0.12,-0.25931695474624855,100,100,-1.8336477717771744,0.06820855538395074,0.15346924961388916
crime_homeowner_vs_burglar,all→white,d_approach_retreat,0.16,0.12251890974753424,100,100,0.8663395190606406,0.38757327712297407,0.9668835548379486
crime_homeowner_vs_burglar,all→white,d_latency,0.13999999999999999,0.0476412221977579,100,100,0.33687431280049684,0.736578238934305,0.8688807577115133
crime_homeowner_vs_burglar,all→white,d_peak_speed,-0.0004072578996419907,-0.13854487635639134,100,100,-0.9796602157025609,0.32846654083169924,0.7796913570314689
crime_homeowner_vs_burglar,all→white,d_time_to_half,-0.27,-0.22765435495932204,100,100,-1.6097593815838596,0.10937982836817374,0.7383138414851728
crime_homeowner_vs_burglar,all→white,pull_AUC,2.293821522355428,0.1556456527893926,100,100,1.1005809654958638,0.2724694395215123,0.8926641706935329
crime_homeowner_vs_burglar,all→white,pull_MAD,4.079618451558053,0.12186928452971277,100,100,0.861745975093127,0.3899010615079297,0.8308730552666056
crime_homeowner_vs_burglar,all→white,pull_early,0.28379001840949103,0.05413279166488924,100,100,0.382776640708018,0.7023341307238851,0.7585208611817958
crime_homeowner_vs_burglar,all→white,pull_final,-3.5739412074619823,-0.10239393744639659,86,90,-0.6794860659037775,0.4977330158425838,0.8439757223372236
crime_homeowner_vs_burglar,all→white,pull_release,2.9385409876704216,0.09767803153708628,100,100,0.6906879847282714,0.4905717971891418,0.8809195183863514
crime_homeowner_vs_burglar,all→white,pull_tcp,1.1073287975159474,0.04427337091045893,100,100,0.3130600079677274,0.7546463454468764,0.8489771386277359
crime_homeowner_vs_burglar,all→white,q_exploded,0.005,0.08192596906219458,100,100,0.5793040827915708,0.5631136383346664,0.9027771464841472
crime_homeowner_vs_burglar,all→white,q_jerk_in_grasp,0.0,nan,100,100,nan,nan,nan
crime_homeowner_vs_burglar,all→white,q_tile_drift,0.004637731797993183,0.22182965836408738,100,100,1.5685725569754132,0.11972617353251207,0.2155071123585217
crime_homeowner_vs_burglar,all→white,xpos_reversals,0.19499999999999995,0.36965897904378636,100,100,2.6138837080835717,0.009645040048101225,0.028935120144303675
crime_homeowner_vs_burglar,black→white,d_approach_retreat,0.16,0.12251890974753424,100,100,0.8663395190606406,0.38757327712297407,0.9668835548379486
crime_homeowner_vs_burglar,black→white,d_latency,0.13999999999999999,0.0476412221977579,100,100,0.33687431280049684,0.736578238934305,0.8688807577115133
crime_homeowner_vs_burglar,black→white,d_peak_speed,-0.0004072578996419907,-0.13854487635639134,100,100,-0.9796602157025609,0.32846654083169924,0.7796913570314689
crime_homeowner_vs_burglar,black→white,d_time_to_half,-0.27,-0.22765435495932204,100,100,-1.6097593815838596,0.10937982836817374,0.7383138414851728
crime_homeowner_vs_burglar,black→white,pull_AUC,2.293821522355428,0.1556456527893926,100,100,1.1005809654958638,0.2724694395215123,0.8926641706935329
crime_homeowner_vs_burglar,black→white,pull_MAD,4.079618451558053,0.12186928452971277,100,100,0.861745975093127,0.3899010615079297,0.8308730552666056
crime_homeowner_vs_burglar,black→white,pull_early,0.28379001840949103,0.05413279166488924,100,100,0.382776640708018,0.7023341307238851,0.7585208611817958
crime_homeowner_vs_burglar,black→white,pull_final,-3.5739412074619823,-0.10239393744639659,86,90,-0.6794860659037775,0.4977330158425838,0.8439757223372236
crime_homeowner_vs_burglar,black→white,pull_release,2.9385409876704216,0.09767803153708628,100,100,0.6906879847282714,0.4905717971891418,0.8809195183863514
crime_homeowner_vs_burglar,black→white,pull_tcp,1.1073287975159474,0.04427337091045893,100,100,0.3130600079677274,0.7546463454468764,0.8489771386277359
crime_homeowner_vs_burglar,black→white,q_exploded,0.005,0.08192596906219458,100,100,0.5793040827915708,0.5631136383346664,0.9027771464841472
crime_homeowner_vs_burglar,black→white,q_jerk_in_grasp,0.0,nan,100,100,nan,nan,nan
crime_homeowner_vs_burglar,black→white,q_tile_drift,0.004637731797993183,0.22182965836408738,100,100,1.5685725569754132,0.11972617353251207,0.2155071123585217
crime_homeowner_vs_burglar,black→white,xpos_reversals,0.19499999999999995,0.36965897904378636,100,100,2.6138837080835717,0.009645040048101225,0.028935120144303675
crime_innocent_vs_guilty,all→white,d_approach_retreat,-0.06999999999999999,-0.07428103942640493,100,100,-0.5252462669199622,0.6002890421521769,0.9668835548379486
crime_innocent_vs_guilty,all→white,d_latency,0.36000000000000004,0.15567133401629915,100,100,1.100762559192812,0.2731144468467383,0.7740175461713312
crime_innocent_vs_guilty,all→white,d_peak_speed,-0.000793500877916813,-0.25516912098996786,100,100,-1.8043181580141687,0.07363376864487822,0.662703917803904
crime_innocent_vs_guilty,all→white,d_time_to_half,-0.28,-0.11530206203978396,100,100,-0.8153086995312323,0.4168050514967554,0.9462187648779266
crime_innocent_vs_guilty,all→white,pull_AUC,3.589306427820935,0.3081747794371586,100,100,2.179124763306834,0.030647892682260525,0.8274931024210341
crime_innocent_vs_guilty,all→white,pull_MAD,6.7816183938761245,0.26944062203705177,100,100,1.905232909695208,0.05832623581130291,0.7320499193107385
crime_innocent_vs_guilty,all→white,pull_early,0.9678906351327896,0.2354268102591601,100,100,1.6647189400737077,0.09913074859139788,0.6743885861549956
crime_innocent_vs_guilty,all→white,pull_final,5.0653936721310995,0.17405683455784637,92,87,1.1663088445320307,0.24507183998658225,0.7352155199597468
crime_innocent_vs_guilty,all→white,pull_release,4.993604569754098,0.20973149066202218,100,100,1.4830255927547893,0.13974993181812256,0.6478499040646809
crime_innocent_vs_guilty,all→white,pull_tcp,2.197460269671865,0.1075654220733112,100,100,0.760602393692315,0.4478071609911548,0.8113730690420802
crime_innocent_vs_guilty,all→white,q_exploded,-0.009999999999999998,-0.14250506063888502,100,100,-1.0076629473115575,0.31514373830730763,0.7848371637964678
crime_innocent_vs_guilty,all→white,q_jerk_in_grasp,0.0,nan,100,100,nan,nan,nan
crime_innocent_vs_guilty,all→white,q_tile_drift,-0.0018118409812450408,-0.28465482860313396,100,100,-2.0128135960277045,0.04557852011176255,0.11187454936523535
crime_innocent_vs_guilty,all→white,xpos_reversals,0.375,0.7536822444424442,100,100,5.329338259051494,2.676271323723634e-07,7.225932574053812e-06
crime_innocent_vs_guilty,black→white,d_approach_retreat,-0.06999999999999999,-0.07428103942640493,100,100,-0.5252462669199622,0.6002890421521769,0.9668835548379486
crime_innocent_vs_guilty,black→white,d_latency,0.36000000000000004,0.15567133401629915,100,100,1.100762559192812,0.2731144468467383,0.7740175461713312
crime_innocent_vs_guilty,black→white,d_peak_speed,-0.000793500877916813,-0.25516912098996786,100,100,-1.8043181580141687,0.07363376864487822,0.662703917803904
crime_innocent_vs_guilty,black→white,d_time_to_half,-0.28,-0.11530206203978396,100,100,-0.8153086995312323,0.4168050514967554,0.9462187648779266
crime_innocent_vs_guilty,black→white,pull_AUC,3.589306427820935,0.3081747794371586,100,100,2.179124763306834,0.030647892682260525,0.8274931024210341
crime_innocent_vs_guilty,black→white,pull_MAD,6.7816183938761245,0.26944062203705177,100,100,1.905232909695208,0.05832623581130291,0.7320499193107385
crime_innocent_vs_guilty,black→white,pull_early,0.9678906351327896,0.2354268102591601,100,100,1.6647189400737077,0.09913074859139788,0.6743885861549956
crime_innocent_vs_guilty,black→white,pull_final,5.0653936721310995,0.17405683455784637,92,87,1.1663088445320307,0.24507183998658225,0.7352155199597468
crime_innocent_vs_guilty,black→white,pull_release,4.993604569754098,0.20973149066202218,100,100,1.4830255927547893,0.13974993181812256,0.6478499040646809
crime_innocent_vs_guilty,black→white,pull_tcp,2.197460269671865,0.1075654220733112,100,100,0.760602393692315,0.4478071609911548,0.8113730690420802
crime_innocent_vs_guilty,black→white,q_exploded,-0.009999999999999998,-0.14250506063888502,100,100,-1.0076629473115575,0.31514373830730763,0.7848371637964678
crime_innocent_vs_guilty,black→white,q_jerk_in_grasp,0.0,nan,100,100,nan,nan,nan
crime_innocent_vs_guilty,black→white,q_tile_drift,-0.0018118409812450408,-0.28465482860313396,100,100,-2.0128135960277045,0.04557852011176255,0.11187454936523535
crime_innocent_vs_guilty,black→white,xpos_reversals,0.375,0.7536822444424442,100,100,5.329338259051494,2.676271323723634e-07,7.225932574053812e-06
crime_peaceful_vs_violent,all→white,d_approach_retreat,-0.21500000000000002,-0.1428169362181064,100,100,-1.0098682406810968,0.3137909358792267,0.9668835548379486
crime_peaceful_vs_violent,all→white,d_latency,-0.48999999999999994,-0.16285924571901894,100,100,-1.151588770268445,0.250893026806376,0.7740175461713312
crime_peaceful_vs_violent,all→white,d_peak_speed,-0.0004494078457355499,-0.12563842199069838,100,100,-0.8883978016719988,0.3754069496818183,0.7796913570314689
crime_peaceful_vs_violent,all→white,d_time_to_half,-0.03499999999999999,-0.031111499085834566,100,100,-0.21999151976472694,0.8261135935670316,0.9462187648779266
crime_peaceful_vs_violent,all→white,pull_AUC,4.314873811607132,0.22739443438104331,100,100,1.6079214655491512,0.1094472873683797,0.8926641706935329
crime_peaceful_vs_violent,all→white,pull_MAD,8.607158198580144,0.2089010052448251,100,100,1.4771531740530235,0.14122436424189963,0.8250508279371345
crime_peaceful_vs_violent,all→white,pull_early,0.6287663318216801,0.10476732520650468,100,100,0.7408168610029576,0.460229516795594,0.6743885861549956
crime_peaceful_vs_violent,all→white,pull_final,4.362154634262639,0.10291007774826637,87,89,0.6818740180733883,0.49626362175925254,0.8439757223372236
crime_peaceful_vs_violent,all→white,pull_release,9.1239440953359,0.22768378122711552,100,100,1.6099674567188773,0.10899808506024516,0.6478499040646809
crime_peaceful_vs_violent,all→white,pull_tcp,-1.610859939828515,-0.04813672272975793,100,100,-0.34037803066308453,0.7339341264695085,0.8489771386277359
crime_peaceful_vs_violent,all→white,q_exploded,0.005000000000000001,0.05416025603090641,100,100,0.3829708431025353,0.7021600028210033,0.9027771464841472
crime_peaceful_vs_violent,all→white,q_jerk_in_grasp,0.0,nan,100,100,nan,nan,nan
crime_peaceful_vs_violent,all→white,q_tile_drift,0.0008653480187058448,0.1310294155787177,100,100,0.9265178829062154,0.35553445941485196,0.4571157335333811
crime_peaceful_vs_violent,all→white,xpos_reversals,-0.015000000000000013,-0.028673076722244586,100,100,-0.20274926987781292,0.8395418307562925,0.8395418307562925
crime_peaceful_vs_violent,black→white,d_approach_retreat,-0.21500000000000002,-0.1428169362181064,100,100,-1.0098682406810968,0.3137909358792267,0.9668835548379486
crime_peaceful_vs_violent,black→white,d_latency,-0.48999999999999994,-0.16285924571901894,100,100,-1.151588770268445,0.250893026806376,0.7740175461713312
crime_peaceful_vs_violent,black→white,d_peak_speed,-0.0004494078457355499,-0.12563842199069838,100,100,-0.8883978016719988,0.3754069496818183,0.7796913570314689
crime_peaceful_vs_violent,black→white,d_time_to_half,-0.03499999999999999,-0.031111499085834566,100,100,-0.21999151976472694,0.8261135935670316,0.9462187648779266
crime_peaceful_vs_violent,black→white,pull_AUC,4.314873811607132,0.22739443438104331,100,100,1.6079214655491512,0.1094472873683797,0.8926641706935329
crime_peaceful_vs_violent,black→white,pull_MAD,8.607158198580144,0.2089010052448251,100,100,1.4771531740530235,0.14122436424189963,0.8250508279371345
crime_peaceful_vs_violent,black→white,pull_early,0.6287663318216801,0.10476732520650468,100,100,0.7408168610029576,0.460229516795594,0.6743885861549956
crime_peaceful_vs_violent,black→white,pull_final,4.362154634262639,0.10291007774826637,87,89,0.6818740180733883,0.49626362175925254,0.8439757223372236
crime_peaceful_vs_violent,black→white,pull_release,9.1239440953359,0.22768378122711552,100,100,1.6099674567188773,0.10899808506024516,0.6478499040646809
crime_peaceful_vs_violent,black→white,pull_tcp,-1.610859939828515,-0.04813672272975793,100,100,-0.34037803066308453,0.7339341264695085,0.8489771386277359
crime_peaceful_vs_violent,black→white,q_exploded,0.005000000000000001,0.05416025603090641,100,100,0.3829708431025353,0.7021600028210033,0.9027771464841472
crime_peaceful_vs_violent,black→white,q_jerk_in_grasp,0.0,nan,100,100,nan,nan,nan
crime_peaceful_vs_violent,black→white,q_tile_drift,0.0008653480187058448,0.1310294155787177,100,100,0.9265178829062154,0.35553445941485196,0.4571157335333811
crime_peaceful_vs_violent,black→white,xpos_reversals,-0.015000000000000013,-0.028673076722244586,100,100,-0.20274926987781292,0.8395418307562925,0.8395418307562925
crime_plumber_vs_prisoner,all→white,d_approach_retreat,0.05,0.06569470345860176,100,100,0.4645317030361665,0.6428996641585562,0.9668835548379486
crime_plumber_vs_prisoner,all→white,d_latency,-0.44999999999999996,-0.26668699109538924,100,100,-1.8857617985778614,0.06079279082147897,0.5471351173933107
crime_plumber_vs_prisoner,all→white,d_peak_speed,-9.57657769322395e-05,-0.054055481995943004,100,100,-0.38222997879638626,0.702712231305296,0.9645059554365708
crime_plumber_vs_prisoner,all→white,d_time_to_half,-0.024999999999999994,-0.035668818750321074,100,100,-0.2522166361526591,0.8011486286896696,0.9462187648779266
crime_plumber_vs_prisoner,all→white,pull_AUC,0.3848576805110786,0.044567046519537266,100,100,0.31513660811421124,0.752991049988136,0.9259627001765802
crime_plumber_vs_prisoner,all→white,pull_MAD,0.7700071390892842,0.037419515520230276,100,100,0.26459593173070084,0.791595998886351,0.8891571368663609
crime_plumber_vs_prisoner,all→white,pull_early,-0.09961472079157839,-0.06257424292785242,100,100,-0.44246671501898815,0.6591166763000986,0.7568995107945109
crime_plumber_vs_prisoner,all→white,pull_final,-4.993611340433025,-0.19378375166096962,87,88,-1.2821138955830174,0.2015323604772946,0.6801717166108693
crime_plumber_vs_prisoner,all→white,pull_release,1.0531246654863935,0.05449932242333724,100,100,0.38536840455613836,0.7003826386342669,0.9455165621562603
crime_plumber_vs_prisoner,all→white,pull_tcp,-1.344482863205485,-0.07236739853830094,100,100,-0.5117147824326204,0.6094220726205533,0.8113730690420802
crime_plumber_vs_prisoner,all→white,q_exploded,-0.005,-0.08192596906219458,100,100,-0.5793040827915708,0.5631136383346664,0.9027771464841472
crime_plumber_vs_prisoner,all→white,q_jerk_in_grasp,0.0,nan,100,100,nan,nan,nan
crime_plumber_vs_prisoner,all→white,q_tile_drift,8.433718234300601e-05,0.005100613874220207,100,100,0.03606678658675296,0.9712876966052273,0.9712876966052273
crime_plumber_vs_prisoner,all→white,xpos_reversals,0.09000000000000002,0.16360904993835396,100,100,1.1568906867489857,0.24872274826029583,0.355114106450859
crime_plumber_vs_prisoner,black→white,d_approach_retreat,0.05,0.06569470345860176,100,100,0.4645317030361665,0.6428996641585562,0.9668835548379486
crime_plumber_vs_prisoner,black→white,d_latency,-0.44999999999999996,-0.26668699109538924,100,100,-1.8857617985778614,0.06079279082147897,0.5471351173933107
crime_plumber_vs_prisoner,black→white,d_peak_speed,-9.57657769322395e-05,-0.054055481995943004,100,100,-0.38222997879638626,0.702712231305296,0.9645059554365708
crime_plumber_vs_prisoner,black→white,d_time_to_half,-0.024999999999999994,-0.035668818750321074,100,100,-0.2522166361526591,0.8011486286896696,0.9462187648779266
crime_plumber_vs_prisoner,black→white,pull_AUC,0.3848576805110786,0.044567046519537266,100,100,0.31513660811421124,0.752991049988136,0.9259627001765802
crime_plumber_vs_prisoner,black→white,pull_MAD,0.7700071390892842,0.037419515520230276,100,100,0.26459593173070084,0.791595998886351,0.8891571368663609
crime_plumber_vs_prisoner,black→white,pull_early,-0.09961472079157839,-0.06257424292785242,100,100,-0.44246671501898815,0.6591166763000986,0.7568995107945109
crime_plumber_vs_prisoner,black→white,pull_final,-4.993611340433025,-0.19378375166096962,87,88,-1.2821138955830174,0.2015323604772946,0.6801717166108693
crime_plumber_vs_prisoner,black→white,pull_release,1.0531246654863935,0.05449932242333724,100,100,0.38536840455613836,0.7003826386342669,0.9455165621562603
crime_plumber_vs_prisoner,black→white,pull_tcp,-1.344482863205485,-0.07236739853830094,100,100,-0.5117147824326204,0.6094220726205533,0.8113730690420802
crime_plumber_vs_prisoner,black→white,q_exploded,-0.005,-0.08192596906219458,100,100,-0.5793040827915708,0.5631136383346664,0.9027771464841472
crime_plumber_vs_prisoner,black→white,q_jerk_in_grasp,0.0,nan,100,100,nan,nan,nan
crime_plumber_vs_prisoner,black→white,q_tile_drift,8.433718234300601e-05,0.005100613874220207,100,100,0.03606678658675296,0.9712876966052273,0.9712876966052273
crime_plumber_vs_prisoner,black→white,xpos_reversals,0.09000000000000002,0.16360904993835396,100,100,1.1568906867489857,0.24872274826029583,0.355114106450859
crime_smoking_tobacco_vs_cannabis,all→white,d_approach_retreat,-0.185,-0.12406970205845602,100,100,-0.8773052766532882,0.38138408177364447,0.9668835548379486
crime_smoking_tobacco_vs_cannabis,all→white,d_latency,0.255,0.08662329469092185,100,100,0.6125191908467149,0.5408981625267457,0.8416475974303196
crime_smoking_tobacco_vs_cannabis,all→white,d_peak_speed,0.0009802384302020073,0.16849009277513768,100,100,1.1914048716405037,0.23505374193136994,0.7796913570314689
crime_smoking_tobacco_vs_cannabis,all→white,d_time_to_half,-0.16,-0.07582683777566282,100,100,-0.5361767118710346,0.5928399349366731,0.9462187648779266
crime_smoking_tobacco_vs_cannabis,all→white,pull_AUC,-1.3918060708856794,-0.0859901669555103,100,100,-0.6080423016960471,0.5438582608266549,0.8926641706935329
crime_smoking_tobacco_vs_cannabis,all→white,pull_MAD,-3.8424982829950745,-0.10743945353291393,100,100,-0.759711661601004,0.4483318344887117,0.8308730552666056
crime_smoking_tobacco_vs_cannabis,all→white,pull_early,1.3881108276546001,0.2726089348269909,100,100,1.9276362642820686,0.05534203416677531,0.6743885861549956
crime_smoking_tobacco_vs_cannabis,all→white,pull_final,-13.068633955245947,-0.3516026468414804,80,85,-2.268791378814987,0.024696181724999423,0.3333984532874922
crime_smoking_tobacco_vs_cannabis,all→white,pull_release,-2.900617988780141,-0.08754607127385686,100,100,-0.6190442066398498,0.5366004716420874,0.8809195183863514
crime_smoking_tobacco_vs_cannabis,all→white,pull_tcp,-6.713635434862226,-0.20263708553855242,100,100,-1.432860573041889,0.15356488768464543,0.5923217096407752
crime_smoking_tobacco_vs_cannabis,all→white,q_exploded,-0.015000000000000001,-0.16296434287653336,100,100,-1.152331919396064,0.25081390576774265,0.7848371637964678
crime_smoking_tobacco_vs_cannabis,all→white,q_jerk_in_grasp,0.0,nan,100,100,nan,nan,nan
crime_smoking_tobacco_vs_cannabis,all→white,q_tile_drift,-0.0009610748291015627,-0.03993533640197231,100,100,-0.282385471788006,0.7781961289686566,0.8081267493136051
crime_smoking_tobacco_vs_cannabis,all→white,xpos_reversals,0.13,0.2260675324092825,100,100,1.5985388517271324,0.11152052836837816,0.23161955891893923
crime_smoking_tobacco_vs_cannabis,black→white,d_approach_retreat,-0.185,-0.12406970205845602,100,100,-0.8773052766532882,0.38138408177364447,0.9668835548379486
crime_smoking_tobacco_vs_cannabis,black→white,d_latency,0.255,0.08662329469092185,100,100,0.6125191908467149,0.5408981625267457,0.8416475974303196
crime_smoking_tobacco_vs_cannabis,black→white,d_peak_speed,0.0009802384302020073,0.16849009277513768,100,100,1.1914048716405037,0.23505374193136994,0.7796913570314689
crime_smoking_tobacco_vs_cannabis,black→white,d_time_to_half,-0.16,-0.07582683777566282,100,100,-0.5361767118710346,0.5928399349366731,0.9462187648779266
crime_smoking_tobacco_vs_cannabis,black→white,pull_AUC,-1.3918060708856794,-0.0859901669555103,100,100,-0.6080423016960471,0.5438582608266549,0.8926641706935329
crime_smoking_tobacco_vs_cannabis,black→white,pull_MAD,-3.8424982829950745,-0.10743945353291393,100,100,-0.759711661601004,0.4483318344887117,0.8308730552666056
crime_smoking_tobacco_vs_cannabis,black→white,pull_early,1.3881108276546001,0.2726089348269909,100,100,1.9276362642820686,0.05534203416677531,0.6743885861549956
crime_smoking_tobacco_vs_cannabis,black→white,pull_final,-13.068633955245947,-0.3516026468414804,80,85,-2.268791378814987,0.024696181724999423,0.3333984532874922
crime_smoking_tobacco_vs_cannabis,black→white,pull_release,-2.900617988780141,-0.08754607127385686,100,100,-0.6190442066398498,0.5366004716420874,0.8809195183863514
crime_smoking_tobacco_vs_cannabis,black→white,pull_tcp,-6.713635434862226,-0.20263708553855242,100,100,-1.432860573041889,0.15356488768464543,0.5923217096407752
crime_smoking_tobacco_vs_cannabis,black→white,q_exploded,-0.015000000000000001,-0.16296434287653336,100,100,-1.152331919396064,0.25081390576774265,0.7848371637964678
crime_smoking_tobacco_vs_cannabis,black→white,q_jerk_in_grasp,0.0,nan,100,100,nan,nan,nan
crime_smoking_tobacco_vs_cannabis,black→white,q_tile_drift,-0.0009610748291015627,-0.03993533640197231,100,100,-0.282385471788006,0.7781961289686566,0.8081267493136051
crime_smoking_tobacco_vs_cannabis,black→white,xpos_reversals,0.13,0.2260675324092825,100,100,1.5985388517271324,0.11152052836837816,0.23161955891893923
employment,all→white,d_approach_retreat,0.175,0.12525402220884535,100,100,0.8856796847476497,0.37744768298566134,0.9668835548379486
employment,all→white,d_latency,-0.305,-0.11490473801900353,100,100,-0.8124991944370109,0.4174810674031071,0.805142058563135
employment,all→white,d_peak_speed,0.00010694704949855801,0.03005417479103862,100,100,0.21251510797709194,0.8319324927189732,0.9766164044961859
employment,all→white,d_time_to_half,0.36000000000000004,0.11142811920497933,100,100,0.7879157870470385,0.432403472846031,0.9462187648779266
employment,all→white,pull_AUC,0.45310580082401875,0.054662482040117505,100,100,0.3865221172705495,0.6995414965619919,0.9259627001765802
employment,all→white,pull_MAD,2.6826327384362227,0.15488787439584376,100,100,1.0952226630887134,0.27501694264571147,0.8250508279371345
employment,all→white,pull_early,-0.748264029622078,-0.15452915493694577,100,100,-1.09268613346941,0.27718343870581663,0.6743885861549956
employment,all→white,pull_final,6.52226397425998,0.29662106686213874,89,93,1.9977403410611037,0.047290474694630935,0.4256142722516784
employment,all→white,pull_release,3.6603635890060104,0.20758963553900442,100,100,1.4678803899367392,0.14396664534770687,0.6478499040646809
employment,all→white,pull_tcp,5.738108549267054,0.2980305745620102,100,100,2.1073944027372042,0.036436704959116245,0.30528114874448636
employment,all→white,q_exploded,0.005,0.08192596906219457,100,100,0.5793040827915708,0.5631136383346664,0.9027771464841472
employment,all→white,q_jerk_in_grasp,0.0,nan,100,100,nan,nan,nan
employment,all→white,q_tile_drift,0.0008996202051639555,0.161024334758716,100,100,1.1386139904394077,0.2571691789909205,0.3953036616789343
employment,all→white,xpos_reversals,0.10999999999999999,0.1971327316013582,100,100,1.3939389130914799,0.1649815909753177,0.2969668637555719
employment,black→white,d_approach_retreat,0.175,0.12525402220884535,100,100,0.8856796847476497,0.37744768298566134,0.9668835548379486
employment,black→white,d_latency,-0.305,-0.11490473801900353,100,100,-0.8124991944370109,0.4174810674031071,0.805142058563135
employment,black→white,d_peak_speed,0.00010694704949855801,0.03005417479103862,100,100,0.21251510797709194,0.8319324927189732,0.9766164044961859
employment,black→white,d_time_to_half,0.36000000000000004,0.11142811920497933,100,100,0.7879157870470385,0.432403472846031,0.9462187648779266
employment,black→white,pull_AUC,0.45310580082401875,0.054662482040117505,100,100,0.3865221172705495,0.6995414965619919,0.9259627001765802
employment,black→white,pull_MAD,2.6826327384362227,0.15488787439584376,100,100,1.0952226630887134,0.27501694264571147,0.8250508279371345
employment,black→white,pull_early,-0.748264029622078,-0.15452915493694577,100,100,-1.09268613346941,0.27718343870581663,0.6743885861549956
employment,black→white,pull_final,6.52226397425998,0.29662106686213874,89,93,1.9977403410611037,0.047290474694630935,0.4256142722516784
employment,black→white,pull_release,3.6603635890060104,0.20758963553900442,100,100,1.4678803899367392,0.14396664534770687,0.6478499040646809
employment,black→white,pull_tcp,5.738108549267054,0.2980305745620102,100,100,2.1073944027372042,0.036436704959116245,0.30528114874448636
employment,black→white,q_exploded,0.005,0.08192596906219457,100,100,0.5793040827915708,0.5631136383346664,0.9027771464841472
employment,black→white,q_jerk_in_grasp,0.0,nan,100,100,nan,nan,nan
employment,black→white,q_tile_drift,0.0008996202051639555,0.161024334758716,100,100,1.1386139904394077,0.2571691789909205,0.3953036616789343
employment,black→white,xpos_reversals,0.10999999999999999,0.1971327316013582,100,100,1.3939389130914799,0.1649815909753177,0.2969668637555719
farmer_vs_preschool_teacher,all→white,d_approach_retreat,-0.0050000000000000044,-0.007827149659396303,100,100,-0.055346306015211025,0.9559230157167656,0.9668835548379486
farmer_vs_preschool_teacher,all→white,d_latency,0.31,0.12637678817460282,100,100,0.8936188390283755,0.37267511482323357,0.7740175461713312
farmer_vs_preschool_teacher,all→white,d_peak_speed,0.0003982408344745636,0.13805852718931783,100,100,0.9762212077619398,0.33020956129299683,0.7796913570314689
farmer_vs_preschool_teacher,all→white,d_time_to_half,0.29500000000000004,0.31480774345277646,100,100,2.226026901654932,0.027971652314437295,0.3776173062449035
farmer_vs_preschool_teacher,all→white,pull_AUC,-0.15318856956581373,-0.013158631037119629,100,100,-0.09304557237479062,0.9259627001765802,0.9259627001765802
farmer_vs_preschool_teacher,all→white,pull_MAD,-0.731820433284156,-0.026670616148120475,100,100,-0.18858973536759424,0.8506102422997635,0.8891571368663609
farmer_vs_preschool_teacher,all→white,pull_early,0.02290883287787451,0.13875481511490545,100,100,0.9811447069003532,0.3289119220769273,0.6743885861549956
farmer_vs_preschool_teacher,all→white,pull_final,2.1011787663147636,0.06250072088220132,84,86,0.40773936744283473,0.6839900787789992,0.855195172896297
farmer_vs_preschool_teacher,all→white,pull_release,-0.24615759495645761,-0.009538331567487058,100,100,-0.0674461893257581,0.9462961346873271,0.982692139867609
farmer_vs_preschool_teacher,all→white,pull_tcp,1.7638641566736624,0.08191813980464668,100,100,0.5792487215805332,0.5630820893794397,0.8113730690420802
farmer_vs_preschool_teacher,all→white,q_exploded,0.005000000000000001,0.05416025603090641,100,100,0.38297084310253526,0.7021600028210033,0.9027771464841472
farmer_vs_preschool_teacher,all→white,q_jerk_in_grasp,0.0,nan,100,100,nan,nan,nan
farmer_vs_preschool_teacher,all→white,q_tile_drift,-0.0005952084064483643,-0.3442236835858102,100,100,-2.434029009085388,0.01627781909393879,0.048833457281816366
farmer_vs_preschool_teacher,all→white,xpos_reversals,-0.28500000000000003,-0.5056223257878307,100,100,-3.5752897528388887,0.00044398193490689,0.001997918707081005
farmer_vs_preschool_teacher,black→white,d_approach_retreat,-0.0050000000000000044,-0.007827149659396303,100,100,-0.055346306015211025,0.9559230157167656,0.9668835548379486
farmer_vs_preschool_teacher,black→white,d_latency,0.31,0.12637678817460282,100,100,0.8936188390283755,0.37267511482323357,0.7740175461713312
farmer_vs_preschool_teacher,black→white,d_peak_speed,0.0003982408344745636,0.13805852718931783,100,100,0.9762212077619398,0.33020956129299683,0.7796913570314689
farmer_vs_preschool_teacher,black→white,d_time_to_half,0.29500000000000004,0.31480774345277646,100,100,2.226026901654932,0.027971652314437295,0.3776173062449035
farmer_vs_preschool_teacher,black→white,pull_AUC,-0.15318856956581373,-0.013158631037119629,100,100,-0.09304557237479062,0.9259627001765802,0.9259627001765802
farmer_vs_preschool_teacher,black→white,pull_MAD,-0.731820433284156,-0.026670616148120475,100,100,-0.18858973536759424,0.8506102422997635,0.8891571368663609
farmer_vs_preschool_teacher,black→white,pull_early,0.02290883287787451,0.13875481511490545,100,100,0.9811447069003532,0.3289119220769273,0.6743885861549956
farmer_vs_preschool_teacher,black→white,pull_final,2.1011787663147636,0.06250072088220132,84,86,0.40773936744283473,0.6839900787789992,0.855195172896297
farmer_vs_preschool_teacher,black→white,pull_release,-0.24615759495645761,-0.009538331567487058,100,100,-0.0674461893257581,0.9462961346873271,0.982692139867609
farmer_vs_preschool_teacher,black→white,pull_tcp,1.7638641566736624,0.08191813980464668,100,100,0.5792487215805332,0.5630820893794397,0.8113730690420802
farmer_vs_preschool_teacher,black→white,q_exploded,0.005000000000000001,0.05416025603090641,100,100,0.38297084310253526,0.7021600028210033,0.9027771464841472
farmer_vs_preschool_teacher,black→white,q_jerk_in_grasp,0.0,nan,100,100,nan,nan,nan
farmer_vs_preschool_teacher,black→white,q_tile_drift,-0.0005952084064483643,-0.3442236835858102,100,100,-2.434029009085388,0.01627781909393879,0.048833457281816366
farmer_vs_preschool_teacher,black→white,xpos_reversals,-0.28500000000000003,-0.5056223257878307,100,100,-3.5752897528388887,0.00044398193490689,0.001997918707081005
financial_advisor_vs_bank_teller,all→white,d_approach_retreat,0.235,0.31874166077328686,100,100,2.2538438977945328,0.02530815493631582,0.22777339442684238
financial_advisor_vs_bank_teller,all→white,d_latency,0.295,0.10737271587596221,100,100,0.7592397551030935,0.44861339766475694,0.8075041157965626
financial_advisor_vs_bank_teller,all→white,d_peak_speed,0.0004022203013300896,0.12752312384632078,100,100,0.9017246562982533,0.36830561588907285,0.7796913570314689
financial_advisor_vs_bank_teller,all→white,d_time_to_half,-0.009999999999999998,-0.0053862836653398,100,100,-0.03808677705156105,0.9696872892140639,0.9696872892140639
financial_advisor_vs_bank_teller,all→white,pull_AUC,-0.327147808900889,-0.024209097825530997,100,100,-0.1711841723884147,0.8642631770930984,0.9259627001765802
financial_advisor_vs_bank_teller,all→white,pull_MAD,-1.0605904004536564,-0.03281284728767251,100,100,-0.23202186827151847,0.8167712000596725,0.8891571368663609
financial_advisor_vs_bank_teller,all→white,pull_early,-0.029597088694572376,-0.1359593875511457,100,100,-0.96137804903385,0.3387034647815895,0.6743885861549956
financial_advisor_vs_bank_teller,all→white,pull_final,-0.8565054413366537,-0.023260861297480798,90,87,-0.15467793957875606,0.8772540905973673,0.9869108519220382
financial_advisor_vs_bank_teller,all→white,pull_release,-1.9921030901605263,-0.06324622784864999,100,100,-0.44721836596249864,0.655224246112271,0.9455165621562603
financial_advisor_vs_bank_teller,all→white,pull_tcp,-1.9625996612012386,-0.0751164149358757,100,100,-0.5311532637958017,0.595932218369464,0.8113730690420802
financial_advisor_vs_bank_teller,all→white,q_exploded,-0.009999999999999998,-0.14250506063888502,100,100,-1.0076629473115575,0.31514373830730763,0.7848371637964678
financial_advisor_vs_bank_teller,all→white,q_jerk_in_grasp,0.0,nan,100,100,nan,nan,nan
financial_advisor_vs_bank_teller,all→white,q_tile_drift,-0.0009826260060071946,-0.09613913644022248,100,100,-0.6798063531430003,0.4979739362273885,0.560220678255812
financial_advisor_vs_bank_teller,all→white,xpos_reversals,0.20000000000000007,0.33217034976797133,100,100,2.3487990683003983,0.019825750321811268,0.04866320533535493
financial_advisor_vs_bank_teller,black→white,d_approach_retreat,0.235,0.31874166077328686,100,100,2.2538438977945328,0.02530815493631582,0.22777339442684238
financial_advisor_vs_bank_teller,black→white,d_latency,0.295,0.10737271587596221,100,100,0.7592397551030935,0.44861339766475694,0.8075041157965626
financial_advisor_vs_bank_teller,black→white,d_peak_speed,0.0004022203013300896,0.12752312384632078,100,100,0.9017246562982533,0.36830561588907285,0.7796913570314689
financial_advisor_vs_bank_teller,black→white,d_time_to_half,-0.009999999999999998,-0.0053862836653398,100,100,-0.03808677705156105,0.9696872892140639,0.9696872892140639
financial_advisor_vs_bank_teller,black→white,pull_AUC,-0.327147808900889,-0.024209097825530997,100,100,-0.1711841723884147,0.8642631770930984,0.9259627001765802
financial_advisor_vs_bank_teller,black→white,pull_MAD,-1.0605904004536564,-0.03281284728767251,100,100,-0.23202186827151847,0.8167712000596725,0.8891571368663609
financial_advisor_vs_bank_teller,black→white,pull_early,-0.029597088694572376,-0.1359593875511457,100,100,-0.96137804903385,0.3387034647815895,0.6743885861549956
financial_advisor_vs_bank_teller,black→white,pull_final,-0.8565054413366537,-0.023260861297480798,90,87,-0.15467793957875606,0.8772540905973673,0.9869108519220382
financial_advisor_vs_bank_teller,black→white,pull_release,-1.9921030901605263,-0.06324622784864999,100,100,-0.44721836596249864,0.655224246112271,0.9455165621562603
financial_advisor_vs_bank_teller,black→white,pull_tcp,-1.9625996612012386,-0.0751164149358757,100,100,-0.5311532637958017,0.595932218369464,0.8113730690420802
financial_advisor_vs_bank_teller,black→white,q_exploded,-0.009999999999999998,-0.14250506063888502,100,100,-1.0076629473115575,0.31514373830730763,0.7848371637964678
financial_advisor_vs_bank_teller,black→white,q_jerk_in_grasp,0.0,nan,100,100,nan,nan,nan
financial_advisor_vs_bank_teller,black→white,q_tile_drift,-0.0009826260060071946,-0.09613913644022248,100,100,-0.6798063531430003,0.4979739362273885,0.560220678255812
financial_advisor_vs_bank_teller,black→white,xpos_reversals,0.20000000000000007,0.33217034976797133,100,100,2.3487990683003983,0.019825750321811268,0.04866320533535493
health,all→white,d_approach_retreat,-0.04,-0.044724889115492,100,100,-0.316252723813808,0.7521440610609175,0.9668835548379486
health,all→white,d_latency,-0.04999999999999999,-0.01865583226077677,100,100,-0.1319166550027401,0.8951842026850657,0.929614364326799
health,all→white,d_peak_speed,0.00014368314296007154,0.03928943925015002,100,100,0.2778182892279798,0.7814421303830682,0.9645059554365708
health,all→white,d_time_to_half,-0.18,-0.09396958111437304,100,100,-0.664465280312325,0.5072114053562504,0.9462187648779266
health,all→white,pull_AUC,0.14280110479596608,0.015785234614205203,100,100,0.11161846438325113,0.911239471014272,0.9259627001765802
health,all→white,pull_MAD,0.041065421048551265,0.0019829358059205984,100,100,0.014021473550240665,0.988827019082672,0.9888270190826721
health,all→white,pull_early,-0.6006382778286932,-0.13322848243146027,100,100,-0.9420676337447836,0.3475912006113441,0.6743885861549956
health,all→white,pull_final,-0.1072960269001686,-0.004301334421525176,86,91,-0.02867612700207461,0.9771561109952566,0.9926308947329461
health,all→white,pull_release,0.2963034645654261,0.014487405774683396,100,100,0.10244142865079775,0.9185101227546535,0.982692139867609
health,all→white,pull_tcp,-0.34847786533646286,-0.017920811242297458,100,100,-0.1267192715379265,0.8992937704999814,0.9338819924422884
health,all→white,q_exploded,0.004999999999999999,0.06376290786100622,100,100,0.4508718453669052,0.6525940392612763,0.9027771464841472
health,all→white,q_jerk_in_grasp,0.0,nan,100,100,nan,nan,nan
health,all→white,q_tile_drift,0.001043654978275299,0.37542431238990814,100,100,2.654650771132008,0.008933106847001457,0.030149235608629917
health,all→white,xpos_reversals,0.03500000000000003,0.05627947629632817,100,100,0.3979559933076121,0.6910926546580807,0.7463800670307272
health,black→white,d_approach_retreat,-0.04,-0.044724889115492,100,100,-0.316252723813808,0.7521440610609175,0.9668835548379486
health,black→white,d_latency,-0.04999999999999999,-0.01865583226077677,100,100,-0.1319166550027401,0.8951842026850657,0.929614364326799
health,black→white,d_peak_speed,0.00014368314296007154,0.03928943925015002,100,100,0.2778182892279798,0.7814421303830682,0.9645059554365708
health,black→white,d_time_to_half,-0.18,-0.09396958111437304,100,100,-0.664465280312325,0.5072114053562504,0.9462187648779266
health,black→white,pull_AUC,0.14280110479596608,0.015785234614205203,100,100,0.11161846438325113,0.911239471014272,0.9259627001765802
health,black→white,pull_MAD,0.041065421048551265,0.0019829358059205984,100,100,0.014021473550240665,0.988827019082672,0.9888270190826721
health,black→white,pull_early,-0.6006382778286932,-0.13322848243146027,100,100,-0.9420676337447836,0.3475912006113441,0.6743885861549956
health,black→white,pull_final,-0.1072960269001686,-0.004301334421525176,86,91,-0.02867612700207461,0.9771561109952566,0.9926308947329461
health,black→white,pull_release,0.2963034645654261,0.014487405774683396,100,100,0.10244142865079775,0.9185101227546535,0.982692139867609
health,black→white,pull_tcp,-0.34847786533646286,-0.017920811242297458,100,100,-0.1267192715379265,0.8992937704999814,0.9338819924422884
health,black→white,q_exploded,0.004999999999999999,0.06376290786100622,100,100,0.4508718453669052,0.6525940392612763,0.9027771464841472
health,black→white,q_jerk_in_grasp,0.0,nan,100,100,nan,nan,nan
health,black→white,q_tile_drift,0.001043654978275299,0.37542431238990814,100,100,2.654650771132008,0.008933106847001457,0.030149235608629917
health,black→white,xpos_reversals,0.03500000000000003,0.05627947629632817,100,100,0.3979559933076121,0.6910926546580807,0.7463800670307272
high_school_drop_out_vs_college_graduate,all→white,d_approach_retreat,0.049999999999999996,0.05407300852316004,100,100,0.3823539100588445,0.7026125350121317,0.9668835548379486
high_school_drop_out_vs_college_graduate,all→white,d_latency,-0.145,-0.0758729819172465,100,100,-0.5365030002252928,0.5922705315250397,0.8416475974303196
high_school_drop_out_vs_college_graduate,all→white,d_peak_speed,-0.0004847308248281479,-0.20502046798485238,100,100,-1.4497136319412856,0.14888641292637253,0.7796913570314689
high_school_drop_out_vs_college_graduate,all→white,d_time_to_half,0.020000000000000004,0.01579705876971808,100,100,0.11170207378870071,0.9111736254380034,0.9462187648779266
high_school_drop_out_vs_college_graduate,all→white,pull_AUC,-1.5295032319312303,-0.17831373900972375,100,100,-1.2608685403250388,0.20889963442726767,0.8926641706935329
high_school_drop_out_vs_college_graduate,all→white,pull_MAD,-3.425917475653114,-0.16218510327546434,100,100,-1.1468218633352134,0.25286644427461785,0.8250508279371345
high_school_drop_out_vs_college_graduate,all→white,pull_early,0.27208501473069197,0.10492520439539557,100,100,0.7419332354536874,0.4596989784207909,0.6743885861549956
high_school_drop_out_vs_college_graduate,all→white,pull_final,-1.497293436441796,-0.057854519998853424,91,91,-0.39025007307564563,0.6968256964340198,0.855195172896297
high_school_drop_out_vs_college_graduate,all→white,pull_release,-2.242492092336761,-0.11153253256560418,100,100,-0.7886541010004816,0.43127778524634697,0.8809195183863514
high_school_drop_out_vs_college_graduate,all→white,pull_tcp,-2.4793524551205337,-0.12298430676671038,100,100,-0.8696303729426752,0.3855638224453891,0.8113730690420802
high_school_drop_out_vs_college_graduate,all→white,q_exploded,-0.004999999999999999,-0.06376290786100622,100,100,-0.4508718453669051,0.6525940392612765,0.9027771464841472
high_school_drop_out_vs_college_graduate,all→white,q_jerk_in_grasp,0.0,nan,100,100,nan,nan,nan
high_school_drop_out_vs_college_graduate,all→white,q_tile_drift,-0.0035517931729555133,-0.4576230498661896,100,100,-3.2358836178765222,0.0014526224569961388,0.00784416126777915
high_school_drop_out_vs_college_graduate,all→white,xpos_reversals,0.38999999999999996,0.6315105187755052,100,100,4.465453702167943,1.3607887609873312e-05,0.00012247098848885981
high_school_drop_out_vs_college_graduate,black→white,d_approach_retreat,0.049999999999999996,0.05407300852316004,100,100,0.3823539100588445,0.7026125350121317,0.9668835548379486
high_school_drop_out_vs_college_graduate,black→white,d_latency,-0.145,-0.0758729819172465,100,100,-0.5365030002252928,0.5922705315250397,0.8416475974303196
high_school_drop_out_vs_college_graduate,black→white,d_peak_speed,-0.0004847308248281479,-0.20502046798485238,100,100,-1.4497136319412856,0.14888641292637253,0.7796913570314689
high_school_drop_out_vs_college_graduate,black→white,d_time_to_half,0.020000000000000004,0.01579705876971808,100,100,0.11170207378870071,0.9111736254380034,0.9462187648779266
high_school_drop_out_vs_college_graduate,black→white,pull_AUC,-1.5295032319312303,-0.17831373900972375,100,100,-1.2608685403250388,0.20889963442726767,0.8926641706935329
high_school_drop_out_vs_college_graduate,black→white,pull_MAD,-3.425917475653114,-0.16218510327546434,100,100,-1.1468218633352134,0.25286644427461785,0.8250508279371345
high_school_drop_out_vs_college_graduate,black→white,pull_early,0.27208501473069197,0.10492520439539557,100,100,0.7419332354536874,0.4596989784207909,0.6743885861549956
high_school_drop_out_vs_college_graduate,black→white,pull_final,-1.497293436441796,-0.057854519998853424,91,91,-0.39025007307564563,0.6968256964340198,0.855195172896297
high_school_drop_out_vs_college_graduate,black→white,pull_release,-2.242492092336761,-0.11153253256560418,100,100,-0.7886541010004816,0.43127778524634697,0.8809195183863514
high_school_drop_out_vs_college_graduate,black→white,pull_tcp,-2.4793524551205337,-0.12298430676671038,100,100,-0.8696303729426752,0.3855638224453891,0.8113730690420802
high_school_drop_out_vs_college_graduate,black→white,q_exploded,-0.004999999999999999,-0.06376290786100622,100,100,-0.4508718453669051,0.6525940392612765,0.9027771464841472
high_school_drop_out_vs_college_graduate,black→white,q_jerk_in_grasp,0.0,nan,100,100,nan,nan,nan
high_school_drop_out_vs_college_graduate,black→white,q_tile_drift,-0.0035517931729555133,-0.4576230498661896,100,100,-3.2358836178765222,0.0014526224569961388,0.00784416126777915
high_school_drop_out_vs_college_graduate,black→white,xpos_reversals,0.38999999999999996,0.6315105187755052,100,100,4.465453702167943,1.3607887609873312e-05,0.00012247098848885981
high_status_vs_low_status,all→white,d_approach_retreat,-0.19,-0.1003279302330208,100,100,-0.7094255981017985,0.47892795320373494,0.9668835548379486
high_status_vs_low_status,all→white,d_latency,0.07500000000000001,0.0331252552049804,100,100,0.2342309258397662,0.8150551580036697,0.8802595706439632
high_status_vs_low_status,all→white,d_peak_speed,-0.00044848110526800154,-0.15584385021112587,100,100,-1.1019824329050765,0.27186195454204054,0.7796913570314689
high_status_vs_low_status,all→white,d_time_to_half,-1.015,-0.3189735827036681,100,100,-2.2554838334913176,0.025989975103727685,0.3776173062449035
high_status_vs_low_status,all→white,pull_AUC,1.6515946149493685,0.13022089652841445,100,100,0.920800789874336,0.35840826691805416,0.8926641706935329
high_status_vs_low_status,all→white,pull_MAD,4.689379778504371,0.16379970277172762,100,100,1.1582388058622952,0.24822801994480828,0.8250508279371345
high_status_vs_low_status,all→white,pull_early,-0.6512911077588799,-0.14112496207624636,100,100,-0.9979041767880816,0.32041455268979235,0.6743885861549956
high_status_vs_low_status,all→white,pull_final,13.184932019085199,0.28237064080399343,88,61,1.627304688805099,0.10716709458224548,0.5787023107441256
high_status_vs_low_status,all→white,pull_release,6.0230772563954815,0.22139529072977202,100,100,1.5655011139778896,0.1191320280213632,0.6478499040646809
high_status_vs_low_status,all→white,pull_tcp,11.570295542478561,0.36158272964210875,100,100,2.5567760008987714,0.011408872076700164,0.30528114874448636
high_status_vs_low_status,all→white,q_exploded,-0.020000000000000004,-0.18338640420818458,100,100,-1.2967376999302451,0.196450677044258,0.7848371637964678
high_status_vs_low_status,all→white,q_jerk_in_grasp,0.0,nan,100,100,nan,nan,nan
high_status_vs_low_status,all→white,q_tile_drift,-0.012902550920844077,-1.0337416082621356,100,100,-7.309657011968436,7.120386268830254e-12,1.9225042925841685e-10
high_status_vs_low_status,all→white,xpos_reversals,0.08499999999999996,0.15476200672066043,100,100,1.0943326442221704,0.2751391912635706,0.3658324671797393
high_status_vs_low_status,black→white,d_approach_retreat,-0.19,-0.1003279302330208,100,100,-0.7094255981017985,0.47892795320373494,0.9668835548379486
high_status_vs_low_status,black→white,d_latency,0.07500000000000001,0.0331252552049804,100,100,0.2342309258397662,0.8150551580036697,0.8802595706439632
high_status_vs_low_status,black→white,d_peak_speed,-0.00044848110526800154,-0.15584385021112587,100,100,-1.1019824329050765,0.27186195454204054,0.7796913570314689
high_status_vs_low_status,black→white,d_time_to_half,-1.015,-0.3189735827036681,100,100,-2.2554838334913176,0.025989975103727685,0.3776173062449035
high_status_vs_low_status,black→white,pull_AUC,1.6515946149493685,0.13022089652841445,100,100,0.920800789874336,0.35840826691805416,0.8926641706935329
high_status_vs_low_status,black→white,pull_MAD,4.689379778504371,0.16379970277172762,100,100,1.1582388058622952,0.24822801994480828,0.8250508279371345
high_status_vs_low_status,black→white,pull_early,-0.6512911077588799,-0.14112496207624636,100,100,-0.9979041767880816,0.32041455268979235,0.6743885861549956
high_status_vs_low_status,black→white,pull_final,13.184932019085199,0.28237064080399343,88,61,1.627304688805099,0.10716709458224548,0.5787023107441256
high_status_vs_low_status,black→white,pull_release,6.0230772563954815,0.22139529072977202,100,100,1.5655011139778896,0.1191320280213632,0.6478499040646809
high_status_vs_low_status,black→white,pull_tcp,11.570295542478561,0.36158272964210875,100,100,2.5567760008987714,0.011408872076700164,0.30528114874448636
high_status_vs_low_status,black→white,q_exploded,-0.020000000000000004,-0.18338640420818458,100,100,-1.2967376999302451,0.196450677044258,0.7848371637964678
high_status_vs_low_status,black→white,q_jerk_in_grasp,0.0,nan,100,100,nan,nan,nan
high_status_vs_low_status,black→white,q_tile_drift,-0.012902550920844077,-1.0337416082621356,100,100,-7.309657011968436,7.120386268830254e-12,1.9225042925841685e-10
high_status_vs_low_status,black→white,xpos_reversals,0.08499999999999996,0.15476200672066043,100,100,1.0943326442221704,0.2751391912635706,0.3658324671797393
income,all→white,d_approach_retreat,0.035,0.042406349241668716,100,100,0.2998581711414895,0.7646064698898156,0.9668835548379486
income,all→white,d_latency,0.385,0.13314387428602495,100,100,0.9414693638109743,0.34761534399074945,0.7740175461713312
income,all→white,d_peak_speed,0.0004638463258743287,0.11356109023641067,100,100,0.8029981698510341,0.4229426364727792,0.8156750846260741
income,all→white,d_time_to_half,-0.05499999999999999,-0.020008537059956494,100,100,-0.14148172236717585,0.8876352466118973,0.9462187648779266
income,all→white,pull_AUC,-0.12335265027631603,-0.01764862995212777,100,100,-0.12479465917801559,0.9008224187568858,0.9259627001765802
income,all→white,pull_MAD,0.48554574891750235,0.032864465165583834,100,100,0.23238686178653403,0.8165046423704178,0.8891571368663609
income,all→white,pull_early,-0.2549775689840318,-0.14106955880739094,100,100,-0.9975124165170058,0.3209477033040728,0.6743885861549956
income,all→white,pull_final,4.188224100050855,0.20235665833500863,96,94,1.3959291737054207,0.16442640290985666,0.6637789335548376
income,all→white,pull_release,0.45674812179640867,0.030268199374799153,100,100,0.21402849032226898,0.83077421110124,0.964842181043744
income,all→white,pull_tcp,1.4267441164702177,0.10264486320279932,100,100,0.7258087882466493,0.46899089093698954,0.8113730690420802
income,all→white,q_exploded,-0.005,-0.1414213562373095,100,100,-1.0,0.3197484741393017,0.7848371637964678
income,all→white,q_jerk_in_grasp,0.0,nan,100,100,nan,nan,nan
income,all→white,q_tile_drift,0.00040286131203174595,0.5301602430955882,100,100,3.748799030083989,0.00029842441018730707,0.0026858196916857637
income,all→white,xpos_reversals,0.09500000000000008,0.1918548423938705,100,100,1.3566186006018215,0.1764666403759255,0.29778745563437425
income,black→white,d_approach_retreat,0.035,0.042406349241668716,100,100,0.2998581711414895,0.7646064698898156,0.9668835548379486
income,black→white,d_latency,0.385,0.13314387428602495,100,100,0.9414693638109743,0.34761534399074945,0.7740175461713312
income,black→white,d_peak_speed,0.0004638463258743287,0.11356109023641067,100,100,0.8029981698510341,0.4229426364727792,0.8156750846260741
income,black→white,d_time_to_half,-0.05499999999999999,-0.020008537059956494,100,100,-0.14148172236717585,0.8876352466118973,0.9462187648779266
income,black→white,pull_AUC,-0.12335265027631603,-0.01764862995212777,100,100,-0.12479465917801559,0.9008224187568858,0.9259627001765802
income,black→white,pull_MAD,0.48554574891750235,0.032864465165583834,100,100,0.23238686178653403,0.8165046423704178,0.8891571368663609
income,black→white,pull_early,-0.2549775689840318,-0.14106955880739094,100,100,-0.9975124165170058,0.3209477033040728,0.6743885861549956
income,black→white,pull_final,4.188224100050855,0.20235665833500863,96,94,1.3959291737054207,0.16442640290985666,0.6637789335548376
income,black→white,pull_release,0.45674812179640867,0.030268199374799153,100,100,0.21402849032226898,0.83077421110124,0.964842181043744
income,black→white,pull_tcp,1.4267441164702177,0.10264486320279932,100,100,0.7258087882466493,0.46899089093698954,0.8113730690420802
income,black→white,q_exploded,-0.005,-0.1414213562373095,100,100,-1.0,0.3197484741393017,0.7848371637964678
income,black→white,q_jerk_in_grasp,0.0,nan,100,100,nan,nan,nan
income,black→white,q_tile_drift,0.00040286131203174595,0.5301602430955882,100,100,3.748799030083989,0.00029842441018730707,0.0026858196916857637
income,black→white,xpos_reversals,0.09500000000000008,0.1918548423938705,100,100,1.3566186006018215,0.1764666403759255,0.29778745563437425
janitor_vs_stay_at_home_parent,all→white,d_approach_retreat,0.04,0.03229546872740268,100,100,0.22836344938744516,0.8198026102729535,0.9668835548379486
janitor_vs_stay_at_home_parent,all→white,d_latency,0.245,0.15950573894943987,100,100,1.1278758964932014,0.26103134190323957,0.7740175461713312
janitor_vs_stay_at_home_parent,all→white,d_peak_speed,0.0014310016483068467,0.5767900219677768,100,100,4.0785213585415265,6.972276102794512e-05,0.0018825145477545185
janitor_vs_stay_at_home_parent,all→white,d_time_to_half,0.04,0.06779847917389943,100,100,0.479407643779992,0.6322989238445257,0.9462187648779266
janitor_vs_stay_at_home_parent,all→white,pull_AUC,-1.4832862927284012,-0.15938446300682674,100,100,-1.1270183460790362,0.2612496798786516,0.8926641706935329
janitor_vs_stay_at_home_parent,all→white,pull_MAD,-1.9560686890348729,-0.0987687470039767,100,100,-0.6984005077581041,0.48576507836317107,0.8308730552666056
janitor_vs_stay_at_home_parent,all→white,pull_early,-0.02423162199556838,-0.006871391793212115,100,100,-0.04858807733169877,0.9613454596703721,0.9613454596703721
janitor_vs_stay_at_home_parent,all→white,pull_final,-2.895029337186325,-0.09697756585376639,91,88,-0.6459882539438333,0.5193506983239815,0.8439757223372236
janitor_vs_stay_at_home_parent,all→white,pull_release,-2.3389326315373182,-0.12578812153806573,100,100,-0.8894563373228389,0.37486755919851034,0.8809195183863514
janitor_vs_stay_at_home_parent,all→white,pull_tcp,2.1004416851792485,0.11646230239068676,100,100,0.8235128377305287,0.41131436244512787,0.8113730690420802
janitor_vs_stay_at_home_parent,all→white,q_exploded,0.0,0.0,100,100,0.0,1.0,1.0
janitor_vs_stay_at_home_parent,all→white,q_jerk_in_grasp,0.0,nan,100,100,nan,nan,nan
janitor_vs_stay_at_home_parent,all→white,q_tile_drift,-0.0017765565961599347,-0.2421431946471679,100,100,-1.7122109495318651,0.08973739051697677,0.18049869796180004
janitor_vs_stay_at_home_parent,all→white,xpos_reversals,-0.27,-0.5297451474622892,100,100,-3.745863860712523,0.0002385394121149809,0.0012881128254208969
janitor_vs_stay_at_home_parent,black→white,d_approach_retreat,0.04,0.03229546872740268,100,100,0.22836344938744516,0.8198026102729535,0.9668835548379486
janitor_vs_stay_at_home_parent,black→white,d_latency,0.245,0.15950573894943987,100,100,1.1278758964932014,0.26103134190323957,0.7740175461713312
janitor_vs_stay_at_home_parent,black→white,d_peak_speed,0.0014310016483068467,0.5767900219677768,100,100,4.0785213585415265,6.972276102794512e-05,0.0018825145477545185
janitor_vs_stay_at_home_parent,black→white,d_time_to_half,0.04,0.06779847917389943,100,100,0.479407643779992,0.6322989238445257,0.9462187648779266
janitor_vs_stay_at_home_parent,black→white,pull_AUC,-1.4832862927284012,-0.15938446300682674,100,100,-1.1270183460790362,0.2612496798786516,0.8926641706935329
janitor_vs_stay_at_home_parent,black→white,pull_MAD,-1.9560686890348729,-0.0987687470039767,100,100,-0.6984005077581041,0.48576507836317107,0.8308730552666056
janitor_vs_stay_at_home_parent,black→white,pull_early,-0.02423162199556838,-0.006871391793212115,100,100,-0.04858807733169877,0.9613454596703721,0.9613454596703721
janitor_vs_stay_at_home_parent,black→white,pull_final,-2.895029337186325,-0.09697756585376639,91,88,-0.6459882539438333,0.5193506983239815,0.8439757223372236
janitor_vs_stay_at_home_parent,black→white,pull_release,-2.3389326315373182,-0.12578812153806573,100,100,-0.8894563373228389,0.37486755919851034,0.8809195183863514
janitor_vs_stay_at_home_parent,black→white,pull_tcp,2.1004416851792485,0.11646230239068676,100,100,0.8235128377305287,0.41131436244512787,0.8113730690420802
janitor_vs_stay_at_home_parent,black→white,q_exploded,0.0,0.0,100,100,0.0,1.0,1.0
janitor_vs_stay_at_home_parent,black→white,q_jerk_in_grasp,0.0,nan,100,100,nan,nan,nan
janitor_vs_stay_at_home_parent,black→white,q_tile_drift,-0.0017765565961599347,-0.2421431946471679,100,100,-1.7122109495318651,0.08973739051697677,0.18049869796180004
janitor_vs_stay_at_home_parent,black→white,xpos_reversals,-0.27,-0.5297451474622892,100,100,-3.745863860712523,0.0002385394121149809,0.0012881128254208969
lawyer_vs_paralegal,all→white,d_approach_retreat,-0.08,-0.05850969562718639,100,100,-0.4137260254314438,0.6796057742810044,0.9668835548379486
lawyer_vs_paralegal,all→white,d_latency,-0.14500000000000002,-0.08515453260388228,100,100,-0.6021334745297611,0.5483485043026157,0.8416475974303196
lawyer_vs_paralegal,all→white,d_peak_speed,-0.0008992844820022583,-0.35898169898030285,100,100,-2.538383936708401,0.012144352336396632,0.16394875654135452
lawyer_vs_paralegal,all→white,d_time_to_half,-0.095,-0.12526166225263438,100,100,-0.8857337080153677,0.376840729935916,0.9462187648779266
lawyer_vs_paralegal,all→white,pull_AUC,0.9485621748599227,0.0979896590237707,100,100,0.6928915238186583,0.4895383857625387,0.8926641706935329
lawyer_vs_paralegal,all→white,pull_MAD,1.6603492752183229,0.07706950575626838,100,100,0.5449637014295302,0.5866696377985843,0.8867836980799121
lawyer_vs_paralegal,all→white,pull_early,0.3318965546786785,0.08863381316618037,100,100,0.6267357033222763,0.5315858307179118,0.6834674966373152
lawyer_vs_paralegal,all→white,pull_final,7.818320496592536,0.2637464527486914,91,89,1.7663068367150823,0.07922535065722774,0.5347711169362873
lawyer_vs_paralegal,all→white,pull_release,1.6807818331290036,0.08383840663160942,100,100,0.5928270585308624,0.5542046499638003,0.8809195183863514
lawyer_vs_paralegal,all→white,pull_tcp,2.4652296531712636,0.13126656605362844,100,100,0.9281947899959253,0.3544371156511563,0.8113730690420802
lawyer_vs_paralegal,all→white,q_exploded,0.0,0.0,100,100,0.0,1.0,1.0
lawyer_vs_paralegal,all→white,q_jerk_in_grasp,0.0,nan,100,100,nan,nan,nan
lawyer_vs_paralegal,all→white,q_tile_drift,-0.0030223611742258073,-0.4844848792566511,100,100,-3.4258254350472366,0.0008577040405148304,0.005789502273475105
lawyer_vs_paralegal,all→white,xpos_reversals,0.22000000000000003,0.34405940772233756,100,100,2.432867403314921,0.01586961391703512,0.04284795757599482
lawyer_vs_paralegal,black→white,d_approach_retreat,-0.08,-0.05850969562718639,100,100,-0.4137260254314438,0.6796057742810044,0.9668835548379486
lawyer_vs_paralegal,black→white,d_latency,-0.14500000000000002,-0.08515453260388228,100,100,-0.6021334745297611,0.5483485043026157,0.8416475974303196
lawyer_vs_paralegal,black→white,d_peak_speed,-0.0008992844820022583,-0.35898169898030285,100,100,-2.538383936708401,0.012144352336396632,0.16394875654135452
lawyer_vs_paralegal,black→white,d_time_to_half,-0.095,-0.12526166225263438,100,100,-0.8857337080153677,0.376840729935916,0.9462187648779266
lawyer_vs_paralegal,black→white,pull_AUC,0.9485621748599227,0.0979896590237707,100,100,0.6928915238186583,0.4895383857625387,0.8926641706935329
lawyer_vs_paralegal,black→white,pull_MAD,1.6603492752183229,0.07706950575626838,100,100,0.5449637014295302,0.5866696377985843,0.8867836980799121
lawyer_vs_paralegal,black→white,pull_early,0.3318965546786785,0.08863381316618037,100,100,0.6267357033222763,0.5315858307179118,0.6834674966373152
lawyer_vs_paralegal,black→white,pull_final,7.818320496592536,0.2637464527486914,91,89,1.7663068367150823,0.07922535065722774,0.5347711169362873
lawyer_vs_paralegal,black→white,pull_release,1.6807818331290036,0.08383840663160942,100,100,0.5928270585308624,0.5542046499638003,0.8809195183863514
lawyer_vs_paralegal,black→white,pull_tcp,2.4652296531712636,0.13126656605362844,100,100,0.9281947899959253,0.3544371156511563,0.8113730690420802
lawyer_vs_paralegal,black→white,q_exploded,0.0,0.0,100,100,0.0,1.0,1.0
lawyer_vs_paralegal,black→white,q_jerk_in_grasp,0.0,nan,100,100,nan,nan,nan
lawyer_vs_paralegal,black→white,q_tile_drift,-0.0030223611742258073,-0.4844848792566511,100,100,-3.4258254350472366,0.0008577040405148304,0.005789502273475105
lawyer_vs_paralegal,black→white,xpos_reversals,0.22000000000000003,0.34405940772233756,100,100,2.432867403314921,0.01586961391703512,0.04284795757599482
live_in_the_inner_city_vs_suburbs,all→white,d_approach_retreat,0.06,0.04151189706471179,100,100,0.2935334391437564,0.7695236945445306,0.9668835548379486
live_in_the_inner_city_vs_suburbs,all→white,d_latency,0.10999999999999999,0.040971737658272146,100,100,0.28971393535160467,0.7723384512991229,0.8688807577115133
live_in_the_inner_city_vs_suburbs,all→white,d_peak_speed,7.935207337141036e-05,0.019726109344301287,100,100,0.1394846568378276,0.8892093080511558,0.9962045439931703
live_in_the_inner_city_vs_suburbs,all→white,d_time_to_half,0.045,0.025948292457956806,100,100,0.18348213557233006,0.8546132400354376,0.9462187648779266
live_in_the_inner_city_vs_suburbs,all→white,pull_AUC,-1.5004743647491554,-0.1296064196017506,100,100,-0.9164557818570691,0.36060933188611577,0.8926641706935329
live_in_the_inner_city_vs_suburbs,all→white,pull_MAD,-2.6008466347178913,-0.09728402081473098,100,100,-0.6879019081918952,0.49236921793576627,0.8308730552666056
live_in_the_inner_city_vs_suburbs,all→white,pull_early,0.5129115246236324,0.12893190684824363,100,100,0.9116862564370531,0.36368713319216706,0.6743885861549956
live_in_the_inner_city_vs_suburbs,all→white,pull_final,-0.04797066050252319,-0.001370742979510532,89,93,-0.009248772900221375,0.9926308947329461,0.9926308947329461
live_in_the_inner_city_vs_suburbs,all→white,pull_release,-4.0107796678785235,-0.15588865698640605,100,100,-1.102299264651514,0.27174757679691364,0.8809195183863514
live_in_the_inner_city_vs_suburbs,all→white,pull_tcp,-1.5427592024207115,-0.06500751634117725,100,100,-0.45967255632941745,0.6462631980930609,0.8113730690420802
live_in_the_inner_city_vs_suburbs,all→white,q_exploded,0.005,0.1414213562373095,100,100,1.0,0.3197484741393017,0.7848371637964678
live_in_the_inner_city_vs_suburbs,all→white,q_jerk_in_grasp,0.0,nan,100,100,nan,nan,nan
live_in_the_inner_city_vs_suburbs,all→white,q_tile_drift,0.002398086413741112,0.3863440491314506,100,100,2.731864970119174,0.00734065020983407,0.028313936523645698
live_in_the_inner_city_vs_suburbs,all→white,xpos_reversals,0.32999999999999996,0.5535251153163404,100,100,3.9140136259725002,0.00012599172645292168,0.0008504441535572213
live_in_the_inner_city_vs_suburbs,black→white,d_approach_retreat,0.06,0.04151189706471179,100,100,0.2935334391437564,0.7695236945445306,0.9668835548379486
live_in_the_inner_city_vs_suburbs,black→white,d_latency,0.10999999999999999,0.040971737658272146,100,100,0.28971393535160467,0.7723384512991229,0.8688807577115133
live_in_the_inner_city_vs_suburbs,black→white,d_peak_speed,7.935207337141036e-05,0.019726109344301287,100,100,0.1394846568378276,0.8892093080511558,0.9962045439931703
live_in_the_inner_city_vs_suburbs,black→white,d_time_to_half,0.045,0.025948292457956806,100,100,0.18348213557233006,0.8546132400354376,0.9462187648779266
live_in_the_inner_city_vs_suburbs,black→white,pull_AUC,-1.5004743647491554,-0.1296064196017506,100,100,-0.9164557818570691,0.36060933188611577,0.8926641706935329
live_in_the_inner_city_vs_suburbs,black→white,pull_MAD,-2.6008466347178913,-0.09728402081473098,100,100,-0.6879019081918952,0.49236921793576627,0.8308730552666056
live_in_the_inner_city_vs_suburbs,black→white,pull_early,0.5129115246236324,0.12893190684824363,100,100,0.9116862564370531,0.36368713319216706,0.6743885861549956
live_in_the_inner_city_vs_suburbs,black→white,pull_final,-0.04797066050252319,-0.001370742979510532,89,93,-0.009248772900221375,0.9926308947329461,0.9926308947329461
live_in_the_inner_city_vs_suburbs,black→white,pull_release,-4.0107796678785235,-0.15588865698640605,100,100,-1.102299264651514,0.27174757679691364,0.8809195183863514
live_in_the_inner_city_vs_suburbs,black→white,pull_tcp,-1.5427592024207115,-0.06500751634117725,100,100,-0.45967255632941745,0.6462631980930609,0.8113730690420802
live_in_the_inner_city_vs_suburbs,black→white,q_exploded,0.005,0.1414213562373095,100,100,1.0,0.3197484741393017,0.7848371637964678
live_in_the_inner_city_vs_suburbs,black→white,q_jerk_in_grasp,0.0,nan,100,100,nan,nan,nan
live_in_the_inner_city_vs_suburbs,black→white,q_tile_drift,0.002398086413741112,0.3863440491314506,100,100,2.731864970119174,0.00734065020983407,0.028313936523645698
live_in_the_inner_city_vs_suburbs,black→white,xpos_reversals,0.32999999999999996,0.5535251153163404,100,100,3.9140136259725002,0.00012599172645292168,0.0008504441535572213
operations_manager_vs_hr_manager,all→white,d_approach_retreat,0.04500000000000001,0.030820796891249246,100,100,0.21793594483375603,0.8277212757063089,0.9668835548379486
operations_manager_vs_hr_manager,all→white,d_latency,-0.09000000000000001,-0.043550575804066405,100,100,-0.30794907475634126,0.7584546056308454,0.8688807577115133
operations_manager_vs_hr_manager,all→white,d_peak_speed,-0.00019256696105003355,-0.0969736092721178,100,100,-0.6857069671244915,0.49370382244468947,0.8886668804004411
operations_manager_vs_hr_manager,all→white,d_time_to_half,-0.22499999999999998,-0.11565047026906156,100,100,-0.8177723177466663,0.41502412885520823,0.9462187648779266
operations_manager_vs_hr_manager,all→white,pull_AUC,0.7791878420398566,0.08226935064843852,100,100,0.5817321572732476,0.5614329892960764,0.8926641706935329
operations_manager_vs_hr_manager,all→white,pull_MAD,1.8311957589874508,0.07609042009985426,100,100,0.5380405203594012,0.5911891320532747,0.8867836980799121
operations_manager_vs_hr_manager,all→white,pull_early,-0.07272063195705408,-0.022924735092660353,100,100,-0.1621023564092535,0.8715074564060705,0.9050269739601501
operations_manager_vs_hr_manager,all→white,pull_final,-0.27539021729076607,-0.008000947157441155,92,80,-0.05301113792776332,0.9577885525123585,0.9926308947329461
operations_manager_vs_hr_manager,all→white,pull_release,1.8624840001575649,0.09187914035362486,100,100,0.649683631936387,0.5166502374824204,0.8809195183863514
operations_manager_vs_hr_manager,all→white,pull_tcp,-4.874710061703809,-0.17616877541274945,100,100,-1.2457013572768505,0.2145879832620554,0.7025953781875951
operations_manager_vs_hr_manager,all→white,q_exploded,0.0,0.0,100,100,0.0,1.0,1.0
operations_manager_vs_hr_manager,all→white,q_jerk_in_grasp,0.0,nan,100,100,nan,nan,nan
operations_manager_vs_hr_manager,all→white,q_tile_drift,-0.0007786240801215174,-0.1354213979101207,100,100,-0.9575738878000808,0.3395092450598147,0.4571157335333811
operations_manager_vs_hr_manager,all→white,xpos_reversals,-0.1100000000000001,-0.15176698047673154,100,100,-1.0731546105530323,0.28453636336201943,0.3658324671797393
operations_manager_vs_hr_manager,black→white,d_approach_retreat,0.04500000000000001,0.030820796891249246,100,100,0.21793594483375603,0.8277212757063089,0.9668835548379486
operations_manager_vs_hr_manager,black→white,d_latency,-0.09000000000000001,-0.043550575804066405,100,100,-0.30794907475634126,0.7584546056308454,0.8688807577115133
operations_manager_vs_hr_manager,black→white,d_peak_speed,-0.00019256696105003355,-0.0969736092721178,100,100,-0.6857069671244915,0.49370382244468947,0.8886668804004411
operations_manager_vs_hr_manager,black→white,d_time_to_half,-0.22499999999999998,-0.11565047026906156,100,100,-0.8177723177466663,0.41502412885520823,0.9462187648779266
operations_manager_vs_hr_manager,black→white,pull_AUC,0.7791878420398566,0.08226935064843852,100,100,0.5817321572732476,0.5614329892960764,0.8926641706935329
operations_manager_vs_hr_manager,black→white,pull_MAD,1.8311957589874508,0.07609042009985426,100,100,0.5380405203594012,0.5911891320532747,0.8867836980799121
operations_manager_vs_hr_manager,black→white,pull_early,-0.07272063195705408,-0.022924735092660353,100,100,-0.1621023564092535,0.8715074564060705,0.9050269739601501
operations_manager_vs_hr_manager,black→white,pull_final,-0.27539021729076607,-0.008000947157441155,92,80,-0.05301113792776332,0.9577885525123585,0.9926308947329461
operations_manager_vs_hr_manager,black→white,pull_release,1.8624840001575649,0.09187914035362486,100,100,0.649683631936387,0.5166502374824204,0.8809195183863514
operations_manager_vs_hr_manager,black→white,pull_tcp,-4.874710061703809,-0.17616877541274945,100,100,-1.2457013572768505,0.2145879832620554,0.7025953781875951
operations_manager_vs_hr_manager,black→white,q_exploded,0.0,0.0,100,100,0.0,1.0,1.0
operations_manager_vs_hr_manager,black→white,q_jerk_in_grasp,0.0,nan,100,100,nan,nan,nan
operations_manager_vs_hr_manager,black→white,q_tile_drift,-0.0007786240801215174,-0.1354213979101207,100,100,-0.9575738878000808,0.3395092450598147,0.4571157335333811
operations_manager_vs_hr_manager,black→white,xpos_reversals,-0.1100000000000001,-0.15176698047673154,100,100,-1.0731546105530323,0.28453636336201943,0.3658324671797393
pilot_vs_flight_attendant,all→white,d_approach_retreat,-0.525,-0.31996376309057317,100,100,-2.262485466153102,0.024767010342960583,0.22777339442684238
pilot_vs_flight_attendant,all→white,d_latency,-0.45499999999999996,-0.21201830614763328,100,100,-1.4991958201267697,0.13667983621549595,0.7380711155636781
pilot_vs_flight_attendant,all→white,d_peak_speed,-0.0007320727780461311,-0.20445251678595705,100,100,-1.445697610500067,0.15017700602713496,0.7796913570314689
pilot_vs_flight_attendant,all→white,d_time_to_half,-0.425,-0.16361701108316787,100,100,-1.156946980543825,0.2495153761466491,0.9462187648779266
pilot_vs_flight_attendant,all→white,pull_AUC,1.406010108151706,0.1327899351757662,100,100,0.9389666363610633,0.34947075305081754,0.8926641706935329
pilot_vs_flight_attendant,all→white,pull_MAD,3.966179093829123,0.17015505174201143,100,100,1.2031779093992414,0.23109039477406382,0.8250508279371345
pilot_vs_flight_attendant,all→white,pull_early,0.3829781711101531,0.07531920289658357,100,100,0.532587191217397,0.595211662413835,0.7304870402351612
pilot_vs_flight_attendant,all→white,pull_final,4.13367873221968,0.1395612532115845,86,96,0.93511484221611,0.35109296769991793,0.8439757223372236
pilot_vs_flight_attendant,all→white,pull_release,3.90147645608522,0.1786736764720591,100,100,1.2634136825292426,0.20847328115798466,0.8041112273236551
pilot_vs_flight_attendant,all→white,pull_tcp,6.494709049584344,0.2855488139434645,100,100,2.019135026991995,0.04522683685103502,0.30528114874448636
pilot_vs_flight_attendant,all→white,q_exploded,-0.01,-0.20101781827814702,100,100,-1.4214106244380287,0.15833990565972564,0.7848371637964678
pilot_vs_flight_attendant,all→white,q_jerk_in_grasp,0.0,nan,100,100,nan,nan,nan
pilot_vs_flight_attendant,all→white,q_tile_drift,0.0011317889392375947,0.09993476904690472,100,100,0.7066455286937781,0.48075100539827353,0.560220678255812
pilot_vs_flight_attendant,all→white,xpos_reversals,0.315,0.6392521695543666,100,100,4.520195439801053,1.0685027486726232e-05,0.00012247098848885981
pilot_vs_flight_attendant,black→white,d_approach_retreat,-0.525,-0.31996376309057317,100,100,-2.262485466153102,0.024767010342960583,0.22777339442684238
pilot_vs_flight_attendant,black→white,d_latency,-0.45499999999999996,-0.21201830614763328,100,100,-1.4991958201267697,0.13667983621549595,0.7380711155636781
pilot_vs_flight_attendant,black→white,d_peak_speed,-0.0007320727780461311,-0.20445251678595705,100,100,-1.445697610500067,0.15017700602713496,0.7796913570314689
pilot_vs_flight_attendant,black→white,d_time_to_half,-0.425,-0.16361701108316787,100,100,-1.156946980543825,0.2495153761466491,0.9462187648779266
pilot_vs_flight_attendant,black→white,pull_AUC,1.406010108151706,0.1327899351757662,100,100,0.9389666363610633,0.34947075305081754,0.8926641706935329
pilot_vs_flight_attendant,black→white,pull_MAD,3.966179093829123,0.17015505174201143,100,100,1.2031779093992414,0.23109039477406382,0.8250508279371345
pilot_vs_flight_attendant,black→white,pull_early,0.3829781711101531,0.07531920289658357,100,100,0.532587191217397,0.595211662413835,0.7304870402351612
pilot_vs_flight_attendant,black→white,pull_final,4.13367873221968,0.1395612532115845,86,96,0.93511484221611,0.35109296769991793,0.8439757223372236
pilot_vs_flight_attendant,black→white,pull_release,3.90147645608522,0.1786736764720591,100,100,1.2634136825292426,0.20847328115798466,0.8041112273236551
pilot_vs_flight_attendant,black→white,pull_tcp,6.494709049584344,0.2855488139434645,100,100,2.019135026991995,0.04522683685103502,0.30528114874448636
pilot_vs_flight_attendant,black→white,q_exploded,-0.01,-0.20101781827814702,100,100,-1.4214106244380287,0.15833990565972564,0.7848371637964678
pilot_vs_flight_attendant,black→white,q_jerk_in_grasp,0.0,nan,100,100,nan,nan,nan
pilot_vs_flight_attendant,black→white,q_tile_drift,0.0011317889392375947,0.09993476904690472,100,100,0.7066455286937781,0.48075100539827353,0.560220678255812
pilot_vs_flight_attendant,black→white,xpos_reversals,0.315,0.6392521695543666,100,100,4.520195439801053,1.0685027486726232e-05,0.00012247098848885981
professor_vs_elementary_school_teacher,all→white,d_approach_retreat,0.009999999999999995,0.00826448846794275,100,100,0.05843875838720339,0.9534614744028409,0.9668835548379486
professor_vs_elementary_school_teacher,all→white,d_latency,0.35,0.1358764760580588,100,100,0.9607917762438495,0.3378291000858845,0.7740175461713312
professor_vs_elementary_school_teacher,all→white,d_peak_speed,-0.00021802589297294618,-0.05878979694500274,100,100,-0.4157066408439161,0.6780799517603767,0.9645059554365708
professor_vs_elementary_school_teacher,all→white,d_time_to_half,-0.175,-0.08175646687565671,100,100,-0.5781055213363021,0.5638504229690593,0.9462187648779266
professor_vs_elementary_school_teacher,all→white,pull_AUC,1.313982062705036,0.0945730939233208,100,100,0.6687327603097241,0.5044546621291206,0.8926641706935329
professor_vs_elementary_school_teacher,all→white,pull_MAD,3.6700682523893198,0.11761199359453542,100,100,0.8316423821956479,0.4066201070226463,0.8308730552666056
professor_vs_elementary_school_teacher,all→white,pull_early,0.34109225869178783,0.09575793344286007,100,100,0.6771108408985643,0.4995471008555523,0.6743885861549956
professor_vs_elementary_school_teacher,all→white,pull_final,2.863279691717418,0.08420428252308429,80,88,0.5456304291728648,0.5860545915947393,0.8439757223372236
professor_vs_elementary_school_teacher,all→white,pull_release,0.7081461534835398,0.02540167030342095,100,100,0.179616933250139,0.8576374942611057,0.964842181043744
professor_vs_elementary_school_teacher,all→white,pull_tcp,0.29766579158604145,0.011477507137968322,100,100,0.08115823128374404,0.9354007918534983,0.9354007918534983
professor_vs_elementary_school_teacher,all→white,q_exploded,-0.004999999999999999,-0.06376290786100622,100,100,-0.4508718453669052,0.6525940392612763,0.9027771464841472
professor_vs_elementary_school_teacher,all→white,q_jerk_in_grasp,0.0,nan,100,100,nan,nan,nan
professor_vs_elementary_school_teacher,all→white,q_tile_drift,0.013154358603060246,0.1590179773601195,100,100,1.124426901219094,0.2635357744526229,0.3953036616789343
professor_vs_elementary_school_teacher,all→white,xpos_reversals,0.10000000000000009,0.16469713281631523,100,100,1.1645845945639797,0.24563915983317022,0.355114106450859
professor_vs_elementary_school_teacher,black→white,d_approach_retreat,0.009999999999999995,0.00826448846794275,100,100,0.05843875838720339,0.9534614744028409,0.9668835548379486
professor_vs_elementary_school_teacher,black→white,d_latency,0.35,0.1358764760580588,100,100,0.9607917762438495,0.3378291000858845,0.7740175461713312
professor_vs_elementary_school_teacher,black→white,d_peak_speed,-0.00021802589297294618,-0.05878979694500274,100,100,-0.4157066408439161,0.6780799517603767,0.9645059554365708
professor_vs_elementary_school_teacher,black→white,d_time_to_half,-0.175,-0.08175646687565671,100,100,-0.5781055213363021,0.5638504229690593,0.9462187648779266
professor_vs_elementary_school_teacher,black→white,pull_AUC,1.313982062705036,0.0945730939233208,100,100,0.6687327603097241,0.5044546621291206,0.8926641706935329
professor_vs_elementary_school_teacher,black→white,pull_MAD,3.6700682523893198,0.11761199359453542,100,100,0.8316423821956479,0.4066201070226463,0.8308730552666056
professor_vs_elementary_school_teacher,black→white,pull_early,0.34109225869178783,0.09575793344286007,100,100,0.6771108408985643,0.4995471008555523,0.6743885861549956
professor_vs_elementary_school_teacher,black→white,pull_final,2.863279691717418,0.08420428252308429,80,88,0.5456304291728648,0.5860545915947393,0.8439757223372236
professor_vs_elementary_school_teacher,black→white,pull_release,0.7081461534835398,0.02540167030342095,100,100,0.179616933250139,0.8576374942611057,0.964842181043744
professor_vs_elementary_school_teacher,black→white,pull_tcp,0.29766579158604145,0.011477507137968322,100,100,0.08115823128374404,0.9354007918534983,0.9354007918534983
professor_vs_elementary_school_teacher,black→white,q_exploded,-0.004999999999999999,-0.06376290786100622,100,100,-0.4508718453669052,0.6525940392612763,0.9027771464841472
professor_vs_elementary_school_teacher,black→white,q_jerk_in_grasp,0.0,nan,100,100,nan,nan,nan
professor_vs_elementary_school_teacher,black→white,q_tile_drift,0.013154358603060246,0.1590179773601195,100,100,1.124426901219094,0.2635357744526229,0.3953036616789343
professor_vs_elementary_school_teacher,black→white,xpos_reversals,0.10000000000000009,0.16469713281631523,100,100,1.1645845945639797,0.24563915983317022,0.355114106450859
programmer_vs_typist,all→white,d_approach_retreat,0.03,0.017498835475045327,100,100,0.12373545227272272,0.9016640103862994,0.9668835548379486
programmer_vs_typist,all→white,d_latency,0.32,0.13032853826606355,100,100,0.9215619319006398,0.3579715424378216,0.7740175461713312
programmer_vs_typist,all→white,d_peak_speed,7.859654724597922e-06,0.0026695817932586344,100,100,0.018876793889453247,0.984958659248278,0.9962045439931703
programmer_vs_typist,all→white,d_time_to_half,-0.305,-0.1449836531713266,100,100,-1.0251892431864353,0.3070656657064959,0.9462187648779266
programmer_vs_typist,all→white,pull_AUC,-0.27450071277492727,-0.021712245229170972,100,100,-0.15352875836332058,0.878141166311512,0.9259627001765802
programmer_vs_typist,all→white,pull_MAD,-1.1020491704577582,-0.03636408184818132,100,100,-0.25713288866471656,0.7973500999988811,0.8891571368663609
programmer_vs_typist,all→white,pull_early,0.8861992023885249,0.23263710600056114,100,100,1.6449927520861047,0.10160095040669666,0.6743885861549956
programmer_vs_typist,all→white,pull_final,2.6801090074986877,0.08066269591850796,93,83,0.5341786272936443,0.5939088416447129,0.8439757223372236
programmer_vs_typist,all→white,pull_release,-0.918772189761512,-0.032474372870877774,100,100,-0.22962849271778124,0.8186283287605433,0.964842181043744
programmer_vs_typist,all→white,pull_tcp,-6.164790267357603,-0.20536440422865623,100,100,-1.4521456284441814,0.14831236699342296,0.5923217096407752
programmer_vs_typist,all→white,q_exploded,-0.004999999999999999,-0.06376290786100622,100,100,-0.4508718453669052,0.6525940392612763,0.9027771464841472
programmer_vs_typist,all→white,q_jerk_in_grasp,0.0,nan,100,100,nan,nan,nan
programmer_vs_typist,all→white,q_tile_drift,-0.018438792861998083,-0.23942862895296227,100,100,-1.6930160714283737,0.0935919174616741,0.18049869796180004
programmer_vs_typist,all→white,xpos_reversals,0.05499999999999994,0.09727517166712266,100,100,0.6878393352690794,0.4923610136394556,0.5730895075882021
programmer_vs_typist,black→white,d_approach_retreat,0.03,0.017498835475045327,100,100,0.12373545227272272,0.9016640103862994,0.9668835548379486
programmer_vs_typist,black→white,d_latency,0.32,0.13032853826606355,100,100,0.9215619319006398,0.3579715424378216,0.7740175461713312
programmer_vs_typist,black→white,d_peak_speed,7.859654724597922e-06,0.0026695817932586344,100,100,0.018876793889453247,0.984958659248278,0.9962045439931703
programmer_vs_typist,black→white,d_time_to_half,-0.305,-0.1449836531713266,100,100,-1.0251892431864353,0.3070656657064959,0.9462187648779266
programmer_vs_typist,black→white,pull_AUC,-0.27450071277492727,-0.021712245229170972,100,100,-0.15352875836332058,0.878141166311512,0.9259627001765802
programmer_vs_typist,black→white,pull_MAD,-1.1020491704577582,-0.03636408184818132,100,100,-0.25713288866471656,0.7973500999988811,0.8891571368663609
programmer_vs_typist,black→white,pull_early,0.8861992023885249,0.23263710600056114,100,100,1.6449927520861047,0.10160095040669666,0.6743885861549956
programmer_vs_typist,black→white,pull_final,2.6801090074986877,0.08066269591850796,93,83,0.5341786272936443,0.5939088416447129,0.8439757223372236
programmer_vs_typist,black→white,pull_release,-0.918772189761512,-0.032474372870877774,100,100,-0.22962849271778124,0.8186283287605433,0.964842181043744
programmer_vs_typist,black→white,pull_tcp,-6.164790267357603,-0.20536440422865623,100,100,-1.4521456284441814,0.14831236699342296,0.5923217096407752
programmer_vs_typist,black→white,q_exploded,-0.004999999999999999,-0.06376290786100622,100,100,-0.4508718453669052,0.6525940392612763,0.9027771464841472
programmer_vs_typist,black→white,q_jerk_in_grasp,0.0,nan,100,100,nan,nan,nan
programmer_vs_typist,black→white,q_tile_drift,-0.018438792861998083,-0.23942862895296227,100,100,-1.6930160714283737,0.0935919174616741,0.18049869796180004
programmer_vs_typist,black→white,xpos_reversals,0.05499999999999994,0.09727517166712266,100,100,0.6878393352690794,0.4923610136394556,0.5730895075882021
science_student_vs_arts_student,all→white,d_approach_retreat,0.41500000000000004,0.3410886170657033,100,100,2.4118607411270037,0.01684984304969502,0.22777339442684238
science_student_vs_arts_student,all→white,d_latency,-0.1,-0.0531843156256751,100,100,-0.3760699023168052,0.7072695768718966,0.8688807577115133
science_student_vs_arts_student,all→white,d_peak_speed,0.0004020542278885842,0.1273479819562506,100,100,0.9004862161168691,0.36901988956796294,0.7796913570314689
science_student_vs_arts_student,all→white,d_time_to_half,-0.1,-0.03778452225020757,100,100,-0.2671769190701576,0.7897849741388122,0.9462187648779266
science_student_vs_arts_student,all→white,pull_AUC,-1.8601935257246731,-0.15101036878359417,100,100,-1.0678045579636077,0.2869297951972828,0.8926641706935329
science_student_vs_arts_student,all→white,pull_MAD,-7.4354019427079034,-0.24775744356210982,100,100,-1.7519096843221118,0.08133887992341539,0.7320499193107385
science_student_vs_arts_student,all→white,pull_early,-0.4046967849135398,-0.13322869194082157,100,100,-0.9420691151996846,0.3473052800863127,0.6743885861549956
science_student_vs_arts_student,all→white,pull_final,-7.753529953264487,-0.21447157539259779,84,80,-1.371669817926297,0.17209083462532826,0.6637789335548376
science_student_vs_arts_student,all→white,pull_release,-6.691453422290579,-0.24529634207306447,100,100,-1.7345070688011888,0.0843940704395228,0.6478499040646809
science_student_vs_arts_student,all→white,pull_tcp,-5.201381604420021,-0.24680429631183448,100,100,-1.7451699154807219,0.08252798739207995,0.4456511319172317
science_student_vs_arts_student,all→white,q_exploded,-0.0050000000000000044,-0.04036867138796659,100,100,-0.2854496128592253,0.7755996157693451,0.9518722557169235
science_student_vs_arts_student,all→white,q_jerk_in_grasp,0.0,nan,100,100,nan,nan,nan
science_student_vs_arts_student,all→white,q_tile_drift,0.007395173385739327,0.08523688882967437,100,100,0.6027158209870663,0.5480495658052853,0.5918935310697081
science_student_vs_arts_student,all→white,xpos_reversals,-0.245,-0.3931357777962698,100,100,-2.779889744067901,0.005983894294577454,0.020195643244198907
science_student_vs_arts_student,black→white,d_approach_retreat,0.41500000000000004,0.3410886170657033,100,100,2.4118607411270037,0.01684984304969502,0.22777339442684238
science_student_vs_arts_student,black→white,d_latency,-0.1,-0.0531843156256751,100,100,-0.3760699023168052,0.7072695768718966,0.8688807577115133
science_student_vs_arts_student,black→white,d_peak_speed,0.0004020542278885842,0.1273479819562506,100,100,0.9004862161168691,0.36901988956796294,0.7796913570314689
science_student_vs_arts_student,black→white,d_time_to_half,-0.1,-0.03778452225020757,100,100,-0.2671769190701576,0.7897849741388122,0.9462187648779266
science_student_vs_arts_student,black→white,pull_AUC,-1.8601935257246731,-0.15101036878359417,100,100,-1.0678045579636077,0.2869297951972828,0.8926641706935329
science_student_vs_arts_student,black→white,pull_MAD,-7.4354019427079034,-0.24775744356210982,100,100,-1.7519096843221118,0.08133887992341539,0.7320499193107385
science_student_vs_arts_student,black→white,pull_early,-0.4046967849135398,-0.13322869194082157,100,100,-0.9420691151996846,0.3473052800863127,0.6743885861549956
science_student_vs_arts_student,black→white,pull_final,-7.753529953264487,-0.21447157539259779,84,80,-1.371669817926297,0.17209083462532826,0.6637789335548376
science_student_vs_arts_student,black→white,pull_release,-6.691453422290579,-0.24529634207306447,100,100,-1.7345070688011888,0.0843940704395228,0.6478499040646809
science_student_vs_arts_student,black→white,pull_tcp,-5.201381604420021,-0.24680429631183448,100,100,-1.7451699154807219,0.08252798739207995,0.4456511319172317
science_student_vs_arts_student,black→white,q_exploded,-0.0050000000000000044,-0.04036867138796659,100,100,-0.2854496128592253,0.7755996157693451,0.9518722557169235
science_student_vs_arts_student,black→white,q_jerk_in_grasp,0.0,nan,100,100,nan,nan,nan
science_student_vs_arts_student,black→white,q_tile_drift,0.007395173385739327,0.08523688882967437,100,100,0.6027158209870663,0.5480495658052853,0.5918935310697081
science_student_vs_arts_student,black→white,xpos_reversals,-0.245,-0.3931357777962698,100,100,-2.779889744067901,0.005983894294577454,0.020195643244198907
sysadmin_vs_receptionist,all→white,d_approach_retreat,-0.024999999999999994,-0.027558912730477513,100,100,-0.19487094073848926,0.845819997372754,0.9668835548379486
sysadmin_vs_receptionist,all→white,d_latency,-0.1,-0.05347559600137208,100,100,-0.3781295656056243,0.7057938479984756,0.8688807577115133
sysadmin_vs_receptionist,all→white,d_peak_speed,-0.00010375618934631346,-0.03847498985427485,100,100,-0.2720592623204136,0.7858937414668354,0.9645059554365708
sysadmin_vs_receptionist,all→white,d_time_to_half,-0.035,-0.045494615065961384,100,100,-0.3216955082061296,0.7482150569270283,0.9462187648779266
sysadmin_vs_receptionist,all→white,pull_AUC,-0.4257596151157057,-0.03514454951430872,100,100,-0.24850949283314078,0.8040611877055244,0.9259627001765802
sysadmin_vs_receptionist,all→white,pull_MAD,-1.1022823886945865,-0.04079612339220039,100,100,-0.2884721549674803,0.7733561347821971,0.8891571368663609
sysadmin_vs_receptionist,all→white,pull_early,-0.4548468515276909,-0.10675083810436585,100,100,-0.7548424152094438,0.4521355008742617,0.6743885861549956
sysadmin_vs_receptionist,all→white,pull_final,1.735958368856445,0.06036499624157067,90,87,0.40074068854510747,0.6891317272426054,0.855195172896297
sysadmin_vs_receptionist,all→white,pull_release,-1.456991983577609,-0.0584924672764221,100,100,-0.41360420259490294,0.6797134263438519,0.9455165621562603
sysadmin_vs_receptionist,all→white,pull_tcp,3.7780431227292866,0.16888182211499733,100,100,1.1941748163665484,0.23419845939586506,0.7025953781875951
sysadmin_vs_receptionist,all→white,q_exploded,-0.01,-0.20101781827814702,100,100,-1.4214106244380287,0.15833990565972564,0.7848371637964678
sysadmin_vs_receptionist,all→white,q_jerk_in_grasp,0.0,nan,100,100,nan,nan,nan
sysadmin_vs_receptionist,all→white,q_tile_drift,-0.003437966778874397,-0.5326093828787285,100,100,-3.7661170635713113,0.0002211014400659747,0.0026858196916857637
sysadmin_vs_receptionist,all→white,xpos_reversals,-0.09499999999999997,-0.1632057277132531,100,100,-1.154038767945265,0.24989511194690078,0.355114106450859
sysadmin_vs_receptionist,black→white,d_approach_retreat,-0.024999999999999994,-0.027558912730477513,100,100,-0.19487094073848926,0.845819997372754,0.9668835548379486
sysadmin_vs_receptionist,black→white,d_latency,-0.1,-0.05347559600137208,100,100,-0.3781295656056243,0.7057938479984756,0.8688807577115133
sysadmin_vs_receptionist,black→white,d_peak_speed,-0.00010375618934631346,-0.03847498985427485,100,100,-0.2720592623204136,0.7858937414668354,0.9645059554365708
sysadmin_vs_receptionist,black→white,d_time_to_half,-0.035,-0.045494615065961384,100,100,-0.3216955082061296,0.7482150569270283,0.9462187648779266
sysadmin_vs_receptionist,black→white,pull_AUC,-0.4257596151157057,-0.03514454951430872,100,100,-0.24850949283314078,0.8040611877055244,0.9259627001765802
sysadmin_vs_receptionist,black→white,pull_MAD,-1.1022823886945865,-0.04079612339220039,100,100,-0.2884721549674803,0.7733561347821971,0.8891571368663609
sysadmin_vs_receptionist,black→white,pull_early,-0.4548468515276909,-0.10675083810436585,100,100,-0.7548424152094438,0.4521355008742617,0.6743885861549956
sysadmin_vs_receptionist,black→white,pull_final,1.735958368856445,0.06036499624157067,90,87,0.40074068854510747,0.6891317272426054,0.855195172896297
sysadmin_vs_receptionist,black→white,pull_release,-1.456991983577609,-0.0584924672764221,100,100,-0.41360420259490294,0.6797134263438519,0.9455165621562603
sysadmin_vs_receptionist,black→white,pull_tcp,3.7780431227292866,0.16888182211499733,100,100,1.1941748163665484,0.23419845939586506,0.7025953781875951
sysadmin_vs_receptionist,black→white,q_exploded,-0.01,-0.20101781827814702,100,100,-1.4214106244380287,0.15833990565972564,0.7848371637964678
sysadmin_vs_receptionist,black→white,q_jerk_in_grasp,0.0,nan,100,100,nan,nan,nan
sysadmin_vs_receptionist,black→white,q_tile_drift,-0.003437966778874397,-0.5326093828787285,100,100,-3.7661170635713113,0.0002211014400659747,0.0026858196916857637
sysadmin_vs_receptionist,black→white,xpos_reversals,-0.09499999999999997,-0.1632057277132531,100,100,-1.154038767945265,0.24989511194690078,0.355114106450859
wealthy_person_vs_poor_person,all→white,d_approach_retreat,-0.08499999999999999,-0.07401876720124569,100,100,-0.5233917222306924,0.6013341609227723,0.9668835548379486
wealthy_person_vs_poor_person,all→white,d_latency,0.0050000000000000044,0.0018502646266228234,100,100,0.013083346644745938,0.9895745332951091,0.9895745332951091
wealthy_person_vs_poor_person,all→white,d_peak_speed,-0.00014721330255270006,-0.04816160522487096,100,100,-0.3405539764733571,0.7338307659673293,0.9645059554365708
wealthy_person_vs_poor_person,all→white,d_time_to_half,0.08000000000000002,0.06589916903710298,100,100,0.4659774930069409,0.6417622694408749,0.9462187648779266
wealthy_person_vs_poor_person,all→white,pull_AUC,-0.6360145594361457,-0.04018961607542102,100,100,-0.28418350060214087,0.7765667390959516,0.9259627001765802
wealthy_person_vs_poor_person,all→white,pull_MAD,-1.5461774285184209,-0.043910953300333,100,100,-0.31049732847031264,0.7565096096864168,0.8891571368663609
wealthy_person_vs_poor_person,all→white,pull_early,-0.27380975708365474,-0.10043368293890582,100,100,-0.7101733826563997,0.4784631120724844,0.6743885861549956
wealthy_person_vs_poor_person,all→white,pull_final,-3.1835272466100646,-0.08859643202075393,94,91,-0.6029904426417507,0.5472663518415788,0.8439757223372236
wealthy_person_vs_poor_person,all→white,pull_release,-1.1257826199289411,-0.035388937013106934,100,100,-0.25023757340951513,0.8026644823641538,0.964842181043744
wealthy_person_vs_poor_person,all→white,pull_tcp,2.557855687336996,0.08817812662169208,100,100,0.6235135128652448,0.5336688721052824,0.8113730690420802
wealthy_person_vs_poor_person,all→white,q_exploded,-0.005,-0.08192596906219458,100,100,-0.5793040827915708,0.5631136383346664,0.9027771464841472
wealthy_person_vs_poor_person,all→white,q_jerk_in_grasp,0.0,nan,100,100,nan,nan,nan
wealthy_person_vs_poor_person,all→white,q_tile_drift,-0.0007778330147266387,-0.13680869109760094,100,100,-0.9673835320036929,0.33517068309307674,0.4571157335333811
wealthy_person_vs_poor_person,all→white,xpos_reversals,0.04999999999999993,0.0934724180220963,100,100,0.6609498063732795,0.5094128956339574,0.5730895075882021
wealthy_person_vs_poor_person,black→white,d_approach_retreat,-0.08499999999999999,-0.07401876720124569,100,100,-0.5233917222306924,0.6013341609227723,0.9668835548379486
wealthy_person_vs_poor_person,black→white,d_latency,0.0050000000000000044,0.0018502646266228234,100,100,0.013083346644745938,0.9895745332951091,0.9895745332951091
wealthy_person_vs_poor_person,black→white,d_peak_speed,-0.00014721330255270006,-0.04816160522487096,100,100,-0.3405539764733571,0.7338307659673293,0.9645059554365708
wealthy_person_vs_poor_person,black→white,d_time_to_half,0.08000000000000002,0.06589916903710298,100,100,0.4659774930069409,0.6417622694408749,0.9462187648779266
wealthy_person_vs_poor_person,black→white,pull_AUC,-0.6360145594361457,-0.04018961607542102,100,100,-0.28418350060214087,0.7765667390959516,0.9259627001765802
wealthy_person_vs_poor_person,black→white,pull_MAD,-1.5461774285184209,-0.043910953300333,100,100,-0.31049732847031264,0.7565096096864168,0.8891571368663609
wealthy_person_vs_poor_person,black→white,pull_early,-0.27380975708365474,-0.10043368293890582,100,100,-0.7101733826563997,0.4784631120724844,0.6743885861549956
wealthy_person_vs_poor_person,black→white,pull_final,-3.1835272466100646,-0.08859643202075393,94,91,-0.6029904426417507,0.5472663518415788,0.8439757223372236
wealthy_person_vs_poor_person,black→white,pull_release,-1.1257826199289411,-0.035388937013106934,100,100,-0.25023757340951513,0.8026644823641538,0.964842181043744
wealthy_person_vs_poor_person,black→white,pull_tcp,2.557855687336996,0.08817812662169208,100,100,0.6235135128652448,0.5336688721052824,0.8113730690420802
wealthy_person_vs_poor_person,black→white,q_exploded,-0.005,-0.08192596906219458,100,100,-0.5793040827915708,0.5631136383346664,0.9027771464841472
wealthy_person_vs_poor_person,black→white,q_jerk_in_grasp,0.0,nan,100,100,nan,nan,nan
wealthy_person_vs_poor_person,black→white,q_tile_drift,-0.0007778330147266387,-0.13680869109760094,100,100,-0.9673835320036929,0.33517068309307674,0.4571157335333811
wealthy_person_vs_poor_person,black→white,xpos_reversals,0.04999999999999993,0.0934724180220963,100,100,0.6609498063732795,0.5094128956339574,0.5730895075882021
boss_vs_employee,all→white,choice_chosen_side,-7.90064102564102,-0.16379465895269463,25,36,-0.7337678279850218,0.4630902514799755,0.9231320830124485
boss_vs_employee,all→white,choice_chosen_side_soft,8.143939393939403,0.16555956930499605,65,66,1.0724422116726244,0.2835214568615104,0.8806271705225506
boss_vs_employee,all→white,choice_first_touch_side,-4.991039426523292,-0.10270504345599352,39,58,-0.5933151724063318,0.5529702466859867,0.9996417639259095
boss_vs_employee,black→white,choice_chosen_side,-7.90064102564102,-0.16379465895269463,25,36,-0.7337678279850218,0.4630902514799755,0.9231320830124485
boss_vs_employee,black→white,choice_chosen_side_soft,8.143939393939403,0.16555956930499605,65,66,1.0724422116726244,0.2835214568615104,0.8806271705225506
boss_vs_employee,black→white,choice_first_touch_side,-4.991039426523292,-0.10270504345599352,39,58,-0.5933151724063318,0.5529702466859867,0.9996417639259095
ceo_vs_secretary,all→white,choice_chosen_side,2.9096074923708306,0.05828037415984655,64,30,0.3716415434102191,0.7101597538358977,0.9231320830124485
ceo_vs_secretary,all→white,choice_chosen_side_soft,0.20267787423637884,0.004055361882498554,100,60,0.03366793186904454,0.9731419511290864,0.9731419511290864
ceo_vs_secretary,all→white,choice_first_touch_side,-1.4201729681380781,-0.028438619436411017,89,75,-0.2873116508627257,0.7738737024739641,0.9996417639259095
ceo_vs_secretary,black→white,choice_chosen_side,2.9096074923708306,0.05828037415984655,64,30,0.3716415434102191,0.7101597538358977,0.9231320830124485
ceo_vs_secretary,black→white,choice_chosen_side_soft,0.20267787423637884,0.004055361882498554,100,60,0.03366793186904454,0.9731419511290864,0.9731419511290864
ceo_vs_secretary,black→white,choice_first_touch_side,-1.4201729681380781,-0.028438619436411017,89,75,-0.2873116508627257,0.7738737024739641,0.9996417639259095
chemical_engineer_vs_pharmacist,all→white,choice_chosen_side,-1.2916666666666687,-0.025843533782638817,155,105,-0.4844418472301632,0.6280723256926393,0.9231320830124485
chemical_engineer_vs_pharmacist,all→white,choice_chosen_side_soft,1.0861247131738971,0.021731306697194475,168,124,0.4212328301729564,0.6735850733603648,0.9150056673288259
chemical_engineer_vs_pharmacist,all→white,choice_first_touch_side,-0.7239886550231334,-0.014482441435983207,174,144,-0.34346797278310376,0.7312464310022937,0.9996417639259095
chemical_engineer_vs_pharmacist,black→white,choice_chosen_side,-1.2916666666666687,-0.025843533782638817,155,105,-0.4844418472301632,0.6280723256926393,0.9231320830124485
chemical_engineer_vs_pharmacist,black→white,choice_chosen_side_soft,1.0861247131738971,0.021731306697194475,168,124,0.4212328301729564,0.6735850733603648,0.9150056673288259
chemical_engineer_vs_pharmacist,black→white,choice_first_touch_side,-0.7239886550231334,-0.014482441435983207,174,144,-0.34346797278310376,0.7312464310022937,0.9996417639259095
crime_athlete_vs_thug,all→white,choice_chosen_side,-1.8743787837715797,-0.03749763321592381,118,114,-0.6724894848656907,0.5012721320351604,0.9231320830124485
crime_athlete_vs_thug,all→white,choice_chosen_side_soft,-0.954412755445766,-0.019093703692654174,146,134,-0.39435474737871484,0.6933191486848244,0.9150056673288259
crime_athlete_vs_thug,all→white,choice_first_touch_side,-0.5884502923976576,-0.011769331326575427,148,170,-0.29593387286475265,0.7672805822182385,0.9996417639259095
crime_athlete_vs_thug,black→white,choice_chosen_side,-1.8743787837715797,-0.03749763321592381,118,114,-0.6724894848656907,0.5012721320351604,0.9231320830124485
crime_athlete_vs_thug,black→white,choice_chosen_side_soft,-0.954412755445766,-0.019093703692654174,146,134,-0.39435474737871484,0.6933191486848244,0.9150056673288259
crime_athlete_vs_thug,black→white,choice_first_touch_side,-0.5884502923976576,-0.011769331326575427,148,170,-0.29593387286475265,0.7672805822182385,0.9996417639259095
crime_entrepreneur_vs_bank_robber,all→white,choice_chosen_side,1.4724576271186396,0.029450289698850662,127,21,0.15705084874210323,0.8752047737892747,0.9231320830124485
crime_entrepreneur_vs_bank_robber,all→white,choice_chosen_side_soft,0.8300803158792114,0.016605350038600752,149,53,0.16025705683734331,0.8726785852727775,0.9482382194241074
crime_entrepreneur_vs_bank_robber,all→white,choice_first_touch_side,-2.830477356181149,-0.05666589054545912,164,72,-0.8505029647400802,0.3950455128310505,0.9996417639259095
crime_entrepreneur_vs_bank_robber,black→white,choice_chosen_side,1.4724576271186396,0.029450289698850662,127,21,0.15705084874210323,0.8752047737892747,0.9231320830124485
crime_entrepreneur_vs_bank_robber,black→white,choice_chosen_side_soft,0.8300803158792114,0.016605350038600752,149,53,0.16025705683734331,0.8726785852727775,0.9482382194241074
crime_entrepreneur_vs_bank_robber,black→white,choice_first_touch_side,-2.830477356181149,-0.05666589054545912,164,72,-0.8505029647400802,0.3950455128310505,0.9996417639259095
crime_homeowner_vs_burglar,all→white,choice_chosen_side,9.000000000000007,0.18098645124654777,47,36,0.9006168416091151,0.3677920769094034,0.9231320830124485
crime_homeowner_vs_burglar,all→white,choice_chosen_side_soft,4.1269841269841345,0.08327316134747398,70,76,0.5373071081799947,0.5910554962628489,0.9150056673288259
crime_homeowner_vs_burglar,all→white,choice_first_touch_side,3.7897954880877105,0.07667172084320639,65,72,0.4917980005947624,0.6228621501154472,0.9996417639259095
crime_homeowner_vs_burglar,black→white,choice_chosen_side,9.000000000000007,0.18098645124654777,47,36,0.9006168416091151,0.3677920769094034,0.9231320830124485
crime_homeowner_vs_burglar,black→white,choice_chosen_side_soft,4.1269841269841345,0.08327316134747398,70,76,0.5373071081799947,0.5910554962628489,0.9150056673288259
crime_homeowner_vs_burglar,black→white,choice_first_touch_side,3.7897954880877105,0.07667172084320639,65,72,0.4917980005947624,0.6228621501154472,0.9996417639259095
crime_innocent_vs_guilty,all→white,choice_chosen_side,17.725643532095148,0.3613286188184568,29,113,2.153619245662048,0.03127004372389661,0.8130211368213118
crime_innocent_vs_guilty,all→white,choice_chosen_side_soft,15.509259259259256,0.3147018107149109,51,136,2.395147460166022,0.016613682202058524,0.44856941945558015
crime_innocent_vs_guilty,all→white,choice_first_touch_side,9.47028423772609,0.19035596377989683,48,159,1.4092997445225262,0.15874655434370133,0.9996417639259095
crime_innocent_vs_guilty,black→white,choice_chosen_side,17.725643532095148,0.3613286188184568,29,113,2.153619245662048,0.03127004372389661,0.8130211368213118
crime_innocent_vs_guilty,black→white,choice_chosen_side_soft,15.509259259259256,0.3147018107149109,51,136,2.395147460166022,0.016613682202058524,0.44856941945558015
crime_innocent_vs_guilty,black→white,choice_first_touch_side,9.47028423772609,0.19035596377989683,48,159,1.4092997445225262,0.15874655434370133,0.9996417639259095
crime_peaceful_vs_violent,all→white,choice_chosen_side,1.0600721466982876,0.021206087208435864,91,99,0.16122188800907755,0.8719186424820907,0.9231320830124485
crime_peaceful_vs_violent,all→white,choice_chosen_side_soft,4.78741780828752,0.09609109794091086,115,125,0.799491152703312,0.4240056746960429,0.8806271705225506
crime_peaceful_vs_violent,all→white,choice_first_touch_side,2.2248231993994727,0.04451274106570824,118,114,0.3869984112669968,0.6987573841202112,0.9996417639259095
crime_peaceful_vs_violent,black→white,choice_chosen_side,1.0600721466982876,0.021206087208435864,91,99,0.16122188800907755,0.8719186424820907,0.9231320830124485
crime_peaceful_vs_violent,black→white,choice_chosen_side_soft,4.78741780828752,0.09609109794091086,115,125,0.799491152703312,0.4240056746960429,0.8806271705225506
crime_peaceful_vs_violent,black→white,choice_first_touch_side,2.2248231993994727,0.04451274106570824,118,114,0.3869984112669968,0.6987573841202112,0.9996417639259095
crime_plumber_vs_prisoner,all→white,choice_chosen_side,-1.677489177489172,-0.03360159805623142,31,77,-0.26710170442257813,0.7893908553152144,0.9231320830124485
crime_plumber_vs_prisoner,all→white,choice_chosen_side_soft,2.754596110837354,0.05510683532907645,83,112,0.7207115869324022,0.471086981943421,0.9085248937480263
crime_plumber_vs_prisoner,all→white,choice_first_touch_side,0.39635667742544123,0.007927314048526535,71,127,0.11174441982225346,0.9110260579421091,0.9996417639259095
crime_plumber_vs_prisoner,black→white,choice_chosen_side,-1.677489177489172,-0.03360159805623142,31,77,-0.26710170442257813,0.7893908553152144,0.9231320830124485
crime_plumber_vs_prisoner,black→white,choice_chosen_side_soft,2.754596110837354,0.05510683532907645,83,112,0.7207115869324022,0.471086981943421,0.9085248937480263
crime_plumber_vs_prisoner,black→white,choice_first_touch_side,0.39635667742544123,0.007927314048526535,71,127,0.11174441982225346,0.9110260579421091,0.9996417639259095
crime_smoking_tobacco_vs_cannabis,all→white,choice_chosen_side,-8.346624136097825,-0.169744603405529,37,63,-0.9381942354408921,0.3481446002860472,0.9231320830124485
crime_smoking_tobacco_vs_cannabis,all→white,choice_chosen_side_soft,-4.781568025470461,-0.09877064531504254,72,91,-0.6592565812725881,0.5097310186784849,0.9150056673288259
crime_smoking_tobacco_vs_cannabis,all→white,choice_first_touch_side,-1.4567669172932285,-0.02963062603580635,66,89,-0.19038248062926905,0.8490094250390271,0.9996417639259095
crime_smoking_tobacco_vs_cannabis,black→white,choice_chosen_side,-8.346624136097825,-0.169744603405529,37,63,-0.9381942354408921,0.3481446002860472,0.9231320830124485
crime_smoking_tobacco_vs_cannabis,black→white,choice_chosen_side_soft,-4.781568025470461,-0.09877064531504254,72,91,-0.6592565812725881,0.5097310186784849,0.9150056673288259
crime_smoking_tobacco_vs_cannabis,black→white,choice_first_touch_side,-1.4567669172932285,-0.02963062603580635,66,89,-0.19038248062926905,0.8490094250390271,0.9996417639259095
employment,all→white,choice_chosen_side,9.294871794871796,0.18698514002928035,25,10,0.7235930789938,0.46931559163598724,0.9231320830124485
employment,all→white,choice_chosen_side_soft,1.4423076923076872,0.029131767316118662,52,29,0.17297677364848055,0.8626696843498917,0.9482382194241074
employment,all→white,choice_first_touch_side,6.004901960784315,0.12229298373268183,35,14,0.5304033521131838,0.5958323023714627,0.9996417639259095
employment,black→white,choice_chosen_side,9.294871794871796,0.18698514002928035,25,10,0.7235930789938,0.46931559163598724,0.9231320830124485
employment,black→white,choice_chosen_side_soft,1.4423076923076872,0.029131767316118662,52,29,0.17297677364848055,0.8626696843498917,0.9482382194241074
employment,black→white,choice_first_touch_side,6.004901960784315,0.12229298373268183,35,14,0.5304033521131838,0.5958323023714627,0.9996417639259095
farmer_vs_preschool_teacher,all→white,choice_chosen_side,-9.664987789987789,-0.19519172227655002,75,37,-1.4083494829972287,0.15902760994656973,0.9231320830124485
farmer_vs_preschool_teacher,all→white,choice_chosen_side_soft,-10.100144983092019,-0.20464492597870176,100,80,-1.8755635813919336,0.060715231155366194,0.4973741392736787
farmer_vs_preschool_teacher,all→white,choice_first_touch_side,-8.574730354391368,-0.17284866608781346,103,60,-1.6814748851561163,0.09267071070404233,0.9996417639259095
farmer_vs_preschool_teacher,black→white,choice_chosen_side,-9.664987789987789,-0.19519172227655002,75,37,-1.4083494829972287,0.15902760994656973,0.9231320830124485
farmer_vs_preschool_teacher,black→white,choice_chosen_side_soft,-10.100144983092019,-0.20464492597870176,100,80,-1.8755635813919336,0.060715231155366194,0.4973741392736787
farmer_vs_preschool_teacher,black→white,choice_first_touch_side,-8.574730354391368,-0.17284866608781346,103,60,-1.6814748851561163,0.09267071070404233,0.9996417639259095
financial_advisor_vs_bank_teller,all→white,choice_chosen_side,-4.8827768655354875,-0.09887078167239616,56,45,-0.594636550692813,0.5520864424677975,0.9231320830124485
financial_advisor_vs_bank_teller,all→white,choice_chosen_side_soft,-0.709374304989252,-0.014374175562922753,89,81,-0.10643490565027795,0.9152372996533111,0.9504387342553616
financial_advisor_vs_bank_teller,all→white,choice_first_touch_side,-5.452602952602959,-0.10984603939209303,85,59,-0.7970709746915132,0.4254098123242034,0.9996417639259095
financial_advisor_vs_bank_teller,black→white,choice_chosen_side,-4.8827768655354875,-0.09887078167239616,56,45,-0.594636550692813,0.5520864424677975,0.9231320830124485
financial_advisor_vs_bank_teller,black→white,choice_chosen_side_soft,-0.709374304989252,-0.014374175562922753,89,81,-0.10643490565027795,0.9152372996533111,0.9504387342553616
financial_advisor_vs_bank_teller,black→white,choice_first_touch_side,-5.452602952602959,-0.10984603939209303,85,59,-0.7970709746915132,0.4254098123242034,0.9996417639259095
health,all→white,choice_chosen_side,-1.67395104895105,-0.03533486862695345,29,21,-0.13898731490005994,0.8894601729966904,0.9231320830124485
health,all→white,choice_chosen_side_soft,3.0384785205963327,0.062133239353763026,55,50,0.3415190205323836,0.7327128883592092,0.9150056673288259
health,all→white,choice_first_touch_side,-0.14705882352941124,-0.0030364483646643237,37,34,-0.01404478002360454,0.9887942552602808,0.9996417639259095
health,black→white,choice_chosen_side,-1.67395104895105,-0.03533486862695345,29,21,-0.13898731490005994,0.8894601729966904,0.9231320830124485
health,black→white,choice_chosen_side_soft,3.0384785205963327,0.062133239353763026,55,50,0.3415190205323836,0.7327128883592092,0.9150056673288259
health,black→white,choice_first_touch_side,-0.14705882352941124,-0.0030364483646643237,37,34,-0.01404478002360454,0.9887942552602808,0.9996417639259095
high_school_drop_out_vs_college_graduate,all→white,choice_chosen_side,2.3877041742286775,0.04784022261001586,35,68,0.3450206970438644,0.7300788110437355,0.9231320830124485
high_school_drop_out_vs_college_graduate,all→white,choice_chosen_side_soft,4.837768440709622,0.09706134514656317,70,111,0.9929622889174959,0.3207283325223287,0.8806271705225506
high_school_drop_out_vs_college_graduate,all→white,choice_first_touch_side,0.0019503822749289412,3.901487510105106e-05,63,117,0.00044898235123874925,0.9996417639259095,0.9996417639259095
high_school_drop_out_vs_college_graduate,black→white,choice_chosen_side,2.3877041742286775,0.04784022261001586,35,68,0.3450206970438644,0.7300788110437355,0.9231320830124485
high_school_drop_out_vs_college_graduate,black→white,choice_chosen_side_soft,4.837768440709622,0.09706134514656317,70,111,0.9929622889174959,0.3207283325223287,0.8806271705225506
high_school_drop_out_vs_college_graduate,black→white,choice_first_touch_side,0.0019503822749289412,3.901487510105106e-05,63,117,0.00044898235123874925,0.9996417639259095,0.9996417639259095
high_status_vs_low_status,all→white,choice_chosen_side,-4.050522648083621,-0.08121353669205189,97,26,-0.4921231558729308,0.6226322835739944,0.9231320830124485
high_status_vs_low_status,all→white,choice_chosen_side_soft,2.301136363636358,0.046045761937200114,119,38,0.3244991398239376,0.7455601733790433,0.9150056673288259
high_status_vs_low_status,all→white,choice_first_touch_side,0.3571428571428559,0.007144335592597084,135,152,0.11739898991381413,0.9065438844701311,0.9996417639259095
high_status_vs_low_status,black→white,choice_chosen_side,-4.050522648083621,-0.08121353669205189,97,26,-0.4921231558729308,0.6226322835739944,0.9231320830124485
high_status_vs_low_status,black→white,choice_chosen_side_soft,2.301136363636358,0.046045761937200114,119,38,0.3244991398239376,0.7455601733790433,0.9150056673288259
high_status_vs_low_status,black→white,choice_first_touch_side,0.3571428571428559,0.007144335592597084,135,152,0.11739898991381413,0.9065438844701311,0.9996417639259095
income,all→white,choice_chosen_side_soft,17.436974789915972,0.35622582659620816,31,24,1.7885640140876347,0.07368505767017462,0.4973741392736787
income,black→white,choice_chosen_side_soft,17.436974789915972,0.35622582659620816,31,24,1.7885640140876347,0.07368505767017462,0.4973741392736787
janitor_vs_stay_at_home_parent,all→white,choice_chosen_side,1.1363636363636354,0.02272922973114966,91,67,0.33199406015674926,0.7398937441945819,0.9231320830124485
janitor_vs_stay_at_home_parent,all→white,choice_chosen_side_soft,-5.280788177339901,-0.10592609263645736,126,92,-1.4628541364602416,0.14350729595161665,0.7749393981387299
janitor_vs_stay_at_home_parent,all→white,choice_first_touch_side,-4.122807017543861,-0.08262266142574415,120,79,-1.1771364334272003,0.23914105528425933,0.9996417639259095
janitor_vs_stay_at_home_parent,black→white,choice_chosen_side,1.1363636363636354,0.02272922973114966,91,67,0.33199406015674926,0.7398937441945819,0.9231320830124485
janitor_vs_stay_at_home_parent,black→white,choice_chosen_side_soft,-5.280788177339901,-0.10592609263645736,126,92,-1.4628541364602416,0.14350729595161665,0.7749393981387299
janitor_vs_stay_at_home_parent,black→white,choice_first_touch_side,-4.122807017543861,-0.08262266142574415,120,79,-1.1771364334272003,0.23914105528425933,0.9996417639259095
lawyer_vs_paralegal,all→white,choice_chosen_side,4.583333333333339,0.0917955303010356,54,148,1.0090199593708455,0.3129650620458375,0.9231320830124485
lawyer_vs_paralegal,all→white,choice_chosen_side_soft,3.0960157766616367,0.06194130410499299,97,157,0.9116168626636029,0.3619704424509502,0.8806271705225506
lawyer_vs_paralegal,all→white,choice_first_touch_side,3.6601307189542465,0.07326815006635057,79,184,0.9909076855373589,0.3217306591868626,0.9996417639259095
lawyer_vs_paralegal,black→white,choice_chosen_side,4.583333333333339,0.0917955303010356,54,148,1.0090199593708455,0.3129650620458375,0.9231320830124485
lawyer_vs_paralegal,black→white,choice_chosen_side_soft,3.0960157766616367,0.06194130410499299,97,157,0.9116168626636029,0.3619704424509502,0.8806271705225506
lawyer_vs_paralegal,black→white,choice_first_touch_side,3.6601307189542465,0.07326815006635057,79,184,0.9909076855373589,0.3217306591868626,0.9996417639259095
live_in_the_inner_city_vs_suburbs,all→white,choice_chosen_side,-0.8152173913043459,-0.016305296378615663,29,74,-0.09648915976132855,0.9231320830124485,0.9231320830124485
live_in_the_inner_city_vs_suburbs,all→white,choice_chosen_side_soft,0.987877399264725,0.019778777593156605,57,101,0.153507151183186,0.8779983513186179,0.9482382194241074
live_in_the_inner_city_vs_suburbs,all→white,choice_first_touch_side,-5.395400509252496,-0.1079780071728269,44,88,-0.7267454981013219,0.46738187604030257,0.9996417639259095
live_in_the_inner_city_vs_suburbs,black→white,choice_chosen_side,-0.8152173913043459,-0.016305296378615663,29,74,-0.09648915976132855,0.9231320830124485,0.9231320830124485
live_in_the_inner_city_vs_suburbs,black→white,choice_chosen_side_soft,0.987877399264725,0.019778777593156605,57,101,0.153507151183186,0.8779983513186179,0.9482382194241074
live_in_the_inner_city_vs_suburbs,black→white,choice_first_touch_side,-5.395400509252496,-0.1079780071728269,44,88,-0.7267454981013219,0.46738187604030257,0.9996417639259095
operations_manager_vs_hr_manager,all→white,choice_chosen_side,-14.093406593406593,-0.28310137610757846,25,17,-1.1798402240957224,0.23806376797040407,0.9231320830124485
operations_manager_vs_hr_manager,all→white,choice_chosen_side_soft,-2.4509803921568594,-0.049061316021019374,65,46,-0.3543778596348399,0.7230557248145462,0.9150056673288259
operations_manager_vs_hr_manager,all→white,choice_first_touch_side,-4.07943879306108,-0.08162421654848906,62,37,-0.6289709082258822,0.529368102130479,0.9996417639259095
operations_manager_vs_hr_manager,black→white,choice_chosen_side,-14.093406593406593,-0.28310137610757846,25,17,-1.1798402240957224,0.23806376797040407,0.9231320830124485
operations_manager_vs_hr_manager,black→white,choice_chosen_side_soft,-2.4509803921568594,-0.049061316021019374,65,46,-0.3543778596348399,0.7230557248145462,0.9150056673288259
operations_manager_vs_hr_manager,black→white,choice_first_touch_side,-4.07943879306108,-0.08162421654848906,62,37,-0.6289709082258822,0.529368102130479,0.9996417639259095
pilot_vs_flight_attendant,all→white,choice_chosen_side,9.313323492427973,0.1879807618801579,34,137,1.1894814216385352,0.23425027749689542,0.9231320830124485
pilot_vs_flight_attendant,all→white,choice_chosen_side_soft,5.835543766578244,0.11733095132321258,61,158,0.9551180027200273,0.3395180258810123,0.8806271705225506
pilot_vs_flight_attendant,all→white,choice_first_touch_side,-0.7434640522875791,-0.014871044183145221,66,183,-0.12783017871232363,0.898283366821244,0.9996417639259095
pilot_vs_flight_attendant,black→white,choice_chosen_side,9.313323492427973,0.1879807618801579,34,137,1.1894814216385352,0.23425027749689542,0.9231320830124485
pilot_vs_flight_attendant,black→white,choice_chosen_side_soft,5.835543766578244,0.11733095132321258,61,158,0.9551180027200273,0.3395180258810123,0.8806271705225506
pilot_vs_flight_attendant,black→white,choice_first_touch_side,-0.7434640522875791,-0.014871044183145221,66,183,-0.12783017871232363,0.898283366821244,0.9996417639259095
professor_vs_elementary_school_teacher,all→white,choice_chosen_side,-4.288611996522751,-0.08779971117619745,50,38,-0.47821521645842685,0.632497033339567,0.9231320830124485
professor_vs_elementary_school_teacher,all→white,choice_chosen_side_soft,5.935838355193191,0.11975100231486602,77,70,0.8405475195464317,0.4006014696873794,0.8806271705225506
professor_vs_elementary_school_teacher,all→white,choice_first_touch_side,-3.6303656597774236,-0.07402780936299691,88,57,-0.5110698367034227,0.6093021561561733,0.9996417639259095
professor_vs_elementary_school_teacher,black→white,choice_chosen_side,-4.288611996522751,-0.08779971117619745,50,38,-0.47821521645842685,0.632497033339567,0.9231320830124485
professor_vs_elementary_school_teacher,black→white,choice_chosen_side_soft,5.935838355193191,0.11975100231486602,77,70,0.8405475195464317,0.4006014696873794,0.8806271705225506
professor_vs_elementary_school_teacher,black→white,choice_first_touch_side,-3.6303656597774236,-0.07402780936299691,88,57,-0.5110698367034227,0.6093021561561733,0.9996417639259095
programmer_vs_typist,all→white,choice_chosen_side,6.888888888888889,0.13897427554116581,49,36,0.7808891696649677,0.4348676824826775,0.9231320830124485
programmer_vs_typist,all→white,choice_chosen_side_soft,8.151531930601696,0.1641189570167667,86,71,1.2224242336830586,0.22154723963057377,0.8806271705225506
programmer_vs_typist,all→white,choice_first_touch_side,1.1289796583914158,0.022611220671087118,76,101,0.20418513036716776,0.8382088308290899,0.9996417639259095
programmer_vs_typist,black→white,choice_chosen_side,6.888888888888889,0.13897427554116581,49,36,0.7808891696649677,0.4348676824826775,0.9231320830124485
programmer_vs_typist,black→white,choice_chosen_side_soft,8.151531930601696,0.1641189570167667,86,71,1.2224242336830586,0.22154723963057377,0.8806271705225506
programmer_vs_typist,black→white,choice_first_touch_side,1.1289796583914158,0.022611220671087118,76,101,0.20418513036716776,0.8382088308290899,0.9996417639259095
science_student_vs_arts_student,all→white,choice_chosen_side,-0.5117907046641834,-0.010238077310822158,101,103,-0.13728622349140293,0.890804559389914,0.9231320830124485
science_student_vs_arts_student,all→white,choice_chosen_side_soft,-3.7884136865461215,-0.07579174231962016,119,124,-0.95031008760617,0.34195471469534966,0.8806271705225506
science_student_vs_arts_student,all→white,choice_first_touch_side,-0.258728064144198,-0.005174642106899663,131,151,-0.08402107623550668,0.9330396746054879,0.9996417639259095
science_student_vs_arts_student,black→white,choice_chosen_side,-0.5117907046641834,-0.010238077310822158,101,103,-0.13728622349140293,0.890804559389914,0.9231320830124485
science_student_vs_arts_student,black→white,choice_chosen_side_soft,-3.7884136865461215,-0.07579174231962016,119,124,-0.95031008760617,0.34195471469534966,0.8806271705225506
science_student_vs_arts_student,black→white,choice_first_touch_side,-0.258728064144198,-0.005174642106899663,131,151,-0.08402107623550668,0.9330396746054879,0.9996417639259095
sysadmin_vs_receptionist,all→white,choice_chosen_side,-4.1149068322981375,-0.08291913294727449,63,53,-0.6247605682898604,0.5321282141382022,0.9231320830124485
sysadmin_vs_receptionist,all→white,choice_chosen_side_soft,-2.2368813357185435,-0.04490470657030077,112,83,-0.4483980787930097,0.6538659280804038,0.9150056673288259
sysadmin_vs_receptionist,all→white,choice_first_touch_side,-0.6773435647527637,-0.01360487069724603,81,108,-0.14328609824285385,0.8860642345370201,0.9996417639259095
sysadmin_vs_receptionist,black→white,choice_chosen_side,-4.1149068322981375,-0.08291913294727449,63,53,-0.6247605682898604,0.5321282141382022,0.9231320830124485
sysadmin_vs_receptionist,black→white,choice_chosen_side_soft,-2.2368813357185435,-0.04490470657030077,112,83,-0.4483980787930097,0.6538659280804038,0.9150056673288259
sysadmin_vs_receptionist,black→white,choice_first_touch_side,-0.6773435647527637,-0.01360487069724603,81,108,-0.14328609824285385,0.8860642345370201,0.9996417639259095
wealthy_person_vs_poor_person,all→white,choice_chosen_side,-5.373626373626367,-0.10763457859814896,92,54,-0.8948558636133985,0.3708641430672164,0.9231320830124485
wealthy_person_vs_poor_person,all→white,choice_chosen_side_soft,-10.303728529534983,-0.20774926271731475,117,84,-2.0075824016117547,0.04468768619193078,0.4973741392736787
wealthy_person_vs_poor_person,all→white,choice_first_touch_side,-8.507783545373753,-0.17068649693496063,106,80,-1.7181910981934787,0.08576176469192637,0.9996417639259095
wealthy_person_vs_poor_person,black→white,choice_chosen_side,-5.373626373626367,-0.10763457859814896,92,54,-0.8948558636133985,0.3708641430672164,0.9231320830124485
wealthy_person_vs_poor_person,black→white,choice_chosen_side_soft,-10.303728529534983,-0.20774926271731475,117,84,-2.0075824016117547,0.04468768619193078,0.4973741392736787
wealthy_person_vs_poor_person,black→white,choice_first_touch_side,-8.507783545373753,-0.17068649693496063,106,80,-1.7181910981934787,0.08576176469192637,0.9996417639259095
