topic,demo,metric,pol,mean,sd,n,t,p,q
age,gender,d_approach_retreat,-,0.014,0.9178719834246559,500,0.3410601069682474,0.7332018886121279,0.893474032480997
age,gender,d_latency,-,0.111,2.8208320025079026,500,0.8798948157203534,0.37933983885901634,0.7924315266368609
age,gender,d_peak_speed,-,0.0005824400410056114,0.0036528504957107945,500,3.5653677204571377,0.0003983141150003465,0.004232087471878682
age,gender,d_time_to_half,-,-0.092,1.349881609890824,500,-1.5239725648726985,0.1281490493276356,0.8418710036255962
age,gender,pull_AUC,-,-2.334922063419481,10.580335756975835,500,-4.9346680255659106,1.0959717558916907e-06,1.863151985015874e-05
age,gender,pull_MAD,-,-5.365654642514419,24.67110476732117,500,-4.863166298228294,1.5507783352204476e-06,2.6363231698747612e-05
age,gender,pull_early,-,-0.09224479105323553,2.413241650743056,500,-0.8547242805203046,0.39311397134300763,0.6667021321938377
age,gender,pull_final,-,-3.752644899145757,31.46891567567018,459,-2.554830160770873,0.010946262443620139,0.0937534775189689
age,gender,pull_release,-,-5.473724742420018,24.536312286308192,500,-4.988370082411962,8.4210318944074e-07,1.022553872892327e-05
age,gender,pull_tcp,-,-4.981259016320109,22.24864062744298,500,-5.006343515786129,7.706088747111845e-07,3.275087717522534e-05
age,gender,q_exploded,-,0.004,0.04458672394226567,500,2.006039268904549,0.04539127795638408,nan
age,gender,q_jerk_in_grasp,-,0.0,0.0,500,nan,nan,nan
age,gender,q_tile_drift,-,0.0007355489134788513,0.004859661173888587,500,3.38446923039028,0.0007693243077783935,0.001192330800110466
age,gender,xpos_reversals,-,0.83,0.6386828881873434,500,29.05880924087679,2.1911918719332688e-109,1.6931937192211623e-108
architect_vs_event_planner,gender,d_approach_retreat,neg,-0.01,0.8615818198657818,100,-0.11606558738156536,0.9078356732525145,0.9726638503907625
architect_vs_event_planner,gender,d_latency,neg,0.055,2.6110632920615915,100,0.21064215550506324,0.8335994636452808,0.9485309149289746
architect_vs_event_planner,gender,d_peak_speed,neg,0.00026594072580337524,0.0029811222107561197,100,0.8920826017928434,0.37451183048821546,0.6366701118299662
architect_vs_event_planner,gender,d_time_to_half,neg,0.03,0.7779148508362052,100,0.38564632064488874,0.7005860492365139,0.9305084664209727
architect_vs_event_planner,gender,pull_AUC,neg,-2.456104360585101,11.78863449743594,100,-2.0834511080306295,0.03978631476297785,0.1185058122603689
architect_vs_event_planner,gender,pull_MAD,neg,-5.3542437587864695,26.62813713395098,100,-2.0107466518789208,0.047071582101849,0.13796843029852293
architect_vs_event_planner,gender,pull_early,neg,-0.3093898110091687,2.848201162461211,100,-1.0862639025883136,0.28000010500025724,0.6667021321938377
architect_vs_event_planner,gender,pull_final,neg,-6.097143688036696,30.101200113795723,92,-1.9428377467150975,0.05512708879870932,0.2342901273945146
architect_vs_event_planner,gender,pull_release,neg,-4.7662953194230795,25.544081457734173,100,-1.8659098497276176,0.06501450775101951,0.17826558576892446
architect_vs_event_planner,gender,pull_tcp,neg,-3.9888849412091076,19.223742414880157,100,-2.0749783549541876,0.04058202189273868,0.1397793684063451
architect_vs_event_planner,gender,q_exploded,neg,0.005,0.049999999999999996,100,1.0,0.3197484741393017,nan
architect_vs_event_planner,gender,q_jerk_in_grasp,neg,0.0,0.0,100,nan,nan,nan
architect_vs_event_planner,gender,q_tile_drift,neg,0.0017184972018003464,0.004083980628678011,100,4.207897534412708,5.6733614266249655e-05,0.00011481802887217193
architect_vs_event_planner,gender,xpos_reversals,neg,0.445,0.49182714381573067,100,9.047894277399315,1.3033588989791412e-14,1.6291986237239263e-14
boss_vs_employee,gender,d_approach_retreat,neg,0.065,0.7339357030160177,100,0.8856361631256059,0.3779597429828684,0.7501089098706909
boss_vs_employee,gender,d_approach_retreat,pos,-0.065,1.4833333333333334,100,-0.4382022471910112,0.6621943571302001,0.8659464670164156
boss_vs_employee,gender,d_latency,neg,0.11,2.8414145004973075,100,0.38713112775607944,0.6994900977922004,0.9485309149289746
boss_vs_employee,gender,d_latency,pos,0.05,3.0571162221871115,100,0.1635528268016882,0.8704166042877649,0.9485309149289746
boss_vs_employee,gender,d_peak_speed,neg,0.00044732015579938887,0.003949964554183341,100,1.1324662529582439,0.26017384917713127,0.5150555271101772
boss_vs_employee,gender,d_peak_speed,pos,0.00010939333587884903,0.0029293333545489762,100,0.3734410619705388,0.7096186797565849,0.9040576319952786
boss_vs_employee,gender,d_time_to_half,neg,-0.04,1.2178802581667556,100,-0.32843951391585074,0.7432730557310134,0.9305084664209727
boss_vs_employee,gender,d_time_to_half,pos,-0.065,0.9915170500833865,100,-0.6555610919099527,0.5136271196385966,0.8560451993976611
boss_vs_employee,gender,pull_AUC,neg,-2.911312183010101,14.156222614875752,100,-2.0565600458633737,0.042359111526771145,0.12001748265918491
boss_vs_employee,gender,pull_AUC,pos,-0.8047607342826673,12.322501377851072,100,-0.6530822838690644,0.5152170601160633,0.5999102754776079
boss_vs_employee,gender,pull_MAD,neg,-6.738956177781802,31.521891148024892,100,-2.1378654428238684,0.034989605960398594,0.12930941333190785
boss_vs_employee,gender,pull_MAD,pos,-2.3284219560213386,28.326559059234782,100,-0.8219925163350353,0.4130564588720075,0.5317313839489027
boss_vs_employee,gender,pull_early,neg,0.0559128299355506,1.5528839756644814,100,0.36005800054460224,0.7195707536745533,0.8157820945591847
boss_vs_employee,gender,pull_early,pos,0.23450906202197072,2.88636912959712,100,0.8124707945955046,0.41847097617406426,0.6667021321938377
boss_vs_employee,gender,pull_final,neg,-1.1140239114562671,28.596508565313002,90,-0.36957514446690537,0.7125769772352133,0.8412367092360157
boss_vs_employee,gender,pull_final,pos,-6.483549031213687,30.344406831631684,93,-2.0605142455321115,0.04217287107062999,0.1886681074212394
boss_vs_employee,gender,pull_release,neg,-5.281161485472694,27.01713804735997,100,-1.9547449756576831,0.05343359979201554,0.1513951994107107
boss_vs_employee,gender,pull_release,pos,-2.2737016645260155,26.471098971196003,100,-0.8589373894148098,0.392450032393478,0.5559708792240937
boss_vs_employee,gender,pull_tcp,neg,-1.6146546872914769,25.25002314193357,100,-0.6394666168087447,0.5239963810827797,0.7309321428679871
boss_vs_employee,gender,pull_tcp,pos,-3.4853618615306914,22.9809842517044,100,-1.51662862798063,0.13254719159264677,0.3045003050101345
boss_vs_employee,gender,q_exploded,neg,0.005,0.049999999999999996,100,1.0,0.3197484741393017,nan
boss_vs_employee,gender,q_exploded,pos,0.005,0.049999999999999996,100,1.0,0.3197484741393017,nan
boss_vs_employee,gender,q_jerk_in_grasp,neg,0.0,0.0,100,nan,nan,nan
boss_vs_employee,gender,q_jerk_in_grasp,pos,0.0,0.0,100,nan,nan,nan
boss_vs_employee,gender,q_tile_drift,neg,0.0019682151079177855,0.0031316665354719298,100,6.284880863348955,8.86102040878936e-09,6.276556122892463e-08
boss_vs_employee,gender,q_tile_drift,pos,0.0007049543783068657,0.0018999084471634329,100,3.7104649929809193,0.00034175615968961654,0.0005928423178289266
boss_vs_employee,gender,xpos_reversals,neg,0.68,0.534279463815095,100,12.727421622092074,1.463157605798947e-22,3.272852539287118e-22
boss_vs_employee,gender,xpos_reversals,pos,0.65,0.4793724854411023,100,13.559393159619749,2.664718571144828e-24,7.07815870460345e-24
ceo_vs_secretary,gender,d_approach_retreat,neg,-0.065,1.1070367216268406,100,-0.5871530612325087,0.5584376075062847,0.7928562580890707
ceo_vs_secretary,gender,d_approach_retreat,pos,-0.145,0.8417604208209163,100,-1.7225803971466198,0.08808694275111041,0.5023200182996226
ceo_vs_secretary,gender,d_latency,neg,-0.15,2.2978909961751954,100,-0.6527724781100266,0.5154159559075628,0.9190220877905403
ceo_vs_secretary,gender,d_latency,pos,0.05,1.6659089186544758,100,0.3001364566820621,0.7647023855982887,0.9485309149289746
ceo_vs_secretary,gender,d_peak_speed,neg,-2.203185111284256e-05,0.0027412246871111727,100,-0.08037229205045839,0.9361034141706733,0.9586601229458703
ceo_vs_secretary,gender,d_peak_speed,pos,0.00028322089463472366,0.0023768939584003705,100,1.1915588141144036,0.2362830091372187,0.48985501894301436
ceo_vs_secretary,gender,d_time_to_half,neg,0.02,1.1740459268631012,100,0.17035108714560607,0.865081688885378,0.9368957328928497
ceo_vs_secretary,gender,d_time_to_half,pos,0.075,0.8020648856595587,100,0.935086441769927,0.35201904104439763,0.8418710036255962
ceo_vs_secretary,gender,pull_AUC,neg,1.2046976579492912,12.635557097337102,100,0.9534187125023372,0.34270007903457367,0.4698307535151413
ceo_vs_secretary,gender,pull_AUC,pos,1.7440212905332446,9.65472980767332,100,1.8063905725742249,0.07389559671577965,0.16976015461733163
ceo_vs_secretary,gender,pull_MAD,neg,2.8680400600307623,26.711935577878585,100,1.0736923393922533,0.2855706783767003,0.44950940114850974
ceo_vs_secretary,gender,pull_MAD,pos,4.125715196505189,24.268646250510024,100,1.7000186800359678,0.09226718282383985,0.2119651497304429
ceo_vs_secretary,gender,pull_early,neg,0.04284863406792261,3.69926903686821,100,0.11583000220010528,0.9080219002982355,0.9493176232567213
ceo_vs_secretary,gender,pull_early,pos,-0.0009593963623047083,0.007400422074345991,100,-1.2964076273845428,0.19784891549286382,0.6667021321938377
ceo_vs_secretary,gender,pull_final,neg,3.080082718621601,31.610423300938585,77,0.8550222788482541,0.3952262164526622,0.6977361291224661
ceo_vs_secretary,gender,pull_final,pos,5.3157081503699395,23.37311421845997,87,2.1213101681989275,0.03677372439005446,0.1736536985085905
ceo_vs_secretary,gender,pull_release,neg,2.537515439616982,24.553315497148525,100,1.0334716058658855,0.3039012609479921,0.46127869965320223
ceo_vs_secretary,gender,pull_release,pos,3.061329019255936,20.506862536030415,100,1.4928314918370387,0.13866141446870803,0.2740981448800042
ceo_vs_secretary,gender,pull_tcp,neg,2.415057420730591,20.223707525109184,100,1.1941714533460908,0.23526432678600923,0.4347275603654518
ceo_vs_secretary,gender,pull_tcp,pos,1.8534371419809759,14.70699120778173,100,1.2602422315995465,0.21054442865685175,0.4222800494644919
ceo_vs_secretary,gender,q_exploded,neg,0.02,0.09847319278346618,100,2.03100960115899,0.0449347252126304,nan
ceo_vs_secretary,gender,q_exploded,pos,0.01,0.07035264706814484,100,1.4214106244380287,0.15833990565972564,nan
ceo_vs_secretary,gender,q_jerk_in_grasp,neg,0.0,0.0,100,nan,nan,nan
ceo_vs_secretary,gender,q_jerk_in_grasp,pos,0.0,0.0,100,nan,nan,nan
ceo_vs_secretary,gender,q_tile_drift,neg,0.0038081619143486025,0.00989683594354704,100,3.847857978116339,0.00021111552109442992,0.000373850401938053
ceo_vs_secretary,gender,q_tile_drift,pos,0.0002447909116744995,0.0006247412401757022,100,3.918276814984305,0.00016421930726869772,0.00030344871995302835
ceo_vs_secretary,gender,xpos_reversals,neg,0.57,0.5223296687230037,100,10.912648354697925,1.1292264172453836e-18,1.9196849093171524e-18
ceo_vs_secretary,gender,xpos_reversals,pos,0.82,0.6686334624222057,100,12.263819358209364,1.4044992749921668e-21,2.9845609593583543e-21
chef_vs_baker,gender,d_approach_retreat,pos,-0.125,1.0084867151060815,100,-1.239480878901329,0.21809769757446965,0.6704607181679909
chef_vs_baker,gender,d_latency,pos,-0.205,2.8356452243508596,100,-0.7229395209230693,0.4714215432115765,0.8766530689019743
chef_vs_baker,gender,d_peak_speed,pos,6.3944011926651e-05,0.0038405925331438814,100,0.16649517327032579,0.8681068564523773,0.934309911717998
chef_vs_baker,gender,d_time_to_half,pos,-0.05,1.3917142978602635,100,-0.3592691407774866,0.7201589038798172,0.9305084664209727
chef_vs_baker,gender,pull_AUC,pos,-0.5275979388235131,16.647434304645515,100,-0.3169244756690738,0.751968265201799,0.8090797790145939
chef_vs_baker,gender,pull_MAD,pos,-1.4840347532182931,37.65610825604793,100,-0.3941019988383805,0.6943533509437783,0.7664939588340409
chef_vs_baker,gender,pull_early,pos,-0.0953731313347816,0.8607370951780616,100,-1.1080402119191999,0.270529184945023,0.6667021321938377
chef_vs_baker,gender,pull_final,pos,-2.933835654574282,38.776048739183146,85,-0.6975601982985433,0.48737859602726263,0.7397710832556665
chef_vs_baker,gender,pull_release,pos,-2.614566683769226,35.6842142549325,100,-0.7326956017835881,0.46547535104628746,0.5905284304318572
chef_vs_baker,gender,pull_tcp,pos,-3.153755890671164,25.471710861709674,100,-1.2381405818374156,0.21859202560514873,0.4222800494644919
chef_vs_baker,gender,q_exploded,pos,0.01,0.07035264706814483,100,1.421410624438029,0.15833990565972564,nan
chef_vs_baker,gender,q_jerk_in_grasp,pos,0.0,0.0,100,nan,nan,nan
chef_vs_baker,gender,q_tile_drift,pos,0.0035485658794641496,0.005673247559230275,100,6.2549110406625825,1.0169258028491721e-08,6.649130249398433e-08
chef_vs_baker,gender,xpos_reversals,pos,0.755,0.5435340770635204,100,13.890573413150811,5.521998929658873e-25,1.5140964807129166e-24
chemical_engineer_vs_pharmacist,gender,d_approach_retreat,neg,0.005,0.9860004917326206,100,0.05070991385829734,0.9596588501731131,0.9827831598158389
chemical_engineer_vs_pharmacist,gender,d_approach_retreat,pos,-0.005,0.5435340770635204,100,-0.09199055240497225,0.9268914339017855,0.9726638503907625
chemical_engineer_vs_pharmacist,gender,d_latency,neg,0.15,1.659834481221096,100,0.9037045663110275,0.3683458324341894,0.7924315266368609
chemical_engineer_vs_pharmacist,gender,d_latency,pos,0.1,1.5859229221975182,100,0.6305476678616637,0.5297892035498408,0.9190220877905403
chemical_engineer_vs_pharmacist,gender,d_peak_speed,neg,0.00011204861104488373,0.0020168023925142423,100,0.5555755559432799,0.579754386953393,0.8496400498454897
chemical_engineer_vs_pharmacist,gender,d_peak_speed,pos,3.477688878774643e-05,0.002118958975958798,100,0.16412252045611406,0.8699693053799168,0.934309911717998
chemical_engineer_vs_pharmacist,gender,d_time_to_half,neg,-0.11,0.8396127053287694,100,-1.3101278637384004,0.19318430270861917,0.8418710036255962
chemical_engineer_vs_pharmacist,gender,d_time_to_half,pos,-0.035,0.4885300565590783,100,-0.7164349363991984,0.47540950792974845,0.8418710036255962
chemical_engineer_vs_pharmacist,gender,pull_AUC,neg,-1.0762789355963471,10.863471914856213,100,-0.9907320090960005,0.32423176247475594,0.4593283301725709
chemical_engineer_vs_pharmacist,gender,pull_AUC,pos,1.9148901932972953,9.731430095234817,100,1.9677377061311452,0.05189600144253093,0.1302006912908674
chemical_engineer_vs_pharmacist,gender,pull_MAD,neg,-1.6451575051993133,24.101005279124813,100,-0.6826094953907477,0.49644780606274996,0.5860842154907465
chemical_engineer_vs_pharmacist,gender,pull_MAD,pos,4.024032060615719,22.51680758703171,100,1.7871237052864068,0.07697782055614384,0.18694613563634932
chemical_engineer_vs_pharmacist,gender,pull_early,neg,-0.38926662877202034,3.891168708861914,100,-1.0003848660827475,0.3195631938731644,0.6667021321938377
chemical_engineer_vs_pharmacist,gender,pull_early,pos,0.0004498548805713376,0.003436530770471854,100,1.3090378367529358,0.19355186500612132,0.6667021321938377
chemical_engineer_vs_pharmacist,gender,pull_final,neg,-1.7820953907647046,28.050010033456232,83,-0.5788112613826591,0.5643030683914271,0.7574408684642403
chemical_engineer_vs_pharmacist,gender,pull_final,pos,4.625914663926738,28.79901196055893,92,1.5406853123848525,0.12686369123384328,0.3718418536164372
chemical_engineer_vs_pharmacist,gender,pull_release,neg,-1.8989783991128206,22.88507784416296,100,-0.8297889183703046,0.40865457023776364,0.5694366962329492
chemical_engineer_vs_pharmacist,gender,pull_release,pos,3.5660078516229987,21.90526691929163,100,1.6279225744026296,0.10671980339013996,0.24401938063176756
chemical_engineer_vs_pharmacist,gender,pull_tcp,neg,-0.7711950456723571,19.722967769769596,100,-0.3910136926017834,0.6966273438737095,0.822109541429079
chemical_engineer_vs_pharmacist,gender,pull_tcp,pos,2.0078160328557715,14.00713332422637,100,1.4334239464852565,0.1548873948535698,0.32913571406383585
chemical_engineer_vs_pharmacist,gender,q_exploded,neg,0.015,0.08572330399888264,100,1.7498158960596661,0.083248625244961,nan
chemical_engineer_vs_pharmacist,gender,q_exploded,pos,0.005,0.049999999999999996,100,1.0,0.3197484741393017,nan
chemical_engineer_vs_pharmacist,gender,q_jerk_in_grasp,neg,0.0,0.0,100,nan,nan,nan
chemical_engineer_vs_pharmacist,gender,q_jerk_in_grasp,pos,0.0,0.0,100,nan,nan,nan
chemical_engineer_vs_pharmacist,gender,q_tile_drift,neg,0.0018349562585353852,0.0038315268510687095,100,4.789099306516851,5.880436833344574e-06,1.6123778414009314e-05
chemical_engineer_vs_pharmacist,gender,q_tile_drift,pos,0.0004136980324983597,0.0009571448926960138,100,4.322209057952408,3.682564631129626e-05,8.026102401179953e-05
chemical_engineer_vs_pharmacist,gender,xpos_reversals,neg,0.465,0.5282666528995149,100,8.802372768520195,4.453917066753513e-14,5.4867094300586755e-14
chemical_engineer_vs_pharmacist,gender,xpos_reversals,pos,0.355,0.45668436152402464,100,7.773421424270176,7.3141088292357e-12,7.67529938870413e-12
citizenship_and_residency,gender,d_approach_retreat,-,-0.0075,1.004359217205642,200,-0.10560565917150853,0.9160016077511012,0.9726638503907625
citizenship_and_residency,gender,d_latency,-,0.3025,2.538100375790512,200,1.6855109699300979,0.09345739909941488,0.5782384516351915
citizenship_and_residency,gender,d_peak_speed,-,0.00025289401412010193,0.003718189502738791,200,0.9618825085385823,0.3372759421372583,0.6232272843840643
citizenship_and_residency,gender,d_time_to_half,-,0.0225,1.4821360892086373,200,0.2146888223360401,0.8302297813553412,0.9305084664209727
citizenship_and_residency,gender,pull_AUC,-,-1.774578386864858,9.85758957173743,200,-2.5458889355606646,0.011657223554924599,0.05215073695624163
citizenship_and_residency,gender,pull_MAD,-,-4.2477874456672,21.916358411827797,200,-2.7410021787646617,0.006682854311888998,0.03155792313947583
citizenship_and_residency,gender,pull_early,-,0.12540327012538913,2.355932971469235,200,0.7527676191341846,0.45247912857049655,0.6670544219539118
citizenship_and_residency,gender,pull_final,-,-4.803919525713557,26.559463896106706,180,-2.4266808983690424,0.016229193393527838,0.10611395680383585
citizenship_and_residency,gender,pull_release,-,-4.632666236429941,22.09732319901037,200,-2.9648746875370673,0.003398088049395356,0.015201972852558173
citizenship_and_residency,gender,pull_tcp,-,-4.6756443864433095,21.014814794154663,200,-3.1465229500766316,0.0019058769532655775,0.02024994262844676
citizenship_and_residency,gender,q_exploded,-,0.01,0.07017565899639196,200,2.015247997095127,0.0452239849826069,nan
citizenship_and_residency,gender,q_jerk_in_grasp,-,0.0,0.0,200,nan,nan,nan
citizenship_and_residency,gender,q_tile_drift,-,0.0011262311413884163,0.0031456195637683112,200,5.063331156964221,9.360388437414879e-07,3.1825320687210587e-06
citizenship_and_residency,gender,xpos_reversals,-,0.715,0.5877946176708443,200,17.202653217607345,3.09647321931442e-41,1.3852643349564512e-40
construction_worker_vs_crossing_guard,gender,d_approach_retreat,pos,0.02,0.5408560367835904,100,0.36978416879541065,0.7123331588163604,0.8904164485204504
construction_worker_vs_crossing_guard,gender,d_latency,pos,-0.05,1.6659089186544758,100,-0.3001364566820621,0.7647023855982887,0.9485309149289746
construction_worker_vs_crossing_guard,gender,d_peak_speed,pos,0.00013428241014480592,0.002111108223186716,100,0.6360754444985617,0.5261950440863892,0.784676820128826
construction_worker_vs_crossing_guard,gender,d_time_to_half,pos,0.02,0.7974707492814993,100,0.25079289764570656,0.8024940037228636,0.9305084664209727
construction_worker_vs_crossing_guard,gender,pull_AUC,pos,-0.3908750919059385,9.187003593770864,100,-0.4254652650522164,0.6714209906134494,0.7411790156122494
construction_worker_vs_crossing_guard,gender,pull_MAD,pos,-0.2679815238341689,21.543385933760216,100,-0.1243915532396513,0.9012574828944249,0.9575860755753265
construction_worker_vs_crossing_guard,gender,pull_early,pos,0.0007523596286773335,0.00659875965064815,100,1.1401531022628388,0.25697340328638657,0.6667021321938377
construction_worker_vs_crossing_guard,gender,pull_final,pos,0.30933555143956953,27.200478560352458,91,0.10848607249883248,0.9138516297662018,0.9373571008748283
construction_worker_vs_crossing_guard,gender,pull_release,pos,-0.4480971209704876,21.423834772390936,100,-0.20915822294706726,0.8347545007127196,0.8652942995192826
construction_worker_vs_crossing_guard,gender,pull_tcp,pos,-0.6622776738367975,19.917798244042693,100,-0.3325054635669288,0.7402106434107427,0.8278671669725411
construction_worker_vs_crossing_guard,gender,q_exploded,pos,0.005,0.049999999999999996,100,1.0,0.3197484741393017,nan
construction_worker_vs_crossing_guard,gender,q_jerk_in_grasp,pos,0.0,0.0,100,nan,nan,nan
construction_worker_vs_crossing_guard,gender,q_tile_drift,pos,0.0012287934869527816,0.00268436405576886,100,4.577596262742494,1.3681980884114057e-05,3.322766786141985e-05
construction_worker_vs_crossing_guard,gender,xpos_reversals,pos,0.42,0.5011098792790971,100,8.381395325995513,3.632107256713715e-13,4.3482974200093773e-13
crime_athlete_vs_thug,gender,d_approach_retreat,neg,0.04,0.955261876411517,100,0.41873334409891605,0.676318072732411,0.8710156997311354
crime_athlete_vs_thug,gender,d_approach_retreat,pos,-0.06,0.528386145912172,100,-1.1355331789863612,0.2588935818684924,0.7335318152940616
crime_athlete_vs_thug,gender,d_latency,neg,-0.095,1.001753513100953,100,-0.9483370785087155,0.34526707931755685,0.7924315266368609
crime_athlete_vs_thug,gender,d_latency,pos,0.19,1.5791891539136103,100,1.2031490941356477,0.23178796022887235,0.7450921766894866
crime_athlete_vs_thug,gender,d_peak_speed,neg,0.0001974041759967804,0.002159546331934389,100,0.9141002120568438,0.3628851329446897,0.6366701118299662
crime_athlete_vs_thug,gender,d_peak_speed,pos,-0.00029638439416885377,0.0023357681317641935,100,-1.2688947594511282,0.20745388448944346,0.4521430815795563
crime_athlete_vs_thug,gender,d_time_to_half,neg,-0.065,0.8092114880074505,100,-0.8032510779110632,0.42375396750233274,0.8418710036255962
crime_athlete_vs_thug,gender,d_time_to_half,pos,-0.005,0.34447295418017393,100,-0.14514927628787916,0.8848881179859577,0.9368957328928497
crime_athlete_vs_thug,gender,pull_AUC,neg,0.7873031551616729,9.429119482853496,100,0.8349699636252933,0.40574506890691187,0.49983088198677555
crime_athlete_vs_thug,gender,pull_AUC,pos,-0.9266577419408135,10.739735857569682,100,-0.8628310362844518,0.3903157729329295,0.495176726855209
crime_athlete_vs_thug,gender,pull_MAD,neg,2.210195611603558,22.489835531033947,100,0.9827531235404932,0.32812459350093115,0.4727218719928669
crime_athlete_vs_thug,gender,pull_MAD,pos,-1.934856917336583,24.173072359122298,100,-0.8004182871716833,0.42538510715912226,0.5317313839489027
crime_athlete_vs_thug,gender,pull_early,neg,-0.15523660182952873,2.9875414352242857,100,-0.5196132177422823,0.6044930333153187,0.7785137550273044
crime_athlete_vs_thug,gender,pull_early,pos,-0.0010081790387629977,0.012718434286322619,100,-0.7926911568408946,0.4298533195046189,0.6667021321938377
crime_athlete_vs_thug,gender,pull_final,neg,-2.689280455219157,32.15069588585398,81,-0.7528149369737827,0.4537707277329166,0.7142687380981094
crime_athlete_vs_thug,gender,pull_final,pos,3.727966474576129,35.31187789343692,90,1.0015495468112596,0.3192765098065798,0.6311279845013786
crime_athlete_vs_thug,gender,pull_release,neg,1.1249216459691525,19.702560839783537,100,0.5709519971118188,0.5693259738915513,0.672120941399748
crime_athlete_vs_thug,gender,pull_release,pos,-1.8337059626355767,22.768510425501063,100,-0.8053693141830655,0.42253670396219634,0.5700892037585189
crime_athlete_vs_thug,gender,pull_tcp,neg,-0.7956039148848504,15.07323953960212,100,-0.5278254304886151,0.5988015601185003,0.7645198403121476
crime_athlete_vs_thug,gender,pull_tcp,pos,-1.4541195845231414,23.664472326626893,100,-0.6144736989917957,0.5403119910797152,0.7309321428679871
crime_athlete_vs_thug,gender,q_exploded,neg,0.035,0.1282161999881214,100,2.7297642578116172,0.0075025675386096264,nan
crime_athlete_vs_thug,gender,q_exploded,pos,0.005,0.049999999999999996,100,1.0,0.3197484741393017,nan
crime_athlete_vs_thug,gender,q_jerk_in_grasp,neg,0.0,0.0,100,nan,nan,nan
crime_athlete_vs_thug,gender,q_jerk_in_grasp,pos,0.0,0.0,100,nan,nan,nan
crime_athlete_vs_thug,gender,q_tile_drift,neg,0.003296190723776817,0.006080718503190123,100,5.420725728460442,4.191520011197678e-07,1.5490400041382724e-06
crime_athlete_vs_thug,gender,q_tile_drift,pos,0.0017157964408397674,0.005038180302948302,100,3.405587608358711,0.0009550628427853181,0.0014496489577991436
crime_athlete_vs_thug,gender,xpos_reversals,neg,0.46,0.5535924913369459,100,8.309361257575649,5.194215225324306e-13,6.048058824007753e-13
crime_athlete_vs_thug,gender,xpos_reversals,pos,0.445,0.5313172120287275,100,8.375410958377525,3.74173544604501e-13,4.417326568247581e-13
crime_customer_vs_shoplifter,gender,d_approach_retreat,neg,-0.05,0.5573204290227128,100,-0.8971499589146107,0.37181543330809497,0.7501089098706909
crime_customer_vs_shoplifter,gender,d_latency,neg,0.005,2.357552874392334,100,0.021208432075097206,0.9831220749395091,0.9864219621680768
crime_customer_vs_shoplifter,gender,d_peak_speed,neg,-9.943265467882156e-05,0.0029532251153801684,100,-0.3366917549257724,0.7370619536788985,0.9040576319952786
crime_customer_vs_shoplifter,gender,d_time_to_half,neg,-0.005,1.0187509682712135,100,-0.049079707953405265,0.9609546554685019,0.9841101893352128
crime_customer_vs_shoplifter,gender,pull_AUC,neg,-1.4996792973233966,10.824658801650267,100,-1.3854287001589034,0.16903492354490676,0.29571863491633776
crime_customer_vs_shoplifter,gender,pull_MAD,neg,-3.997045911382884,25.983384179705872,100,-1.5383084373223201,0.12716337127310962,0.26363137946864185
crime_customer_vs_shoplifter,gender,pull_early,neg,-0.00019879639148710077,0.002078734769963851,100,-0.9563336042652417,0.34123321834137166,0.6667021321938377
crime_customer_vs_shoplifter,gender,pull_final,neg,-1.0612745748155497,32.91110228976222,88,-0.30250089756265824,0.7629922956445182,0.864724601730454
crime_customer_vs_shoplifter,gender,pull_release,neg,-3.2591686653904617,25.408564064790735,100,-1.2827047829541738,0.2025905966238981,0.3444040142606268
crime_customer_vs_shoplifter,gender,pull_tcp,neg,-3.7863991275662556,20.103437684756678,100,-1.8834585342770864,0.06257327667038208,0.18241354213867345
crime_customer_vs_shoplifter,gender,q_exploded,neg,0.01,0.07035264706814483,100,1.421410624438029,0.15833990565972564,nan
crime_customer_vs_shoplifter,gender,q_jerk_in_grasp,neg,0.0,0.0,100,nan,nan,nan
crime_customer_vs_shoplifter,gender,q_tile_drift,neg,0.0017301752418279648,0.007213077187215815,100,2.3986645323780285,0.01832753580712331,0.022577399182688137
crime_customer_vs_shoplifter,gender,xpos_reversals,neg,0.595,0.5627089959663113,100,10.573849081233133,6.147684369043182e-18,9.167599497695973e-18
crime_entrepreneur_vs_bank_robber,gender,d_approach_retreat,neg,0.06,1.0499639243441856,100,0.5714482051131079,0.5689909616874507,0.7928562580890707
crime_entrepreneur_vs_bank_robber,gender,d_approach_retreat,pos,0.02,0.6996391566335817,100,0.285861644683139,0.7755813733553327,0.9189508202652602
crime_entrepreneur_vs_bank_robber,gender,d_latency,neg,-0.055,2.190308082199738,100,-0.25110622768995683,0.802252437238028,0.9485309149289746
crime_entrepreneur_vs_bank_robber,gender,d_latency,pos,-0.05,1.122542208605543,100,-0.44541754970720937,0.6569905055563485,0.9485309149289746
crime_entrepreneur_vs_bank_robber,gender,d_peak_speed,neg,-0.0005240991711616516,0.002901779513152343,100,-1.8061302341758465,0.07393655151297993,0.22445024566440333
crime_entrepreneur_vs_bank_robber,gender,d_peak_speed,pos,-9.368576109409333e-05,0.0014018291878381123,100,-0.6683108178006667,0.5054904155525703,0.7734960307522794
crime_entrepreneur_vs_bank_robber,gender,d_time_to_half,neg,-0.35,3.469564639530266,100,-1.0087720978369938,0.3155431673580739,0.8418710036255962
crime_entrepreneur_vs_bank_robber,gender,d_time_to_half,pos,0.015,0.3441795984069886,100,0.43581897559955496,0.6639168914492973,0.9305084664209727
crime_entrepreneur_vs_bank_robber,gender,pull_AUC,neg,1.403171224200254,10.500674554436777,100,1.3362677006377477,0.1845250780199312,0.31369263263388303
crime_entrepreneur_vs_bank_robber,gender,pull_AUC,pos,-0.5179789570738794,7.2418644963832035,100,-0.7152563505331714,0.4761341051505319,0.5700197033492284
crime_entrepreneur_vs_bank_robber,gender,pull_MAD,neg,3.6636212098877876,24.815166965566586,100,1.476363715372704,0.14302008104249742,0.2699000770768757
crime_entrepreneur_vs_bank_robber,gender,pull_MAD,pos,-1.187661089748144,16.390336126151393,100,-0.7246105757728706,0.47040005039175437,0.5631549899056214
crime_entrepreneur_vs_bank_robber,gender,pull_early,neg,0.10914517566561699,2.060662512245379,100,0.5296606068049838,0.597533071238418,0.7785137550273044
crime_entrepreneur_vs_bank_robber,gender,pull_early,pos,0.11067980527877806,1.1057759600650918,100,1.0009243217067483,0.31930361194483736,0.6667021321938377
crime_entrepreneur_vs_bank_robber,gender,pull_final,neg,2.1918504126369953,28.583783162051585,75,0.6640821922967597,0.5087016251991832,0.7574408684642403
crime_entrepreneur_vs_bank_robber,gender,pull_final,pos,3.6405894726990384,27.673715789757566,94,1.2754638654240276,0.20532192791410822,0.4876963003686891
crime_entrepreneur_vs_bank_robber,gender,pull_release,neg,3.071457187033957,23.67322440067082,100,1.2974393074003565,0.19749528135946331,0.34410575431606516
crime_entrepreneur_vs_bank_robber,gender,pull_release,pos,-1.1692957347258925,15.838488840878474,100,-0.7382621830107865,0.4621016477848888,0.5905284304318572
crime_entrepreneur_vs_bank_robber,gender,pull_tcp,neg,1.042561006033793,24.153003811289267,100,0.431648590866571,0.666935417586917,0.7984438097871541
crime_entrepreneur_vs_bank_robber,gender,pull_tcp,pos,-1.1789739120285958,15.811049767344391,100,-0.7456645380141733,0.45763688695617455,0.6946274177013364
crime_entrepreneur_vs_bank_robber,gender,q_exploded,neg,0.035,0.1282161999881214,100,2.7297642578116172,0.0075025675386096264,nan
crime_entrepreneur_vs_bank_robber,gender,q_exploded,pos,0.0,0.0,100,nan,nan,nan
crime_entrepreneur_vs_bank_robber,gender,q_jerk_in_grasp,neg,0.0,0.0,100,nan,nan,nan
crime_entrepreneur_vs_bank_robber,gender,q_jerk_in_grasp,pos,0.0,0.0,100,nan,nan,nan
crime_entrepreneur_vs_bank_robber,gender,q_tile_drift,neg,0.0047892569750547405,0.006755421306693022,100,7.089501539022773,2.0177962507656297e-10,2.1439085164384816e-09
crime_entrepreneur_vs_bank_robber,gender,q_tile_drift,pos,0.0013973775506019592,0.0031818903602045564,100,4.391658393006744,2.8226360209986676e-05,6.313791099602283e-05
crime_entrepreneur_vs_bank_robber,gender,xpos_reversals,neg,0.505,0.5388680616614682,100,9.37149621454565,2.5711631278818067e-15,3.46902961698339e-15
crime_entrepreneur_vs_bank_robber,gender,xpos_reversals,pos,0.325,0.473409084847515,100,6.865098503647907,5.882194831253488e-10,5.882194831253488e-10
crime_homeowner_vs_burglar,gender,d_approach_retreat,neg,0.02,0.768443264337095,100,0.26026644943336436,0.795198799336301,0.9259164101861038
crime_homeowner_vs_burglar,gender,d_approach_retreat,pos,-0.23,2.3021948245318007,100,-0.9990466382304342,0.3202077438572463,0.7501089098706909
crime_homeowner_vs_burglar,gender,d_latency,neg,0.35,2.1631673373303624,100,1.6179978033134816,0.1088448850136831,0.5782384516351915
crime_homeowner_vs_burglar,gender,d_latency,pos,-0.305,3.0853965251117588,100,-0.9885277225070846,0.32530415052874195,0.7924315266368609
crime_homeowner_vs_burglar,gender,d_peak_speed,neg,-4.8905201256275175e-05,0.0028194426951060015,100,-0.17345697907308064,0.8626464095788827,0.934309911717998
crime_homeowner_vs_burglar,gender,d_peak_speed,pos,0.0005590731650590897,0.0030866435675497364,100,1.811265709253555,0.07313214198176912,0.22445024566440333
crime_homeowner_vs_burglar,gender,d_time_to_half,neg,0.035,0.6326750965367436,100,0.5532065382625239,0.581369124018396,0.9305084664209727
crime_homeowner_vs_burglar,gender,d_time_to_half,pos,0.0,1.1392891634610582,100,0.0,1.0,1.0
crime_homeowner_vs_burglar,gender,pull_AUC,neg,-1.6545574093046016,10.677960847695436,100,-1.5495069076430408,0.12445087832589148,0.24425803486097716
crime_homeowner_vs_burglar,gender,pull_AUC,pos,-2.495045371610439,16.05637224738427,100,-1.5539284548020516,0.12339259032886724,0.24425803486097716
crime_homeowner_vs_burglar,gender,pull_MAD,neg,-4.772261421615258,24.611117790768112,100,-1.9390673199757642,0.055340197966312295,0.14699740084801705
crime_homeowner_vs_burglar,gender,pull_MAD,pos,-3.325426134420559,35.042361563573834,100,-0.9489731816126525,0.344945070453732,0.4856063813236672
crime_homeowner_vs_burglar,gender,pull_early,neg,0.33469685912132263,2.488233850680064,100,1.3451181810336916,0.18166029188516739,0.6667021321938377
crime_homeowner_vs_burglar,gender,pull_early,pos,-0.5378071200102568,5.818099910653054,100,-0.9243690006517787,0.3575418561091136,0.6667021321938377
crime_homeowner_vs_burglar,gender,pull_final,neg,-0.4253605897163694,28.003810895202516,87,-0.14167712635174465,0.8876664062637192,0.9315017843508163
crime_homeowner_vs_burglar,gender,pull_final,pos,-2.016623064518235,30.387425941352653,86,-0.6154319548372732,0.539913826553869,0.7574408684642403
crime_homeowner_vs_burglar,gender,pull_release,neg,-3.8475678861141205,23.796567084262627,100,-1.6168583781391859,0.10909101722361372,0.24401938063176756
crime_homeowner_vs_burglar,gender,pull_release,pos,-2.103452904848382,30.613978981594695,100,-0.6870890275690691,0.49363302937725306,0.6170412867215663
crime_homeowner_vs_burglar,gender,pull_tcp,neg,-1.6215173655655235,15.562693667157799,100,-1.041925903217794,0.2999837863837956,0.5203800376045434
crime_homeowner_vs_burglar,gender,pull_tcp,pos,-0.9698744467459619,28.786733324308486,100,-0.3369171610475744,0.7368925425530277,0.8278671669725411
crime_homeowner_vs_burglar,gender,q_exploded,neg,0.02,0.09847319278346618,100,2.0310096011589898,0.04493472521263044,nan
crime_homeowner_vs_burglar,gender,q_exploded,pos,0.005,0.049999999999999996,100,1.0,0.3197484741393017,nan
crime_homeowner_vs_burglar,gender,q_jerk_in_grasp,neg,0.0,0.0,100,nan,nan,nan
crime_homeowner_vs_burglar,gender,q_jerk_in_grasp,pos,0.0,0.0,100,nan,nan,nan
crime_homeowner_vs_burglar,gender,q_tile_drift,neg,0.002213001102209091,0.004869914139570179,100,4.54423022415835,1.5600641045324936e-05,3.6834846912572766e-05
crime_homeowner_vs_burglar,gender,q_tile_drift,pos,0.004256990700960159,0.00919991276456144,100,4.627207681097061,1.1245160211952068e-05,2.8964806606543204e-05
crime_homeowner_vs_burglar,gender,xpos_reversals,neg,0.57,0.564165603597763,100,10.103416379251591,6.508059517966999e-17,9.376017949613474e-17
crime_homeowner_vs_burglar,gender,xpos_reversals,pos,0.695,0.49693505052918585,100,13.985731118380457,3.5211074399850104e-25,1.0320487324093996e-24
crime_innocent_vs_guilty,gender,d_approach_retreat,neg,-0.11,1.179753441113092,100,-0.9323982127673686,0.35339913686769764,0.7501089098706909
crime_innocent_vs_guilty,gender,d_approach_retreat,pos,0.38,1.6098183597894364,100,2.360514760495736,0.020209730500275417,0.5023200182996226
crime_innocent_vs_guilty,gender,d_latency,neg,0.05,1.5067189585991212,100,0.33184688965809345,0.7407063892742556,0.9485309149289746
crime_innocent_vs_guilty,gender,d_latency,pos,0.545,3.2497824325000377,100,1.6770353441191288,0.09669044202696563,0.5782384516351915
crime_innocent_vs_guilty,gender,d_peak_speed,neg,-0.0002082136645913124,0.0019239299327592392,100,-1.0822310160365298,0.2817788888122807,0.5322490122009746
crime_innocent_vs_guilty,gender,d_peak_speed,pos,0.0007912616059184075,0.004599886781566695,100,1.7201762640968923,0.0885248690506038,0.25946944376901115
crime_innocent_vs_guilty,gender,d_time_to_half,neg,0.025,0.9727992515613815,100,0.25699032929840365,0.7977195887650852,0.9305084664209727
crime_innocent_vs_guilty,gender,d_time_to_half,pos,0.28,3.855548278163889,100,0.7262261546192937,0.4694136501448444,0.8418710036255962
crime_innocent_vs_guilty,gender,pull_AUC,neg,-1.0707568701114507,11.569474531850421,100,-0.9255017305787646,0.35695554413152164,0.47408158204967715
crime_innocent_vs_guilty,gender,pull_AUC,pos,-3.118345571639191,13.400255159068957,100,-2.3270792493296457,0.021998093755663608,0.08465744177698312
crime_innocent_vs_guilty,gender,pull_MAD,neg,-1.8800287534017115,25.335390362369964,100,-0.7420563593107578,0.4598100976044117,0.5583408328053571
crime_innocent_vs_guilty,gender,pull_MAD,pos,-5.88681261879392,28.528217811528847,100,-2.06350521356961,0.04168130883279584,0.1351111461619676
crime_innocent_vs_guilty,gender,pull_early,neg,-0.5928914733231069,3.4868099218385344,100,-1.7003836934434486,0.09219828777266303,0.6667021321938377
crime_innocent_vs_guilty,gender,pull_early,pos,-0.02241959050297737,3.8921604126573466,100,-0.05760191802493193,0.9541818247596054,0.9719173530800744
crime_innocent_vs_guilty,gender,pull_final,neg,-4.401736285830482,30.427323914843015,89,-1.3647567950777484,0.17580899011209042,0.44740094322948526
crime_innocent_vs_guilty,gender,pull_final,pos,-3.8807906268630177,33.42192796462158,90,-1.101564594009385,0.2736211812238718,0.5672634244885147
crime_innocent_vs_guilty,gender,pull_release,neg,-1.0136376833543181,24.618671880166115,100,-0.4117353236146541,0.68142350042226,0.7425768914857961
crime_innocent_vs_guilty,gender,pull_release,pos,-6.225236881291494,27.195438906561787,100,-2.2890738784103433,0.024199358577883974,0.08943241213565815
crime_innocent_vs_guilty,gender,pull_tcp,neg,-3.35361335251946,18.836867242256904,100,-1.780345590054524,0.0780871375377526,0.21410989324867646
crime_innocent_vs_guilty,gender,pull_tcp,pos,-0.1887396688107401,21.888111708482626,100,-0.08622930626655886,0.9314582926925726,0.9516684192695946
crime_innocent_vs_guilty,gender,q_exploded,neg,0.015,0.08572330399888264,100,1.7498158960596661,0.083248625244961,nan
crime_innocent_vs_guilty,gender,q_exploded,pos,0.01,0.07035264706814483,100,1.421410624438029,0.15833990565972564,nan
crime_innocent_vs_guilty,gender,q_jerk_in_grasp,neg,0.0,0.0,100,nan,nan,nan
crime_innocent_vs_guilty,gender,q_jerk_in_grasp,pos,0.0,0.0,100,nan,nan,nan
crime_innocent_vs_guilty,gender,q_tile_drift,neg,0.002922704294323921,0.005672087244661767,100,5.152784448219829,1.3119394362088984e-06,4.130179706583569e-06
crime_innocent_vs_guilty,gender,q_tile_drift,pos,0.0025959516316652297,0.0051120504748714875,100,5.07810250392821,1.7937005160195197e-06,5.445162280773542e-06
crime_innocent_vs_guilty,gender,xpos_reversals,neg,0.37,0.4693644962106,100,7.882999310497146,4.270569898844487e-12,4.653826171817711e-12
crime_innocent_vs_guilty,gender,xpos_reversals,pos,0.685,0.4122799382394776,100,16.614924386694504,2.1589729138601285e-30,9.175634883905546e-30
crime_jogger_vs_criminal,gender,d_approach_retreat,neg,-0.14,1.693839103660944,100,-0.8265247844226403,0.4104940565499505,0.7501089098706909
crime_jogger_vs_criminal,gender,d_latency,neg,0.005,1.5898907274566154,100,0.03144870218847439,0.9749750165477472,0.9864219621680768
crime_jogger_vs_criminal,gender,d_peak_speed,neg,-6.634153425693511e-05,0.0022872220670758668,100,-0.29005287773281424,0.7723824420464303,0.9040576319952786
crime_jogger_vs_criminal,gender,d_time_to_half,neg,0.07,0.7977873441366731,100,0.8774268044543954,0.3823791980092933,0.8418710036255962
crime_jogger_vs_criminal,gender,pull_AUC,neg,0.0018601993555201269,10.332533532677376,100,0.0018003322705289204,0.9985671662386053,0.9985671662386053
crime_jogger_vs_criminal,gender,pull_MAD,neg,0.08145870845764876,25.24019045282939,100,0.03227341275807107,0.97431898871143,0.985918024291328
crime_jogger_vs_criminal,gender,pull_early,neg,-0.29426211863756174,3.2454543344662254,100,-0.9066900603485414,0.3667723010359618,0.6667021321938377
crime_jogger_vs_criminal,gender,pull_final,neg,-1.7372619268702871,48.96268771096092,81,-0.31933208883736197,0.7503070699842653,0.8618392020089534
crime_jogger_vs_criminal,gender,pull_release,neg,-0.31057524494826794,23.93803205949843,100,-0.12974134389006053,0.8970343136090656,0.9186495982743442
crime_jogger_vs_criminal,gender,pull_tcp,neg,1.4164978692133445,30.154703088406713,100,0.46974359689780254,0.6395712573291612,0.776622241042553
crime_jogger_vs_criminal,gender,q_exploded,neg,0.005,0.049999999999999996,100,1.0,0.3197484741393017,nan
crime_jogger_vs_criminal,gender,q_jerk_in_grasp,neg,0.0,0.0,100,nan,nan,nan
crime_jogger_vs_criminal,gender,q_tile_drift,neg,0.013599339798092842,0.016377138722690976,100,8.303855776253872,5.33808866197825e-13,1.1343438406703781e-11
crime_jogger_vs_criminal,gender,xpos_reversals,neg,0.45,0.5435573065046091,100,8.278795899070197,6.044794828735552e-13,6.943345411385431e-13
crime_peaceful_vs_violent,gender,d_approach_retreat,neg,0.055,1.2183259751881605,100,0.45143911498321043,0.6526604823932942,0.8659464670164156
crime_peaceful_vs_violent,gender,d_approach_retreat,pos,0.135,0.7909047370134428,100,1.706905948114273,0.09097429047592408,0.5023200182996226
crime_peaceful_vs_violent,gender,d_latency,neg,0.005,2.930590142933431,100,0.017061410010050584,0.9864219621680769,0.9864219621680768
crime_peaceful_vs_violent,gender,d_latency,pos,0.73,2.859875677173553,100,2.552558510940123,0.01222118077518201,0.4164696985267349
crime_peaceful_vs_violent,gender,d_peak_speed,neg,3.0774623155593873e-06,0.0034242133367828683,100,0.008987355672327174,0.9928473100411396,0.9928473100411395
crime_peaceful_vs_violent,gender,d_peak_speed,pos,0.0016689843311905861,0.005168068530413494,100,3.2294160214184537,0.0016835797299157285,0.01428252405020038
crime_peaceful_vs_violent,gender,d_time_to_half,neg,0.155,1.1627531765146675,100,1.3330430148951287,0.1855772622476394,0.8418710036255962
crime_peaceful_vs_violent,gender,d_time_to_half,pos,0.09,1.2047465050433397,100,0.7470451221334925,0.4568069101275092,0.8418710036255962
crime_peaceful_vs_violent,gender,pull_AUC,neg,-2.9984246630142444,21.072764499540362,100,-1.4228909847493647,0.1579112957414656,0.29571863491633776
crime_peaceful_vs_violent,gender,pull_AUC,pos,-7.403301682997497,20.009352395893377,100,-3.699920685347575,0.00035446084804167824,0.0023176286218109733
crime_peaceful_vs_violent,gender,pull_MAD,neg,-6.502451100666076,44.49310836220648,100,-1.4614512988688861,0.14705849465038504,0.2699000770768757
crime_peaceful_vs_violent,gender,pull_MAD,pos,-15.225390624441207,43.6445968592626,100,-3.488493815978496,0.0007263802602260234,0.005145193509934333
crime_peaceful_vs_violent,gender,pull_early,neg,-0.2948892302811146,7.087314211096421,100,-0.41608036767921797,0.678251798395602,0.8119915896285377
crime_peaceful_vs_violent,gender,pull_early,pos,-0.4001020118594168,6.089617191282669,100,-0.6570232566213943,0.5126904848207401,0.7386218849112357
crime_peaceful_vs_violent,gender,pull_final,neg,-6.5345540536906235,38.422804409731256,88,-1.5953950154188108,0.11425035920503804,0.36598297295127674
crime_peaceful_vs_violent,gender,pull_final,pos,-12.86914664116211,44.79409331860443,82,-2.601572453002183,0.011029820884584577,0.0937534775189689
crime_peaceful_vs_violent,gender,pull_release,neg,-5.055344547145069,41.243767670213096,100,-1.2257232626194137,0.22321067254691723,0.36486359935553775
crime_peaceful_vs_violent,gender,pull_release,pos,-14.730857736431062,40.70589501621021,100,-3.618851208299149,0.0004682347298534612,0.002842853716967443
crime_peaceful_vs_violent,gender,pull_tcp,neg,-1.707107201218605,30.782053032739974,100,-0.5545787343693144,0.5804335664285263,0.7590285099449959
crime_peaceful_vs_violent,gender,pull_tcp,pos,-2.9259249224560335,35.833894328296545,100,-0.8165244044227566,0.41616072805489424,0.6728795065578413
crime_peaceful_vs_violent,gender,q_exploded,neg,0.0,0.0,100,nan,nan,nan
crime_peaceful_vs_violent,gender,q_exploded,pos,0.02,0.0984731927834662,100,2.0310096011589898,0.04493472521263044,nan
crime_peaceful_vs_violent,gender,q_jerk_in_grasp,neg,0.0,0.0,100,nan,nan,nan
crime_peaceful_vs_violent,gender,q_jerk_in_grasp,pos,0.0,0.0,100,nan,nan,nan
crime_peaceful_vs_violent,gender,q_tile_drift,neg,0.0024191120266914366,0.006568865407821838,100,3.682693854270317,0.00037618675381808107,0.0006269779230301351
crime_peaceful_vs_violent,gender,q_tile_drift,pos,0.011692178696393966,0.05999921609951049,100,1.94872190946664,0.05415938837588294,0.060573000157237496
crime_peaceful_vs_violent,gender,xpos_reversals,neg,0.6,0.5318160234783105,100,11.282097069504156,1.7909961905747723e-19,3.1068301265072577e-19
crime_peaceful_vs_violent,gender,xpos_reversals,pos,0.555,0.47617478329120316,100,11.655384104214345,2.810649085581708e-20,4.977191089050941e-20
crime_plumber_vs_prisoner,gender,d_approach_retreat,neg,0.035,0.5137257453292967,100,0.6812973715686587,0.4972739397989019,0.7547908014804762
crime_plumber_vs_prisoner,gender,d_approach_retreat,pos,0.2,1.2890369124335275,100,1.551545949312088,0.12396194834043069,0.5853758671631449
crime_plumber_vs_prisoner,gender,d_latency,neg,0.1,1.5859229221975182,100,0.6305476678616638,0.5297892035498407,0.9190220877905403
crime_plumber_vs_prisoner,gender,d_latency,pos,-0.05,1.945598503122763,100,-0.25699032929840365,0.7977195887650852,0.9485309149289746
crime_plumber_vs_prisoner,gender,d_peak_speed,neg,-1.696530729532242e-05,0.0019030586639668186,100,-0.08914757919211587,0.9291447227892673,0.9586601229458703
crime_plumber_vs_prisoner,gender,d_peak_speed,pos,5.639266222715378e-05,0.0027540803712283045,100,0.20476040865141115,0.8381797100888037,0.934309911717998
crime_plumber_vs_prisoner,gender,d_time_to_half,neg,-0.01,0.2840898989881032,100,-0.35200125156223055,0.7255854953552188,0.9305084664209727
crime_plumber_vs_prisoner,gender,d_time_to_half,pos,-0.03,1.4103155317126372,100,-0.21271835504476833,0.8319840405646344,0.9305084664209727
crime_plumber_vs_prisoner,gender,pull_AUC,neg,-0.09933690773695704,8.932832742046312,100,-0.11120426252848566,0.9116795146147325,0.9336476956897863
crime_plumber_vs_prisoner,gender,pull_AUC,pos,0.15224954714189523,7.785977534259249,100,0.19554326540499084,0.845368454625491,0.8899412245677907
crime_plumber_vs_prisoner,gender,pull_MAD,neg,-0.5848223170265555,20.54642896207276,100,-0.2846345309474925,0.7765186947381908,0.8462062699070029
crime_plumber_vs_prisoner,gender,pull_MAD,pos,0.07334228660911321,19.056901120847943,100,0.03848594592794414,0.9693777385542985,0.985918024291328
crime_plumber_vs_prisoner,gender,pull_early,neg,0.11167716979980473,1.1191846668569259,100,0.9978439939981888,0.3207877264462023,0.6667021321938377
crime_plumber_vs_prisoner,gender,pull_early,pos,0.14881617575883874,1.8297962933592935,100,0.8132936780936938,0.41800137637718726,0.6667021321938377
crime_plumber_vs_prisoner,gender,pull_final,neg,-2.912432362791151,26.774161063843867,92,-1.043359297173413,0.2995457557108294,0.6062235532242977
crime_plumber_vs_prisoner,gender,pull_final,pos,-1.5115251272231682,23.126857919073498,87,-0.6096188189166512,0.5437216598461428,0.7574408684642403
crime_plumber_vs_prisoner,gender,pull_release,neg,-0.026427707634866238,20.158620302772064,100,-0.013109879167292064,0.9895665125028734,0.9895665125028734
crime_plumber_vs_prisoner,gender,pull_release,pos,0.4062500409781933,17.74966461218785,100,0.22887758718507878,0.8194362009539395,0.8599021861862328
crime_plumber_vs_prisoner,gender,pull_tcp,neg,-1.0393524821847677,16.97484067063726,100,-0.6122899780630159,0.5417497058903905,0.7309321428679871
crime_plumber_vs_prisoner,gender,pull_tcp,pos,1.1328884202521294,16.366776007939656,100,0.6921878931455748,0.4904396699924689,0.7065656262603366
crime_plumber_vs_prisoner,gender,q_exploded,neg,0.005,0.049999999999999996,100,1.0,0.3197484741393017,nan
crime_plumber_vs_prisoner,gender,q_exploded,pos,0.0,0.0,100,nan,nan,nan
crime_plumber_vs_prisoner,gender,q_jerk_in_grasp,neg,0.0,0.0,100,nan,nan,nan
crime_plumber_vs_prisoner,gender,q_jerk_in_grasp,pos,0.0,0.0,100,nan,nan,nan
crime_plumber_vs_prisoner,gender,q_tile_drift,neg,0.0037804657220840455,0.007268042830400185,100,5.201490704308204,1.0685018270539636e-06,3.493179049984112e-06
crime_plumber_vs_prisoner,gender,q_tile_drift,pos,0.002115539200603962,0.007370828485536771,100,2.8701511705978877,0.005016892150021743,0.006877997302449163
crime_plumber_vs_prisoner,gender,xpos_reversals,neg,0.445,0.5636058153989499,100,7.895589219302244,4.014165984398844e-12,4.431222190570152e-12
crime_plumber_vs_prisoner,gender,xpos_reversals,pos,0.445,0.48144878158837345,100,9.242935427770254,4.9017016754827194e-15,6.409917575631248e-15
crime_skier_vs_mugger,gender,d_approach_retreat,neg,0.06,0.4339156925980302,100,1.3827570890731222,0.16985044761630375,0.6315486295801807
crime_skier_vs_mugger,gender,d_latency,neg,0.05,1.5067189585991212,100,0.33184688965809345,0.7407063892742556,0.9485309149289746
crime_skier_vs_mugger,gender,d_peak_speed,neg,-0.0002932694181799889,0.0018803837248653741,100,-1.5596253801919364,0.12203957362548255,0.324167617442688
crime_skier_vs_mugger,gender,d_time_to_half,neg,0.005,0.4466203051471092,100,0.11195191849490775,0.9110882054323595,0.9444207007530555
crime_skier_vs_mugger,gender,pull_AUC,neg,-1.3583738238478549,7.1456325377591945,100,-1.90098471572655,0.06021245525068352,0.14216829711966944
crime_skier_vs_mugger,gender,pull_MAD,neg,-2.997205926734023,16.613687894771463,100,-1.8040581631952302,0.07426318872847139,0.18565797182117846
crime_skier_vs_mugger,gender,pull_early,neg,0.06574457883834844,0.6648376520855945,100,0.9888817011507668,0.32513178179450175,0.6667021321938377
crime_skier_vs_mugger,gender,pull_final,neg,-0.8879427798092365,25.626381816027898,90,-0.3287145609852372,0.7431436546510486,0.8618392020089534
crime_skier_vs_mugger,gender,pull_release,neg,-2.7117063431069255,16.190005251172625,100,-1.6749261665066597,0.09710484865831961,0.2299110624525067
crime_skier_vs_mugger,gender,pull_tcp,neg,-2.0708744414150715,12.449862351038627,100,-1.6633713554610583,0.09940076223292503,0.2535529232540929
crime_skier_vs_mugger,gender,q_exploded,neg,0.005,0.049999999999999996,100,1.0,0.3197484741393017,nan
crime_skier_vs_mugger,gender,q_jerk_in_grasp,neg,0.0,0.0,100,nan,nan,nan
crime_skier_vs_mugger,gender,q_tile_drift,neg,0.00167887344956398,0.0033461760949615067,100,5.017289592415469,2.3099044836191273e-06,6.770409693366408e-06
crime_skier_vs_mugger,gender,xpos_reversals,neg,0.525,0.570198441444961,100,9.207320852536496,5.860581285336095e-15,7.435065809754747e-15
crime_smoking_tobacco_vs_cannabis,gender,d_approach_retreat,neg,-0.115,1.4596509199396983,100,-0.7878596069034843,0.4326611702654787,0.7501089098706909
crime_smoking_tobacco_vs_cannabis,gender,d_approach_retreat,pos,-0.36,1.8119691838528387,100,-1.9867887556151607,0.04970948772068504,0.5023200182996226
crime_smoking_tobacco_vs_cannabis,gender,d_latency,neg,0.055,2.97285276045645,100,0.18500748079953794,0.8536016532555416,0.9485309149289746
crime_smoking_tobacco_vs_cannabis,gender,d_latency,pos,0.4,2.8141058827257934,100,1.4214106244380287,0.15833990565972564,0.708362735846141
crime_smoking_tobacco_vs_cannabis,gender,d_peak_speed,neg,0.0003361103311181068,0.004857715488374176,100,0.6919102856528127,0.49061324156547603,0.7722615839456567
crime_smoking_tobacco_vs_cannabis,gender,d_peak_speed,pos,0.00017214108258485793,0.004377334888714095,100,0.3932554555711109,0.6949764040253121,0.9040576319952786
crime_smoking_tobacco_vs_cannabis,gender,d_time_to_half,neg,-0.055,1.1631874528660675,100,-0.47283866297286176,0.6373690975921465,0.9305084664209727
crime_smoking_tobacco_vs_cannabis,gender,d_time_to_half,pos,-0.025,1.0134823455030997,100,-0.24667425250106184,0.8056711078427836,0.9305084664209727
crime_smoking_tobacco_vs_cannabis,gender,pull_AUC,neg,-3.1733231569232885,15.976108114047245,100,-1.986292990927555,0.04976537747252413,0.1302006912908674
crime_smoking_tobacco_vs_cannabis,gender,pull_AUC,pos,-1.6408452665489752,15.693294771350008,100,-1.0455709208652189,0.29830538377495863,0.44484136176967515
crime_smoking_tobacco_vs_cannabis,gender,pull_MAD,neg,-7.819838126003742,34.96383883707972,100,-2.2365502147637963,0.027559644700313905,0.1115509428346039
crime_smoking_tobacco_vs_cannabis,gender,pull_MAD,pos,-3.099514262750745,34.05137650625731,100,-0.9102463925889089,0.3649034656962886,0.49446908261788675
crime_smoking_tobacco_vs_cannabis,gender,pull_early,neg,0.44638939946889883,4.245692060823132,100,1.0513937258613975,0.2956374188811993,0.6667021321938377
crime_smoking_tobacco_vs_cannabis,gender,pull_early,pos,-0.25266106799244886,2.125117936476247,100,-1.1889272762498886,0.2373122574918512,0.6667021321938377
crime_smoking_tobacco_vs_cannabis,gender,pull_final,neg,-8.70731974568668,32.702302778314824,89,-2.511893145520715,0.013832894520846465,0.10239993874834924
crime_smoking_tobacco_vs_cannabis,gender,pull_final,pos,1.7826226660860824,31.53221390066214,77,0.4960784060498492,0.6212707466356724,0.7765884332945905
crime_smoking_tobacco_vs_cannabis,gender,pull_release,neg,-7.054871502332389,31.637773575923262,100,-2.2298887389791657,0.028013761835644527,0.09591053364730204
crime_smoking_tobacco_vs_cannabis,gender,pull_release,pos,-2.947268846910447,30.97481577339543,100,-0.9515048833452253,0.3436653972024004,0.49900576366027494
crime_smoking_tobacco_vs_cannabis,gender,pull_tcp,neg,-6.913205528398976,28.61863882798131,100,-2.4156304462809475,0.01754174283092984,0.0877087141546492
crime_smoking_tobacco_vs_cannabis,gender,pull_tcp,pos,-5.540181698161177,25.179149158144263,100,-2.2003053651116686,0.030110483494892242,0.12187576652694479
crime_smoking_tobacco_vs_cannabis,gender,q_exploded,neg,0.015,0.08572330399888264,100,1.7498158960596661,0.083248625244961,nan
crime_smoking_tobacco_vs_cannabis,gender,q_exploded,pos,0.02,0.09847319278346618,100,2.03100960115899,0.0449347252126304,nan
crime_smoking_tobacco_vs_cannabis,gender,q_jerk_in_grasp,neg,0.0,0.0,100,nan,nan,nan
crime_smoking_tobacco_vs_cannabis,gender,q_jerk_in_grasp,pos,0.0,0.0,100,nan,nan,nan
crime_smoking_tobacco_vs_cannabis,gender,q_tile_drift,neg,0.0016675451397895813,0.0028990642550764203,100,5.752011659864449,9.844160910888607e-08,4.403966723292272e-07
crime_smoking_tobacco_vs_cannabis,gender,q_tile_drift,pos,0.004336286671459675,0.010064293033155328,100,4.308585468621014,3.878624753010848e-05,8.242077600148052e-05
crime_smoking_tobacco_vs_cannabis,gender,xpos_reversals,neg,0.715,0.5562092114202055,100,12.854875203780669,7.884992636666052e-23,1.8114172273422012e-22
crime_smoking_tobacco_vs_cannabis,gender,xpos_reversals,pos,0.8,0.6396021490668313,100,12.507775359529147,4.2616776410380065e-22,9.288271781749502e-22
dentist_vs_dental_hygienist,gender,d_approach_retreat,neg,-0.04,0.6539700051812528,100,-0.6116488475478885,0.5421721801852182,0.7928562580890707
dentist_vs_dental_hygienist,gender,d_latency,neg,-0.06,0.5039239961932691,100,-1.1906557427955524,0.2366358570233924,0.7450921766894866
dentist_vs_dental_hygienist,gender,d_peak_speed,neg,-5.785081535577774e-05,0.0012012959809712324,100,-0.48157003995806336,0.6311742120985847,0.8795050496455689
dentist_vs_dental_hygienist,gender,d_time_to_half,neg,-0.215,1.8725219314705994,100,-1.1481841488027222,0.2536593902312421,0.8418710036255962
dentist_vs_dental_hygienist,gender,pull_AUC,neg,0.9582877324819566,7.3137944995508715,100,1.3102470031675124,0.19314415990337017,0.32190693317228364
dentist_vs_dental_hygienist,gender,pull_MAD,neg,1.8870714813470841,16.19535300184095,100,1.165193176791255,0.2467406358629004,0.411234393104834
dentist_vs_dental_hygienist,gender,pull_early,neg,0.06180763244628917,0.5108298328392944,100,1.2099456310675902,0.22918090788625922,0.6667021321938377
dentist_vs_dental_hygienist,gender,pull_final,neg,2.4714214885805514,25.770116332000583,94,0.9298103287566911,0.3548765344006628,0.6855569414558258
dentist_vs_dental_hygienist,gender,pull_release,neg,1.4275804162025452,15.088089576417346,100,0.9461637995799351,0.34636870654066143,0.49900576366027494
dentist_vs_dental_hygienist,gender,pull_tcp,neg,1.8901375541463494,15.628560061637955,100,1.2094124773439001,0.22938464892265573,0.433282114631683
dentist_vs_dental_hygienist,gender,q_exploded,neg,0.015,0.08572330399888266,100,1.7498158960596657,0.0832486252449611,nan
dentist_vs_dental_hygienist,gender,q_jerk_in_grasp,neg,0.0,0.0,100,nan,nan,nan
dentist_vs_dental_hygienist,gender,q_tile_drift,neg,0.005823831185698509,0.03252440344670273,100,1.790603537199979,0.07641339063195529,0.08221693928754684
dentist_vs_dental_hygienist,gender,xpos_reversals,neg,0.36,0.47183287573701627,100,7.62982018660039,1.476826095534253e-11,1.5308563185416038e-11
disability,gender,d_approach_retreat,-,0.0825,0.9600771428904824,400,1.7186118971985758,0.08646075631986964,0.5023200182996226
disability,gender,d_latency,-,0.27875,2.6346778276744005,400,2.116008242617272,0.03496295104408437,0.4164696985267349
disability,gender,d_peak_speed,-,0.0003761797863990068,0.0035873519011878317,400,2.097256119615405,0.03659969366871333,0.14140790735639241
disability,gender,d_time_to_half,-,0.19375,1.9988934125377262,400,1.938572600066971,0.05325830672101326,0.7544926785476879
disability,gender,pull_AUC,-,-1.740352863616281,10.779660782352433,400,-3.228956641131867,0.001345233117032565,0.0067261655851628245
disability,gender,pull_MAD,-,-3.680923488709959,24.92670111290573,400,-2.953398022495782,0.0033289397233920927,0.016644698616960465
disability,gender,pull_early,-,-0.11096453480422495,2.7697725009681,400,-0.8012537835900984,0.423461624448072,0.6667021321938377
disability,gender,pull_final,-,-3.243871167228774,27.452430615555127,365,-2.257507632000452,0.024568384930381205,0.13051954494265014
disability,gender,pull_release,-,-3.648905747977551,24.4342967219424,400,-2.9867082236918026,0.0029939643240297683,0.014350629626949794
disability,gender,pull_tcp,-,-2.5132456158462446,20.4392381769482,400,-2.4592360968529006,0.014346828174334286,0.0762175246761509
disability,gender,q_exploded,-,0.01,0.07008766440504623,400,2.853569193634026,0.004548350939746909,nan
disability,gender,q_jerk_in_grasp,-,0.0,0.0,400,nan,nan,nan
disability,gender,q_tile_drift,-,0.0007391860708594322,0.002347095809615443,400,6.29872941557118,7.934170806662322e-10,7.493383539625526e-09
disability,gender,xpos_reversals,-,0.72,0.6072659465378916,400,23.712839625038125,3.3939634112149644e-78,2.0606206425233715e-77
educational_attainment,gender,d_approach_retreat,-,0.034444444444444444,0.911508560377834,900,1.1336518144217989,0.2572428462608157,0.7335318152940616
educational_attainment,gender,d_latency,-,0.11055555555555556,2.6822345793014994,900,1.236531171531755,0.21658412945910013,0.7450921766894866
educational_attainment,gender,d_peak_speed,-,0.0005410786842306455,0.0035779695285556388,900,4.536752031388057,6.487329325116153e-06,0.00013785574815871826
educational_attainment,gender,d_time_to_half,-,-0.008333333333333333,1.7425153784892151,900,-0.1434707567497932,0.8859505565426289,0.9368957328928497
educational_attainment,gender,pull_AUC,-,-1.2251479876345517,8.344266042874628,900,-4.404754047891614,1.1865401245676807e-05,0.00012606988823531606
educational_attainment,gender,pull_MAD,-,-2.858155327829364,18.65648142803429,900,-4.595971655514642,4.922941859931619e-06,6.974167634903127e-05
educational_attainment,gender,pull_early,-,-0.06594855959216755,1.9981678937118195,900,-0.9901354105384123,0.32237435116461766,0.6667021321938377
educational_attainment,gender,pull_final,-,-2.882073732709692,28.481536743180445,815,-2.888819941429162,0.003969536249028802,0.04820151159534974
educational_attainment,gender,pull_release,-,-3.28490385727087,19.435643650603293,900,-5.070432319593755,4.820170461716025e-07,6.828574820764369e-06
educational_attainment,gender,pull_tcp,-,-2.033468721460344,21.72209110563016,900,-2.808388075860645,0.005086895301342351,0.043238610061409985
educational_attainment,gender,q_exploded,-,0.006111111111111111,0.0549687836267326,900,3.335226309140559,0.0008871893126844005,nan
educational_attainment,gender,q_jerk_in_grasp,-,0.0,0.0,900,nan,nan,nan
educational_attainment,gender,q_tile_drift,-,0.0028274488283528223,0.039260664460501735,900,2.1605203583836814,0.030996001975313055,0.036091235176734376
educational_attainment,gender,xpos_reversals,-,0.8383333333333334,0.6147315537725061,900,40.912167019341375,1.7992589973719183e-207,2.5489502462768844e-206
employment,gender,d_approach_retreat,neg,0.08,1.0747797519266518,100,0.7443385480289508,0.458434851413677,0.7501089098706909
employment,gender,d_approach_retreat,pos,0.22,1.3032980697391747,100,1.6880252116388692,0.09455435638581132,0.5023200182996226
employment,gender,d_latency,neg,-0.1,2.750573861152717,100,-0.36356049700149395,0.7169614365626187,0.9485309149289746
employment,gender,d_latency,pos,-0.09,2.9296292039654563,100,-0.30720611290390865,0.7593317771669023,0.9485309149289746
employment,gender,d_peak_speed,neg,0.0006069247052073478,0.0038199606393356073,100,1.5888244998066474,0.11528868164112029,0.3161141270804911
employment,gender,d_peak_speed,pos,0.00047350168228149414,0.0036040503357837104,100,1.3138042984034237,0.1919484300764059,0.4409626096349866
employment,gender,d_time_to_half,neg,0.12,3.069168939598793,100,0.39098532000550806,0.6966482481620611,0.9305084664209727
employment,gender,d_time_to_half,pos,0.335,3.636969962077018,100,0.921096416778451,0.3592392326406928,0.8418710036255962
employment,gender,pull_AUC,neg,-1.1422597746719405,5.847972761929416,100,-1.9532576863355222,0.053612049355063036,0.1302006912908674
employment,gender,pull_AUC,pos,-1.8014439505549669,10.264349910921556,100,-1.7550492395413957,0.08234443329607953,0.1841914955307042
employment,gender,pull_MAD,neg,-2.1605393263627777,11.831383117474227,100,-1.8261088369049545,0.0708479233167446,0.18248707520979668
employment,gender,pull_MAD,pos,-3.315547020919621,24.20584012863384,100,-1.36973019870422,0.17386992524243122,0.30161109480829906
employment,gender,pull_early,neg,-0.48981830663979053,5.05141073686525,100,-0.969666360854585,0.33457588590429477,0.6667021321938377
employment,gender,pull_early,pos,-0.49172391742467897,3.553715391717527,100,-1.3836896409057298,0.16956544148668418,0.6667021321938377
employment,gender,pull_final,neg,-2.8505678922382676,15.24441073326114,89,-1.7640697421217606,0.08119059382435605,0.28294230027893363
employment,gender,pull_final,pos,-3.4677387823400996,26.7277914230059,88,-1.2170954478220541,0.22685912678818881,0.49782413734808334
employment,gender,pull_release,neg,-2.1659337799064815,12.942076551702153,100,-1.6735597036950118,0.09737409703870871,0.2299110624525067
employment,gender,pull_release,pos,-4.225149352023436,23.579790065577868,100,-1.7918519801375896,0.07621172968945532,0.2024374069876157
employment,gender,pull_tcp,neg,-0.3596130944788456,18.36820906967078,100,-0.1957801618627216,0.8451835250226779,0.9210333285503542
employment,gender,pull_tcp,pos,-1.1046028591226786,22.147354173066045,100,-0.49875161181375516,0.6190607637239145,0.7645198403121476
employment,gender,q_exploded,neg,0.01,0.07035264706814483,100,1.421410624438029,0.15833990565972564,nan
employment,gender,q_exploded,pos,0.015,0.08572330399888264,100,1.7498158960596661,0.083248625244961,nan
employment,gender,q_jerk_in_grasp,neg,0.0,0.0,100,nan,nan,nan
employment,gender,q_jerk_in_grasp,pos,0.0,0.0,100,nan,nan,nan
employment,gender,q_tile_drift,neg,0.0005472701042890549,0.0017789747493102083,100,3.076323059117377,0.0027099381133842706,0.00383907899396105
employment,gender,q_tile_drift,pos,0.0006162188202142716,0.0023090419459127014,100,2.6687207709892733,0.008898414048638776,0.011460078699004483
employment,gender,xpos_reversals,neg,0.745,0.5197853092159951,100,14.332840632293006,6.881445895475487e-26,2.249703465828525e-25
employment,gender,xpos_reversals,pos,0.81,0.6658328118479392,100,12.165216036018743,2.2777908111264997e-21,4.60981473680363e-21
ethnicity,gender,d_approach_retreat,-,0.006,0.992438344551172,500,0.13518631095482592,0.8925190828223935,0.9726638503907625
ethnicity,gender,d_latency,-,0.102,2.7763306762790516,500,0.8215121334561594,0.4117469368282316,0.8229428260059788
ethnicity,gender,d_peak_speed,-,0.00035771527141332626,0.0038083505906903524,500,2.100320452180293,0.03620196321453946,0.14140790735639241
ethnicity,gender,d_time_to_half,-,-0.02,1.4069680587122342,500,-0.31785625318977206,0.7507269477662308,0.9305084664209727
ethnicity,gender,pull_AUC,-,-1.0061457788016974,9.086537029560835,500,-2.4759821583908725,0.013617711427226854,0.057875273565714126
ethnicity,gender,pull_MAD,-,-1.847984792307252,20.641313266792704,500,-2.00191701156567,0.045834437920572645,0.13796843029852293
ethnicity,gender,pull_early,-,-0.38486494496464735,4.36589097126068,500,-1.9711536196451724,0.049258438886248083,0.6667021321938377
ethnicity,gender,pull_final,-,-2.2675241371242345,26.811402639257032,454,-1.8020229197103668,0.07220646588418009,0.2668499826154482
ethnicity,gender,pull_release,-,-2.1636992503263173,21.108504519900933,500,-2.292051813539696,0.022318150682063897,0.08622921854433778
ethnicity,gender,pull_tcp,-,-2.4319885224103928,19.766620031469124,500,-2.7511489814400667,0.0061545742895936836,0.04755807405595119
ethnicity,gender,q_exploded,-,0.006,0.054497154785910794,500,2.4618547367664223,0.01415915414311404,nan
ethnicity,gender,q_jerk_in_grasp,-,0.0,0.0,500,nan,nan,nan
ethnicity,gender,q_tile_drift,-,0.0005717675685882568,0.002215011104382217,500,5.772030434356228,1.3772597913511285e-08,7.804472150989729e-08
ethnicity,gender,xpos_reversals,-,0.824,0.6072573779264375,500,30.34166533721436,2.268035824585129e-115,1.9278304508973597e-114
farmer_vs_preschool_teacher,gender,d_approach_retreat,neg,-0.06,0.6863753427324667,100,-0.8741572761215376,0.38414824743313025,0.7501089098706909
farmer_vs_preschool_teacher,gender,d_approach_retreat,pos,0.06,0.7187250215246833,100,0.8348116206211613,0.40583380252638857,0.7501089098706909
farmer_vs_preschool_teacher,gender,d_latency,neg,0.05,2.7056805189650666,100,0.1847963928096182,0.853766776881851,0.9485309149289746
farmer_vs_preschool_teacher,gender,d_latency,pos,0.055,1.946111118319939,100,0.2826149004661205,0.7780620928860035,0.9485309149289746
farmer_vs_preschool_teacher,gender,d_peak_speed,neg,0.0003007698431611061,0.003329099730078533,100,0.9034569930231886,0.368476509417875,0.6366701118299662
farmer_vs_preschool_teacher,gender,d_peak_speed,pos,-0.0002972236648201942,0.0027121439029471756,100,-1.0958993160252797,0.2757816299219138,0.5322490122009746
farmer_vs_preschool_teacher,gender,d_time_to_half,neg,0.17,0.8324844160885555,100,2.0420802685862682,0.04380272881379922,0.7544926785476879
farmer_vs_preschool_teacher,gender,d_time_to_half,pos,-0.015,0.4895627816447214,100,-0.3063958405826198,0.7599467250863815,0.9305084664209727
farmer_vs_preschool_teacher,gender,pull_AUC,neg,-1.1679225815369285,12.533319628133922,100,-0.9318541425491594,0.35367887624844396,0.47408158204967715
farmer_vs_preschool_teacher,gender,pull_AUC,pos,-1.087302017813316,10.693564134225072,100,-1.0167816867842716,0.31173575667800485,0.4568541261660416
farmer_vs_preschool_teacher,gender,pull_MAD,neg,-3.1250927877321373,29.712965787471557,100,-1.0517606388016068,0.29546984707846463,0.45663521821217257
farmer_vs_preschool_teacher,gender,pull_MAD,pos,-2.2351930058095606,24.637590908474213,100,-0.9072287197693325,0.3664888494697278,0.49446908261788675
farmer_vs_preschool_teacher,gender,pull_early,neg,-0.0003859400749206543,0.00259042361350176,100,-1.4898724398166547,0.13943686324451302,0.6667021321938377
farmer_vs_preschool_teacher,gender,pull_early,pos,0.16293185949325564,1.6278735524177808,100,1.000887687199432,0.31932123575534527,0.6667021321938377
farmer_vs_preschool_teacher,gender,pull_final,neg,-5.003125194439685,35.23511324906387,91,-1.3545230346888684,0.17896037729179412,0.44740094322948526
farmer_vs_preschool_teacher,gender,pull_final,pos,-1.0407917405565648,36.040197125198766,91,-0.27548463133507534,0.7835754364177385,0.8649858713702309
farmer_vs_preschool_teacher,gender,pull_release,neg,-1.701952057192102,27.87440389724699,100,-0.6105788175653847,0.5428776500138877,0.6557167311935654
farmer_vs_preschool_teacher,gender,pull_release,pos,-3.019721570890397,23.32013024230054,100,-1.2948991019839606,0.1983668466057317,0.34410575431606516
farmer_vs_preschool_teacher,gender,pull_tcp,neg,-2.9985125199891627,21.517908302424683,100,-1.3934962812585665,0.16659034771972628,0.3453702330774813
farmer_vs_preschool_teacher,gender,pull_tcp,pos,-3.4671986429020762,21.45245106655812,100,-1.6162249395860582,0.10922804219193975,0.2652681024661394
farmer_vs_preschool_teacher,gender,q_exploded,neg,0.01,0.07035264706814484,100,1.4214106244380287,0.15833990565972564,nan
farmer_vs_preschool_teacher,gender,q_exploded,pos,0.0,0.0,100,nan,nan,nan
farmer_vs_preschool_teacher,gender,q_jerk_in_grasp,neg,0.0,0.0,100,nan,nan,nan
farmer_vs_preschool_teacher,gender,q_jerk_in_grasp,pos,0.0,0.0,100,nan,nan,nan
farmer_vs_preschool_teacher,gender,q_tile_drift,neg,0.0018255201727151872,0.007575359641402644,100,2.409813209049407,0.017807730027009857,0.022259662533762322
farmer_vs_preschool_teacher,gender,q_tile_drift,pos,0.001413368210196495,0.003950096464611285,100,3.578059986278283,0.0005378127424938374,0.0008791169829226188
farmer_vs_preschool_teacher,gender,xpos_reversals,neg,0.805,0.6067590672223742,100,13.26721005893055,1.0790468125328273e-23,2.697617031332069e-23
farmer_vs_preschool_teacher,gender,xpos_reversals,pos,0.575,0.5789881455844089,100,9.931118700532576,1.5462270361196696e-16,2.1545786568880642e-16
financial_advisor_vs_bank_teller,gender,d_approach_retreat,neg,0.115,1.3330586838340819,100,0.8626777004988431,0.390399686555425,0.7501089098706909
financial_advisor_vs_bank_teller,gender,d_approach_retreat,pos,0.1,1.1437136040464013,100,0.8743447629389474,0.38404666639904805,0.7501089098706909
financial_advisor_vs_bank_teller,gender,d_latency,neg,0.15,2.5080677902329596,100,0.598069958811071,0.5511590111236775,0.935019736863657
financial_advisor_vs_bank_teller,gender,d_latency,pos,0.26,2.9622882228357716,100,0.8776998740220638,0.3822316775542506,0.7924315266368609
financial_advisor_vs_bank_teller,gender,d_peak_speed,neg,-0.00011078231036663056,0.003549544401407056,100,-0.31210290065033686,0.7556187103701517,0.9040576319952786
financial_advisor_vs_bank_teller,gender,d_peak_speed,pos,0.0003301169723272324,0.0035979153477479426,100,0.9175228998477238,0.3610985542917078,0.6366701118299662
financial_advisor_vs_bank_teller,gender,d_time_to_half,neg,-0.3,2.3559509864394568,100,-1.2733711428071313,0.205868166643758,0.8418710036255962
financial_advisor_vs_bank_teller,gender,d_time_to_half,pos,-0.05,1.4293107754891141,100,-0.3498189537043815,0.7272176637498102,0.9305084664209727
financial_advisor_vs_bank_teller,gender,pull_AUC,neg,-1.4038283362321824,12.058625399372067,100,-1.1641694552558903,0.2471532208255628,0.37846872071455634
financial_advisor_vs_bank_teller,gender,pull_AUC,pos,-1.8311133008509637,15.438997552532507,100,-1.1860312138922517,0.23844867939698858,0.3753358842360005
financial_advisor_vs_bank_teller,gender,pull_MAD,neg,-2.9263625783496536,29.31881844636198,100,-0.9981175004386205,0.3206557650971228,0.46992655229750757
financial_advisor_vs_bank_teller,gender,pull_MAD,pos,-3.9918768151081165,34.80301816788757,100,-1.1469915614362967,0.25414959285923694,0.415436834481445
financial_advisor_vs_bank_teller,gender,pull_early,neg,-0.01937615498900417,1.8282759887387265,100,-0.1059804707185987,0.9158122953770723,0.9493176232567213
financial_advisor_vs_bank_teller,gender,pull_early,pos,0.10932177305221565,1.0943181341275965,100,0.9989944390290879,0.3202329027854388,0.6667021321938377
financial_advisor_vs_bank_teller,gender,pull_final,neg,0.8551449229178781,30.894437775934886,88,0.2596574342913824,0.7957414972257397,0.8671541956947164
financial_advisor_vs_bank_teller,gender,pull_final,pos,-4.048555965709966,43.53285070590828,88,-0.872417514505474,0.3853820635896561,0.6977361291224661
financial_advisor_vs_bank_teller,gender,pull_release,neg,-2.1558973018545657,28.120436824917608,100,-0.766665651489531,0.44510468654793167,0.582059974716526
financial_advisor_vs_bank_teller,gender,pull_release,pos,-4.42836686357623,33.80954473731928,100,-1.3097978390369032,0.19329553362648783,0.34410575431606516
financial_advisor_vs_bank_teller,gender,pull_tcp,neg,1.8204717827029526,28.518311924085538,100,0.6383518728419012,0.5247185962843508,0.7309321428679871
financial_advisor_vs_bank_teller,gender,pull_tcp,pos,-3.1678314227610826,21.925755828697614,100,-1.4447991884570992,0.1516720386078829,0.32913571406383585
financial_advisor_vs_bank_teller,gender,q_exploded,neg,0.005,0.049999999999999996,100,1.0,0.3197484741393017,nan
financial_advisor_vs_bank_teller,gender,q_exploded,pos,0.01,0.07035264706814483,100,1.421410624438029,0.15833990565972564,nan
financial_advisor_vs_bank_teller,gender,q_jerk_in_grasp,neg,0.0,0.0,100,nan,nan,nan
financial_advisor_vs_bank_teller,gender,q_jerk_in_grasp,pos,0.0,0.0,100,nan,nan,nan
financial_advisor_vs_bank_teller,gender,q_tile_drift,neg,0.0012190850079059601,0.0029559932956299212,100,4.124112898727578,7.752835179882311e-05,0.00014977067961136284
financial_advisor_vs_bank_teller,gender,q_tile_drift,pos,0.0010575111210346221,0.0021654751953852675,100,4.883506046563034,4.006416572130334e-06,1.1351513621035945e-05
financial_advisor_vs_bank_teller,gender,xpos_reversals,neg,0.615,0.5215313504430481,100,11.792196182982075,1.429207227108952e-20,2.5847364745587427e-20
financial_advisor_vs_bank_teller,gender,xpos_reversals,pos,0.86,0.54624521817938,100,15.743844913944619,1.0472933672725093e-28,4.2390445818173e-28
gender,gender,d_approach_retreat,-,-0.051666666666666666,0.901409462426517,300,-0.9927707158020561,0.32162443045728667,0.7501089098706909
gender,gender,d_latency,-,0.215,2.720160395133132,300,1.369003549546507,0.1720256897703163,0.7311091815238442
gender,gender,d_peak_speed,-,0.0003964384396870931,0.004318934528209348,300,1.5898632292906383,0.1129223932987433,0.3161141270804911
gender,gender,d_time_to_half,-,0.03666666666666667,2.5268436209041316,300,0.2513354173778859,0.8017274408317927,0.9305084664209727
gender,gender,pull_AUC,-,-1.7619065910845286,10.007671320345551,300,-3.0493724626474985,0.0024984198029267706,0.011798093513820862
gender,gender,pull_MAD,-,-3.2972136013995623,22.41469474370736,300,-2.547856014249077,0.011339037501663169,0.050727273033756286
gender,gender,pull_early,-,0.0011854320764542099,3.42374028501149,300,0.00599703369536885,0.9952190872637261,0.9952190872637262
gender,gender,pull_final,-,-4.410240327237488,31.297400287671092,273,-2.3282805769316557,0.02063052140820226,0.1169062879798128
gender,gender,pull_release,-,-3.2059157502953894,22.37429782548491,300,-2.4817802138899387,0.013621994556597648,0.055136644633847626
gender,gender,pull_tcp,-,-3.0484292547528944,21.215626997053377,300,-2.48874772979591,0.01336337194776915,0.07572577437069185
gender,gender,q_exploded,-,0.016666666666666666,0.09876607725128896,300,2.9228166454393176,0.0037335737239227386,nan
gender,gender,q_jerk_in_grasp,-,0.0,0.0,300,nan,nan,nan
gender,gender,q_tile_drift,-,0.0007665697733561197,0.0019863607602523467,300,6.684273177198099,1.1362254991457176e-10,1.3797023918198e-09
gender,gender,xpos_reversals,-,0.7533333333333333,0.5717621259326812,300,22.82088213240941,1.8859369778218646e-67,1.0019040194678655e-66
health,gender,d_approach_retreat,neg,-0.03,1.0632046089083889,100,-0.282165819717444,0.7784054006952792,0.9189508202652602
health,gender,d_approach_retreat,pos,0.135,1.0441153038226991,100,1.2929606481749671,0.19903386450827676,0.6704607181679909
health,gender,d_latency,neg,-0.295,2.545638972395296,100,-1.1588446091490434,0.2493071755682171,0.7568253544035163
health,gender,d_latency,pos,0.105,2.8411612009347462,100,0.36956720359779244,0.7124943268861459,0.9485309149289746
health,gender,d_peak_speed,neg,0.0004527369514107704,0.003407569036826875,100,1.328621508523738,0.18702727075479786,0.4409626096349866
health,gender,d_peak_speed,pos,0.0008680439367890358,0.003541944131850955,100,2.450755586411274,0.016009528123305125,0.08505061815505847
health,gender,d_time_to_half,neg,-0.26,1.9494625003841548,100,-1.333700955769938,0.1853622174747893,0.8418710036255962
health,gender,d_time_to_half,pos,0.165,1.6392518002571979,100,1.0065567716571155,0.3166016888228907,0.8418710036255962
health,gender,pull_AUC,neg,-1.2115602666294867,9.948593786167041,100,-1.2178206213566511,0.22618675148947368,0.3627523372944389
health,gender,pull_AUC,pos,-3.0801399912884073,9.20967381463174,100,-3.344461544767066,0.0011653295128946307,0.006190813037252726
health,gender,pull_MAD,neg,-2.1834780704273724,21.630437219109854,100,-1.009447034430878,0.31522114042781857,0.46992655229750757
health,gender,pull_MAD,pos,-6.6165086851455275,21.043003339730433,100,-3.1442796345772415,0.002198046416747455,0.011677121588970855
health,gender,pull_early,neg,0.21936864405870451,5.167846300202147,100,0.4244875549996981,0.672131345752341,0.8119915896285377
health,gender,pull_early,pos,0.01925810426473619,3.876974259746059,100,0.04967302585598696,0.9604830312791324,0.9719173530800744
health,gender,pull_final,neg,-0.289563604287411,26.465773138552198,95,-0.10664025894712374,0.9153016396777736,0.9373571008748283
health,gender,pull_final,pos,-4.883669330659111,29.22121199264224,88,-1.5677953125323867,0.12055909697218528,0.36598297295127674
health,gender,pull_release,neg,-3.2317483535734937,21.507324301579494,100,-1.5026268764339759,0.1361184801091445,0.2740981448800042
health,gender,pull_release,pos,-6.647143866866827,20.664977203103017,100,-3.2166228888308197,0.0017529459977099653,0.00931252561283419
health,gender,pull_tcp,neg,-2.792528917780146,16.889813068060974,100,-1.6533805948751927,0.10142116930163715,0.2535529232540929
health,gender,pull_tcp,pos,-1.71414248412475,24.24028835380512,100,-0.7071460780934449,0.4811369453012968,0.7051144888036246
health,gender,q_exploded,neg,0.015,0.08572330399888264,100,1.7498158960596661,0.083248625244961,nan
health,gender,q_exploded,pos,0.025,0.10952145677879513,100,2.282657730758047,0.02458952257217105,nan
health,gender,q_jerk_in_grasp,neg,0.0,0.0,100,nan,nan,nan
health,gender,q_jerk_in_grasp,pos,0.0,0.0,100,nan,nan,nan
health,gender,q_tile_drift,neg,0.0006908272951841355,0.001776323108781345,100,3.88908578495092,0.00018230581763703315,0.00032970201062016634
health,gender,q_tile_drift,pos,0.0026194168627262115,0.013989222269192346,100,1.8724535305259975,0.06409503509837927,0.06984715363284921
health,gender,xpos_reversals,neg,0.845,0.6915616933850339,100,12.218721888193679,1.7519387175744587e-21,3.6320680730202196e-21
health,gender,xpos_reversals,pos,0.76,0.5662208585049305,100,13.422324320702891,5.1297221573865895e-24,1.3212920708420004e-23
high_school_drop_out_vs_college_graduate,gender,d_approach_retreat,neg,0.09,0.71201804539611,100,1.264012907846053,0.20919347071196367,0.6704607181679909
high_school_drop_out_vs_college_graduate,gender,d_approach_retreat,pos,-0.14,0.6555127532679815,100,-2.1357326657955396,0.03516772384181633,0.5023200182996226
high_school_drop_out_vs_college_graduate,gender,d_latency,neg,-0.145,1.484422480633496,100,-0.9768108600599973,0.3310436906236488,0.7924315266368609
high_school_drop_out_vs_college_graduate,gender,d_latency,pos,-0.4,2.4298231219659594,100,-1.6462103615030286,0.10289155337303958,0.5782384516351915
high_school_drop_out_vs_college_graduate,gender,d_peak_speed,neg,-0.000381724014878273,0.0017907659773543248,100,-2.1316242306671,0.035513053278602894,0.14140790735639241
high_school_drop_out_vs_college_graduate,gender,d_peak_speed,pos,-0.0001164817437529564,0.003234293550831764,100,-0.36014586159936146,0.7195052575274201,0.9040576319952786
high_school_drop_out_vs_college_graduate,gender,d_time_to_half,neg,-0.29,2.565485757457479,100,-1.1303902161881578,0.26104299728583436,0.8418710036255962
high_school_drop_out_vs_college_graduate,gender,d_time_to_half,pos,-0.105,1.3582798836853331,100,-0.773036553520253,0.4413425478209957,0.8418710036255962
high_school_drop_out_vs_college_graduate,gender,pull_AUC,neg,-0.5682122130952776,7.6959281550429255,100,-0.7383283752758841,0.4620616145790669,0.5610748177031527
high_school_drop_out_vs_college_graduate,gender,pull_AUC,pos,0.9706191005527509,11.033586092942926,100,0.8796950441829227,0.381154901575966,0.4908813126357138
high_school_drop_out_vs_college_graduate,gender,pull_MAD,neg,-1.0305510021746158,17.385455321828903,100,-0.5927661847778425,0.5546892633124818,0.640186497358518
high_school_drop_out_vs_college_graduate,gender,pull_MAD,pos,1.9384459651075303,26.112946567749514,100,0.7423313796006403,0.45964424632149514,0.5583408328053571
high_school_drop_out_vs_college_graduate,gender,pull_early,neg,-0.15639701858162874,2.9655660362046232,100,-0.5273766177258626,0.5991119717337733,0.7785137550273044
high_school_drop_out_vs_college_graduate,gender,pull_early,pos,0.00035556405782698197,0.007725077114655854,100,0.4602725028497298,0.6463299920504093,0.7962036133954318
high_school_drop_out_vs_college_graduate,gender,pull_final,neg,-2.0992609471167354,34.76581662610062,88,-0.5664418435058965,0.5725518282870261,0.7574408684642403
high_school_drop_out_vs_college_graduate,gender,pull_final,pos,-0.12331921863113786,32.1493322502331,91,-0.03659144022796816,0.970891807827684,0.9824500436351564
high_school_drop_out_vs_college_graduate,gender,pull_release,neg,-1.0212359949946404,16.928662373492806,100,-0.6032585283251377,0.5477163284087428,0.6557167311935654
high_school_drop_out_vs_college_graduate,gender,pull_release,pos,1.4696005079895258,23.584349148550242,100,0.6231253187158078,0.5346350598801786,0.6557167311935654
high_school_drop_out_vs_college_graduate,gender,pull_tcp,neg,0.8675839647185057,22.936154436595814,100,0.37826043032489826,0.706047017933209,0.822109541429079
high_school_drop_out_vs_college_graduate,gender,pull_tcp,pos,-0.23605100810527802,19.67051641088219,100,-0.12000244588123221,0.9047244064296109,0.9472474388347417
high_school_drop_out_vs_college_graduate,gender,q_exploded,neg,0.005,0.049999999999999996,100,1.0,0.3197484741393017,nan
high_school_drop_out_vs_college_graduate,gender,q_exploded,pos,0.005,0.049999999999999996,100,1.0,0.3197484741393017,nan
high_school_drop_out_vs_college_graduate,gender,q_jerk_in_grasp,neg,0.0,0.0,100,nan,nan,nan
high_school_drop_out_vs_college_graduate,gender,q_jerk_in_grasp,pos,0.0,0.0,100,nan,nan,nan
high_school_drop_out_vs_college_graduate,gender,q_tile_drift,neg,0.03338862210512161,0.2972361405441639,100,1.12330290805134,0.26402550032951616,0.27038756057842017
high_school_drop_out_vs_college_graduate,gender,q_tile_drift,pos,0.01498965099453926,0.1413020189703121,100,1.0608235539570474,0.2913512404195956,0.29392854758023695
high_school_drop_out_vs_college_graduate,gender,xpos_reversals,neg,0.435,0.5534784402651867,100,7.859384726739845,4.7962361341353665e-12,5.160507232930458e-12
high_school_drop_out_vs_college_graduate,gender,xpos_reversals,pos,0.78,0.5916933412681016,100,13.182504273722676,1.621297974797763e-23,3.9374379387945673e-23
high_status_vs_low_status,gender,d_approach_retreat,neg,0.165,2.67239441684642,100,0.6174238314519065,0.5383727689315698,0.7928562580890707
high_status_vs_low_status,gender,d_approach_retreat,pos,-0.055,1.4211515461665998,100,-0.38701009859473784,0.6995794069149601,0.8875261132503226
high_status_vs_low_status,gender,d_latency,neg,0.25,1.9299604852813632,100,1.2953633087651184,0.19820736059076755,0.7450921766894866
high_status_vs_low_status,gender,d_latency,pos,0.21,2.122724569029057,100,0.9892946219398346,0.32493078762345695,0.7924315266368609
high_status_vs_low_status,gender,d_peak_speed,neg,0.00017577704042196274,0.002102585424628214,100,0.8360042753223415,0.4051657418763043,0.6622901549901127
high_status_vs_low_status,gender,d_peak_speed,pos,-6.181344389915466e-05,0.0022821102059233777,100,-0.2708609064483981,0.7870619384429484,0.9040576319952786
high_status_vs_low_status,gender,d_time_to_half,neg,0.3,3.2442645584558183,100,0.9247088040896142,0.3573659059692267,0.8418710036255962
high_status_vs_low_status,gender,d_time_to_half,pos,-0.275,2.5129713990663025,100,-1.094322044819836,0.2764691449247043,0.8418710036255962
high_status_vs_low_status,gender,pull_AUC,neg,-1.585140998667572,11.459685194270838,100,-1.383232586057467,0.16970508089141367,0.29571863491633776
high_status_vs_low_status,gender,pull_AUC,pos,-1.8899262925726361,13.458482489113388,100,-1.4042640350436268,0.1633697439063512,0.29571863491633776
high_status_vs_low_status,gender,pull_MAD,neg,-2.3001729967072606,27.791499491263323,100,-0.8276534331767001,0.4098574480406417,0.5317313839489027
high_status_vs_low_status,gender,pull_MAD,pos,-4.445899213664234,30.586873037761894,100,-1.453531784100788,0.1492388661483901,0.2699000770768757
high_status_vs_low_status,gender,pull_early,neg,0.11758958548307465,6.911451597155719,100,0.17013732040236884,0.8652493480422095,0.9331496194207178
high_status_vs_low_status,gender,pull_early,pos,-0.18436422199010857,3.8120687391918002,100,-0.4836329945854958,0.6297143641378985,0.7962036133954318
high_status_vs_low_status,gender,pull_final,neg,-4.639386701244908,43.41482004719292,69,-0.8876609471137832,0.3778521378243723,0.6977361291224661
high_status_vs_low_status,gender,pull_final,pos,-2.856335270085505,31.234008949783316,84,-0.8381487375753454,0.4043543877856748,0.6977361291224661
high_status_vs_low_status,gender,pull_release,neg,-1.2081823544576764,24.26074964030314,100,-0.49799877265564174,0.6195893725883148,0.6929617982895626
high_status_vs_low_status,gender,pull_release,pos,-3.6267851991578937,28.80508523946358,100,-1.2590780999283837,0.21096280562875816,0.3516046760479303
high_status_vs_low_status,gender,pull_tcp,neg,0.2967993193306029,39.64402006171495,100,0.07486610057924678,0.9404723202193641,0.9516684192695946
high_status_vs_low_status,gender,pull_tcp,pos,-3.353455951437354,26.816515322663143,100,-1.2505189101147995,0.2140576461723788,0.4222800494644919
high_status_vs_low_status,gender,q_exploded,neg,0.025,0.10952145677879516,100,2.2826577307580465,0.024589522572171077,nan
high_status_vs_low_status,gender,q_exploded,pos,0.01,0.07035264706814483,100,1.421410624438029,0.15833990565972564,nan
high_status_vs_low_status,gender,q_jerk_in_grasp,neg,0.0,0.0,100,nan,nan,nan
high_status_vs_low_status,gender,q_jerk_in_grasp,pos,0.0,0.0,100,nan,nan,nan
high_status_vs_low_status,gender,q_tile_drift,neg,0.016063365750014783,0.012747612925812972,100,12.601077427984698,2.7046832427010654e-22,2.2989807562959057e-20
high_status_vs_low_status,gender,q_tile_drift,pos,0.003629899099469185,0.006060139248425813,100,5.989794872142732,3.3988897790964334e-08,1.8056601951449802e-07
high_status_vs_low_status,gender,xpos_reversals,neg,0.44,0.6166052385457168,100,7.1358459593654135,1.6157057742871903e-10,1.6349403668382282e-10
high_status_vs_low_status,gender,xpos_reversals,pos,0.42,0.5399214308722627,100,7.778909596558793,7.119902126858913e-12,7.564896009787595e-12
hobbies_interests_and_activities,gender,d_approach_retreat,-,0.0425,1.450987555910171,1200,1.014649078440953,0.310477837194954,0.7501089098706909
hobbies_interests_and_activities,gender,d_latency,-,0.056666666666666664,2.7434274580173232,1200,0.715524993929813,0.47442401375871546,0.8766530689019743
hobbies_interests_and_activities,gender,d_peak_speed,-,0.0005205734043071667,0.003886358332317925,1200,4.64012583621611,3.864618322848785e-06,0.00010949751914738225
hobbies_interests_and_activities,gender,d_time_to_half,-,-0.05708333333333333,2.067630464929636,1200,-0.9563723815811364,0.33907691911516313,0.8418710036255962
hobbies_interests_and_activities,gender,pull_AUC,-,-1.91432210962221,11.141244630879092,1200,-5.95212342206058,3.47092798501273e-09,9.834295957536069e-08
hobbies_interests_and_activities,gender,pull_MAD,-,-4.4717313180541165,25.484121730180952,1200,-6.078503252081018,1.6276071198100923e-09,6.917330259192893e-08
hobbies_interests_and_activities,gender,pull_early,-,-0.08102121451035296,5.108739848555132,1200,-0.549383465132042,0.5828446222180683,0.7785137550273044
hobbies_interests_and_activities,gender,pull_final,-,-4.267093610678785,32.01165533403756,1088,-4.3968179683653545,1.20627942440787e-05,0.0003417791702488965
hobbies_interests_and_activities,gender,pull_release,-,-4.55796485036899,24.9525047707805,1200,-6.327722825803693,3.50703859270115e-10,9.936609345986591e-09
hobbies_interests_and_activities,gender,pull_tcp,-,-3.2295081795503697,23.99764798193648,1200,-4.661850406882361,3.484694652754504e-06,9.873301516137761e-05
hobbies_interests_and_activities,gender,q_exploded,-,0.007916666666666667,0.06244124288400768,1200,4.39199101745155,1.222322307778939e-05,nan
hobbies_interests_and_activities,gender,q_jerk_in_grasp,-,0.0,0.0,1200,nan,nan,nan
hobbies_interests_and_activities,gender,q_tile_drift,-,0.002857931877175967,0.025878655181978627,1200,3.8256108604025214,0.00013716848553141974,0.00025909602822601506
hobbies_interests_and_activities,gender,xpos_reversals,-,0.79875,0.6268579556649845,1200,44.140002373520794,1.589454898878439e-253,3.377591660116683e-252
housing_tenure,gender,d_approach_retreat,-,-0.22,1.5114378731672844,100,-1.455567601591062,0.14867599470511542,0.6315486295801807
housing_tenure,gender,d_latency,-,0.45,2.939198681424733,100,1.5310295382341055,0.12895136687572373,0.6447568343786186
housing_tenure,gender,d_peak_speed,-,0.001074010245501995,0.004218648971685535,100,2.545863030345663,0.01244304113716475,0.07051056644393358
housing_tenure,gender,d_time_to_half,-,-0.235,1.4502786217855108,100,-1.62037829469402,0.10833210374901685,0.8418710036255962
housing_tenure,gender,pull_AUC,-,-2.071533490860253,9.503218910800362,100,-2.179822973988282,0.03164121961592742,0.10344244874437811
housing_tenure,gender,pull_MAD,-,-4.749840235360898,19.291072319414805,100,-2.4621960649541457,0.015536914248922108,0.06603188555791896
housing_tenure,gender,pull_early,-,0.0665779728442431,3.973652710593872,100,0.16754854460920632,0.8672802345204319,0.9331496194207178
housing_tenure,gender,pull_final,-,-7.061291985963988,27.805413624097117,90,-2.409217809274543,0.01804709190576731,0.10957162942787295
housing_tenure,gender,pull_release,-,-6.105557567207143,20.092717292936946,100,-3.0386918196243107,0.003038956862177604,0.014350629626949794
housing_tenure,gender,pull_tcp,-,-4.864499135874212,21.20395711980933,100,-2.2941468464533257,0.02389474024922778,0.11155232601372753
housing_tenure,gender,q_exploded,-,0.005,0.049999999999999996,100,1.0,0.3197484741393017,nan
housing_tenure,gender,q_jerk_in_grasp,-,0.0,0.0,100,nan,nan,nan
housing_tenure,gender,q_tile_drift,-,0.0025150993466377257,0.009327690442224075,100,2.6963795188276323,0.008239104532030486,0.010774213618809097
housing_tenure,gender,xpos_reversals,-,0.895,0.6248029992555956,100,14.32451510422202,7.155073314735235e-26,2.2525230805647963e-25
income,gender,d_approach_retreat,neg,0.045,0.858984013444683,100,0.5238747089080479,0.60153652933234,0.8115969046547444
income,gender,d_approach_retreat,pos,0.01,0.8408149005397662,100,0.11893224053927255,0.905570036014779,0.9726638503907625
income,gender,d_latency,neg,0.15,2.684128434808114,100,0.5588406204963264,0.5775324050849429,0.935019736863657
income,gender,d_latency,pos,-0.145,2.794560914897134,100,-0.5188650539948504,0.6050127709117781,0.935019736863657
income,gender,d_peak_speed,neg,0.0007705637812614441,0.004069285591792872,100,1.8936094896252886,0.06119662200990839,0.20006587964777742
income,gender,d_peak_speed,pos,0.0008550026640295982,0.004247689984800715,100,2.012865032733107,0.04684419631737878,0.15927026747908785
income,gender,d_time_to_half,neg,-0.13,3.1322854469559633,100,-0.41503241706894045,0.6790162321723776,0.9305084664209727
income,gender,d_time_to_half,pos,-0.28,2.202294487597199,100,-1.2714012661653276,0.20656487262568368,0.8418710036255962
income,gender,pull_AUC,neg,-1.2810574722027883,5.543322426540832,100,-2.310992169730599,0.02290730777494837,0.08465744177698312
income,gender,pull_AUC,pos,-1.1594423855096099,7.522601461123872,100,-1.5412784945493974,0.12643945333979995,0.24425803486097716
income,gender,pull_MAD,neg,-2.5532279690347424,11.593698300187404,100,-2.202254968971783,0.02996820556200279,0.11578624876228351
income,gender,pull_MAD,pos,-2.3939278804697097,16.319080543807914,100,-1.466950220659373,0.14555915521117158,0.2699000770768757
income,gender,pull_early,neg,0.000355165451765109,0.009371720895287523,100,0.3789757033243494,0.7055174824078759,0.8157820945591847
income,gender,pull_early,pos,-0.0015208087861537378,0.011995960470386672,100,-1.2677674204645963,0.20785464839697226,0.6667021321938377
income,gender,pull_final,neg,-0.6006622445389067,20.604728598564623,93,-0.28112852270477806,0.7792431247190236,0.8649858713702309
income,gender,pull_final,pos,-3.3076550561500797,25.07820445182722,88,-1.2372717858032776,0.21931532139080778,0.49782413734808334
income,gender,pull_release,neg,-3.501521028811112,12.30654610404744,100,-2.8452508114031394,0.005393540780946318,0.022922548319021848
income,gender,pull_release,pos,-2.7866475307382643,16.45176582841664,100,-1.6938288326016482,0.093441900169845,0.2299110624525067
income,gender,pull_tcp,neg,-1.110714441165328,11.401685793471929,100,-0.974166856800484,0.3323480048407107,0.5550518350822169
income,gender,pull_tcp,pos,-2.840514350682497,15.123522606223238,100,-1.8782094784674321,0.063295283908969,0.18241354213867345
income,gender,q_exploded,neg,0.015,0.08572330399888264,100,1.7498158960596661,0.083248625244961,nan
income,gender,q_exploded,pos,0.01,0.07035264706814484,100,1.4214106244380287,0.15833990565972564,nan
income,gender,q_jerk_in_grasp,neg,0.0,0.0,100,nan,nan,nan
income,gender,q_jerk_in_grasp,pos,0.0,0.0,100,nan,nan,nan
income,gender,q_tile_drift,neg,0.00014857083559036255,0.0006216720166177128,100,2.3898588261810696,0.01874758697846027,0.022764927045273185
income,gender,q_tile_drift,pos,0.0006337633728981018,0.002570232362031328,100,2.4657824026354587,0.015391347601240233,0.019526336509036117
income,gender,xpos_reversals,neg,0.71,0.47236777317182976,100,15.030661283951064,2.6979155027896854e-27,9.555117405713469e-27
income,gender,xpos_reversals,pos,0.805,0.5724967469361946,100,14.061215269922194,2.4659420940647077e-25,7.485895642696434e-25
income_and_wealth,gender,d_approach_retreat,-,0.03,0.9750304990735107,600,0.7536655761365583,0.4513461947598324,0.7501089098706909
income_and_wealth,gender,d_latency,-,0.004166666666666667,2.5103257819337497,600,0.040656903319275746,0.9675829667040363,0.9864219621680768
income_and_wealth,gender,d_peak_speed,-,0.0005564526530603568,0.0038630175691059246,600,3.5283946853270347,0.00045012896560548023,0.004251218008496202
income_and_wealth,gender,d_time_to_half,-,-0.095,2.489069594395244,600,-0.9348936087941734,0.3502198574067137,0.8418710036255962
income_and_wealth,gender,pull_AUC,-,-1.1132491348785254,7.383626957351321,600,-3.6931610342695245,0.0002417326364079806,0.001712272841223196
income_and_wealth,gender,pull_MAD,-,-1.9855838104291859,15.712960565165856,600,-3.095321952162801,0.0020577664373371413,0.011660676478243799
income_and_wealth,gender,pull_early,-,-0.19024275926252207,3.7349833433270474,600,-1.2476566683620494,0.21264434841824875,0.6667021321938377
income_and_wealth,gender,pull_final,-,-1.3352505319750974,23.290730754724578,564,-1.361504862646304,0.17389880040290226,0.44740094322948526
income_and_wealth,gender,pull_release,-,-2.2103188836111562,16.447909478702474,600,-3.291697003011837,0.0010544153534791868,0.005975020336382059
income_and_wealth,gender,pull_tcp,-,-1.4271879747199516,15.786559841719377,600,-2.21446745849048,0.0271723046677303,0.11548229483785377
income_and_wealth,gender,q_exploded,-,0.004166666666666667,0.04549089202963206,600,2.243571582405641,0.025224579776808934,nan
income_and_wealth,gender,q_jerk_in_grasp,-,0.0,0.0,600,nan,nan,nan
income_and_wealth,gender,q_tile_drift,-,0.0007554666822155317,0.005594108571952356,600,3.3079584804260462,0.0009960976371270061,0.0014854087571192197
income_and_wealth,gender,xpos_reversals,-,0.77,0.5082951307063969,600,37.10653492434314,2.2347246221958086e-157,2.71359418409491e-156
janitor_vs_stay_at_home_parent,gender,d_approach_retreat,neg,0.245,2.3241105608361017,100,1.0541667170595401,0.2943725739790246,0.7501089098706909
janitor_vs_stay_at_home_parent,gender,d_approach_retreat,pos,-0.03,0.3540530120667459,100,-0.8473307379840739,0.39885459210534224,0.7501089098706909
janitor_vs_stay_at_home_parent,gender,d_latency,neg,-0.245,2.057868613960384,100,-1.1905521972488593,0.2366763384778369,0.7450921766894866
janitor_vs_stay_at_home_parent,gender,d_latency,pos,-0.14,1.1170849510573437,100,-1.2532618926383994,0.21306223637941893,0.7450921766894866
janitor_vs_stay_at_home_parent,gender,d_peak_speed,neg,0.00010218642652034759,0.003218229350823709,100,0.31752375415441686,0.7515149390551787,0.9040576319952786
janitor_vs_stay_at_home_parent,gender,d_peak_speed,pos,-2.5070905685424805e-05,0.0018259694976747445,100,-0.1373018865723168,0.8910710327650114,0.9350745405558761
janitor_vs_stay_at_home_parent,gender,d_time_to_half,neg,0.11,1.4984503780084062,100,0.734091709771539,0.46462791727810226,0.8418710036255962
janitor_vs_stay_at_home_parent,gender,d_time_to_half,pos,-0.045,0.3630329589623087,100,-1.2395568746327532,0.21806969330261505,0.8418710036255962
janitor_vs_stay_at_home_parent,gender,pull_AUC,neg,-1.3251206308549743,9.597289044987512,100,-1.3807238946784253,0.17047309542235942,0.29571863491633776
janitor_vs_stay_at_home_parent,gender,pull_AUC,pos,-0.26290611452609286,6.948492281550626,100,-0.37836426072480683,0.7059701405683256,0.7693264352347138
janitor_vs_stay_at_home_parent,gender,pull_MAD,neg,-2.2352429565042256,20.62319684262807,100,-1.0838489171009542,0.2810643491218254,0.44950940114850974
janitor_vs_stay_at_home_parent,gender,pull_MAD,pos,-0.6564212258905172,16.18828222191033,100,-0.4054915876139543,0.6859911835193274,0.7664939588340409
janitor_vs_stay_at_home_parent,gender,pull_early,neg,-1.1968731321394446,6.388389860420713,100,-1.873512979467135,0.0639471987804886,0.6667021321938377
janitor_vs_stay_at_home_parent,gender,pull_early,pos,-5.0872564315816715e-05,0.0013490814035546253,100,-0.3770903978201405,0.7069135354189011,0.8157820945591847
janitor_vs_stay_at_home_parent,gender,pull_final,neg,-1.5619777709203349,22.732511919851635,88,-0.6445680247787087,0.5209031108198063,0.7574408684642403
janitor_vs_stay_at_home_parent,gender,pull_final,pos,-1.4553217021258253,18.7557261191208,95,-0.7562875063363677,0.45136807925412703,0.7142687380981094
janitor_vs_stay_at_home_parent,gender,pull_release,neg,-2.1630952367559075,20.13234550938699,100,-1.0744377676944465,0.2852382658761868,0.440822774535925
janitor_vs_stay_at_home_parent,gender,pull_release,pos,-0.7913116831332445,15.467774802946964,100,-0.5115872794983293,0.610079100777674,0.691748223690786
janitor_vs_stay_at_home_parent,gender,pull_tcp,neg,-1.437139343470335,18.060338076919543,100,-0.7957433229375408,0.42808510695557844,0.6728795065578413
janitor_vs_stay_at_home_parent,gender,pull_tcp,pos,-1.5041343844495714,13.666429403803104,100,-1.1006052422375956,0.27373740943208213,0.48474332920264546
janitor_vs_stay_at_home_parent,gender,q_exploded,neg,0.02,0.0984731927834662,100,2.0310096011589898,0.04493472521263044,nan
janitor_vs_stay_at_home_parent,gender,q_exploded,pos,0.005,0.049999999999999996,100,1.0,0.3197484741393017,nan
janitor_vs_stay_at_home_parent,gender,q_jerk_in_grasp,neg,0.005,0.049999999999999996,100,1.0,0.3197484741393017,nan
janitor_vs_stay_at_home_parent,gender,q_jerk_in_grasp,pos,0.0,0.0,100,nan,nan,nan
janitor_vs_stay_at_home_parent,gender,q_tile_drift,neg,0.003572710379958153,0.017746393997448075,100,2.013203572777606,0.04680794471516471,0.053049004010520005
janitor_vs_stay_at_home_parent,gender,q_tile_drift,pos,0.0052842053771018985,0.050080509148061836,100,1.055142103583506,0.29392854758023695,0.29392854758023695
janitor_vs_stay_at_home_parent,gender,xpos_reversals,neg,0.795,0.507991688470939,100,15.64986235095616,1.601156108598719e-28,6.186284965040506e-28
janitor_vs_stay_at_home_parent,gender,xpos_reversals,pos,0.54,0.6303758699170975,100,8.566317744221665,1.4470107376877013e-13,1.7570844671922088e-13
lawyer_vs_paralegal,gender,d_approach_retreat,neg,0.025,1.3914874680489846,100,0.17966385306403582,0.8577836917741111,0.9721548506773259
lawyer_vs_paralegal,gender,d_approach_retreat,pos,-0.145,0.8536759492117757,100,-1.6985367824158895,0.09254731727638914,0.5023200182996226
lawyer_vs_paralegal,gender,d_latency,neg,0.05,0.5,100,0.9999999999999999,0.31974847413930174,0.7924315266368609
lawyer_vs_paralegal,gender,d_latency,pos,-0.045,2.611256712037638,100,-0.17233081601113515,0.8635292638575363,0.9485309149289746
lawyer_vs_paralegal,gender,d_peak_speed,neg,0.00043457631021738053,0.0016826851432320817,100,2.5826359254747535,0.011267810071983481,0.06841170400847114
lawyer_vs_paralegal,gender,d_peak_speed,pos,0.00024483539164066315,0.003192915449866957,100,0.7668082524730337,0.445020275352607,0.7137117623579546
lawyer_vs_paralegal,gender,d_time_to_half,neg,-0.075,0.3649754384983608,100,-2.054932800644799,0.04251928171293064,0.7544926785476879
lawyer_vs_paralegal,gender,d_time_to_half,pos,-0.05,0.9911222085712903,100,-0.5044786562907854,0.615046059938295,0.9305084664209727
lawyer_vs_paralegal,gender,pull_AUC,neg,0.3083699052497977,7.049442526687053,100,0.43743871105041665,0.6627460138563669,0.7411790156122494
lawyer_vs_paralegal,gender,pull_AUC,pos,-0.8186893368866296,13.056110761363671,100,-0.6270545278379057,0.5320669568530563,0.6111579909798619
lawyer_vs_paralegal,gender,pull_MAD,neg,0.10054837370407768,15.909355910868538,100,0.0632007821481872,0.949734052691253,0.9844804204726404
lawyer_vs_paralegal,gender,pull_MAD,pos,-2.445962185971439,30.40414014529827,100,-0.8044832625696487,0.423045628284738,0.5317313839489027
lawyer_vs_paralegal,gender,pull_early,neg,0.0129491612315178,1.0042203818061985,100,0.12894740503302016,0.8976608714532661,0.9493176232567213
lawyer_vs_paralegal,gender,pull_early,pos,0.33793930336833,3.3811782033452866,100,0.9994720273364415,0.32000276407783557,0.6667021321938377
lawyer_vs_paralegal,gender,pull_final,neg,2.505413377109696,28.419450746846127,85,0.8127803109186603,0.4186416774734797,0.6977361291224661
lawyer_vs_paralegal,gender,pull_final,pos,-1.3340782749259636,27.917614312946238,90,-0.4533402329895353,0.6514071526879949,0.8024580866446314
lawyer_vs_paralegal,gender,pull_release,neg,-0.7646088168257847,14.957842993440673,100,-0.5111758541395853,0.6103660797271642,0.691748223690786
lawyer_vs_paralegal,gender,pull_release,pos,-2.199428314343095,27.862327421497874,100,-0.7893914535818967,0.43176977405704453,0.5734442311695123
lawyer_vs_paralegal,gender,pull_tcp,neg,0.34495628206059337,19.135424133213025,100,0.18027104058898738,0.857308287255157,0.9224203090720043
lawyer_vs_paralegal,gender,pull_tcp,pos,-2.3478860210161656,20.412967227926764,100,-1.1501934014786674,0.25283501658633195,0.4572548172306003
lawyer_vs_paralegal,gender,q_exploded,neg,0.02,0.09847319278346618,100,2.03100960115899,0.0449347252126304,nan
lawyer_vs_paralegal,gender,q_exploded,pos,0.02,0.09847319278346618,100,2.0310096011589898,0.04493472521263044,nan
lawyer_vs_paralegal,gender,q_jerk_in_grasp,neg,0.0,0.0,100,nan,nan,nan
lawyer_vs_paralegal,gender,q_jerk_in_grasp,pos,0.0,0.0,100,nan,nan,nan
lawyer_vs_paralegal,gender,q_tile_drift,neg,0.0031357238814234733,0.005054199848854814,100,6.204194482206652,1.2830432050897396e-08,7.789905173759133e-08
lawyer_vs_paralegal,gender,q_tile_drift,pos,0.0010104013234376907,0.0018856053419168343,100,5.358498414151475,5.477306174015636e-07,1.939879269963871e-06
lawyer_vs_paralegal,gender,xpos_reversals,neg,0.405,0.510965613897705,100,7.926169373915654,3.45338215363901e-12,3.8623353034120505e-12
lawyer_vs_paralegal,gender,xpos_reversals,pos,0.625,0.6566482077085635,100,9.518034050241257,1.2318288935230275e-15,1.6887976766041506e-15
live_in_the_inner_city_vs_suburbs,gender,d_approach_retreat,neg,0.225,1.2600605244402054,100,1.7856285125665572,0.07722139866401943,0.5023200182996226
live_in_the_inner_city_vs_suburbs,gender,d_approach_retreat,pos,0.36,1.776786339707084,100,2.0261299400768045,0.04544157780410091,0.5023200182996226
live_in_the_inner_city_vs_suburbs,gender,d_latency,neg,0.55,2.4510356500009864,100,2.2439494097108654,0.027062805092371096,0.4164696985267349
live_in_the_inner_city_vs_suburbs,gender,d_latency,pos,0.65,2.811861599824155,100,2.3116358217653707,0.02287030276182118,0.4164696985267349
live_in_the_inner_city_vs_suburbs,gender,d_peak_speed,neg,0.0003501960262656212,0.004136903197748826,100,0.8465173331979027,0.3993058123455444,0.6622901549901127
live_in_the_inner_city_vs_suburbs,gender,d_peak_speed,pos,0.0001211969181895256,0.004054934985538228,100,0.2988874510239247,0.7656524218657498,0.9040576319952786
live_in_the_inner_city_vs_suburbs,gender,d_time_to_half,neg,-0.035,1.2497575522452105,100,-0.2800543188326561,0.7800201628271477,0.9305084664209727
live_in_the_inner_city_vs_suburbs,gender,d_time_to_half,pos,0.02,1.4803766924384996,100,0.13510074903338076,0.8928065219331861,0.9368957328928497
live_in_the_inner_city_vs_suburbs,gender,pull_AUC,neg,-2.896488178647822,14.427859000687537,100,-2.0075661804775016,0.047414741648542716,0.1300081625847139
live_in_the_inner_city_vs_suburbs,gender,pull_AUC,pos,-2.7070414468621027,11.047288209246835,100,-2.4504126221639133,0.016023892211011876,0.06485861133028617
live_in_the_inner_city_vs_suburbs,gender,pull_MAD,neg,-6.170479298382998,30.986524927136184,100,-1.991342789452086,0.04919858683148243,0.13939599602253355
live_in_the_inner_city_vs_suburbs,gender,pull_MAD,pos,-5.357283145212568,25.438744971181027,100,-2.105954185743719,0.037737917429976786,0.1336551242311678
live_in_the_inner_city_vs_suburbs,gender,pull_early,neg,-0.7835957929491997,5.8604823099193535,100,-1.337084136612611,0.18425939522639168,0.6667021321938377
live_in_the_inner_city_vs_suburbs,gender,pull_early,pos,-0.046879686415195396,0.3390337686728181,100,-1.3827438664505505,0.16985449132876224,0.6667021321938377
live_in_the_inner_city_vs_suburbs,gender,pull_final,neg,-5.8333359693767886,32.120729811049166,93,-1.7513504578235666,0.08321832361145107,0.28294230027893363
live_in_the_inner_city_vs_suburbs,gender,pull_final,pos,-2.0307979402354075,29.792723694105412,84,-0.6247354473421602,0.5338583850557778,0.7574408684642403
live_in_the_inner_city_vs_suburbs,gender,pull_release,neg,-5.82743544538971,28.6339010063293,100,-2.035152473322305,0.04450820962833381,0.13511420780029906
live_in_the_inner_city_vs_suburbs,gender,pull_release,pos,-5.47782723326236,24.940718058762723,100,-2.1963390229407485,0.03040175874253163,0.09939036511981494
live_in_the_inner_city_vs_suburbs,gender,pull_tcp,neg,-5.241383840912022,25.32781000197061,100,-2.0694184931520803,0.04111157894304268,0.1397793684063451
live_in_the_inner_city_vs_suburbs,gender,pull_tcp,pos,-4.603196302196011,24.6106505532251,100,-1.870408217060636,0.06438125016659063,0.18241354213867345
live_in_the_inner_city_vs_suburbs,gender,q_exploded,neg,0.01,0.07035264706814484,100,1.4214106244380287,0.15833990565972564,nan
live_in_the_inner_city_vs_suburbs,gender,q_exploded,pos,0.02,0.09847319278346618,100,2.0310096011589898,0.04493472521263044,nan
live_in_the_inner_city_vs_suburbs,gender,q_jerk_in_grasp,neg,0.0,0.0,100,nan,nan,nan
live_in_the_inner_city_vs_suburbs,gender,q_jerk_in_grasp,pos,0.0,0.0,100,nan,nan,nan
live_in_the_inner_city_vs_suburbs,gender,q_tile_drift,neg,0.001543976441025734,0.0032874810329666508,100,4.696533380855544,8.532216342469434e-06,2.2663699659684433e-05
live_in_the_inner_city_vs_suburbs,gender,q_tile_drift,pos,0.01743869036436081,0.13411925965100335,100,1.3002375952371543,0.19653846285953527,0.20624406596370987
live_in_the_inner_city_vs_suburbs,gender,xpos_reversals,neg,0.575,0.5288399731220373,100,10.872854345813804,1.3775415432011549e-18,2.2092647390961917e-18
live_in_the_inner_city_vs_suburbs,gender,xpos_reversals,pos,0.845,0.6059261214425935,100,13.945594522121235,4.256472411359842e-25,1.2060005165519554e-24
living_arrangements_and_residential_setting,gender,d_approach_retreat,-,0.195,1.4211515461665998,100,1.3721267131995254,0.17312510909496295,0.6315486295801807
living_arrangements_and_residential_setting,gender,d_latency,-,0.25,2.694457461178597,100,0.9278305692406298,0.3557520474635302,0.7924315266368609
living_arrangements_and_residential_setting,gender,d_peak_speed,-,0.0008958125114440918,0.003935802996756239,100,2.276060341898188,0.024996466704722903,0.12498233352361453
living_arrangements_and_residential_setting,gender,d_time_to_half,-,-0.065,4.745894025471924,100,-0.13696049606488317,0.8913401679725637,0.9368957328928497
living_arrangements_and_residential_setting,gender,pull_AUC,-,-5.065639452444389,12.542977478980905,100,-4.038625964953868,0.00010619403737786688,0.0009026493177118685
living_arrangements_and_residential_setting,gender,pull_MAD,-,-10.554875153303147,30.09086335746576,100,-3.5076677687562614,0.0006814026278103637,0.005145193509934333
living_arrangements_and_residential_setting,gender,pull_early,-,-0.4307438433170317,5.194533245070718,100,-0.8292253085987662,0.40897183336123777,0.6667021321938377
living_arrangements_and_residential_setting,gender,pull_final,-,-9.027703445370092,35.11684802556403,94,-2.492445570228291,0.014456461940943422,0.10239993874834924
living_arrangements_and_residential_setting,gender,pull_release,-,-10.494108251295984,28.641414832388996,100,-3.6639629406256757,0.0004012411883749317,0.002623500077836092
living_arrangements_and_residential_setting,gender,pull_tcp,-,-5.967850172892213,28.044437360060304,100,-2.127997825833144,0.0358203027449827,0.13237937970971866
living_arrangements_and_residential_setting,gender,q_exploded,-,0.015,0.08572330399888264,100,1.7498158960596661,0.083248625244961,nan
living_arrangements_and_residential_setting,gender,q_jerk_in_grasp,-,0.0,0.0,100,nan,nan,nan
living_arrangements_and_residential_setting,gender,q_tile_drift,-,0.0019055148959159851,0.005490844107766406,100,3.470349655749233,0.0007715081647773604,0.001192330800110466
living_arrangements_and_residential_setting,gender,xpos_reversals,-,0.95,0.6092717958449424,100,15.592384326317505,2.076941751135998e-28,7.675654297676514e-28
marital_status,gender,d_approach_retreat,-,0.0425,1.1928961619239253,400,0.7125515423145499,0.47653977803549774,0.7501089098706909
marital_status,gender,d_latency,-,0.19625,2.689832510554717,400,1.4591986618492307,0.14529723241916068,0.6861258197571476
marital_status,gender,d_peak_speed,-,0.0005857598129659892,0.003737415679738197,400,3.134571389217381,0.0018483266417906373,0.01428252405020038
marital_status,gender,d_time_to_half,-,-0.0175,1.4624605043614145,400,-0.2393227023609968,0.8109782480932464,0.9305084664209727
marital_status,gender,pull_AUC,-,-1.847461226828222,8.754480797984378,400,-4.2206071826751375,3.0193732736034273e-05,0.0002851630313958793
marital_status,gender,pull_MAD,-,-3.6557482411240927,18.3126747345768,400,-3.9925879688361934,7.77985390766216e-05,0.0007347639801680929
marital_status,gender,pull_early,-,-0.3894194047898054,4.1670216898452646,400,-1.8690538892024147,0.06234771252007359,0.6667021321938377
marital_status,gender,pull_final,-,-2.5107959165079348,26.300515088480285,370,-1.8363185508735567,0.06711487092728244,0.2668499826154482
marital_status,gender,pull_release,-,-3.719089548831107,18.37520793533247,400,-4.047942817212878,6.207485790361921e-05,0.0005276362921807634
marital_status,gender,pull_tcp,-,-1.7013337116804905,19.682552997259933,400,-1.7287734085281905,0.08462320506577187,0.22478038845595652
marital_status,gender,q_exploded,-,0.0075,0.06085234193354429,400,2.4649831910136215,0.014122232561843948,nan
marital_status,gender,q_jerk_in_grasp,-,0.0,0.0,400,nan,nan,nan
marital_status,gender,q_tile_drift,-,0.0008891665376722813,0.0032395202391705,400,5.489495184632389,7.183216145014627e-08,3.392074290701352e-07
marital_status,gender,xpos_reversals,-,0.74875,0.5641756578693651,400,26.543151571894764,3.597237818702041e-90,2.548043454913946e-89
medical_conditions,gender,d_approach_retreat,-,0.08285714285714285,1.1109381294600742,700,1.973281756490745,0.048856984248166015,0.5023200182996226
medical_conditions,gender,d_latency,-,0.20642857142857143,2.643566182691978,700,2.0659920189407663,0.03919714809663387,0.4164696985267349
medical_conditions,gender,d_peak_speed,-,0.00043560114290033065,0.0037284735754151564,700,3.0910566257706593,0.0020736864497914323,0.014688612352689312
medical_conditions,gender,d_time_to_half,-,-0.002857142857142857,2.90576711490402,700,-0.026014780817815934,0.9792529739785674,0.9909107474783122
medical_conditions,gender,pull_AUC,-,-1.7891836265952235,10.126958856120487,700,-4.674389412512185,3.5382427548595497e-06,4.992720171185357e-05
medical_conditions,gender,pull_MAD,-,-4.0308164272274425,23.444746363502308,700,-4.5487964261365414,6.360064966377984e-06,7.722936030601838e-05
medical_conditions,gender,pull_early,-,-0.08043831852929935,3.65353457114942,700,-0.5825038262653438,0.5604152094633488,0.7683111742642685
medical_conditions,gender,pull_final,-,-3.8655202871735366,30.825223285325944,641,-3.1749050418642057,0.0015707966024851774,0.02225295186854001
medical_conditions,gender,pull_release,-,-4.572363131425975,23.20436802451832,700,-5.213387297103425,2.444447657455623e-07,4.155561017674558e-06
medical_conditions,gender,pull_tcp,-,-2.971745772104311,21.927357385277713,700,-3.5857035275826767,0.0003595755894197059,0.005093987516779167
medical_conditions,gender,q_exploded,-,0.0064285714285714285,0.0563693042993972,700,3.0173161611286927,0.0026428646162118454,nan
medical_conditions,gender,q_jerk_in_grasp,-,0.0,0.0,700,nan,nan,nan
medical_conditions,gender,q_tile_drift,-,0.0011124725693038532,0.003652982673530421,700,8.057321979889078,3.372086017053986e-15,9.554243714986295e-14
medical_conditions,gender,xpos_reversals,-,0.7985714285714286,0.6204647427828457,700,34.05223953008784,1.4111675245975528e-150,1.4993654948849e-149
military_service,gender,d_approach_retreat,-,0.0725,1.5040961659355128,200,0.6816750523945244,0.4962370133587366,0.7547908014804762
military_service,gender,d_latency,-,0.1025,2.78965132635121,200,0.5196236847736883,0.6039033784941492,0.935019736863657
military_service,gender,d_peak_speed,-,0.00015740474686026573,0.006033445455655753,200,0.36894992989954467,0.7125572889790868,0.9040576319952786
military_service,gender,d_time_to_half,-,0.195,1.980932981548577,200,1.3921301085469915,0.1654367967268146,0.8418710036255962
military_service,gender,pull_AUC,-,0.5088612230776488,10.302497852153016,200,0.6985087047523936,0.4856745958641778,0.5733658423396544
military_service,gender,pull_MAD,-,0.9529393291944871,22.92752312067232,200,0.5877912395388503,0.5573388329944744,0.640186497358518
military_service,gender,pull_early,-,0.08398073352873318,3.78917577853342,200,0.31343674528697474,0.7542771520954958,0.843599446422594
military_service,gender,pull_final,-,-1.0266691597329605,25.137562645584993,185,-0.5555117055387487,0.579219487649125,0.7574408684642403
military_service,gender,pull_release,-,0.8388055249815807,21.45448623207537,200,0.5529147315813795,0.5809423710450816,0.6764397471072868
military_service,gender,pull_tcp,-,0.2490607014624402,26.107540999844165,200,0.13491313558195384,0.89281691304295,0.9472474388347417
military_service,gender,q_exploded,-,0.0075,0.060928741639631336,200,1.740820741142487,0.08326060366701066,nan
military_service,gender,q_jerk_in_grasp,-,0.0,0.0,200,nan,nan,nan
military_service,gender,q_tile_drift,-,0.005673164129257202,0.06448900046158884,200,1.2440983106790142,0.214926778906882,0.22278995374493865
military_service,gender,xpos_reversals,-,0.7675,0.5133335236789657,200,21.14432155808619,8.774047690625273e-53,4.3870238453126366e-52
occupation_and_employment,gender,d_approach_retreat,-,0.0035714285714285713,1.1422993699137993,1400,0.11698388747802276,0.9068896128908821,0.9726638503907625
occupation_and_employment,gender,d_latency,-,0.12142857142857143,2.6476225248717213,1400,1.7160456484374962,0.08637507556329771,0.5782384516351915
occupation_and_employment,gender,d_peak_speed,-,0.000249011404812336,0.0033697094519208794,1400,2.7649723974745517,0.005767534112240174,0.037710799964647296
occupation_and_employment,gender,d_time_to_half,-,0.05607142857142857,2.0716004719216508,1400,1.0127439037829484,0.3113576194091978,0.8418710036255962
occupation_and_employment,gender,pull_AUC,-,-0.8466019586824528,8.919658951951213,1400,-3.5513627700625707,0.00039595546240093414,0.0024040153074342432
occupation_and_employment,gender,pull_MAD,-,-1.8772606156532934,20.18925922748139,1400,-3.4791103379849924,0.0005185236637700462,0.0044074511420453925
occupation_and_employment,gender,pull_early,-,-0.08822784732495036,4.114851889312245,1400,-0.8022606537066389,0.4225384527445134,0.6667021321938377
occupation_and_employment,gender,pull_final,-,-1.9248511520512754,25.968156561466017,1293,-2.665356422648417,0.007786531781933798,0.0827319001830466
occupation_and_employment,gender,pull_release,-,-2.323766951824382,20.09579372670815,1400,-4.326646610071038,1.6214541898836236e-05,0.00015313734015567557
occupation_and_employment,gender,pull_tcp,-,-1.6387487953345823,21.686736708304682,1400,-2.827367075832345,0.004760086495458322,0.043238610061409985
occupation_and_employment,gender,q_exploded,-,0.006071428571428571,0.05478134362270195,1400,4.1468872539924035,3.572959486922056e-05,nan
occupation_and_employment,gender,q_jerk_in_grasp,-,0.0,0.0,1400,nan,nan,nan
occupation_and_employment,gender,q_tile_drift,-,0.0022187075045491966,0.02701332955236865,1400,3.073165530148191,0.0021589361209918877,0.0031103316997340754
occupation_and_employment,gender,xpos_reversals,-,0.765,0.5678955546331764,1400,50.40306932374156,8.21946e-317,3.49327045e-315
operations_manager_vs_hr_manager,gender,d_approach_retreat,neg,0.465,1.7584643782849199,100,2.644352684889345,0.00951853710724919,0.5023200182996226
operations_manager_vs_hr_manager,gender,d_approach_retreat,pos,0.0,0.5550502752731576,100,0.0,1.0,1.0
operations_manager_vs_hr_manager,gender,d_latency,neg,-0.06,2.0844300143800667,100,-0.28784847457612855,0.7740644526933826,0.9485309149289746
operations_manager_vs_hr_manager,gender,d_latency,pos,-0.05,2.512091968978457,100,-0.19903729886263885,0.8426417731724417,0.9485309149289746
operations_manager_vs_hr_manager,gender,d_peak_speed,neg,0.0003470668941736221,0.0023979938008999425,100,1.4473218990114634,0.15096600323901674,0.3774150080975418
operations_manager_vs_hr_manager,gender,d_peak_speed,pos,-9.177614003419877e-05,0.0019686380537925433,100,-0.4661910291604584,0.6421029119634247,0.8803023793046951
operations_manager_vs_hr_manager,gender,d_time_to_half,neg,-0.095,3.9438579020440323,100,-0.24088088962526558,0.8101455879002792,0.9305084664209727
operations_manager_vs_hr_manager,gender,d_time_to_half,pos,0.055,0.8037004065162239,100,0.6843346047118086,0.49536278176742865,0.8560451993976611
operations_manager_vs_hr_manager,gender,pull_AUC,neg,-1.649451410426933,10.483462321159925,100,-1.5733842121010575,0.11882040056631189,0.24425803486097716
operations_manager_vs_hr_manager,gender,pull_AUC,pos,-1.075935215259873,8.601006531019236,100,-1.2509410513520125,0.213904232651569,0.3496511495266032
operations_manager_vs_hr_manager,gender,pull_MAD,neg,-4.579763996368274,28.447716109827194,100,-1.6098881114699415,0.11060643733848523,0.23608462579622627
operations_manager_vs_hr_manager,gender,pull_MAD,pos,-2.252733094058931,21.78026111009593,100,-1.0343003156260184,0.30351574274437226,0.46069353809413643
operations_manager_vs_hr_manager,gender,pull_early,neg,0.899834007024765,4.572621396830442,100,1.967873412061829,0.051880141991203096,0.6667021321938377
operations_manager_vs_hr_manager,gender,pull_early,pos,-0.0029306299984454753,0.03324529242778784,100,-0.8815172869395275,0.3801731065664379,0.6667021321938377
operations_manager_vs_hr_manager,gender,pull_final,neg,-0.06522224880644076,30.155298512975655,84,-0.019823109495808774,0.9842320595128884,0.9842320595128884
operations_manager_vs_hr_manager,gender,pull_final,pos,-3.1598914694891236,35.62801788712687,89,-0.8367110569257374,0.40502142004016317,0.6977361291224661
operations_manager_vs_hr_manager,gender,pull_release,neg,-3.196438836166635,21.99576374421314,100,-1.4532065689274303,0.1493289357647434,0.28847635318189063
operations_manager_vs_hr_manager,gender,pull_release,pos,-2.3037328687496483,20.137497646777398,100,-1.1440015582662597,0.255381548846779,0.4019894750365966
operations_manager_vs_hr_manager,gender,pull_tcp,neg,-1.16134813928511,20.72125421014639,100,-0.5604622806646729,0.5764303279032063,0.7590285099449959
operations_manager_vs_hr_manager,gender,pull_tcp,pos,-4.6416284260340035,20.38441976811822,100,-2.2770471167855533,0.024935225814833213,0.11155232601372753
operations_manager_vs_hr_manager,gender,q_exploded,neg,0.01,0.07035264706814483,100,1.421410624438029,0.15833990565972564,nan
operations_manager_vs_hr_manager,gender,q_exploded,pos,0.005,0.049999999999999996,100,1.0,0.3197484741393017,nan
operations_manager_vs_hr_manager,gender,q_jerk_in_grasp,neg,0.0,0.0,100,nan,nan,nan
operations_manager_vs_hr_manager,gender,q_jerk_in_grasp,pos,0.0,0.0,100,nan,nan,nan
operations_manager_vs_hr_manager,gender,q_tile_drift,neg,0.0026842026039958,0.004740501506679007,100,5.662275605680037,1.4632255375784276e-07,5.922579556865064e-07
operations_manager_vs_hr_manager,gender,q_tile_drift,pos,0.004686027504503727,0.021002267713895524,100,2.231200729530438,0.027923808225253373,0.03296560693259079
operations_manager_vs_hr_manager,gender,xpos_reversals,neg,0.66,0.6108447537069571,100,10.804709314350998,1.9364455955069978e-18,2.992688647601724e-18
operations_manager_vs_hr_manager,gender,xpos_reversals,pos,0.49,0.5269504413858742,100,9.298787163197074,3.703662473942597e-15,4.918926723205011e-15
parenthood_and_caregiving,gender,d_approach_retreat,-,0.0775,1.1788520734406318,200,0.9297311643523569,0.35363672083715714,0.7501089098706909
parenthood_and_caregiving,gender,d_latency,-,0.1975,2.5977848603963576,200,1.075174402725832,0.28359850759887273,0.7924315266368609
parenthood_and_caregiving,gender,d_peak_speed,-,0.001015726774930954,0.003604203166760823,200,3.985498359305347,9.447688871924325e-05,0.0016061071082271352
parenthood_and_caregiving,gender,d_time_to_half,-,-0.06,1.909089603863027,200,-0.44446742348125906,0.6571876683462081,0.9305084664209727
parenthood_and_caregiving,gender,pull_AUC,-,-3.576970620225839,10.678067135798127,200,-4.737374563205891,4.111651905682059e-06,4.992720171185357e-05
parenthood_and_caregiving,gender,pull_MAD,-,-7.592668804945424,24.16744209032108,200,-4.443025107262513,1.4709880520172789e-05,0.0001562924805268359
parenthood_and_caregiving,gender,pull_early,-,-0.16760975122451782,5.138219444698023,200,-0.46131930704572,0.6450733641262927,0.7962036133954318
parenthood_and_caregiving,gender,pull_final,-,-8.947257577705926,29.734810286172806,185,-4.092706794023755,6.374639020706646e-05,0.0010836886335201298
parenthood_and_caregiving,gender,pull_release,-,-7.7157472260296345,23.037018050343907,200,-4.736600174140507,4.12578511145488e-06,4.38364668092081e-05
parenthood_and_caregiving,gender,pull_tcp,-,-5.051209356170148,21.079426119957162,200,-3.3888440497526267,0.0008461253932067857,0.010274379774653826
parenthood_and_caregiving,gender,q_exploded,-,0.005,0.04987421363720583,200,1.4177803109441922,0.15781883619217796,nan
parenthood_and_caregiving,gender,q_jerk_in_grasp,-,0.0,0.0,200,nan,nan,nan
parenthood_and_caregiving,gender,q_tile_drift,-,0.0010952380299568175,0.006601045458466464,200,2.346447219212997,0.019936713139602477,0.02386789601220015
parenthood_and_caregiving,gender,xpos_reversals,-,0.7725,0.6196073890641675,200,17.63181001736048,1.5877749403383684e-42,7.497826107153406e-42
personality_type,gender,d_approach_retreat,-,-0.0190625,0.982863995990994,1600,-0.7757940092527174,0.43798534575212433,0.7501089098706909
personality_type,gender,d_latency,-,0.1428125,2.764706239406392,1600,2.0662231374088145,0.03896813612675394,0.4164696985267349
personality_type,gender,d_peak_speed,-,0.0004559871694073081,0.003525854835649724,1600,5.173067986768451,2.593585639598562e-07,1.1022738968293889e-05
personality_type,gender,d_time_to_half,-,-0.04875,1.7438711582669737,1600,-1.1182018756121144,0.2636487485587624,0.8418710036255962
personality_type,gender,pull_AUC,-,-1.5011600730947599,9.750821840083368,1600,-6.158086355034563,9.29424189274233e-10,3.95005280441549e-08
personality_type,gender,pull_MAD,-,-3.253283916373448,22.03628436657835,1600,-5.905322081081125,4.2905715996582306e-09,1.2156619532364987e-07
personality_type,gender,pull_early,-,-0.04655785195063802,2.407110115055691,1600,-0.773672158318538,0.43923905179829303,0.6667021321938377
personality_type,gender,pull_final,-,-3.2500837190253455,27.39900110544524,1453,-4.52160505182014,6.6362363030256416e-06,0.0002820400428785898
personality_type,gender,pull_release,-,-3.6602930289836877,21.987653143709878,1600,-6.6588152997689205,3.783873328742238e-11,1.6081461647154512e-09
personality_type,gender,pull_tcp,-,-2.8503300012016553,21.272646807150217,1600,-5.359615147173121,9.55747085747566e-08,8.123850228854311e-06
personality_type,gender,q_exploded,-,0.0078125,0.062029183502636503,1600,5.037951208671277,5.239018506576221e-07,nan
personality_type,gender,q_jerk_in_grasp,-,0.0,0.0,1600,nan,nan,nan
personality_type,gender,q_tile_drift,-,0.0012068497645668684,0.01698077604014667,1600,2.8428612725674802,0.00452785355166148,0.006309304129364357
personality_type,gender,xpos_reversals,-,0.7659375,0.6229876139002851,1600,49.17834530961287,3.36e-322,2.8557e-320
physical_appearance,gender,d_approach_retreat,-,0.06416666666666666,1.185666117564654,1200,1.8747255263949558,0.06107343935822081,0.5023200182996226
physical_appearance,gender,d_latency,-,0.1825,2.7035226302320483,1200,2.3384252001189183,0.019528861591519977,0.4164696985267349
physical_appearance,gender,d_peak_speed,-,0.0006297122438748677,0.0037479219560701362,1200,5.820257803250074,7.534132209918156e-09,6.404012378430433e-07
physical_appearance,gender,d_time_to_half,-,-0.051666666666666666,1.8246291719784922,1200,-0.9809038800728639,0.32683802396522177,0.8418710036255962
physical_appearance,gender,pull_AUC,-,-1.6990199876732295,9.003708005181634,1200,-6.536837800673914,9.273198796247638e-11,7.882218976810492e-09
physical_appearance,gender,pull_MAD,-,-3.8427903087531985,19.467882094651905,1200,-6.837834773431572,1.2777356536753692e-11,1.0860753056240638e-09
physical_appearance,gender,pull_early,-,-0.12393549177795649,3.4364325637708024,1200,-1.2493338055492405,0.21178684157410008,0.6667021321938377
physical_appearance,gender,pull_final,-,-3.763927105684589,28.942947179879113,1088,-4.28956150938261,1.94954674541401e-05,0.0004142786834004771
physical_appearance,gender,pull_release,-,-4.068173550058418,19.58075894195357,1200,-7.197150328644026,1.0815737430157942e-12,9.19337681563425e-11
physical_appearance,gender,pull_tcp,-,-2.178159289081426,19.957103080817276,1200,-3.780791771620832,0.0001640275140140722,0.0027884677382392278
physical_appearance,gender,q_exploded,-,0.00625,0.055574375924366606,1200,3.8957945518049875,0.00010328552616482796,nan
physical_appearance,gender,q_jerk_in_grasp,-,0.0,0.0,1200,nan,nan,nan
physical_appearance,gender,q_tile_drift,-,0.0007059831110139688,0.0028154173524995874,1200,8.686446550996118,1.2047125290051987e-17,5.120028248272095e-16
physical_appearance,gender,xpos_reversals,-,0.7925,0.5635823846196265,1200,48.71160996008651,1.7611935197479088e-286,4.990048305952408e-285
pilot_vs_flight_attendant,gender,d_approach_retreat,neg,0.0,1.5225576567676569,100,0.0,1.0,1.0
pilot_vs_flight_attendant,gender,d_approach_retreat,pos,0.09,1.243934780192972,100,0.7235106006605769,0.4710723104120993,0.7501089098706909
pilot_vs_flight_attendant,gender,d_latency,neg,0.11,1.3476129288711227,100,0.8162581231106585,0.41631225315596576,0.8229428260059788
pilot_vs_flight_attendant,gender,d_latency,pos,0.04,3.138776703099345,100,0.12743818303641194,0.8988520922050879,0.9671193397143351
pilot_vs_flight_attendant,gender,d_peak_speed,neg,0.0003064705431461334,0.0027084153791228456,100,1.1315492649631451,0.26055750194985433,0.5150555271101772
pilot_vs_flight_attendant,gender,d_peak_speed,pos,-6.838060915470123e-05,0.004493246606932118,100,-0.15218530193558613,0.879350505146351,0.934309911717998
pilot_vs_flight_attendant,gender,d_time_to_half,neg,-0.105,2.6259149439632075,100,-0.3998606285454431,0.6901206001396292,0.9305084664209727
pilot_vs_flight_attendant,gender,d_time_to_half,pos,-0.245,2.8652348432669013,100,-0.8550782515287799,0.3945724497237839,0.8418710036255962
pilot_vs_flight_attendant,gender,pull_AUC,neg,0.1360644138639909,8.927415905257808,100,0.15241186846000493,0.8791722869110523,0.9113371266760909
pilot_vs_flight_attendant,gender,pull_AUC,pos,0.2907320149894799,15.134841492046174,100,0.1920945225242488,0.8480616375293064,0.8899412245677907
pilot_vs_flight_attendant,gender,pull_MAD,neg,0.4473087878897786,21.807458534495552,100,0.20511733963965356,0.8379015996513716,0.901539695827425
pilot_vs_flight_attendant,gender,pull_MAD,pos,-0.022932408191263604,33.650510257871616,100,-0.006814876807372985,0.9945762708849286,0.9945762708849285
pilot_vs_flight_attendant,gender,pull_early,neg,-0.17571183666586865,4.884410259795675,100,-0.35974012689347484,0.7198077304933983,0.8157820945591847
pilot_vs_flight_attendant,gender,pull_early,pos,0.9491363354027271,6.030011486286986,100,1.5740207751862232,0.11867311434399154,0.6667021321938377
pilot_vs_flight_attendant,gender,pull_final,neg,-1.412884397980045,32.430519213584255,85,-0.4016633355267474,0.6889519051247563,0.8248015765578068
pilot_vs_flight_attendant,gender,pull_final,pos,-4.157437964121201,29.382836140600602,81,-1.273428524668143,0.20655372721497423,0.4876963003686891
pilot_vs_flight_attendant,gender,pull_release,neg,-0.5928614735603333,19.369202547218354,100,-0.3060846062789896,0.7601829741686597,0.807694410054201
pilot_vs_flight_attendant,gender,pull_release,pos,-0.17796403029933572,30.791895209835058,100,-0.057795737835095416,0.9540278280883379,0.9653853022322467
pilot_vs_flight_attendant,gender,pull_tcp,neg,-1.4912844280479476,19.041469630342817,100,-0.7831771690939061,0.435392621890368,0.6728795065578413
pilot_vs_flight_attendant,gender,pull_tcp,pos,-5.749829248525202,21.643135213684065,100,-2.65665264840642,0.00920079550976698,0.05716428376180121
pilot_vs_flight_attendant,gender,q_exploded,neg,0.015,0.11135075167680683,100,1.3470946333202292,0.18102514023295715,nan
pilot_vs_flight_attendant,gender,q_exploded,pos,0.025,0.10952145677879517,100,2.2826577307580465,0.024589522572171077,nan
pilot_vs_flight_attendant,gender,q_jerk_in_grasp,neg,0.0,0.0,100,nan,nan,nan
pilot_vs_flight_attendant,gender,q_jerk_in_grasp,pos,0.0,0.0,100,nan,nan,nan
pilot_vs_flight_attendant,gender,q_tile_drift,neg,0.0060376027971506116,0.008284280264302881,100,7.288023346055486,7.766168902673335e-11,1.1002072612120556e-09
pilot_vs_flight_attendant,gender,q_tile_drift,pos,0.011998885981738568,0.04214103998079373,100,2.847316057507646,0.005361342526629488,0.007233557377198515
pilot_vs_flight_attendant,gender,xpos_reversals,neg,0.345,0.48039861394765526,100,7.1815361240320215,1.2972821991579367e-10,1.3285420111858386e-10
pilot_vs_flight_attendant,gender,xpos_reversals,pos,0.665,0.4497754770971622,100,14.785154679661296,8.375636833083697e-27,2.847716523248457e-26
political_orientation,gender,d_approach_retreat,-,0.12166666666666667,1.3051341461142607,300,1.614645121971733,0.10744230579961606,0.5372115289980803
political_orientation,gender,d_latency,-,0.145,2.0568366301378735,300,1.22103702072173,0.22303396321397276,0.7450921766894866
political_orientation,gender,d_peak_speed,-,9.807797769705454e-05,0.0032229233308656603,300,0.5270868185042362,0.5985241425603155,0.8581269579965293
political_orientation,gender,d_time_to_half,-,0.045,2.1170928037758125,300,0.36815715495130985,0.7130165563780545,0.9305084664209727
political_orientation,gender,pull_AUC,-,-0.7345990175604817,7.662337302544121,300,-1.6605413875247625,0.09785384586698019,0.21327120253059784
political_orientation,gender,pull_MAD,-,-1.289994165347889,15.826024860466024,300,-1.4118108972717467,0.1590454680801973,0.281643016392016
political_orientation,gender,pull_early,-,-0.4197402950376271,4.797400184582197,300,-1.5154281256868625,0.1307204453468493,0.6667021321938377
political_orientation,gender,pull_final,-,-0.7248448471174292,24.219435070815297,276,-0.49720511534426604,0.6194416952698745,0.7765884332945905
political_orientation,gender,pull_release,-,-0.8810811289974178,15.831526908949881,300,-0.9639482595648771,0.3358508217206866,0.49900576366027494
political_orientation,gender,pull_tcp,-,0.4332336488490303,21.669125515899147,300,0.34629117395826653,0.7293674554475394,0.8278671669725411
political_orientation,gender,q_exploded,-,0.008333333333333333,0.06411649792820473,300,2.2511767167793577,0.025100436393133495,nan
political_orientation,gender,q_jerk_in_grasp,-,0.0,0.0,300,nan,nan,nan
political_orientation,gender,q_tile_drift,-,0.0024755572527647017,0.027793201390357753,300,1.5427481270011767,0.12394956948375421,0.13169641757648884
political_orientation,gender,xpos_reversals,-,0.7266666666666667,0.5504229649612603,300,22.8664802698043,1.2895294852524039e-67,7.307333749763623e-67
professor_vs_elementary_school_teacher,gender,d_approach_retreat,neg,0.065,1.920983281467272,100,0.33836837950173176,0.7358021443961152,0.893474032480997
professor_vs_elementary_school_teacher,gender,d_approach_retreat,pos,0.065,0.7022870287190778,100,0.9255474947124602,0.3569318691021631,0.7501089098706909
professor_vs_elementary_school_teacher,gender,d_latency,neg,0.145,2.7945609148971347,100,0.5188650539948503,0.6050127709117781,0.935019736863657
professor_vs_elementary_school_teacher,gender,d_latency,pos,0.25,2.3968624272055115,100,1.043030243047673,0.2994746030234797,0.7924315266368609
professor_vs_elementary_school_teacher,gender,d_peak_speed,neg,0.000957968644797802,0.004422358705560388,100,2.166193899181706,0.032696928943221175,0.14140790735639241
professor_vs_elementary_school_teacher,gender,d_peak_speed,pos,0.0001123381033539772,0.0035882460433976165,100,0.3130724649182841,0.7548841989954456,0.9040576319952786
professor_vs_elementary_school_teacher,gender,d_time_to_half,neg,0.115,1.7449132420330307,100,0.6590585550603729,0.5113882175293563,0.8560451993976611
professor_vs_elementary_school_teacher,gender,d_time_to_half,pos,0.2,1.2712834523274563,100,1.5732132722552274,0.11885997692806183,0.8418710036255962
professor_vs_elementary_school_teacher,gender,pull_AUC,neg,-2.7595321659275505,12.597214422624548,100,-2.190589183725762,0.03082837034158154,0.10344244874437811
professor_vs_elementary_school_teacher,gender,pull_AUC,pos,-0.7846541058000877,13.09957654301795,100,-0.5989919622388915,0.5505464614879534,0.6239526563530138
professor_vs_elementary_school_teacher,gender,pull_MAD,neg,-4.8615778000094,28.556506774444607,100,-1.7024413519513721,0.0918106960312411,0.2119651497304429
professor_vs_elementary_school_teacher,gender,pull_MAD,pos,-1.3884116563713178,30.570182133709878,100,-0.45417186273166166,0.6506993031401536,0.7374592102255074
professor_vs_elementary_school_teacher,gender,pull_early,neg,-0.691221629967913,4.036090857492321,100,-1.712601758418735,0.08991626821559225,0.6667021321938377
professor_vs_elementary_school_teacher,gender,pull_early,pos,-0.09833574295043951,0.9748050178042413,100,-1.0087734588394077,0.3155425177735669,0.6667021321938377
professor_vs_elementary_school_teacher,gender,pull_final,neg,-5.164296945763959,31.052815079719952,90,-1.5777256413120444,0.1181765867604343,0.36598297295127674
professor_vs_elementary_school_teacher,gender,pull_final,pos,-0.6538498913869262,34.084594352339714,90,-0.1819873415475574,0.8560065230967502,0.9095069307902971
professor_vs_elementary_school_teacher,gender,pull_release,neg,-5.096848684042925,24.728595677443145,100,-2.06111529766009,0.04191348953067061,0.13194987444840747
professor_vs_elementary_school_teacher,gender,pull_release,pos,-1.2164159212261438,26.828743463066285,100,-0.4534002581599542,0.6512528036829475,0.71891543263702
professor_vs_elementary_school_teacher,gender,pull_tcp,neg,-6.098435931489803,30.20917993886418,100,-2.0187360080053516,0.04621890699603226,0.15110027287164393
professor_vs_elementary_school_teacher,gender,pull_tcp,pos,-1.7341212485916913,34.92369940737442,100,-0.4965456918992716,0.6206102233122139,0.7645198403121476
professor_vs_elementary_school_teacher,gender,q_exploded,neg,0.01,0.07035264706814484,100,1.4214106244380287,0.15833990565972564,nan
professor_vs_elementary_school_teacher,gender,q_exploded,pos,0.0,0.0,100,nan,nan,nan
professor_vs_elementary_school_teacher,gender,q_jerk_in_grasp,neg,0.0,0.0,100,nan,nan,nan
professor_vs_elementary_school_teacher,gender,q_jerk_in_grasp,pos,0.0,0.0,100,nan,nan,nan
professor_vs_elementary_school_teacher,gender,q_tile_drift,neg,0.00452540822327137,0.013029428385680206,100,3.4732208423240967,0.0007641951935927659,0.001192330800110466
professor_vs_elementary_school_teacher,gender,q_tile_drift,pos,0.0030745672434568405,0.005610382826645174,100,5.480138055561766,3.242108891848322e-07,1.2526329809413972e-06
professor_vs_elementary_school_teacher,gender,xpos_reversals,neg,0.795,0.6075908711186061,100,13.084462551854408,2.5997321527870864e-23,6.138256471858399e-23
professor_vs_elementary_school_teacher,gender,xpos_reversals,pos,0.77,0.6333333333333333,100,12.157894736842104,2.361131821518648e-21,4.667353600676397e-21
programmer_vs_typist,gender,d_approach_retreat,neg,-0.15,0.6981215777883801,100,-2.1486228870792634,0.0341030728764767,0.5023200182996226
programmer_vs_typist,gender,d_approach_retreat,pos,0.08,0.7202693099028161,100,1.1106956648034076,0.269389711603548,0.7386492092355349
programmer_vs_typist,gender,d_latency,neg,-0.5,2.706147136286629,100,-1.847645286154319,0.0676395266661117,0.5749359766619494
programmer_vs_typist,gender,d_latency,pos,-0.095,2.8415167026989594,100,-0.3343284940389971,0.7388389169537367,0.9485309149289746
programmer_vs_typist,gender,d_peak_speed,neg,-2.0881593227386473e-05,0.003464847344446928,100,-0.06026699346755685,0.952064483116785,0.9633985841062706
programmer_vs_typist,gender,d_peak_speed,pos,0.00021790523082017898,0.0032923065115620536,100,0.6618619197663725,0.5095973849662075,0.7734960307522794
programmer_vs_typist,gender,d_time_to_half,neg,-0.255,1.102098549187509,100,-2.31376767701937,0.022748113784795715,0.7544926785476879
programmer_vs_typist,gender,d_time_to_half,pos,0.06,0.6562827673397121,100,0.9142400651965031,0.36281202233118315,0.8418710036255962
programmer_vs_typist,gender,pull_AUC,neg,-0.03411207060045871,14.268854065811107,100,-0.023906664433686338,0.9809751790697494,0.992653455011056
programmer_vs_typist,gender,pull_AUC,pos,-2.1274002543368837,13.001771650874224,100,-1.636238746120295,0.1049649705584212,0.22305056243664506
programmer_vs_typist,gender,pull_MAD,neg,-0.291151853185147,32.810284862913086,100,-0.08873798395888016,0.9294694084977488,0.9753691323741809
programmer_vs_typist,gender,pull_MAD,pos,-4.497516329132486,29.751886436222552,100,-1.5116743399695205,0.13380231739832582,0.2699000770768757
programmer_vs_typist,gender,pull_early,neg,-0.148821897804737,2.348715995431894,100,-0.6336308778676787,0.5277829395936771,0.7476924977577092
programmer_vs_typist,gender,pull_early,pos,-0.29071522131562233,2.902375251081393,100,-1.0016458802400035,0.31895662254290513,0.6667021321938377
programmer_vs_typist,gender,pull_final,neg,1.7087241285480559,29.424294238051353,92,0.5570059199407005,0.5788907890107926,0.7574408684642403
programmer_vs_typist,gender,pull_final,pos,0.8475141243680435,38.61027950058453,85,0.20237341580696244,0.8401141571996424,0.9039202957211342
programmer_vs_typist,gender,pull_release,neg,-1.1931686790194362,30.197203925942414,100,-0.395125549354053,0.6936003010630752,0.7462788049412834
programmer_vs_typist,gender,pull_release,pos,-4.2663645395077765,28.511613741713372,100,-1.496360247496603,0.1377410827164681,0.2740981448800042
programmer_vs_typist,gender,pull_tcp,neg,0.12472668255213648,32.313996636631146,100,0.038598346083488264,0.9692883494755428,0.9692883494755428
programmer_vs_typist,gender,pull_tcp,pos,-1.77630637481343,22.18080676063963,100,-0.8008303728453773,0.4251475944262123,0.6728795065578413
programmer_vs_typist,gender,q_exploded,neg,0.005,0.049999999999999996,100,1.0,0.3197484741393017,nan
programmer_vs_typist,gender,q_exploded,pos,0.02,0.09847319278346621,100,2.0310096011589898,0.04493472521263044,nan
programmer_vs_typist,gender,q_jerk_in_grasp,neg,0.0,0.0,100,nan,nan,nan
programmer_vs_typist,gender,q_jerk_in_grasp,pos,0.0,0.0,100,nan,nan,nan
programmer_vs_typist,gender,q_tile_drift,neg,0.006037243194878101,0.01055954710822237,100,5.717331560722997,1.1477499573197477e-07,4.877937318608928e-07
programmer_vs_typist,gender,q_tile_drift,pos,0.0021001501008868217,0.0064468551057562514,100,3.257635027366514,0.0015395347807596008,0.0022562147649063113
programmer_vs_typist,gender,xpos_reversals,neg,0.68,0.6257117159804119,100,10.867624540712416,1.4140084427650204e-18,2.225754030278273e-18
programmer_vs_typist,gender,xpos_reversals,pos,0.715,0.591415866605494,100,12.089631685125946,3.301622875296879e-21,6.23639876444966e-21
religion,gender,d_approach_retreat,-,0.0425,1.2840788582444294,600,0.8107236825829633,0.4178463587771255,0.7501089098706909
religion,gender,d_latency,-,0.20833333333333334,2.382622933301178,600,2.141800769007047,0.032612177864296515,0.4164696985267349
religion,gender,d_peak_speed,-,0.0005257064911226431,0.003488927136630265,600,3.6908556908504857,0.00024388476107325602,0.0029614578130323947
religion,gender,d_time_to_half,-,0.0925,2.2478393446891514,600,1.0079804045728051,0.3138708671764564,0.8418710036255962
religion,gender,pull_AUC,-,-1.2099151544608249,7.937175241184414,600,-3.7339162490854427,0.0002065135150560352,0.0015957862527057264
religion,gender,pull_MAD,-,-2.3904420675787454,17.444468844529673,600,-3.3565730074307796,0.0008391229686782799,0.005486573256742599
religion,gender,pull_early,-,-0.1463415964196126,4.796667049696649,600,-0.7473152413091219,0.4551665467450222,0.6670544219539118
religion,gender,pull_final,-,-1.3502044623863882,26.092599250324852,543,-1.2058189637698529,0.22841342772441472,0.49782413734808334
religion,gender,pull_release,-,-2.6687810195532315,18.123923182292128,600,-3.606918693805301,0.0003357033454025319,0.0024065126097860662
religion,gender,pull_tcp,-,-0.370408890642769,17.79645883846952,600,-0.5098277058938692,0.6103599607344546,0.7645198403121476
religion,gender,q_exploded,-,0.009166666666666667,0.06713283039678894,600,3.344661001599369,0.0008753029298099732,nan
religion,gender,q_jerk_in_grasp,-,0.0,0.0,600,nan,nan,nan
religion,gender,q_tile_drift,-,0.001197613775730133,0.007300550930562777,600,4.018248331349778,6.610217407651945e-05,0.00013066708829079425
religion,gender,xpos_reversals,-,0.7825,0.5426181660463822,600,35.32365563234752,1.4034404346086287e-148,1.325471521574816e-147
restaurant_manager_vs_server,gender,d_approach_retreat,pos,0.3,2.0937617781969333,100,1.4328277606555049,0.15505735285604574,0.6315486295801807
restaurant_manager_vs_server,gender,d_latency,pos,0.15,1.6598344812210957,100,0.9037045663110277,0.3683458324341895,0.7924315266368609
restaurant_manager_vs_server,gender,d_peak_speed,pos,0.0002460872754454613,0.004752339091749723,100,0.5178234774380472,0.6057366762328442,0.8581269579965293
restaurant_manager_vs_server,gender,d_time_to_half,pos,0.2,2.0175993335414915,100,0.9912770919136856,0.3239669398716071,0.8418710036255962
restaurant_manager_vs_server,gender,pull_AUC,pos,-1.0111202567068978,8.725929672643687,100,-1.1587536166797452,0.24934409835311946,0.37846872071455634
restaurant_manager_vs_server,gender,pull_MAD,pos,-3.0224148406647147,20.65607429657016,100,-1.4632087381514558,0.14657801211393864,0.2699000770768757
restaurant_manager_vs_server,gender,pull_early,pos,0.45375671610236185,5.139999828974667,100,0.8827951968879301,0.37948553140190977,0.6667021321938377
restaurant_manager_vs_server,gender,pull_final,pos,-5.080993675536857,32.956059927161284,88,-1.4462877458029946,0.15168965802642856,0.42978736440821425
restaurant_manager_vs_server,gender,pull_release,pos,-2.9651915468275547,19.009232263914022,100,-1.559869176019536,0.1219819359850359,0.2592116139682013
restaurant_manager_vs_server,gender,pull_tcp,pos,0.520427793962881,26.13633574299063,100,0.19912041193549934,0.842576936388979,0.9210333285503542
restaurant_manager_vs_server,gender,q_exploded,pos,0.01,0.07035264706814484,100,1.4214106244380287,0.15833990565972564,nan
restaurant_manager_vs_server,gender,q_jerk_in_grasp,pos,0.0,0.0,100,nan,nan,nan
restaurant_manager_vs_server,gender,q_tile_drift,pos,0.00440877303481102,0.0074481073794757805,100,5.9193199160366055,4.6672318397887756e-08,2.333615919894388e-07
restaurant_manager_vs_server,gender,xpos_reversals,pos,0.545,0.5907322967848011,100,9.22583720183051,5.3407340259354884e-15,6.878218063704796e-15
safety_trust_and_aggression,gender,d_approach_retreat,-,-0.045,0.8074620421387928,100,-0.5573017386774579,0.5785791566931243,0.7932133599825092
safety_trust_and_aggression,gender,d_latency,-,0.06,2.706408406845956,100,0.22169603023781576,0.8250071796530613,0.9485309149289746
safety_trust_and_aggression,gender,d_peak_speed,-,0.0006344738230109214,0.002977231357876826,100,2.131086727043572,0.03555844903319753,0.14140790735639241
safety_trust_and_aggression,gender,d_time_to_half,-,0.22,0.9595874534444898,100,2.292651901713579,0.023984154940610264,0.7544926785476879
safety_trust_and_aggression,gender,pull_AUC,-,-1.9367126189408008,9.157821252917133,100,-2.1148181051512447,0.036956422888494656,0.11634429427859429
safety_trust_and_aggression,gender,pull_MAD,-,-4.176927265408449,20.305790574142588,100,-2.057012875296445,0.04231463166246618,0.1351111461619676
safety_trust_and_aggression,gender,pull_early,-,-0.30562556162476534,3.058035625125545,100,-0.9994179240871928,0.3200288296602467,0.6667021321938377
safety_trust_and_aggression,gender,pull_final,-,-1.6954271116686102,22.454523426619012,95,-0.7359309779185803,0.46360518100149706,0.7164807342750409
safety_trust_and_aggression,gender,pull_release,-,-4.302422245382331,19.318894410819038,100,-2.2270540714653286,0.0282089804845006,0.09591053364730204
safety_trust_and_aggression,gender,pull_tcp,-,-4.6475173137150705,17.142119329240785,100,-2.7111684526588267,0.007905081800161884,0.05599432941781335
safety_trust_and_aggression,gender,q_exploded,-,0.01,0.07035264706814484,100,1.4214106244380287,0.15833990565972564,nan
safety_trust_and_aggression,gender,q_jerk_in_grasp,-,0.0,0.0,100,nan,nan,nan
safety_trust_and_aggression,gender,q_tile_drift,-,0.0012398990243673324,0.004480144507320294,100,2.7675424806976867,0.006741742916327404,0.008953877310747333
safety_trust_and_aggression,gender,xpos_reversals,-,0.78,0.6447926610605735,100,12.096911877331753,3.1855944279352226e-21,6.153989235783953e-21
science_student_vs_arts_student,gender,d_approach_retreat,neg,0.21,1.5491607372700194,100,1.3555726978342397,0.17831961305793337,0.6315486295801807
science_student_vs_arts_student,gender,d_approach_retreat,pos,-0.075,0.6087534871200395,100,-1.2320257967608295,0.22085764833769111,0.6704607181679909
science_student_vs_arts_student,gender,d_latency,neg,0.1,1.8775655848072328,100,0.5326045641716791,0.5955007779812238,0.935019736863657
science_student_vs_arts_student,gender,d_latency,pos,-0.045,1.9463706188335732,100,-0.23119954424182446,0.8176369424810923,0.9485309149289746
science_student_vs_arts_student,gender,d_peak_speed,neg,-0.0005567965283989906,0.0040294017408916815,100,-1.3818342379426656,0.17013284777831658,0.4131797731759117
science_student_vs_arts_student,gender,d_peak_speed,pos,9.127561002969742e-05,0.003249020501016184,100,0.28093269956637545,0.7793483070736229,0.9040576319952786
science_student_vs_arts_student,gender,d_time_to_half,neg,0.255,2.062771255501989,100,1.2362010538970016,0.21930880788971524,0.8418710036255962
science_student_vs_arts_student,gender,d_time_to_half,pos,-0.12,1.5813304716617775,100,-0.7588546616311973,0.4497424592417736,0.8418710036255962
science_student_vs_arts_student,gender,pull_AUC,neg,-1.0832117841612563,12.29081771617904,100,-0.8813179148653132,0.3802804480913029,0.4908813126357138
science_student_vs_arts_student,gender,pull_AUC,pos,-2.619925942810718,12.616595755956192,100,-2.07657120311069,0.04043139477118468,0.1185058122603689
science_student_vs_arts_student,gender,pull_MAD,neg,-5.214228923129849,31.09577186012525,100,-1.676828909918831,0.09673093826659909,0.21637183559634007
science_student_vs_arts_student,gender,pull_MAD,pos,-5.742405983107164,29.311340818321426,100,-1.9591072338518887,0.05291310476688097,0.145084319522093
science_student_vs_arts_student,gender,pull_early,neg,-0.22599348798394192,3.714860548567223,100,-0.608349856015739,0.5443486917117005,0.7585186687785991
science_student_vs_arts_student,gender,pull_early,pos,0.0014074966311454842,0.006487910499140476,100,2.169414376680983,0.032444745173080054,0.6667021321938377
science_student_vs_arts_student,gender,pull_final,neg,-3.399460895230905,38.23158315393302,84,-0.8149433316279171,0.4174370194391416,0.6977361291224661
science_student_vs_arts_student,gender,pull_final,pos,-6.99851992069168,30.29813167593245,89,-2.179141129569193,0.03199294543831481,0.15996472719157404
science_student_vs_arts_student,gender,pull_release,neg,-3.205408154753968,27.600030959361334,100,-1.1613784634784126,0.2482805499690807,0.39818578768626145
science_student_vs_arts_student,gender,pull_release,pos,-5.459917081752792,27.437821540930926,100,-1.9899236802046583,0.04935730974998088,0.14466797685339225
science_student_vs_arts_student,gender,pull_tcp,neg,-1.7105646315030754,23.795756295924786,100,-0.718852811497327,0.4739249170977664,0.7051144888036246
science_student_vs_arts_student,gender,pull_tcp,pos,-5.538239912129939,20.912371091160797,100,-2.6483079742549287,0.009415293796061375,0.05716428376180121
science_student_vs_arts_student,gender,q_exploded,neg,0.015,0.08572330399888264,100,1.7498158960596661,0.083248625244961,nan
science_student_vs_arts_student,gender,q_exploded,pos,0.02,0.09847319278346618,100,2.0310096011589898,0.04493472521263044,nan
science_student_vs_arts_student,gender,q_jerk_in_grasp,neg,0.0,0.0,100,nan,nan,nan
science_student_vs_arts_student,gender,q_jerk_in_grasp,pos,0.0,0.0,100,nan,nan,nan
science_student_vs_arts_student,gender,q_tile_drift,neg,0.007034491896629334,0.011092984977813433,100,6.34138774252259,6.83006549510989e-09,5.277777882584915e-08
science_student_vs_arts_student,gender,q_tile_drift,pos,0.0015215155482292174,0.003418180185013371,100,4.451244422105458,2.2423165256581543e-05,5.1512676940795436e-05
science_student_vs_arts_student,gender,xpos_reversals,neg,0.61,0.5666666666666667,100,10.76470588235294,2.365217141364897e-18,3.590061732428861e-18
science_student_vs_arts_student,gender,xpos_reversals,pos,0.53,0.4862763067070474,100,10.899153273352747,1.207957496592706e-18,2.0132624943211765e-18
sexual_orientation,gender,d_approach_retreat,-,0.035,0.9551469857624153,400,0.7328714956277097,0.4640671317315883,0.7501089098706909
sexual_orientation,gender,d_latency,-,0.14375,2.561516025398032,400,1.1223822031537967,0.2623749123990163,0.7690299156522891
sexual_orientation,gender,d_peak_speed,-,0.00034649559296667576,0.0033549730454530517,400,2.0655640940917626,0.03951485891927014,0.1460331742668679
sexual_orientation,gender,d_time_to_half,-,0.0975,2.2011602659258434,400,0.8858964202589759,0.3762069430227847,0.8418710036255962
sexual_orientation,gender,pull_AUC,-,-1.6927829995918204,9.755597389595671,400,-3.4703830672577185,0.0005764434467543806,0.0032665128649414905
sexual_orientation,gender,pull_MAD,-,-3.553635748375382,21.6132552622394,400,-3.288385488681062,0.0010970187872031947,0.006660471208019396
sexual_orientation,gender,pull_early,-,-0.31610100608031644,4.057405134629149,400,-1.5581436686342067,0.11999198842996248,0.6667021321938377
sexual_orientation,gender,pull_final,-,-2.28123634662498,24.325298449777524,371,-1.8063381732646568,0.07167794020142497,0.2668499826154482
sexual_orientation,gender,pull_release,-,-3.795075401071699,21.000611041204053,400,-3.614252360205717,0.00033974295667567995,0.0024065126097860662
sexual_orientation,gender,pull_tcp,-,-1.9888321337930392,18.48935537017762,400,-2.151326635217281,0.0320501503484468,0.12383012634627172
sexual_orientation,gender,q_exploded,-,0.0025,0.035311006328336204,400,1.4159890979905676,0.15755883693205508,nan
sexual_orientation,gender,q_jerk_in_grasp,-,0.0,0.0,400,nan,nan,nan
sexual_orientation,gender,q_tile_drift,-,0.001147252693772316,0.010802767660577818,400,2.1239977195083948,0.034284896915858,0.039381300511458515
sexual_orientation,gender,xpos_reversals,-,0.74,0.6068943911464436,400,24.38645045317079,4.504942391165875e-81,2.945539255762303e-80
spoken_language,gender,d_approach_retreat,-,0.0022727272727272726,1.201396032882975,1100,0.06274187202329748,0.9499834628499528,0.9827831598158389
spoken_language,gender,d_latency,-,0.1572727272727273,2.7699629983078067,1100,1.8831104474615357,0.05994931475712001,0.5661879727061334
spoken_language,gender,d_peak_speed,-,0.000426583547483791,0.003820544941958181,1100,3.703182635557065,0.00022348925350285272,0.0029614578130323947
spoken_language,gender,d_time_to_half,-,-0.09181818181818181,2.4375225649101573,1100,-1.2493277494428674,0.21181123628738785,0.8418710036255962
spoken_language,gender,pull_AUC,-,-1.5478857745050287,9.691829213791424,1100,-5.296994219684079,1.4214811202177875e-07,3.0206473804627983e-06
spoken_language,gender,pull_MAD,-,-3.317518296889929,21.571218289158853,1100,-5.100761245113621,3.982292485060471e-07,8.4623715307535e-06
spoken_language,gender,pull_early,-,0.025586983866312286,3.8698720165074327,1100,0.21929000400903048,0.82646486785571,0.9123313476329267
spoken_language,gender,pull_final,-,-4.463506840066312,26.63469712117239,998,-5.294119167093869,1.4709992030313969e-07,1.2503493225766873e-05
spoken_language,gender,pull_release,-,-3.5357915085916662,21.35475271865595,1100,-5.491467836421436,4.949677513725525e-08,1.0518064716666741e-06
spoken_language,gender,pull_tcp,-,-2.9094949957851153,21.895601006924423,1100,-4.4071424334889,1.1499984460631509e-05,0.00024437466978841955
spoken_language,gender,q_exploded,-,0.008181818181818182,0.06346359919302466,1100,4.275840222907066,2.06958354734717e-05,nan
spoken_language,gender,q_jerk_in_grasp,-,0.0,0.0,1100,nan,nan,nan
spoken_language,gender,q_tile_drift,-,0.0007812780345028097,0.003657459089893555,1100,7.0847165578756295,2.484402288562458e-12,4.2234838905561786e-11
spoken_language,gender,xpos_reversals,-,0.75,0.5989450841527587,1100,41.530829095712726,1.9155724813820032e-227,3.2564732183494055e-226
sysadmin_vs_receptionist,gender,d_approach_retreat,neg,-0.08,1.3884807481124064,100,-0.5761693138976349,0.5658083209875169,0.7928562580890707
sysadmin_vs_receptionist,gender,d_approach_retreat,pos,-0.07,0.41450956782465437,100,-1.688742683730074,0.09441624803349398,0.5023200182996226
sysadmin_vs_receptionist,gender,d_latency,neg,0.01,2.563319344249963,100,0.03901191641389512,0.9689594505462924,0.9864219621680768
sysadmin_vs_receptionist,gender,d_latency,pos,-0.105,1.41830564727456,100,-0.7403199740603851,0.4608580114482219,0.8766530689019743
sysadmin_vs_receptionist,gender,d_peak_speed,neg,0.0004823683947324753,0.0037627477282401295,100,1.2819578392465953,0.2028514616923613,0.4521430815795563
sysadmin_vs_receptionist,gender,d_peak_speed,pos,3.851640969514847e-05,0.0022520327245304506,100,0.17102952934744384,0.8645496215049894,0.934309911717998
sysadmin_vs_receptionist,gender,d_time_to_half,neg,-0.165,1.1721839239279606,100,-1.407628927780283,0.16237314828398441,0.8418710036255962
sysadmin_vs_receptionist,gender,d_time_to_half,pos,-0.055,0.36855573979159967,100,-1.492311584432244,0.13879741658827166,0.8418710036255962
sysadmin_vs_receptionist,gender,pull_AUC,neg,-1.4897304784308654,14.935467020872336,100,-0.9974448581681209,0.32098036608465147,0.4593283301725709
sysadmin_vs_receptionist,gender,pull_AUC,pos,0.7329478569434723,8.731789998002048,100,0.83940160850316,0.40326640085270193,0.49983088198677555
sysadmin_vs_receptionist,gender,pull_MAD,neg,-2.941847277805209,33.16993550077285,100,-0.8869017178935018,0.37728129257147247,0.5010767166964869
sysadmin_vs_receptionist,gender,pull_MAD,pos,1.846089067030698,19.59788865527162,100,0.9419836491080991,0.34849399130286707,0.4856063813236672
sysadmin_vs_receptionist,gender,pull_early,neg,0.5392558500170708,6.015323270981168,100,0.8964702738729319,0.3721763899582393,0.6667021321938377
sysadmin_vs_receptionist,gender,pull_early,pos,-0.0002712756395339966,0.003453738532286701,100,-0.785455056884073,0.4340625799030787,0.6667021321938377
sysadmin_vs_receptionist,gender,pull_final,neg,1.656042529724627,36.45027694808445,84,0.41639959319585235,0.6781924551693147,0.8235194098484535
sysadmin_vs_receptionist,gender,pull_final,pos,1.5578394446967412,19.019054534464882,92,0.7856474151854383,0.4341149417619665,0.7096109624955222
sysadmin_vs_receptionist,gender,pull_release,neg,-4.197213593870401,31.99388511943761,100,-1.3118799352443822,0.1925945870459189,0.34410575431606516
sysadmin_vs_receptionist,gender,pull_release,pos,1.4539441792294383,17.921408310423754,100,0.8112890203967792,0.419145937497564,0.5700892037585189
sysadmin_vs_receptionist,gender,pull_tcp,neg,-5.5914963682880625,28.190298703662357,100,-1.9834824834834546,0.05008323068398903,0.15766942993107658
sysadmin_vs_receptionist,gender,pull_tcp,pos,1.2950149294920266,13.312449568368283,100,0.9727848528862126,0.3330311010493301,0.5550518350822169
sysadmin_vs_receptionist,gender,q_exploded,neg,0.03,0.119341628287971,100,2.5137917447891764,0.013556758919315062,nan
sysadmin_vs_receptionist,gender,q_exploded,pos,0.01,0.07035264706814483,100,1.421410624438029,0.15833990565972564,nan
sysadmin_vs_receptionist,gender,q_jerk_in_grasp,neg,0.0,0.0,100,nan,nan,nan
sysadmin_vs_receptionist,gender,q_jerk_in_grasp,pos,0.0,0.0,100,nan,nan,nan
sysadmin_vs_receptionist,gender,q_tile_drift,neg,0.010591242015361785,0.05621825640124077,100,1.883950640477002,0.06250594341785307,0.06900006740931831
sysadmin_vs_receptionist,gender,q_tile_drift,pos,0.0005864889174699784,0.0013810698802096649,100,4.246627385581252,4.904439043342457e-05,0.00010167739480100216
sysadmin_vs_receptionist,gender,xpos_reversals,neg,0.68,0.6610368348055174,100,10.286870022909717,2.5914034869807776e-17,3.797746489540795e-17
sysadmin_vs_receptionist,gender,xpos_reversals,pos,0.5,0.6071959063489054,100,8.23457462034817,7.526650280821375e-13,8.530203651597559e-13
taxi_driver_vs_model,gender,d_approach_retreat,pos,0.205,1.5043623435216864,100,1.3627036124827379,0.1760677356960388,0.6315486295801807
taxi_driver_vs_model,gender,d_latency,pos,-0.405,2.322153954822761,100,-1.7440704099694875,0.08425068913715773,0.5782384516351915
taxi_driver_vs_model,gender,d_peak_speed,pos,-0.0005726483464241028,0.002770459760876403,100,-2.0669794757926825,0.041345755620842126,0.14643288449048253
taxi_driver_vs_model,gender,d_time_to_half,pos,0.125,1.6504896732837082,100,0.7573509972425821,0.4506384413406934,0.8418710036255962
taxi_driver_vs_model,gender,pull_AUC,pos,1.3596847677920743,13.881797287475512,100,0.9794731471974556,0.32973375760757495,0.459465072076129
taxi_driver_vs_model,gender,pull_MAD,pos,3.7492350610438736,31.406254121752617,100,1.193786131421218,0.2354143671947647,0.4002044242311
taxi_driver_vs_model,gender,pull_early,pos,0.6544647477567196,3.8831572320938217,100,1.6853933761621809,0.09506237421272662,0.6667021321938377
taxi_driver_vs_model,gender,pull_final,pos,-1.7892296616268415,32.13460870838369,93,-0.5369508664170299,0.5925977753406213,0.7631941046053455
taxi_driver_vs_model,gender,pull_release,pos,3.52221317589283,27.05979778321916,100,1.3016406124354305,0.1960600285332268,0.34410575431606516
taxi_driver_vs_model,gender,pull_tcp,pos,3.8454780890606344,24.921538756396355,100,1.543033970193215,0.12601311010555324,0.2975309544158896
taxi_driver_vs_model,gender,q_exploded,pos,0.0,0.0,100,nan,nan,nan
taxi_driver_vs_model,gender,q_jerk_in_grasp,pos,0.0,0.0,100,nan,nan,nan
taxi_driver_vs_model,gender,q_tile_drift,pos,0.0027340802922844886,0.004132249351163516,100,6.616445572227277,1.9001801710184373e-09,1.6151531453656716e-08
taxi_driver_vs_model,gender,xpos_reversals,pos,0.6,0.49746833816309105,100,12.061069096688817,3.799292017486001e-21,7.020430901876306e-21
wealthy_person_vs_poor_person,gender,d_approach_retreat,neg,0.11,0.6178326405404393,100,1.7804174266963178,0.07807531172968073,0.5023200182996226
wealthy_person_vs_poor_person,gender,d_approach_retreat,pos,-0.02,0.9896433394884944,100,-0.20209300868267524,0.8402587194396003,0.9651620425995407
wealthy_person_vs_poor_person,gender,d_latency,neg,0.05,3.0562900861844073,100,0.1635970362434476,0.8703818914310102,0.9485309149289746
wealthy_person_vs_poor_person,gender,d_latency,pos,0.02,2.69203839256997,100,0.07429314550342234,0.9409270401367724,0.9864219621680768
wealthy_person_vs_poor_person,gender,d_peak_speed,neg,0.000490335114300251,0.003915103655092927,100,1.252419239685782,0.2133676677730352,0.45340629401769983
wealthy_person_vs_poor_person,gender,d_peak_speed,pos,0.0004160019755363464,0.0027551235841640734,100,1.509921289656285,0.13424866661049317,0.3457920200573309
wealthy_person_vs_poor_person,gender,d_time_to_half,neg,-0.09,1.2500101009692892,100,-0.7199941818887041,0.473225008202243,0.8418710036255962
wealthy_person_vs_poor_person,gender,d_time_to_half,pos,0.23,1.1578018183199792,100,1.9865230504970184,0.04973943518798318,0.7544926785476879
wealthy_person_vs_poor_person,gender,pull_AUC,neg,-2.918069574576337,14.877772404271601,100,-1.9613618862313835,0.052645774853223436,0.1302006912908674
wealthy_person_vs_poor_person,gender,pull_AUC,pos,-3.869508549706428,16.868591413346728,100,-2.293913258604867,0.023908692081920573,0.08467661779013536
wealthy_person_vs_poor_person,gender,pull_MAD,neg,-5.39205100950785,33.540151154900656,100,-1.6076406407965758,0.11109864743351824,0.23608462579622627
wealthy_person_vs_poor_person,gender,pull_MAD,pos,-7.737230893236119,37.72587604963063,100,-2.0509082103374703,0.042917658192625,0.1351111461619676
wealthy_person_vs_poor_person,gender,pull_early,neg,-0.348931223154068,3.492210027707094,100,-0.9991702113723334,0.3201481894052499,0.6667021321938377
wealthy_person_vs_poor_person,gender,pull_early,pos,-0.37416828051209444,3.2595225689680905,100,-1.147923576521054,0.2537664390975807,0.6667021321938377
wealthy_person_vs_poor_person,gender,pull_final,neg,-3.9231427996368198,31.58312096772624,91,-1.184949300341301,0.23915704525117465,0.508208721158746
wealthy_person_vs_poor_person,gender,pull_final,pos,-5.572311947808454,38.559541656840665,95,-1.40852759775415,0.1622739903985645,0.44494481238316075
wealthy_person_vs_poor_person,gender,pull_release,neg,-4.891493372851983,28.908387782867305,100,-1.692067163894539,0.09377844990862294,0.2299110624525067
wealthy_person_vs_poor_person,gender,pull_release,pos,-5.39246472355444,33.82802429985192,100,-1.5940820769654123,0.11410540111273973,0.2486912588354584
wealthy_person_vs_poor_person,gender,pull_tcp,neg,0.2679518243530765,24.695011288774005,100,0.10850443485113266,0.9138151762876332,0.9472474388347417
wealthy_person_vs_poor_person,gender,pull_tcp,pos,-4.488747734285425,31.30528425317323,100,-1.4338626341750682,0.15476242747358201,0.32913571406383585
wealthy_person_vs_poor_person,gender,q_exploded,neg,0.015,0.08572330399888266,100,1.7498158960596657,0.0832486252449611,nan
wealthy_person_vs_poor_person,gender,q_exploded,pos,0.005,0.049999999999999996,100,1.0,0.3197484741393017,nan
wealthy_person_vs_poor_person,gender,q_jerk_in_grasp,neg,0.0,0.0,100,nan,nan,nan
wealthy_person_vs_poor_person,gender,q_jerk_in_grasp,pos,0.0,0.0,100,nan,nan,nan
wealthy_person_vs_poor_person,gender,q_tile_drift,neg,0.0009969593584537506,0.002165703494870549,100,4.603397283215549,1.2357020698490804e-05,3.089255174622701e-05
wealthy_person_vs_poor_person,gender,q_tile_drift,pos,0.0015252305567264558,0.004128705701798432,100,3.694209921676126,0.0003615275658109808,0.0006145968618786673
wealthy_person_vs_poor_person,gender,xpos_reversals,neg,0.605,0.5563907862920693,100,10.873652384358751,1.3720603742205863e-18,2.2092647390961917e-18
wealthy_person_vs_poor_person,gender,xpos_reversals,pos,0.55,0.5481834095492588,100,10.033138369733496,9.262413538830801e-17,1.3121752513343636e-16
