topic,demo,metric,pol,mean,sd,n,t,p,q
age,all→white,d_approach_retreat,-,0.176,3.5412009556669943,500,1.1113403869672152,0.2669570355138924,0.7563782672893617
age,all→white,d_latency,-,0.109,1.4083984423254272,500,1.730557221755007,0.08414898587735924,0.8172584337885556
age,all→white,d_peak_speed,-,6.107627227902413e-05,0.0026106481728800928,500,0.52312945898611,0.6011163761324363,0.9392076952482288
age,all→white,d_time_to_half,-,0.142,3.8169325312213465,500,0.8318765139486738,0.40587655940723977,0.928687430803243
age,all→white,pull_AUC,-,-0.7502151529665338,8.270630748393732,500,-2.02830005451443,0.04306027224322381,0.9315213646108147
age,all→white,pull_MAD,-,-0.9684488324075935,13.486129642579167,500,-1.6057367676168461,0.1089643735758251,0.8831093256494017
age,all→white,pull_early,-,0.6333494223654271,16.407731601886574,500,0.8631372064597178,0.38847668699591953,0.911208428797853
age,all→white,pull_final,-,-2.2690929591068687,37.855094450681925,422,-1.231357555679984,0.21887656438035,0.8456594532877159
age,all→white,pull_release,-,-2.305795794352889,22.951022230600298,500,-2.2464864904936,0.025109371167692157,0.6654058204652917
age,all→white,pull_tcp,-,-0.5219966771546751,28.071865762958087,500,-0.4157971059006193,0.6777372282260414,0.9276076941876996
age,all→white,q_exploded,-,0.016,0.0880881322203857,500,4.061510527943395,5.660842704791508e-05,nan
age,all→white,q_jerk_in_grasp,-,0.0,0.0,500,nan,nan,nan
age,all→white,q_tile_drift,-,0.0005589898675680161,0.0016299023673331005,500,7.66879886591539,9.157624685128124e-14,8.648867758176561e-13
age,all→white,xpos_reversals,-,0.372,0.5080671850543569,500,16.372190767268854,1.55650541350433e-48,8.820197343191203e-48
age,black→white,d_approach_retreat,-,0.176,3.5412009556669943,500,1.1113403869672152,0.2669570355138924,0.7563782672893617
age,black→white,d_latency,-,0.109,1.4083984423254272,500,1.730557221755007,0.08414898587735924,0.8172584337885556
age,black→white,d_peak_speed,-,6.107627227902413e-05,0.0026106481728800928,500,0.52312945898611,0.6011163761324363,0.9392076952482288
age,black→white,d_time_to_half,-,0.142,3.8169325312213465,500,0.8318765139486738,0.40587655940723977,0.928687430803243
age,black→white,pull_AUC,-,-0.7502151529665338,8.270630748393732,500,-2.02830005451443,0.04306027224322381,0.9315213646108147
age,black→white,pull_MAD,-,-0.9684488324075935,13.486129642579167,500,-1.6057367676168461,0.1089643735758251,0.8831093256494017
age,black→white,pull_early,-,0.6333494223654271,16.407731601886574,500,0.8631372064597178,0.38847668699591953,0.911208428797853
age,black→white,pull_final,-,-2.2690929591068687,37.855094450681925,422,-1.231357555679984,0.21887656438035,0.8456594532877159
age,black→white,pull_release,-,-2.305795794352889,22.951022230600298,500,-2.2464864904936,0.025109371167692157,0.6654058204652917
age,black→white,pull_tcp,-,-0.5219966771546751,28.071865762958087,500,-0.4157971059006193,0.6777372282260414,0.9276076941876996
age,black→white,q_exploded,-,0.016,0.0880881322203857,500,4.061510527943395,5.660842704791508e-05,nan
age,black→white,q_jerk_in_grasp,-,0.0,0.0,500,nan,nan,nan
age,black→white,q_tile_drift,-,0.0005589898675680161,0.0016299023673331005,500,7.66879886591539,9.157624685128124e-14,8.648867758176561e-13
age,black→white,xpos_reversals,-,0.372,0.5080671850543569,500,16.372190767268854,1.55650541350433e-48,8.820197343191203e-48
architect_vs_event_planner,all→white,d_approach_retreat,neg,0.26,6.105337952574904,100,0.42585685185591726,0.6711365667720903,0.93645870856795
architect_vs_event_planner,all→white,d_latency,neg,0.465,1.8177783643277807,100,2.558067634235256,0.01204130667267312,0.8172584337885556
architect_vs_event_planner,all→white,d_peak_speed,neg,-0.00014125190675258635,0.0024010811124405554,100,-0.5882846107144303,0.5576809739993531,0.9392076952482288
architect_vs_event_planner,all→white,d_time_to_half,neg,1.175,7.7153837535566865,100,1.5229313764961347,0.1309638454770223,0.9216060222626153
architect_vs_event_planner,all→white,pull_AUC,neg,-1.1797265908082626,8.311360418027824,100,-1.4194145500529214,0.158919245809719,0.9315213646108147
architect_vs_event_planner,all→white,pull_MAD,neg,-2.634457254316658,19.60878421012108,100,-1.343508718381878,0.18217874685916982,0.8831093256494017
architect_vs_event_planner,all→white,pull_early,neg,1.494013775140047,19.04639735541433,100,0.7844075429390025,0.43467391935975774,0.911208428797853
architect_vs_event_planner,all→white,pull_final,neg,-3.4968512577881268,32.42250743961728,85,-0.9943517074291632,0.32290744858145215,0.919736596224357
architect_vs_event_planner,all→white,pull_release,neg,-4.1551286504545715,17.64292257177444,100,-2.3551249139992505,0.020489014069210415,0.6654058204652917
architect_vs_event_planner,all→white,pull_tcp,neg,-0.044121702667325735,24.26060284444889,100,-0.018186564839389924,0.9855266231436255,0.9856727945009636
architect_vs_event_planner,all→white,q_exploded,neg,0.005,0.049999999999999996,100,1.0,0.3197484741393017,nan
architect_vs_event_planner,all→white,q_jerk_in_grasp,neg,0.0,0.0,100,nan,nan,nan
architect_vs_event_planner,all→white,q_tile_drift,neg,0.0005073813349008561,0.0016505275457859682,100,3.0740555417949422,0.002728788368314248,0.0035684155585647853
architect_vs_event_planner,all→white,xpos_reversals,neg,0.915,0.659258077023871,100,13.879238372484421,5.826447101722118e-25,2.0635333485265837e-24
architect_vs_event_planner,black→white,d_approach_retreat,neg,0.26,6.105337952574904,100,0.42585685185591726,0.6711365667720903,0.93645870856795
architect_vs_event_planner,black→white,d_latency,neg,0.465,1.8177783643277807,100,2.558067634235256,0.01204130667267312,0.8172584337885556
architect_vs_event_planner,black→white,d_peak_speed,neg,-0.00014125190675258635,0.0024010811124405554,100,-0.5882846107144303,0.5576809739993531,0.9392076952482288
architect_vs_event_planner,black→white,d_time_to_half,neg,1.175,7.7153837535566865,100,1.5229313764961347,0.1309638454770223,0.9216060222626153
architect_vs_event_planner,black→white,pull_AUC,neg,-1.1797265908082626,8.311360418027824,100,-1.4194145500529214,0.158919245809719,0.9315213646108147
architect_vs_event_planner,black→white,pull_MAD,neg,-2.634457254316658,19.60878421012108,100,-1.343508718381878,0.18217874685916982,0.8831093256494017
architect_vs_event_planner,black→white,pull_early,neg,1.494013775140047,19.04639735541433,100,0.7844075429390025,0.43467391935975774,0.911208428797853
architect_vs_event_planner,black→white,pull_final,neg,-3.4968512577881268,32.42250743961728,85,-0.9943517074291632,0.32290744858145215,0.919736596224357
architect_vs_event_planner,black→white,pull_release,neg,-4.1551286504545715,17.64292257177444,100,-2.3551249139992505,0.020489014069210415,0.6654058204652917
architect_vs_event_planner,black→white,pull_tcp,neg,-0.044121702667325735,24.26060284444889,100,-0.018186564839389924,0.9855266231436255,0.9856727945009636
architect_vs_event_planner,black→white,q_exploded,neg,0.005,0.049999999999999996,100,1.0,0.3197484741393017,nan
architect_vs_event_planner,black→white,q_jerk_in_grasp,neg,0.0,0.0,100,nan,nan,nan
architect_vs_event_planner,black→white,q_tile_drift,neg,0.0005073813349008561,0.0016505275457859682,100,3.0740555417949422,0.002728788368314248,0.0035684155585647853
architect_vs_event_planner,black→white,xpos_reversals,neg,0.915,0.659258077023871,100,13.879238372484421,5.826447101722118e-25,2.0635333485265837e-24
boss_vs_employee,all→white,d_approach_retreat,neg,-1.08,6.140904417975179,100,-1.7586985995722517,0.08171871039884306,0.7563782672893617
boss_vs_employee,all→white,d_approach_retreat,pos,-0.245,4.969347964463667,100,-0.493022428197866,0.6230885444345098,0.93645870856795
boss_vs_employee,all→white,d_latency,neg,-0.08,3.6829665249961785,100,-0.21721620182274942,0.8284868917676327,0.9767478542063134
boss_vs_employee,all→white,d_latency,pos,0.07,1.595479725836576,100,0.4387395143068717,0.6618062918272046,0.9655774265224796
boss_vs_employee,all→white,d_peak_speed,neg,5.763273686170578e-05,0.006496367375895219,100,0.08871532893221547,0.9294873674618204,0.9875803279281842
boss_vs_employee,all→white,d_peak_speed,pos,-0.00015717968344688415,0.0028177504264853114,100,-0.5578197485819936,0.5782267038876188,0.9392076952482288
boss_vs_employee,all→white,d_time_to_half,neg,-0.47,11.291996808323669,100,-0.41622399295539025,0.6781470562544077,0.9726038453780609
boss_vs_employee,all→white,d_time_to_half,pos,0.8,5.630454706506412,100,1.4208443930390564,0.1585040833359656,0.9216060222626153
boss_vs_employee,all→white,pull_AUC,neg,-0.14876477730390575,10.866640846525694,100,-0.13690042710067954,0.8913875246563836,0.993762620911387
boss_vs_employee,all→white,pull_AUC,pos,-0.5545529113141824,10.029617468645492,100,-0.5529153161103313,0.5815677701394681,0.9624772556051073
boss_vs_employee,all→white,pull_MAD,neg,-0.5098446961492292,25.109324499675054,100,-0.20304994511334912,0.839512738680061,0.9576082332804223
boss_vs_employee,all→white,pull_MAD,pos,-0.8223577848635613,23.77105961266437,100,-0.34594914920218295,0.7301150276404311,0.9576082332804223
boss_vs_employee,all→white,pull_early,neg,-2.9590701200067997,20.073713442994226,100,-1.4741020033039887,0.14362695471033277,0.911208428797853
boss_vs_employee,all→white,pull_early,pos,-0.43951048329472636,11.079874850353146,100,-0.3966745917538211,0.6924612188631262,0.9228620170272526
boss_vs_employee,all→white,pull_final,neg,2.0589368851939613,29.13388850946473,94,0.6851860411838765,0.49493083041153385,0.9837990608611459
boss_vs_employee,all→white,pull_final,pos,2.2953128344209,30.97639330947827,82,0.6709929564921696,0.5041339491863781,0.9837990608611459
boss_vs_employee,all→white,pull_release,neg,3.0515244411071762,25.061538917617735,100,1.2176125540965959,0.22626549470695095,0.9967263276063107
boss_vs_employee,all→white,pull_release,pos,-0.07925275946035981,21.945760857248594,100,-0.0361130151631006,0.9712649614001572,0.9967263276063107
boss_vs_employee,all→white,pull_tcp,neg,0.8847993449307978,24.458053897322866,100,0.3617619572862444,0.7183009100678055,0.9276076941876996
boss_vs_employee,all→white,pull_tcp,pos,2.9159313905984163,17.517419587951572,100,1.6645895680914014,0.09915665145080328,0.7346384373159347
boss_vs_employee,all→white,q_exploded,neg,0.0,0.0,100,nan,nan,nan
boss_vs_employee,all→white,q_exploded,pos,0.015,0.08572330399888264,100,1.7498158960596661,0.083248625244961,nan
boss_vs_employee,all→white,q_jerk_in_grasp,neg,0.0,0.0,100,nan,nan,nan
boss_vs_employee,all→white,q_jerk_in_grasp,pos,0.0,0.0,100,nan,nan,nan
boss_vs_employee,all→white,q_tile_drift,neg,0.00026852838695049284,0.0012434189995199742,100,2.1595969424157024,0.03321883761983057,0.03436911662746583
boss_vs_employee,all→white,q_tile_drift,pos,0.0003204820305109024,0.0009894157478804967,100,3.2391037963306277,0.0016327659146082077,0.002275165618716355
boss_vs_employee,all→white,xpos_reversals,neg,0.75,0.6336522323129238,100,11.836145471505555,1.1504660957706458e-20,3.0559255668907776e-20
boss_vs_employee,all→white,xpos_reversals,pos,0.59,0.6210938542262159,100,9.499369475085953,1.352892773038327e-15,1.9165980951376298e-15
boss_vs_employee,black→white,d_approach_retreat,neg,-1.08,6.140904417975179,100,-1.7586985995722517,0.08171871039884306,0.7563782672893617
boss_vs_employee,black→white,d_approach_retreat,pos,-0.245,4.969347964463667,100,-0.493022428197866,0.6230885444345098,0.93645870856795
boss_vs_employee,black→white,d_latency,neg,-0.08,3.6829665249961785,100,-0.21721620182274942,0.8284868917676327,0.9767478542063134
boss_vs_employee,black→white,d_latency,pos,0.07,1.595479725836576,100,0.4387395143068717,0.6618062918272046,0.9655774265224796
boss_vs_employee,black→white,d_peak_speed,neg,5.763273686170578e-05,0.006496367375895219,100,0.08871532893221547,0.9294873674618204,0.9875803279281842
boss_vs_employee,black→white,d_peak_speed,pos,-0.00015717968344688415,0.0028177504264853114,100,-0.5578197485819936,0.5782267038876188,0.9392076952482288
boss_vs_employee,black→white,d_time_to_half,neg,-0.47,11.291996808323669,100,-0.41622399295539025,0.6781470562544077,0.9726038453780609
boss_vs_employee,black→white,d_time_to_half,pos,0.8,5.630454706506412,100,1.4208443930390564,0.1585040833359656,0.9216060222626153
boss_vs_employee,black→white,pull_AUC,neg,-0.14876477730390575,10.866640846525694,100,-0.13690042710067954,0.8913875246563836,0.993762620911387
boss_vs_employee,black→white,pull_AUC,pos,-0.5545529113141824,10.029617468645492,100,-0.5529153161103313,0.5815677701394681,0.9624772556051073
boss_vs_employee,black→white,pull_MAD,neg,-0.5098446961492292,25.109324499675054,100,-0.20304994511334912,0.839512738680061,0.9576082332804223
boss_vs_employee,black→white,pull_MAD,pos,-0.8223577848635613,23.77105961266437,100,-0.34594914920218295,0.7301150276404311,0.9576082332804223
boss_vs_employee,black→white,pull_early,neg,-2.9590701200067997,20.073713442994226,100,-1.4741020033039887,0.14362695471033277,0.911208428797853
boss_vs_employee,black→white,pull_early,pos,-0.43951048329472636,11.079874850353146,100,-0.3966745917538211,0.6924612188631262,0.9228620170272526
boss_vs_employee,black→white,pull_final,neg,2.0589368851939613,29.13388850946473,94,0.6851860411838765,0.49493083041153385,0.9837990608611459
boss_vs_employee,black→white,pull_final,pos,2.2953128344209,30.97639330947827,82,0.6709929564921696,0.5041339491863781,0.9837990608611459
boss_vs_employee,black→white,pull_release,neg,3.0515244411071762,25.061538917617735,100,1.2176125540965959,0.22626549470695095,0.9967263276063107
boss_vs_employee,black→white,pull_release,pos,-0.07925275946035981,21.945760857248594,100,-0.0361130151631006,0.9712649614001572,0.9967263276063107
boss_vs_employee,black→white,pull_tcp,neg,0.8847993449307978,24.458053897322866,100,0.3617619572862444,0.7183009100678055,0.9276076941876996
boss_vs_employee,black→white,pull_tcp,pos,2.9159313905984163,17.517419587951572,100,1.6645895680914014,0.09915665145080328,0.7346384373159347
boss_vs_employee,black→white,q_exploded,neg,0.0,0.0,100,nan,nan,nan
boss_vs_employee,black→white,q_exploded,pos,0.015,0.08572330399888264,100,1.7498158960596661,0.083248625244961,nan
boss_vs_employee,black→white,q_jerk_in_grasp,neg,0.0,0.0,100,nan,nan,nan
boss_vs_employee,black→white,q_jerk_in_grasp,pos,0.0,0.0,100,nan,nan,nan
boss_vs_employee,black→white,q_tile_drift,neg,0.00026852838695049284,0.0012434189995199742,100,2.1595969424157024,0.03321883761983057,0.03436911662746583
boss_vs_employee,black→white,q_tile_drift,pos,0.0003204820305109024,0.0009894157478804967,100,3.2391037963306277,0.0016327659146082077,0.002275165618716355
boss_vs_employee,black→white,xpos_reversals,neg,0.75,0.6336522323129238,100,11.836145471505555,1.1504660957706458e-20,3.0559255668907776e-20
boss_vs_employee,black→white,xpos_reversals,pos,0.59,0.6210938542262159,100,9.499369475085953,1.352892773038327e-15,1.9165980951376298e-15
ceo_vs_secretary,all→white,d_approach_retreat,neg,0.395,4.526741531045139,100,0.8725923432805363,0.3849967846404351,0.9201684790335856
ceo_vs_secretary,all→white,d_approach_retreat,pos,0.615,5.022602951064359,100,1.2244646968752986,0.22368272596679406,0.7563782672893617
ceo_vs_secretary,all→white,d_latency,neg,-0.3,2.9618790104808936,100,-1.0128705424442428,0.3135910872521405,0.8172584337885556
ceo_vs_secretary,all→white,d_latency,pos,0.05,0.6256309946079569,100,0.7991931414991966,0.4260917055140393,0.8503898261282309
ceo_vs_secretary,all→white,d_peak_speed,neg,0.0001442376896739006,0.005304894408575005,100,0.2718954960550206,0.7862685901602764,0.9680147849161543
ceo_vs_secretary,all→white,d_peak_speed,pos,-0.0002708509564399719,0.0032258626349462964,100,-0.8396233413840978,0.4031426255582419,0.9249700200161912
ceo_vs_secretary,all→white,d_time_to_half,neg,-0.76,10.393879317787333,100,-0.7311995615529142,0.46638441052215585,0.928687430803243
ceo_vs_secretary,all→white,d_time_to_half,pos,0.025,5.846251928899543,100,0.042762440455941526,0.9659770333698853,1.0
ceo_vs_secretary,all→white,pull_AUC,neg,-0.5610605278903392,11.526785922385901,100,-0.4867449882978366,0.6275149418320942,0.9624772556051073
ceo_vs_secretary,all→white,pull_AUC,pos,0.6372486908715218,11.229543715238572,100,0.5674751414937462,0.5716760323204526,0.9624772556051073
ceo_vs_secretary,all→white,pull_MAD,neg,-2.0715039069298653,26.02994492155095,100,-0.795815708858764,0.4280432238302525,0.9576082332804223
ceo_vs_secretary,all→white,pull_MAD,pos,0.8569592949002981,23.644948043152215,100,0.36242807272671546,0.7178047137573038,0.9576082332804223
ceo_vs_secretary,all→white,pull_early,neg,-0.4941497743129733,15.087243496769297,100,-0.32752820249688946,0.743960009900559,0.9228620170272526
ceo_vs_secretary,all→white,pull_early,pos,0.3624487407505512,14.076066487648605,100,0.2574929161272369,0.7973327367706561,0.9228620170272526
ceo_vs_secretary,all→white,pull_final,neg,-0.026221503503620625,30.01811904762091,88,-0.008194367747328592,0.9934806747212135,0.9934806747212135
ceo_vs_secretary,all→white,pull_final,pos,2.5898408973691884,26.43124172004001,91,0.9347085481648608,0.3524396617106642,0.919736596224357
ceo_vs_secretary,all→white,pull_release,neg,-1.6997513666865416,22.9712743739173,100,-0.739946482297265,0.46108359187627046,0.9967263276063107
ceo_vs_secretary,all→white,pull_release,pos,-0.2548226434737444,18.14946918631421,100,-0.14040225686925104,0.888627442880497,0.9967263276063107
ceo_vs_secretary,all→white,pull_tcp,neg,-3.0272257333854213,26.013733841920743,100,-1.1637028931644915,0.24734141945109342,0.7557236933309512
ceo_vs_secretary,all→white,pull_tcp,pos,-0.8314038161188364,20.205087651606437,100,-0.41148241000218294,0.6816082937310505,0.9276076941876996
ceo_vs_secretary,all→white,q_exploded,neg,0.01,0.07035264706814484,100,1.4214106244380287,0.15833990565972564,nan
ceo_vs_secretary,all→white,q_exploded,pos,0.0,0.0,100,nan,nan,nan
ceo_vs_secretary,all→white,q_jerk_in_grasp,neg,0.0,0.0,100,nan,nan,nan
ceo_vs_secretary,all→white,q_jerk_in_grasp,pos,0.0,0.0,100,nan,nan,nan
ceo_vs_secretary,all→white,q_tile_drift,neg,0.0003492610156536102,0.0009332152553319455,100,3.7425557893326316,0.00030569823230145615,0.0005673410833865875
ceo_vs_secretary,all→white,q_tile_drift,pos,0.0005456054955720901,0.0018601366556862925,100,2.933147378738098,0.0041692456464769816,0.005115029903942435
ceo_vs_secretary,all→white,xpos_reversals,neg,0.855,0.6790330320285299,100,12.59143457934277,2.8347065618038645e-22,8.031668591777616e-22
ceo_vs_secretary,all→white,xpos_reversals,pos,0.66,1.1075498483890764,100,5.959099727745576,3.903070682345876e-08,3.903070682345876e-08
ceo_vs_secretary,black→white,d_approach_retreat,neg,0.395,4.526741531045139,100,0.8725923432805363,0.3849967846404351,0.9201684790335856
ceo_vs_secretary,black→white,d_approach_retreat,pos,0.615,5.022602951064359,100,1.2244646968752986,0.22368272596679406,0.7563782672893617
ceo_vs_secretary,black→white,d_latency,neg,-0.3,2.9618790104808936,100,-1.0128705424442428,0.3135910872521405,0.8172584337885556
ceo_vs_secretary,black→white,d_latency,pos,0.05,0.6256309946079569,100,0.7991931414991966,0.4260917055140393,0.8503898261282309
ceo_vs_secretary,black→white,d_peak_speed,neg,0.0001442376896739006,0.005304894408575005,100,0.2718954960550206,0.7862685901602764,0.9680147849161543
ceo_vs_secretary,black→white,d_peak_speed,pos,-0.0002708509564399719,0.0032258626349462964,100,-0.8396233413840978,0.4031426255582419,0.9249700200161912
ceo_vs_secretary,black→white,d_time_to_half,neg,-0.76,10.393879317787333,100,-0.7311995615529142,0.46638441052215585,0.928687430803243
ceo_vs_secretary,black→white,d_time_to_half,pos,0.025,5.846251928899543,100,0.042762440455941526,0.9659770333698853,1.0
ceo_vs_secretary,black→white,pull_AUC,neg,-0.5610605278903392,11.526785922385901,100,-0.4867449882978366,0.6275149418320942,0.9624772556051073
ceo_vs_secretary,black→white,pull_AUC,pos,0.6372486908715218,11.229543715238572,100,0.5674751414937462,0.5716760323204526,0.9624772556051073
ceo_vs_secretary,black→white,pull_MAD,neg,-2.0715039069298653,26.02994492155095,100,-0.795815708858764,0.4280432238302525,0.9576082332804223
ceo_vs_secretary,black→white,pull_MAD,pos,0.8569592949002981,23.644948043152215,100,0.36242807272671546,0.7178047137573038,0.9576082332804223
ceo_vs_secretary,black→white,pull_early,neg,-0.4941497743129733,15.087243496769297,100,-0.32752820249688946,0.743960009900559,0.9228620170272526
ceo_vs_secretary,black→white,pull_early,pos,0.3624487407505512,14.076066487648605,100,0.2574929161272369,0.7973327367706561,0.9228620170272526
ceo_vs_secretary,black→white,pull_final,neg,-0.026221503503620625,30.01811904762091,88,-0.008194367747328592,0.9934806747212135,0.9934806747212135
ceo_vs_secretary,black→white,pull_final,pos,2.5898408973691884,26.43124172004001,91,0.9347085481648608,0.3524396617106642,0.919736596224357
ceo_vs_secretary,black→white,pull_release,neg,-1.6997513666865416,22.9712743739173,100,-0.739946482297265,0.46108359187627046,0.9967263276063107
ceo_vs_secretary,black→white,pull_release,pos,-0.2548226434737444,18.14946918631421,100,-0.14040225686925104,0.888627442880497,0.9967263276063107
ceo_vs_secretary,black→white,pull_tcp,neg,-3.0272257333854213,26.013733841920743,100,-1.1637028931644915,0.24734141945109342,0.7557236933309512
ceo_vs_secretary,black→white,pull_tcp,pos,-0.8314038161188364,20.205087651606437,100,-0.41148241000218294,0.6816082937310505,0.9276076941876996
ceo_vs_secretary,black→white,q_exploded,neg,0.01,0.07035264706814484,100,1.4214106244380287,0.15833990565972564,nan
ceo_vs_secretary,black→white,q_exploded,pos,0.0,0.0,100,nan,nan,nan
ceo_vs_secretary,black→white,q_jerk_in_grasp,neg,0.0,0.0,100,nan,nan,nan
ceo_vs_secretary,black→white,q_jerk_in_grasp,pos,0.0,0.0,100,nan,nan,nan
ceo_vs_secretary,black→white,q_tile_drift,neg,0.0003492610156536102,0.0009332152553319455,100,3.7425557893326316,0.00030569823230145615,0.0005673410833865875
ceo_vs_secretary,black→white,q_tile_drift,pos,0.0005456054955720901,0.0018601366556862925,100,2.933147378738098,0.0041692456464769816,0.005115029903942435
ceo_vs_secretary,black→white,xpos_reversals,neg,0.855,0.6790330320285299,100,12.59143457934277,2.8347065618038645e-22,8.031668591777616e-22
ceo_vs_secretary,black→white,xpos_reversals,pos,0.66,1.1075498483890764,100,5.959099727745576,3.903070682345876e-08,3.903070682345876e-08
chef_vs_baker,all→white,d_approach_retreat,pos,0.335,4.68182333038846,100,0.7155331937145188,0.47596384614544285,0.9290361274422136
chef_vs_baker,all→white,d_latency,pos,0.055,2.0766802859614693,100,0.2648457751142752,0.7916789067490599,0.9752566242560884
chef_vs_baker,all→white,d_peak_speed,pos,-0.00013593383133411407,0.0034982805771391927,100,-0.3885732671713753,0.6984262478650438,0.9556798274524198
chef_vs_baker,all→white,d_time_to_half,pos,0.32,8.731262766344253,100,0.36649910621574705,0.7147747914798475,0.9726038453780609
chef_vs_baker,all→white,pull_AUC,pos,0.0345096840249022,10.595496937477186,100,0.03257014204103865,0.9740829554436925,0.993762620911387
chef_vs_baker,all→white,pull_MAD,pos,-1.3399473994970321,20.235534852486094,100,-0.66217543013567,0.5093973171206134,0.9576082332804223
chef_vs_baker,all→white,pull_early,pos,-0.7879852764308449,16.335997690989757,100,-0.482361280490058,0.6306141183310203,0.9228620170272526
chef_vs_baker,all→white,pull_final,pos,-3.1057360323352947,23.354749058747206,90,-1.2615677841876212,0.2104008587948303,0.8456594532877159
chef_vs_baker,all→white,pull_release,pos,-5.240300300065428,18.607689554951893,100,-2.81620148734203,0.0058656089825395025,0.4985767635158577
chef_vs_baker,all→white,pull_tcp,pos,2.0957916788756847,22.96149785877386,100,0.9127417086489669,0.36359580091533217,0.8115970191800768
chef_vs_baker,all→white,q_exploded,pos,0.0,0.0,100,nan,nan,nan
chef_vs_baker,all→white,q_jerk_in_grasp,pos,0.0,0.0,100,nan,nan,nan
chef_vs_baker,all→white,q_tile_drift,pos,0.00012231722474098205,0.000298997912799464,100,4.090905638629639,8.764923455775974e-05,0.00020694958159471052
chef_vs_baker,all→white,xpos_reversals,pos,0.89,0.665073854788498,100,13.381972447000363,6.222987384568779e-24,1.959088621067949e-23
chef_vs_baker,black→white,d_approach_retreat,pos,0.335,4.68182333038846,100,0.7155331937145188,0.47596384614544285,0.9290361274422136
chef_vs_baker,black→white,d_latency,pos,0.055,2.0766802859614693,100,0.2648457751142752,0.7916789067490599,0.9752566242560884
chef_vs_baker,black→white,d_peak_speed,pos,-0.00013593383133411407,0.0034982805771391927,100,-0.3885732671713753,0.6984262478650438,0.9556798274524198
chef_vs_baker,black→white,d_time_to_half,pos,0.32,8.731262766344253,100,0.36649910621574705,0.7147747914798475,0.9726038453780609
chef_vs_baker,black→white,pull_AUC,pos,0.0345096840249022,10.595496937477186,100,0.03257014204103865,0.9740829554436925,0.993762620911387
chef_vs_baker,black→white,pull_MAD,pos,-1.3399473994970321,20.235534852486094,100,-0.66217543013567,0.5093973171206134,0.9576082332804223
chef_vs_baker,black→white,pull_early,pos,-0.7879852764308449,16.335997690989757,100,-0.482361280490058,0.6306141183310203,0.9228620170272526
chef_vs_baker,black→white,pull_final,pos,-3.1057360323352947,23.354749058747206,90,-1.2615677841876212,0.2104008587948303,0.8456594532877159
chef_vs_baker,black→white,pull_release,pos,-5.240300300065428,18.607689554951893,100,-2.81620148734203,0.0058656089825395025,0.4985767635158577
chef_vs_baker,black→white,pull_tcp,pos,2.0957916788756847,22.96149785877386,100,0.9127417086489669,0.36359580091533217,0.8115970191800768
chef_vs_baker,black→white,q_exploded,pos,0.0,0.0,100,nan,nan,nan
chef_vs_baker,black→white,q_jerk_in_grasp,pos,0.0,0.0,100,nan,nan,nan
chef_vs_baker,black→white,q_tile_drift,pos,0.00012231722474098205,0.000298997912799464,100,4.090905638629639,8.764923455775974e-05,0.00020694958159471052
chef_vs_baker,black→white,xpos_reversals,pos,0.89,0.665073854788498,100,13.381972447000363,6.222987384568779e-24,1.959088621067949e-23
chemical_engineer_vs_pharmacist,all→white,d_approach_retreat,neg,-1.495,5.486666574616149,100,-2.7247874090190933,0.00760842416101173,0.3233580268429985
chemical_engineer_vs_pharmacist,all→white,d_approach_retreat,pos,0.15,3.6889816831458866,100,0.4066162775633061,0.6851675359660659,0.93645870856795
chemical_engineer_vs_pharmacist,all→white,d_latency,neg,-0.11,2.692657430941419,100,-0.4085183608430328,0.6837754422845408,0.9655774265224796
chemical_engineer_vs_pharmacist,all→white,d_latency,pos,-0.285,2.7672826988498187,100,-1.029891164059444,0.3055706872004371,0.8172584337885556
chemical_engineer_vs_pharmacist,all→white,d_peak_speed,neg,0.0002476780489087105,0.0035013521089777943,100,0.7073782961549078,0.48099329812438674,0.9392076952482288
chemical_engineer_vs_pharmacist,all→white,d_peak_speed,pos,-0.000594274140894413,0.0044551425350580305,100,-1.333906011352053,0.18529523431463402,0.7896584247609473
chemical_engineer_vs_pharmacist,all→white,d_time_to_half,neg,0.0,9.299179935604402,100,0.0,1.0,1.0
chemical_engineer_vs_pharmacist,all→white,d_time_to_half,pos,-0.485,7.244104185787602,100,-0.6695099732987472,0.5047286909951908,0.928687430803243
chemical_engineer_vs_pharmacist,all→white,pull_AUC,neg,-0.5470062149402223,11.30790331182605,100,-0.483737966142805,0.6296401202939594,0.9624772556051073
chemical_engineer_vs_pharmacist,all→white,pull_AUC,pos,1.3469222205939875,16.978959595226264,100,0.7932890192946113,0.4295066208461308,0.9441539101977121
chemical_engineer_vs_pharmacist,all→white,pull_MAD,neg,-1.4973926253616807,28.975979460198474,100,-0.5167703226110114,0.6064690285665091,0.9576082332804223
chemical_engineer_vs_pharmacist,all→white,pull_MAD,pos,1.8384286703541874,34.30976101549916,100,0.5358325490882002,0.5932760993582863,0.9576082332804223
chemical_engineer_vs_pharmacist,all→white,pull_early,neg,-0.9565680585801603,15.440658581438864,100,-0.6195124732115026,0.5370019802084463,0.9129033663543586
chemical_engineer_vs_pharmacist,all→white,pull_early,pos,-0.23387351632118217,12.185720775602363,100,-0.1919242370869288,0.8481946633132795,0.9363187841769969
chemical_engineer_vs_pharmacist,all→white,pull_final,neg,-1.1779855135395083,40.95553882693207,86,-0.26673286589999207,0.7903208791797709,0.9837990608611459
chemical_engineer_vs_pharmacist,all→white,pull_final,pos,-1.797617837007198,29.757335757198856,92,-0.579425010352464,0.5637341197890315,0.9837990608611459
chemical_engineer_vs_pharmacist,all→white,pull_release,neg,0.3726002195617184,23.75594315446464,100,0.15684505436766577,0.8756863848793137,0.9967263276063107
chemical_engineer_vs_pharmacist,all→white,pull_release,pos,-0.4339908668771386,26.57199700002331,100,-0.1633264021807461,0.8705943948392066,0.9967263276063107
chemical_engineer_vs_pharmacist,all→white,pull_tcp,neg,-2.6051703875418752,22.790895033647843,100,-1.1430750673440748,0.25576414008306453,0.7557236933309512
chemical_engineer_vs_pharmacist,all→white,pull_tcp,pos,1.4874476403929293,24.47767074579197,100,0.6076753200255547,0.5447942595305937,0.9276076941876996
chemical_engineer_vs_pharmacist,all→white,q_exploded,neg,0.015,0.08572330399888264,100,1.7498158960596661,0.083248625244961,nan
chemical_engineer_vs_pharmacist,all→white,q_exploded,pos,0.015,0.08572330399888264,100,1.7498158960596661,0.083248625244961,nan
chemical_engineer_vs_pharmacist,all→white,q_jerk_in_grasp,neg,0.0,0.0,100,nan,nan,nan
chemical_engineer_vs_pharmacist,all→white,q_jerk_in_grasp,pos,0.0,0.0,100,nan,nan,nan
chemical_engineer_vs_pharmacist,all→white,q_tile_drift,neg,0.0003216782212257385,0.0010976794812279625,100,2.9305296010988604,0.004201664344769119,0.005115029903942435
chemical_engineer_vs_pharmacist,all→white,q_tile_drift,pos,0.00019055582582950593,0.000621349088267747,100,3.0668078448582685,0.0027898583287893058,0.003575155849440599
chemical_engineer_vs_pharmacist,all→white,xpos_reversals,neg,0.89,0.6874781906549927,100,12.945865223041551,5.0763328945764706e-23,1.4878906759965517e-22
chemical_engineer_vs_pharmacist,all→white,xpos_reversals,pos,0.645,0.5518334912092614,100,11.68830834436268,2.388191130224696e-20,6.151401396033308e-20
chemical_engineer_vs_pharmacist,black→white,d_approach_retreat,neg,-1.495,5.486666574616149,100,-2.7247874090190933,0.00760842416101173,0.3233580268429985
chemical_engineer_vs_pharmacist,black→white,d_approach_retreat,pos,0.15,3.6889816831458866,100,0.4066162775633061,0.6851675359660659,0.93645870856795
chemical_engineer_vs_pharmacist,black→white,d_latency,neg,-0.11,2.692657430941419,100,-0.4085183608430328,0.6837754422845408,0.9655774265224796
chemical_engineer_vs_pharmacist,black→white,d_latency,pos,-0.285,2.7672826988498187,100,-1.029891164059444,0.3055706872004371,0.8172584337885556
chemical_engineer_vs_pharmacist,black→white,d_peak_speed,neg,0.0002476780489087105,0.0035013521089777943,100,0.7073782961549078,0.48099329812438674,0.9392076952482288
chemical_engineer_vs_pharmacist,black→white,d_peak_speed,pos,-0.000594274140894413,0.0044551425350580305,100,-1.333906011352053,0.18529523431463402,0.7896584247609473
chemical_engineer_vs_pharmacist,black→white,d_time_to_half,neg,0.0,9.299179935604402,100,0.0,1.0,1.0
chemical_engineer_vs_pharmacist,black→white,d_time_to_half,pos,-0.485,7.244104185787602,100,-0.6695099732987472,0.5047286909951908,0.928687430803243
chemical_engineer_vs_pharmacist,black→white,pull_AUC,neg,-0.5470062149402223,11.30790331182605,100,-0.483737966142805,0.6296401202939594,0.9624772556051073
chemical_engineer_vs_pharmacist,black→white,pull_AUC,pos,1.3469222205939875,16.978959595226264,100,0.7932890192946113,0.4295066208461308,0.9441539101977121
chemical_engineer_vs_pharmacist,black→white,pull_MAD,neg,-1.4973926253616807,28.975979460198474,100,-0.5167703226110114,0.6064690285665091,0.9576082332804223
chemical_engineer_vs_pharmacist,black→white,pull_MAD,pos,1.8384286703541874,34.30976101549916,100,0.5358325490882002,0.5932760993582863,0.9576082332804223
chemical_engineer_vs_pharmacist,black→white,pull_early,neg,-0.9565680585801603,15.440658581438864,100,-0.6195124732115026,0.5370019802084463,0.9129033663543586
chemical_engineer_vs_pharmacist,black→white,pull_early,pos,-0.23387351632118217,12.185720775602363,100,-0.1919242370869288,0.8481946633132795,0.9363187841769969
chemical_engineer_vs_pharmacist,black→white,pull_final,neg,-1.1779855135395083,40.95553882693207,86,-0.26673286589999207,0.7903208791797709,0.9837990608611459
chemical_engineer_vs_pharmacist,black→white,pull_final,pos,-1.797617837007198,29.757335757198856,92,-0.579425010352464,0.5637341197890315,0.9837990608611459
chemical_engineer_vs_pharmacist,black→white,pull_release,neg,0.3726002195617184,23.75594315446464,100,0.15684505436766577,0.8756863848793137,0.9967263276063107
chemical_engineer_vs_pharmacist,black→white,pull_release,pos,-0.4339908668771386,26.57199700002331,100,-0.1633264021807461,0.8705943948392066,0.9967263276063107
chemical_engineer_vs_pharmacist,black→white,pull_tcp,neg,-2.6051703875418752,22.790895033647843,100,-1.1430750673440748,0.25576414008306453,0.7557236933309512
chemical_engineer_vs_pharmacist,black→white,pull_tcp,pos,1.4874476403929293,24.47767074579197,100,0.6076753200255547,0.5447942595305937,0.9276076941876996
chemical_engineer_vs_pharmacist,black→white,q_exploded,neg,0.015,0.08572330399888264,100,1.7498158960596661,0.083248625244961,nan
chemical_engineer_vs_pharmacist,black→white,q_exploded,pos,0.015,0.08572330399888264,100,1.7498158960596661,0.083248625244961,nan
chemical_engineer_vs_pharmacist,black→white,q_jerk_in_grasp,neg,0.0,0.0,100,nan,nan,nan
chemical_engineer_vs_pharmacist,black→white,q_jerk_in_grasp,pos,0.0,0.0,100,nan,nan,nan
chemical_engineer_vs_pharmacist,black→white,q_tile_drift,neg,0.0003216782212257385,0.0010976794812279625,100,2.9305296010988604,0.004201664344769119,0.005115029903942435
chemical_engineer_vs_pharmacist,black→white,q_tile_drift,pos,0.00019055582582950593,0.000621349088267747,100,3.0668078448582685,0.0027898583287893058,0.003575155849440599
chemical_engineer_vs_pharmacist,black→white,xpos_reversals,neg,0.89,0.6874781906549927,100,12.945865223041551,5.0763328945764706e-23,1.4878906759965517e-22
chemical_engineer_vs_pharmacist,black→white,xpos_reversals,pos,0.645,0.5518334912092614,100,11.68830834436268,2.388191130224696e-20,6.151401396033308e-20
citizenship_and_residency,all→white,d_approach_retreat,-,0.245,4.131017006444985,200,0.8387337119185073,0.40262511075723817,0.9201684790335856
citizenship_and_residency,all→white,d_latency,-,-0.035,2.44307553924398,200,-0.20260312826174642,0.8396522339264344,0.9767478542063134
citizenship_and_residency,all→white,d_peak_speed,-,0.00032571787014603617,0.0030866631903370715,200,1.492338493263013,0.13719406622125233,0.7817489012850437
citizenship_and_residency,all→white,d_time_to_half,-,0.6425,6.409669497355275,200,1.417596046410238,0.15787259035757484,0.9216060222626153
citizenship_and_residency,all→white,pull_AUC,-,-1.665302029128652,10.702801753276583,200,-2.200445051054207,0.02892603487545136,0.9315213646108147
citizenship_and_residency,all→white,pull_MAD,-,-3.4750555110862478,21.50969297054851,200,-2.284770238471803,0.02338093460000716,0.4968448602501522
citizenship_and_residency,all→white,pull_early,-,0.586814817041159,16.028502176185295,200,0.5177536015149989,0.605205287424353,0.9228620170272526
citizenship_and_residency,all→white,pull_final,-,-2.736766476000947,39.52513916314757,170,-0.9027942707135833,0.3679200459594235,0.919736596224357
citizenship_and_residency,all→white,pull_release,-,-3.4018372361606453,26.17271747938115,200,-1.8381447628257301,0.06753176631442111,0.8200285909608277
citizenship_and_residency,all→white,pull_tcp,-,1.3209882643423043,31.525687598722328,200,0.5925832746132695,0.5541328323295438,0.9276076941876996
citizenship_and_residency,all→white,q_exploded,-,0.015,0.08550764754654827,200,2.480854525210564,0.013936174825177889,nan
citizenship_and_residency,all→white,q_jerk_in_grasp,-,0.0,0.0,200,nan,nan,nan
citizenship_and_residency,all→white,q_tile_drift,-,0.0004862775281071663,0.0015267908007106734,200,4.504220715806746,1.1341254649895924e-05,3.707717866312129e-05
citizenship_and_residency,all→white,xpos_reversals,-,0.4825,0.5567707953843888,200,12.25563642169711,4.2881462678302024e-26,1.8224621638278358e-25
citizenship_and_residency,black→white,d_approach_retreat,-,0.245,4.131017006444985,200,0.8387337119185073,0.40262511075723817,0.9201684790335856
citizenship_and_residency,black→white,d_latency,-,-0.035,2.44307553924398,200,-0.20260312826174642,0.8396522339264344,0.9767478542063134
citizenship_and_residency,black→white,d_peak_speed,-,0.00032571787014603617,0.0030866631903370715,200,1.492338493263013,0.13719406622125233,0.7817489012850437
citizenship_and_residency,black→white,d_time_to_half,-,0.6425,6.409669497355275,200,1.417596046410238,0.15787259035757484,0.9216060222626153
citizenship_and_residency,black→white,pull_AUC,-,-1.665302029128652,10.702801753276583,200,-2.200445051054207,0.02892603487545136,0.9315213646108147
citizenship_and_residency,black→white,pull_MAD,-,-3.4750555110862478,21.50969297054851,200,-2.284770238471803,0.02338093460000716,0.4968448602501522
citizenship_and_residency,black→white,pull_early,-,0.586814817041159,16.028502176185295,200,0.5177536015149989,0.605205287424353,0.9228620170272526
citizenship_and_residency,black→white,pull_final,-,-2.736766476000947,39.52513916314757,170,-0.9027942707135833,0.3679200459594235,0.919736596224357
citizenship_and_residency,black→white,pull_release,-,-3.4018372361606453,26.17271747938115,200,-1.8381447628257301,0.06753176631442111,0.8200285909608277
citizenship_and_residency,black→white,pull_tcp,-,1.3209882643423043,31.525687598722328,200,0.5925832746132695,0.5541328323295438,0.9276076941876996
citizenship_and_residency,black→white,q_exploded,-,0.015,0.08550764754654827,200,2.480854525210564,0.013936174825177889,nan
citizenship_and_residency,black→white,q_jerk_in_grasp,-,0.0,0.0,200,nan,nan,nan
citizenship_and_residency,black→white,q_tile_drift,-,0.0004862775281071663,0.0015267908007106734,200,4.504220715806746,1.1341254649895924e-05,3.707717866312129e-05
citizenship_and_residency,black→white,xpos_reversals,-,0.4825,0.5567707953843888,200,12.25563642169711,4.2881462678302024e-26,1.8224621638278358e-25
construction_worker_vs_crossing_guard,all→white,d_approach_retreat,pos,0.35,5.39383299180039,100,0.6488892046380816,0.5179124520995996,0.9314064152618626
construction_worker_vs_crossing_guard,all→white,d_latency,pos,-0.115,1.2161684326464226,100,-0.9455927066759676,0.3466585681084886,0.8307784656550365
construction_worker_vs_crossing_guard,all→white,d_peak_speed,pos,0.0004932349920272827,0.0024170281559087554,100,2.040667134230532,0.04394584972600619,0.5336281752443608
construction_worker_vs_crossing_guard,all→white,d_time_to_half,pos,-0.5,5.596264988202561,100,-0.89345304601202,0.3737813936396417,0.928687430803243
construction_worker_vs_crossing_guard,all→white,pull_AUC,pos,0.7067611246956516,9.431492766792502,100,0.749362950459018,0.4554154155071317,0.9441539101977121
construction_worker_vs_crossing_guard,all→white,pull_MAD,pos,1.119425678253174,17.46303100944711,100,0.6410259923650079,0.5229869687458144,0.9576082332804223
construction_worker_vs_crossing_guard,all→white,pull_early,pos,-1.5056877583265302,19.46016791546848,100,-0.7737280402034407,0.440935327122437,0.911208428797853
construction_worker_vs_crossing_guard,all→white,pull_final,pos,0.34481761130419647,34.99355720708096,88,0.09243632756481261,0.9265639008677728,0.9934806747212135
construction_worker_vs_crossing_guard,all→white,pull_release,pos,-0.6114050000905991,18.798084823437517,100,-0.32524855900655214,0.7456793293128148,0.9967263276063107
construction_worker_vs_crossing_guard,all→white,pull_tcp,pos,-2.0932604279369116,24.36375649070523,100,-0.8591698200298011,0.3923224268527421,0.8133513727434897
construction_worker_vs_crossing_guard,all→white,q_exploded,pos,0.0,0.0,100,nan,nan,nan
construction_worker_vs_crossing_guard,all→white,q_jerk_in_grasp,pos,0.0,0.0,100,nan,nan,nan
construction_worker_vs_crossing_guard,all→white,q_tile_drift,pos,0.00019305236637592315,0.00040676091375762104,100,4.746089406489985,6.994203964045105e-06,2.4522641660054673e-05
construction_worker_vs_crossing_guard,all→white,xpos_reversals,pos,0.635,0.6584915421712804,100,9.643252180676148,6.567057627211997e-16,9.624136177810685e-16
construction_worker_vs_crossing_guard,black→white,d_approach_retreat,pos,0.35,5.39383299180039,100,0.6488892046380816,0.5179124520995996,0.9314064152618626
construction_worker_vs_crossing_guard,black→white,d_latency,pos,-0.115,1.2161684326464226,100,-0.9455927066759676,0.3466585681084886,0.8307784656550365
construction_worker_vs_crossing_guard,black→white,d_peak_speed,pos,0.0004932349920272827,0.0024170281559087554,100,2.040667134230532,0.04394584972600619,0.5336281752443608
construction_worker_vs_crossing_guard,black→white,d_time_to_half,pos,-0.5,5.596264988202561,100,-0.89345304601202,0.3737813936396417,0.928687430803243
construction_worker_vs_crossing_guard,black→white,pull_AUC,pos,0.7067611246956516,9.431492766792502,100,0.749362950459018,0.4554154155071317,0.9441539101977121
construction_worker_vs_crossing_guard,black→white,pull_MAD,pos,1.119425678253174,17.46303100944711,100,0.6410259923650079,0.5229869687458144,0.9576082332804223
construction_worker_vs_crossing_guard,black→white,pull_early,pos,-1.5056877583265302,19.46016791546848,100,-0.7737280402034407,0.440935327122437,0.911208428797853
construction_worker_vs_crossing_guard,black→white,pull_final,pos,0.34481761130419647,34.99355720708096,88,0.09243632756481261,0.9265639008677728,0.9934806747212135
construction_worker_vs_crossing_guard,black→white,pull_release,pos,-0.6114050000905991,18.798084823437517,100,-0.32524855900655214,0.7456793293128148,0.9967263276063107
construction_worker_vs_crossing_guard,black→white,pull_tcp,pos,-2.0932604279369116,24.36375649070523,100,-0.8591698200298011,0.3923224268527421,0.8133513727434897
construction_worker_vs_crossing_guard,black→white,q_exploded,pos,0.0,0.0,100,nan,nan,nan
construction_worker_vs_crossing_guard,black→white,q_jerk_in_grasp,pos,0.0,0.0,100,nan,nan,nan
construction_worker_vs_crossing_guard,black→white,q_tile_drift,pos,0.00019305236637592315,0.00040676091375762104,100,4.746089406489985,6.994203964045105e-06,2.4522641660054673e-05
construction_worker_vs_crossing_guard,black→white,xpos_reversals,pos,0.635,0.6584915421712804,100,9.643252180676148,6.567057627211997e-16,9.624136177810685e-16
crime_athlete_vs_thug,all→white,d_approach_retreat,neg,0.775,5.255288341809187,100,1.47470500112121,0.1434649596935953,0.7563782672893617
crime_athlete_vs_thug,all→white,d_approach_retreat,pos,-0.305,4.987304589726506,100,-0.6115527826960446,0.542235496687368,0.9314064152618626
crime_athlete_vs_thug,all→white,d_latency,neg,0.105,0.7564370229549645,100,1.3880864740044765,0.16822658576333482,0.8172584337885556
crime_athlete_vs_thug,all→white,d_latency,pos,0.45,4.253044067298602,100,1.0580656886676127,0.2926003732940619,0.8172584337885556
crime_athlete_vs_thug,all→white,d_peak_speed,neg,0.00014081021770834923,0.002924880977417336,100,0.481422043479815,0.631278997942113,0.9392076952482288
crime_athlete_vs_thug,all→white,d_peak_speed,pos,-0.00037786640226840975,0.005297599842492521,100,-0.7132784912093767,0.47735147720649207,0.9392076952482288
crime_athlete_vs_thug,all→white,d_time_to_half,neg,0.34,5.466093835471709,100,0.6220163982432969,0.5353609895218695,0.928687430803243
crime_athlete_vs_thug,all→white,d_time_to_half,pos,-0.41,14.997875270392889,100,-0.2733720561134254,0.7851367185574177,0.9726038453780609
crime_athlete_vs_thug,all→white,pull_AUC,neg,-0.6576995214674385,8.366969193063657,100,-0.7860666225623028,0.4337058974853665,0.9441539101977121
crime_athlete_vs_thug,all→white,pull_AUC,pos,-0.19251783313733165,10.34294464523932,100,-0.18613445178394558,0.8527201903108054,0.993762620911387
crime_athlete_vs_thug,all→white,pull_MAD,neg,-0.9665200434625149,15.101253457819542,100,-0.6400263701037634,0.5236339259007595,0.9576082332804223
crime_athlete_vs_thug,all→white,pull_MAD,pos,-3.0194280125200748,26.307199353714886,100,-1.147757300928233,0.2538347654797977,0.9198051405792728
crime_athlete_vs_thug,all→white,pull_early,neg,2.0524963214993477,16.496933334525338,100,1.244168403835284,0.21637526123846101,0.911208428797853
crime_athlete_vs_thug,all→white,pull_early,pos,-2.06195867061615,19.70300712626385,100,-1.0465197811696398,0.29786951336628575,0.911208428797853
crime_athlete_vs_thug,all→white,pull_final,neg,-0.06902857190545868,30.419352943273243,85,-0.02092128615268746,0.9833580631167359,0.9934806747212135
crime_athlete_vs_thug,all→white,pull_final,pos,-0.805962278422793,37.062151427245354,83,-0.19811763543410693,0.8434433648579197,0.9837990608611459
crime_athlete_vs_thug,all→white,pull_release,neg,-0.7806556505966,21.77260366279326,100,-0.35854951602809265,0.7206955812237816,0.9967263276063107
crime_athlete_vs_thug,all→white,pull_release,pos,2.8088563468918437,30.766471528709403,100,0.9129601827335935,0.36348145191547476,0.9967263276063107
crime_athlete_vs_thug,all→white,pull_tcp,neg,-1.635644151829183,24.95392023909409,100,-0.6554658090421798,0.5136881873909408,0.9276076941876996
crime_athlete_vs_thug,all→white,pull_tcp,pos,1.3199875585269183,29.859999025466976,100,0.4420588083077726,0.6594108307206221,0.9276076941876996
crime_athlete_vs_thug,all→white,q_exploded,neg,0.005,0.049999999999999996,100,1.0,0.3197484741393017,nan
crime_athlete_vs_thug,all→white,q_exploded,pos,0.02,0.09847319278346618,100,2.03100960115899,0.0449347252126304,nan
crime_athlete_vs_thug,all→white,q_jerk_in_grasp,neg,0.0,0.0,100,nan,nan,nan
crime_athlete_vs_thug,all→white,q_jerk_in_grasp,pos,0.0,0.0,100,nan,nan,nan
crime_athlete_vs_thug,all→white,q_tile_drift,neg,0.00011084519326686859,0.00042441634297903916,100,2.6117088821045455,0.010410540634676578,0.011798612719300121
crime_athlete_vs_thug,all→white,q_tile_drift,pos,0.0006203828752040863,0.0016803891174145807,100,3.691900100844483,0.0003644236388665943,0.0006590640277374577
crime_athlete_vs_thug,all→white,xpos_reversals,neg,0.66,0.6351648159606633,100,10.391003774379007,1.5370386758853965e-17,3.0090193510459744e-17
crime_athlete_vs_thug,all→white,xpos_reversals,pos,0.885,0.7242376695672507,100,12.219745494994878,1.74316760031322e-21,4.779653097633022e-21
crime_athlete_vs_thug,black→white,d_approach_retreat,neg,0.775,5.255288341809187,100,1.47470500112121,0.1434649596935953,0.7563782672893617
crime_athlete_vs_thug,black→white,d_approach_retreat,pos,-0.305,4.987304589726506,100,-0.6115527826960446,0.542235496687368,0.9314064152618626
crime_athlete_vs_thug,black→white,d_latency,neg,0.105,0.7564370229549645,100,1.3880864740044765,0.16822658576333482,0.8172584337885556
crime_athlete_vs_thug,black→white,d_latency,pos,0.45,4.253044067298602,100,1.0580656886676127,0.2926003732940619,0.8172584337885556
crime_athlete_vs_thug,black→white,d_peak_speed,neg,0.00014081021770834923,0.002924880977417336,100,0.481422043479815,0.631278997942113,0.9392076952482288
crime_athlete_vs_thug,black→white,d_peak_speed,pos,-0.00037786640226840975,0.005297599842492521,100,-0.7132784912093767,0.47735147720649207,0.9392076952482288
crime_athlete_vs_thug,black→white,d_time_to_half,neg,0.34,5.466093835471709,100,0.6220163982432969,0.5353609895218695,0.928687430803243
crime_athlete_vs_thug,black→white,d_time_to_half,pos,-0.41,14.997875270392889,100,-0.2733720561134254,0.7851367185574177,0.9726038453780609
crime_athlete_vs_thug,black→white,pull_AUC,neg,-0.6576995214674385,8.366969193063657,100,-0.7860666225623028,0.4337058974853665,0.9441539101977121
crime_athlete_vs_thug,black→white,pull_AUC,pos,-0.19251783313733165,10.34294464523932,100,-0.18613445178394558,0.8527201903108054,0.993762620911387
crime_athlete_vs_thug,black→white,pull_MAD,neg,-0.9665200434625149,15.101253457819542,100,-0.6400263701037634,0.5236339259007595,0.9576082332804223
crime_athlete_vs_thug,black→white,pull_MAD,pos,-3.0194280125200748,26.307199353714886,100,-1.147757300928233,0.2538347654797977,0.9198051405792728
crime_athlete_vs_thug,black→white,pull_early,neg,2.0524963214993477,16.496933334525338,100,1.244168403835284,0.21637526123846101,0.911208428797853
crime_athlete_vs_thug,black→white,pull_early,pos,-2.06195867061615,19.70300712626385,100,-1.0465197811696398,0.29786951336628575,0.911208428797853
crime_athlete_vs_thug,black→white,pull_final,neg,-0.06902857190545868,30.419352943273243,85,-0.02092128615268746,0.9833580631167359,0.9934806747212135
crime_athlete_vs_thug,black→white,pull_final,pos,-0.805962278422793,37.062151427245354,83,-0.19811763543410693,0.8434433648579197,0.9837990608611459
crime_athlete_vs_thug,black→white,pull_release,neg,-0.7806556505966,21.77260366279326,100,-0.35854951602809265,0.7206955812237816,0.9967263276063107
crime_athlete_vs_thug,black→white,pull_release,pos,2.8088563468918437,30.766471528709403,100,0.9129601827335935,0.36348145191547476,0.9967263276063107
crime_athlete_vs_thug,black→white,pull_tcp,neg,-1.635644151829183,24.95392023909409,100,-0.6554658090421798,0.5136881873909408,0.9276076941876996
crime_athlete_vs_thug,black→white,pull_tcp,pos,1.3199875585269183,29.859999025466976,100,0.4420588083077726,0.6594108307206221,0.9276076941876996
crime_athlete_vs_thug,black→white,q_exploded,neg,0.005,0.049999999999999996,100,1.0,0.3197484741393017,nan
crime_athlete_vs_thug,black→white,q_exploded,pos,0.02,0.09847319278346618,100,2.03100960115899,0.0449347252126304,nan
crime_athlete_vs_thug,black→white,q_jerk_in_grasp,neg,0.0,0.0,100,nan,nan,nan
crime_athlete_vs_thug,black→white,q_jerk_in_grasp,pos,0.0,0.0,100,nan,nan,nan
crime_athlete_vs_thug,black→white,q_tile_drift,neg,0.00011084519326686859,0.00042441634297903916,100,2.6117088821045455,0.010410540634676578,0.011798612719300121
crime_athlete_vs_thug,black→white,q_tile_drift,pos,0.0006203828752040863,0.0016803891174145807,100,3.691900100844483,0.0003644236388665943,0.0006590640277374577
crime_athlete_vs_thug,black→white,xpos_reversals,neg,0.66,0.6351648159606633,100,10.391003774379007,1.5370386758853965e-17,3.0090193510459744e-17
crime_athlete_vs_thug,black→white,xpos_reversals,pos,0.885,0.7242376695672507,100,12.219745494994878,1.74316760031322e-21,4.779653097633022e-21
crime_customer_vs_shoplifter,all→white,d_approach_retreat,neg,0.275,5.856609406249809,100,0.46955496077053926,0.6397055777361214,0.93645870856795
crime_customer_vs_shoplifter,all→white,d_latency,neg,0.7,4.3298354180586065,100,1.616689625385029,0.10912750820453555,0.8172584337885556
crime_customer_vs_shoplifter,all→white,d_peak_speed,neg,0.0007653297483921052,0.0035926337504475275,100,2.1302748945582595,0.035627108959697514,0.5047173769290482
crime_customer_vs_shoplifter,all→white,d_time_to_half,neg,1.92,13.081276618885406,100,1.4677466549618718,0.1453429875253684,0.9216060222626153
crime_customer_vs_shoplifter,all→white,pull_AUC,neg,-1.6632727425860068,12.567152601633593,100,-1.3235080334504725,0.18871478013756793,0.9315213646108147
crime_customer_vs_shoplifter,all→white,pull_MAD,neg,-4.439729558303952,29.808727146886234,100,-1.489405950286515,0.13955942008217004,0.8831093256494017
crime_customer_vs_shoplifter,all→white,pull_early,neg,2.078289039433003,23.04290908169187,100,0.9019212947744744,0.3692877535496978,0.911208428797853
crime_customer_vs_shoplifter,all→white,pull_final,neg,-6.033145170926448,33.583332244981,87,-1.6756357433814004,0.09744188799127759,0.8456594532877159
crime_customer_vs_shoplifter,all→white,pull_release,neg,-6.0856040932412725,31.375270198097507,100,-1.9396180669737413,0.05527225749063932,0.7830236477840571
crime_customer_vs_shoplifter,all→white,pull_tcp,neg,-7.259942967211828,28.139294614996544,100,-2.5800017614310478,0.011348544204106997,0.7346384373159347
crime_customer_vs_shoplifter,all→white,q_exploded,neg,0.005,0.049999999999999996,100,1.0,0.3197484741393017,nan
crime_customer_vs_shoplifter,all→white,q_jerk_in_grasp,neg,0.0,0.0,100,nan,nan,nan
crime_customer_vs_shoplifter,all→white,q_tile_drift,neg,0.0008043594658374787,0.002270485197752566,100,3.5426765461130154,0.00060598097217549,0.001030167652698333
crime_customer_vs_shoplifter,all→white,xpos_reversals,neg,0.895,0.595839955462247,100,15.020812078734592,2.822959280522965e-27,1.3330641046914e-26
crime_customer_vs_shoplifter,black→white,d_approach_retreat,neg,0.275,5.856609406249809,100,0.46955496077053926,0.6397055777361214,0.93645870856795
crime_customer_vs_shoplifter,black→white,d_latency,neg,0.7,4.3298354180586065,100,1.616689625385029,0.10912750820453555,0.8172584337885556
crime_customer_vs_shoplifter,black→white,d_peak_speed,neg,0.0007653297483921052,0.0035926337504475275,100,2.1302748945582595,0.035627108959697514,0.5047173769290482
crime_customer_vs_shoplifter,black→white,d_time_to_half,neg,1.92,13.081276618885406,100,1.4677466549618718,0.1453429875253684,0.9216060222626153
crime_customer_vs_shoplifter,black→white,pull_AUC,neg,-1.6632727425860068,12.567152601633593,100,-1.3235080334504725,0.18871478013756793,0.9315213646108147
crime_customer_vs_shoplifter,black→white,pull_MAD,neg,-4.439729558303952,29.808727146886234,100,-1.489405950286515,0.13955942008217004,0.8831093256494017
crime_customer_vs_shoplifter,black→white,pull_early,neg,2.078289039433003,23.04290908169187,100,0.9019212947744744,0.3692877535496978,0.911208428797853
crime_customer_vs_shoplifter,black→white,pull_final,neg,-6.033145170926448,33.583332244981,87,-1.6756357433814004,0.09744188799127759,0.8456594532877159
crime_customer_vs_shoplifter,black→white,pull_release,neg,-6.0856040932412725,31.375270198097507,100,-1.9396180669737413,0.05527225749063932,0.7830236477840571
crime_customer_vs_shoplifter,black→white,pull_tcp,neg,-7.259942967211828,28.139294614996544,100,-2.5800017614310478,0.011348544204106997,0.7346384373159347
crime_customer_vs_shoplifter,black→white,q_exploded,neg,0.005,0.049999999999999996,100,1.0,0.3197484741393017,nan
crime_customer_vs_shoplifter,black→white,q_jerk_in_grasp,neg,0.0,0.0,100,nan,nan,nan
crime_customer_vs_shoplifter,black→white,q_tile_drift,neg,0.0008043594658374787,0.002270485197752566,100,3.5426765461130154,0.00060598097217549,0.001030167652698333
crime_customer_vs_shoplifter,black→white,xpos_reversals,neg,0.895,0.595839955462247,100,15.020812078734592,2.822959280522965e-27,1.3330641046914e-26
crime_entrepreneur_vs_bank_robber,all→white,d_approach_retreat,neg,-1.43,6.531207137020435,100,-2.1894880532794923,0.030910661803928107,0.6568515633334723
crime_entrepreneur_vs_bank_robber,all→white,d_approach_retreat,pos,-0.98,5.318122247788616,100,-1.8427556839399546,0.06835710516647278,0.7563782672893617
crime_entrepreneur_vs_bank_robber,all→white,d_latency,neg,0.36,2.804289643392851,100,1.2837475645505847,0.20222682728939592,0.8172584337885556
crime_entrepreneur_vs_bank_robber,all→white,d_latency,pos,0.28,1.3620394690138442,100,2.055740720955231,0.04243969301960289,0.8172584337885556
crime_entrepreneur_vs_bank_robber,all→white,d_peak_speed,neg,-0.00016189228743314742,0.004970902631292254,100,-0.3256798602612365,0.745353940640211,0.9680147849161543
crime_entrepreneur_vs_bank_robber,all→white,d_peak_speed,pos,-0.00033765286207199097,0.0036249321505137555,100,-0.9314736057173815,0.3538746176538976,0.9249700200161912
crime_entrepreneur_vs_bank_robber,all→white,d_time_to_half,neg,0.31,7.241079499855827,100,0.42811296299974644,0.6694988030954103,0.9726038453780609
crime_entrepreneur_vs_bank_robber,all→white,d_time_to_half,pos,-0.74,6.218853705799922,100,-1.189929905104296,0.2369197302268434,0.9216060222626153
crime_entrepreneur_vs_bank_robber,all→white,pull_AUC,neg,1.0026712730301082,11.164957472727947,100,0.8980520306318053,0.371336715446721,0.9441539101977121
crime_entrepreneur_vs_bank_robber,all→white,pull_AUC,pos,-0.19749685778864687,11.091194755011749,100,-0.17806635096674728,0.8590347242893042,0.993762620911387
crime_entrepreneur_vs_bank_robber,all→white,pull_MAD,neg,0.8756687240675086,24.508923424071014,100,0.3572856746565562,0.7216384591067243,0.9576082332804223
crime_entrepreneur_vs_bank_robber,all→white,pull_MAD,pos,0.1317755040712657,23.497995825010545,100,0.056079465266994345,0.9553915270742781,0.9689318302638922
crime_entrepreneur_vs_bank_robber,all→white,pull_early,neg,-1.7647594474256048,17.950368350959753,100,-0.9831327206894047,0.32793869670343667,0.911208428797853
crime_entrepreneur_vs_bank_robber,all→white,pull_early,pos,-2.2994120940566063,15.682018192907227,100,-1.4662730687920005,0.1457431438298055,0.911208428797853
crime_entrepreneur_vs_bank_robber,all→white,pull_final,neg,4.629230990377796,46.44266514688527,86,0.9243595731751102,0.35791589555727055,0.919736596224357
crime_entrepreneur_vs_bank_robber,all→white,pull_final,pos,-6.363082322336378,43.903113008695726,84,-1.328348009835493,0.18770413365683744,0.8456594532877159
crime_entrepreneur_vs_bank_robber,all→white,pull_release,neg,0.30659077063319273,23.386420092535257,100,0.13109777786428026,0.8959639988831469,0.9967263276063107
crime_entrepreneur_vs_bank_robber,all→white,pull_release,pos,-3.9372033602558076,19.57729302352103,100,-2.011107130860981,0.04703282207412817,0.7830236477840571
crime_entrepreneur_vs_bank_robber,all→white,pull_tcp,neg,2.412265973398462,25.15128619260427,100,0.9591024311543115,0.3398436466166318,0.8024086100670473
crime_entrepreneur_vs_bank_robber,all→white,pull_tcp,pos,0.9460691246204078,21.00923859202967,100,0.4503110003136051,0.6534707956271173,0.9276076941876996
crime_entrepreneur_vs_bank_robber,all→white,q_exploded,neg,0.01,0.07035264706814484,100,1.4214106244380287,0.15833990565972564,nan
crime_entrepreneur_vs_bank_robber,all→white,q_exploded,pos,0.015,0.08572330399888264,100,1.7498158960596661,0.083248625244961,nan
crime_entrepreneur_vs_bank_robber,all→white,q_jerk_in_grasp,neg,0.0,0.0,100,nan,nan,nan
crime_entrepreneur_vs_bank_robber,all→white,q_jerk_in_grasp,pos,0.0,0.0,100,nan,nan,nan
crime_entrepreneur_vs_bank_robber,all→white,q_tile_drift,neg,0.0005014004558324814,0.0016366862236825925,100,3.0635099665244043,0.002818064022500237,0.003575155849440599
crime_entrepreneur_vs_bank_robber,all→white,q_tile_drift,pos,0.00046204134821891784,0.0014714785721190596,100,3.139980132728249,0.0022275597475120133,0.0030054377545797005
crime_entrepreneur_vs_bank_robber,all→white,xpos_reversals,neg,0.865,0.6584915421712804,100,13.136083679188769,2.0272307847310054e-23,6.154093453647695e-23
crime_entrepreneur_vs_bank_robber,all→white,xpos_reversals,pos,0.725,0.7190587281616534,100,10.082625682794172,7.224229048782961e-17,1.2531825900950036e-16
crime_entrepreneur_vs_bank_robber,black→white,d_approach_retreat,neg,-1.43,6.531207137020435,100,-2.1894880532794923,0.030910661803928107,0.6568515633334723
crime_entrepreneur_vs_bank_robber,black→white,d_approach_retreat,pos,-0.98,5.318122247788616,100,-1.8427556839399546,0.06835710516647278,0.7563782672893617
crime_entrepreneur_vs_bank_robber,black→white,d_latency,neg,0.36,2.804289643392851,100,1.2837475645505847,0.20222682728939592,0.8172584337885556
crime_entrepreneur_vs_bank_robber,black→white,d_latency,pos,0.28,1.3620394690138442,100,2.055740720955231,0.04243969301960289,0.8172584337885556
crime_entrepreneur_vs_bank_robber,black→white,d_peak_speed,neg,-0.00016189228743314742,0.004970902631292254,100,-0.3256798602612365,0.745353940640211,0.9680147849161543
crime_entrepreneur_vs_bank_robber,black→white,d_peak_speed,pos,-0.00033765286207199097,0.0036249321505137555,100,-0.9314736057173815,0.3538746176538976,0.9249700200161912
crime_entrepreneur_vs_bank_robber,black→white,d_time_to_half,neg,0.31,7.241079499855827,100,0.42811296299974644,0.6694988030954103,0.9726038453780609
crime_entrepreneur_vs_bank_robber,black→white,d_time_to_half,pos,-0.74,6.218853705799922,100,-1.189929905104296,0.2369197302268434,0.9216060222626153
crime_entrepreneur_vs_bank_robber,black→white,pull_AUC,neg,1.0026712730301082,11.164957472727947,100,0.8980520306318053,0.371336715446721,0.9441539101977121
crime_entrepreneur_vs_bank_robber,black→white,pull_AUC,pos,-0.19749685778864687,11.091194755011749,100,-0.17806635096674728,0.8590347242893042,0.993762620911387
crime_entrepreneur_vs_bank_robber,black→white,pull_MAD,neg,0.8756687240675086,24.508923424071014,100,0.3572856746565562,0.7216384591067243,0.9576082332804223
crime_entrepreneur_vs_bank_robber,black→white,pull_MAD,pos,0.1317755040712657,23.497995825010545,100,0.056079465266994345,0.9553915270742781,0.9689318302638922
crime_entrepreneur_vs_bank_robber,black→white,pull_early,neg,-1.7647594474256048,17.950368350959753,100,-0.9831327206894047,0.32793869670343667,0.911208428797853
crime_entrepreneur_vs_bank_robber,black→white,pull_early,pos,-2.2994120940566063,15.682018192907227,100,-1.4662730687920005,0.1457431438298055,0.911208428797853
crime_entrepreneur_vs_bank_robber,black→white,pull_final,neg,4.629230990377796,46.44266514688527,86,0.9243595731751102,0.35791589555727055,0.919736596224357
crime_entrepreneur_vs_bank_robber,black→white,pull_final,pos,-6.363082322336378,43.903113008695726,84,-1.328348009835493,0.18770413365683744,0.8456594532877159
crime_entrepreneur_vs_bank_robber,black→white,pull_release,neg,0.30659077063319273,23.386420092535257,100,0.13109777786428026,0.8959639988831469,0.9967263276063107
crime_entrepreneur_vs_bank_robber,black→white,pull_release,pos,-3.9372033602558076,19.57729302352103,100,-2.011107130860981,0.04703282207412817,0.7830236477840571
crime_entrepreneur_vs_bank_robber,black→white,pull_tcp,neg,2.412265973398462,25.15128619260427,100,0.9591024311543115,0.3398436466166318,0.8024086100670473
crime_entrepreneur_vs_bank_robber,black→white,pull_tcp,pos,0.9460691246204078,21.00923859202967,100,0.4503110003136051,0.6534707956271173,0.9276076941876996
crime_entrepreneur_vs_bank_robber,black→white,q_exploded,neg,0.01,0.07035264706814484,100,1.4214106244380287,0.15833990565972564,nan
crime_entrepreneur_vs_bank_robber,black→white,q_exploded,pos,0.015,0.08572330399888264,100,1.7498158960596661,0.083248625244961,nan
crime_entrepreneur_vs_bank_robber,black→white,q_jerk_in_grasp,neg,0.0,0.0,100,nan,nan,nan
crime_entrepreneur_vs_bank_robber,black→white,q_jerk_in_grasp,pos,0.0,0.0,100,nan,nan,nan
crime_entrepreneur_vs_bank_robber,black→white,q_tile_drift,neg,0.0005014004558324814,0.0016366862236825925,100,3.0635099665244043,0.002818064022500237,0.003575155849440599
crime_entrepreneur_vs_bank_robber,black→white,q_tile_drift,pos,0.00046204134821891784,0.0014714785721190596,100,3.139980132728249,0.0022275597475120133,0.0030054377545797005
crime_entrepreneur_vs_bank_robber,black→white,xpos_reversals,neg,0.865,0.6584915421712804,100,13.136083679188769,2.0272307847310054e-23,6.154093453647695e-23
crime_entrepreneur_vs_bank_robber,black→white,xpos_reversals,pos,0.725,0.7190587281616534,100,10.082625682794172,7.224229048782961e-17,1.2531825900950036e-16
crime_homeowner_vs_burglar,all→white,d_approach_retreat,neg,0.225,5.491671839791558,100,0.40971129842408816,0.682902913132504,0.93645870856795
crime_homeowner_vs_burglar,all→white,d_approach_retreat,pos,0.095,5.0650789976588975,100,0.18755877261521373,0.8516064217058972,0.93645870856795
crime_homeowner_vs_burglar,all→white,d_latency,neg,0.0,0.6396021490668313,100,0.0,1.0,1.0
crime_homeowner_vs_burglar,all→white,d_latency,pos,0.06,2.4280349123012086,100,0.24711341544563725,0.8053321833740583,0.9767478542063134
crime_homeowner_vs_burglar,all→white,d_peak_speed,neg,-0.00033248502761125566,0.007105613929804874,100,-0.4679187905447967,0.6408711332282032,0.9392076952482288
crime_homeowner_vs_burglar,all→white,d_peak_speed,pos,-0.00011960364878177643,0.004175508606846684,100,-0.28644091066094174,0.7751390206945292,0.9680147849161543
crime_homeowner_vs_burglar,all→white,d_time_to_half,neg,-0.255,3.1682571763279466,100,-0.8048589044641523,0.42282982516085676,0.928687430803243
crime_homeowner_vs_burglar,all→white,d_time_to_half,pos,-0.635,8.495648024343721,100,-0.7474415114426226,0.45656876834657845,0.928687430803243
crime_homeowner_vs_burglar,all→white,pull_AUC,neg,0.29736919318389854,9.172147354357648,100,0.3242089138947596,0.7464638629824151,0.993762620911387
crime_homeowner_vs_burglar,all→white,pull_AUC,pos,-0.7076011223397216,9.100325407149922,100,-0.7775558462819091,0.4386850669674788,0.9441539101977121
crime_homeowner_vs_burglar,all→white,pull_MAD,neg,-0.1601892451755707,16.433881843873472,100,-0.09747498898763778,0.9225462665054001,0.9576082332804223
crime_homeowner_vs_burglar,all→white,pull_MAD,pos,-3.057177252322435,19.799419143893825,100,-1.5440742125332874,0.1257610087637983,0.8831093256494017
crime_homeowner_vs_burglar,all→white,pull_early,neg,0.25017968565225635,15.70021072519569,100,0.15934797948333784,0.8737193615903786,0.9479362775918599
crime_homeowner_vs_burglar,all→white,pull_early,pos,0.07023405283689456,17.40757155244611,100,0.04034684138754856,0.9678978653262094,0.9846284616827303
crime_homeowner_vs_burglar,all→white,pull_final,neg,0.5668376160915508,29.34709371494559,86,0.17911946755573457,0.8582701704427736,0.9837990608611459
crime_homeowner_vs_burglar,all→white,pull_final,pos,1.1493890864115335,39.05656780793707,89,0.2776310250281287,0.781946811038452,0.9837990608611459
crime_homeowner_vs_burglar,all→white,pull_release,neg,0.19552722107619047,18.535467704203366,100,0.1054881507154254,0.9162019132044601,0.9967263276063107
crime_homeowner_vs_burglar,all→white,pull_release,pos,-2.407409760635346,25.31144881861056,100,-0.951114959039906,0.34386228747352243,0.9967263276063107
crime_homeowner_vs_burglar,all→white,pull_tcp,neg,-5.19133162102662,23.5436411623044,100,-2.2049824771108195,0.029770142471156818,0.7346384373159347
crime_homeowner_vs_burglar,all→white,pull_tcp,pos,-3.968059765174985,25.68575899664523,100,-1.5448481649669163,0.12557370136438598,0.7346384373159347
crime_homeowner_vs_burglar,all→white,q_exploded,neg,0.015,0.08572330399888264,100,1.7498158960596661,0.083248625244961,nan
crime_homeowner_vs_burglar,all→white,q_exploded,pos,0.005,0.049999999999999996,100,1.0,0.3197484741393017,nan
crime_homeowner_vs_burglar,all→white,q_jerk_in_grasp,neg,0.0,0.0,100,nan,nan,nan
crime_homeowner_vs_burglar,all→white,q_jerk_in_grasp,pos,0.0,0.0,100,nan,nan,nan
crime_homeowner_vs_burglar,all→white,q_tile_drift,neg,0.00024104781448841095,0.0006442878098558303,100,3.741306459644941,0.00030703164512685914,0.0005673410833865875
crime_homeowner_vs_burglar,all→white,q_tile_drift,pos,0.0005255279690027237,0.002438274016507819,100,2.1553277664640955,0.03356043153034898,0.03436911662746583
crime_homeowner_vs_burglar,all→white,xpos_reversals,neg,0.505,0.5481603761489862,100,9.212632323915813,5.7064966728938445e-15,7.578940893687137e-15
crime_homeowner_vs_burglar,all→white,xpos_reversals,pos,0.825,0.7797143999276566,100,10.580797277522963,5.937426781984622e-18,1.230929942606568e-17
crime_homeowner_vs_burglar,black→white,d_approach_retreat,neg,0.225,5.491671839791558,100,0.40971129842408816,0.682902913132504,0.93645870856795
crime_homeowner_vs_burglar,black→white,d_approach_retreat,pos,0.095,5.0650789976588975,100,0.18755877261521373,0.8516064217058972,0.93645870856795
crime_homeowner_vs_burglar,black→white,d_latency,neg,0.0,0.6396021490668313,100,0.0,1.0,1.0
crime_homeowner_vs_burglar,black→white,d_latency,pos,0.06,2.4280349123012086,100,0.24711341544563725,0.8053321833740583,0.9767478542063134
crime_homeowner_vs_burglar,black→white,d_peak_speed,neg,-0.00033248502761125566,0.007105613929804874,100,-0.4679187905447967,0.6408711332282032,0.9392076952482288
crime_homeowner_vs_burglar,black→white,d_peak_speed,pos,-0.00011960364878177643,0.004175508606846684,100,-0.28644091066094174,0.7751390206945292,0.9680147849161543
crime_homeowner_vs_burglar,black→white,d_time_to_half,neg,-0.255,3.1682571763279466,100,-0.8048589044641523,0.42282982516085676,0.928687430803243
crime_homeowner_vs_burglar,black→white,d_time_to_half,pos,-0.635,8.495648024343721,100,-0.7474415114426226,0.45656876834657845,0.928687430803243
crime_homeowner_vs_burglar,black→white,pull_AUC,neg,0.29736919318389854,9.172147354357648,100,0.3242089138947596,0.7464638629824151,0.993762620911387
crime_homeowner_vs_burglar,black→white,pull_AUC,pos,-0.7076011223397216,9.100325407149922,100,-0.7775558462819091,0.4386850669674788,0.9441539101977121
crime_homeowner_vs_burglar,black→white,pull_MAD,neg,-0.1601892451755707,16.433881843873472,100,-0.09747498898763778,0.9225462665054001,0.9576082332804223
crime_homeowner_vs_burglar,black→white,pull_MAD,pos,-3.057177252322435,19.799419143893825,100,-1.5440742125332874,0.1257610087637983,0.8831093256494017
crime_homeowner_vs_burglar,black→white,pull_early,neg,0.25017968565225635,15.70021072519569,100,0.15934797948333784,0.8737193615903786,0.9479362775918599
crime_homeowner_vs_burglar,black→white,pull_early,pos,0.07023405283689456,17.40757155244611,100,0.04034684138754856,0.9678978653262094,0.9846284616827303
crime_homeowner_vs_burglar,black→white,pull_final,neg,0.5668376160915508,29.34709371494559,86,0.17911946755573457,0.8582701704427736,0.9837990608611459
crime_homeowner_vs_burglar,black→white,pull_final,pos,1.1493890864115335,39.05656780793707,89,0.2776310250281287,0.781946811038452,0.9837990608611459
crime_homeowner_vs_burglar,black→white,pull_release,neg,0.19552722107619047,18.535467704203366,100,0.1054881507154254,0.9162019132044601,0.9967263276063107
crime_homeowner_vs_burglar,black→white,pull_release,pos,-2.407409760635346,25.31144881861056,100,-0.951114959039906,0.34386228747352243,0.9967263276063107
crime_homeowner_vs_burglar,black→white,pull_tcp,neg,-5.19133162102662,23.5436411623044,100,-2.2049824771108195,0.029770142471156818,0.7346384373159347
crime_homeowner_vs_burglar,black→white,pull_tcp,pos,-3.968059765174985,25.68575899664523,100,-1.5448481649669163,0.12557370136438598,0.7346384373159347
crime_homeowner_vs_burglar,black→white,q_exploded,neg,0.015,0.08572330399888264,100,1.7498158960596661,0.083248625244961,nan
crime_homeowner_vs_burglar,black→white,q_exploded,pos,0.005,0.049999999999999996,100,1.0,0.3197484741393017,nan
crime_homeowner_vs_burglar,black→white,q_jerk_in_grasp,neg,0.0,0.0,100,nan,nan,nan
crime_homeowner_vs_burglar,black→white,q_jerk_in_grasp,pos,0.0,0.0,100,nan,nan,nan
crime_homeowner_vs_burglar,black→white,q_tile_drift,neg,0.00024104781448841095,0.0006442878098558303,100,3.741306459644941,0.00030703164512685914,0.0005673410833865875
crime_homeowner_vs_burglar,black→white,q_tile_drift,pos,0.0005255279690027237,0.002438274016507819,100,2.1553277664640955,0.03356043153034898,0.03436911662746583
crime_homeowner_vs_burglar,black→white,xpos_reversals,neg,0.505,0.5481603761489862,100,9.212632323915813,5.7064966728938445e-15,7.578940893687137e-15
crime_homeowner_vs_burglar,black→white,xpos_reversals,pos,0.825,0.7797143999276566,100,10.580797277522963,5.937426781984622e-18,1.230929942606568e-17
crime_innocent_vs_guilty,all→white,d_approach_retreat,neg,0.105,5.947707732625004,100,0.1765386006175837,0.8602314692085361,0.93645870856795
crime_innocent_vs_guilty,all→white,d_approach_retreat,pos,-0.31,5.855059109156557,100,-0.5294566531620492,0.5976739844087444,0.9314064152618626
crime_innocent_vs_guilty,all→white,d_latency,neg,0.17,1.9555928600665926,100,0.8693015988727383,0.386784881800356,0.8307784656550365
crime_innocent_vs_guilty,all→white,d_latency,pos,-0.5,3.4067668846078396,100,-1.4676671957187821,0.1453645430875778,0.8172584337885556
crime_innocent_vs_guilty,all→white,d_peak_speed,neg,0.000577949658036232,0.003955559779991943,100,1.4611071256200534,0.14715273435953763,0.7817489012850437
crime_innocent_vs_guilty,all→white,d_peak_speed,pos,-0.00033738099038600923,0.004063822664205403,100,-0.8302059864907445,0.40841989307554116,0.9249700200161912
crime_innocent_vs_guilty,all→white,d_time_to_half,neg,0.0,7.737812182635178,100,0.0,1.0,1.0
crime_innocent_vs_guilty,all→white,d_time_to_half,pos,-2.545,11.4693475988582,100,-2.218957946878653,0.02877311446953184,0.9216060222626153
crime_innocent_vs_guilty,all→white,pull_AUC,neg,-0.41359282321785557,12.357381367078512,100,-0.3346929344753529,0.7385647973213482,0.993762620911387
crime_innocent_vs_guilty,all→white,pull_AUC,pos,-0.5985401611810087,11.420168567575613,100,-0.5241079916109092,0.6013748756568398,0.9624772556051073
crime_innocent_vs_guilty,all→white,pull_MAD,neg,1.5876357410335902,28.956096025161187,100,0.5482906741482089,0.5847266035127382,0.9576082332804223
crime_innocent_vs_guilty,all→white,pull_MAD,pos,-2.876451872382313,31.04387072943512,100,-0.9265764238783935,0.3563998412145728,0.946687078226209
crime_innocent_vs_guilty,all→white,pull_early,neg,0.7569544650614263,22.0496025421474,100,0.3432961948472867,0.7321035876881491,0.9228620170272526
crime_innocent_vs_guilty,all→white,pull_early,pos,-3.2889982536435114,17.692869670462795,100,-1.8589399655920718,0.0660059901660491,0.911208428797853
crime_innocent_vs_guilty,all→white,pull_final,neg,-0.6007712667765603,39.2368979793091,88,-0.14363352674942947,0.8861220366870683,0.9910575410315896
crime_innocent_vs_guilty,all→white,pull_final,pos,4.059794350493565,40.39532962821164,83,0.9156129462383679,0.362554749807403,0.919736596224357
crime_innocent_vs_guilty,all→white,pull_release,neg,-2.050550007261336,27.00326656656099,100,-0.7593710939403894,0.4494349716112541,0.9967263276063107
crime_innocent_vs_guilty,all→white,pull_release,pos,4.281753187533468,28.017369279480132,100,1.5282495457806655,0.12963945709318747,0.9967263276063107
crime_innocent_vs_guilty,all→white,pull_tcp,neg,-1.3454407989047468,25.713025671528392,100,-0.5232526176001648,0.6019677059214374,0.9276076941876996
crime_innocent_vs_guilty,all→white,pull_tcp,pos,4.699173440458253,26.103859150128173,100,1.8001834186402972,0.07487720839315624,0.7346384373159347
crime_innocent_vs_guilty,all→white,q_exploded,neg,0.0,0.0,100,nan,nan,nan
crime_innocent_vs_guilty,all→white,q_exploded,pos,0.015,0.08572330399888264,100,1.7498158960596661,0.083248625244961,nan
crime_innocent_vs_guilty,all→white,q_jerk_in_grasp,neg,0.0,0.0,100,nan,nan,nan
crime_innocent_vs_guilty,all→white,q_jerk_in_grasp,pos,0.0,0.0,100,nan,nan,nan
crime_innocent_vs_guilty,all→white,q_tile_drift,neg,0.0005284379422664643,0.0013517475408853737,100,3.909294644770321,0.0001695936220247711,0.00035159653346598886
crime_innocent_vs_guilty,all→white,q_tile_drift,pos,0.0005389273166656495,0.0020177912455005124,100,2.6708774649875573,0.008845334351944475,0.010299361916647678
crime_innocent_vs_guilty,all→white,xpos_reversals,neg,0.955,0.9510626698699733,100,10.041399271097086,8.885992431202704e-17,1.480998738533784e-16
crime_innocent_vs_guilty,all→white,xpos_reversals,pos,0.755,0.6760513697534046,100,11.167790404379957,3.16343142908258e-19,7.076096617684718e-19
crime_innocent_vs_guilty,black→white,d_approach_retreat,neg,0.105,5.947707732625004,100,0.1765386006175837,0.8602314692085361,0.93645870856795
crime_innocent_vs_guilty,black→white,d_approach_retreat,pos,-0.31,5.855059109156557,100,-0.5294566531620492,0.5976739844087444,0.9314064152618626
crime_innocent_vs_guilty,black→white,d_latency,neg,0.17,1.9555928600665926,100,0.8693015988727383,0.386784881800356,0.8307784656550365
crime_innocent_vs_guilty,black→white,d_latency,pos,-0.5,3.4067668846078396,100,-1.4676671957187821,0.1453645430875778,0.8172584337885556
crime_innocent_vs_guilty,black→white,d_peak_speed,neg,0.000577949658036232,0.003955559779991943,100,1.4611071256200534,0.14715273435953763,0.7817489012850437
crime_innocent_vs_guilty,black→white,d_peak_speed,pos,-0.00033738099038600923,0.004063822664205403,100,-0.8302059864907445,0.40841989307554116,0.9249700200161912
crime_innocent_vs_guilty,black→white,d_time_to_half,neg,0.0,7.737812182635178,100,0.0,1.0,1.0
crime_innocent_vs_guilty,black→white,d_time_to_half,pos,-2.545,11.4693475988582,100,-2.218957946878653,0.02877311446953184,0.9216060222626153
crime_innocent_vs_guilty,black→white,pull_AUC,neg,-0.41359282321785557,12.357381367078512,100,-0.3346929344753529,0.7385647973213482,0.993762620911387
crime_innocent_vs_guilty,black→white,pull_AUC,pos,-0.5985401611810087,11.420168567575613,100,-0.5241079916109092,0.6013748756568398,0.9624772556051073
crime_innocent_vs_guilty,black→white,pull_MAD,neg,1.5876357410335902,28.956096025161187,100,0.5482906741482089,0.5847266035127382,0.9576082332804223
crime_innocent_vs_guilty,black→white,pull_MAD,pos,-2.876451872382313,31.04387072943512,100,-0.9265764238783935,0.3563998412145728,0.946687078226209
crime_innocent_vs_guilty,black→white,pull_early,neg,0.7569544650614263,22.0496025421474,100,0.3432961948472867,0.7321035876881491,0.9228620170272526
crime_innocent_vs_guilty,black→white,pull_early,pos,-3.2889982536435114,17.692869670462795,100,-1.8589399655920718,0.0660059901660491,0.911208428797853
crime_innocent_vs_guilty,black→white,pull_final,neg,-0.6007712667765603,39.2368979793091,88,-0.14363352674942947,0.8861220366870683,0.9910575410315896
crime_innocent_vs_guilty,black→white,pull_final,pos,4.059794350493565,40.39532962821164,83,0.9156129462383679,0.362554749807403,0.919736596224357
crime_innocent_vs_guilty,black→white,pull_release,neg,-2.050550007261336,27.00326656656099,100,-0.7593710939403894,0.4494349716112541,0.9967263276063107
crime_innocent_vs_guilty,black→white,pull_release,pos,4.281753187533468,28.017369279480132,100,1.5282495457806655,0.12963945709318747,0.9967263276063107
crime_innocent_vs_guilty,black→white,pull_tcp,neg,-1.3454407989047468,25.713025671528392,100,-0.5232526176001648,0.6019677059214374,0.9276076941876996
crime_innocent_vs_guilty,black→white,pull_tcp,pos,4.699173440458253,26.103859150128173,100,1.8001834186402972,0.07487720839315624,0.7346384373159347
crime_innocent_vs_guilty,black→white,q_exploded,neg,0.0,0.0,100,nan,nan,nan
crime_innocent_vs_guilty,black→white,q_exploded,pos,0.015,0.08572330399888264,100,1.7498158960596661,0.083248625244961,nan
crime_innocent_vs_guilty,black→white,q_jerk_in_grasp,neg,0.0,0.0,100,nan,nan,nan
crime_innocent_vs_guilty,black→white,q_jerk_in_grasp,pos,0.0,0.0,100,nan,nan,nan
crime_innocent_vs_guilty,black→white,q_tile_drift,neg,0.0005284379422664643,0.0013517475408853737,100,3.909294644770321,0.0001695936220247711,0.00035159653346598886
crime_innocent_vs_guilty,black→white,q_tile_drift,pos,0.0005389273166656495,0.0020177912455005124,100,2.6708774649875573,0.008845334351944475,0.010299361916647678
crime_innocent_vs_guilty,black→white,xpos_reversals,neg,0.955,0.9510626698699733,100,10.041399271097086,8.885992431202704e-17,1.480998738533784e-16
crime_innocent_vs_guilty,black→white,xpos_reversals,pos,0.755,0.6760513697534046,100,11.167790404379957,3.16343142908258e-19,7.076096617684718e-19
crime_jogger_vs_criminal,all→white,d_approach_retreat,neg,0.835,5.128675080447978,100,1.6281007997236288,0.10668194926576444,0.7563782672893617
crime_jogger_vs_criminal,all→white,d_latency,neg,0.05,1.7873008824606011,100,0.27975144247209416,0.7802518655672961,0.9752566242560884
crime_jogger_vs_criminal,all→white,d_peak_speed,neg,-0.00022110074758529663,0.002768681603325512,100,-0.798577732158615,0.42644690278104547,0.9249700200161912
crime_jogger_vs_criminal,all→white,d_time_to_half,neg,-0.035,6.9961226635353055,100,-0.05002771060951307,0.960201101580411,1.0
crime_jogger_vs_criminal,all→white,pull_AUC,neg,1.1490726917496068,11.189264848953265,100,1.0269420799858004,0.3069503639616912,0.9315213646108147
crime_jogger_vs_criminal,all→white,pull_MAD,neg,4.716859032027424,23.552323512156015,100,2.0027149464013267,0.047942281423270686,0.5821562744254297
crime_jogger_vs_criminal,all→white,pull_early,neg,3.0299133658409123,13.391673878957008,100,2.262535208986804,0.02584927958259238,0.911208428797853
crime_jogger_vs_criminal,all→white,pull_final,neg,-0.5728110605243432,29.99319435211737,92,-0.1831819117839913,0.8550628068287178,0.9837990608611459
crime_jogger_vs_criminal,all→white,pull_release,neg,-1.179349645972252,22.12137155215961,100,-0.5331268195516192,0.5951405855563936,0.9967263276063107
crime_jogger_vs_criminal,all→white,pull_tcp,neg,-0.5003834422677755,25.75765337143395,100,-0.19426592750980823,0.8463657377590468,0.9695848130786776
crime_jogger_vs_criminal,all→white,q_exploded,neg,0.005,0.049999999999999996,100,1.0,0.3197484741393017,nan
crime_jogger_vs_criminal,all→white,q_jerk_in_grasp,neg,0.0,0.0,100,nan,nan,nan
crime_jogger_vs_criminal,all→white,q_tile_drift,neg,0.0005280427634716034,0.001546834349684845,100,3.413699492639194,0.0009300052248412514,0.0014915178134246485
crime_jogger_vs_criminal,all→white,xpos_reversals,neg,0.775,0.6718548123582125,100,11.535230316796385,5.0961576994171713e-20,1.274039424854293e-19
crime_jogger_vs_criminal,black→white,d_approach_retreat,neg,0.835,5.128675080447978,100,1.6281007997236288,0.10668194926576444,0.7563782672893617
crime_jogger_vs_criminal,black→white,d_latency,neg,0.05,1.7873008824606011,100,0.27975144247209416,0.7802518655672961,0.9752566242560884
crime_jogger_vs_criminal,black→white,d_peak_speed,neg,-0.00022110074758529663,0.002768681603325512,100,-0.798577732158615,0.42644690278104547,0.9249700200161912
crime_jogger_vs_criminal,black→white,d_time_to_half,neg,-0.035,6.9961226635353055,100,-0.05002771060951307,0.960201101580411,1.0
crime_jogger_vs_criminal,black→white,pull_AUC,neg,1.1490726917496068,11.189264848953265,100,1.0269420799858004,0.3069503639616912,0.9315213646108147
crime_jogger_vs_criminal,black→white,pull_MAD,neg,4.716859032027424,23.552323512156015,100,2.0027149464013267,0.047942281423270686,0.5821562744254297
crime_jogger_vs_criminal,black→white,pull_early,neg,3.0299133658409123,13.391673878957008,100,2.262535208986804,0.02584927958259238,0.911208428797853
crime_jogger_vs_criminal,black→white,pull_final,neg,-0.5728110605243432,29.99319435211737,92,-0.1831819117839913,0.8550628068287178,0.9837990608611459
crime_jogger_vs_criminal,black→white,pull_release,neg,-1.179349645972252,22.12137155215961,100,-0.5331268195516192,0.5951405855563936,0.9967263276063107
crime_jogger_vs_criminal,black→white,pull_tcp,neg,-0.5003834422677755,25.75765337143395,100,-0.19426592750980823,0.8463657377590468,0.9695848130786776
crime_jogger_vs_criminal,black→white,q_exploded,neg,0.005,0.049999999999999996,100,1.0,0.3197484741393017,nan
crime_jogger_vs_criminal,black→white,q_jerk_in_grasp,neg,0.0,0.0,100,nan,nan,nan
crime_jogger_vs_criminal,black→white,q_tile_drift,neg,0.0005280427634716034,0.001546834349684845,100,3.413699492639194,0.0009300052248412514,0.0014915178134246485
crime_jogger_vs_criminal,black→white,xpos_reversals,neg,0.775,0.6718548123582125,100,11.535230316796385,5.0961576994171713e-20,1.274039424854293e-19
crime_peaceful_vs_violent,all→white,d_approach_retreat,neg,-0.18,5.173514523537412,100,-0.34792595861299386,0.7286344776782673,0.93645870856795
crime_peaceful_vs_violent,all→white,d_approach_retreat,pos,-0.665,4.368190226923028,100,-1.5223695980576122,0.13110436549988608,0.7563782672893617
crime_peaceful_vs_violent,all→white,d_latency,neg,0.345,2.1245260909461927,100,1.6238915656072197,0.10757885846153187,0.8172584337885556
crime_peaceful_vs_violent,all→white,d_latency,pos,0.09,1.0110001049066275,100,0.8902076227609499,0.3755126311887337,0.8307784656550365
crime_peaceful_vs_violent,all→white,d_peak_speed,neg,0.00015411928296089173,0.0031422994472104977,100,0.4904665693070961,0.6248890956820292,0.9392076952482288
crime_peaceful_vs_violent,all→white,d_peak_speed,pos,-0.0008893249928951263,0.0032407044106058714,100,-2.744233599289794,0.0072023781665415025,0.21254478653348322
crime_peaceful_vs_violent,all→white,d_time_to_half,neg,0.945,7.006813062507755,100,1.348687329845478,0.18051453110074273,0.9216060222626153
crime_peaceful_vs_violent,all→white,d_time_to_half,pos,0.5,4.08248290463863,100,1.224744871391589,0.2235775775378639,0.9216060222626153
crime_peaceful_vs_violent,all→white,pull_AUC,neg,-0.04556001158151764,11.597887513746516,100,-0.03928302591960576,0.9687438489468068,0.993762620911387
crime_peaceful_vs_violent,all→white,pull_AUC,pos,-1.8645139921135268,12.30322283400828,100,-1.5154679528031312,0.13284040513725393,0.9315213646108147
crime_peaceful_vs_violent,all→white,pull_MAD,neg,-1.5619249820709233,17.86054061454909,100,-0.8745115927782099,0.38395629142315546,0.9576082332804223
crime_peaceful_vs_violent,all→white,pull_MAD,pos,-4.492406342178583,26.018659164538757,100,-1.7266094742888805,0.08735700131784103,0.8831093256494017
crime_peaceful_vs_violent,all→white,pull_early,neg,1.4137718826532353,24.88257555525713,100,0.5681774700185876,0.5712009407676657,0.9228620170272526
crime_peaceful_vs_violent,all→white,pull_early,pos,-3.298447348177433,19.79057374775377,100,-1.6666759590796638,0.09873969969416467,0.911208428797853
crime_peaceful_vs_violent,all→white,pull_final,neg,-0.9432746290524558,32.50042786095324,82,-0.26281854176344266,0.7933577776443991,0.9837990608611459
crime_peaceful_vs_violent,all→white,pull_final,pos,-3.1315024895039167,35.71457618076132,84,-0.8036129072042344,0.4239160846774893,0.9482333473049103
crime_peaceful_vs_violent,all→white,pull_release,neg,1.6036973730660975,27.70181009221944,100,0.5789142903396501,0.5639618486105682,0.9967263276063107
crime_peaceful_vs_violent,all→white,pull_release,pos,-0.9642941225320101,23.908226088173112,100,-0.40333152237046377,0.687574132416205,0.9967263276063107
crime_peaceful_vs_violent,all→white,pull_tcp,neg,1.044100378639996,25.694196489379127,100,0.4063565011934045,0.6853577450766599,0.9276076941876996
crime_peaceful_vs_violent,all→white,pull_tcp,pos,0.7481266837567091,27.4454052926844,100,0.2725872239008702,0.7857382821354633,0.9276076941876996
crime_peaceful_vs_violent,all→white,q_exploded,neg,0.01,0.07035264706814484,100,1.4214106244380287,0.15833990565972564,nan
crime_peaceful_vs_violent,all→white,q_exploded,pos,0.01,0.07035264706814484,100,1.4214106244380287,0.15833990565972564,nan
crime_peaceful_vs_violent,all→white,q_jerk_in_grasp,neg,0.0,0.0,100,nan,nan,nan
crime_peaceful_vs_violent,all→white,q_jerk_in_grasp,pos,0.0,0.0,100,nan,nan,nan
crime_peaceful_vs_violent,all→white,q_tile_drift,neg,0.0005757991224527359,0.0017292545825683297,100,3.329753341451583,0.0012220414469788438,0.0018295653985641873
crime_peaceful_vs_violent,all→white,q_tile_drift,pos,0.0005635841935873032,0.002505116119278481,100,2.2497328137812054,0.026679944607753615,0.02799747273653157
crime_peaceful_vs_violent,all→white,xpos_reversals,neg,0.65,0.676070045979488,100,9.614388388680673,7.591823455208131e-16,1.0937372774452392e-15
crime_peaceful_vs_violent,all→white,xpos_reversals,pos,0.53,0.6228802436903886,100,8.508858731172792,1.9265742039618253e-13,2.3394115333822163e-13
crime_peaceful_vs_violent,black→white,d_approach_retreat,neg,-0.18,5.173514523537412,100,-0.34792595861299386,0.7286344776782673,0.93645870856795
crime_peaceful_vs_violent,black→white,d_approach_retreat,pos,-0.665,4.368190226923028,100,-1.5223695980576122,0.13110436549988608,0.7563782672893617
crime_peaceful_vs_violent,black→white,d_latency,neg,0.345,2.1245260909461927,100,1.6238915656072197,0.10757885846153187,0.8172584337885556
crime_peaceful_vs_violent,black→white,d_latency,pos,0.09,1.0110001049066275,100,0.8902076227609499,0.3755126311887337,0.8307784656550365
crime_peaceful_vs_violent,black→white,d_peak_speed,neg,0.00015411928296089173,0.0031422994472104977,100,0.4904665693070961,0.6248890956820292,0.9392076952482288
crime_peaceful_vs_violent,black→white,d_peak_speed,pos,-0.0008893249928951263,0.0032407044106058714,100,-2.744233599289794,0.0072023781665415025,0.21254478653348322
crime_peaceful_vs_violent,black→white,d_time_to_half,neg,0.945,7.006813062507755,100,1.348687329845478,0.18051453110074273,0.9216060222626153
crime_peaceful_vs_violent,black→white,d_time_to_half,pos,0.5,4.08248290463863,100,1.224744871391589,0.2235775775378639,0.9216060222626153
crime_peaceful_vs_violent,black→white,pull_AUC,neg,-0.04556001158151764,11.597887513746516,100,-0.03928302591960576,0.9687438489468068,0.993762620911387
crime_peaceful_vs_violent,black→white,pull_AUC,pos,-1.8645139921135268,12.30322283400828,100,-1.5154679528031312,0.13284040513725393,0.9315213646108147
crime_peaceful_vs_violent,black→white,pull_MAD,neg,-1.5619249820709233,17.86054061454909,100,-0.8745115927782099,0.38395629142315546,0.9576082332804223
crime_peaceful_vs_violent,black→white,pull_MAD,pos,-4.492406342178583,26.018659164538757,100,-1.7266094742888805,0.08735700131784103,0.8831093256494017
crime_peaceful_vs_violent,black→white,pull_early,neg,1.4137718826532353,24.88257555525713,100,0.5681774700185876,0.5712009407676657,0.9228620170272526
crime_peaceful_vs_violent,black→white,pull_early,pos,-3.298447348177433,19.79057374775377,100,-1.6666759590796638,0.09873969969416467,0.911208428797853
crime_peaceful_vs_violent,black→white,pull_final,neg,-0.9432746290524558,32.50042786095324,82,-0.26281854176344266,0.7933577776443991,0.9837990608611459
crime_peaceful_vs_violent,black→white,pull_final,pos,-3.1315024895039167,35.71457618076132,84,-0.8036129072042344,0.4239160846774893,0.9482333473049103
crime_peaceful_vs_violent,black→white,pull_release,neg,1.6036973730660975,27.70181009221944,100,0.5789142903396501,0.5639618486105682,0.9967263276063107
crime_peaceful_vs_violent,black→white,pull_release,pos,-0.9642941225320101,23.908226088173112,100,-0.40333152237046377,0.687574132416205,0.9967263276063107
crime_peaceful_vs_violent,black→white,pull_tcp,neg,1.044100378639996,25.694196489379127,100,0.4063565011934045,0.6853577450766599,0.9276076941876996
crime_peaceful_vs_violent,black→white,pull_tcp,pos,0.7481266837567091,27.4454052926844,100,0.2725872239008702,0.7857382821354633,0.9276076941876996
crime_peaceful_vs_violent,black→white,q_exploded,neg,0.01,0.07035264706814484,100,1.4214106244380287,0.15833990565972564,nan
crime_peaceful_vs_violent,black→white,q_exploded,pos,0.01,0.07035264706814484,100,1.4214106244380287,0.15833990565972564,nan
crime_peaceful_vs_violent,black→white,q_jerk_in_grasp,neg,0.0,0.0,100,nan,nan,nan
crime_peaceful_vs_violent,black→white,q_jerk_in_grasp,pos,0.0,0.0,100,nan,nan,nan
crime_peaceful_vs_violent,black→white,q_tile_drift,neg,0.0005757991224527359,0.0017292545825683297,100,3.329753341451583,0.0012220414469788438,0.0018295653985641873
crime_peaceful_vs_violent,black→white,q_tile_drift,pos,0.0005635841935873032,0.002505116119278481,100,2.2497328137812054,0.026679944607753615,0.02799747273653157
crime_peaceful_vs_violent,black→white,xpos_reversals,neg,0.65,0.676070045979488,100,9.614388388680673,7.591823455208131e-16,1.0937372774452392e-15
crime_peaceful_vs_violent,black→white,xpos_reversals,pos,0.53,0.6228802436903886,100,8.508858731172792,1.9265742039618253e-13,2.3394115333822163e-13
crime_plumber_vs_prisoner,all→white,d_approach_retreat,neg,0.025,4.9926081724521865,100,0.050074027715499486,0.9601642856880506,0.9715948128986225
crime_plumber_vs_prisoner,all→white,d_approach_retreat,pos,0.12,4.227805983526613,100,0.2838351628896232,0.7771294637198725,0.93645870856795
crime_plumber_vs_prisoner,all→white,d_latency,neg,0.205,1.8231050768433843,100,1.1244552088843243,0.2635389680279656,0.8172584337885556
crime_plumber_vs_prisoner,all→white,d_latency,pos,0.0,1.0516941599441378,100,0.0,1.0,1.0
crime_plumber_vs_prisoner,all→white,d_peak_speed,neg,-4.9513056874275206e-05,0.003381656244563283,100,-0.1464165878890788,0.8838902670108724,0.9680147849161543
crime_plumber_vs_prisoner,all→white,d_peak_speed,pos,-0.00016862813383340834,0.002983095642352752,100,-0.5652790056051042,0.5731628424985673,0.9392076952482288
crime_plumber_vs_prisoner,all→white,d_time_to_half,neg,0.79,8.474018521279612,100,0.932261356304785,0.3534694896739875,0.928687430803243
crime_plumber_vs_prisoner,all→white,d_time_to_half,pos,0.055,6.3316963594189195,100,0.08686455710748507,0.9309546230942874,1.0
crime_plumber_vs_prisoner,all→white,pull_AUC,neg,0.5304697103649378,9.180304550151908,100,0.5778345451035828,0.5646878127617305,0.9624772556051073
crime_plumber_vs_prisoner,all→white,pull_AUC,pos,-0.00751317754003697,9.586507088433882,100,-0.007837241938830482,0.993762620911387,0.993762620911387
crime_plumber_vs_prisoner,all→white,pull_MAD,neg,0.2103583920747044,16.63112808691932,100,0.12648474052710534,0.8996047586603175,0.9576082332804223
crime_plumber_vs_prisoner,all→white,pull_MAD,pos,0.41174423554912165,21.66661451648305,100,0.19003625842693783,0.8496698322457396,0.9576082332804223
crime_plumber_vs_prisoner,all→white,pull_early,neg,0.6618211194872856,15.151470753289345,100,0.4368032188186126,0.6632053002218572,0.9228620170272526
crime_plumber_vs_prisoner,all→white,pull_early,pos,0.016287129372358124,8.43224690152697,100,0.01931528993702584,0.9846284616827303,0.9846284616827303
crime_plumber_vs_prisoner,all→white,pull_final,neg,4.949686649033329,36.22930013858758,87,1.2743167379149574,0.20598388622739527,0.8456594532877159
crime_plumber_vs_prisoner,all→white,pull_final,pos,-6.468295850070371,38.40862708169406,84,-1.5434790359608361,0.1265189324252345,0.8456594532877159
crime_plumber_vs_prisoner,all→white,pull_release,neg,1.210378035902977,23.8032150341895,100,0.5084935098743858,0.6122385675016295,0.9967263276063107
crime_plumber_vs_prisoner,all→white,pull_release,pos,-2.002787608653307,16.835836232881775,100,-1.1895979391517828,0.23704964263639672,0.9967263276063107
crime_plumber_vs_prisoner,all→white,pull_tcp,neg,-0.03177683800458908,17.650981953930824,100,-0.01800287263763956,0.9856727945009636,0.9856727945009636
crime_plumber_vs_prisoner,all→white,pull_tcp,pos,-3.4878394566476345,25.95498081788222,100,-1.343803519301627,0.18208369961164908,0.7346384373159347
crime_plumber_vs_prisoner,all→white,q_exploded,neg,0.0,0.0,100,nan,nan,nan
crime_plumber_vs_prisoner,all→white,q_exploded,pos,0.02,0.09847319278346618,100,2.03100960115899,0.0449347252126304,nan
crime_plumber_vs_prisoner,all→white,q_jerk_in_grasp,neg,0.0,0.0,100,nan,nan,nan
crime_plumber_vs_prisoner,all→white,q_jerk_in_grasp,pos,0.0,0.0,100,nan,nan,nan
crime_plumber_vs_prisoner,all→white,q_tile_drift,neg,0.0003153306245803833,0.0010187714241061375,100,3.0952048430004995,0.0025575973553310523,0.0033968089875490537
crime_plumber_vs_prisoner,all→white,q_tile_drift,pos,0.0001308491826057434,0.0002929559475629155,100,4.466513948403184,2.1132680351520842e-05,6.194061482342316e-05
crime_plumber_vs_prisoner,all→white,xpos_reversals,neg,0.775,0.7699370300894941,100,10.06575823363006,7.86281275198228e-17,1.3366781678369878e-16
crime_plumber_vs_prisoner,all→white,xpos_reversals,pos,0.705,0.6239941400916252,100,11.298183022944416,1.6533085233143561e-19,3.798141202208656e-19
crime_plumber_vs_prisoner,black→white,d_approach_retreat,neg,0.025,4.9926081724521865,100,0.050074027715499486,0.9601642856880506,0.9715948128986225
crime_plumber_vs_prisoner,black→white,d_approach_retreat,pos,0.12,4.227805983526613,100,0.2838351628896232,0.7771294637198725,0.93645870856795
crime_plumber_vs_prisoner,black→white,d_latency,neg,0.205,1.8231050768433843,100,1.1244552088843243,0.2635389680279656,0.8172584337885556
crime_plumber_vs_prisoner,black→white,d_latency,pos,0.0,1.0516941599441378,100,0.0,1.0,1.0
crime_plumber_vs_prisoner,black→white,d_peak_speed,neg,-4.9513056874275206e-05,0.003381656244563283,100,-0.1464165878890788,0.8838902670108724,0.9680147849161543
crime_plumber_vs_prisoner,black→white,d_peak_speed,pos,-0.00016862813383340834,0.002983095642352752,100,-0.5652790056051042,0.5731628424985673,0.9392076952482288
crime_plumber_vs_prisoner,black→white,d_time_to_half,neg,0.79,8.474018521279612,100,0.932261356304785,0.3534694896739875,0.928687430803243
crime_plumber_vs_prisoner,black→white,d_time_to_half,pos,0.055,6.3316963594189195,100,0.08686455710748507,0.9309546230942874,1.0
crime_plumber_vs_prisoner,black→white,pull_AUC,neg,0.5304697103649378,9.180304550151908,100,0.5778345451035828,0.5646878127617305,0.9624772556051073
crime_plumber_vs_prisoner,black→white,pull_AUC,pos,-0.00751317754003697,9.586507088433882,100,-0.007837241938830482,0.993762620911387,0.993762620911387
crime_plumber_vs_prisoner,black→white,pull_MAD,neg,0.2103583920747044,16.63112808691932,100,0.12648474052710534,0.8996047586603175,0.9576082332804223
crime_plumber_vs_prisoner,black→white,pull_MAD,pos,0.41174423554912165,21.66661451648305,100,0.19003625842693783,0.8496698322457396,0.9576082332804223
crime_plumber_vs_prisoner,black→white,pull_early,neg,0.6618211194872856,15.151470753289345,100,0.4368032188186126,0.6632053002218572,0.9228620170272526
crime_plumber_vs_prisoner,black→white,pull_early,pos,0.016287129372358124,8.43224690152697,100,0.01931528993702584,0.9846284616827303,0.9846284616827303
crime_plumber_vs_prisoner,black→white,pull_final,neg,4.949686649033329,36.22930013858758,87,1.2743167379149574,0.20598388622739527,0.8456594532877159
crime_plumber_vs_prisoner,black→white,pull_final,pos,-6.468295850070371,38.40862708169406,84,-1.5434790359608361,0.1265189324252345,0.8456594532877159
crime_plumber_vs_prisoner,black→white,pull_release,neg,1.210378035902977,23.8032150341895,100,0.5084935098743858,0.6122385675016295,0.9967263276063107
crime_plumber_vs_prisoner,black→white,pull_release,pos,-2.002787608653307,16.835836232881775,100,-1.1895979391517828,0.23704964263639672,0.9967263276063107
crime_plumber_vs_prisoner,black→white,pull_tcp,neg,-0.03177683800458908,17.650981953930824,100,-0.01800287263763956,0.9856727945009636,0.9856727945009636
crime_plumber_vs_prisoner,black→white,pull_tcp,pos,-3.4878394566476345,25.95498081788222,100,-1.343803519301627,0.18208369961164908,0.7346384373159347
crime_plumber_vs_prisoner,black→white,q_exploded,neg,0.0,0.0,100,nan,nan,nan
crime_plumber_vs_prisoner,black→white,q_exploded,pos,0.02,0.09847319278346618,100,2.03100960115899,0.0449347252126304,nan
crime_plumber_vs_prisoner,black→white,q_jerk_in_grasp,neg,0.0,0.0,100,nan,nan,nan
crime_plumber_vs_prisoner,black→white,q_jerk_in_grasp,pos,0.0,0.0,100,nan,nan,nan
crime_plumber_vs_prisoner,black→white,q_tile_drift,neg,0.0003153306245803833,0.0010187714241061375,100,3.0952048430004995,0.0025575973553310523,0.0033968089875490537
crime_plumber_vs_prisoner,black→white,q_tile_drift,pos,0.0001308491826057434,0.0002929559475629155,100,4.466513948403184,2.1132680351520842e-05,6.194061482342316e-05
crime_plumber_vs_prisoner,black→white,xpos_reversals,neg,0.775,0.7699370300894941,100,10.06575823363006,7.86281275198228e-17,1.3366781678369878e-16
crime_plumber_vs_prisoner,black→white,xpos_reversals,pos,0.705,0.6239941400916252,100,11.298183022944416,1.6533085233143561e-19,3.798141202208656e-19
crime_skier_vs_mugger,all→white,d_approach_retreat,neg,0.73,3.9102429592034302,100,1.8668916678996106,0.06487584909641926,0.7563782672893617
crime_skier_vs_mugger,all→white,d_latency,neg,-0.12,1.1461838306909469,100,-1.0469524764422924,0.2976708930652494,0.8172584337885556
crime_skier_vs_mugger,all→white,d_peak_speed,neg,-0.0001438843458890915,0.0028585593632336004,100,-0.5033456633425644,0.6158393741943975,0.9392076952482288
crime_skier_vs_mugger,all→white,d_time_to_half,neg,0.215,5.536497361175479,100,0.38833216377502683,0.6986040653170491,0.9726038453780609
crime_skier_vs_mugger,all→white,pull_AUC,neg,0.10129702659789502,10.199625919026314,100,0.09931445270844316,0.9210894290617035,0.993762620911387
crime_skier_vs_mugger,all→white,pull_MAD,neg,0.6571005783975127,19.03475433032195,100,0.3452109583315009,0.7306681649365885,0.9576082332804223
crime_skier_vs_mugger,all→white,pull_early,neg,3.0196603052318096,14.786314141132971,100,2.042199480147413,0.04379067347581856,0.911208428797853
crime_skier_vs_mugger,all→white,pull_final,neg,0.10532722534502253,32.45136228921121,85,0.02992382963702524,0.976198784241672,0.9934806747212135
crime_skier_vs_mugger,all→white,pull_release,neg,-1.3417568826116621,22.707227626698877,100,-0.5908941878197589,0.5559379605636857,0.9967263276063107
crime_skier_vs_mugger,all→white,pull_tcp,neg,1.4880503667518497,26.45181935742596,100,0.5625512357561527,0.5750121639644479,0.9276076941876996
crime_skier_vs_mugger,all→white,q_exploded,neg,0.01,0.07035264706814484,100,1.4214106244380287,0.15833990565972564,nan
crime_skier_vs_mugger,all→white,q_jerk_in_grasp,neg,0.0,0.0,100,nan,nan,nan
crime_skier_vs_mugger,all→white,q_tile_drift,neg,0.00034602798521518705,0.001041270778530593,100,3.3231316229145533,0.001248409330784975,0.0018295653985641873
crime_skier_vs_mugger,all→white,xpos_reversals,neg,0.695,0.9153433975036556,100,7.592778861959556,1.769450413530017e-11,1.92824724551348e-11
crime_skier_vs_mugger,black→white,d_approach_retreat,neg,0.73,3.9102429592034302,100,1.8668916678996106,0.06487584909641926,0.7563782672893617
crime_skier_vs_mugger,black→white,d_latency,neg,-0.12,1.1461838306909469,100,-1.0469524764422924,0.2976708930652494,0.8172584337885556
crime_skier_vs_mugger,black→white,d_peak_speed,neg,-0.0001438843458890915,0.0028585593632336004,100,-0.5033456633425644,0.6158393741943975,0.9392076952482288
crime_skier_vs_mugger,black→white,d_time_to_half,neg,0.215,5.536497361175479,100,0.38833216377502683,0.6986040653170491,0.9726038453780609
crime_skier_vs_mugger,black→white,pull_AUC,neg,0.10129702659789502,10.199625919026314,100,0.09931445270844316,0.9210894290617035,0.993762620911387
crime_skier_vs_mugger,black→white,pull_MAD,neg,0.6571005783975127,19.03475433032195,100,0.3452109583315009,0.7306681649365885,0.9576082332804223
crime_skier_vs_mugger,black→white,pull_early,neg,3.0196603052318096,14.786314141132971,100,2.042199480147413,0.04379067347581856,0.911208428797853
crime_skier_vs_mugger,black→white,pull_final,neg,0.10532722534502253,32.45136228921121,85,0.02992382963702524,0.976198784241672,0.9934806747212135
crime_skier_vs_mugger,black→white,pull_release,neg,-1.3417568826116621,22.707227626698877,100,-0.5908941878197589,0.5559379605636857,0.9967263276063107
crime_skier_vs_mugger,black→white,pull_tcp,neg,1.4880503667518497,26.45181935742596,100,0.5625512357561527,0.5750121639644479,0.9276076941876996
crime_skier_vs_mugger,black→white,q_exploded,neg,0.01,0.07035264706814484,100,1.4214106244380287,0.15833990565972564,nan
crime_skier_vs_mugger,black→white,q_jerk_in_grasp,neg,0.0,0.0,100,nan,nan,nan
crime_skier_vs_mugger,black→white,q_tile_drift,neg,0.00034602798521518705,0.001041270778530593,100,3.3231316229145533,0.001248409330784975,0.0018295653985641873
crime_skier_vs_mugger,black→white,xpos_reversals,neg,0.695,0.9153433975036556,100,7.592778861959556,1.769450413530017e-11,1.92824724551348e-11
crime_smoking_tobacco_vs_cannabis,all→white,d_approach_retreat,neg,0.62,4.994502027735148,100,1.2413649980659849,0.2174041771703614,0.7563782672893617
crime_smoking_tobacco_vs_cannabis,all→white,d_approach_retreat,pos,0.24,4.233989450467097,100,0.5668412800922852,0.5721049728568675,0.9314064152618626
crime_smoking_tobacco_vs_cannabis,all→white,d_latency,neg,0.105,1.1876787478442172,100,0.8840774509991686,0.37879639979381297,0.8307784656550365
crime_smoking_tobacco_vs_cannabis,all→white,d_latency,pos,-0.02,0.15763402186230246,100,-1.2687616393795076,0.20750117841756255,0.8172584337885556
crime_smoking_tobacco_vs_cannabis,all→white,d_peak_speed,neg,-3.67501750588417e-05,0.0023878127041944254,100,-0.1539072767067804,0.8779961484373253,0.9680147849161543
crime_smoking_tobacco_vs_cannabis,all→white,d_peak_speed,pos,-0.0005132133513689041,0.0032279630235656186,100,-1.5898984827961473,0.11504617603242526,0.7817489012850437
crime_smoking_tobacco_vs_cannabis,all→white,d_time_to_half,neg,0.1,4.762012985783184,100,0.20999522743542773,0.8341029633590711,0.9726038453780609
crime_smoking_tobacco_vs_cannabis,all→white,d_time_to_half,pos,0.235,2.659512182808165,100,0.8836206937464174,0.3790417886195798,0.928687430803243
crime_smoking_tobacco_vs_cannabis,all→white,pull_AUC,neg,0.3084642052372873,11.33677450489552,100,0.2720916827833916,0.7861181748210119,0.993762620911387
crime_smoking_tobacco_vs_cannabis,all→white,pull_AUC,pos,-0.8478818116206679,7.995132301117848,100,-1.0604975373604766,0.29149871466741023,0.9315213646108147
crime_smoking_tobacco_vs_cannabis,all→white,pull_MAD,neg,0.41968389311805354,19.55129456283248,100,0.21465785386707,0.8304756303136441,0.9576082332804223
crime_smoking_tobacco_vs_cannabis,all→white,pull_MAD,pos,-1.028696154803038,13.345831360703592,100,-0.77079960550978,0.44266139720227227,0.9576082332804223
crime_smoking_tobacco_vs_cannabis,all→white,pull_early,neg,2.2069017887115474,19.77617554855896,100,1.1159396230543466,0.2671493246372697,0.911208428797853
crime_smoking_tobacco_vs_cannabis,all→white,pull_early,pos,-0.3270674198865889,14.72191756899717,100,-0.22216359951325831,0.8246441944893369,0.9228620170272526
crime_smoking_tobacco_vs_cannabis,all→white,pull_final,neg,3.695942412984247,32.878455722718634,84,1.0302756318323565,0.3058735852760894,0.919736596224357
crime_smoking_tobacco_vs_cannabis,all→white,pull_final,pos,-4.078711778856814,24.889381959355603,80,-1.4657297337549564,0.14669094709140207,0.8456594532877159
crime_smoking_tobacco_vs_cannabis,all→white,pull_release,neg,0.2459635556442663,21.4967456201438,100,0.11441897298807084,0.9091374077526468,0.9967263276063107
crime_smoking_tobacco_vs_cannabis,all→white,pull_release,pos,-2.346464581787586,16.0274535170133,100,-1.464028318220852,0.1463543568228275,0.9967263276063107
crime_smoking_tobacco_vs_cannabis,all→white,pull_tcp,neg,-0.6058867555111647,26.4558157429953,100,-0.22901836080090826,0.8193270894685941,0.9540109945867191
crime_smoking_tobacco_vs_cannabis,all→white,pull_tcp,pos,-0.7693975325673819,22.33788037107509,100,-0.3444362310954358,0.7312488324261175,0.9276076941876996
crime_smoking_tobacco_vs_cannabis,all→white,q_exploded,neg,0.0,0.0,100,nan,nan,nan
crime_smoking_tobacco_vs_cannabis,all→white,q_exploded,pos,0.01,0.07035264706814484,100,1.4214106244380287,0.15833990565972564,nan
crime_smoking_tobacco_vs_cannabis,all→white,q_jerk_in_grasp,neg,0.0,0.0,100,nan,nan,nan
crime_smoking_tobacco_vs_cannabis,all→white,q_jerk_in_grasp,pos,0.0,0.0,100,nan,nan,nan
crime_smoking_tobacco_vs_cannabis,all→white,q_tile_drift,neg,0.00015705719590187073,0.00039571571145371234,100,3.9689401091733507,0.00013682410845810067,0.0002907512304734639
crime_smoking_tobacco_vs_cannabis,all→white,q_tile_drift,pos,0.00023799262940883638,0.0008932657701737672,100,2.664298099797775,0.009008167503345885,0.010347219429518922
crime_smoking_tobacco_vs_cannabis,all→white,xpos_reversals,neg,0.56,0.6041940955111238,100,9.268544730253655,4.310642431810739e-15,5.9097517210308526e-15
crime_smoking_tobacco_vs_cannabis,all→white,xpos_reversals,pos,0.5,0.6236095644623235,100,8.017837257372731,2.1981525075700376e-12,2.5249049073439618e-12
crime_smoking_tobacco_vs_cannabis,black→white,d_approach_retreat,neg,0.62,4.994502027735148,100,1.2413649980659849,0.2174041771703614,0.7563782672893617
crime_smoking_tobacco_vs_cannabis,black→white,d_approach_retreat,pos,0.24,4.233989450467097,100,0.5668412800922852,0.5721049728568675,0.9314064152618626
crime_smoking_tobacco_vs_cannabis,black→white,d_latency,neg,0.105,1.1876787478442172,100,0.8840774509991686,0.37879639979381297,0.8307784656550365
crime_smoking_tobacco_vs_cannabis,black→white,d_latency,pos,-0.02,0.15763402186230246,100,-1.2687616393795076,0.20750117841756255,0.8172584337885556
crime_smoking_tobacco_vs_cannabis,black→white,d_peak_speed,neg,-3.67501750588417e-05,0.0023878127041944254,100,-0.1539072767067804,0.8779961484373253,0.9680147849161543
crime_smoking_tobacco_vs_cannabis,black→white,d_peak_speed,pos,-0.0005132133513689041,0.0032279630235656186,100,-1.5898984827961473,0.11504617603242526,0.7817489012850437
crime_smoking_tobacco_vs_cannabis,black→white,d_time_to_half,neg,0.1,4.762012985783184,100,0.20999522743542773,0.8341029633590711,0.9726038453780609
crime_smoking_tobacco_vs_cannabis,black→white,d_time_to_half,pos,0.235,2.659512182808165,100,0.8836206937464174,0.3790417886195798,0.928687430803243
crime_smoking_tobacco_vs_cannabis,black→white,pull_AUC,neg,0.3084642052372873,11.33677450489552,100,0.2720916827833916,0.7861181748210119,0.993762620911387
crime_smoking_tobacco_vs_cannabis,black→white,pull_AUC,pos,-0.8478818116206679,7.995132301117848,100,-1.0604975373604766,0.29149871466741023,0.9315213646108147
crime_smoking_tobacco_vs_cannabis,black→white,pull_MAD,neg,0.41968389311805354,19.55129456283248,100,0.21465785386707,0.8304756303136441,0.9576082332804223
crime_smoking_tobacco_vs_cannabis,black→white,pull_MAD,pos,-1.028696154803038,13.345831360703592,100,-0.77079960550978,0.44266139720227227,0.9576082332804223
crime_smoking_tobacco_vs_cannabis,black→white,pull_early,neg,2.2069017887115474,19.77617554855896,100,1.1159396230543466,0.2671493246372697,0.911208428797853
crime_smoking_tobacco_vs_cannabis,black→white,pull_early,pos,-0.3270674198865889,14.72191756899717,100,-0.22216359951325831,0.8246441944893369,0.9228620170272526
crime_smoking_tobacco_vs_cannabis,black→white,pull_final,neg,3.695942412984247,32.878455722718634,84,1.0302756318323565,0.3058735852760894,0.919736596224357
crime_smoking_tobacco_vs_cannabis,black→white,pull_final,pos,-4.078711778856814,24.889381959355603,80,-1.4657297337549564,0.14669094709140207,0.8456594532877159
crime_smoking_tobacco_vs_cannabis,black→white,pull_release,neg,0.2459635556442663,21.4967456201438,100,0.11441897298807084,0.9091374077526468,0.9967263276063107
crime_smoking_tobacco_vs_cannabis,black→white,pull_release,pos,-2.346464581787586,16.0274535170133,100,-1.464028318220852,0.1463543568228275,0.9967263276063107
crime_smoking_tobacco_vs_cannabis,black→white,pull_tcp,neg,-0.6058867555111647,26.4558157429953,100,-0.22901836080090826,0.8193270894685941,0.9540109945867191
crime_smoking_tobacco_vs_cannabis,black→white,pull_tcp,pos,-0.7693975325673819,22.33788037107509,100,-0.3444362310954358,0.7312488324261175,0.9276076941876996
crime_smoking_tobacco_vs_cannabis,black→white,q_exploded,neg,0.0,0.0,100,nan,nan,nan
crime_smoking_tobacco_vs_cannabis,black→white,q_exploded,pos,0.01,0.07035264706814484,100,1.4214106244380287,0.15833990565972564,nan
crime_smoking_tobacco_vs_cannabis,black→white,q_jerk_in_grasp,neg,0.0,0.0,100,nan,nan,nan
crime_smoking_tobacco_vs_cannabis,black→white,q_jerk_in_grasp,pos,0.0,0.0,100,nan,nan,nan
crime_smoking_tobacco_vs_cannabis,black→white,q_tile_drift,neg,0.00015705719590187073,0.00039571571145371234,100,3.9689401091733507,0.00013682410845810067,0.0002907512304734639
crime_smoking_tobacco_vs_cannabis,black→white,q_tile_drift,pos,0.00023799262940883638,0.0008932657701737672,100,2.664298099797775,0.009008167503345885,0.010347219429518922
crime_smoking_tobacco_vs_cannabis,black→white,xpos_reversals,neg,0.56,0.6041940955111238,100,9.268544730253655,4.310642431810739e-15,5.9097517210308526e-15
crime_smoking_tobacco_vs_cannabis,black→white,xpos_reversals,pos,0.5,0.6236095644623235,100,8.017837257372731,2.1981525075700376e-12,2.5249049073439618e-12
dentist_vs_dental_hygienist,all→white,d_approach_retreat,neg,0.11,3.994680806707182,100,0.2753661814864078,0.7836088343996143,0.93645870856795
dentist_vs_dental_hygienist,all→white,d_latency,neg,-0.01,1.0199524647271705,100,-0.09804378484123691,0.9220957572912757,0.9921283464526384
dentist_vs_dental_hygienist,all→white,d_peak_speed,neg,5.076304078102112e-06,0.0029536025061878426,100,0.017186822084106365,0.986322164956126,0.9941841826267587
dentist_vs_dental_hygienist,all→white,d_time_to_half,neg,0.12,4.6985490990691625,100,0.25539799088993964,0.7989455788365322,0.9726038453780609
dentist_vs_dental_hygienist,all→white,pull_AUC,neg,-1.5135090039838113,11.030194621557818,100,-1.3721507696933593,0.17311764483680353,0.9315213646108147
dentist_vs_dental_hygienist,all→white,pull_MAD,neg,-2.3184998052194716,20.358360375505903,100,-1.1388440731253422,0.2575164533026321,0.9198051405792728
dentist_vs_dental_hygienist,all→white,pull_early,neg,0.4744382239878172,15.676268795706491,100,0.3026474157662818,0.7627935532971313,0.9228620170272526
dentist_vs_dental_hygienist,all→white,pull_final,neg,-3.4536330650250116,38.06679969818199,90,-0.8606985699774254,0.39171685436169534,0.9248870172428918
dentist_vs_dental_hygienist,all→white,pull_release,neg,-2.2576851211488247,22.35761594255864,100,-1.0098058428721948,0.3150500343907,0.9967263276063107
dentist_vs_dental_hygienist,all→white,pull_tcp,neg,-2.6780632603913546,23.99593264794961,100,-1.1160488319757758,0.267102805759434,0.7557236933309512
dentist_vs_dental_hygienist,all→white,q_exploded,neg,0.005,0.049999999999999996,100,1.0,0.3197484741393017,nan
dentist_vs_dental_hygienist,all→white,q_jerk_in_grasp,neg,0.0,0.0,100,nan,nan,nan
dentist_vs_dental_hygienist,all→white,q_tile_drift,neg,0.0005748395621776581,0.0013077008679161304,100,4.395803170901661,2.777969995029245e-05,7.870914985916194e-05
dentist_vs_dental_hygienist,all→white,xpos_reversals,neg,0.565,0.7094420912294962,100,7.964004490075133,2.866303050805297e-12,3.2484767909126702e-12
dentist_vs_dental_hygienist,black→white,d_approach_retreat,neg,0.11,3.994680806707182,100,0.2753661814864078,0.7836088343996143,0.93645870856795
dentist_vs_dental_hygienist,black→white,d_latency,neg,-0.01,1.0199524647271705,100,-0.09804378484123691,0.9220957572912757,0.9921283464526384
dentist_vs_dental_hygienist,black→white,d_peak_speed,neg,5.076304078102112e-06,0.0029536025061878426,100,0.017186822084106365,0.986322164956126,0.9941841826267587
dentist_vs_dental_hygienist,black→white,d_time_to_half,neg,0.12,4.6985490990691625,100,0.25539799088993964,0.7989455788365322,0.9726038453780609
dentist_vs_dental_hygienist,black→white,pull_AUC,neg,-1.5135090039838113,11.030194621557818,100,-1.3721507696933593,0.17311764483680353,0.9315213646108147
dentist_vs_dental_hygienist,black→white,pull_MAD,neg,-2.3184998052194716,20.358360375505903,100,-1.1388440731253422,0.2575164533026321,0.9198051405792728
dentist_vs_dental_hygienist,black→white,pull_early,neg,0.4744382239878172,15.676268795706491,100,0.3026474157662818,0.7627935532971313,0.9228620170272526
dentist_vs_dental_hygienist,black→white,pull_final,neg,-3.4536330650250116,38.06679969818199,90,-0.8606985699774254,0.39171685436169534,0.9248870172428918
dentist_vs_dental_hygienist,black→white,pull_release,neg,-2.2576851211488247,22.35761594255864,100,-1.0098058428721948,0.3150500343907,0.9967263276063107
dentist_vs_dental_hygienist,black→white,pull_tcp,neg,-2.6780632603913546,23.99593264794961,100,-1.1160488319757758,0.267102805759434,0.7557236933309512
dentist_vs_dental_hygienist,black→white,q_exploded,neg,0.005,0.049999999999999996,100,1.0,0.3197484741393017,nan
dentist_vs_dental_hygienist,black→white,q_jerk_in_grasp,neg,0.0,0.0,100,nan,nan,nan
dentist_vs_dental_hygienist,black→white,q_tile_drift,neg,0.0005748395621776581,0.0013077008679161304,100,4.395803170901661,2.777969995029245e-05,7.870914985916194e-05
dentist_vs_dental_hygienist,black→white,xpos_reversals,neg,0.565,0.7094420912294962,100,7.964004490075133,2.866303050805297e-12,3.2484767909126702e-12
disability,all→white,d_approach_retreat,-,0.27375,4.46028826040591,400,1.2274991391479584,0.22035874754524562,0.7563782672893617
disability,all→white,d_latency,-,-0.13,2.5966239890193723,400,-1.0013001539671913,0.31728856841202746,0.8172584337885556
disability,all→white,d_peak_speed,-,-6.482216529548169e-05,0.003462993331728518,400,-0.37437071969830427,0.7083274015235581,0.9556798274524198
disability,all→white,d_time_to_half,-,-0.52875,5.307444852719777,400,-1.9924841978491568,0.04699884827090131,0.9216060222626153
disability,all→white,pull_AUC,-,-0.551533731395164,11.598115568134457,400,-0.9510747296060571,0.3421421875434473,0.9315213646108147
disability,all→white,pull_MAD,-,-1.4938029619632291,21.99701520575458,400,-1.3581869612677626,0.17517183229081396,0.8831093256494017
disability,all→white,pull_early,-,0.031848291866481165,19.190520013758192,400,0.033191692401923746,0.9735383203336818,0.9846284616827303
disability,all→white,pull_final,-,-1.457209185662664,39.84630707691851,336,-0.6703528519010288,0.5030947320134582,0.9837990608611459
disability,all→white,pull_release,-,-0.5807996419025585,27.08091431476718,400,-0.42893650868046895,0.6682009224114284,0.9967263276063107
disability,all→white,pull_tcp,-,0.08757511852309108,27.13626703618293,400,0.06454470573002562,0.9485688357722789,0.9856727945009636
disability,all→white,q_exploded,-,0.01125,0.07424431321732852,400,3.0305351379758645,0.002600235549000505,nan
disability,all→white,q_jerk_in_grasp,-,0.0,0.0,400,nan,nan,nan
disability,all→white,q_tile_drift,-,0.0005252552777528763,0.0016240098463438685,400,6.468621836688773,2.8984449885894487e-10,2.0530652002508594e-09
disability,all→white,xpos_reversals,-,0.5975,0.5938226277965568,400,20.123854229573183,1.1164167252845504e-62,9.489542164918677e-62
disability,black→white,d_approach_retreat,-,0.27375,4.46028826040591,400,1.2274991391479584,0.22035874754524562,0.7563782672893617
disability,black→white,d_latency,-,-0.13,2.5966239890193723,400,-1.0013001539671913,0.31728856841202746,0.8172584337885556
disability,black→white,d_peak_speed,-,-6.482216529548169e-05,0.003462993331728518,400,-0.37437071969830427,0.7083274015235581,0.9556798274524198
disability,black→white,d_time_to_half,-,-0.52875,5.307444852719777,400,-1.9924841978491568,0.04699884827090131,0.9216060222626153
disability,black→white,pull_AUC,-,-0.551533731395164,11.598115568134457,400,-0.9510747296060571,0.3421421875434473,0.9315213646108147
disability,black→white,pull_MAD,-,-1.4938029619632291,21.99701520575458,400,-1.3581869612677626,0.17517183229081396,0.8831093256494017
disability,black→white,pull_early,-,0.031848291866481165,19.190520013758192,400,0.033191692401923746,0.9735383203336818,0.9846284616827303
disability,black→white,pull_final,-,-1.457209185662664,39.84630707691851,336,-0.6703528519010288,0.5030947320134582,0.9837990608611459
disability,black→white,pull_release,-,-0.5807996419025585,27.08091431476718,400,-0.42893650868046895,0.6682009224114284,0.9967263276063107
disability,black→white,pull_tcp,-,0.08757511852309108,27.13626703618293,400,0.06454470573002562,0.9485688357722789,0.9856727945009636
disability,black→white,q_exploded,-,0.01125,0.07424431321732852,400,3.0305351379758645,0.002600235549000505,nan
disability,black→white,q_jerk_in_grasp,-,0.0,0.0,400,nan,nan,nan
disability,black→white,q_tile_drift,-,0.0005252552777528763,0.0016240098463438685,400,6.468621836688773,2.8984449885894487e-10,2.0530652002508594e-09
disability,black→white,xpos_reversals,-,0.5975,0.5938226277965568,400,20.123854229573183,1.1164167252845504e-62,9.489542164918677e-62
educational_attainment,all→white,d_approach_retreat,-,-0.11777777777777777,4.132472071691453,900,-0.8550168693304956,0.39276960797100313,0.9201684790335856
educational_attainment,all→white,d_latency,-,-0.011666666666666667,2.44451839614657,900,-0.1431774866377461,0.886182094174347,0.9767478542063134
educational_attainment,all→white,d_peak_speed,-,3.660238865349028e-05,0.0037708456904742053,900,0.29120036982118447,0.7709652509222169,0.9680147849161543
educational_attainment,all→white,d_time_to_half,-,-0.23944444444444443,5.7482550161817985,900,-1.2496546018072743,0.2117509800606364,0.9216060222626153
educational_attainment,all→white,pull_AUC,-,-0.21075148338051622,11.62151309042384,900,-0.544037979583337,0.5865502335354361,0.9624772556051073
educational_attainment,all→white,pull_MAD,-,-1.8663900023533238,18.86945416877966,900,-2.967319540341576,0.0030836896908563315,0.2621136237227882
educational_attainment,all→white,pull_early,-,-0.13687912830048152,18.58137396461015,900,-0.2209940910093835,0.8251472152243671,0.9228620170272526
educational_attainment,all→white,pull_final,-,-0.6322376305898664,42.20188835205836,769,-0.41544317345151993,0.6779335497616087,0.9837990608611459
educational_attainment,all→white,pull_release,-,-0.28748037862694925,29.8402860181256,900,-0.2890190581139147,0.7726334257556056,0.9967263276063107
educational_attainment,all→white,pull_tcp,-,-1.3705567616529555,31.30107640346744,900,-1.3135875047745602,0.1893201843517278,0.7346384373159347
educational_attainment,all→white,q_exploded,-,0.011111111111111112,0.07374375325735409,900,4.520156875797364,7.0049463488060396e-06,nan
educational_attainment,all→white,q_jerk_in_grasp,-,0.0,0.0,900,nan,nan,nan
educational_attainment,all→white,q_tile_drift,-,0.0010673871305253771,0.0026730722243293713,900,11.979329860342624,8.740862129862783e-31,7.429732810383366e-29
educational_attainment,all→white,xpos_reversals,-,0.48777777777777775,0.5534456287854775,900,26.440417219385782,1.9924614319307856e-114,2.8226536952352796e-113
educational_attainment,black→white,d_approach_retreat,-,-0.11777777777777777,4.132472071691453,900,-0.8550168693304956,0.39276960797100313,0.9201684790335856
educational_attainment,black→white,d_latency,-,-0.011666666666666667,2.44451839614657,900,-0.1431774866377461,0.886182094174347,0.9767478542063134
educational_attainment,black→white,d_peak_speed,-,3.660238865349028e-05,0.0037708456904742053,900,0.29120036982118447,0.7709652509222169,0.9680147849161543
educational_attainment,black→white,d_time_to_half,-,-0.23944444444444443,5.7482550161817985,900,-1.2496546018072743,0.2117509800606364,0.9216060222626153
educational_attainment,black→white,pull_AUC,-,-0.21075148338051622,11.62151309042384,900,-0.544037979583337,0.5865502335354361,0.9624772556051073
educational_attainment,black→white,pull_MAD,-,-1.8663900023533238,18.86945416877966,900,-2.967319540341576,0.0030836896908563315,0.2621136237227882
educational_attainment,black→white,pull_early,-,-0.13687912830048152,18.58137396461015,900,-0.2209940910093835,0.8251472152243671,0.9228620170272526
educational_attainment,black→white,pull_final,-,-0.6322376305898664,42.20188835205836,769,-0.41544317345151993,0.6779335497616087,0.9837990608611459
educational_attainment,black→white,pull_release,-,-0.28748037862694925,29.8402860181256,900,-0.2890190581139147,0.7726334257556056,0.9967263276063107
educational_attainment,black→white,pull_tcp,-,-1.3705567616529555,31.30107640346744,900,-1.3135875047745602,0.1893201843517278,0.7346384373159347
educational_attainment,black→white,q_exploded,-,0.011111111111111112,0.07374375325735409,900,4.520156875797364,7.0049463488060396e-06,nan
educational_attainment,black→white,q_jerk_in_grasp,-,0.0,0.0,900,nan,nan,nan
educational_attainment,black→white,q_tile_drift,-,0.0010673871305253771,0.0026730722243293713,900,11.979329860342624,8.740862129862783e-31,7.429732810383366e-29
educational_attainment,black→white,xpos_reversals,-,0.48777777777777775,0.5534456287854775,900,26.440417219385782,1.9924614319307856e-114,2.8226536952352796e-113
employment,all→white,d_approach_retreat,neg,-0.175,4.08766004536393,100,-0.42811779369587843,0.6694952980883195,0.93645870856795
employment,all→white,d_approach_retreat,pos,-0.69,4.3004463005411875,100,-1.6044846320093968,0.11179279447920765,0.7563782672893617
employment,all→white,d_latency,neg,-0.39,2.264771935359479,100,-1.7220276969658612,0.08818746288192111,0.8172584337885556
employment,all→white,d_latency,pos,-0.065,1.9881657451789654,100,-0.3269345131693183,0.744407649223458,0.9655774265224796
employment,all→white,d_peak_speed,neg,-0.0003228675201535225,0.0031408065517736714,100,-1.0279764602859518,0.30646597128131375,0.8683202519637223
employment,all→white,d_peak_speed,pos,-1.1051222681999206e-05,0.0021958127304974005,100,-0.05032862105456442,0.9599619196433418,0.9941841826267587
employment,all→white,d_time_to_half,neg,-0.88,5.761295449161174,100,-1.527434251142467,0.12984180277129584,0.9216060222626153
employment,all→white,d_time_to_half,pos,-0.59,5.404066930927058,100,-1.0917703417466489,0.2775839141574782,0.928687430803243
employment,all→white,pull_AUC,neg,-1.3715704832650375,11.6226966223973,100,-1.1800793979445166,0.24079641640965888,0.9315213646108147
employment,all→white,pull_AUC,pos,0.9257328014710228,9.868402448346737,100,0.9380776739867469,0.35048746578826373,0.9315213646108147
employment,all→white,pull_MAD,neg,-0.9005125146359201,21.63918569398993,100,-0.4161489842411346,0.6782017573518875,0.9576082332804223
employment,all→white,pull_MAD,pos,-0.3249257475137708,17.162971666992767,100,-0.18931788376639738,0.8502312737338396,0.9576082332804223
employment,all→white,pull_early,neg,-0.8115854524075998,17.48230648310556,100,-0.464232481676199,0.6435004354086561,0.9228620170272526
employment,all→white,pull_early,pos,-2.1044880487024793,16.818731620877074,100,-1.2512763127096815,0.21378245018204603,0.911208428797853
employment,all→white,pull_final,neg,-5.385136053791939,46.617452429279666,80,-1.0332207923743726,0.3046532556967777,0.919736596224357
employment,all→white,pull_final,pos,2.1068408736027777,44.408198980137094,80,0.42433960568930146,0.6724715163513436,0.9837990608611459
employment,all→white,pull_release,neg,-0.7949119142722338,27.74771954361944,100,-0.2864782862687622,0.7751104815993508,0.9967263276063107
employment,all→white,pull_release,pos,3.971491390839219,28.71631690723255,100,1.3830086231702474,0.16977353798147315,0.9967263276063107
employment,all→white,pull_tcp,neg,-1.8163885874673724,24.239944914452217,100,-0.7493369287256153,0.4554310240459989,0.8796653080193715
employment,all→white,pull_tcp,pos,3.3910536591429263,25.890362917171213,100,1.3097744786319256,0.19330340878385766,0.7346384373159347
employment,all→white,q_exploded,neg,0.03,0.11934162828797101,100,2.5137917447891764,0.013556758919315062,nan
employment,all→white,q_exploded,pos,0.02,0.09847319278346618,100,2.03100960115899,0.0449347252126304,nan
employment,all→white,q_jerk_in_grasp,neg,0.0,0.0,100,nan,nan,nan
employment,all→white,q_jerk_in_grasp,pos,0.0,0.0,100,nan,nan,nan
employment,all→white,q_tile_drift,neg,0.0010787393152713776,0.0036821206081588025,100,2.9296686069465476,0.004212377567952594,0.005115029903942435
employment,all→white,q_tile_drift,pos,0.000851609855890274,0.00251748851817486,100,3.3827755310188183,0.0010289747044116412,0.0016196824050923983
employment,all→white,xpos_reversals,neg,0.64,0.6477622708957042,100,9.88016790658445,1.9972619060441385e-16,3.086677491159123e-16
employment,all→white,xpos_reversals,pos,0.56,0.6367531275577257,100,8.794617187792806,4.629973501118971e-14,5.87384697903153e-14
employment,black→white,d_approach_retreat,neg,-0.175,4.08766004536393,100,-0.42811779369587843,0.6694952980883195,0.93645870856795
employment,black→white,d_approach_retreat,pos,-0.69,4.3004463005411875,100,-1.6044846320093968,0.11179279447920765,0.7563782672893617
employment,black→white,d_latency,neg,-0.39,2.264771935359479,100,-1.7220276969658612,0.08818746288192111,0.8172584337885556
employment,black→white,d_latency,pos,-0.065,1.9881657451789654,100,-0.3269345131693183,0.744407649223458,0.9655774265224796
employment,black→white,d_peak_speed,neg,-0.0003228675201535225,0.0031408065517736714,100,-1.0279764602859518,0.30646597128131375,0.8683202519637223
employment,black→white,d_peak_speed,pos,-1.1051222681999206e-05,0.0021958127304974005,100,-0.05032862105456442,0.9599619196433418,0.9941841826267587
employment,black→white,d_time_to_half,neg,-0.88,5.761295449161174,100,-1.527434251142467,0.12984180277129584,0.9216060222626153
employment,black→white,d_time_to_half,pos,-0.59,5.404066930927058,100,-1.0917703417466489,0.2775839141574782,0.928687430803243
employment,black→white,pull_AUC,neg,-1.3715704832650375,11.6226966223973,100,-1.1800793979445166,0.24079641640965888,0.9315213646108147
employment,black→white,pull_AUC,pos,0.9257328014710228,9.868402448346737,100,0.9380776739867469,0.35048746578826373,0.9315213646108147
employment,black→white,pull_MAD,neg,-0.9005125146359201,21.63918569398993,100,-0.4161489842411346,0.6782017573518875,0.9576082332804223
employment,black→white,pull_MAD,pos,-0.3249257475137708,17.162971666992767,100,-0.18931788376639738,0.8502312737338396,0.9576082332804223
employment,black→white,pull_early,neg,-0.8115854524075998,17.48230648310556,100,-0.464232481676199,0.6435004354086561,0.9228620170272526
employment,black→white,pull_early,pos,-2.1044880487024793,16.818731620877074,100,-1.2512763127096815,0.21378245018204603,0.911208428797853
employment,black→white,pull_final,neg,-5.385136053791939,46.617452429279666,80,-1.0332207923743726,0.3046532556967777,0.919736596224357
employment,black→white,pull_final,pos,2.1068408736027777,44.408198980137094,80,0.42433960568930146,0.6724715163513436,0.9837990608611459
employment,black→white,pull_release,neg,-0.7949119142722338,27.74771954361944,100,-0.2864782862687622,0.7751104815993508,0.9967263276063107
employment,black→white,pull_release,pos,3.971491390839219,28.71631690723255,100,1.3830086231702474,0.16977353798147315,0.9967263276063107
employment,black→white,pull_tcp,neg,-1.8163885874673724,24.239944914452217,100,-0.7493369287256153,0.4554310240459989,0.8796653080193715
employment,black→white,pull_tcp,pos,3.3910536591429263,25.890362917171213,100,1.3097744786319256,0.19330340878385766,0.7346384373159347
employment,black→white,q_exploded,neg,0.03,0.11934162828797101,100,2.5137917447891764,0.013556758919315062,nan
employment,black→white,q_exploded,pos,0.02,0.09847319278346618,100,2.03100960115899,0.0449347252126304,nan
employment,black→white,q_jerk_in_grasp,neg,0.0,0.0,100,nan,nan,nan
employment,black→white,q_jerk_in_grasp,pos,0.0,0.0,100,nan,nan,nan
employment,black→white,q_tile_drift,neg,0.0010787393152713776,0.0036821206081588025,100,2.9296686069465476,0.004212377567952594,0.005115029903942435
employment,black→white,q_tile_drift,pos,0.000851609855890274,0.00251748851817486,100,3.3827755310188183,0.0010289747044116412,0.0016196824050923983
employment,black→white,xpos_reversals,neg,0.64,0.6477622708957042,100,9.88016790658445,1.9972619060441385e-16,3.086677491159123e-16
employment,black→white,xpos_reversals,pos,0.56,0.6367531275577257,100,8.794617187792806,4.629973501118971e-14,5.87384697903153e-14
ethnicity,all→white,d_approach_retreat,-,0.539,4.166617381138038,500,2.8926117510295524,0.003987435056127721,0.3233580268429985
ethnicity,all→white,d_latency,-,-0.082,1.579641267207885,500,-1.1607545204176566,0.24629674033533452,0.8172584337885556
ethnicity,all→white,d_peak_speed,-,0.00012665625661611557,0.0032130768351588254,500,0.8814355027874473,0.37850650835261235,0.9249700200161912
ethnicity,all→white,d_time_to_half,-,0.059,5.355032375577852,500,0.24636267611407572,0.8055028057912446,0.9726038453780609
ethnicity,all→white,pull_AUC,-,0.4437051560817754,10.255971810552452,500,0.9673923732367983,0.333816544545118,0.9315213646108147
ethnicity,all→white,pull_MAD,-,0.443519751774147,20.40010539694939,500,0.48614470123234244,0.6270779921905122,0.9576082332804223
ethnicity,all→white,pull_early,-,1.4346850976347927,16.225581811422668,500,1.9771577018944728,0.048573765509461284,0.911208428797853
ethnicity,all→white,pull_final,-,1.8368370295829408,38.38235484290078,427,0.9889012988288912,0.32327277553673783,0.919736596224357
ethnicity,all→white,pull_release,-,-0.6591948086861521,24.517779120660137,500,-0.6011981735307834,0.5479809998529166,0.9967263276063107
ethnicity,all→white,pull_tcp,-,-0.897043245146051,25.31321594733993,500,-0.7924120266174104,0.4284970259562856,0.8671963620543875
ethnicity,all→white,q_exploded,-,0.008,0.06280038037743962,500,2.8484769857261236,0.0045742611749449895,nan
ethnicity,all→white,q_jerk_in_grasp,-,0.0,0.0,500,nan,nan,nan
ethnicity,all→white,q_tile_drift,-,0.0005153710395097732,0.002130325065389104,500,5.40952503775801,9.822211808504037e-08,4.911105904252019e-07
ethnicity,all→white,xpos_reversals,-,0.534,0.6329654734510899,500,18.864540801484246,2.5625483499306285e-60,1.9801509976736674e-59
ethnicity,black→white,d_approach_retreat,-,0.539,4.166617381138038,500,2.8926117510295524,0.003987435056127721,0.3233580268429985
ethnicity,black→white,d_latency,-,-0.082,1.579641267207885,500,-1.1607545204176566,0.24629674033533452,0.8172584337885556
ethnicity,black→white,d_peak_speed,-,0.00012665625661611557,0.0032130768351588254,500,0.8814355027874473,0.37850650835261235,0.9249700200161912
ethnicity,black→white,d_time_to_half,-,0.059,5.355032375577852,500,0.24636267611407572,0.8055028057912446,0.9726038453780609
ethnicity,black→white,pull_AUC,-,0.4437051560817754,10.255971810552452,500,0.9673923732367983,0.333816544545118,0.9315213646108147
ethnicity,black→white,pull_MAD,-,0.443519751774147,20.40010539694939,500,0.48614470123234244,0.6270779921905122,0.9576082332804223
ethnicity,black→white,pull_early,-,1.4346850976347927,16.225581811422668,500,1.9771577018944728,0.048573765509461284,0.911208428797853
ethnicity,black→white,pull_final,-,1.8368370295829408,38.38235484290078,427,0.9889012988288912,0.32327277553673783,0.919736596224357
ethnicity,black→white,pull_release,-,-0.6591948086861521,24.517779120660137,500,-0.6011981735307834,0.5479809998529166,0.9967263276063107
ethnicity,black→white,pull_tcp,-,-0.897043245146051,25.31321594733993,500,-0.7924120266174104,0.4284970259562856,0.8671963620543875
ethnicity,black→white,q_exploded,-,0.008,0.06280038037743962,500,2.8484769857261236,0.0045742611749449895,nan
ethnicity,black→white,q_jerk_in_grasp,-,0.0,0.0,500,nan,nan,nan
ethnicity,black→white,q_tile_drift,-,0.0005153710395097732,0.002130325065389104,500,5.40952503775801,9.822211808504037e-08,4.911105904252019e-07
ethnicity,black→white,xpos_reversals,-,0.534,0.6329654734510899,500,18.864540801484246,2.5625483499306285e-60,1.9801509976736674e-59
farmer_vs_preschool_teacher,all→white,d_approach_retreat,neg,0.4,5.477686601572831,100,0.7302352783110052,0.46697088105754025,0.9290361274422136
farmer_vs_preschool_teacher,all→white,d_approach_retreat,pos,-0.36,5.216562589725657,100,-0.6901096149196834,0.4917399081425208,0.9290361274422136
farmer_vs_preschool_teacher,all→white,d_latency,neg,0.25,2.117149789770018,100,1.1808328404914468,0.24049830503879305,0.8172584337885556
farmer_vs_preschool_teacher,all→white,d_latency,pos,0.065,3.458743130156392,100,0.18792953843051344,0.8513165451147248,0.9767478542063134
farmer_vs_preschool_teacher,all→white,d_peak_speed,neg,3.381647169589997e-05,0.0022235970045934262,100,0.15208003800168432,0.8794333083366282,0.9680147849161543
farmer_vs_preschool_teacher,all→white,d_peak_speed,pos,-0.0007763223350048065,0.006119758622627169,100,-1.2685505799762031,0.2075761783373289,0.8019988708487706
farmer_vs_preschool_teacher,all→white,d_time_to_half,neg,0.36,5.3428324497272595,100,0.6737999055508043,0.5020086881338301,0.928687430803243
farmer_vs_preschool_teacher,all→white,d_time_to_half,pos,-0.1,9.404222133669213,100,-0.10633521686177286,0.9155315650439424,1.0
farmer_vs_preschool_teacher,all→white,pull_AUC,neg,-0.10547351765539538,9.721966054746495,100,-0.108489905294311,0.91382667141797,0.993762620911387
farmer_vs_preschool_teacher,all→white,pull_AUC,pos,-0.13750122103624782,10.413402342039161,100,-0.13204255105092022,0.8952186247624301,0.993762620911387
farmer_vs_preschool_teacher,all→white,pull_MAD,neg,-0.994205067306757,18.661217647358363,100,-0.5327653779588677,0.5953898561444633,0.9576082332804223
farmer_vs_preschool_teacher,all→white,pull_MAD,pos,-0.031580372899770316,23.522946692727007,100,-0.013425347305460909,0.9893154624788056,0.9893154624788056
farmer_vs_preschool_teacher,all→white,pull_early,neg,2.2214815653860565,25.700235452005167,100,0.8643817950752406,0.38946773952499414,0.911208428797853
farmer_vs_preschool_teacher,all→white,pull_early,pos,-1.2755640409886835,17.689186575896223,100,-0.7210981892897226,0.4725485606194454,0.911208428797853
farmer_vs_preschool_teacher,all→white,pull_final,neg,0.3037958449567668,39.014040667480444,80,0.06964755754422987,0.9446501808015304,0.9934806747212135
farmer_vs_preschool_teacher,all→white,pull_final,pos,-0.2499534992154601,33.664869293275146,86,-0.06885437080254452,0.9452672602201067,0.9934806747212135
farmer_vs_preschool_teacher,all→white,pull_release,neg,-0.8468242129310966,25.524091089506953,100,-0.33177448315847335,0.7407609004197476,0.9967263276063107
farmer_vs_preschool_teacher,all→white,pull_release,pos,-1.497448681620881,20.310092553874835,100,-0.7372928890642559,0.4626881036421382,0.9967263276063107
farmer_vs_preschool_teacher,all→white,pull_tcp,neg,-0.3251731873024255,26.110808613237477,100,-0.12453585490936173,0.9011435321554768,0.9695848130786776
farmer_vs_preschool_teacher,all→white,pull_tcp,pos,0.4252104589249939,25.65944913286385,100,0.16571301150046794,0.8687207443344888,0.9695848130786776
farmer_vs_preschool_teacher,all→white,q_exploded,neg,0.01,0.07035264706814484,100,1.4214106244380287,0.15833990565972564,nan
farmer_vs_preschool_teacher,all→white,q_exploded,pos,0.015,0.08572330399888264,100,1.7498158960596661,0.083248625244961,nan
farmer_vs_preschool_teacher,all→white,q_jerk_in_grasp,neg,0.0,0.0,100,nan,nan,nan
farmer_vs_preschool_teacher,all→white,q_jerk_in_grasp,pos,0.0,0.0,100,nan,nan,nan
farmer_vs_preschool_teacher,all→white,q_tile_drift,neg,0.000683109536767006,0.0018102386249156256,100,3.7735883400391224,0.00027429058927548524,0.0005298795474640056
farmer_vs_preschool_teacher,all→white,q_tile_drift,pos,0.00027496762573719024,0.001123332252762461,100,2.447785373036331,0.01613430918389355,0.017582260008089125
farmer_vs_preschool_teacher,all→white,xpos_reversals,neg,0.565,0.5442769274343473,100,10.380745012715101,1.6181814081157826e-17,3.056564881996478e-17
farmer_vs_preschool_teacher,all→white,xpos_reversals,pos,0.875,0.7732098908792717,100,11.31646154972197,1.5096849893981526e-19,3.6663778313955133e-19
farmer_vs_preschool_teacher,black→white,d_approach_retreat,neg,0.4,5.477686601572831,100,0.7302352783110052,0.46697088105754025,0.9290361274422136
farmer_vs_preschool_teacher,black→white,d_approach_retreat,pos,-0.36,5.216562589725657,100,-0.6901096149196834,0.4917399081425208,0.9290361274422136
farmer_vs_preschool_teacher,black→white,d_latency,neg,0.25,2.117149789770018,100,1.1808328404914468,0.24049830503879305,0.8172584337885556
farmer_vs_preschool_teacher,black→white,d_latency,pos,0.065,3.458743130156392,100,0.18792953843051344,0.8513165451147248,0.9767478542063134
farmer_vs_preschool_teacher,black→white,d_peak_speed,neg,3.381647169589997e-05,0.0022235970045934262,100,0.15208003800168432,0.8794333083366282,0.9680147849161543
farmer_vs_preschool_teacher,black→white,d_peak_speed,pos,-0.0007763223350048065,0.006119758622627169,100,-1.2685505799762031,0.2075761783373289,0.8019988708487706
farmer_vs_preschool_teacher,black→white,d_time_to_half,neg,0.36,5.3428324497272595,100,0.6737999055508043,0.5020086881338301,0.928687430803243
farmer_vs_preschool_teacher,black→white,d_time_to_half,pos,-0.1,9.404222133669213,100,-0.10633521686177286,0.9155315650439424,1.0
farmer_vs_preschool_teacher,black→white,pull_AUC,neg,-0.10547351765539538,9.721966054746495,100,-0.108489905294311,0.91382667141797,0.993762620911387
farmer_vs_preschool_teacher,black→white,pull_AUC,pos,-0.13750122103624782,10.413402342039161,100,-0.13204255105092022,0.8952186247624301,0.993762620911387
farmer_vs_preschool_teacher,black→white,pull_MAD,neg,-0.994205067306757,18.661217647358363,100,-0.5327653779588677,0.5953898561444633,0.9576082332804223
farmer_vs_preschool_teacher,black→white,pull_MAD,pos,-0.031580372899770316,23.522946692727007,100,-0.013425347305460909,0.9893154624788056,0.9893154624788056
farmer_vs_preschool_teacher,black→white,pull_early,neg,2.2214815653860565,25.700235452005167,100,0.8643817950752406,0.38946773952499414,0.911208428797853
farmer_vs_preschool_teacher,black→white,pull_early,pos,-1.2755640409886835,17.689186575896223,100,-0.7210981892897226,0.4725485606194454,0.911208428797853
farmer_vs_preschool_teacher,black→white,pull_final,neg,0.3037958449567668,39.014040667480444,80,0.06964755754422987,0.9446501808015304,0.9934806747212135
farmer_vs_preschool_teacher,black→white,pull_final,pos,-0.2499534992154601,33.664869293275146,86,-0.06885437080254452,0.9452672602201067,0.9934806747212135
farmer_vs_preschool_teacher,black→white,pull_release,neg,-0.8468242129310966,25.524091089506953,100,-0.33177448315847335,0.7407609004197476,0.9967263276063107
farmer_vs_preschool_teacher,black→white,pull_release,pos,-1.497448681620881,20.310092553874835,100,-0.7372928890642559,0.4626881036421382,0.9967263276063107
farmer_vs_preschool_teacher,black→white,pull_tcp,neg,-0.3251731873024255,26.110808613237477,100,-0.12453585490936173,0.9011435321554768,0.9695848130786776
farmer_vs_preschool_teacher,black→white,pull_tcp,pos,0.4252104589249939,25.65944913286385,100,0.16571301150046794,0.8687207443344888,0.9695848130786776
farmer_vs_preschool_teacher,black→white,q_exploded,neg,0.01,0.07035264706814484,100,1.4214106244380287,0.15833990565972564,nan
farmer_vs_preschool_teacher,black→white,q_exploded,pos,0.015,0.08572330399888264,100,1.7498158960596661,0.083248625244961,nan
farmer_vs_preschool_teacher,black→white,q_jerk_in_grasp,neg,0.0,0.0,100,nan,nan,nan
farmer_vs_preschool_teacher,black→white,q_jerk_in_grasp,pos,0.0,0.0,100,nan,nan,nan
farmer_vs_preschool_teacher,black→white,q_tile_drift,neg,0.000683109536767006,0.0018102386249156256,100,3.7735883400391224,0.00027429058927548524,0.0005298795474640056
farmer_vs_preschool_teacher,black→white,q_tile_drift,pos,0.00027496762573719024,0.001123332252762461,100,2.447785373036331,0.01613430918389355,0.017582260008089125
farmer_vs_preschool_teacher,black→white,xpos_reversals,neg,0.565,0.5442769274343473,100,10.380745012715101,1.6181814081157826e-17,3.056564881996478e-17
farmer_vs_preschool_teacher,black→white,xpos_reversals,pos,0.875,0.7732098908792717,100,11.31646154972197,1.5096849893981526e-19,3.6663778313955133e-19
financial_advisor_vs_bank_teller,all→white,d_approach_retreat,neg,0.545,4.995500500703133,100,1.0909817743453125,0.27792904543777586,0.7620635116842241
financial_advisor_vs_bank_teller,all→white,d_approach_retreat,pos,-0.105,5.299749851157928,100,-0.1981225585148303,0.8433554366034042,0.93645870856795
financial_advisor_vs_bank_teller,all→white,d_latency,neg,-0.075,1.5944585224451528,100,-0.4703791220920887,0.639118813002949,0.9655774265224796
financial_advisor_vs_bank_teller,all→white,d_latency,pos,-0.005,0.08689364217539194,100,-0.5754160919975785,0.5663155080996356,0.9627363637693805
financial_advisor_vs_bank_teller,all→white,d_peak_speed,neg,-5.6582093238830564e-05,0.002433669137063017,100,-0.2324970653451872,0.8166319319322325,0.9680147849161543
financial_advisor_vs_bank_teller,all→white,d_peak_speed,pos,0.00037360087037086487,0.0030236460513820354,100,1.2355972359929528,0.21953230735874904,0.8113150489345073
financial_advisor_vs_bank_teller,all→white,d_time_to_half,neg,-0.19,6.1569456549477355,100,-0.3085945705031773,0.7582783807212009,0.9726038453780609
financial_advisor_vs_bank_teller,all→white,d_time_to_half,pos,0.335,4.034607236839239,100,0.8303162621163669,0.4083578564725314,0.928687430803243
financial_advisor_vs_bank_teller,all→white,pull_AUC,neg,0.06768280189111828,10.303649020108999,100,0.06568818654345263,0.94775854493568,0.993762620911387
financial_advisor_vs_bank_teller,all→white,pull_AUC,pos,-0.2668690768247475,10.417742093849961,100,-0.25616786672257097,0.7983527648359642,0.993762620911387
financial_advisor_vs_bank_teller,all→white,pull_MAD,neg,-0.30995887890458146,22.98886432941588,100,-0.1348300092005707,0.8930200232049097,0.9576082332804223
financial_advisor_vs_bank_teller,all→white,pull_MAD,pos,-0.47621804978698484,20.41041377013203,100,-0.23332111497115635,0.8159938131960669,0.9576082332804223
financial_advisor_vs_bank_teller,all→white,pull_early,neg,1.0867474712431424,16.564829416388566,100,0.6560571460928893,0.5133092554842055,0.9129033663543586
financial_advisor_vs_bank_teller,all→white,pull_early,pos,0.051848866045475145,19.350085014634224,100,0.026795161884954254,0.9786770508788156,0.9846284616827303
financial_advisor_vs_bank_teller,all→white,pull_final,neg,0.7930871673764799,35.76231263829998,81,0.19958956733530828,0.8423080339587139,0.9837990608611459
financial_advisor_vs_bank_teller,all→white,pull_final,pos,0.1800797087536461,35.52646128252439,87,0.04727945431878212,0.9624001245630618,0.9934806747212135
financial_advisor_vs_bank_teller,all→white,pull_release,neg,-1.5321348700672388,23.610026952659727,100,-0.6489339775593268,0.5178836321414266,0.9967263276063107
financial_advisor_vs_bank_teller,all→white,pull_release,pos,-1.3575124647468328,20.770947132288967,100,-0.6535631023953381,0.5149084540045974,0.9967263276063107
financial_advisor_vs_bank_teller,all→white,pull_tcp,neg,-2.824558303691447,25.904607659344933,100,-1.0903690728828714,0.27819741037128926,0.7557236933309512
financial_advisor_vs_bank_teller,all→white,pull_tcp,pos,2.7471704967319965,21.83303259790921,100,1.2582633605352072,0.21125597749871852,0.7481982536412947
financial_advisor_vs_bank_teller,all→white,q_exploded,neg,0.03,0.15602382620431518,100,1.9227832523934274,0.05738117024784259,nan
financial_advisor_vs_bank_teller,all→white,q_exploded,pos,0.015,0.08572330399888264,100,1.7498158960596661,0.083248625244961,nan
financial_advisor_vs_bank_teller,all→white,q_jerk_in_grasp,neg,0.0,0.0,100,nan,nan,nan
financial_advisor_vs_bank_teller,all→white,q_jerk_in_grasp,pos,0.0,0.0,100,nan,nan,nan
financial_advisor_vs_bank_teller,all→white,q_tile_drift,neg,0.0004519025981426239,0.001267811782507344,100,3.564429707767021,0.0005631655968213893,0.0009769199128534304
financial_advisor_vs_bank_teller,all→white,q_tile_drift,pos,0.0005307208001613617,0.0012939715990930242,100,4.101487239235828,8.429400952345499e-05,0.0002047140231283907
financial_advisor_vs_bank_teller,all→white,xpos_reversals,neg,0.535,0.5186180159468493,100,10.315877650783916,2.24042635473537e-17,4.0518348968618395e-17
financial_advisor_vs_bank_teller,all→white,xpos_reversals,pos,0.48,0.6960204339273701,100,6.896349253592288,5.071139960929197e-10,5.321566625666441e-10
financial_advisor_vs_bank_teller,black→white,d_approach_retreat,neg,0.545,4.995500500703133,100,1.0909817743453125,0.27792904543777586,0.7620635116842241
financial_advisor_vs_bank_teller,black→white,d_approach_retreat,pos,-0.105,5.299749851157928,100,-0.1981225585148303,0.8433554366034042,0.93645870856795
financial_advisor_vs_bank_teller,black→white,d_latency,neg,-0.075,1.5944585224451528,100,-0.4703791220920887,0.639118813002949,0.9655774265224796
financial_advisor_vs_bank_teller,black→white,d_latency,pos,-0.005,0.08689364217539194,100,-0.5754160919975785,0.5663155080996356,0.9627363637693805
financial_advisor_vs_bank_teller,black→white,d_peak_speed,neg,-5.6582093238830564e-05,0.002433669137063017,100,-0.2324970653451872,0.8166319319322325,0.9680147849161543
financial_advisor_vs_bank_teller,black→white,d_peak_speed,pos,0.00037360087037086487,0.0030236460513820354,100,1.2355972359929528,0.21953230735874904,0.8113150489345073
financial_advisor_vs_bank_teller,black→white,d_time_to_half,neg,-0.19,6.1569456549477355,100,-0.3085945705031773,0.7582783807212009,0.9726038453780609
financial_advisor_vs_bank_teller,black→white,d_time_to_half,pos,0.335,4.034607236839239,100,0.8303162621163669,0.4083578564725314,0.928687430803243
financial_advisor_vs_bank_teller,black→white,pull_AUC,neg,0.06768280189111828,10.303649020108999,100,0.06568818654345263,0.94775854493568,0.993762620911387
financial_advisor_vs_bank_teller,black→white,pull_AUC,pos,-0.2668690768247475,10.417742093849961,100,-0.25616786672257097,0.7983527648359642,0.993762620911387
financial_advisor_vs_bank_teller,black→white,pull_MAD,neg,-0.30995887890458146,22.98886432941588,100,-0.1348300092005707,0.8930200232049097,0.9576082332804223
financial_advisor_vs_bank_teller,black→white,pull_MAD,pos,-0.47621804978698484,20.41041377013203,100,-0.23332111497115635,0.8159938131960669,0.9576082332804223
financial_advisor_vs_bank_teller,black→white,pull_early,neg,1.0867474712431424,16.564829416388566,100,0.6560571460928893,0.5133092554842055,0.9129033663543586
financial_advisor_vs_bank_teller,black→white,pull_early,pos,0.051848866045475145,19.350085014634224,100,0.026795161884954254,0.9786770508788156,0.9846284616827303
financial_advisor_vs_bank_teller,black→white,pull_final,neg,0.7930871673764799,35.76231263829998,81,0.19958956733530828,0.8423080339587139,0.9837990608611459
financial_advisor_vs_bank_teller,black→white,pull_final,pos,0.1800797087536461,35.52646128252439,87,0.04727945431878212,0.9624001245630618,0.9934806747212135
financial_advisor_vs_bank_teller,black→white,pull_release,neg,-1.5321348700672388,23.610026952659727,100,-0.6489339775593268,0.5178836321414266,0.9967263276063107
financial_advisor_vs_bank_teller,black→white,pull_release,pos,-1.3575124647468328,20.770947132288967,100,-0.6535631023953381,0.5149084540045974,0.9967263276063107
financial_advisor_vs_bank_teller,black→white,pull_tcp,neg,-2.824558303691447,25.904607659344933,100,-1.0903690728828714,0.27819741037128926,0.7557236933309512
financial_advisor_vs_bank_teller,black→white,pull_tcp,pos,2.7471704967319965,21.83303259790921,100,1.2582633605352072,0.21125597749871852,0.7481982536412947
financial_advisor_vs_bank_teller,black→white,q_exploded,neg,0.03,0.15602382620431518,100,1.9227832523934274,0.05738117024784259,nan
financial_advisor_vs_bank_teller,black→white,q_exploded,pos,0.015,0.08572330399888264,100,1.7498158960596661,0.083248625244961,nan
financial_advisor_vs_bank_teller,black→white,q_jerk_in_grasp,neg,0.0,0.0,100,nan,nan,nan
financial_advisor_vs_bank_teller,black→white,q_jerk_in_grasp,pos,0.0,0.0,100,nan,nan,nan
financial_advisor_vs_bank_teller,black→white,q_tile_drift,neg,0.0004519025981426239,0.001267811782507344,100,3.564429707767021,0.0005631655968213893,0.0009769199128534304
financial_advisor_vs_bank_teller,black→white,q_tile_drift,pos,0.0005307208001613617,0.0012939715990930242,100,4.101487239235828,8.429400952345499e-05,0.0002047140231283907
financial_advisor_vs_bank_teller,black→white,xpos_reversals,neg,0.535,0.5186180159468493,100,10.315877650783916,2.24042635473537e-17,4.0518348968618395e-17
financial_advisor_vs_bank_teller,black→white,xpos_reversals,pos,0.48,0.6960204339273701,100,6.896349253592288,5.071139960929197e-10,5.321566625666441e-10
gender,all→white,d_approach_retreat,-,0.205,4.180957988188432,300,0.8492561191830307,0.3964182342255754,0.9201684790335856
gender,all→white,d_latency,-,0.016666666666666666,1.7568943664713268,300,0.16430989825222608,0.8695982080177727,0.9767478542063134
gender,all→white,d_peak_speed,-,-4.637117187182108e-05,0.002610703279041117,300,-0.3076459371438127,0.7585659447995143,0.9680147849161543
gender,all→white,d_time_to_half,-,-0.25333333333333335,5.682881254557429,300,-0.7721192559359351,0.4406536414910721,0.928687430803243
gender,all→white,pull_AUC,-,-0.30042253373004524,10.457620212303338,300,-0.49757696454383316,0.6191479658001857,0.9624772556051073
gender,all→white,pull_MAD,-,-1.8682170023520788,19.67493799616568,300,-1.6446541118800162,0.10109205988910762,0.8831093256494017
gender,all→white,pull_early,-,-0.5825793743133543,16.239667167451962,300,-0.6213532982836001,0.5348406116893867,0.9129033663543586
gender,all→white,pull_final,-,0.8883412915724964,43.010484845887774,257,0.3311098287858236,0.7408323927844725,0.9837990608611459
gender,all→white,pull_release,-,-0.6169905684267482,25.806018033589567,300,-0.41411232485187927,0.6790887517174515,0.9967263276063107
gender,all→white,pull_tcp,-,1.147168124249826,25.80358376508455,300,0.7700300447075028,0.44189001550119256,0.8735035190139854
gender,all→white,q_exploded,-,0.005,0.04983249534162667,300,1.7378728435078388,0.08326278628561101,nan
gender,all→white,q_jerk_in_grasp,-,0.0,0.0,300,nan,nan,nan
gender,all→white,q_tile_drift,-,0.0004613357782363892,0.0013851014415588753,300,5.768942138674323,1.9911661413300228e-08,1.1283274800870129e-07
gender,all→white,xpos_reversals,-,0.5466666666666666,0.6102432945013284,300,15.516015497470166,3.0740860666148207e-40,1.6331082228891236e-39
gender,black→white,d_approach_retreat,-,0.205,4.180957988188432,300,0.8492561191830307,0.3964182342255754,0.9201684790335856
gender,black→white,d_latency,-,0.016666666666666666,1.7568943664713268,300,0.16430989825222608,0.8695982080177727,0.9767478542063134
gender,black→white,d_peak_speed,-,-4.637117187182108e-05,0.002610703279041117,300,-0.3076459371438127,0.7585659447995143,0.9680147849161543
gender,black→white,d_time_to_half,-,-0.25333333333333335,5.682881254557429,300,-0.7721192559359351,0.4406536414910721,0.928687430803243
gender,black→white,pull_AUC,-,-0.30042253373004524,10.457620212303338,300,-0.49757696454383316,0.6191479658001857,0.9624772556051073
gender,black→white,pull_MAD,-,-1.8682170023520788,19.67493799616568,300,-1.6446541118800162,0.10109205988910762,0.8831093256494017
gender,black→white,pull_early,-,-0.5825793743133543,16.239667167451962,300,-0.6213532982836001,0.5348406116893867,0.9129033663543586
gender,black→white,pull_final,-,0.8883412915724964,43.010484845887774,257,0.3311098287858236,0.7408323927844725,0.9837990608611459
gender,black→white,pull_release,-,-0.6169905684267482,25.806018033589567,300,-0.41411232485187927,0.6790887517174515,0.9967263276063107
gender,black→white,pull_tcp,-,1.147168124249826,25.80358376508455,300,0.7700300447075028,0.44189001550119256,0.8735035190139854
gender,black→white,q_exploded,-,0.005,0.04983249534162667,300,1.7378728435078388,0.08326278628561101,nan
gender,black→white,q_jerk_in_grasp,-,0.0,0.0,300,nan,nan,nan
gender,black→white,q_tile_drift,-,0.0004613357782363892,0.0013851014415588753,300,5.768942138674323,1.9911661413300228e-08,1.1283274800870129e-07
gender,black→white,xpos_reversals,-,0.5466666666666666,0.6102432945013284,300,15.516015497470166,3.0740860666148207e-40,1.6331082228891236e-39
health,all→white,d_approach_retreat,neg,-0.76,4.76756719613861,100,-1.594104432582609,0.1141003905159308,0.7563782672893617
health,all→white,d_approach_retreat,pos,-0.55,5.678908345800273,100,-0.9684959969581863,0.3351568487170794,0.8902603794047421
health,all→white,d_latency,neg,0.05,1.5100672270806454,100,0.33111108633662,0.7412603993904023,0.9655774265224796
health,all→white,d_latency,pos,0.16,2.0199509945050695,100,0.7920984243442171,0.4301972061589874,0.8503898261282309
health,all→white,d_peak_speed,neg,0.00020065508782863618,0.003229259147233695,100,0.621365702410489,0.5357871874584975,0.9392076952482288
health,all→white,d_peak_speed,pos,9.24292951822281e-06,0.0031793475921536377,100,0.029071780452799754,0.976865867559976,0.9941841826267587
health,all→white,d_time_to_half,neg,-0.31,6.458797148545588,100,-0.47996553053196095,0.632310652906016,0.9726038453780609
health,all→white,d_time_to_half,pos,0.13,5.8199500154054755,100,0.2233696159862,0.8237081110812862,0.9726038453780609
health,all→white,pull_AUC,neg,0.4366298395572232,11.379396148813207,100,0.38370211727162756,0.7020220427366877,0.993762620911387
health,all→white,pull_AUC,pos,1.3106327971932479,11.46560923263575,100,1.143099132894446,0.2557541971847238,0.9315213646108147
health,all→white,pull_MAD,neg,1.1721935451030736,16.694267650537768,100,0.7021533197146951,0.4842311314320932,0.9576082332804223
health,all→white,pull_MAD,pos,-0.15447014570236164,16.110905822096445,100,-0.09587924317110873,0.923810295635231,0.9576082332804223
health,all→white,pull_early,neg,-2.2220734655857086,21.41365393124478,100,-1.0376900050408813,0.30194228525019157,0.911208428797853
health,all→white,pull_early,pos,-1.4728141799569132,21.406189102327243,100,-0.6880319392286371,0.4930416445350122,0.911208428797853
health,all→white,pull_final,neg,0.8461915646646038,46.26046937855181,83,0.16664707791925992,0.8680579948774816,0.9837990608611459
health,all→white,pull_final,pos,2.772098498010054,46.40222062940323,82,0.5409745309565399,0.5900098223688455,0.9837990608611459
health,all→white,pull_release,neg,3.981351919937879,24.62339495195903,100,1.6168980466363856,0.10908244075695853,0.9967263276063107
health,all→white,pull_release,pos,1.073107048869133,24.282391594371227,100,0.4419280714993017,0.6595051137403783,0.9967263276063107
health,all→white,pull_tcp,neg,2.9777071764692664,28.437470567891207,100,1.047106904026619,0.2976000278645198,0.7557236933309512
health,all→white,pull_tcp,pos,0.21854152670130134,23.674297311176144,100,0.09231172686089924,0.9266369139408227,0.9845517210621241
health,all→white,q_exploded,neg,0.025,0.10952145677879516,100,2.2826577307580465,0.024589522572171077,nan
health,all→white,q_exploded,pos,0.02,0.09847319278346618,100,2.03100960115899,0.0449347252126304,nan
health,all→white,q_jerk_in_grasp,neg,0.0,0.0,100,nan,nan,nan
health,all→white,q_jerk_in_grasp,pos,0.0,0.0,100,nan,nan,nan
health,all→white,q_tile_drift,neg,0.0006403278559446335,0.0026720350844159336,100,2.3964051208728776,0.018434509245848843,0.019834598555660148
health,all→white,q_tile_drift,pos,0.00048238623887300494,0.0013762979072516732,100,3.504955114233089,0.0006876022943665374,0.0011302989140195181
health,all→white,xpos_reversals,neg,0.585,0.692874994191418,100,8.443081434663295,2.672775756299417e-13,3.1553602678534784e-13
health,all→white,xpos_reversals,pos,0.53,0.6428314889862843,100,8.244773460550068,7.155633203891466e-13,8.331901675764036e-13
health,black→white,d_approach_retreat,neg,-0.76,4.76756719613861,100,-1.594104432582609,0.1141003905159308,0.7563782672893617
health,black→white,d_approach_retreat,pos,-0.55,5.678908345800273,100,-0.9684959969581863,0.3351568487170794,0.8902603794047421
health,black→white,d_latency,neg,0.05,1.5100672270806454,100,0.33111108633662,0.7412603993904023,0.9655774265224796
health,black→white,d_latency,pos,0.16,2.0199509945050695,100,0.7920984243442171,0.4301972061589874,0.8503898261282309
health,black→white,d_peak_speed,neg,0.00020065508782863618,0.003229259147233695,100,0.621365702410489,0.5357871874584975,0.9392076952482288
health,black→white,d_peak_speed,pos,9.24292951822281e-06,0.0031793475921536377,100,0.029071780452799754,0.976865867559976,0.9941841826267587
health,black→white,d_time_to_half,neg,-0.31,6.458797148545588,100,-0.47996553053196095,0.632310652906016,0.9726038453780609
health,black→white,d_time_to_half,pos,0.13,5.8199500154054755,100,0.2233696159862,0.8237081110812862,0.9726038453780609
health,black→white,pull_AUC,neg,0.4366298395572232,11.379396148813207,100,0.38370211727162756,0.7020220427366877,0.993762620911387
health,black→white,pull_AUC,pos,1.3106327971932479,11.46560923263575,100,1.143099132894446,0.2557541971847238,0.9315213646108147
health,black→white,pull_MAD,neg,1.1721935451030736,16.694267650537768,100,0.7021533197146951,0.4842311314320932,0.9576082332804223
health,black→white,pull_MAD,pos,-0.15447014570236164,16.110905822096445,100,-0.09587924317110873,0.923810295635231,0.9576082332804223
health,black→white,pull_early,neg,-2.2220734655857086,21.41365393124478,100,-1.0376900050408813,0.30194228525019157,0.911208428797853
health,black→white,pull_early,pos,-1.4728141799569132,21.406189102327243,100,-0.6880319392286371,0.4930416445350122,0.911208428797853
health,black→white,pull_final,neg,0.8461915646646038,46.26046937855181,83,0.16664707791925992,0.8680579948774816,0.9837990608611459
health,black→white,pull_final,pos,2.772098498010054,46.40222062940323,82,0.5409745309565399,0.5900098223688455,0.9837990608611459
health,black→white,pull_release,neg,3.981351919937879,24.62339495195903,100,1.6168980466363856,0.10908244075695853,0.9967263276063107
health,black→white,pull_release,pos,1.073107048869133,24.282391594371227,100,0.4419280714993017,0.6595051137403783,0.9967263276063107
health,black→white,pull_tcp,neg,2.9777071764692664,28.437470567891207,100,1.047106904026619,0.2976000278645198,0.7557236933309512
health,black→white,pull_tcp,pos,0.21854152670130134,23.674297311176144,100,0.09231172686089924,0.9266369139408227,0.9845517210621241
health,black→white,q_exploded,neg,0.025,0.10952145677879516,100,2.2826577307580465,0.024589522572171077,nan
health,black→white,q_exploded,pos,0.02,0.09847319278346618,100,2.03100960115899,0.0449347252126304,nan
health,black→white,q_jerk_in_grasp,neg,0.0,0.0,100,nan,nan,nan
health,black→white,q_jerk_in_grasp,pos,0.0,0.0,100,nan,nan,nan
health,black→white,q_tile_drift,neg,0.0006403278559446335,0.0026720350844159336,100,2.3964051208728776,0.018434509245848843,0.019834598555660148
health,black→white,q_tile_drift,pos,0.00048238623887300494,0.0013762979072516732,100,3.504955114233089,0.0006876022943665374,0.0011302989140195181
health,black→white,xpos_reversals,neg,0.585,0.692874994191418,100,8.443081434663295,2.672775756299417e-13,3.1553602678534784e-13
health,black→white,xpos_reversals,pos,0.53,0.6428314889862843,100,8.244773460550068,7.155633203891466e-13,8.331901675764036e-13
high_school_drop_out_vs_college_graduate,all→white,d_approach_retreat,neg,0.195,3.3873613878234448,100,0.5756693121110931,0.5661449758979606,0.9314064152618626
high_school_drop_out_vs_college_graduate,all→white,d_approach_retreat,pos,-0.11,4.6934189902651795,100,-0.2343707225546146,0.8151812086940039,0.93645870856795
high_school_drop_out_vs_college_graduate,all→white,d_latency,neg,0.015,0.11135075167680682,100,1.3470946333202294,0.18102514023295704,0.8172584337885556
high_school_drop_out_vs_college_graduate,all→white,d_latency,pos,0.0,1.0347497623614468,100,0.0,1.0,1.0
high_school_drop_out_vs_college_graduate,all→white,d_peak_speed,neg,0.0003426334634423256,0.002583484412574096,100,1.3262455224219343,0.1878099628405834,0.7896584247609473
high_school_drop_out_vs_college_graduate,all→white,d_peak_speed,pos,-3.715954720973969e-05,0.0026387415407430536,100,-0.14082298942880092,0.8882959202760006,0.9680147849161543
high_school_drop_out_vs_college_graduate,all→white,d_time_to_half,neg,0.24,2.822599990624018,100,0.8502798866195029,0.3972212250577163,0.928687430803243
high_school_drop_out_vs_college_graduate,all→white,d_time_to_half,pos,-0.19,2.3309294976966424,100,-0.8151254689931745,0.4169571495062343,0.928687430803243
high_school_drop_out_vs_college_graduate,all→white,pull_AUC,neg,-0.48026990379579354,7.046263706942702,100,-0.6815951315057686,0.4970864002874511,0.9624772556051073
high_school_drop_out_vs_college_graduate,all→white,pull_AUC,pos,-1.3968628305401365,11.549324566373306,100,-1.2094757771438893,0.2293604524956964,0.9315213646108147
high_school_drop_out_vs_college_graduate,all→white,pull_MAD,neg,-0.5294667072594166,16.680351132401135,100,-0.3174194014602857,0.7515938707337282,0.9576082332804223
high_school_drop_out_vs_college_graduate,all→white,pull_MAD,pos,-2.417525406554341,21.823122911551877,100,-1.10778160227226,0.27064033512767144,0.9198051405792728
high_school_drop_out_vs_college_graduate,all→white,pull_early,neg,0.21115745604038247,8.736851367688768,100,0.24168598864036955,0.8095233923416614,0.9228620170272526
high_school_drop_out_vs_college_graduate,all→white,pull_early,pos,-1.6370969675481317,17.11414527415669,100,-0.956575359927696,0.34111174318478876,0.911208428797853
high_school_drop_out_vs_college_graduate,all→white,pull_final,neg,-4.4858711063052,29.924202539968608,92,-1.437865021291809,0.15390239966265873,0.8456594532877159
high_school_drop_out_vs_college_graduate,all→white,pull_final,pos,-5.482552940643319,39.700574740755485,89,-1.302809879586803,0.19603861902087769,0.8456594532877159
high_school_drop_out_vs_college_graduate,all→white,pull_release,neg,-0.13879820704460144,14.86849542950477,100,-0.09335053953688738,0.9258137421374736,0.9967263276063107
high_school_drop_out_vs_college_graduate,all→white,pull_release,pos,-0.495864434633404,19.107520934535213,100,-0.25951269991135867,0.795778575869084,0.9967263276063107
high_school_drop_out_vs_college_graduate,all→white,pull_tcp,neg,-2.90188712766394,19.17725806583692,100,-1.513191884732192,0.13341687280871597,0.7346384373159347
high_school_drop_out_vs_college_graduate,all→white,pull_tcp,pos,-3.7911026272922754,23.06160563788822,100,-1.6439022879932617,0.10336851044246512,0.7346384373159347
high_school_drop_out_vs_college_graduate,all→white,q_exploded,neg,0.0,0.0,100,nan,nan,nan
high_school_drop_out_vs_college_graduate,all→white,q_exploded,pos,0.005,0.049999999999999996,100,1.0,0.3197484741393017,nan
high_school_drop_out_vs_college_graduate,all→white,q_jerk_in_grasp,neg,0.0,0.0,100,nan,nan,nan
high_school_drop_out_vs_college_graduate,all→white,q_jerk_in_grasp,pos,0.0,0.0,100,nan,nan,nan
high_school_drop_out_vs_college_graduate,all→white,q_tile_drift,neg,0.0009312159568071366,0.004401315932576294,100,2.115767127541905,0.0368735866081764,0.03731255787732136
high_school_drop_out_vs_college_graduate,all→white,q_tile_drift,pos,0.00021271854639053344,0.0008348131555773059,100,2.54809767873663,0.012368594811806808,0.0136536436234231
high_school_drop_out_vs_college_graduate,all→white,xpos_reversals,neg,0.48,0.6151291233422772,100,7.8032397066804595,6.31888853342875e-12,7.067177965018997e-12
high_school_drop_out_vs_college_graduate,all→white,xpos_reversals,pos,0.425,0.6331538820727851,100,6.712428242699197,1.2104820926444533e-09,1.2396503358407051e-09
high_school_drop_out_vs_college_graduate,black→white,d_approach_retreat,neg,0.195,3.3873613878234448,100,0.5756693121110931,0.5661449758979606,0.9314064152618626
high_school_drop_out_vs_college_graduate,black→white,d_approach_retreat,pos,-0.11,4.6934189902651795,100,-0.2343707225546146,0.8151812086940039,0.93645870856795
high_school_drop_out_vs_college_graduate,black→white,d_latency,neg,0.015,0.11135075167680682,100,1.3470946333202294,0.18102514023295704,0.8172584337885556
high_school_drop_out_vs_college_graduate,black→white,d_latency,pos,0.0,1.0347497623614468,100,0.0,1.0,1.0
high_school_drop_out_vs_college_graduate,black→white,d_peak_speed,neg,0.0003426334634423256,0.002583484412574096,100,1.3262455224219343,0.1878099628405834,0.7896584247609473
high_school_drop_out_vs_college_graduate,black→white,d_peak_speed,pos,-3.715954720973969e-05,0.0026387415407430536,100,-0.14082298942880092,0.8882959202760006,0.9680147849161543
high_school_drop_out_vs_college_graduate,black→white,d_time_to_half,neg,0.24,2.822599990624018,100,0.8502798866195029,0.3972212250577163,0.928687430803243
high_school_drop_out_vs_college_graduate,black→white,d_time_to_half,pos,-0.19,2.3309294976966424,100,-0.8151254689931745,0.4169571495062343,0.928687430803243
high_school_drop_out_vs_college_graduate,black→white,pull_AUC,neg,-0.48026990379579354,7.046263706942702,100,-0.6815951315057686,0.4970864002874511,0.9624772556051073
high_school_drop_out_vs_college_graduate,black→white,pull_AUC,pos,-1.3968628305401365,11.549324566373306,100,-1.2094757771438893,0.2293604524956964,0.9315213646108147
high_school_drop_out_vs_college_graduate,black→white,pull_MAD,neg,-0.5294667072594166,16.680351132401135,100,-0.3174194014602857,0.7515938707337282,0.9576082332804223
high_school_drop_out_vs_college_graduate,black→white,pull_MAD,pos,-2.417525406554341,21.823122911551877,100,-1.10778160227226,0.27064033512767144,0.9198051405792728
high_school_drop_out_vs_college_graduate,black→white,pull_early,neg,0.21115745604038247,8.736851367688768,100,0.24168598864036955,0.8095233923416614,0.9228620170272526
high_school_drop_out_vs_college_graduate,black→white,pull_early,pos,-1.6370969675481317,17.11414527415669,100,-0.956575359927696,0.34111174318478876,0.911208428797853
high_school_drop_out_vs_college_graduate,black→white,pull_final,neg,-4.4858711063052,29.924202539968608,92,-1.437865021291809,0.15390239966265873,0.8456594532877159
high_school_drop_out_vs_college_graduate,black→white,pull_final,pos,-5.482552940643319,39.700574740755485,89,-1.302809879586803,0.19603861902087769,0.8456594532877159
high_school_drop_out_vs_college_graduate,black→white,pull_release,neg,-0.13879820704460144,14.86849542950477,100,-0.09335053953688738,0.9258137421374736,0.9967263276063107
high_school_drop_out_vs_college_graduate,black→white,pull_release,pos,-0.495864434633404,19.107520934535213,100,-0.25951269991135867,0.795778575869084,0.9967263276063107
high_school_drop_out_vs_college_graduate,black→white,pull_tcp,neg,-2.90188712766394,19.17725806583692,100,-1.513191884732192,0.13341687280871597,0.7346384373159347
high_school_drop_out_vs_college_graduate,black→white,pull_tcp,pos,-3.7911026272922754,23.06160563788822,100,-1.6439022879932617,0.10336851044246512,0.7346384373159347
high_school_drop_out_vs_college_graduate,black→white,q_exploded,neg,0.0,0.0,100,nan,nan,nan
high_school_drop_out_vs_college_graduate,black→white,q_exploded,pos,0.005,0.049999999999999996,100,1.0,0.3197484741393017,nan
high_school_drop_out_vs_college_graduate,black→white,q_jerk_in_grasp,neg,0.0,0.0,100,nan,nan,nan
high_school_drop_out_vs_college_graduate,black→white,q_jerk_in_grasp,pos,0.0,0.0,100,nan,nan,nan
high_school_drop_out_vs_college_graduate,black→white,q_tile_drift,neg,0.0009312159568071366,0.004401315932576294,100,2.115767127541905,0.0368735866081764,0.03731255787732136
high_school_drop_out_vs_college_graduate,black→white,q_tile_drift,pos,0.00021271854639053344,0.0008348131555773059,100,2.54809767873663,0.012368594811806808,0.0136536436234231
high_school_drop_out_vs_college_graduate,black→white,xpos_reversals,neg,0.48,0.6151291233422772,100,7.8032397066804595,6.31888853342875e-12,7.067177965018997e-12
high_school_drop_out_vs_college_graduate,black→white,xpos_reversals,pos,0.425,0.6331538820727851,100,6.712428242699197,1.2104820926444533e-09,1.2396503358407051e-09
high_status_vs_low_status,all→white,d_approach_retreat,neg,-0.19,4.205443802472883,100,-0.45179536078517163,0.6524046810378151,0.93645870856795
high_status_vs_low_status,all→white,d_approach_retreat,pos,0.43,3.6907063187570386,100,1.165088638493501,0.24678274489761806,0.7563782672893617
high_status_vs_low_status,all→white,d_latency,neg,-0.13,3.891599344041657,100,-0.33405288804727584,0.7390462407366784,0.9655774265224796
high_status_vs_low_status,all→white,d_latency,pos,0.01,0.7452882297839847,100,0.1341762770478532,0.8935355787528293,0.9767478542063134
high_status_vs_low_status,all→white,d_peak_speed,neg,0.0005277632176876068,0.006519055662151179,100,0.8095700436364333,0.4201288776397909,0.9249700200161912
high_status_vs_low_status,all→white,d_peak_speed,pos,0.00013907801359891892,0.0023594376375788003,100,0.5894540774624478,0.5568995189259512,0.9392076952482288
high_status_vs_low_status,all→white,d_time_to_half,neg,-0.46,11.5180315377694,100,-0.399373797937251,0.6904780557370482,0.9726038453780609
high_status_vs_low_status,all→white,d_time_to_half,pos,0.05,3.4681086744474685,100,0.14417079939966382,0.8856586742919997,1.0
high_status_vs_low_status,all→white,pull_AUC,neg,-0.022668336111819086,13.722434391124837,100,-0.01651917980856234,0.986853446708368,0.993762620911387
high_status_vs_low_status,all→white,pull_AUC,pos,2.285993337700493,14.5700618345836,100,1.5689661194672788,0.11984665929831441,0.9315213646108147
high_status_vs_low_status,all→white,pull_MAD,neg,3.5864220303716143,37.05405768930871,100,0.9678891473757305,0.3354583453877348,0.9198051405792728
high_status_vs_low_status,all→white,pull_MAD,pos,1.909530696831644,24.39398674888314,100,0.7827874617170029,0.43562040807533264,0.9576082332804223
high_status_vs_low_status,all→white,pull_early,neg,0.6781785450875759,15.00105291126111,100,0.45208729620470534,0.6521950885184675,0.9228620170272526
high_status_vs_low_status,all→white,pull_early,pos,1.1860219128429892,14.611056343475548,100,0.8117290666479414,0.4188945325045068,0.911208428797853
high_status_vs_low_status,all→white,pull_final,neg,-2.344706147651087,40.05572657947868,83,-0.5332892808323275,0.5952758554728794,0.9837990608611459
high_status_vs_low_status,all→white,pull_final,pos,-10.488196778552313,42.085240528577216,76,-2.1725901662192033,0.03297053766096533,0.8456594532877159
high_status_vs_low_status,all→white,pull_release,neg,0.2293981285765767,31.624529365628195,100,0.07253803714337739,0.9423200849096126,0.9967263276063107
high_status_vs_low_status,all→white,pull_release,pos,-2.3378004552796483,22.987844275072543,100,-1.016972460447151,0.31164544762013874,0.9967263276063107
high_status_vs_low_status,all→white,pull_tcp,neg,-1.9859674014151096,31.49741185987938,100,-0.630517647053022,0.5298087576042677,0.9276076941876996
high_status_vs_low_status,all→white,pull_tcp,pos,-2.2270956356078386,24.974459452500056,100,-0.8917492848418371,0.37468962138816153,0.8115970191800768
high_status_vs_low_status,all→white,q_exploded,neg,0.015,0.08572330399888264,100,1.7498158960596661,0.083248625244961,nan
high_status_vs_low_status,all→white,q_exploded,pos,0.025,0.10952145677879514,100,2.2826577307580465,0.024589522572171077,nan
high_status_vs_low_status,all→white,q_jerk_in_grasp,neg,0.0,0.0,100,nan,nan,nan
high_status_vs_low_status,all→white,q_jerk_in_grasp,pos,0.0,0.0,100,nan,nan,nan
high_status_vs_low_status,all→white,q_tile_drift,neg,0.0019709604978561403,0.004510562579957865,100,4.369655587118697,3.0715969973664966e-05,8.422120799230717e-05
high_status_vs_low_status,all→white,q_tile_drift,pos,0.0022809359431266783,0.0031210902316403197,100,7.308138419080278,7.047188307084158e-11,5.445554600928668e-10
high_status_vs_low_status,all→white,xpos_reversals,neg,0.81,0.7810249675906654,100,10.370987274564575,1.6993376206871984e-17,3.140080386052432e-17
high_status_vs_low_status,all→white,xpos_reversals,pos,0.47,0.6309364532825854,100,7.44924465141809,3.5579554663285414e-11,3.828179932125646e-11
high_status_vs_low_status,black→white,d_approach_retreat,neg,-0.19,4.205443802472883,100,-0.45179536078517163,0.6524046810378151,0.93645870856795
high_status_vs_low_status,black→white,d_approach_retreat,pos,0.43,3.6907063187570386,100,1.165088638493501,0.24678274489761806,0.7563782672893617
high_status_vs_low_status,black→white,d_latency,neg,-0.13,3.891599344041657,100,-0.33405288804727584,0.7390462407366784,0.9655774265224796
high_status_vs_low_status,black→white,d_latency,pos,0.01,0.7452882297839847,100,0.1341762770478532,0.8935355787528293,0.9767478542063134
high_status_vs_low_status,black→white,d_peak_speed,neg,0.0005277632176876068,0.006519055662151179,100,0.8095700436364333,0.4201288776397909,0.9249700200161912
high_status_vs_low_status,black→white,d_peak_speed,pos,0.00013907801359891892,0.0023594376375788003,100,0.5894540774624478,0.5568995189259512,0.9392076952482288
high_status_vs_low_status,black→white,d_time_to_half,neg,-0.46,11.5180315377694,100,-0.399373797937251,0.6904780557370482,0.9726038453780609
high_status_vs_low_status,black→white,d_time_to_half,pos,0.05,3.4681086744474685,100,0.14417079939966382,0.8856586742919997,1.0
high_status_vs_low_status,black→white,pull_AUC,neg,-0.022668336111819086,13.722434391124837,100,-0.01651917980856234,0.986853446708368,0.993762620911387
high_status_vs_low_status,black→white,pull_AUC,pos,2.285993337700493,14.5700618345836,100,1.5689661194672788,0.11984665929831441,0.9315213646108147
high_status_vs_low_status,black→white,pull_MAD,neg,3.5864220303716143,37.05405768930871,100,0.9678891473757305,0.3354583453877348,0.9198051405792728
high_status_vs_low_status,black→white,pull_MAD,pos,1.909530696831644,24.39398674888314,100,0.7827874617170029,0.43562040807533264,0.9576082332804223
high_status_vs_low_status,black→white,pull_early,neg,0.6781785450875759,15.00105291126111,100,0.45208729620470534,0.6521950885184675,0.9228620170272526
high_status_vs_low_status,black→white,pull_early,pos,1.1860219128429892,14.611056343475548,100,0.8117290666479414,0.4188945325045068,0.911208428797853
high_status_vs_low_status,black→white,pull_final,neg,-2.344706147651087,40.05572657947868,83,-0.5332892808323275,0.5952758554728794,0.9837990608611459
high_status_vs_low_status,black→white,pull_final,pos,-10.488196778552313,42.085240528577216,76,-2.1725901662192033,0.03297053766096533,0.8456594532877159
high_status_vs_low_status,black→white,pull_release,neg,0.2293981285765767,31.624529365628195,100,0.07253803714337739,0.9423200849096126,0.9967263276063107
high_status_vs_low_status,black→white,pull_release,pos,-2.3378004552796483,22.987844275072543,100,-1.016972460447151,0.31164544762013874,0.9967263276063107
high_status_vs_low_status,black→white,pull_tcp,neg,-1.9859674014151096,31.49741185987938,100,-0.630517647053022,0.5298087576042677,0.9276076941876996
high_status_vs_low_status,black→white,pull_tcp,pos,-2.2270956356078386,24.974459452500056,100,-0.8917492848418371,0.37468962138816153,0.8115970191800768
high_status_vs_low_status,black→white,q_exploded,neg,0.015,0.08572330399888264,100,1.7498158960596661,0.083248625244961,nan
high_status_vs_low_status,black→white,q_exploded,pos,0.025,0.10952145677879514,100,2.2826577307580465,0.024589522572171077,nan
high_status_vs_low_status,black→white,q_jerk_in_grasp,neg,0.0,0.0,100,nan,nan,nan
high_status_vs_low_status,black→white,q_jerk_in_grasp,pos,0.0,0.0,100,nan,nan,nan
high_status_vs_low_status,black→white,q_tile_drift,neg,0.0019709604978561403,0.004510562579957865,100,4.369655587118697,3.0715969973664966e-05,8.422120799230717e-05
high_status_vs_low_status,black→white,q_tile_drift,pos,0.0022809359431266783,0.0031210902316403197,100,7.308138419080278,7.047188307084158e-11,5.445554600928668e-10
high_status_vs_low_status,black→white,xpos_reversals,neg,0.81,0.7810249675906654,100,10.370987274564575,1.6993376206871984e-17,3.140080386052432e-17
high_status_vs_low_status,black→white,xpos_reversals,pos,0.47,0.6309364532825854,100,7.44924465141809,3.5579554663285414e-11,3.828179932125646e-11
hobbies_interests_and_activities,all→white,d_approach_retreat,-,-0.20208333333333334,4.29036245571281,1200,-1.6316504925132618,0.10301573446030222,0.7563782672893617
hobbies_interests_and_activities,all→white,d_latency,-,-0.0525,2.2815195651740297,1200,-0.797123713382926,0.4255370046009519,0.8503898261282309
hobbies_interests_and_activities,all→white,d_peak_speed,-,-9.502858544389407e-05,0.0029441857949603512,1200,-1.1180974953548497,0.263749325851581,0.8303219517549772
hobbies_interests_and_activities,all→white,d_time_to_half,-,-0.1525,5.046579738385187,1200,-1.0467990672778829,0.2954032356924378,0.928687430803243
hobbies_interests_and_activities,all→white,pull_AUC,-,0.13145264857960848,9.564849941054746,1200,0.4760820452647298,0.634102662516306,0.9624772556051073
hobbies_interests_and_activities,all→white,pull_MAD,-,-0.3025522154329034,18.054168316982103,1200,-0.580515036607247,0.5616764349718225,0.9576082332804223
hobbies_interests_and_activities,all→white,pull_early,-,-0.8063306401794157,17.915946703245567,1200,-1.5590642901804173,0.1192450590299853,0.911208428797853
hobbies_interests_and_activities,all→white,pull_final,-,0.5838786835380395,40.609232806305954,1036,0.4627833366743965,0.6436169573180259,0.9837990608611459
hobbies_interests_and_activities,all→white,pull_release,-,0.01816943450345813,25.486625140594278,1200,0.02469560683784646,0.9803018685464968,0.9967263276063107
hobbies_interests_and_activities,all→white,pull_tcp,-,-0.2489037266544377,26.30472035624948,1200,-0.32778443938583657,0.743131879075791,0.9276076941876996
hobbies_interests_and_activities,all→white,q_exploded,-,0.008333333333333333,0.06403623522460028,1200,4.5079966613014575,7.184980683414707e-06,nan
hobbies_interests_and_activities,all→white,q_jerk_in_grasp,-,0.0,0.0,1200,nan,nan,nan
hobbies_interests_and_activities,all→white,q_tile_drift,-,0.00048341657345493634,0.0017679475638886224,1200,9.472023758477834,1.407875659242621e-20,1.9944905172603799e-19
hobbies_interests_and_activities,all→white,xpos_reversals,-,0.5566666666666666,0.6013930635640676,1200,32.06471800099036,2.0258698121395782e-163,8.609946701593207e-162
hobbies_interests_and_activities,black→white,d_approach_retreat,-,-0.20208333333333334,4.29036245571281,1200,-1.6316504925132618,0.10301573446030222,0.7563782672893617
hobbies_interests_and_activities,black→white,d_latency,-,-0.0525,2.2815195651740297,1200,-0.797123713382926,0.4255370046009519,0.8503898261282309
hobbies_interests_and_activities,black→white,d_peak_speed,-,-9.502858544389407e-05,0.0029441857949603512,1200,-1.1180974953548497,0.263749325851581,0.8303219517549772
hobbies_interests_and_activities,black→white,d_time_to_half,-,-0.1525,5.046579738385187,1200,-1.0467990672778829,0.2954032356924378,0.928687430803243
hobbies_interests_and_activities,black→white,pull_AUC,-,0.13145264857960848,9.564849941054746,1200,0.4760820452647298,0.634102662516306,0.9624772556051073
hobbies_interests_and_activities,black→white,pull_MAD,-,-0.3025522154329034,18.054168316982103,1200,-0.580515036607247,0.5616764349718225,0.9576082332804223
hobbies_interests_and_activities,black→white,pull_early,-,-0.8063306401794157,17.915946703245567,1200,-1.5590642901804173,0.1192450590299853,0.911208428797853
hobbies_interests_and_activities,black→white,pull_final,-,0.5838786835380395,40.609232806305954,1036,0.4627833366743965,0.6436169573180259,0.9837990608611459
hobbies_interests_and_activities,black→white,pull_release,-,0.01816943450345813,25.486625140594278,1200,0.02469560683784646,0.9803018685464968,0.9967263276063107
hobbies_interests_and_activities,black→white,pull_tcp,-,-0.2489037266544377,26.30472035624948,1200,-0.32778443938583657,0.743131879075791,0.9276076941876996
hobbies_interests_and_activities,black→white,q_exploded,-,0.008333333333333333,0.06403623522460028,1200,4.5079966613014575,7.184980683414707e-06,nan
hobbies_interests_and_activities,black→white,q_jerk_in_grasp,-,0.0,0.0,1200,nan,nan,nan
hobbies_interests_and_activities,black→white,q_tile_drift,-,0.00048341657345493634,0.0017679475638886224,1200,9.472023758477834,1.407875659242621e-20,1.9944905172603799e-19
hobbies_interests_and_activities,black→white,xpos_reversals,-,0.5566666666666666,0.6013930635640676,1200,32.06471800099036,2.0258698121395782e-163,8.609946701593207e-162
housing_tenure,all→white,d_approach_retreat,-,-0.535,4.4756665323827365,100,-1.1953526835145578,0.23480479612752442,0.7563782672893617
housing_tenure,all→white,d_latency,-,0.015,2.868722835526414,100,0.052288076820246325,0.9584045153990768,1.0
housing_tenure,all→white,d_peak_speed,-,-0.00026524417102336884,0.0037734128891062486,100,-0.7029290958037545,0.483749638352701,0.9392076952482288
housing_tenure,all→white,d_time_to_half,-,0.3,8.699239488413207,100,0.3448577319886175,0.7309328929670385,0.9726038453780609
housing_tenure,all→white,pull_AUC,-,-0.8647250944923145,13.648934100615344,100,-0.6335477101126377,0.5278370057249565,0.9624772556051073
housing_tenure,all→white,pull_MAD,-,-2.9673240670934318,27.364032395659258,100,-1.0843884498412364,0.28082634447357074,0.9198051405792728
housing_tenure,all→white,pull_early,-,-0.9747644923627368,21.377220545254048,100,-0.45598280202013636,0.6494010175667604,0.9228620170272526
housing_tenure,all→white,pull_final,-,-6.564725320353064,47.43959500844637,86,-1.283290005697477,0.2028782798830469,0.8456594532877159
housing_tenure,all→white,pull_release,-,0.08532083826139569,29.035428213893574,100,0.029385080059046383,0.9766166286507054,0.9967263276063107
housing_tenure,all→white,pull_tcp,-,-3.368777704308741,27.632326636400986,100,-1.2191437039076316,0.2256864943266579,0.7557236933309512
housing_tenure,all→white,q_exploded,-,0.01,0.07035264706814484,100,1.4214106244380287,0.15833990565972564,nan
housing_tenure,all→white,q_jerk_in_grasp,-,0.0,0.0,100,nan,nan,nan
housing_tenure,all→white,q_tile_drift,-,0.0005069700628519058,0.0013044238929840208,100,3.8865438265788965,0.00018396776134628714,0.0003723157074865335
housing_tenure,all→white,xpos_reversals,-,0.575,0.5476072838939758,100,10.50022556148701,8.889946996690646e-18,1.79915593980644e-17
housing_tenure,black→white,d_approach_retreat,-,-0.535,4.4756665323827365,100,-1.1953526835145578,0.23480479612752442,0.7563782672893617
housing_tenure,black→white,d_latency,-,0.015,2.868722835526414,100,0.052288076820246325,0.9584045153990768,1.0
housing_tenure,black→white,d_peak_speed,-,-0.00026524417102336884,0.0037734128891062486,100,-0.7029290958037545,0.483749638352701,0.9392076952482288
housing_tenure,black→white,d_time_to_half,-,0.3,8.699239488413207,100,0.3448577319886175,0.7309328929670385,0.9726038453780609
housing_tenure,black→white,pull_AUC,-,-0.8647250944923145,13.648934100615344,100,-0.6335477101126377,0.5278370057249565,0.9624772556051073
housing_tenure,black→white,pull_MAD,-,-2.9673240670934318,27.364032395659258,100,-1.0843884498412364,0.28082634447357074,0.9198051405792728
housing_tenure,black→white,pull_early,-,-0.9747644923627368,21.377220545254048,100,-0.45598280202013636,0.6494010175667604,0.9228620170272526
housing_tenure,black→white,pull_final,-,-6.564725320353064,47.43959500844637,86,-1.283290005697477,0.2028782798830469,0.8456594532877159
housing_tenure,black→white,pull_release,-,0.08532083826139569,29.035428213893574,100,0.029385080059046383,0.9766166286507054,0.9967263276063107
housing_tenure,black→white,pull_tcp,-,-3.368777704308741,27.632326636400986,100,-1.2191437039076316,0.2256864943266579,0.7557236933309512
housing_tenure,black→white,q_exploded,-,0.01,0.07035264706814484,100,1.4214106244380287,0.15833990565972564,nan
housing_tenure,black→white,q_jerk_in_grasp,-,0.0,0.0,100,nan,nan,nan
housing_tenure,black→white,q_tile_drift,-,0.0005069700628519058,0.0013044238929840208,100,3.8865438265788965,0.00018396776134628714,0.0003723157074865335
housing_tenure,black→white,xpos_reversals,-,0.575,0.5476072838939758,100,10.50022556148701,8.889946996690646e-18,1.79915593980644e-17
income,all→white,d_approach_retreat,neg,0.36,5.117350166567921,100,0.7034890876764898,0.48340223782427705,0.9290361274422136
income,all→white,d_approach_retreat,pos,0.58,5.1950442585684335,100,1.116448621286293,0.2669325588523837,0.7563782672893617
income,all→white,d_latency,neg,-0.33,5.367889941517284,100,-0.6147667027366855,0.5401192312449883,0.9609785119552731
income,all→white,d_latency,pos,0.775,4.115366007263191,100,1.8831860851069044,0.06261058116607451,0.8172584337885556
income,all→white,d_peak_speed,neg,0.00019971122965216636,0.002947128062219961,100,0.6776469343572786,0.4995762180284361,0.9392076952482288
income,all→white,d_peak_speed,pos,-0.00028908867388963697,0.005842478714367069,100,-0.4948048388755742,0.6218342236254075,0.9392076952482288
income,all→white,d_time_to_half,neg,-0.005,12.800823639851687,100,-0.0039059986612376535,0.9968913319366968,1.0
income,all→white,d_time_to_half,pos,1.27,9.077505775878697,100,1.3990627286349093,0.1649194402780721,0.9216060222626153
income,all→white,pull_AUC,neg,-0.02756442519591663,15.998503173602336,100,-0.01722937758414685,0.986288301278269,0.993762620911387
income,all→white,pull_AUC,pos,-2.371462751019746,11.812485874060497,100,-2.007589914860626,0.04741217292028555,0.9315213646108147
income,all→white,pull_MAD,neg,1.1754722736775873,37.21670021066491,100,0.31584537775349064,0.752784771298427,0.9576082332804223
income,all→white,pull_MAD,pos,-2.561398609727621,20.271474228536416,100,-1.263548265336276,0.209359597651215,0.9198051405792728
income,all→white,pull_early,neg,2.630772296339274,29.60669098288368,100,0.8885735652998793,0.37638620234608566,0.911208428797853
income,all→white,pull_early,pos,1.4226560704410083,24.541782293485586,100,0.5796873484688359,0.5634423653070594,0.9228620170272526
income,all→white,pull_final,neg,-2.445188984948109,39.811034869978705,83,-0.5595617373067532,0.5773036862748739,0.9837990608611459
income,all→white,pull_final,pos,-2.6622534858815503,42.505991476293566,86,-0.5808292503925816,0.562892415947817,0.9837990608611459
income,all→white,pull_release,neg,-1.974249262129888,34.41200719375831,100,-0.5737094180568402,0.5674655273394771,0.9967263276063107
income,all→white,pull_release,pos,-4.062531606759876,30.632913112627065,100,-1.3261982599641418,0.18782555679208834,0.9967263276063107
income,all→white,pull_tcp,neg,3.75031057279557,26.452403994925664,100,1.4177579374316935,0.15940129620259855,0.7346384373159347
income,all→white,pull_tcp,pos,0.8244917611591518,28.296540097486528,100,0.29137546792598445,0.7713737954246274,0.9276076941876996
income,all→white,q_exploded,neg,0.015,0.08572330399888264,100,1.7498158960596661,0.083248625244961,nan
income,all→white,q_exploded,pos,0.01,0.07035264706814484,100,1.4214106244380287,0.15833990565972564,nan
income,all→white,q_jerk_in_grasp,neg,0.0,0.0,100,nan,nan,nan
income,all→white,q_jerk_in_grasp,pos,0.0,0.0,100,nan,nan,nan
income,all→white,q_tile_drift,neg,0.0010130110383033753,0.0021024638774034656,100,4.818209003212172,5.226528091820209e-06,2.019340399112354e-05
income,all→white,q_tile_drift,pos,0.0014443574845790863,0.003348792427418179,100,4.313069609072914,3.813007667134887e-05,0.00010128301615827044
income,all→white,xpos_reversals,neg,1.005,0.7504039316301991,100,13.392786972966796,5.9088703881728975e-24,1.9317460884411396e-23
income,all→white,xpos_reversals,pos,0.805,0.7749063156148605,100,10.388352550221006,1.557610017012034e-17,3.0090193510459744e-17
income,black→white,d_approach_retreat,neg,0.36,5.117350166567921,100,0.7034890876764898,0.48340223782427705,0.9290361274422136
income,black→white,d_approach_retreat,pos,0.58,5.1950442585684335,100,1.116448621286293,0.2669325588523837,0.7563782672893617
income,black→white,d_latency,neg,-0.33,5.367889941517284,100,-0.6147667027366855,0.5401192312449883,0.9609785119552731
income,black→white,d_latency,pos,0.775,4.115366007263191,100,1.8831860851069044,0.06261058116607451,0.8172584337885556
income,black→white,d_peak_speed,neg,0.00019971122965216636,0.002947128062219961,100,0.6776469343572786,0.4995762180284361,0.9392076952482288
income,black→white,d_peak_speed,pos,-0.00028908867388963697,0.005842478714367069,100,-0.4948048388755742,0.6218342236254075,0.9392076952482288
income,black→white,d_time_to_half,neg,-0.005,12.800823639851687,100,-0.0039059986612376535,0.9968913319366968,1.0
income,black→white,d_time_to_half,pos,1.27,9.077505775878697,100,1.3990627286349093,0.1649194402780721,0.9216060222626153
income,black→white,pull_AUC,neg,-0.02756442519591663,15.998503173602336,100,-0.01722937758414685,0.986288301278269,0.993762620911387
income,black→white,pull_AUC,pos,-2.371462751019746,11.812485874060497,100,-2.007589914860626,0.04741217292028555,0.9315213646108147
income,black→white,pull_MAD,neg,1.1754722736775873,37.21670021066491,100,0.31584537775349064,0.752784771298427,0.9576082332804223
income,black→white,pull_MAD,pos,-2.561398609727621,20.271474228536416,100,-1.263548265336276,0.209359597651215,0.9198051405792728
income,black→white,pull_early,neg,2.630772296339274,29.60669098288368,100,0.8885735652998793,0.37638620234608566,0.911208428797853
income,black→white,pull_early,pos,1.4226560704410083,24.541782293485586,100,0.5796873484688359,0.5634423653070594,0.9228620170272526
income,black→white,pull_final,neg,-2.445188984948109,39.811034869978705,83,-0.5595617373067532,0.5773036862748739,0.9837990608611459
income,black→white,pull_final,pos,-2.6622534858815503,42.505991476293566,86,-0.5808292503925816,0.562892415947817,0.9837990608611459
income,black→white,pull_release,neg,-1.974249262129888,34.41200719375831,100,-0.5737094180568402,0.5674655273394771,0.9967263276063107
income,black→white,pull_release,pos,-4.062531606759876,30.632913112627065,100,-1.3261982599641418,0.18782555679208834,0.9967263276063107
income,black→white,pull_tcp,neg,3.75031057279557,26.452403994925664,100,1.4177579374316935,0.15940129620259855,0.7346384373159347
income,black→white,pull_tcp,pos,0.8244917611591518,28.296540097486528,100,0.29137546792598445,0.7713737954246274,0.9276076941876996
income,black→white,q_exploded,neg,0.015,0.08572330399888264,100,1.7498158960596661,0.083248625244961,nan
income,black→white,q_exploded,pos,0.01,0.07035264706814484,100,1.4214106244380287,0.15833990565972564,nan
income,black→white,q_jerk_in_grasp,neg,0.0,0.0,100,nan,nan,nan
income,black→white,q_jerk_in_grasp,pos,0.0,0.0,100,nan,nan,nan
income,black→white,q_tile_drift,neg,0.0010130110383033753,0.0021024638774034656,100,4.818209003212172,5.226528091820209e-06,2.019340399112354e-05
income,black→white,q_tile_drift,pos,0.0014443574845790863,0.003348792427418179,100,4.313069609072914,3.813007667134887e-05,0.00010128301615827044
income,black→white,xpos_reversals,neg,1.005,0.7504039316301991,100,13.392786972966796,5.9088703881728975e-24,1.9317460884411396e-23
income,black→white,xpos_reversals,pos,0.805,0.7749063156148605,100,10.388352550221006,1.557610017012034e-17,3.0090193510459744e-17
income_and_wealth,all→white,d_approach_retreat,-,0.06583333333333333,4.302161894578992,600,0.3748303264375562,0.7079193284071934,0.93645870856795
income_and_wealth,all→white,d_latency,-,0.18,2.9916578505054376,600,1.4737920435202208,0.14106290625010662,0.8172584337885556
income_and_wealth,all→white,d_peak_speed,-,0.00022427310856680074,0.0032473163711760566,600,1.6917189956995808,0.09121967215612144,0.7753672133270322
income_and_wealth,all→white,d_time_to_half,-,0.6125,7.950090165488628,600,1.8871640902483835,0.05962152269513877,0.9216060222626153
income_and_wealth,all→white,pull_AUC,-,-0.6549856299503376,10.997247529025513,600,-1.458892852960906,0.14511876358374612,0.9315213646108147
income_and_wealth,all→white,pull_MAD,-,-0.42573503305514643,14.064728188466843,600,-0.7414530751238889,0.45870936208914737,0.9576082332804223
income_and_wealth,all→white,pull_early,-,1.116992409651478,21.71725859354709,600,1.259855813947408,0.20821200924420744,0.911208428797853
income_and_wealth,all→white,pull_final,-,-4.561055853515652,42.09453168838613,501,-2.42526149235346,0.0156504610781507,0.7457704498828709
income_and_wealth,all→white,pull_release,-,-1.6062065566135668,28.681748238380347,600,-1.3717387282380642,0.17065834506386676,0.9967263276063107
income_and_wealth,all→white,pull_tcp,-,-2.071119872368096,28.196870718693717,600,-1.7992020937545663,0.07248991315136886,0.7346384373159347
income_and_wealth,all→white,q_exploded,-,0.010833333333333334,0.07285706881524585,600,3.642218841859065,0.0002937129406026193,nan
income_and_wealth,all→white,q_jerk_in_grasp,-,0.0,0.0,600,nan,nan,nan
income_and_wealth,all→white,q_tile_drift,-,0.0010164874792099,0.0025715054218225877,600,9.682560389965841,1.0693839779103907e-20,1.817952762447664e-19
income_and_wealth,all→white,xpos_reversals,-,0.5641666666666667,0.6372933994772353,600,21.68421113970034,2.1187731177267267e-77,2.001063500075242e-76
income_and_wealth,black→white,d_approach_retreat,-,0.06583333333333333,4.302161894578992,600,0.3748303264375562,0.7079193284071934,0.93645870856795
income_and_wealth,black→white,d_latency,-,0.18,2.9916578505054376,600,1.4737920435202208,0.14106290625010662,0.8172584337885556
income_and_wealth,black→white,d_peak_speed,-,0.00022427310856680074,0.0032473163711760566,600,1.6917189956995808,0.09121967215612144,0.7753672133270322
income_and_wealth,black→white,d_time_to_half,-,0.6125,7.950090165488628,600,1.8871640902483835,0.05962152269513877,0.9216060222626153
income_and_wealth,black→white,pull_AUC,-,-0.6549856299503376,10.997247529025513,600,-1.458892852960906,0.14511876358374612,0.9315213646108147
income_and_wealth,black→white,pull_MAD,-,-0.42573503305514643,14.064728188466843,600,-0.7414530751238889,0.45870936208914737,0.9576082332804223
income_and_wealth,black→white,pull_early,-,1.116992409651478,21.71725859354709,600,1.259855813947408,0.20821200924420744,0.911208428797853
income_and_wealth,black→white,pull_final,-,-4.561055853515652,42.09453168838613,501,-2.42526149235346,0.0156504610781507,0.7457704498828709
income_and_wealth,black→white,pull_release,-,-1.6062065566135668,28.681748238380347,600,-1.3717387282380642,0.17065834506386676,0.9967263276063107
income_and_wealth,black→white,pull_tcp,-,-2.071119872368096,28.196870718693717,600,-1.7992020937545663,0.07248991315136886,0.7346384373159347
income_and_wealth,black→white,q_exploded,-,0.010833333333333334,0.07285706881524585,600,3.642218841859065,0.0002937129406026193,nan
income_and_wealth,black→white,q_jerk_in_grasp,-,0.0,0.0,600,nan,nan,nan
income_and_wealth,black→white,q_tile_drift,-,0.0010164874792099,0.0025715054218225877,600,9.682560389965841,1.0693839779103907e-20,1.817952762447664e-19
income_and_wealth,black→white,xpos_reversals,-,0.5641666666666667,0.6372933994772353,600,21.68421113970034,2.1187731177267267e-77,2.001063500075242e-76
janitor_vs_stay_at_home_parent,all→white,d_approach_retreat,neg,-0.045,3.9151963713538844,100,-0.11493676365571132,0.9087280403753769,0.9419741881939883
janitor_vs_stay_at_home_parent,all→white,d_approach_retreat,pos,0.425,3.792852794827704,100,1.1205285915118313,0.26519946978610304,0.7563782672893617
janitor_vs_stay_at_home_parent,all→white,d_latency,neg,-0.255,2.7464347872112382,100,-0.9284764422130335,0.3554187341108014,0.8307784656550365
janitor_vs_stay_at_home_parent,all→white,d_latency,pos,-0.405,2.3524058177349274,100,-1.7216417207723298,0.08825771641932535,0.8172584337885556
janitor_vs_stay_at_home_parent,all→white,d_peak_speed,neg,5.927573889493942e-05,0.0031639045567885306,100,0.18734995898582443,0.851769687852998,0.9680147849161543
janitor_vs_stay_at_home_parent,all→white,d_peak_speed,pos,0.0002326744794845581,0.0028778339740573697,100,0.808505569056569,0.4207382510234281,0.9249700200161912
janitor_vs_stay_at_home_parent,all→white,d_time_to_half,neg,-0.82,7.163854275514548,100,-1.1446352319067838,0.2551201081849089,0.928687430803243
janitor_vs_stay_at_home_parent,all→white,d_time_to_half,pos,-1.59,5.6050031762756936,100,-2.836751291649567,0.005527926933144086,0.4698737893172473
janitor_vs_stay_at_home_parent,all→white,pull_AUC,neg,0.6055643894863314,8.968114395152613,100,0.675241597959151,0.5010963635833032,0.9624772556051073
janitor_vs_stay_at_home_parent,all→white,pull_AUC,pos,-0.9564451510872465,10.20011383631356,100,-0.9376808596804023,0.3506903960887773,0.9315213646108147
janitor_vs_stay_at_home_parent,all→white,pull_MAD,neg,0.6033570021390912,14.461211593856481,100,0.41722437862358214,0.6774176765001604,0.9576082332804223
janitor_vs_stay_at_home_parent,all→white,pull_MAD,pos,-1.7683653602376583,16.723316385523216,100,-1.0574250462476864,0.2928910642631514,0.9198051405792728
janitor_vs_stay_at_home_parent,all→white,pull_early,neg,1.1061235032975671,15.74283431270357,100,0.7026203041500528,0.4839412613382532,0.911208428797853
janitor_vs_stay_at_home_parent,all→white,pull_early,pos,3.0614973604679108,20.442254481443456,100,1.4976319579853572,0.13741058332980086,0.911208428797853
janitor_vs_stay_at_home_parent,all→white,pull_final,neg,2.5304030103143305,49.60986848380719,80,0.45621190416013957,0.6494893339051058,0.9837990608611459
janitor_vs_stay_at_home_parent,all→white,pull_final,pos,-0.03901931962569837,35.27024962871186,88,-0.010377972009643948,0.9917434859163357,0.9934806747212135
janitor_vs_stay_at_home_parent,all→white,pull_release,neg,-0.7465698197484016,20.76640213565639,100,-0.35950850555211206,0.7199804228882831,0.9967263276063107
janitor_vs_stay_at_home_parent,all→white,pull_release,pos,1.0596795292804018,21.627507267539727,100,0.48996840744141257,0.6252403060065796,0.9967263276063107
janitor_vs_stay_at_home_parent,all→white,pull_tcp,neg,1.378926825709641,22.717553924277333,100,0.6069873677007266,0.5452488789254617,0.9276076941876996
janitor_vs_stay_at_home_parent,all→white,pull_tcp,pos,-1.4340435666963458,25.937779072040012,100,-0.552878318036949,0.5815930092752453,0.9276076941876996
janitor_vs_stay_at_home_parent,all→white,q_exploded,neg,0.01,0.07035264706814483,100,1.421410624438029,0.15833990565972564,nan
janitor_vs_stay_at_home_parent,all→white,q_exploded,pos,0.005,0.049999999999999996,100,1.0,0.3197484741393017,nan
janitor_vs_stay_at_home_parent,all→white,q_jerk_in_grasp,neg,0.0,0.0,100,nan,nan,nan
janitor_vs_stay_at_home_parent,all→white,q_jerk_in_grasp,pos,0.0,0.0,100,nan,nan,nan
janitor_vs_stay_at_home_parent,all→white,q_tile_drift,neg,0.0015667355805635452,0.0025797957382074944,100,6.073099344106025,2.3316634170191202e-08,1.2386961902914077e-07
janitor_vs_stay_at_home_parent,all→white,q_tile_drift,pos,0.00031739808619022367,0.000906004833436994,100,3.503271444879067,0.0006914769826942935,0.0011302989140195181
janitor_vs_stay_at_home_parent,all→white,xpos_reversals,neg,0.84,0.8494799359703333,100,9.88840306205108,1.9163174135669314e-16,3.0164255583923923e-16
janitor_vs_stay_at_home_parent,all→white,xpos_reversals,pos,0.795,0.8907351407175372,100,8.925212037324393,2.409286759309032e-14,3.1506057621733496e-14
janitor_vs_stay_at_home_parent,black→white,d_approach_retreat,neg,-0.045,3.9151963713538844,100,-0.11493676365571132,0.9087280403753769,0.9419741881939883
janitor_vs_stay_at_home_parent,black→white,d_approach_retreat,pos,0.425,3.792852794827704,100,1.1205285915118313,0.26519946978610304,0.7563782672893617
janitor_vs_stay_at_home_parent,black→white,d_latency,neg,-0.255,2.7464347872112382,100,-0.9284764422130335,0.3554187341108014,0.8307784656550365
janitor_vs_stay_at_home_parent,black→white,d_latency,pos,-0.405,2.3524058177349274,100,-1.7216417207723298,0.08825771641932535,0.8172584337885556
janitor_vs_stay_at_home_parent,black→white,d_peak_speed,neg,5.927573889493942e-05,0.0031639045567885306,100,0.18734995898582443,0.851769687852998,0.9680147849161543
janitor_vs_stay_at_home_parent,black→white,d_peak_speed,pos,0.0002326744794845581,0.0028778339740573697,100,0.808505569056569,0.4207382510234281,0.9249700200161912
janitor_vs_stay_at_home_parent,black→white,d_time_to_half,neg,-0.82,7.163854275514548,100,-1.1446352319067838,0.2551201081849089,0.928687430803243
janitor_vs_stay_at_home_parent,black→white,d_time_to_half,pos,-1.59,5.6050031762756936,100,-2.836751291649567,0.005527926933144086,0.4698737893172473
janitor_vs_stay_at_home_parent,black→white,pull_AUC,neg,0.6055643894863314,8.968114395152613,100,0.675241597959151,0.5010963635833032,0.9624772556051073
janitor_vs_stay_at_home_parent,black→white,pull_AUC,pos,-0.9564451510872465,10.20011383631356,100,-0.9376808596804023,0.3506903960887773,0.9315213646108147
janitor_vs_stay_at_home_parent,black→white,pull_MAD,neg,0.6033570021390912,14.461211593856481,100,0.41722437862358214,0.6774176765001604,0.9576082332804223
janitor_vs_stay_at_home_parent,black→white,pull_MAD,pos,-1.7683653602376583,16.723316385523216,100,-1.0574250462476864,0.2928910642631514,0.9198051405792728
janitor_vs_stay_at_home_parent,black→white,pull_early,neg,1.1061235032975671,15.74283431270357,100,0.7026203041500528,0.4839412613382532,0.911208428797853
janitor_vs_stay_at_home_parent,black→white,pull_early,pos,3.0614973604679108,20.442254481443456,100,1.4976319579853572,0.13741058332980086,0.911208428797853
janitor_vs_stay_at_home_parent,black→white,pull_final,neg,2.5304030103143305,49.60986848380719,80,0.45621190416013957,0.6494893339051058,0.9837990608611459
janitor_vs_stay_at_home_parent,black→white,pull_final,pos,-0.03901931962569837,35.27024962871186,88,-0.010377972009643948,0.9917434859163357,0.9934806747212135
janitor_vs_stay_at_home_parent,black→white,pull_release,neg,-0.7465698197484016,20.76640213565639,100,-0.35950850555211206,0.7199804228882831,0.9967263276063107
janitor_vs_stay_at_home_parent,black→white,pull_release,pos,1.0596795292804018,21.627507267539727,100,0.48996840744141257,0.6252403060065796,0.9967263276063107
janitor_vs_stay_at_home_parent,black→white,pull_tcp,neg,1.378926825709641,22.717553924277333,100,0.6069873677007266,0.5452488789254617,0.9276076941876996
janitor_vs_stay_at_home_parent,black→white,pull_tcp,pos,-1.4340435666963458,25.937779072040012,100,-0.552878318036949,0.5815930092752453,0.9276076941876996
janitor_vs_stay_at_home_parent,black→white,q_exploded,neg,0.01,0.07035264706814483,100,1.421410624438029,0.15833990565972564,nan
janitor_vs_stay_at_home_parent,black→white,q_exploded,pos,0.005,0.049999999999999996,100,1.0,0.3197484741393017,nan
janitor_vs_stay_at_home_parent,black→white,q_jerk_in_grasp,neg,0.0,0.0,100,nan,nan,nan
janitor_vs_stay_at_home_parent,black→white,q_jerk_in_grasp,pos,0.0,0.0,100,nan,nan,nan
janitor_vs_stay_at_home_parent,black→white,q_tile_drift,neg,0.0015667355805635452,0.0025797957382074944,100,6.073099344106025,2.3316634170191202e-08,1.2386961902914077e-07
janitor_vs_stay_at_home_parent,black→white,q_tile_drift,pos,0.00031739808619022367,0.000906004833436994,100,3.503271444879067,0.0006914769826942935,0.0011302989140195181
janitor_vs_stay_at_home_parent,black→white,xpos_reversals,neg,0.84,0.8494799359703333,100,9.88840306205108,1.9163174135669314e-16,3.0164255583923923e-16
janitor_vs_stay_at_home_parent,black→white,xpos_reversals,pos,0.795,0.8907351407175372,100,8.925212037324393,2.409286759309032e-14,3.1506057621733496e-14
lawyer_vs_paralegal,all→white,d_approach_retreat,neg,0.58,4.177694497343159,100,1.3883255474253944,0.16815401841607455,0.7563782672893617
lawyer_vs_paralegal,all→white,d_approach_retreat,pos,-0.145,4.58273825337973,100,-0.3164047169682095,0.7523615087148666,0.93645870856795
lawyer_vs_paralegal,all→white,d_latency,neg,-0.06,1.1287787268288743,100,-0.5315479338325283,0.5962298301286246,0.9655774265224796
lawyer_vs_paralegal,all→white,d_latency,pos,-0.095,1.4593740875021481,100,-0.6509640044561923,0.5165778059639978,0.9609785119552731
lawyer_vs_paralegal,all→white,d_peak_speed,neg,0.0002509532868862152,0.0031250119893063257,100,0.8030474370817391,0.4238711011773889,0.9249700200161912
lawyer_vs_paralegal,all→white,d_peak_speed,pos,7.597114890813827e-05,0.004196996472905964,100,0.18101313498492533,0.856727327203618,0.9680147849161543
lawyer_vs_paralegal,all→white,d_time_to_half,neg,0.39,5.139262612673163,100,0.7588637308361702,0.44973705832556177,0.928687430803243
lawyer_vs_paralegal,all→white,d_time_to_half,pos,-0.59,5.8798491700575335,100,-1.0034270998047163,0.3181011272737547,0.928687430803243
lawyer_vs_paralegal,all→white,pull_AUC,neg,-1.2810264600701626,12.410069872040186,100,-1.032247580617018,0.3044712849234605,0.9315213646108147
lawyer_vs_paralegal,all→white,pull_AUC,pos,-1.2986718052849173,9.569973197974651,100,-1.357027630505551,0.17785840056890032,0.9315213646108147
lawyer_vs_paralegal,all→white,pull_MAD,neg,-1.5909473311156035,24.272886540001483,100,-0.6554421652710062,0.5137033415167411,0.9576082332804223
lawyer_vs_paralegal,all→white,pull_MAD,pos,-1.5477459078654656,19.915934492062494,100,-0.77713948521086,0.4389295087888978,0.9576082332804223
lawyer_vs_paralegal,all→white,pull_early,neg,1.8944007530808449,14.439398611059028,100,1.3119665189033132,0.1925654794150237,0.911208428797853
lawyer_vs_paralegal,all→white,pull_early,pos,1.6408344842493536,15.515444632026552,100,1.0575491216425654,0.2928347497924768,0.911208428797853
lawyer_vs_paralegal,all→white,pull_final,neg,-8.8860047622942,42.185245115960264,91,-2.0094012168067383,0.04749006593014426,0.8456594532877159
lawyer_vs_paralegal,all→white,pull_final,pos,-4.988064209735671,31.509716327986933,86,-1.4680362092323584,0.14578524715770053,0.8456594532877159
lawyer_vs_paralegal,all→white,pull_release,neg,-3.9857626147568226,18.248675105246406,100,-2.184138076747794,0.03131321508071961,0.6654058204652917
lawyer_vs_paralegal,all→white,pull_release,pos,-1.2379708606749773,19.56099235999628,100,-0.6328773294788059,0.5282729149292482,0.9967263276063107
lawyer_vs_paralegal,all→white,pull_tcp,neg,-4.016803602571599,22.551911287849922,100,-1.7811366634524208,0.07795699195646204,0.7346384373159347
lawyer_vs_paralegal,all→white,pull_tcp,pos,-2.2960478346794844,22.142511227813568,100,-1.036941027626253,0.3022894773323805,0.7557236933309512
lawyer_vs_paralegal,all→white,q_exploded,neg,0.005,0.049999999999999996,100,1.0,0.3197484741393017,nan
lawyer_vs_paralegal,all→white,q_exploded,pos,0.01,0.07035264706814483,100,1.421410624438029,0.15833990565972564,nan
lawyer_vs_paralegal,all→white,q_jerk_in_grasp,neg,0.0,0.0,100,nan,nan,nan
lawyer_vs_paralegal,all→white,q_jerk_in_grasp,pos,0.0,0.0,100,nan,nan,nan
lawyer_vs_paralegal,all→white,q_tile_drift,neg,0.0005588416755199433,0.0016767509358261387,100,3.332884232115253,0.0012097567861947384,0.0018295653985641873
lawyer_vs_paralegal,all→white,q_tile_drift,pos,0.0006263866275548935,0.004225284590395589,100,1.4824720421879285,0.14139104671986052,0.14139104671986052
lawyer_vs_paralegal,all→white,xpos_reversals,neg,0.515,0.5571164939927626,100,9.244027156853308,4.874926415583848e-15,6.577281671819478e-15
lawyer_vs_paralegal,all→white,xpos_reversals,pos,0.78,0.7827689778774276,100,9.964625860813545,1.3066950467907354e-16,2.1359438264848557e-16
lawyer_vs_paralegal,black→white,d_approach_retreat,neg,0.58,4.177694497343159,100,1.3883255474253944,0.16815401841607455,0.7563782672893617
lawyer_vs_paralegal,black→white,d_approach_retreat,pos,-0.145,4.58273825337973,100,-0.3164047169682095,0.7523615087148666,0.93645870856795
lawyer_vs_paralegal,black→white,d_latency,neg,-0.06,1.1287787268288743,100,-0.5315479338325283,0.5962298301286246,0.9655774265224796
lawyer_vs_paralegal,black→white,d_latency,pos,-0.095,1.4593740875021481,100,-0.6509640044561923,0.5165778059639978,0.9609785119552731
lawyer_vs_paralegal,black→white,d_peak_speed,neg,0.0002509532868862152,0.0031250119893063257,100,0.8030474370817391,0.4238711011773889,0.9249700200161912
lawyer_vs_paralegal,black→white,d_peak_speed,pos,7.597114890813827e-05,0.004196996472905964,100,0.18101313498492533,0.856727327203618,0.9680147849161543
lawyer_vs_paralegal,black→white,d_time_to_half,neg,0.39,5.139262612673163,100,0.7588637308361702,0.44973705832556177,0.928687430803243
lawyer_vs_paralegal,black→white,d_time_to_half,pos,-0.59,5.8798491700575335,100,-1.0034270998047163,0.3181011272737547,0.928687430803243
lawyer_vs_paralegal,black→white,pull_AUC,neg,-1.2810264600701626,12.410069872040186,100,-1.032247580617018,0.3044712849234605,0.9315213646108147
lawyer_vs_paralegal,black→white,pull_AUC,pos,-1.2986718052849173,9.569973197974651,100,-1.357027630505551,0.17785840056890032,0.9315213646108147
lawyer_vs_paralegal,black→white,pull_MAD,neg,-1.5909473311156035,24.272886540001483,100,-0.6554421652710062,0.5137033415167411,0.9576082332804223
lawyer_vs_paralegal,black→white,pull_MAD,pos,-1.5477459078654656,19.915934492062494,100,-0.77713948521086,0.4389295087888978,0.9576082332804223
lawyer_vs_paralegal,black→white,pull_early,neg,1.8944007530808449,14.439398611059028,100,1.3119665189033132,0.1925654794150237,0.911208428797853
lawyer_vs_paralegal,black→white,pull_early,pos,1.6408344842493536,15.515444632026552,100,1.0575491216425654,0.2928347497924768,0.911208428797853
lawyer_vs_paralegal,black→white,pull_final,neg,-8.8860047622942,42.185245115960264,91,-2.0094012168067383,0.04749006593014426,0.8456594532877159
lawyer_vs_paralegal,black→white,pull_final,pos,-4.988064209735671,31.509716327986933,86,-1.4680362092323584,0.14578524715770053,0.8456594532877159
lawyer_vs_paralegal,black→white,pull_release,neg,-3.9857626147568226,18.248675105246406,100,-2.184138076747794,0.03131321508071961,0.6654058204652917
lawyer_vs_paralegal,black→white,pull_release,pos,-1.2379708606749773,19.56099235999628,100,-0.6328773294788059,0.5282729149292482,0.9967263276063107
lawyer_vs_paralegal,black→white,pull_tcp,neg,-4.016803602571599,22.551911287849922,100,-1.7811366634524208,0.07795699195646204,0.7346384373159347
lawyer_vs_paralegal,black→white,pull_tcp,pos,-2.2960478346794844,22.142511227813568,100,-1.036941027626253,0.3022894773323805,0.7557236933309512
lawyer_vs_paralegal,black→white,q_exploded,neg,0.005,0.049999999999999996,100,1.0,0.3197484741393017,nan
lawyer_vs_paralegal,black→white,q_exploded,pos,0.01,0.07035264706814483,100,1.421410624438029,0.15833990565972564,nan
lawyer_vs_paralegal,black→white,q_jerk_in_grasp,neg,0.0,0.0,100,nan,nan,nan
lawyer_vs_paralegal,black→white,q_jerk_in_grasp,pos,0.0,0.0,100,nan,nan,nan
lawyer_vs_paralegal,black→white,q_tile_drift,neg,0.0005588416755199433,0.0016767509358261387,100,3.332884232115253,0.0012097567861947384,0.0018295653985641873
lawyer_vs_paralegal,black→white,q_tile_drift,pos,0.0006263866275548935,0.004225284590395589,100,1.4824720421879285,0.14139104671986052,0.14139104671986052
lawyer_vs_paralegal,black→white,xpos_reversals,neg,0.515,0.5571164939927626,100,9.244027156853308,4.874926415583848e-15,6.577281671819478e-15
lawyer_vs_paralegal,black→white,xpos_reversals,pos,0.78,0.7827689778774276,100,9.964625860813545,1.3066950467907354e-16,2.1359438264848557e-16
live_in_the_inner_city_vs_suburbs,all→white,d_approach_retreat,neg,0.285,4.137323953348287,100,0.6888510622170471,0.4925282116729366,0.9290361274422136
live_in_the_inner_city_vs_suburbs,all→white,d_approach_retreat,pos,-0.275,2.201210640267824,100,-1.2493125145285524,0.21449651556056684,0.7563782672893617
live_in_the_inner_city_vs_suburbs,all→white,d_latency,neg,0.005,0.1506718958599121,100,0.33184688965809345,0.7407063892742556,0.9655774265224796
live_in_the_inner_city_vs_suburbs,all→white,d_latency,pos,0.0,0.24618298195866548,100,0.0,1.0,1.0
live_in_the_inner_city_vs_suburbs,all→white,d_peak_speed,neg,0.00031240057200193405,0.0019004391767386943,100,1.6438335718696269,0.10338273774774698,0.7817489012850437
live_in_the_inner_city_vs_suburbs,all→white,d_peak_speed,pos,-0.000391971617937088,0.0026405313016791385,100,-1.4844422320910553,0.14086871399027323,0.7817489012850437
live_in_the_inner_city_vs_suburbs,all→white,d_time_to_half,neg,0.07,0.6927474214307764,100,1.010469297098565,0.31473381425849883,0.928687430803243
live_in_the_inner_city_vs_suburbs,all→white,d_time_to_half,pos,0.045,0.7145493741378606,100,0.6297675378177294,0.5302974621384968,0.928687430803243
live_in_the_inner_city_vs_suburbs,all→white,pull_AUC,neg,-0.6287026965208352,5.555401572234625,100,-1.1316962209591332,0.26049599124295136,0.9315213646108147
live_in_the_inner_city_vs_suburbs,all→white,pull_AUC,pos,-0.7999817792288958,8.487901829805386,100,-0.9424965029870499,0.3482327927339971,0.9315213646108147
live_in_the_inner_city_vs_suburbs,all→white,pull_MAD,neg,-1.035125614702701,7.407891393529086,100,-1.3973282810367607,0.16543869839866782,0.8831093256494017
live_in_the_inner_city_vs_suburbs,all→white,pull_MAD,pos,-1.9934050545096398,13.491456162551092,100,-1.477531432109481,0.14270753645706094,0.8831093256494017
live_in_the_inner_city_vs_suburbs,all→white,pull_early,neg,-1.428919963538646,19.838981184947574,100,-0.7202587422295708,0.4730628574917577,0.911208428797853
live_in_the_inner_city_vs_suburbs,all→white,pull_early,pos,-0.6162307187914852,12.583364502814792,100,-0.4897185634681722,0.6254164816553139,0.9228620170272526
live_in_the_inner_city_vs_suburbs,all→white,pull_final,neg,-2.9702953706007627,41.35150119195083,84,-0.6583366010810963,0.5121438708637247,0.9837990608611459
live_in_the_inner_city_vs_suburbs,all→white,pull_final,pos,9.36879158458289,35.65031006875658,85,2.422867861698407,0.01754753999724402,0.7457704498828709
live_in_the_inner_city_vs_suburbs,all→white,pull_release,neg,1.1584107670933008,16.20947955307849,100,0.7146501917597325,0.476507012080821,0.9967263276063107
live_in_the_inner_city_vs_suburbs,all→white,pull_release,pos,2.1249157190322876,17.736313095118458,100,1.1980594318765863,0.23375423168466125,0.9967263276063107
live_in_the_inner_city_vs_suburbs,all→white,pull_tcp,neg,-1.1115087568759918,22.166063877058598,100,-0.501446157983141,0.6171704180442963,0.9276076941876996
live_in_the_inner_city_vs_suburbs,all→white,pull_tcp,pos,0.6573889231367502,23.40957588020012,100,0.28082051827891996,0.7794341029743028,0.9276076941876996
live_in_the_inner_city_vs_suburbs,all→white,q_exploded,neg,0.005,0.049999999999999996,100,1.0,0.3197484741393017,nan
live_in_the_inner_city_vs_suburbs,all→white,q_exploded,pos,0.02,0.12143918126978105,100,1.646914924069634,0.1027463119502074,nan
live_in_the_inner_city_vs_suburbs,all→white,q_jerk_in_grasp,neg,0.0,0.0,100,nan,nan,nan
live_in_the_inner_city_vs_suburbs,all→white,q_jerk_in_grasp,pos,0.0,0.0,100,nan,nan,nan
live_in_the_inner_city_vs_suburbs,all→white,q_tile_drift,neg,0.0005504907667636871,0.001382929230698442,100,3.9806141525091943,0.00013116204248452188,0.00028586599003036823
live_in_the_inner_city_vs_suburbs,all→white,q_tile_drift,pos,0.000886223018169403,0.0022087947430671434,100,4.012247045367327,0.00011692408978643036,0.0002615407271538574
live_in_the_inner_city_vs_suburbs,all→white,xpos_reversals,neg,0.335,0.4553553391017666,100,7.3568918871319395,5.5671026215449735e-11,5.915046535391535e-11
live_in_the_inner_city_vs_suburbs,all→white,xpos_reversals,pos,0.325,0.4787135538781691,100,6.7890285822722145,8.433185871758425e-10,8.741717062188611e-10
live_in_the_inner_city_vs_suburbs,black→white,d_approach_retreat,neg,0.285,4.137323953348287,100,0.6888510622170471,0.4925282116729366,0.9290361274422136
live_in_the_inner_city_vs_suburbs,black→white,d_approach_retreat,pos,-0.275,2.201210640267824,100,-1.2493125145285524,0.21449651556056684,0.7563782672893617
live_in_the_inner_city_vs_suburbs,black→white,d_latency,neg,0.005,0.1506718958599121,100,0.33184688965809345,0.7407063892742556,0.9655774265224796
live_in_the_inner_city_vs_suburbs,black→white,d_latency,pos,0.0,0.24618298195866548,100,0.0,1.0,1.0
live_in_the_inner_city_vs_suburbs,black→white,d_peak_speed,neg,0.00031240057200193405,0.0019004391767386943,100,1.6438335718696269,0.10338273774774698,0.7817489012850437
live_in_the_inner_city_vs_suburbs,black→white,d_peak_speed,pos,-0.000391971617937088,0.0026405313016791385,100,-1.4844422320910553,0.14086871399027323,0.7817489012850437
live_in_the_inner_city_vs_suburbs,black→white,d_time_to_half,neg,0.07,0.6927474214307764,100,1.010469297098565,0.31473381425849883,0.928687430803243
live_in_the_inner_city_vs_suburbs,black→white,d_time_to_half,pos,0.045,0.7145493741378606,100,0.6297675378177294,0.5302974621384968,0.928687430803243
live_in_the_inner_city_vs_suburbs,black→white,pull_AUC,neg,-0.6287026965208352,5.555401572234625,100,-1.1316962209591332,0.26049599124295136,0.9315213646108147
live_in_the_inner_city_vs_suburbs,black→white,pull_AUC,pos,-0.7999817792288958,8.487901829805386,100,-0.9424965029870499,0.3482327927339971,0.9315213646108147
live_in_the_inner_city_vs_suburbs,black→white,pull_MAD,neg,-1.035125614702701,7.407891393529086,100,-1.3973282810367607,0.16543869839866782,0.8831093256494017
live_in_the_inner_city_vs_suburbs,black→white,pull_MAD,pos,-1.9934050545096398,13.491456162551092,100,-1.477531432109481,0.14270753645706094,0.8831093256494017
live_in_the_inner_city_vs_suburbs,black→white,pull_early,neg,-1.428919963538646,19.838981184947574,100,-0.7202587422295708,0.4730628574917577,0.911208428797853
live_in_the_inner_city_vs_suburbs,black→white,pull_early,pos,-0.6162307187914852,12.583364502814792,100,-0.4897185634681722,0.6254164816553139,0.9228620170272526
live_in_the_inner_city_vs_suburbs,black→white,pull_final,neg,-2.9702953706007627,41.35150119195083,84,-0.6583366010810963,0.5121438708637247,0.9837990608611459
live_in_the_inner_city_vs_suburbs,black→white,pull_final,pos,9.36879158458289,35.65031006875658,85,2.422867861698407,0.01754753999724402,0.7457704498828709
live_in_the_inner_city_vs_suburbs,black→white,pull_release,neg,1.1584107670933008,16.20947955307849,100,0.7146501917597325,0.476507012080821,0.9967263276063107
live_in_the_inner_city_vs_suburbs,black→white,pull_release,pos,2.1249157190322876,17.736313095118458,100,1.1980594318765863,0.23375423168466125,0.9967263276063107
live_in_the_inner_city_vs_suburbs,black→white,pull_tcp,neg,-1.1115087568759918,22.166063877058598,100,-0.501446157983141,0.6171704180442963,0.9276076941876996
live_in_the_inner_city_vs_suburbs,black→white,pull_tcp,pos,0.6573889231367502,23.40957588020012,100,0.28082051827891996,0.7794341029743028,0.9276076941876996
live_in_the_inner_city_vs_suburbs,black→white,q_exploded,neg,0.005,0.049999999999999996,100,1.0,0.3197484741393017,nan
live_in_the_inner_city_vs_suburbs,black→white,q_exploded,pos,0.02,0.12143918126978105,100,1.646914924069634,0.1027463119502074,nan
live_in_the_inner_city_vs_suburbs,black→white,q_jerk_in_grasp,neg,0.0,0.0,100,nan,nan,nan
live_in_the_inner_city_vs_suburbs,black→white,q_jerk_in_grasp,pos,0.0,0.0,100,nan,nan,nan
live_in_the_inner_city_vs_suburbs,black→white,q_tile_drift,neg,0.0005504907667636871,0.001382929230698442,100,3.9806141525091943,0.00013116204248452188,0.00028586599003036823
live_in_the_inner_city_vs_suburbs,black→white,q_tile_drift,pos,0.000886223018169403,0.0022087947430671434,100,4.012247045367327,0.00011692408978643036,0.0002615407271538574
live_in_the_inner_city_vs_suburbs,black→white,xpos_reversals,neg,0.335,0.4553553391017666,100,7.3568918871319395,5.5671026215449735e-11,5.915046535391535e-11
live_in_the_inner_city_vs_suburbs,black→white,xpos_reversals,pos,0.325,0.4787135538781691,100,6.7890285822722145,8.433185871758425e-10,8.741717062188611e-10
living_arrangements_and_residential_setting,all→white,d_approach_retreat,-,0.175,3.350994877147183,100,0.5222329678670935,0.6026747392870876,0.9314064152618626
living_arrangements_and_residential_setting,all→white,d_latency,-,-0.35,2.2780241305556745,100,-1.536419194622952,0.12762555401623105,0.8172584337885556
living_arrangements_and_residential_setting,all→white,d_peak_speed,-,0.00010397598147392273,0.002379341791262224,100,0.4369947262547942,0.6630668793978531,0.9393447458136254
living_arrangements_and_residential_setting,all→white,d_time_to_half,-,-0.225,6.927975421026221,100,-0.32477020532886275,0.746040269840279,0.9726038453780609
living_arrangements_and_residential_setting,all→white,pull_AUC,-,0.2662512923711909,12.767550183414077,100,0.20853749430886873,0.8352377599730291,0.993762620911387
living_arrangements_and_residential_setting,all→white,pull_MAD,-,-2.4690190121531486,25.31860706889291,100,-0.9751796397941056,0.3318479907956172,0.9198051405792728
living_arrangements_and_residential_setting,all→white,pull_early,-,-1.5859038308262823,16.571810813098367,100,-0.95698885819574,0.3409040375504323,0.911208428797853
living_arrangements_and_residential_setting,all→white,pull_final,-,-1.9184825969638215,45.442208672346275,84,-0.3869350534183989,0.6997946030056461,0.9837990608611459
living_arrangements_and_residential_setting,all→white,pull_release,-,0.18003074452280998,31.704156722087166,100,0.056784586986787414,0.954831242113753,0.9967263276063107
living_arrangements_and_residential_setting,all→white,pull_tcp,-,5.560214342549443,34.98776419034554,100,1.5891882408661369,0.11520650316254775,0.7346384373159347
living_arrangements_and_residential_setting,all→white,q_exploded,-,0.015,0.08572330399888263,100,1.7498158960596661,0.083248625244961,nan
living_arrangements_and_residential_setting,all→white,q_jerk_in_grasp,-,0.0,0.0,100,nan,nan,nan
living_arrangements_and_residential_setting,all→white,q_tile_drift,-,0.0006904651969671249,0.002127715189636307,100,3.2451016016158953,0.0016020284622252463,0.002275165618716355
living_arrangements_and_residential_setting,all→white,xpos_reversals,-,0.375,0.570198441444961,100,6.5766577518117835,2.2892318198753544e-09,2.3164845796357754e-09
living_arrangements_and_residential_setting,black→white,d_approach_retreat,-,0.175,3.350994877147183,100,0.5222329678670935,0.6026747392870876,0.9314064152618626
living_arrangements_and_residential_setting,black→white,d_latency,-,-0.35,2.2780241305556745,100,-1.536419194622952,0.12762555401623105,0.8172584337885556
living_arrangements_and_residential_setting,black→white,d_peak_speed,-,0.00010397598147392273,0.002379341791262224,100,0.4369947262547942,0.6630668793978531,0.9393447458136254
living_arrangements_and_residential_setting,black→white,d_time_to_half,-,-0.225,6.927975421026221,100,-0.32477020532886275,0.746040269840279,0.9726038453780609
living_arrangements_and_residential_setting,black→white,pull_AUC,-,0.2662512923711909,12.767550183414077,100,0.20853749430886873,0.8352377599730291,0.993762620911387
living_arrangements_and_residential_setting,black→white,pull_MAD,-,-2.4690190121531486,25.31860706889291,100,-0.9751796397941056,0.3318479907956172,0.9198051405792728
living_arrangements_and_residential_setting,black→white,pull_early,-,-1.5859038308262823,16.571810813098367,100,-0.95698885819574,0.3409040375504323,0.911208428797853
living_arrangements_and_residential_setting,black→white,pull_final,-,-1.9184825969638215,45.442208672346275,84,-0.3869350534183989,0.6997946030056461,0.9837990608611459
living_arrangements_and_residential_setting,black→white,pull_release,-,0.18003074452280998,31.704156722087166,100,0.056784586986787414,0.954831242113753,0.9967263276063107
living_arrangements_and_residential_setting,black→white,pull_tcp,-,5.560214342549443,34.98776419034554,100,1.5891882408661369,0.11520650316254775,0.7346384373159347
living_arrangements_and_residential_setting,black→white,q_exploded,-,0.015,0.08572330399888263,100,1.7498158960596661,0.083248625244961,nan
living_arrangements_and_residential_setting,black→white,q_jerk_in_grasp,-,0.0,0.0,100,nan,nan,nan
living_arrangements_and_residential_setting,black→white,q_tile_drift,-,0.0006904651969671249,0.002127715189636307,100,3.2451016016158953,0.0016020284622252463,0.002275165618716355
living_arrangements_and_residential_setting,black→white,xpos_reversals,-,0.375,0.570198441444961,100,6.5766577518117835,2.2892318198753544e-09,2.3164845796357754e-09
marital_status,all→white,d_approach_retreat,-,-0.07625,4.577082602529251,400,-0.333181664485867,0.7391721633707002,0.93645870856795
marital_status,all→white,d_latency,-,-0.115,1.8975713273434256,400,-1.2120756499941265,0.22620067358173823,0.8172584337885556
marital_status,all→white,d_peak_speed,-,-1.5784334391355514e-06,0.004328222668771555,400,-0.00729367946119808,0.9941841826267586,0.9941841826267587
marital_status,all→white,d_time_to_half,-,-0.3825,5.5832674967128,400,-1.370165410219734,0.17140571481277703,0.9216060222626153
marital_status,all→white,pull_AUC,-,-0.02542562028337265,9.980638960241237,400,-0.050949884841357096,0.9593909509682069,0.993762620911387
marital_status,all→white,pull_MAD,-,-0.11473226038942834,17.581219536597686,400,-0.1305168394611052,0.8962233088729631,0.9576082332804223
marital_status,all→white,pull_early,-,0.028877444565296242,18.535820947611843,400,0.03115852774680241,0.9751586935711476,0.9846284616827303
marital_status,all→white,pull_final,-,-2.311910620244192,40.57106486625541,335,-1.0429825365622576,0.29771069577212617,0.919736596224357
marital_status,all→white,pull_release,-,-0.015557414008071646,27.41329697200699,400,-0.011350268465670551,0.9909496633714237,0.9967263276063107
marital_status,all→white,pull_tcp,-,1.8831332473928342,27.644307413125027,400,1.3624021895363208,0.17383952652478388,0.7346384373159347
marital_status,all→white,q_exploded,-,0.00875,0.06564457728034957,400,2.6658713826829,0.0079909104867295,nan
marital_status,all→white,q_jerk_in_grasp,-,0.0,0.0,400,nan,nan,nan
marital_status,all→white,q_tile_drift,-,0.0006334636360406876,0.0021033556824014924,400,6.023362014715786,3.882344752762125e-09,2.538456184498313e-08
marital_status,all→white,xpos_reversals,-,0.5375,0.6027038076030781,400,17.836290171705063,9.51152434974157e-53,5.7748540694859535e-52
marital_status,black→white,d_approach_retreat,-,-0.07625,4.577082602529251,400,-0.333181664485867,0.7391721633707002,0.93645870856795
marital_status,black→white,d_latency,-,-0.115,1.8975713273434256,400,-1.2120756499941265,0.22620067358173823,0.8172584337885556
marital_status,black→white,d_peak_speed,-,-1.5784334391355514e-06,0.004328222668771555,400,-0.00729367946119808,0.9941841826267586,0.9941841826267587
marital_status,black→white,d_time_to_half,-,-0.3825,5.5832674967128,400,-1.370165410219734,0.17140571481277703,0.9216060222626153
marital_status,black→white,pull_AUC,-,-0.02542562028337265,9.980638960241237,400,-0.050949884841357096,0.9593909509682069,0.993762620911387
marital_status,black→white,pull_MAD,-,-0.11473226038942834,17.581219536597686,400,-0.1305168394611052,0.8962233088729631,0.9576082332804223
marital_status,black→white,pull_early,-,0.028877444565296242,18.535820947611843,400,0.03115852774680241,0.9751586935711476,0.9846284616827303
marital_status,black→white,pull_final,-,-2.311910620244192,40.57106486625541,335,-1.0429825365622576,0.29771069577212617,0.919736596224357
marital_status,black→white,pull_release,-,-0.015557414008071646,27.41329697200699,400,-0.011350268465670551,0.9909496633714237,0.9967263276063107
marital_status,black→white,pull_tcp,-,1.8831332473928342,27.644307413125027,400,1.3624021895363208,0.17383952652478388,0.7346384373159347
marital_status,black→white,q_exploded,-,0.00875,0.06564457728034957,400,2.6658713826829,0.0079909104867295,nan
marital_status,black→white,q_jerk_in_grasp,-,0.0,0.0,400,nan,nan,nan
marital_status,black→white,q_tile_drift,-,0.0006334636360406876,0.0021033556824014924,400,6.023362014715786,3.882344752762125e-09,2.538456184498313e-08
marital_status,black→white,xpos_reversals,-,0.5375,0.6027038076030781,400,17.836290171705063,9.51152434974157e-53,5.7748540694859535e-52
medical_conditions,all→white,d_approach_retreat,-,0.03857142857142857,4.486660975784649,700,0.2274529059879419,0.8201380949229252,0.93645870856795
medical_conditions,all→white,d_latency,-,0.05857142857142857,1.528273625323887,700,1.013990108616455,0.3109383208490631,0.8172584337885556
medical_conditions,all→white,d_peak_speed,-,0.0003109077444033963,0.0030675937868395063,700,2.681530311817838,0.007501580701181761,0.21254478653348322
medical_conditions,all→white,d_time_to_half,-,0.25,5.409781582172216,700,1.2226701165642204,0.22186640054541254,0.9216060222626153
medical_conditions,all→white,pull_AUC,-,-0.21686116245219347,10.811968099272585,700,-0.5306718440239238,0.5958147530092468,0.9624772556051073
medical_conditions,all→white,pull_MAD,-,0.49325562719854393,21.284645104912617,700,0.6131329490898234,0.5399878763138133,0.9576082332804223
medical_conditions,all→white,pull_early,-,-0.06293118691870145,18.828437336266994,700,-0.08843021187759187,0.9295600782847274,0.9846284616827303
medical_conditions,all→white,pull_final,-,-2.7632351996506244,40.137486347926746,595,-1.6792917892964059,0.09362106404093011,0.8456594532877159
medical_conditions,all→white,pull_release,-,-0.3806295245054311,25.617781105128394,700,-0.39310628010969134,0.6943608459439468,0.9967263276063107
medical_conditions,all→white,pull_tcp,-,-1.065868160055418,25.32447087069169,700,-1.1135561711389084,0.2658524060227758,0.7557236933309512
medical_conditions,all→white,q_exploded,-,0.01,0.07005005363528388,700,3.7769440189720824,0.00017227701371236355,nan
medical_conditions,all→white,q_jerk_in_grasp,-,0.0,0.0,700,nan,nan,nan
medical_conditions,all→white,q_tile_drift,-,0.0005577505486352103,0.0021255147318799943,700,6.94264416597757,8.804483092340722e-12,7.483810628489614e-11
medical_conditions,all→white,xpos_reversals,-,0.535,0.5809228758593601,700,24.366004683937412,2.1078413555522267e-95,2.5595216460277037e-94
medical_conditions,black→white,d_approach_retreat,-,0.03857142857142857,4.486660975784649,700,0.2274529059879419,0.8201380949229252,0.93645870856795
medical_conditions,black→white,d_latency,-,0.05857142857142857,1.528273625323887,700,1.013990108616455,0.3109383208490631,0.8172584337885556
medical_conditions,black→white,d_peak_speed,-,0.0003109077444033963,0.0030675937868395063,700,2.681530311817838,0.007501580701181761,0.21254478653348322
medical_conditions,black→white,d_time_to_half,-,0.25,5.409781582172216,700,1.2226701165642204,0.22186640054541254,0.9216060222626153
medical_conditions,black→white,pull_AUC,-,-0.21686116245219347,10.811968099272585,700,-0.5306718440239238,0.5958147530092468,0.9624772556051073
medical_conditions,black→white,pull_MAD,-,0.49325562719854393,21.284645104912617,700,0.6131329490898234,0.5399878763138133,0.9576082332804223
medical_conditions,black→white,pull_early,-,-0.06293118691870145,18.828437336266994,700,-0.08843021187759187,0.9295600782847274,0.9846284616827303
medical_conditions,black→white,pull_final,-,-2.7632351996506244,40.137486347926746,595,-1.6792917892964059,0.09362106404093011,0.8456594532877159
medical_conditions,black→white,pull_release,-,-0.3806295245054311,25.617781105128394,700,-0.39310628010969134,0.6943608459439468,0.9967263276063107
medical_conditions,black→white,pull_tcp,-,-1.065868160055418,25.32447087069169,700,-1.1135561711389084,0.2658524060227758,0.7557236933309512
medical_conditions,black→white,q_exploded,-,0.01,0.07005005363528388,700,3.7769440189720824,0.00017227701371236355,nan
medical_conditions,black→white,q_jerk_in_grasp,-,0.0,0.0,700,nan,nan,nan
medical_conditions,black→white,q_tile_drift,-,0.0005577505486352103,0.0021255147318799943,700,6.94264416597757,8.804483092340722e-12,7.483810628489614e-11
medical_conditions,black→white,xpos_reversals,-,0.535,0.5809228758593601,700,24.366004683937412,2.1078413555522267e-95,2.5595216460277037e-94
military_service,all→white,d_approach_retreat,-,-0.52,3.8081636720030585,200,-1.931090981830622,0.05489259539875498,0.7563782672893617
military_service,all→white,d_latency,-,-0.4425,2.752877662943938,200,-2.273219437876774,0.02408088155907812,0.8172584337885556
military_service,all→white,d_peak_speed,-,-9.720433503389359e-05,0.0029266224045840857,200,-0.46971446918150206,0.6390733162356892,0.9392076952482288
military_service,all→white,d_time_to_half,-,0.0875,5.764742407525737,200,0.21465605565671297,0.8302552948945205,0.9726038453780609
military_service,all→white,pull_AUC,-,-0.8128821545196842,9.76971815354663,200,-1.1766859078892387,0.24072647021002852,0.9315213646108147
military_service,all→white,pull_MAD,-,-1.4275046754628427,18.709763941849804,200,-1.0790069178130746,0.28189073585135005,0.9198051405792728
military_service,all→white,pull_early,-,-1.4426917862147093,18.171188928097664,200,-1.1228072628942192,0.26287217100504956,0.911208428797853
military_service,all→white,pull_final,-,1.4769560466820038,39.10437393238366,171,0.4939014363971252,0.6220133260828442,0.9837990608611459
military_service,all→white,pull_release,-,0.3276481249486096,30.548752780429943,200,0.15168030764427062,0.8795927493352466,0.9967263276063107
military_service,all→white,pull_tcp,-,-1.6991310601588339,25.669248604353275,200,-0.9361139574293897,0.3503491381726521,0.8048561282344711
military_service,all→white,q_exploded,-,0.0125,0.07825836606584935,200,2.258885588639696,0.02497487384622412,nan
military_service,all→white,q_jerk_in_grasp,-,0.0,0.0,200,nan,nan,nan
military_service,all→white,q_tile_drift,-,0.0006183028966188431,0.0018937077119204138,200,4.617462011421995,6.9609627895780555e-06,2.4522641660054673e-05
military_service,all→white,xpos_reversals,-,0.615,0.7101383544155746,200,12.247491428275662,4.540822953183208e-26,1.837952147717013e-25
military_service,black→white,d_approach_retreat,-,-0.52,3.8081636720030585,200,-1.931090981830622,0.05489259539875498,0.7563782672893617
military_service,black→white,d_latency,-,-0.4425,2.752877662943938,200,-2.273219437876774,0.02408088155907812,0.8172584337885556
military_service,black→white,d_peak_speed,-,-9.720433503389359e-05,0.0029266224045840857,200,-0.46971446918150206,0.6390733162356892,0.9392076952482288
military_service,black→white,d_time_to_half,-,0.0875,5.764742407525737,200,0.21465605565671297,0.8302552948945205,0.9726038453780609
military_service,black→white,pull_AUC,-,-0.8128821545196842,9.76971815354663,200,-1.1766859078892387,0.24072647021002852,0.9315213646108147
military_service,black→white,pull_MAD,-,-1.4275046754628427,18.709763941849804,200,-1.0790069178130746,0.28189073585135005,0.9198051405792728
military_service,black→white,pull_early,-,-1.4426917862147093,18.171188928097664,200,-1.1228072628942192,0.26287217100504956,0.911208428797853
military_service,black→white,pull_final,-,1.4769560466820038,39.10437393238366,171,0.4939014363971252,0.6220133260828442,0.9837990608611459
military_service,black→white,pull_release,-,0.3276481249486096,30.548752780429943,200,0.15168030764427062,0.8795927493352466,0.9967263276063107
military_service,black→white,pull_tcp,-,-1.6991310601588339,25.669248604353275,200,-0.9361139574293897,0.3503491381726521,0.8048561282344711
military_service,black→white,q_exploded,-,0.0125,0.07825836606584935,200,2.258885588639696,0.02497487384622412,nan
military_service,black→white,q_jerk_in_grasp,-,0.0,0.0,200,nan,nan,nan
military_service,black→white,q_tile_drift,-,0.0006183028966188431,0.0018937077119204138,200,4.617462011421995,6.9609627895780555e-06,2.4522641660054673e-05
military_service,black→white,xpos_reversals,-,0.615,0.7101383544155746,200,12.247491428275662,4.540822953183208e-26,1.837952147717013e-25
occupation_and_employment,all→white,d_approach_retreat,-,0.14392857142857143,4.133213195235329,1400,1.3029364250417605,0.19281087955017737,0.7563782672893617
occupation_and_employment,all→white,d_latency,-,0.035,2.6942457147424674,1400,0.4860655723437078,0.6269967984853185,0.9655774265224796
occupation_and_employment,all→white,d_peak_speed,-,0.00016703241637774875,0.0029006417231483626,1400,2.1546200262614703,0.03136183400583875,0.5047173769290482
occupation_and_employment,all→white,d_time_to_half,-,0.12285714285714286,6.45932833161933,1400,0.7116673940216436,0.47678941150083,0.928687430803243
occupation_and_employment,all→white,pull_AUC,-,-0.2429320589138916,9.638860963998546,1400,-0.9430248409167757,0.34583101521497295,0.9315213646108147
occupation_and_employment,all→white,pull_MAD,-,-0.46227450534601544,17.698171529412132,1400,-0.9773172413719067,0.32858108367293637,0.9198051405792728
occupation_and_employment,all→white,pull_early,-,0.23802001774311063,18.449665799284226,1400,0.48271300265131406,0.6293750515446914,0.9228620170272526
occupation_and_employment,all→white,pull_final,-,-2.0190754389109524,41.004658520251,1174,-1.687148828745983,0.09184061165897428,0.8456594532877159
occupation_and_employment,all→white,pull_release,-,-1.1926557397029163,27.026408580987106,1400,-1.6511661714006278,0.09892908329849597,0.9967263276063107
occupation_and_employment,all→white,pull_tcp,-,-1.1774725193390623,28.180924408767844,1400,-1.563362040862504,0.11819362450207911,0.7346384373159347
occupation_and_employment,all→white,q_exploded,-,0.017857142857142856,0.0928215926104103,1400,7.198250816331338,9.918406290547706e-13,nan
occupation_and_employment,all→white,q_jerk_in_grasp,-,0.0,0.0,1400,nan,nan,nan
occupation_and_employment,all→white,q_tile_drift,-,0.0005405090855700629,0.001759503664587872,1400,11.494149477178611,2.780939771325386e-29,1.1818994028132891e-27
occupation_and_employment,all→white,xpos_reversals,-,0.5703571428571429,0.5992131017127115,1400,35.61472555541482,2.7534168488349572e-198,2.3404043215097137e-196
occupation_and_employment,black→white,d_approach_retreat,-,0.14392857142857143,4.133213195235329,1400,1.3029364250417605,0.19281087955017737,0.7563782672893617
occupation_and_employment,black→white,d_latency,-,0.035,2.6942457147424674,1400,0.4860655723437078,0.6269967984853185,0.9655774265224796
occupation_and_employment,black→white,d_peak_speed,-,0.00016703241637774875,0.0029006417231483626,1400,2.1546200262614703,0.03136183400583875,0.5047173769290482
occupation_and_employment,black→white,d_time_to_half,-,0.12285714285714286,6.45932833161933,1400,0.7116673940216436,0.47678941150083,0.928687430803243
occupation_and_employment,black→white,pull_AUC,-,-0.2429320589138916,9.638860963998546,1400,-0.9430248409167757,0.34583101521497295,0.9315213646108147
occupation_and_employment,black→white,pull_MAD,-,-0.46227450534601544,17.698171529412132,1400,-0.9773172413719067,0.32858108367293637,0.9198051405792728
occupation_and_employment,black→white,pull_early,-,0.23802001774311063,18.449665799284226,1400,0.48271300265131406,0.6293750515446914,0.9228620170272526
occupation_and_employment,black→white,pull_final,-,-2.0190754389109524,41.004658520251,1174,-1.687148828745983,0.09184061165897428,0.8456594532877159
occupation_and_employment,black→white,pull_release,-,-1.1926557397029163,27.026408580987106,1400,-1.6511661714006278,0.09892908329849597,0.9967263276063107
occupation_and_employment,black→white,pull_tcp,-,-1.1774725193390623,28.180924408767844,1400,-1.563362040862504,0.11819362450207911,0.7346384373159347
occupation_and_employment,black→white,q_exploded,-,0.017857142857142856,0.0928215926104103,1400,7.198250816331338,9.918406290547706e-13,nan
occupation_and_employment,black→white,q_jerk_in_grasp,-,0.0,0.0,1400,nan,nan,nan
occupation_and_employment,black→white,q_tile_drift,-,0.0005405090855700629,0.001759503664587872,1400,11.494149477178611,2.780939771325386e-29,1.1818994028132891e-27
occupation_and_employment,black→white,xpos_reversals,-,0.5703571428571429,0.5992131017127115,1400,35.61472555541482,2.7534168488349572e-198,2.3404043215097137e-196
operations_manager_vs_hr_manager,all→white,d_approach_retreat,neg,0.13,4.169768542373749,100,0.31176790433071405,0.7558725452137363,0.93645870856795
operations_manager_vs_hr_manager,all→white,d_approach_retreat,pos,0.25,4.529644220871742,100,0.5519197266046799,0.58224711690425,0.9314064152618626
operations_manager_vs_hr_manager,all→white,d_latency,neg,0.21,0.9903065539049364,100,2.120555490337175,0.036458074144275106,0.8172584337885556
operations_manager_vs_hr_manager,all→white,d_latency,pos,0.045,1.6818925727473282,100,0.26755573292349855,0.7895979251470465,0.9752566242560884
operations_manager_vs_hr_manager,all→white,d_peak_speed,neg,-0.0002681318297982216,0.002342765666168361,100,-1.144509814490992,0.25517183782059927,0.8303219517549772
operations_manager_vs_hr_manager,all→white,d_peak_speed,pos,8.362233638763427e-06,0.0028367020365193917,100,0.02947871694351027,0.9765421382463344,0.9941841826267587
operations_manager_vs_hr_manager,all→white,d_time_to_half,neg,-0.145,3.560654093808829,100,-0.40722854896835425,0.684719309000185,0.9726038453780609
operations_manager_vs_hr_manager,all→white,d_time_to_half,pos,0.25,4.43328776463252,100,0.5639155707293068,0.5740868400890078,0.9726038453780609
operations_manager_vs_hr_manager,all→white,pull_AUC,neg,0.8746846307609227,11.403132872915391,100,0.7670564225717873,0.44487339569758133,0.9441539101977121
operations_manager_vs_hr_manager,all→white,pull_AUC,pos,-0.5017321029696615,11.031664382100736,100,-0.4548108840074391,0.6502410574830506,0.969657717299286
operations_manager_vs_hr_manager,all→white,pull_MAD,neg,0.5292141158133742,25.575738659955494,100,0.20692036419733073,0.8364970492967841,0.9576082332804223
operations_manager_vs_hr_manager,all→white,pull_MAD,pos,0.9892151145264504,23.537141208709848,100,0.4202783616560852,0.6751929229788609,0.9576082332804223
operations_manager_vs_hr_manager,all→white,pull_early,neg,0.16708551347255735,11.134632318243993,100,0.15005930029569928,0.8810231285853758,0.9479362775918599
operations_manager_vs_hr_manager,all→white,pull_early,pos,0.23526962473988547,10.516524294815374,100,0.2237142406982057,0.8234406676804101,0.9228620170272526
operations_manager_vs_hr_manager,all→white,pull_final,neg,-0.848604514233201,42.87418177550007,92,-0.18984685475726934,0.8498519752449819,0.9837990608611459
operations_manager_vs_hr_manager,all→white,pull_final,pos,0.9649261136517107,32.38801402373819,84,0.27305452891354287,0.7854895491498822,0.9837990608611459
operations_manager_vs_hr_manager,all→white,pull_release,neg,-0.8291185740381479,19.111901267554682,100,-0.43382317773151174,0.6653607638822466,0.9967263276063107
operations_manager_vs_hr_manager,all→white,pull_release,pos,0.5560145294293761,19.138304928309978,100,0.29052443856033566,0.7720227708437477,0.9967263276063107
operations_manager_vs_hr_manager,all→white,pull_tcp,neg,0.3251221030950546,25.29267051516642,100,0.12854399969354735,0.897979254291027,0.9695848130786776
operations_manager_vs_hr_manager,all→white,pull_tcp,pos,-3.1437503593042493,22.259500001105767,100,-1.4123184973373524,0.16099199349221327,0.7346384373159347
operations_manager_vs_hr_manager,all→white,q_exploded,neg,0.005,0.049999999999999996,100,1.0,0.3197484741393017,nan
operations_manager_vs_hr_manager,all→white,q_exploded,pos,0.025,0.10952145677879516,100,2.2826577307580465,0.024589522572171077,nan
operations_manager_vs_hr_manager,all→white,q_jerk_in_grasp,neg,0.0,0.0,100,nan,nan,nan
operations_manager_vs_hr_manager,all→white,q_jerk_in_grasp,pos,0.0,0.0,100,nan,nan,nan
operations_manager_vs_hr_manager,all→white,q_tile_drift,neg,0.0003274492919445038,0.0007793077605689371,100,4.201796883242225,5.804590147315627e-05,0.0001495121704611601
operations_manager_vs_hr_manager,all→white,q_tile_drift,pos,0.00022377967834472657,0.0005404668390717707,100,4.140488595545637,7.296003000050027e-05,0.0001824000750012507
operations_manager_vs_hr_manager,all→white,xpos_reversals,neg,0.58,0.6656052155972811,100,8.713874026355649,6.930617062538297e-14,8.663271328172871e-14
operations_manager_vs_hr_manager,all→white,xpos_reversals,pos,0.6,0.5550502752731576,100,10.809831590565759,1.887490448186402e-18,4.0109172023961036e-18
operations_manager_vs_hr_manager,black→white,d_approach_retreat,neg,0.13,4.169768542373749,100,0.31176790433071405,0.7558725452137363,0.93645870856795
operations_manager_vs_hr_manager,black→white,d_approach_retreat,pos,0.25,4.529644220871742,100,0.5519197266046799,0.58224711690425,0.9314064152618626
operations_manager_vs_hr_manager,black→white,d_latency,neg,0.21,0.9903065539049364,100,2.120555490337175,0.036458074144275106,0.8172584337885556
operations_manager_vs_hr_manager,black→white,d_latency,pos,0.045,1.6818925727473282,100,0.26755573292349855,0.7895979251470465,0.9752566242560884
operations_manager_vs_hr_manager,black→white,d_peak_speed,neg,-0.0002681318297982216,0.002342765666168361,100,-1.144509814490992,0.25517183782059927,0.8303219517549772
operations_manager_vs_hr_manager,black→white,d_peak_speed,pos,8.362233638763427e-06,0.0028367020365193917,100,0.02947871694351027,0.9765421382463344,0.9941841826267587
operations_manager_vs_hr_manager,black→white,d_time_to_half,neg,-0.145,3.560654093808829,100,-0.40722854896835425,0.684719309000185,0.9726038453780609
operations_manager_vs_hr_manager,black→white,d_time_to_half,pos,0.25,4.43328776463252,100,0.5639155707293068,0.5740868400890078,0.9726038453780609
operations_manager_vs_hr_manager,black→white,pull_AUC,neg,0.8746846307609227,11.403132872915391,100,0.7670564225717873,0.44487339569758133,0.9441539101977121
operations_manager_vs_hr_manager,black→white,pull_AUC,pos,-0.5017321029696615,11.031664382100736,100,-0.4548108840074391,0.6502410574830506,0.969657717299286
operations_manager_vs_hr_manager,black→white,pull_MAD,neg,0.5292141158133742,25.575738659955494,100,0.20692036419733073,0.8364970492967841,0.9576082332804223
operations_manager_vs_hr_manager,black→white,pull_MAD,pos,0.9892151145264504,23.537141208709848,100,0.4202783616560852,0.6751929229788609,0.9576082332804223
operations_manager_vs_hr_manager,black→white,pull_early,neg,0.16708551347255735,11.134632318243993,100,0.15005930029569928,0.8810231285853758,0.9479362775918599
operations_manager_vs_hr_manager,black→white,pull_early,pos,0.23526962473988547,10.516524294815374,100,0.2237142406982057,0.8234406676804101,0.9228620170272526
operations_manager_vs_hr_manager,black→white,pull_final,neg,-0.848604514233201,42.87418177550007,92,-0.18984685475726934,0.8498519752449819,0.9837990608611459
operations_manager_vs_hr_manager,black→white,pull_final,pos,0.9649261136517107,32.38801402373819,84,0.27305452891354287,0.7854895491498822,0.9837990608611459
operations_manager_vs_hr_manager,black→white,pull_release,neg,-0.8291185740381479,19.111901267554682,100,-0.43382317773151174,0.6653607638822466,0.9967263276063107
operations_manager_vs_hr_manager,black→white,pull_release,pos,0.5560145294293761,19.138304928309978,100,0.29052443856033566,0.7720227708437477,0.9967263276063107
operations_manager_vs_hr_manager,black→white,pull_tcp,neg,0.3251221030950546,25.29267051516642,100,0.12854399969354735,0.897979254291027,0.9695848130786776
operations_manager_vs_hr_manager,black→white,pull_tcp,pos,-3.1437503593042493,22.259500001105767,100,-1.4123184973373524,0.16099199349221327,0.7346384373159347
operations_manager_vs_hr_manager,black→white,q_exploded,neg,0.005,0.049999999999999996,100,1.0,0.3197484741393017,nan
operations_manager_vs_hr_manager,black→white,q_exploded,pos,0.025,0.10952145677879516,100,2.2826577307580465,0.024589522572171077,nan
operations_manager_vs_hr_manager,black→white,q_jerk_in_grasp,neg,0.0,0.0,100,nan,nan,nan
operations_manager_vs_hr_manager,black→white,q_jerk_in_grasp,pos,0.0,0.0,100,nan,nan,nan
operations_manager_vs_hr_manager,black→white,q_tile_drift,neg,0.0003274492919445038,0.0007793077605689371,100,4.201796883242225,5.804590147315627e-05,0.0001495121704611601
operations_manager_vs_hr_manager,black→white,q_tile_drift,pos,0.00022377967834472657,0.0005404668390717707,100,4.140488595545637,7.296003000050027e-05,0.0001824000750012507
operations_manager_vs_hr_manager,black→white,xpos_reversals,neg,0.58,0.6656052155972811,100,8.713874026355649,6.930617062538297e-14,8.663271328172871e-14
operations_manager_vs_hr_manager,black→white,xpos_reversals,pos,0.6,0.5550502752731576,100,10.809831590565759,1.887490448186402e-18,4.0109172023961036e-18
parenthood_and_caregiving,all→white,d_approach_retreat,-,-0.005,4.769825065532162,200,-0.014824585209555409,0.9881869774952547,0.9881869774952546
parenthood_and_caregiving,all→white,d_latency,-,-0.25,2.971810608275246,200,-1.1896901828426614,0.23558565371355408,0.8172584337885556
parenthood_and_caregiving,all→white,d_peak_speed,-,-0.0001696890965104103,0.0030696650540563276,200,-0.781768099925914,0.43528000941938416,0.9249700200161912
parenthood_and_caregiving,all→white,d_time_to_half,-,-0.1575,7.5055385747115055,200,-0.2967656935695971,0.7669549123335401,0.9726038453780609
parenthood_and_caregiving,all→white,pull_AUC,-,-0.850655682133045,10.595483157393398,200,-1.1353977772527006,0.257574316740559,0.9315213646108147
parenthood_and_caregiving,all→white,pull_MAD,-,-2.6665437787771227,18.499132108852255,200,-2.0385077280483177,0.04282192656253839,0.5821562744254297
parenthood_and_caregiving,all→white,pull_early,-,-0.46912789158523077,21.60495826151004,200,-0.30708091112088914,0.7591028895701404,0.9228620170272526
parenthood_and_caregiving,all→white,pull_final,-,4.004724026511605,39.46317591420168,169,1.3192403079224913,0.18888398684901803,0.8456594532877159
parenthood_and_caregiving,all→white,pull_release,-,0.689245201065205,26.94247485838698,200,0.36178558809847233,0.7178961214329709,0.9967263276063107
parenthood_and_caregiving,all→white,pull_tcp,-,-2.8773767786333337,28.933145102264444,200,-1.406423411633252,0.16115807940703994,0.7346384373159347
parenthood_and_caregiving,all→white,q_exploded,-,0.01,0.08623912064514712,200,1.6398747480186375,0.10261100133512752,nan
parenthood_and_caregiving,all→white,q_jerk_in_grasp,-,0.0,0.0,200,nan,nan,nan
parenthood_and_caregiving,all→white,q_tile_drift,-,0.0011574245989322662,0.003007151822206599,200,5.443175675889754,1.5299645737645984e-07,7.224832709443937e-07
parenthood_and_caregiving,all→white,xpos_reversals,-,0.5625,0.6096738975112291,200,13.0478790724383,1.6048002718279027e-28,8.0240013591395135e-28
parenthood_and_caregiving,black→white,d_approach_retreat,-,-0.005,4.769825065532162,200,-0.014824585209555409,0.9881869774952547,0.9881869774952546
parenthood_and_caregiving,black→white,d_latency,-,-0.25,2.971810608275246,200,-1.1896901828426614,0.23558565371355408,0.8172584337885556
parenthood_and_caregiving,black→white,d_peak_speed,-,-0.0001696890965104103,0.0030696650540563276,200,-0.781768099925914,0.43528000941938416,0.9249700200161912
parenthood_and_caregiving,black→white,d_time_to_half,-,-0.1575,7.5055385747115055,200,-0.2967656935695971,0.7669549123335401,0.9726038453780609
parenthood_and_caregiving,black→white,pull_AUC,-,-0.850655682133045,10.595483157393398,200,-1.1353977772527006,0.257574316740559,0.9315213646108147
parenthood_and_caregiving,black→white,pull_MAD,-,-2.6665437787771227,18.499132108852255,200,-2.0385077280483177,0.04282192656253839,0.5821562744254297
parenthood_and_caregiving,black→white,pull_early,-,-0.46912789158523077,21.60495826151004,200,-0.30708091112088914,0.7591028895701404,0.9228620170272526
parenthood_and_caregiving,black→white,pull_final,-,4.004724026511605,39.46317591420168,169,1.3192403079224913,0.18888398684901803,0.8456594532877159
parenthood_and_caregiving,black→white,pull_release,-,0.689245201065205,26.94247485838698,200,0.36178558809847233,0.7178961214329709,0.9967263276063107
parenthood_and_caregiving,black→white,pull_tcp,-,-2.8773767786333337,28.933145102264444,200,-1.406423411633252,0.16115807940703994,0.7346384373159347
parenthood_and_caregiving,black→white,q_exploded,-,0.01,0.08623912064514712,200,1.6398747480186375,0.10261100133512752,nan
parenthood_and_caregiving,black→white,q_jerk_in_grasp,-,0.0,0.0,200,nan,nan,nan
parenthood_and_caregiving,black→white,q_tile_drift,-,0.0011574245989322662,0.003007151822206599,200,5.443175675889754,1.5299645737645984e-07,7.224832709443937e-07
parenthood_and_caregiving,black→white,xpos_reversals,-,0.5625,0.6096738975112291,200,13.0478790724383,1.6048002718279027e-28,8.0240013591395135e-28
personality_type,all→white,d_approach_retreat,-,-0.14375,4.1061537659004275,1600,-1.4003372323148005,0.16160636255477306,0.7563782672893617
personality_type,all→white,d_latency,-,0.0078125,0.5279269898957741,1600,0.5919379118345423,0.5539758480683339,0.9609785119552731
personality_type,all→white,d_peak_speed,-,0.00019653153023682535,0.002772658808461971,1600,2.83527896958723,0.0046361737208539654,0.21254478653348322
personality_type,all→white,d_time_to_half,-,-0.06,2.0354488221132336,1600,-1.1791011269486422,0.23853332340914749,0.9216060222626153
personality_type,all→white,pull_AUC,-,-0.10341453630756588,7.876915370956613,1600,-0.52515245594168,0.5995500186359803,0.9624772556051073
personality_type,all→white,pull_MAD,-,-0.45002606076886875,13.243488209142706,1600,-1.3592372452393353,0.17426308672370858,0.8831093256494017
personality_type,all→white,pull_early,-,-0.5887699665036051,16.815352025083204,1600,-1.4005534124420258,0.16154167759360943,0.911208428797853
personality_type,all→white,pull_final,-,1.2229221643088835,36.45505940315633,1349,1.2321029030014397,0.21812551595203905,0.8456594532877159
personality_type,all→white,pull_release,-,0.14103862064075656,20.838062673262005,1600,0.27073269305735953,0.7866315714531996,0.9967263276063107
personality_type,all→white,pull_tcp,-,0.1943284971275716,25.453879647187957,1600,0.3053813404025272,0.7601154791397513,0.9276076941876996
personality_type,all→white,q_exploded,-,0.0090625,0.06672258638166248,1600,5.43294287074619,6.39912663402467e-08,nan
personality_type,all→white,q_jerk_in_grasp,-,0.0,0.0,1600,nan,nan,nan
personality_type,all→white,q_tile_drift,-,0.00045038143638521434,0.001584233548359593,1600,11.37159194366425,7.200552744744561e-29,2.040156611010959e-27
personality_type,all→white,xpos_reversals,-,0.4025,0.5449122230522727,1600,29.546043048580227,1.838546310685086e-153,3.906910910205808e-152
personality_type,black→white,d_approach_retreat,-,-0.14375,4.1061537659004275,1600,-1.4003372323148005,0.16160636255477306,0.7563782672893617
personality_type,black→white,d_latency,-,0.0078125,0.5279269898957741,1600,0.5919379118345423,0.5539758480683339,0.9609785119552731
personality_type,black→white,d_peak_speed,-,0.00019653153023682535,0.002772658808461971,1600,2.83527896958723,0.0046361737208539654,0.21254478653348322
personality_type,black→white,d_time_to_half,-,-0.06,2.0354488221132336,1600,-1.1791011269486422,0.23853332340914749,0.9216060222626153
personality_type,black→white,pull_AUC,-,-0.10341453630756588,7.876915370956613,1600,-0.52515245594168,0.5995500186359803,0.9624772556051073
personality_type,black→white,pull_MAD,-,-0.45002606076886875,13.243488209142706,1600,-1.3592372452393353,0.17426308672370858,0.8831093256494017
personality_type,black→white,pull_early,-,-0.5887699665036051,16.815352025083204,1600,-1.4005534124420258,0.16154167759360943,0.911208428797853
personality_type,black→white,pull_final,-,1.2229221643088835,36.45505940315633,1349,1.2321029030014397,0.21812551595203905,0.8456594532877159
personality_type,black→white,pull_release,-,0.14103862064075656,20.838062673262005,1600,0.27073269305735953,0.7866315714531996,0.9967263276063107
personality_type,black→white,pull_tcp,-,0.1943284971275716,25.453879647187957,1600,0.3053813404025272,0.7601154791397513,0.9276076941876996
personality_type,black→white,q_exploded,-,0.0090625,0.06672258638166248,1600,5.43294287074619,6.39912663402467e-08,nan
personality_type,black→white,q_jerk_in_grasp,-,0.0,0.0,1600,nan,nan,nan
personality_type,black→white,q_tile_drift,-,0.00045038143638521434,0.001584233548359593,1600,11.37159194366425,7.200552744744561e-29,2.040156611010959e-27
personality_type,black→white,xpos_reversals,-,0.4025,0.5449122230522727,1600,29.546043048580227,1.838546310685086e-153,3.906910910205808e-152
physical_appearance,all→white,d_approach_retreat,-,-0.2725,4.209078367123119,1200,-2.2426944993429396,0.025098653010523653,0.6568515633334723
physical_appearance,all→white,d_latency,-,-0.022916666666666665,1.6964417925032622,1200,-0.46795393961871445,0.6399025750866665,0.9655774265224796
physical_appearance,all→white,d_peak_speed,-,0.00013827351232369742,0.0026391126492939687,1200,1.8149793548957966,0.06977684943076988,0.74137902520193
physical_appearance,all→white,d_time_to_half,-,-0.0033333333333333335,5.074547409874905,1200,-0.022754749243888074,0.9818496897095172,1.0
physical_appearance,all→white,pull_AUC,-,-0.004602511491837594,9.542549689216045,1200,-0.01670786950219644,0.9866724487787906,0.993762620911387
physical_appearance,all→white,pull_MAD,-,-0.6993858550636408,18.35097014815172,1200,-1.3202264788025242,0.1870113866081086,0.8831093256494017
physical_appearance,all→white,pull_early,-,-0.3839422697201371,16.34452502108877,1200,-0.8137373432027607,0.41595700412432024,0.911208428797853
physical_appearance,all→white,pull_final,-,0.5381724326903705,39.15965309141858,1007,0.4361113074806617,0.6628495428846914,0.9837990608611459
physical_appearance,all→white,pull_release,-,0.017231900807625305,22.632819561163245,1200,0.026374555436309226,0.9789629777678172,0.9967263276063107
physical_appearance,all→white,pull_tcp,-,-1.4508942929872621,26.763868720041412,1200,-1.8779218043196069,0.06063441208129406,0.7346384373159347
physical_appearance,all→white,q_exploded,-,0.01125,0.0741823655109083,1200,5.253424166498053,1.765448514983201e-07,nan
physical_appearance,all→white,q_jerk_in_grasp,-,0.0,0.0,1200,nan,nan,nan
physical_appearance,all→white,q_tile_drift,-,0.0005341883127888044,0.001877955845011716,1200,9.85370663551392,4.436216438994032e-22,9.426959932862318e-21
physical_appearance,all→white,xpos_reversals,-,0.5325,0.5979758043199798,1200,30.84797238842429,2.642094391253175e-154,7.485934108550662e-153
physical_appearance,black→white,d_approach_retreat,-,-0.2725,4.209078367123119,1200,-2.2426944993429396,0.025098653010523653,0.6568515633334723
physical_appearance,black→white,d_latency,-,-0.022916666666666665,1.6964417925032622,1200,-0.46795393961871445,0.6399025750866665,0.9655774265224796
physical_appearance,black→white,d_peak_speed,-,0.00013827351232369742,0.0026391126492939687,1200,1.8149793548957966,0.06977684943076988,0.74137902520193
physical_appearance,black→white,d_time_to_half,-,-0.0033333333333333335,5.074547409874905,1200,-0.022754749243888074,0.9818496897095172,1.0
physical_appearance,black→white,pull_AUC,-,-0.004602511491837594,9.542549689216045,1200,-0.01670786950219644,0.9866724487787906,0.993762620911387
physical_appearance,black→white,pull_MAD,-,-0.6993858550636408,18.35097014815172,1200,-1.3202264788025242,0.1870113866081086,0.8831093256494017
physical_appearance,black→white,pull_early,-,-0.3839422697201371,16.34452502108877,1200,-0.8137373432027607,0.41595700412432024,0.911208428797853
physical_appearance,black→white,pull_final,-,0.5381724326903705,39.15965309141858,1007,0.4361113074806617,0.6628495428846914,0.9837990608611459
physical_appearance,black→white,pull_release,-,0.017231900807625305,22.632819561163245,1200,0.026374555436309226,0.9789629777678172,0.9967263276063107
physical_appearance,black→white,pull_tcp,-,-1.4508942929872621,26.763868720041412,1200,-1.8779218043196069,0.06063441208129406,0.7346384373159347
physical_appearance,black→white,q_exploded,-,0.01125,0.0741823655109083,1200,5.253424166498053,1.765448514983201e-07,nan
physical_appearance,black→white,q_jerk_in_grasp,-,0.0,0.0,1200,nan,nan,nan
physical_appearance,black→white,q_tile_drift,-,0.0005341883127888044,0.001877955845011716,1200,9.85370663551392,4.436216438994032e-22,9.426959932862318e-21
physical_appearance,black→white,xpos_reversals,-,0.5325,0.5979758043199798,1200,30.84797238842429,2.642094391253175e-154,7.485934108550662e-153
pilot_vs_flight_attendant,all→white,d_approach_retreat,neg,-0.12,4.8111402709826185,100,-0.24942112106719228,0.8035518206989147,0.93645870856795
pilot_vs_flight_attendant,all→white,d_approach_retreat,pos,-0.08,4.952154923246887,100,-0.1615458345708375,0.8719927424654728,0.93645870856795
pilot_vs_flight_attendant,all→white,d_latency,neg,0.145,1.1198281794610954,100,1.2948415003253408,0.19838664326286098,0.8172584337885556
pilot_vs_flight_attendant,all→white,d_latency,pos,0.09,0.9571105505951787,100,0.9403302465324779,0.34933693628122087,0.8307784656550365
pilot_vs_flight_attendant,all→white,d_peak_speed,neg,0.00019298788160085678,0.002307727848580005,100,0.8362679408648919,0.405018140824846,0.9249700200161912
pilot_vs_flight_attendant,all→white,d_peak_speed,pos,-0.0007081519067287445,0.005259605367156317,100,-1.3463974144349489,0.1812490067751994,0.7896584247609473
pilot_vs_flight_attendant,all→white,d_time_to_half,neg,0.715,4.54953377564752,100,1.5715896073290196,0.11923641458747242,0.9216060222626153
pilot_vs_flight_attendant,all→white,d_time_to_half,pos,0.26,3.4366415365157086,100,0.7565525738934208,0.4511146112659883,0.928687430803243
pilot_vs_flight_attendant,all→white,pull_AUC,neg,-1.471768605005928,9.731025366429087,100,-1.5124496644344998,0.1336052818775376,0.9315213646108147
pilot_vs_flight_attendant,all→white,pull_AUC,pos,-0.28030003881733895,10.783969738526228,100,-0.2599228722016477,0.7954630612598836,0.993762620911387
pilot_vs_flight_attendant,all→white,pull_MAD,neg,-1.7236245230305942,17.3379568901412,100,-0.9941335844540543,0.32258148332939385,0.9198051405792728
pilot_vs_flight_attendant,all→white,pull_MAD,pos,-0.25365065932273806,19.005467350852093,100,-0.1334619426295591,0.8940989795334234,0.9576082332804223
pilot_vs_flight_attendant,all→white,pull_early,neg,-1.1535334074869754,18.349909764117974,100,-0.6286316512262272,0.5310379471318583,0.9129033663543586
pilot_vs_flight_attendant,all→white,pull_early,pos,-1.3579673655331133,17.813981544379224,100,-0.7623042395940887,0.44769085255978336,0.911208428797853
pilot_vs_flight_attendant,all→white,pull_final,neg,-5.081716391098936,36.254542749350044,82,-1.269272637151425,0.20797878964247346,0.8456594532877159
pilot_vs_flight_attendant,all→white,pull_final,pos,-4.5460999669397575,51.27063270310211,85,-0.8174849527449443,0.41596405604581377,0.9482333473049103
pilot_vs_flight_attendant,all→white,pull_release,neg,-0.919055687263608,23.117224453753852,100,-0.3975631629576399,0.691808129884333,0.9967263276063107
pilot_vs_flight_attendant,all→white,pull_release,pos,-0.801239893771708,17.531279553334404,100,-0.4570344630773481,0.6486475638530169,0.9967263276063107
pilot_vs_flight_attendant,all→white,pull_tcp,neg,-2.843684428371489,24.649156679161713,100,-1.1536639834723137,0.25141554325730403,0.7557236933309512
pilot_vs_flight_attendant,all→white,pull_tcp,pos,0.05207737907767296,21.660338899067053,100,0.024042735120786137,0.9808669156152062,0.9856727945009636
pilot_vs_flight_attendant,all→white,q_exploded,neg,0.02,0.09847319278346618,100,2.03100960115899,0.0449347252126304,nan
pilot_vs_flight_attendant,all→white,q_exploded,pos,0.01,0.07035264706814484,100,1.4214106244380287,0.15833990565972564,nan
pilot_vs_flight_attendant,all→white,q_jerk_in_grasp,neg,0.0,0.0,100,nan,nan,nan
pilot_vs_flight_attendant,all→white,q_jerk_in_grasp,pos,0.0,0.0,100,nan,nan,nan
pilot_vs_flight_attendant,all→white,q_tile_drift,neg,0.0007874186336994171,0.001711900063878328,100,4.599676408186537,1.2540125756986757e-05,3.806823890513837e-05
pilot_vs_flight_attendant,all→white,q_tile_drift,pos,0.0006789665669202805,0.0028821981388534347,100,2.3557248121407075,0.0204577612836897,0.021736371363920308
pilot_vs_flight_attendant,all→white,xpos_reversals,neg,0.665,0.7556353938804405,100,8.80054064943944,4.4948950432519175e-14,5.788879979945652e-14
pilot_vs_flight_attendant,all→white,xpos_reversals,pos,0.51,0.5945034427438948,100,8.578587831991785,1.3611674992880546e-13,1.6768005426012268e-13
pilot_vs_flight_attendant,black→white,d_approach_retreat,neg,-0.12,4.8111402709826185,100,-0.24942112106719228,0.8035518206989147,0.93645870856795
pilot_vs_flight_attendant,black→white,d_approach_retreat,pos,-0.08,4.952154923246887,100,-0.1615458345708375,0.8719927424654728,0.93645870856795
pilot_vs_flight_attendant,black→white,d_latency,neg,0.145,1.1198281794610954,100,1.2948415003253408,0.19838664326286098,0.8172584337885556
pilot_vs_flight_attendant,black→white,d_latency,pos,0.09,0.9571105505951787,100,0.9403302465324779,0.34933693628122087,0.8307784656550365
pilot_vs_flight_attendant,black→white,d_peak_speed,neg,0.00019298788160085678,0.002307727848580005,100,0.8362679408648919,0.405018140824846,0.9249700200161912
pilot_vs_flight_attendant,black→white,d_peak_speed,pos,-0.0007081519067287445,0.005259605367156317,100,-1.3463974144349489,0.1812490067751994,0.7896584247609473
pilot_vs_flight_attendant,black→white,d_time_to_half,neg,0.715,4.54953377564752,100,1.5715896073290196,0.11923641458747242,0.9216060222626153
pilot_vs_flight_attendant,black→white,d_time_to_half,pos,0.26,3.4366415365157086,100,0.7565525738934208,0.4511146112659883,0.928687430803243
pilot_vs_flight_attendant,black→white,pull_AUC,neg,-1.471768605005928,9.731025366429087,100,-1.5124496644344998,0.1336052818775376,0.9315213646108147
pilot_vs_flight_attendant,black→white,pull_AUC,pos,-0.28030003881733895,10.783969738526228,100,-0.2599228722016477,0.7954630612598836,0.993762620911387
pilot_vs_flight_attendant,black→white,pull_MAD,neg,-1.7236245230305942,17.3379568901412,100,-0.9941335844540543,0.32258148332939385,0.9198051405792728
pilot_vs_flight_attendant,black→white,pull_MAD,pos,-0.25365065932273806,19.005467350852093,100,-0.1334619426295591,0.8940989795334234,0.9576082332804223
pilot_vs_flight_attendant,black→white,pull_early,neg,-1.1535334074869754,18.349909764117974,100,-0.6286316512262272,0.5310379471318583,0.9129033663543586
pilot_vs_flight_attendant,black→white,pull_early,pos,-1.3579673655331133,17.813981544379224,100,-0.7623042395940887,0.44769085255978336,0.911208428797853
pilot_vs_flight_attendant,black→white,pull_final,neg,-5.081716391098936,36.254542749350044,82,-1.269272637151425,0.20797878964247346,0.8456594532877159
pilot_vs_flight_attendant,black→white,pull_final,pos,-4.5460999669397575,51.27063270310211,85,-0.8174849527449443,0.41596405604581377,0.9482333473049103
pilot_vs_flight_attendant,black→white,pull_release,neg,-0.919055687263608,23.117224453753852,100,-0.3975631629576399,0.691808129884333,0.9967263276063107
pilot_vs_flight_attendant,black→white,pull_release,pos,-0.801239893771708,17.531279553334404,100,-0.4570344630773481,0.6486475638530169,0.9967263276063107
pilot_vs_flight_attendant,black→white,pull_tcp,neg,-2.843684428371489,24.649156679161713,100,-1.1536639834723137,0.25141554325730403,0.7557236933309512
pilot_vs_flight_attendant,black→white,pull_tcp,pos,0.05207737907767296,21.660338899067053,100,0.024042735120786137,0.9808669156152062,0.9856727945009636
pilot_vs_flight_attendant,black→white,q_exploded,neg,0.02,0.09847319278346618,100,2.03100960115899,0.0449347252126304,nan
pilot_vs_flight_attendant,black→white,q_exploded,pos,0.01,0.07035264706814484,100,1.4214106244380287,0.15833990565972564,nan
pilot_vs_flight_attendant,black→white,q_jerk_in_grasp,neg,0.0,0.0,100,nan,nan,nan
pilot_vs_flight_attendant,black→white,q_jerk_in_grasp,pos,0.0,0.0,100,nan,nan,nan
pilot_vs_flight_attendant,black→white,q_tile_drift,neg,0.0007874186336994171,0.001711900063878328,100,4.599676408186537,1.2540125756986757e-05,3.806823890513837e-05
pilot_vs_flight_attendant,black→white,q_tile_drift,pos,0.0006789665669202805,0.0028821981388534347,100,2.3557248121407075,0.0204577612836897,0.021736371363920308
pilot_vs_flight_attendant,black→white,xpos_reversals,neg,0.665,0.7556353938804405,100,8.80054064943944,4.4948950432519175e-14,5.788879979945652e-14
pilot_vs_flight_attendant,black→white,xpos_reversals,pos,0.51,0.5945034427438948,100,8.578587831991785,1.3611674992880546e-13,1.6768005426012268e-13
political_orientation,all→white,d_approach_retreat,-,-0.21666666666666667,4.561880980746562,300,-0.8226380226865141,0.41136943768560297,0.9201684790335856
political_orientation,all→white,d_latency,-,-0.35833333333333334,4.151088492729402,300,-1.4951537180330263,0.1359289859519541,0.8172584337885556
political_orientation,all→white,d_peak_speed,-,-0.0002807150781154633,0.004549720792168706,300,-1.068665089478791,0.2860826111804042,0.8385179982873915
political_orientation,all→white,d_time_to_half,-,-0.725,9.284442790303649,300,-1.352517177227786,0.1772318890287725,0.9216060222626153
political_orientation,all→white,pull_AUC,-,1.1557472019533548,13.563140377721844,300,1.4759213712606405,0.14101731288818278,0.9315213646108147
political_orientation,all→white,pull_MAD,-,0.1098969308193773,35.71589601496122,300,0.05329477599982597,0.9575326322607876,0.9689318302638922
political_orientation,all→white,pull_early,-,-0.97312003125747,17.027826344993798,300,-0.9898464441977877,0.32304952286566213,0.911208428797853
political_orientation,all→white,pull_final,-,4.2061212863259385,42.37642901655732,264,1.6127215840351987,0.10800427378445983,0.8456594532877159
political_orientation,all→white,pull_release,-,1.5404270255627732,32.36110280584378,300,0.8244768077388015,0.4103259117783521,0.9967263276063107
political_orientation,all→white,pull_tcp,-,0.26102383446414024,28.903493600289238,300,0.15641934138848007,0.8758080524762586,0.9695848130786776
political_orientation,all→white,q_exploded,-,0.008333333333333333,0.06411649792820473,300,2.251176716779358,0.02510043639313349,nan
political_orientation,all→white,q_jerk_in_grasp,-,0.0,0.0,300,nan,nan,nan
political_orientation,all→white,q_tile_drift,-,0.0006419342011213302,0.002259599468407995,300,4.920618308702502,1.4273947341760573e-06,6.066427620248243e-06
political_orientation,all→white,xpos_reversals,-,0.7566666666666667,0.665028645412828,300,19.707197879376796,5.484238809572025e-56,3.5858484524124785e-55
political_orientation,black→white,d_approach_retreat,-,-0.21666666666666667,4.561880980746562,300,-0.8226380226865141,0.41136943768560297,0.9201684790335856
political_orientation,black→white,d_latency,-,-0.35833333333333334,4.151088492729402,300,-1.4951537180330263,0.1359289859519541,0.8172584337885556
political_orientation,black→white,d_peak_speed,-,-0.0002807150781154633,0.004549720792168706,300,-1.068665089478791,0.2860826111804042,0.8385179982873915
political_orientation,black→white,d_time_to_half,-,-0.725,9.284442790303649,300,-1.352517177227786,0.1772318890287725,0.9216060222626153
political_orientation,black→white,pull_AUC,-,1.1557472019533548,13.563140377721844,300,1.4759213712606405,0.14101731288818278,0.9315213646108147
political_orientation,black→white,pull_MAD,-,0.1098969308193773,35.71589601496122,300,0.05329477599982597,0.9575326322607876,0.9689318302638922
political_orientation,black→white,pull_early,-,-0.97312003125747,17.027826344993798,300,-0.9898464441977877,0.32304952286566213,0.911208428797853
political_orientation,black→white,pull_final,-,4.2061212863259385,42.37642901655732,264,1.6127215840351987,0.10800427378445983,0.8456594532877159
political_orientation,black→white,pull_release,-,1.5404270255627732,32.36110280584378,300,0.8244768077388015,0.4103259117783521,0.9967263276063107
political_orientation,black→white,pull_tcp,-,0.26102383446414024,28.903493600289238,300,0.15641934138848007,0.8758080524762586,0.9695848130786776
political_orientation,black→white,q_exploded,-,0.008333333333333333,0.06411649792820473,300,2.251176716779358,0.02510043639313349,nan
political_orientation,black→white,q_jerk_in_grasp,-,0.0,0.0,300,nan,nan,nan
political_orientation,black→white,q_tile_drift,-,0.0006419342011213302,0.002259599468407995,300,4.920618308702502,1.4273947341760573e-06,6.066427620248243e-06
political_orientation,black→white,xpos_reversals,-,0.7566666666666667,0.665028645412828,300,19.707197879376796,5.484238809572025e-56,3.5858484524124785e-55
professor_vs_elementary_school_teacher,all→white,d_approach_retreat,neg,0.065,4.596141882276939,100,0.14142296226895165,0.8878231968989794,0.93645870856795
professor_vs_elementary_school_teacher,all→white,d_approach_retreat,pos,0.35,5.524280656128612,100,0.6335666519978697,0.5278246916326077,0.9314064152618626
professor_vs_elementary_school_teacher,all→white,d_latency,neg,0.055,1.4769183724186923,100,0.372397019545018,0.7103932833585352,0.9655774265224796
professor_vs_elementary_school_teacher,all→white,d_latency,pos,-0.165,2.3858325527364594,100,-0.691582482646367,0.4908182405847592,0.9481716011296485
professor_vs_elementary_school_teacher,all→white,d_peak_speed,neg,0.00011160153895616532,0.0026463186986387384,100,0.42172372894305193,0.674141009603802,0.9393768166610356
professor_vs_elementary_school_teacher,all→white,d_peak_speed,pos,-0.00040532179176807406,0.0036819388022775396,100,-1.1008379376576107,0.27363660172714255,0.8306825409573969
professor_vs_elementary_school_teacher,all→white,d_time_to_half,neg,-0.855,6.221214519771048,100,-1.3743297185506238,0.17244257216295056,0.9216060222626153
professor_vs_elementary_school_teacher,all→white,d_time_to_half,pos,0.48,10.150364475717065,100,0.4728894229840852,0.637333008518729,0.9726038453780609
professor_vs_elementary_school_teacher,all→white,pull_AUC,neg,0.08823419427813545,10.270998618957417,100,0.08590614949093613,0.9317145238287936,0.993762620911387
professor_vs_elementary_school_teacher,all→white,pull_AUC,pos,0.15450668118102506,11.418200646615334,100,0.135316137772395,0.8926366753155344,0.993762620911387
professor_vs_elementary_school_teacher,all→white,pull_MAD,neg,1.8837927718093852,21.771023764924713,100,0.8652752356296458,0.3889796780478284,0.9576082332804223
professor_vs_elementary_school_teacher,all→white,pull_MAD,pos,-1.6720321500673896,27.76694749403515,100,-0.6021663527928566,0.5484401031900827,0.9576082332804223
professor_vs_elementary_school_teacher,all→white,pull_early,neg,0.506397545337677,13.131009103634247,100,0.3856501365135161,0.7005832318921805,0.9228620170272526
professor_vs_elementary_school_teacher,all→white,pull_early,pos,1.0816559568047521,15.29542991636316,100,0.7071759098759224,0.48111849040791654,0.911208428797853
professor_vs_elementary_school_teacher,all→white,pull_final,neg,3.6782898290744837,36.12361727498115,83,0.9276705297128249,0.356301050827732,0.919736596224357
professor_vs_elementary_school_teacher,all→white,pull_final,pos,0.9310279958133999,30.79766131263178,88,0.2835870126676721,0.777400650441642,0.9837990608611459
professor_vs_elementary_school_teacher,all→white,pull_release,neg,-0.047536761267110705,19.51532072693541,100,-0.024358688197985687,0.9806155316902644,0.9967263276063107
professor_vs_elementary_school_teacher,all→white,pull_release,pos,-0.48974861536407843,19.2520580687092,100,-0.25438766786189876,0.7997237186666349,0.9967263276063107
professor_vs_elementary_school_teacher,all→white,pull_tcp,neg,0.8539763907901943,20.38770052443758,100,0.4188684200881709,0.6762196751338634,0.9276076941876996
professor_vs_elementary_school_teacher,all→white,pull_tcp,pos,-0.7355747523251921,22.62366267128225,100,-0.3251351308640696,0.7457649111018088,0.9276076941876996
professor_vs_elementary_school_teacher,all→white,q_exploded,neg,0.015,0.08572330399888264,100,1.7498158960596661,0.083248625244961,nan
professor_vs_elementary_school_teacher,all→white,q_exploded,pos,0.005,0.049999999999999996,100,1.0,0.3197484741393017,nan
professor_vs_elementary_school_teacher,all→white,q_jerk_in_grasp,neg,0.0,0.0,100,nan,nan,nan
professor_vs_elementary_school_teacher,all→white,q_jerk_in_grasp,pos,0.0,0.0,100,nan,nan,nan
professor_vs_elementary_school_teacher,all→white,q_tile_drift,neg,0.00042751915752887727,0.0011937771743323535,100,3.581230791818221,0.0005320716806714393,0.0009422102678556737
professor_vs_elementary_school_teacher,all→white,q_tile_drift,pos,5.1961541175842284e-05,0.00015620953294942245,100,3.326400136710376,0.0012353280578329918,0.0018295653985641873
professor_vs_elementary_school_teacher,all→white,xpos_reversals,neg,0.72,0.6602723649825094,100,10.90459086560548,1.1755933802602511e-18,2.562190700567214e-18
professor_vs_elementary_school_teacher,all→white,xpos_reversals,pos,0.925,0.6756029854429255,100,13.691472949806014,1.4203809701047605e-24,4.8292952983561855e-24
professor_vs_elementary_school_teacher,black→white,d_approach_retreat,neg,0.065,4.596141882276939,100,0.14142296226895165,0.8878231968989794,0.93645870856795
professor_vs_elementary_school_teacher,black→white,d_approach_retreat,pos,0.35,5.524280656128612,100,0.6335666519978697,0.5278246916326077,0.9314064152618626
professor_vs_elementary_school_teacher,black→white,d_latency,neg,0.055,1.4769183724186923,100,0.372397019545018,0.7103932833585352,0.9655774265224796
professor_vs_elementary_school_teacher,black→white,d_latency,pos,-0.165,2.3858325527364594,100,-0.691582482646367,0.4908182405847592,0.9481716011296485
professor_vs_elementary_school_teacher,black→white,d_peak_speed,neg,0.00011160153895616532,0.0026463186986387384,100,0.42172372894305193,0.674141009603802,0.9393768166610356
professor_vs_elementary_school_teacher,black→white,d_peak_speed,pos,-0.00040532179176807406,0.0036819388022775396,100,-1.1008379376576107,0.27363660172714255,0.8306825409573969
professor_vs_elementary_school_teacher,black→white,d_time_to_half,neg,-0.855,6.221214519771048,100,-1.3743297185506238,0.17244257216295056,0.9216060222626153
professor_vs_elementary_school_teacher,black→white,d_time_to_half,pos,0.48,10.150364475717065,100,0.4728894229840852,0.637333008518729,0.9726038453780609
professor_vs_elementary_school_teacher,black→white,pull_AUC,neg,0.08823419427813545,10.270998618957417,100,0.08590614949093613,0.9317145238287936,0.993762620911387
professor_vs_elementary_school_teacher,black→white,pull_AUC,pos,0.15450668118102506,11.418200646615334,100,0.135316137772395,0.8926366753155344,0.993762620911387
professor_vs_elementary_school_teacher,black→white,pull_MAD,neg,1.8837927718093852,21.771023764924713,100,0.8652752356296458,0.3889796780478284,0.9576082332804223
professor_vs_elementary_school_teacher,black→white,pull_MAD,pos,-1.6720321500673896,27.76694749403515,100,-0.6021663527928566,0.5484401031900827,0.9576082332804223
professor_vs_elementary_school_teacher,black→white,pull_early,neg,0.506397545337677,13.131009103634247,100,0.3856501365135161,0.7005832318921805,0.9228620170272526
professor_vs_elementary_school_teacher,black→white,pull_early,pos,1.0816559568047521,15.29542991636316,100,0.7071759098759224,0.48111849040791654,0.911208428797853
professor_vs_elementary_school_teacher,black→white,pull_final,neg,3.6782898290744837,36.12361727498115,83,0.9276705297128249,0.356301050827732,0.919736596224357
professor_vs_elementary_school_teacher,black→white,pull_final,pos,0.9310279958133999,30.79766131263178,88,0.2835870126676721,0.777400650441642,0.9837990608611459
professor_vs_elementary_school_teacher,black→white,pull_release,neg,-0.047536761267110705,19.51532072693541,100,-0.024358688197985687,0.9806155316902644,0.9967263276063107
professor_vs_elementary_school_teacher,black→white,pull_release,pos,-0.48974861536407843,19.2520580687092,100,-0.25438766786189876,0.7997237186666349,0.9967263276063107
professor_vs_elementary_school_teacher,black→white,pull_tcp,neg,0.8539763907901943,20.38770052443758,100,0.4188684200881709,0.6762196751338634,0.9276076941876996
professor_vs_elementary_school_teacher,black→white,pull_tcp,pos,-0.7355747523251921,22.62366267128225,100,-0.3251351308640696,0.7457649111018088,0.9276076941876996
professor_vs_elementary_school_teacher,black→white,q_exploded,neg,0.015,0.08572330399888264,100,1.7498158960596661,0.083248625244961,nan
professor_vs_elementary_school_teacher,black→white,q_exploded,pos,0.005,0.049999999999999996,100,1.0,0.3197484741393017,nan
professor_vs_elementary_school_teacher,black→white,q_jerk_in_grasp,neg,0.0,0.0,100,nan,nan,nan
professor_vs_elementary_school_teacher,black→white,q_jerk_in_grasp,pos,0.0,0.0,100,nan,nan,nan
professor_vs_elementary_school_teacher,black→white,q_tile_drift,neg,0.00042751915752887727,0.0011937771743323535,100,3.581230791818221,0.0005320716806714393,0.0009422102678556737
professor_vs_elementary_school_teacher,black→white,q_tile_drift,pos,5.1961541175842284e-05,0.00015620953294942245,100,3.326400136710376,0.0012353280578329918,0.0018295653985641873
professor_vs_elementary_school_teacher,black→white,xpos_reversals,neg,0.72,0.6602723649825094,100,10.90459086560548,1.1755933802602511e-18,2.562190700567214e-18
professor_vs_elementary_school_teacher,black→white,xpos_reversals,pos,0.925,0.6756029854429255,100,13.691472949806014,1.4203809701047605e-24,4.8292952983561855e-24
programmer_vs_typist,all→white,d_approach_retreat,neg,0.21,3.122240195498072,100,0.6725939929374971,0.5027724924981392,0.9290361274422136
programmer_vs_typist,all→white,d_approach_retreat,pos,0.765,5.596019057591682,100,1.3670432357841673,0.17470789723821628,0.7563782672893617
programmer_vs_typist,all→white,d_latency,neg,0.01,0.7653480095731457,100,0.1306595153435789,0.896309795624617,0.9767478542063134
programmer_vs_typist,all→white,d_latency,pos,-0.045,0.9403819340130807,100,-0.47852897181852977,0.6333288863815723,0.9655774265224796
programmer_vs_typist,all→white,d_peak_speed,neg,-7.68880546092987e-05,0.002681553606560238,100,-0.2867295079285282,0.7749186629217915,0.9680147849161543
programmer_vs_typist,all→white,d_peak_speed,pos,-0.00020375248044729233,0.004010923189338045,100,-0.5079939725320923,0.6125875686573625,0.9392076952482288
programmer_vs_typist,all→white,d_time_to_half,neg,0.095,2.874210475693431,100,0.3305255505934384,0.7417013655209748,0.9726038453780609
programmer_vs_typist,all→white,d_time_to_half,pos,-0.095,4.44875138537645,100,-0.21354306359369904,0.8313425612394167,0.9726038453780609
programmer_vs_typist,all→white,pull_AUC,neg,-0.8108019106965506,10.757152257887483,100,-0.753732857227195,0.45279856714174693,0.9441539101977121
programmer_vs_typist,all→white,pull_AUC,pos,0.8882756659556179,10.559037344867992,100,0.84124682671697,0.40223707090446126,0.9441539101977121
programmer_vs_typist,all→white,pull_MAD,neg,-2.4507950007915498,22.3547754347172,100,-1.0963183271281889,0.2755991868637473,0.9198051405792728
programmer_vs_typist,all→white,pull_MAD,pos,0.20378652177751072,19.610903494651076,100,0.1039149072520264,0.9174471011254504,0.9576082332804223
programmer_vs_typist,all→white,pull_early,neg,1.0108423158526423,10.570949238511803,100,0.956245549046786,0.34127747050024837,0.911208428797853
programmer_vs_typist,all→white,pull_early,pos,2.1566097885370255,12.825504072870007,100,1.681500996985324,0.09581777908033619,0.911208428797853
programmer_vs_typist,all→white,pull_final,neg,-1.0748656989753613,38.5583935667884,81,-0.2508867822520128,0.8025449066423589,0.9837990608611459
programmer_vs_typist,all→white,pull_final,pos,-3.2423638026503956,33.779819273103115,85,-0.8849401171620439,0.3787150690335588,0.919736596224357
programmer_vs_typist,all→white,pull_release,neg,-0.14154786244034767,18.11656521847273,100,-0.07813173233081569,0.9378809657063756,0.9967263276063107
programmer_vs_typist,all→white,pull_release,pos,0.9554549213498831,17.6985265854144,100,0.539849979453819,0.5905127571588105,0.9967263276063107
programmer_vs_typist,all→white,pull_tcp,neg,1.0508157091680914,21.62494261944958,100,0.48592762887749014,0.6280922918786989,0.9276076941876996
programmer_vs_typist,all→white,pull_tcp,pos,-4.450461957603693,24.66665034125801,100,-1.8042425282851429,0.07423407733701518,0.7346384373159347
programmer_vs_typist,all→white,q_exploded,neg,0.015,0.08572330399888264,100,1.7498158960596661,0.083248625244961,nan
programmer_vs_typist,all→white,q_exploded,pos,0.01,0.07035264706814483,100,1.421410624438029,0.15833990565972564,nan
programmer_vs_typist,all→white,q_jerk_in_grasp,neg,0.0,0.0,100,nan,nan,nan
programmer_vs_typist,all→white,q_jerk_in_grasp,pos,0.0,0.0,100,nan,nan,nan
programmer_vs_typist,all→white,q_tile_drift,neg,0.0002671612799167633,0.0005059089519783161,100,5.280817405425436,7.632898500783625e-07,3.414717750350569e-06
programmer_vs_typist,all→white,q_tile_drift,pos,0.00022990822792053221,0.000832871982061727,100,2.760426966835978,0.0068794280569613245,0.0082359349977706
programmer_vs_typist,all→white,xpos_reversals,neg,0.47,0.5542307436183211,100,8.480222459901505,2.2217783639355044e-13,2.65987550611997e-13
programmer_vs_typist,all→white,xpos_reversals,pos,0.54,0.7095310729167141,100,7.610660344728639,1.621621924702648e-11,1.790102124671754e-11
programmer_vs_typist,black→white,d_approach_retreat,neg,0.21,3.122240195498072,100,0.6725939929374971,0.5027724924981392,0.9290361274422136
programmer_vs_typist,black→white,d_approach_retreat,pos,0.765,5.596019057591682,100,1.3670432357841673,0.17470789723821628,0.7563782672893617
programmer_vs_typist,black→white,d_latency,neg,0.01,0.7653480095731457,100,0.1306595153435789,0.896309795624617,0.9767478542063134
programmer_vs_typist,black→white,d_latency,pos,-0.045,0.9403819340130807,100,-0.47852897181852977,0.6333288863815723,0.9655774265224796
programmer_vs_typist,black→white,d_peak_speed,neg,-7.68880546092987e-05,0.002681553606560238,100,-0.2867295079285282,0.7749186629217915,0.9680147849161543
programmer_vs_typist,black→white,d_peak_speed,pos,-0.00020375248044729233,0.004010923189338045,100,-0.5079939725320923,0.6125875686573625,0.9392076952482288
programmer_vs_typist,black→white,d_time_to_half,neg,0.095,2.874210475693431,100,0.3305255505934384,0.7417013655209748,0.9726038453780609
programmer_vs_typist,black→white,d_time_to_half,pos,-0.095,4.44875138537645,100,-0.21354306359369904,0.8313425612394167,0.9726038453780609
programmer_vs_typist,black→white,pull_AUC,neg,-0.8108019106965506,10.757152257887483,100,-0.753732857227195,0.45279856714174693,0.9441539101977121
programmer_vs_typist,black→white,pull_AUC,pos,0.8882756659556179,10.559037344867992,100,0.84124682671697,0.40223707090446126,0.9441539101977121
programmer_vs_typist,black→white,pull_MAD,neg,-2.4507950007915498,22.3547754347172,100,-1.0963183271281889,0.2755991868637473,0.9198051405792728
programmer_vs_typist,black→white,pull_MAD,pos,0.20378652177751072,19.610903494651076,100,0.1039149072520264,0.9174471011254504,0.9576082332804223
programmer_vs_typist,black→white,pull_early,neg,1.0108423158526423,10.570949238511803,100,0.956245549046786,0.34127747050024837,0.911208428797853
programmer_vs_typist,black→white,pull_early,pos,2.1566097885370255,12.825504072870007,100,1.681500996985324,0.09581777908033619,0.911208428797853
programmer_vs_typist,black→white,pull_final,neg,-1.0748656989753613,38.5583935667884,81,-0.2508867822520128,0.8025449066423589,0.9837990608611459
programmer_vs_typist,black→white,pull_final,pos,-3.2423638026503956,33.779819273103115,85,-0.8849401171620439,0.3787150690335588,0.919736596224357
programmer_vs_typist,black→white,pull_release,neg,-0.14154786244034767,18.11656521847273,100,-0.07813173233081569,0.9378809657063756,0.9967263276063107
programmer_vs_typist,black→white,pull_release,pos,0.9554549213498831,17.6985265854144,100,0.539849979453819,0.5905127571588105,0.9967263276063107
programmer_vs_typist,black→white,pull_tcp,neg,1.0508157091680914,21.62494261944958,100,0.48592762887749014,0.6280922918786989,0.9276076941876996
programmer_vs_typist,black→white,pull_tcp,pos,-4.450461957603693,24.66665034125801,100,-1.8042425282851429,0.07423407733701518,0.7346384373159347
programmer_vs_typist,black→white,q_exploded,neg,0.015,0.08572330399888264,100,1.7498158960596661,0.083248625244961,nan
programmer_vs_typist,black→white,q_exploded,pos,0.01,0.07035264706814483,100,1.421410624438029,0.15833990565972564,nan
programmer_vs_typist,black→white,q_jerk_in_grasp,neg,0.0,0.0,100,nan,nan,nan
programmer_vs_typist,black→white,q_jerk_in_grasp,pos,0.0,0.0,100,nan,nan,nan
programmer_vs_typist,black→white,q_tile_drift,neg,0.0002671612799167633,0.0005059089519783161,100,5.280817405425436,7.632898500783625e-07,3.414717750350569e-06
programmer_vs_typist,black→white,q_tile_drift,pos,0.00022990822792053221,0.000832871982061727,100,2.760426966835978,0.0068794280569613245,0.0082359349977706
programmer_vs_typist,black→white,xpos_reversals,neg,0.47,0.5542307436183211,100,8.480222459901505,2.2217783639355044e-13,2.65987550611997e-13
programmer_vs_typist,black→white,xpos_reversals,pos,0.54,0.7095310729167141,100,7.610660344728639,1.621621924702648e-11,1.790102124671754e-11
religion,all→white,d_approach_retreat,-,0.010833333333333334,4.84374880401012,600,0.054784300247324835,0.9563285752430204,0.9715948128986225
religion,all→white,d_latency,-,0.03333333333333333,2.468443012724283,600,0.330773923772542,0.7409309287476659,0.9655774265224796
religion,all→white,d_peak_speed,-,0.00012898903340101243,0.002819764039430556,600,1.1205097654593235,0.2629456383663388,0.8303219517549772
religion,all→white,d_time_to_half,-,0.1925,6.835659257096706,600,0.6898043886494605,0.4905843579075355,0.928687430803243
religion,all→white,pull_AUC,-,-0.4505402354562733,10.521141254122318,600,-1.0489296349185098,0.2946335313956639,0.9315213646108147
religion,all→white,pull_MAD,-,-0.2781047097407282,17.545570288368,600,-0.38825448402849827,0.6979656637085885,0.9576082332804223
religion,all→white,pull_early,-,-0.8757259547710416,21.660428512478923,600,-0.9903228564775879,0.32241620228821577,0.911208428797853
religion,all→white,pull_final,-,-1.894420165322425,38.67313391983207,502,-1.09753606359875,0.27293433913841664,0.919736596224357
religion,all→white,pull_release,-,0.05989605085536217,25.54475738496243,600,0.05743439250270453,0.9542183204552896,0.9967263276063107
religion,all→white,pull_tcp,-,-0.4801003717147978,25.973735227374902,600,-0.4527654285096228,0.6508816021813059,0.9276076941876996
religion,all→white,q_exploded,-,0.018333333333333333,0.09404944294582286,600,4.774862087901335,2.2632695047098207e-06,nan
religion,all→white,q_jerk_in_grasp,-,0.0,0.0,600,nan,nan,nan
religion,all→white,q_tile_drift,-,0.00040747673561175666,0.0012282248301537862,600,8.126444440785304,2.5400771810768217e-15,2.698832004894123e-14
religion,all→white,xpos_reversals,-,0.6608333333333334,0.6673016244439478,600,24.257463377794995,4.566694192848696e-91,4.85211257990174e-90
religion,black→white,d_approach_retreat,-,0.010833333333333334,4.84374880401012,600,0.054784300247324835,0.9563285752430204,0.9715948128986225
religion,black→white,d_latency,-,0.03333333333333333,2.468443012724283,600,0.330773923772542,0.7409309287476659,0.9655774265224796
religion,black→white,d_peak_speed,-,0.00012898903340101243,0.002819764039430556,600,1.1205097654593235,0.2629456383663388,0.8303219517549772
religion,black→white,d_time_to_half,-,0.1925,6.835659257096706,600,0.6898043886494605,0.4905843579075355,0.928687430803243
religion,black→white,pull_AUC,-,-0.4505402354562733,10.521141254122318,600,-1.0489296349185098,0.2946335313956639,0.9315213646108147
religion,black→white,pull_MAD,-,-0.2781047097407282,17.545570288368,600,-0.38825448402849827,0.6979656637085885,0.9576082332804223
religion,black→white,pull_early,-,-0.8757259547710416,21.660428512478923,600,-0.9903228564775879,0.32241620228821577,0.911208428797853
religion,black→white,pull_final,-,-1.894420165322425,38.67313391983207,502,-1.09753606359875,0.27293433913841664,0.919736596224357
religion,black→white,pull_release,-,0.05989605085536217,25.54475738496243,600,0.05743439250270453,0.9542183204552896,0.9967263276063107
religion,black→white,pull_tcp,-,-0.4801003717147978,25.973735227374902,600,-0.4527654285096228,0.6508816021813059,0.9276076941876996
religion,black→white,q_exploded,-,0.018333333333333333,0.09404944294582286,600,4.774862087901335,2.2632695047098207e-06,nan
religion,black→white,q_jerk_in_grasp,-,0.0,0.0,600,nan,nan,nan
religion,black→white,q_tile_drift,-,0.00040747673561175666,0.0012282248301537862,600,8.126444440785304,2.5400771810768217e-15,2.698832004894123e-14
religion,black→white,xpos_reversals,-,0.6608333333333334,0.6673016244439478,600,24.257463377794995,4.566694192848696e-91,4.85211257990174e-90
restaurant_manager_vs_server,all→white,d_approach_retreat,pos,-0.145,4.827998623350125,100,-0.3003314858018439,0.7645540722052393,0.93645870856795
restaurant_manager_vs_server,all→white,d_latency,pos,-0.02,2.8497031566126463,100,-0.07018274852098412,0.9441897787156286,1.0
restaurant_manager_vs_server,all→white,d_peak_speed,pos,3.5987310111522676e-05,0.003241472886337339,100,0.11102147503132773,0.911824085898162,0.9810765481182755
restaurant_manager_vs_server,all→white,d_time_to_half,pos,-0.395,11.914106527282453,100,-0.3315397584329788,0.7409376217278583,0.9726038453780609
restaurant_manager_vs_server,all→white,pull_AUC,pos,-1.7968260764008153,10.188111158141837,100,-1.7636498547278612,0.080876029215911,0.9315213646108147
restaurant_manager_vs_server,all→white,pull_MAD,pos,-2.2218338625621983,27.75704441586775,100,-0.800457652938024,0.4253624146187662,0.9576082332804223
restaurant_manager_vs_server,all→white,pull_early,pos,1.6418632380664355,15.48084709352844,100,1.0605771300155753,0.29146270607419045,0.911208428797853
restaurant_manager_vs_server,all→white,pull_final,pos,-0.6548045314767204,28.935989500994356,86,-0.2098565668137335,0.8342818127794587,0.9837990608611459
restaurant_manager_vs_server,all→white,pull_release,pos,-1.6068763367366046,19.826652491453014,100,-0.8104627533212204,0.41961823956025013,0.9967263276063107
restaurant_manager_vs_server,all→white,pull_tcp,pos,3.5074336727848276,27.11196644400108,100,1.29368472037221,0.19878451833254704,0.7346384373159347
restaurant_manager_vs_server,all→white,q_exploded,pos,0.005,0.049999999999999996,100,1.0,0.3197484741393017,nan
restaurant_manager_vs_server,all→white,q_jerk_in_grasp,pos,0.0,0.0,100,nan,nan,nan
restaurant_manager_vs_server,all→white,q_tile_drift,pos,0.00030005574226379397,0.0011010915397085745,100,2.725075358795415,0.00760226267175714,0.008974893431935513
restaurant_manager_vs_server,all→white,xpos_reversals,pos,0.915,0.6318763144537677,100,14.480682042829566,3.4479064369409756e-26,1.5424844586314892e-25
restaurant_manager_vs_server,black→white,d_approach_retreat,pos,-0.145,4.827998623350125,100,-0.3003314858018439,0.7645540722052393,0.93645870856795
restaurant_manager_vs_server,black→white,d_latency,pos,-0.02,2.8497031566126463,100,-0.07018274852098412,0.9441897787156286,1.0
restaurant_manager_vs_server,black→white,d_peak_speed,pos,3.5987310111522676e-05,0.003241472886337339,100,0.11102147503132773,0.911824085898162,0.9810765481182755
restaurant_manager_vs_server,black→white,d_time_to_half,pos,-0.395,11.914106527282453,100,-0.3315397584329788,0.7409376217278583,0.9726038453780609
restaurant_manager_vs_server,black→white,pull_AUC,pos,-1.7968260764008153,10.188111158141837,100,-1.7636498547278612,0.080876029215911,0.9315213646108147
restaurant_manager_vs_server,black→white,pull_MAD,pos,-2.2218338625621983,27.75704441586775,100,-0.800457652938024,0.4253624146187662,0.9576082332804223
restaurant_manager_vs_server,black→white,pull_early,pos,1.6418632380664355,15.48084709352844,100,1.0605771300155753,0.29146270607419045,0.911208428797853
restaurant_manager_vs_server,black→white,pull_final,pos,-0.6548045314767204,28.935989500994356,86,-0.2098565668137335,0.8342818127794587,0.9837990608611459
restaurant_manager_vs_server,black→white,pull_release,pos,-1.6068763367366046,19.826652491453014,100,-0.8104627533212204,0.41961823956025013,0.9967263276063107
restaurant_manager_vs_server,black→white,pull_tcp,pos,3.5074336727848276,27.11196644400108,100,1.29368472037221,0.19878451833254704,0.7346384373159347
restaurant_manager_vs_server,black→white,q_exploded,pos,0.005,0.049999999999999996,100,1.0,0.3197484741393017,nan
restaurant_manager_vs_server,black→white,q_jerk_in_grasp,pos,0.0,0.0,100,nan,nan,nan
restaurant_manager_vs_server,black→white,q_tile_drift,pos,0.00030005574226379397,0.0011010915397085745,100,2.725075358795415,0.00760226267175714,0.008974893431935513
restaurant_manager_vs_server,black→white,xpos_reversals,pos,0.915,0.6318763144537677,100,14.480682042829566,3.4479064369409756e-26,1.5424844586314892e-25
safety_trust_and_aggression,all→white,d_approach_retreat,-,0.295,4.173082938562473,100,0.7069114233843155,0.48128212384139746,0.9290361274422136
safety_trust_and_aggression,all→white,d_latency,-,0.195,3.2705411469570898,100,0.5962316058351015,0.5523813687576674,0.9609785119552731
safety_trust_and_aggression,all→white,d_peak_speed,-,0.0005471505224704743,0.004610961329536037,100,1.1866300395226466,0.23821337953678207,0.8303219517549772
safety_trust_and_aggression,all→white,d_time_to_half,-,0.12,11.808471535300411,100,0.10162195813511538,0.9192622877772582,1.0
safety_trust_and_aggression,all→white,pull_AUC,-,-1.8604895257436433,11.985774939046447,100,-1.5522480066621862,0.1237939586776398,0.9315213646108147
safety_trust_and_aggression,all→white,pull_MAD,-,-5.43973026201129,23.36406177213323,100,-2.3282468241456895,0.021933362171589425,0.4968448602501522
safety_trust_and_aggression,all→white,pull_early,-,-1.391988966614008,18.46617258157013,100,-0.7538048073932008,0.45275555320368466,0.911208428797853
safety_trust_and_aggression,all→white,pull_final,-,-1.2806436677663764,42.40073162733767,79,-0.268453148366732,0.7890592638344843,0.9837990608611459
safety_trust_and_aggression,all→white,pull_release,-,-2.8102310455869883,31.518862025782216,100,-0.8916029529518669,0.374767691389161,0.9967263276063107
safety_trust_and_aggression,all→white,pull_tcp,-,-0.13846977817593142,33.49568385176712,100,-0.04133958834479095,0.9671084309580917,0.9856727945009636
safety_trust_and_aggression,all→white,q_exploded,-,0.005,0.049999999999999996,100,1.0,0.3197484741393017,nan
safety_trust_and_aggression,all→white,q_jerk_in_grasp,-,0.0,0.0,100,nan,nan,nan
safety_trust_and_aggression,all→white,q_tile_drift,-,0.0009402523189783096,0.0024388200716199703,100,3.8553574735579126,0.00020557082122069575,0.0004063609256688172
safety_trust_and_aggression,all→white,xpos_reversals,-,0.59,0.5962000884388943,100,9.896006583039448,1.8444978507147687e-16,2.95815693039161e-16
safety_trust_and_aggression,black→white,d_approach_retreat,-,0.295,4.173082938562473,100,0.7069114233843155,0.48128212384139746,0.9290361274422136
safety_trust_and_aggression,black→white,d_latency,-,0.195,3.2705411469570898,100,0.5962316058351015,0.5523813687576674,0.9609785119552731
safety_trust_and_aggression,black→white,d_peak_speed,-,0.0005471505224704743,0.004610961329536037,100,1.1866300395226466,0.23821337953678207,0.8303219517549772
safety_trust_and_aggression,black→white,d_time_to_half,-,0.12,11.808471535300411,100,0.10162195813511538,0.9192622877772582,1.0
safety_trust_and_aggression,black→white,pull_AUC,-,-1.8604895257436433,11.985774939046447,100,-1.5522480066621862,0.1237939586776398,0.9315213646108147
safety_trust_and_aggression,black→white,pull_MAD,-,-5.43973026201129,23.36406177213323,100,-2.3282468241456895,0.021933362171589425,0.4968448602501522
safety_trust_and_aggression,black→white,pull_early,-,-1.391988966614008,18.46617258157013,100,-0.7538048073932008,0.45275555320368466,0.911208428797853
safety_trust_and_aggression,black→white,pull_final,-,-1.2806436677663764,42.40073162733767,79,-0.268453148366732,0.7890592638344843,0.9837990608611459
safety_trust_and_aggression,black→white,pull_release,-,-2.8102310455869883,31.518862025782216,100,-0.8916029529518669,0.374767691389161,0.9967263276063107
safety_trust_and_aggression,black→white,pull_tcp,-,-0.13846977817593142,33.49568385176712,100,-0.04133958834479095,0.9671084309580917,0.9856727945009636
safety_trust_and_aggression,black→white,q_exploded,-,0.005,0.049999999999999996,100,1.0,0.3197484741393017,nan
safety_trust_and_aggression,black→white,q_jerk_in_grasp,-,0.0,0.0,100,nan,nan,nan
safety_trust_and_aggression,black→white,q_tile_drift,-,0.0009402523189783096,0.0024388200716199703,100,3.8553574735579126,0.00020557082122069575,0.0004063609256688172
safety_trust_and_aggression,black→white,xpos_reversals,-,0.59,0.5962000884388943,100,9.896006583039448,1.8444978507147687e-16,2.95815693039161e-16
science_student_vs_arts_student,all→white,d_approach_retreat,neg,-0.64,5.157655876598801,100,-1.2408737909479257,0.2175848289380696,0.7563782672893617
science_student_vs_arts_student,all→white,d_approach_retreat,pos,-0.365,4.28873023990867,100,-0.8510677510175432,0.3967855655737712,0.9201684790335856
science_student_vs_arts_student,all→white,d_latency,neg,0.11,3.438918669605551,100,0.3198679892380739,0.7497424723586312,0.9655774265224796
science_student_vs_arts_student,all→white,d_latency,pos,-0.28,1.5558946239408633,100,-1.7996077349428665,0.07496879349870902,0.8172584337885556
science_student_vs_arts_student,all→white,d_peak_speed,neg,0.00021451786160469054,0.004186466235683496,100,0.5124079582351335,0.6095068396583727,0.9392076952482288
science_student_vs_arts_student,all→white,d_peak_speed,pos,0.0001226164400577545,0.002745728685410038,100,0.446571581195552,0.6561597457297663,0.9393447458136254
science_student_vs_arts_student,all→white,d_time_to_half,neg,1.09,13.257622164420944,100,0.8221685506509592,0.41295675537989884,0.928687430803243
science_student_vs_arts_student,all→white,d_time_to_half,pos,-0.22,3.3749822296576686,100,-0.651855284056755,0.5160050331128917,0.928687430803243
science_student_vs_arts_student,all→white,pull_AUC,neg,-0.20376006576040545,14.533685003152423,100,-0.14019848766242626,0.8887880130316977,0.993762620911387
science_student_vs_arts_student,all→white,pull_AUC,pos,-0.13078948033554594,13.058672931523175,100,-0.10015526158084927,0.9204236057922924,0.993762620911387
science_student_vs_arts_student,all→white,pull_MAD,neg,0.5800245723570692,36.8803335610364,100,0.1572720516199066,0.8753507565842242,0.9576082332804223
science_student_vs_arts_student,all→white,pull_MAD,pos,-0.353750115633011,26.622568084676793,100,-0.13287603003131004,0.8945611335937407,0.9576082332804223
science_student_vs_arts_student,all→white,pull_early,neg,0.4147642031311988,14.208823844538625,100,0.29190607728634743,0.7709692470929469,0.9228620170272526
science_student_vs_arts_student,all→white,pull_early,pos,-0.5828939154744145,17.966713828448526,100,-0.324429899112357,0.746297081464412,0.9228620170272526
science_student_vs_arts_student,all→white,pull_final,neg,-2.3892324773067446,40.33222284896544,85,-0.5461547489169092,0.5864072436530239,0.9837990608611459
science_student_vs_arts_student,all→white,pull_final,pos,-1.608349716735083,38.70219344808003,87,-0.38761853325035145,0.699256052293393,0.9837990608611459
science_student_vs_arts_student,all→white,pull_release,neg,-0.7471254465053789,24.26534040917128,100,-0.3078981930222569,0.7588066523025119,0.9967263276063107
science_student_vs_arts_student,all→white,pull_release,pos,0.6501645059324801,21.61140134185703,100,0.3008432889880396,0.7641649039931981,0.9967263276063107
science_student_vs_arts_student,all→white,pull_tcp,neg,6.0200836474541575,34.46620491400855,100,1.7466627563069284,0.08379734053561741,0.7346384373159347
science_student_vs_arts_student,all→white,pull_tcp,pos,-0.34557927632704377,25.503107539919437,100,-0.13550477163856064,0.8924879305859673,0.9695848130786776
science_student_vs_arts_student,all→white,q_exploded,neg,0.01,0.07035264706814484,100,1.4214106244380287,0.15833990565972564,nan
science_student_vs_arts_student,all→white,q_exploded,pos,0.01,0.07035264706814483,100,1.421410624438029,0.15833990565972564,nan
science_student_vs_arts_student,all→white,q_jerk_in_grasp,neg,0.0,0.0,100,nan,nan,nan
science_student_vs_arts_student,all→white,q_jerk_in_grasp,pos,0.0,0.0,100,nan,nan,nan
science_student_vs_arts_student,all→white,q_tile_drift,neg,0.00046147197484970094,0.0014541353243616546,100,3.1735146455662973,0.002006815861414721,0.0027512798100040536
science_student_vs_arts_student,all→white,q_tile_drift,pos,0.00041424453258514404,0.0012775385022516079,100,3.2425209248492743,0.0016151869998947744,0.002275165618716355
science_student_vs_arts_student,all→white,xpos_reversals,neg,0.775,0.5521994589133916,100,14.034783763190052,2.7933097205054686e-25,1.0792333011043856e-24
science_student_vs_arts_student,all→white,xpos_reversals,pos,0.535,0.5470536324417167,100,9.779662692524012,3.3092508035893263e-16,4.93484768956303e-16
science_student_vs_arts_student,black→white,d_approach_retreat,neg,-0.64,5.157655876598801,100,-1.2408737909479257,0.2175848289380696,0.7563782672893617
science_student_vs_arts_student,black→white,d_approach_retreat,pos,-0.365,4.28873023990867,100,-0.8510677510175432,0.3967855655737712,0.9201684790335856
science_student_vs_arts_student,black→white,d_latency,neg,0.11,3.438918669605551,100,0.3198679892380739,0.7497424723586312,0.9655774265224796
science_student_vs_arts_student,black→white,d_latency,pos,-0.28,1.5558946239408633,100,-1.7996077349428665,0.07496879349870902,0.8172584337885556
science_student_vs_arts_student,black→white,d_peak_speed,neg,0.00021451786160469054,0.004186466235683496,100,0.5124079582351335,0.6095068396583727,0.9392076952482288
science_student_vs_arts_student,black→white,d_peak_speed,pos,0.0001226164400577545,0.002745728685410038,100,0.446571581195552,0.6561597457297663,0.9393447458136254
science_student_vs_arts_student,black→white,d_time_to_half,neg,1.09,13.257622164420944,100,0.8221685506509592,0.41295675537989884,0.928687430803243
science_student_vs_arts_student,black→white,d_time_to_half,pos,-0.22,3.3749822296576686,100,-0.651855284056755,0.5160050331128917,0.928687430803243
science_student_vs_arts_student,black→white,pull_AUC,neg,-0.20376006576040545,14.533685003152423,100,-0.14019848766242626,0.8887880130316977,0.993762620911387
science_student_vs_arts_student,black→white,pull_AUC,pos,-0.13078948033554594,13.058672931523175,100,-0.10015526158084927,0.9204236057922924,0.993762620911387
science_student_vs_arts_student,black→white,pull_MAD,neg,0.5800245723570692,36.8803335610364,100,0.1572720516199066,0.8753507565842242,0.9576082332804223
science_student_vs_arts_student,black→white,pull_MAD,pos,-0.353750115633011,26.622568084676793,100,-0.13287603003131004,0.8945611335937407,0.9576082332804223
science_student_vs_arts_student,black→white,pull_early,neg,0.4147642031311988,14.208823844538625,100,0.29190607728634743,0.7709692470929469,0.9228620170272526
science_student_vs_arts_student,black→white,pull_early,pos,-0.5828939154744145,17.966713828448526,100,-0.324429899112357,0.746297081464412,0.9228620170272526
science_student_vs_arts_student,black→white,pull_final,neg,-2.3892324773067446,40.33222284896544,85,-0.5461547489169092,0.5864072436530239,0.9837990608611459
science_student_vs_arts_student,black→white,pull_final,pos,-1.608349716735083,38.70219344808003,87,-0.38761853325035145,0.699256052293393,0.9837990608611459
science_student_vs_arts_student,black→white,pull_release,neg,-0.7471254465053789,24.26534040917128,100,-0.3078981930222569,0.7588066523025119,0.9967263276063107
science_student_vs_arts_student,black→white,pull_release,pos,0.6501645059324801,21.61140134185703,100,0.3008432889880396,0.7641649039931981,0.9967263276063107
science_student_vs_arts_student,black→white,pull_tcp,neg,6.0200836474541575,34.46620491400855,100,1.7466627563069284,0.08379734053561741,0.7346384373159347
science_student_vs_arts_student,black→white,pull_tcp,pos,-0.34557927632704377,25.503107539919437,100,-0.13550477163856064,0.8924879305859673,0.9695848130786776
science_student_vs_arts_student,black→white,q_exploded,neg,0.01,0.07035264706814484,100,1.4214106244380287,0.15833990565972564,nan
science_student_vs_arts_student,black→white,q_exploded,pos,0.01,0.07035264706814483,100,1.421410624438029,0.15833990565972564,nan
science_student_vs_arts_student,black→white,q_jerk_in_grasp,neg,0.0,0.0,100,nan,nan,nan
science_student_vs_arts_student,black→white,q_jerk_in_grasp,pos,0.0,0.0,100,nan,nan,nan
science_student_vs_arts_student,black→white,q_tile_drift,neg,0.00046147197484970094,0.0014541353243616546,100,3.1735146455662973,0.002006815861414721,0.0027512798100040536
science_student_vs_arts_student,black→white,q_tile_drift,pos,0.00041424453258514404,0.0012775385022516079,100,3.2425209248492743,0.0016151869998947744,0.002275165618716355
science_student_vs_arts_student,black→white,xpos_reversals,neg,0.775,0.5521994589133916,100,14.034783763190052,2.7933097205054686e-25,1.0792333011043856e-24
science_student_vs_arts_student,black→white,xpos_reversals,pos,0.535,0.5470536324417167,100,9.779662692524012,3.3092508035893263e-16,4.93484768956303e-16
sexual_orientation,all→white,d_approach_retreat,-,-0.12125,4.386230840935636,400,-0.5528664787470963,0.5806644470933764,0.9314064152618626
sexual_orientation,all→white,d_latency,-,-0.02375,2.488582638042369,400,-0.19087170051690805,0.8487231941616298,0.9767478542063134
sexual_orientation,all→white,d_peak_speed,-,0.0002018637303262949,0.0031107644514400037,400,1.2978400227818614,0.19509208141152817,0.7896584247609473
sexual_orientation,all→white,d_time_to_half,-,0.575,7.520190033859743,400,1.5292166751400051,0.12700311053409466,0.9216060222626153
sexual_orientation,all→white,pull_AUC,-,-0.8661678161834714,9.732656944531058,400,-1.7799205728096386,0.0758499279924128,0.9315213646108147
sexual_orientation,all→white,pull_MAD,-,-1.7548705636523665,17.149638706215555,400,-2.0465393979598505,0.04135813178514444,0.5821562744254297
sexual_orientation,all→white,pull_early,-,-0.3567107561975716,17.79933467578303,400,-0.4008135839851319,0.6887719182261091,0.9228620170272526
sexual_orientation,all→white,pull_final,-,-1.538489263631553,44.299711459563376,336,-0.636594982150518,0.5248234281547302,0.9837990608611459
sexual_orientation,all→white,pull_release,-,-2.2427205624990165,28.689966108947548,400,-1.563418063292573,0.11874704640745337,0.9967263276063107
sexual_orientation,all→white,pull_tcp,-,1.4746271381409315,29.484858396235982,400,1.0002606207728517,0.31779061975318945,0.771777219400603
sexual_orientation,all→white,q_exploded,-,0.01875,0.09511073878158528,400,3.9427724440366254,9.511757595401508e-05,nan
sexual_orientation,all→white,q_jerk_in_grasp,-,0.0,0.0,400,nan,nan,nan
sexual_orientation,all→white,q_tile_drift,-,0.0006033590622246265,0.0020766385310157644,400,5.810920419833493,1.2721079566630183e-08,7.723512594025469e-08
sexual_orientation,all→white,xpos_reversals,-,0.6,0.6420908827840386,400,18.688943141458825,1.9234933262675394e-56,1.3624744394395072e-55
sexual_orientation,black→white,d_approach_retreat,-,-0.12125,4.386230840935636,400,-0.5528664787470963,0.5806644470933764,0.9314064152618626
sexual_orientation,black→white,d_latency,-,-0.02375,2.488582638042369,400,-0.19087170051690805,0.8487231941616298,0.9767478542063134
sexual_orientation,black→white,d_peak_speed,-,0.0002018637303262949,0.0031107644514400037,400,1.2978400227818614,0.19509208141152817,0.7896584247609473
sexual_orientation,black→white,d_time_to_half,-,0.575,7.520190033859743,400,1.5292166751400051,0.12700311053409466,0.9216060222626153
sexual_orientation,black→white,pull_AUC,-,-0.8661678161834714,9.732656944531058,400,-1.7799205728096386,0.0758499279924128,0.9315213646108147
sexual_orientation,black→white,pull_MAD,-,-1.7548705636523665,17.149638706215555,400,-2.0465393979598505,0.04135813178514444,0.5821562744254297
sexual_orientation,black→white,pull_early,-,-0.3567107561975716,17.79933467578303,400,-0.4008135839851319,0.6887719182261091,0.9228620170272526
sexual_orientation,black→white,pull_final,-,-1.538489263631553,44.299711459563376,336,-0.636594982150518,0.5248234281547302,0.9837990608611459
sexual_orientation,black→white,pull_release,-,-2.2427205624990165,28.689966108947548,400,-1.563418063292573,0.11874704640745337,0.9967263276063107
sexual_orientation,black→white,pull_tcp,-,1.4746271381409315,29.484858396235982,400,1.0002606207728517,0.31779061975318945,0.771777219400603
sexual_orientation,black→white,q_exploded,-,0.01875,0.09511073878158528,400,3.9427724440366254,9.511757595401508e-05,nan
sexual_orientation,black→white,q_jerk_in_grasp,-,0.0,0.0,400,nan,nan,nan
sexual_orientation,black→white,q_tile_drift,-,0.0006033590622246265,0.0020766385310157644,400,5.810920419833493,1.2721079566630183e-08,7.723512594025469e-08
sexual_orientation,black→white,xpos_reversals,-,0.6,0.6420908827840386,400,18.688943141458825,1.9234933262675394e-56,1.3624744394395072e-55
spoken_language,all→white,d_approach_retreat,-,0.045909090909090906,4.367702580694142,1100,0.34861171565297383,0.7274476025454536,0.93645870856795
spoken_language,all→white,d_latency,-,-0.04454545454545455,1.7214636240278276,1100,-0.858226434651145,0.39095457207295836,0.8307784656550365
spoken_language,all→white,d_peak_speed,-,0.0001820814474062486,0.0026771060680545198,1100,2.255778542126328,0.024280492247963994,0.5047173769290482
spoken_language,all→white,d_time_to_half,-,-0.03090909090909091,4.929387565932253,1100,-0.2079646929467029,0.8352950672070405,0.9726038453780609
spoken_language,all→white,pull_AUC,-,-0.3760560398457614,8.891093541177728,1100,-1.4027934567766558,0.16096086917621014,0.9315213646108147
spoken_language,all→white,pull_MAD,-,-1.2091723756293173,16.636096267752865,1100,-2.4106443075824,0.016087722080237957,0.4968448602501522
spoken_language,all→white,pull_early,-,0.1910496936603026,18.350883166980463,1100,0.34529136522633447,0.7299414132364015,0.9228620170272526
spoken_language,all→white,pull_final,-,0.09544311935378316,38.21343652904705,918,0.07567455398941993,0.9396945267396444,0.9934806747212135
spoken_language,all→white,pull_release,-,-0.0029924585595091976,24.184066011670176,1100,-0.004103884862781184,0.9967263276063107,0.9967263276063107
spoken_language,all→white,pull_tcp,-,-1.4925707526245704,27.40819432142614,1100,-1.8061376468147015,0.07117032860042993,0.7346384373159347
spoken_language,all→white,q_exploded,-,0.014545454545454545,0.08406891280032848,1100,5.7383655296008165,1.2353619078413207e-08,nan
spoken_language,all→white,q_jerk_in_grasp,-,0.0,0.0,1100,nan,nan,nan
spoken_language,all→white,q_tile_drift,-,0.0004732314429499886,0.0018055904208520443,1100,8.692619971493531,1.2677762752299249e-17,1.5394426199220517e-16
spoken_language,all→white,xpos_reversals,-,0.4668181818181818,0.5818289256028878,1100,26.61024033486333,7.944200788101173e-121,1.3505141339771995e-119
spoken_language,black→white,d_approach_retreat,-,0.045909090909090906,4.367702580694142,1100,0.34861171565297383,0.7274476025454536,0.93645870856795
spoken_language,black→white,d_latency,-,-0.04454545454545455,1.7214636240278276,1100,-0.858226434651145,0.39095457207295836,0.8307784656550365
spoken_language,black→white,d_peak_speed,-,0.0001820814474062486,0.0026771060680545198,1100,2.255778542126328,0.024280492247963994,0.5047173769290482
spoken_language,black→white,d_time_to_half,-,-0.03090909090909091,4.929387565932253,1100,-0.2079646929467029,0.8352950672070405,0.9726038453780609
spoken_language,black→white,pull_AUC,-,-0.3760560398457614,8.891093541177728,1100,-1.4027934567766558,0.16096086917621014,0.9315213646108147
spoken_language,black→white,pull_MAD,-,-1.2091723756293173,16.636096267752865,1100,-2.4106443075824,0.016087722080237957,0.4968448602501522
spoken_language,black→white,pull_early,-,0.1910496936603026,18.350883166980463,1100,0.34529136522633447,0.7299414132364015,0.9228620170272526
spoken_language,black→white,pull_final,-,0.09544311935378316,38.21343652904705,918,0.07567455398941993,0.9396945267396444,0.9934806747212135
spoken_language,black→white,pull_release,-,-0.0029924585595091976,24.184066011670176,1100,-0.004103884862781184,0.9967263276063107,0.9967263276063107
spoken_language,black→white,pull_tcp,-,-1.4925707526245704,27.40819432142614,1100,-1.8061376468147015,0.07117032860042993,0.7346384373159347
spoken_language,black→white,q_exploded,-,0.014545454545454545,0.08406891280032848,1100,5.7383655296008165,1.2353619078413207e-08,nan
spoken_language,black→white,q_jerk_in_grasp,-,0.0,0.0,1100,nan,nan,nan
spoken_language,black→white,q_tile_drift,-,0.0004732314429499886,0.0018055904208520443,1100,8.692619971493531,1.2677762752299249e-17,1.5394426199220517e-16
spoken_language,black→white,xpos_reversals,-,0.4668181818181818,0.5818289256028878,1100,26.61024033486333,7.944200788101173e-121,1.3505141339771995e-119
sysadmin_vs_receptionist,all→white,d_approach_retreat,neg,-0.115,5.565884085800356,100,-0.20661587310700052,0.8367342098780532,0.93645870856795
sysadmin_vs_receptionist,all→white,d_approach_retreat,pos,-0.605,4.500446105833859,100,-1.3443111766536826,0.1819201124955668,0.7563782672893617
sysadmin_vs_receptionist,all→white,d_latency,neg,-0.09,0.6489307444643928,100,-1.3868968417312881,0.1685880366768067,0.8172584337885556
sysadmin_vs_receptionist,all→white,d_latency,pos,0.115,1.1433934077335257,100,1.0057780569852768,0.316974333478498,0.8172584337885556
sysadmin_vs_receptionist,all→white,d_peak_speed,neg,-4.474397748708725e-05,0.0022526659919365312,100,-0.19862677222122288,0.8429620422425514,0.9680147849161543
sysadmin_vs_receptionist,all→white,d_peak_speed,pos,0.0005857851728796959,0.0033554288775709176,100,1.745783308939515,0.08395091272476216,0.7753672133270322
sysadmin_vs_receptionist,all→white,d_time_to_half,neg,-0.355,2.6707308045370333,100,-1.329224193606209,0.18682912496489834,0.9216060222626153
sysadmin_vs_receptionist,all→white,d_time_to_half,pos,-0.045,6.283333333333333,100,-0.07161803713527852,0.943050368756343,1.0
sysadmin_vs_receptionist,all→white,pull_AUC,neg,0.7371060685338461,8.8715017032161,100,0.8308695564659928,0.4080466814847171,0.9441539101977121
sysadmin_vs_receptionist,all→white,pull_AUC,pos,0.37120910812728103,13.120596788870174,100,0.28292090222768457,0.7778281895532893,0.993762620911387
sysadmin_vs_receptionist,all→white,pull_MAD,neg,0.5477191884536294,15.710723701325003,100,0.3486275991267265,0.7281092241089143,0.9576082332804223
sysadmin_vs_receptionist,all→white,pull_MAD,pos,1.5979037947952752,25.915862129012883,100,0.6165736593444898,0.5389312521421983,0.9576082332804223
sysadmin_vs_receptionist,all→white,pull_early,neg,-1.4055217057466507,19.014713170858617,100,-0.7391758650878371,0.46154922485430383,0.911208428797853
sysadmin_vs_receptionist,all→white,pull_early,pos,-0.6478045396506786,8.705184285035369,100,-0.7441594783516366,0.4585426740174895,0.911208428797853
sysadmin_vs_receptionist,all→white,pull_final,neg,1.2463427029867122,29.165254230487722,94,0.4143197497240174,0.6795940195858977,0.9837990608611459
sysadmin_vs_receptionist,all→white,pull_final,pos,-7.8684014068650345,40.310038220631306,84,-1.789010709833623,0.0772612759608053,0.8456594532877159
sysadmin_vs_receptionist,all→white,pull_release,neg,1.157053909264505,18.833138925996497,100,0.6143712494295652,0.5403793983254783,0.9967263276063107
sysadmin_vs_receptionist,all→white,pull_release,pos,-0.2927310485392809,20.07557703529969,100,-0.145814512840433,0.8843643033503601,0.9967263276063107
sysadmin_vs_receptionist,all→white,pull_tcp,neg,-0.7612507604062557,21.52999497766442,100,-0.3535768406801721,0.7244078777378143,0.9276076941876996
sysadmin_vs_receptionist,all→white,pull_tcp,pos,2.2140703443437815,25.209673939044233,100,0.878262190021694,0.3819280090259185,0.8115970191800768
sysadmin_vs_receptionist,all→white,q_exploded,neg,0.005,0.049999999999999996,100,1.0,0.3197484741393017,nan
sysadmin_vs_receptionist,all→white,q_exploded,pos,0.015,0.08572330399888264,100,1.7498158960596661,0.083248625244961,nan
sysadmin_vs_receptionist,all→white,q_jerk_in_grasp,neg,0.0,0.0,100,nan,nan,nan
sysadmin_vs_receptionist,all→white,q_jerk_in_grasp,pos,0.0,0.0,100,nan,nan,nan
sysadmin_vs_receptionist,all→white,q_tile_drift,neg,0.0003027419000864029,0.0006389056646719462,100,4.7384444500402,7.212541664721963e-06,2.4522641660054673e-05
sysadmin_vs_receptionist,all→white,q_tile_drift,pos,0.0006102894991636276,0.0011925503873039102,100,5.1175154162110985,1.5212172811941965e-06,6.157308042928891e-06
sysadmin_vs_receptionist,all→white,xpos_reversals,neg,0.59,0.6251464474889711,100,9.437788575298732,1.843207551021457e-15,2.5684039645380957e-15
sysadmin_vs_receptionist,all→white,xpos_reversals,pos,0.535,0.5424178939868888,100,9.8632439292818,2.1745056315386394e-16,3.300588905014006e-16
sysadmin_vs_receptionist,black→white,d_approach_retreat,neg,-0.115,5.565884085800356,100,-0.20661587310700052,0.8367342098780532,0.93645870856795
sysadmin_vs_receptionist,black→white,d_approach_retreat,pos,-0.605,4.500446105833859,100,-1.3443111766536826,0.1819201124955668,0.7563782672893617
sysadmin_vs_receptionist,black→white,d_latency,neg,-0.09,0.6489307444643928,100,-1.3868968417312881,0.1685880366768067,0.8172584337885556
sysadmin_vs_receptionist,black→white,d_latency,pos,0.115,1.1433934077335257,100,1.0057780569852768,0.316974333478498,0.8172584337885556
sysadmin_vs_receptionist,black→white,d_peak_speed,neg,-4.474397748708725e-05,0.0022526659919365312,100,-0.19862677222122288,0.8429620422425514,0.9680147849161543
sysadmin_vs_receptionist,black→white,d_peak_speed,pos,0.0005857851728796959,0.0033554288775709176,100,1.745783308939515,0.08395091272476216,0.7753672133270322
sysadmin_vs_receptionist,black→white,d_time_to_half,neg,-0.355,2.6707308045370333,100,-1.329224193606209,0.18682912496489834,0.9216060222626153
sysadmin_vs_receptionist,black→white,d_time_to_half,pos,-0.045,6.283333333333333,100,-0.07161803713527852,0.943050368756343,1.0
sysadmin_vs_receptionist,black→white,pull_AUC,neg,0.7371060685338461,8.8715017032161,100,0.8308695564659928,0.4080466814847171,0.9441539101977121
sysadmin_vs_receptionist,black→white,pull_AUC,pos,0.37120910812728103,13.120596788870174,100,0.28292090222768457,0.7778281895532893,0.993762620911387
sysadmin_vs_receptionist,black→white,pull_MAD,neg,0.5477191884536294,15.710723701325003,100,0.3486275991267265,0.7281092241089143,0.9576082332804223
sysadmin_vs_receptionist,black→white,pull_MAD,pos,1.5979037947952752,25.915862129012883,100,0.6165736593444898,0.5389312521421983,0.9576082332804223
sysadmin_vs_receptionist,black→white,pull_early,neg,-1.4055217057466507,19.014713170858617,100,-0.7391758650878371,0.46154922485430383,0.911208428797853
sysadmin_vs_receptionist,black→white,pull_early,pos,-0.6478045396506786,8.705184285035369,100,-0.7441594783516366,0.4585426740174895,0.911208428797853
sysadmin_vs_receptionist,black→white,pull_final,neg,1.2463427029867122,29.165254230487722,94,0.4143197497240174,0.6795940195858977,0.9837990608611459
sysadmin_vs_receptionist,black→white,pull_final,pos,-7.8684014068650345,40.310038220631306,84,-1.789010709833623,0.0772612759608053,0.8456594532877159
sysadmin_vs_receptionist,black→white,pull_release,neg,1.157053909264505,18.833138925996497,100,0.6143712494295652,0.5403793983254783,0.9967263276063107
sysadmin_vs_receptionist,black→white,pull_release,pos,-0.2927310485392809,20.07557703529969,100,-0.145814512840433,0.8843643033503601,0.9967263276063107
sysadmin_vs_receptionist,black→white,pull_tcp,neg,-0.7612507604062557,21.52999497766442,100,-0.3535768406801721,0.7244078777378143,0.9276076941876996
sysadmin_vs_receptionist,black→white,pull_tcp,pos,2.2140703443437815,25.209673939044233,100,0.878262190021694,0.3819280090259185,0.8115970191800768
sysadmin_vs_receptionist,black→white,q_exploded,neg,0.005,0.049999999999999996,100,1.0,0.3197484741393017,nan
sysadmin_vs_receptionist,black→white,q_exploded,pos,0.015,0.08572330399888264,100,1.7498158960596661,0.083248625244961,nan
sysadmin_vs_receptionist,black→white,q_jerk_in_grasp,neg,0.0,0.0,100,nan,nan,nan
sysadmin_vs_receptionist,black→white,q_jerk_in_grasp,pos,0.0,0.0,100,nan,nan,nan
sysadmin_vs_receptionist,black→white,q_tile_drift,neg,0.0003027419000864029,0.0006389056646719462,100,4.7384444500402,7.212541664721963e-06,2.4522641660054673e-05
sysadmin_vs_receptionist,black→white,q_tile_drift,pos,0.0006102894991636276,0.0011925503873039102,100,5.1175154162110985,1.5212172811941965e-06,6.157308042928891e-06
sysadmin_vs_receptionist,black→white,xpos_reversals,neg,0.59,0.6251464474889711,100,9.437788575298732,1.843207551021457e-15,2.5684039645380957e-15
sysadmin_vs_receptionist,black→white,xpos_reversals,pos,0.535,0.5424178939868888,100,9.8632439292818,2.1745056315386394e-16,3.300588905014006e-16
taxi_driver_vs_model,all→white,d_approach_retreat,pos,-0.065,4.7924893891853895,100,-0.1356288866213817,0.89239006345887,0.93645870856795
taxi_driver_vs_model,all→white,d_latency,pos,0.045,1.1636215671407741,100,0.3867236674769876,0.6997907852771259,0.9655774265224796
taxi_driver_vs_model,all→white,d_peak_speed,pos,9.462729096412659e-05,0.003804729163615084,100,0.2487096634079887,0.8041005905014579,0.9680147849161543
taxi_driver_vs_model,all→white,d_time_to_half,pos,-0.34,6.2080430072445525,100,-0.547676618224508,0.5851466390581301,0.9726038453780609
taxi_driver_vs_model,all→white,pull_AUC,pos,0.3971968928510329,9.191339454130263,100,0.4321425564067777,0.6665775980235242,0.976880962620682
taxi_driver_vs_model,all→white,pull_MAD,pos,0.17079676762223245,13.45002778811316,100,0.1269861819714446,0.8992088993521463,0.9576082332804223
taxi_driver_vs_model,all→white,pull_early,pos,0.5711684934794898,18.545367892449203,100,0.30798445023678533,0.7587412114184394,0.9228620170272526
taxi_driver_vs_model,all→white,pull_final,pos,-2.076065946563051,42.72650897746,87,-0.45321404641363633,0.6515360670929768,0.9837990608611459
taxi_driver_vs_model,all→white,pull_release,pos,2.3031730856746435,17.216704965221826,100,1.3377548667570889,0.18404134290502241,0.9967263276063107
taxi_driver_vs_model,all→white,pull_tcp,pos,-2.3551776073873043,22.671456973476513,100,-1.0388294012787278,0.3014146295302088,0.7557236933309512
taxi_driver_vs_model,all→white,q_exploded,pos,0.005,0.049999999999999996,100,1.0,0.3197484741393017,nan
taxi_driver_vs_model,all→white,q_jerk_in_grasp,pos,0.0,0.0,100,nan,nan,nan
taxi_driver_vs_model,all→white,q_tile_drift,pos,0.0004324640333652496,0.001674244365355939,100,2.5830401004414263,0.011255468486936695,0.012588352913021303
taxi_driver_vs_model,all→white,xpos_reversals,pos,0.715,0.7080168633499339,100,10.098629524401805,6.666384121086045e-17,1.1805055214423205e-16
taxi_driver_vs_model,black→white,d_approach_retreat,pos,-0.065,4.7924893891853895,100,-0.1356288866213817,0.89239006345887,0.93645870856795
taxi_driver_vs_model,black→white,d_latency,pos,0.045,1.1636215671407741,100,0.3867236674769876,0.6997907852771259,0.9655774265224796
taxi_driver_vs_model,black→white,d_peak_speed,pos,9.462729096412659e-05,0.003804729163615084,100,0.2487096634079887,0.8041005905014579,0.9680147849161543
taxi_driver_vs_model,black→white,d_time_to_half,pos,-0.34,6.2080430072445525,100,-0.547676618224508,0.5851466390581301,0.9726038453780609
taxi_driver_vs_model,black→white,pull_AUC,pos,0.3971968928510329,9.191339454130263,100,0.4321425564067777,0.6665775980235242,0.976880962620682
taxi_driver_vs_model,black→white,pull_MAD,pos,0.17079676762223245,13.45002778811316,100,0.1269861819714446,0.8992088993521463,0.9576082332804223
taxi_driver_vs_model,black→white,pull_early,pos,0.5711684934794898,18.545367892449203,100,0.30798445023678533,0.7587412114184394,0.9228620170272526
taxi_driver_vs_model,black→white,pull_final,pos,-2.076065946563051,42.72650897746,87,-0.45321404641363633,0.6515360670929768,0.9837990608611459
taxi_driver_vs_model,black→white,pull_release,pos,2.3031730856746435,17.216704965221826,100,1.3377548667570889,0.18404134290502241,0.9967263276063107
taxi_driver_vs_model,black→white,pull_tcp,pos,-2.3551776073873043,22.671456973476513,100,-1.0388294012787278,0.3014146295302088,0.7557236933309512
taxi_driver_vs_model,black→white,q_exploded,pos,0.005,0.049999999999999996,100,1.0,0.3197484741393017,nan
taxi_driver_vs_model,black→white,q_jerk_in_grasp,pos,0.0,0.0,100,nan,nan,nan
taxi_driver_vs_model,black→white,q_tile_drift,pos,0.0004324640333652496,0.001674244365355939,100,2.5830401004414263,0.011255468486936695,0.012588352913021303
taxi_driver_vs_model,black→white,xpos_reversals,pos,0.715,0.7080168633499339,100,10.098629524401805,6.666384121086045e-17,1.1805055214423205e-16
wealthy_person_vs_poor_person,all→white,d_approach_retreat,neg,0.745,4.819727453629793,100,1.5457305566913992,0.12536041944120313,0.7563782672893617
wealthy_person_vs_poor_person,all→white,d_approach_retreat,pos,0.45,5.8168598561301605,100,0.7736132743953986,0.4410028982683325,0.9290361274422136
wealthy_person_vs_poor_person,all→white,d_latency,neg,-0.14,2.279774931297766,100,-0.6140957077736825,0.5405607136361508,0.9609785119552731
wealthy_person_vs_poor_person,all→white,d_latency,pos,-0.115,2.4421126389694114,100,-0.4709037501584318,0.6387454214629317,0.9655774265224796
wealthy_person_vs_poor_person,all→white,d_peak_speed,neg,-0.00041693903505802155,0.0027589286234280253,100,-1.5112353089438255,0.13391399082000646,0.7817489012850437
wealthy_person_vs_poor_person,all→white,d_peak_speed,pos,0.00034958917647600176,0.0026661695666908613,100,1.3112038365582925,0.19282199031820935,0.7896584247609473
wealthy_person_vs_poor_person,all→white,d_time_to_half,neg,0.61,9.080887911020884,100,0.6717404795402029,0.5033134699027261,0.928687430803243
wealthy_person_vs_poor_person,all→white,d_time_to_half,pos,-0.09,6.354184177819884,100,-0.14163895392607098,0.8876530252599781,1.0
wealthy_person_vs_poor_person,all→white,pull_AUC,neg,-0.0363738880292511,10.949042750263093,100,-0.03322106677168383,0.9735651855558032,0.993762620911387
wealthy_person_vs_poor_person,all→white,pull_AUC,pos,0.6147022833188526,10.84620055402232,100,0.5667443454112507,0.5721705832383079,0.9624772556051073
wealthy_person_vs_poor_person,all→white,pull_MAD,neg,-0.655237728729844,28.230961167380958,100,-0.23209897985582179,0.8169402413596585,0.9576082332804223
wealthy_person_vs_poor_person,all→white,pull_MAD,pos,2.190867475047708,18.862712105124167,100,1.1614806305889311,0.2482392186388207,0.9198051405792728
wealthy_person_vs_poor_person,all→white,pull_early,neg,1.717503704130649,18.868502041393903,100,0.9102491021082505,0.36490204416311367,0.911208428797853
wealthy_person_vs_poor_person,all→white,pull_early,pos,1.7059809453785413,24.799850174161723,100,0.6878996983441277,0.4931245614670734,0.911208428797853
wealthy_person_vs_poor_person,all→white,pull_final,neg,-1.986771947293378,31.106407775887714,85,-0.5888539887518699,0.5575394531725419,0.9837990608611459
wealthy_person_vs_poor_person,all→white,pull_final,pos,5.370318732423394,47.47924698427593,86,1.0489274848904415,0.29718481466757,0.919736596224357
wealthy_person_vs_poor_person,all→white,pull_release,neg,-1.767605405766517,22.870756483153873,100,-0.7728670483936544,0.44144240378330946,0.9967263276063107
wealthy_person_vs_poor_person,all→white,pull_release,pos,0.3222628840012476,27.211584932281607,100,0.1184285607777815,0.9059680594755436,0.9967263276063107
wealthy_person_vs_poor_person,all→white,pull_tcp,neg,2.0755020121578127,28.341569560225867,100,0.7323172443739817,0.46570516306907905,0.8796653080193715
wealthy_person_vs_poor_person,all→white,pull_tcp,pos,1.057424577884376,27.343688801269103,100,0.386716139716781,0.6997963408776485,0.9276076941876996
wealthy_person_vs_poor_person,all→white,q_exploded,neg,0.005,0.049999999999999996,100,1.0,0.3197484741393017,nan
wealthy_person_vs_poor_person,all→white,q_exploded,pos,0.015,0.08572330399888264,100,1.7498158960596661,0.083248625244961,nan
wealthy_person_vs_poor_person,all→white,q_jerk_in_grasp,neg,0.0,0.0,100,nan,nan,nan
wealthy_person_vs_poor_person,all→white,q_jerk_in_grasp,pos,0.0,0.0,100,nan,nan,nan
wealthy_person_vs_poor_person,all→white,q_tile_drift,neg,0.0005176840722560883,0.0012695798336365923,100,4.077601569751079,9.20497130304428e-05,0.00021146555696182804
wealthy_person_vs_poor_person,all→white,q_tile_drift,pos,0.00023059844970703126,0.0004999776803913701,100,4.612174878017045,1.1935275336477136e-05,3.7574014948168764e-05
wealthy_person_vs_poor_person,all→white,xpos_reversals,neg,0.76,0.6722493524870008,100,11.30532885139069,1.595597436431699e-19,3.767382836019289e-19
wealthy_person_vs_poor_person,all→white,xpos_reversals,pos,0.795,0.5689570468955641,100,13.972935291650014,3.740510957662992e-25,1.3823627452232796e-24
wealthy_person_vs_poor_person,black→white,d_approach_retreat,neg,0.745,4.819727453629793,100,1.5457305566913992,0.12536041944120313,0.7563782672893617
wealthy_person_vs_poor_person,black→white,d_approach_retreat,pos,0.45,5.8168598561301605,100,0.7736132743953986,0.4410028982683325,0.9290361274422136
wealthy_person_vs_poor_person,black→white,d_latency,neg,-0.14,2.279774931297766,100,-0.6140957077736825,0.5405607136361508,0.9609785119552731
wealthy_person_vs_poor_person,black→white,d_latency,pos,-0.115,2.4421126389694114,100,-0.4709037501584318,0.6387454214629317,0.9655774265224796
wealthy_person_vs_poor_person,black→white,d_peak_speed,neg,-0.00041693903505802155,0.0027589286234280253,100,-1.5112353089438255,0.13391399082000646,0.7817489012850437
wealthy_person_vs_poor_person,black→white,d_peak_speed,pos,0.00034958917647600176,0.0026661695666908613,100,1.3112038365582925,0.19282199031820935,0.7896584247609473
wealthy_person_vs_poor_person,black→white,d_time_to_half,neg,0.61,9.080887911020884,100,0.6717404795402029,0.5033134699027261,0.928687430803243
wealthy_person_vs_poor_person,black→white,d_time_to_half,pos,-0.09,6.354184177819884,100,-0.14163895392607098,0.8876530252599781,1.0
wealthy_person_vs_poor_person,black→white,pull_AUC,neg,-0.0363738880292511,10.949042750263093,100,-0.03322106677168383,0.9735651855558032,0.993762620911387
wealthy_person_vs_poor_person,black→white,pull_AUC,pos,0.6147022833188526,10.84620055402232,100,0.5667443454112507,0.5721705832383079,0.9624772556051073
wealthy_person_vs_poor_person,black→white,pull_MAD,neg,-0.655237728729844,28.230961167380958,100,-0.23209897985582179,0.8169402413596585,0.9576082332804223
wealthy_person_vs_poor_person,black→white,pull_MAD,pos,2.190867475047708,18.862712105124167,100,1.1614806305889311,0.2482392186388207,0.9198051405792728
wealthy_person_vs_poor_person,black→white,pull_early,neg,1.717503704130649,18.868502041393903,100,0.9102491021082505,0.36490204416311367,0.911208428797853
wealthy_person_vs_poor_person,black→white,pull_early,pos,1.7059809453785413,24.799850174161723,100,0.6878996983441277,0.4931245614670734,0.911208428797853
wealthy_person_vs_poor_person,black→white,pull_final,neg,-1.986771947293378,31.106407775887714,85,-0.5888539887518699,0.5575394531725419,0.9837990608611459
wealthy_person_vs_poor_person,black→white,pull_final,pos,5.370318732423394,47.47924698427593,86,1.0489274848904415,0.29718481466757,0.919736596224357
wealthy_person_vs_poor_person,black→white,pull_release,neg,-1.767605405766517,22.870756483153873,100,-0.7728670483936544,0.44144240378330946,0.9967263276063107
wealthy_person_vs_poor_person,black→white,pull_release,pos,0.3222628840012476,27.211584932281607,100,0.1184285607777815,0.9059680594755436,0.9967263276063107
wealthy_person_vs_poor_person,black→white,pull_tcp,neg,2.0755020121578127,28.341569560225867,100,0.7323172443739817,0.46570516306907905,0.8796653080193715
wealthy_person_vs_poor_person,black→white,pull_tcp,pos,1.057424577884376,27.343688801269103,100,0.386716139716781,0.6997963408776485,0.9276076941876996
wealthy_person_vs_poor_person,black→white,q_exploded,neg,0.005,0.049999999999999996,100,1.0,0.3197484741393017,nan
wealthy_person_vs_poor_person,black→white,q_exploded,pos,0.015,0.08572330399888264,100,1.7498158960596661,0.083248625244961,nan
wealthy_person_vs_poor_person,black→white,q_jerk_in_grasp,neg,0.0,0.0,100,nan,nan,nan
wealthy_person_vs_poor_person,black→white,q_jerk_in_grasp,pos,0.0,0.0,100,nan,nan,nan
wealthy_person_vs_poor_person,black→white,q_tile_drift,neg,0.0005176840722560883,0.0012695798336365923,100,4.077601569751079,9.20497130304428e-05,0.00021146555696182804
wealthy_person_vs_poor_person,black→white,q_tile_drift,pos,0.00023059844970703126,0.0004999776803913701,100,4.612174878017045,1.1935275336477136e-05,3.7574014948168764e-05
wealthy_person_vs_poor_person,black→white,xpos_reversals,neg,0.76,0.6722493524870008,100,11.30532885139069,1.595597436431699e-19,3.767382836019289e-19
wealthy_person_vs_poor_person,black→white,xpos_reversals,pos,0.795,0.5689570468955641,100,13.972935291650014,3.740510957662992e-25,1.3823627452232796e-24
