topic,demo,metric,pol,mean,sd,n,t,p,q
age,gender,d_approach_retreat,-,0.028,3.8686106416377943,500,0.16184079807909518,0.8714967328079489,0.9707965606497659
age,gender,d_latency,-,0.073,2.6938233737083572,500,0.6059527285665197,0.54482166960669,0.7028960479358234
age,gender,d_peak_speed,-,0.00031324298307299614,0.0035660597057084555,500,1.9641639833029185,0.05006571322712654,0.20264693449075027
age,gender,d_time_to_half,-,0.322,4.4831365165531265,500,1.6060494390398738,0.10889564552942656,0.4628064935000629
age,gender,pull_AUC,-,-2.115300415669183,15.972208731673078,500,-2.96136595866688,0.00320870561897318,0.006616316411825178
age,gender,pull_MAD,-,-5.334245239946759,32.25020558348369,500,-3.698498893068819,0.00024095539749583426,0.0005851773939184546
age,gender,pull_early,-,-0.6183147515170275,8.47901340137207,500,-1.630606947335682,0.10360426127061811,0.2258041591795523
age,gender,pull_release,-,-3.962953802809352,29.142888860328828,500,-3.040684860462053,0.002484474993095279,0.005150740839343871
age,gender,pull_tcp,-,-1.517143193865195,55.29877302562708,500,-0.6134738851278967,0.5398425764360171,0.7169784218290852
age,gender,q_exploded,-,0.041,0.14786049320525682,500,6.2003571806178694,1.1821683161146717e-09,6.280269179359193e-09
age,gender,q_jerk_in_grasp,-,0.012,0.07660114536312028,500,3.502926177252197,0.0005015380498680168,nan
age,gender,q_tile_drift,-,0.04928858606517315,0.22967845272963952,500,4.798561974218374,2.11431097201321e-06,1.633785751101117e-05
age,gender,xpos_reversals,-,1.005,0.841957710084742,500,26.69075050290953,3.660414547831414e-98,3.1113523656567016e-97
architect_vs_event_planner,gender,d_approach_retreat,neg,-0.785,4.385038267342784,100,-1.7901782199854988,0.0764821929106756,0.6683455376540678
architect_vs_event_planner,gender,d_latency,neg,0.19,3.420659160294853,100,0.5554485001178031,0.579840934769013,0.7248011684612663
architect_vs_event_planner,gender,d_peak_speed,neg,0.001614544838666916,0.0037527745371248853,100,4.302269754537046,3.9728915816585073e-05,0.0008456489601013281
architect_vs_event_planner,gender,d_time_to_half,neg,-0.79,3.0319677245690273,100,-2.6055686331960968,0.010586528968164732,0.17997099245880044
architect_vs_event_planner,gender,pull_AUC,neg,-18.60758939832268,17.974372790690694,100,-10.352288569401399,1.8664181167917904e-17,1.9830692490912773e-16
architect_vs_event_planner,gender,pull_MAD,neg,-36.64435489719326,32.800437454293345,100,-11.171910419870564,3.0991852110732273e-19,3.763296327731776e-18
architect_vs_event_planner,gender,pull_early,neg,-4.707767756655813,10.910652038313158,100,-4.3148363087048445,3.787450133019562e-05,0.0006438665226133255
architect_vs_event_planner,gender,pull_release,neg,-34.015253532415954,31.786166926750955,100,-10.701275687251558,3.2483982451206604e-18,3.0679316759472904e-17
architect_vs_event_planner,gender,pull_tcp,neg,-33.8201110297814,59.16981678262958,100,-5.715770788005876,1.1556955195731817e-07,2.455852979093011e-06
architect_vs_event_planner,gender,q_exploded,neg,0.035,0.1282161999881214,100,2.7297642578116172,0.0075025675386096264,0.010454397389865873
architect_vs_event_planner,gender,q_jerk_in_grasp,neg,0.03,0.11934162828797103,100,2.5137917447891764,0.013556758919315062,nan
architect_vs_event_planner,gender,q_tile_drift,neg,0.04991925701498985,0.1590804912415519,100,3.1379873562994702,0.0022413635397308834,0.003869687624625521
architect_vs_event_planner,gender,xpos_reversals,neg,0.84,0.7347094526395994,100,11.43309095836622,8.458125745402189e-20,1.106062597475671e-19
boss_vs_employee,gender,d_approach_retreat,neg,-0.115,4.662798721711234,100,-0.24663299203658381,0.805702952555817,0.9254696076654656
boss_vs_employee,gender,d_approach_retreat,pos,0.155,4.596713252670078,100,0.3371974527886108,0.7366818985046124,0.9034923735814989
boss_vs_employee,gender,d_latency,neg,-0.085,2.7698366286651184,100,-0.30687730503789495,0.7595813039448931,0.8562827625431694
boss_vs_employee,gender,d_latency,pos,-0.195,2.6901381812731167,100,-0.7248698277190937,0.4702416845072531,0.6659568352656807
boss_vs_employee,gender,d_peak_speed,neg,0.00040630996227264404,0.005410399987147701,100,0.7509795269071147,0.45444634885385393,0.6659989595271997
boss_vs_employee,gender,d_peak_speed,pos,-0.00024276863783597946,0.0038390124797470886,100,-0.6323726195648443,0.5286012209834727,0.7020484966186747
boss_vs_employee,gender,d_time_to_half,neg,0.14,4.325797643501746,100,0.32363973430497694,0.7468934885595904,0.9619082807206846
boss_vs_employee,gender,d_time_to_half,pos,0.375,3.3411839370214413,100,1.1223566468307054,0.2644255071671178,0.6412856048188671
boss_vs_employee,gender,pull_AUC,neg,-3.7114046961003186,17.990688093272933,100,-2.062958724457062,0.04173430262705154,0.0633467093446318
boss_vs_employee,gender,pull_AUC,pos,-0.855507280061545,20.478785845308764,100,-0.41775293053202306,0.6770324339364173,0.7284526187923478
boss_vs_employee,gender,pull_MAD,neg,-7.006878355176013,34.62221767300609,100,-2.023809803679638,0.04568428223871009,0.06695110328086824
boss_vs_employee,gender,pull_MAD,pos,0.09168950360035531,41.345767015989665,100,0.022176273465889792,0.9823519798772935,0.9823519798772935
boss_vs_employee,gender,pull_early,neg,-1.7138637471944094,9.60282541952794,100,-1.7847494589552375,0.07736490046192486,0.1896931102350736
boss_vs_employee,gender,pull_early,pos,-1.5878733117133381,9.052394376633757,100,-1.7540920618880593,0.08250920318308073,0.1913665656796394
boss_vs_employee,gender,pull_release,neg,-5.643768381560221,32.015041239789284,100,-1.7628490119031837,0.08101184146561599,0.1093016908663073
boss_vs_employee,gender,pull_release,pos,0.666761253378354,37.6627026606585,100,0.17703489295122618,0.8598426686803625,0.8598426686803626
boss_vs_employee,gender,pull_tcp,neg,0.07573669194243848,53.63620721772235,100,0.014120441371815293,0.9887623093898011,0.9887623093898011
boss_vs_employee,gender,pull_tcp,pos,-4.553038151352666,54.63251247237447,100,-0.8333935133689778,0.4066290181804084,0.5858214668700799
boss_vs_employee,gender,q_exploded,neg,0.04,0.15374122295716144,100,2.601774542351964,0.010696611304486755,0.014431935887005958
boss_vs_employee,gender,q_exploded,pos,0.04,0.13632996217214535,100,2.934057881530954,0.004158024036355915,0.006545037835004682
boss_vs_employee,gender,q_jerk_in_grasp,neg,0.045,0.2367178775153105,100,1.9009971055983923,0.060210813192709954,nan
boss_vs_employee,gender,q_jerk_in_grasp,pos,0.03,0.13889898953170715,100,2.159842926226022,0.0331992478302915,nan
boss_vs_employee,gender,q_tile_drift,neg,0.10825248330831527,0.3622662159954347,100,2.9882025573612823,0.00353862856039754,0.005276902239189314
boss_vs_employee,gender,q_tile_drift,pos,0.01917173106223345,0.05774062532800777,100,3.320319264525522,0.0012597687877237145,0.002482136975534448
boss_vs_employee,gender,xpos_reversals,neg,1.165,0.8559211471280577,100,13.611066906209993,2.08280951494399e-24,5.05825167914969e-24
boss_vs_employee,gender,xpos_reversals,pos,0.995,0.9306644742528661,100,10.691285930934264,3.4149012517098626e-18,3.819297452570241e-18
ceo_vs_secretary,gender,d_approach_retreat,neg,0.59,3.677243697679175,100,1.6044626043478372,0.11179765152267288,0.7919000316189329
ceo_vs_secretary,gender,d_approach_retreat,pos,-0.535,4.543979811272551,100,-1.177381991603022,0.24186585363500518,0.9034923735814989
ceo_vs_secretary,gender,d_latency,neg,1.05,3.316244072361796,100,3.1662325724179903,0.0020529434382962363,0.043625048063795024
ceo_vs_secretary,gender,d_latency,pos,-0.555,2.706982180446064,100,-2.0502536145566563,0.04298275568124221,0.2263924680488834
ceo_vs_secretary,gender,d_peak_speed,neg,0.0009488330781459808,0.0025475255045498543,100,3.7245282783288127,0.0003254833069650853,0.00438449955231744
ceo_vs_secretary,gender,d_peak_speed,pos,-0.00022293582558631896,0.002463297421632119,100,-0.9050300772799383,0.36764668417087076,0.6522519299628615
ceo_vs_secretary,gender,d_time_to_half,neg,-0.785,3.625982973657285,100,-2.1649301877670526,0.032796350099944395,0.3484612198119092
ceo_vs_secretary,gender,d_time_to_half,pos,-0.015,2.706571688138022,100,-0.05542066395558584,0.9559150263783471,0.9789491233995121
ceo_vs_secretary,gender,pull_AUC,neg,-21.833604216727526,18.374229102896706,100,-11.882732110532706,9.142587769671328e-21,2.590399868073543e-19
ceo_vs_secretary,gender,pull_AUC,pos,0.9163440011877099,20.081471671354674,100,0.45631317075970773,0.6491642883889522,0.7074226219623198
ceo_vs_secretary,gender,pull_MAD,neg,-46.75901379529387,35.00626813291067,100,-13.35732607022284,7.003001385894214e-24,2.976275589005041e-22
ceo_vs_secretary,gender,pull_MAD,pos,1.2244626201689244,38.27735364838608,100,0.3198921825726978,0.7497241868499,0.786747603484463
ceo_vs_secretary,gender,pull_early,neg,-4.682062118779869,8.659297034318808,100,-5.406977148634315,4.4473380249872184e-07,1.890118660619568e-05
ceo_vs_secretary,gender,pull_early,pos,0.18936642259359382,10.931685654852918,100,0.1732271019973284,0.8628266073479043,0.929804855463255
ceo_vs_secretary,gender,pull_release,neg,-42.75464464444667,35.989309160386604,100,-11.87981810206756,9.274911931164882e-21,1.57673502829803e-19
ceo_vs_secretary,gender,pull_release,pos,2.2891449060989544,36.16678268894405,100,0.6329412615401732,0.5282313356304071,0.5543168336862296
ceo_vs_secretary,gender,pull_tcp,neg,-40.11666195350699,54.41056348512954,100,-7.372954695547475,5.1505906495294374e-11,2.1890010260500108e-09
ceo_vs_secretary,gender,pull_tcp,pos,-1.5448989998549223,50.838665370423854,100,-0.30388268232424726,0.7618550393982912,0.8645369515022805
ceo_vs_secretary,gender,q_exploded,neg,0.095,0.2095570123239531,100,4.533372515024216,1.6279346818281397e-05,6.918722397769594e-05
ceo_vs_secretary,gender,q_exploded,pos,0.03,0.13889898953170715,100,2.159842926226022,0.0331992478302915,0.03527420081968472
ceo_vs_secretary,gender,q_jerk_in_grasp,neg,0.045,0.17545035845739468,100,2.5648280457020287,0.011823835077294188,nan
ceo_vs_secretary,gender,q_jerk_in_grasp,pos,0.01,0.07035264706814483,100,1.421410624438029,0.15833990565972564,nan
ceo_vs_secretary,gender,q_tile_drift,neg,0.1744062054902315,1.0878620110114936,100,1.6032015432551845,0.1120759941940573,0.11341023222017703
ceo_vs_secretary,gender,q_tile_drift,pos,0.080881277769804,0.4293191147271382,100,1.8839430855812143,0.06250697666909615,0.06641366271091466
ceo_vs_secretary,gender,xpos_reversals,neg,0.83,0.6039432711335351,100,13.74301262504641,1.1117488699171118e-24,2.953082935717328e-24
ceo_vs_secretary,gender,xpos_reversals,pos,1.155,0.8369467115532492,100,13.800161755298504,8.47576160958483e-25,2.4014657893823685e-24
chef_vs_baker,gender,d_approach_retreat,pos,-0.37,4.528596009601852,100,-0.8170302654851517,0.4158729631869509,0.9034923735814989
chef_vs_baker,gender,d_latency,pos,0.145,2.8044832434204814,100,0.517029297073464,0.6062889033005545,0.7362079540078162
chef_vs_baker,gender,d_peak_speed,pos,0.0001384497806429863,0.002883932680311034,100,0.4800728588021493,0.6322346069535862,0.7191208675007078
chef_vs_baker,gender,d_time_to_half,pos,0.19,2.1634941808812593,100,0.878208971759781,0.3819567421424973,0.7057896322198319
chef_vs_baker,gender,pull_AUC,pos,-1.8480949612691646,16.81772986124633,100,-1.0988968050484584,0.27447832327416144,0.31527915511221244
chef_vs_baker,gender,pull_MAD,pos,-3.1632120291236787,29.03996242564317,100,-1.0892617499843822,0.27868287497794736,0.32449375853596607
chef_vs_baker,gender,pull_early,pos,-0.5121417185291651,11.167669115171595,100,-0.45859320619860233,0.6475314869717343,0.7976837158347452
chef_vs_baker,gender,pull_release,pos,-2.259087224956602,27.411013256151513,100,-0.8241531255505934,0.41183372034696,0.4487931567883538
chef_vs_baker,gender,pull_tcp,pos,0.879335927311331,50.77784794091727,100,0.17317313808463983,0.8628689100356854,0.908329695068988
chef_vs_baker,gender,q_exploded,pos,0.045,0.14381174563233068,100,3.129090729143019,0.0023039657126900765,0.00391674171157313
chef_vs_baker,gender,q_jerk_in_grasp,pos,0.01,0.07035264706814484,100,1.4214106244380287,0.15833990565972564,nan
chef_vs_baker,gender,q_tile_drift,pos,0.03192649446427822,0.13177994322744463,100,2.4227127195809244,0.01722268977878022,0.020332342099948872
chef_vs_baker,gender,xpos_reversals,pos,0.875,0.6718548123582124,100,13.023647131866886,3.4861555168658646e-23,7.17972446995536e-23
chemical_engineer_vs_pharmacist,gender,d_approach_retreat,neg,1.27,4.128259348990231,100,3.076357109953959,0.002709655965740025,0.23032075708790212
chemical_engineer_vs_pharmacist,gender,d_approach_retreat,pos,0.185,4.1582672916356485,100,0.4448968453089279,0.6573654892984615,0.9034923735814989
chemical_engineer_vs_pharmacist,gender,d_latency,neg,0.445,2.7824259090574075,100,1.5993238078736516,0.11293536944942427,0.29089413343033527
chemical_engineer_vs_pharmacist,gender,d_latency,pos,-0.29,2.8294804462939123,100,-1.024923145801716,0.30789729825999773,0.5341075582061185
chemical_engineer_vs_pharmacist,gender,d_peak_speed,neg,0.00019726652652025223,0.002422877241833697,100,0.8141829190279394,0.4174942623884963,0.6659989595271997
chemical_engineer_vs_pharmacist,gender,d_peak_speed,pos,-0.00024261359125375746,0.003206709824284392,100,-0.7565810583060755,0.45109761853929964,0.6659989595271997
chemical_engineer_vs_pharmacist,gender,d_time_to_half,neg,-0.15,5.1397146483697576,100,-0.2918449958064847,0.7710158137478037,0.9621462536143975
chemical_engineer_vs_pharmacist,gender,d_time_to_half,pos,0.165,3.4794163855219145,100,0.474217459820492,0.6363891186354995,0.915973394873445
chemical_engineer_vs_pharmacist,gender,pull_AUC,neg,-1.465043034886948,15.861498414751074,100,-0.9236473103477217,0.3579157308061053,0.4056378282469193
chemical_engineer_vs_pharmacist,gender,pull_AUC,pos,2.09850582745162,16.52823397598444,100,1.269649153382481,0.20718601888701396,0.24803960007600262
chemical_engineer_vs_pharmacist,gender,pull_MAD,neg,-2.6874584780074655,29.152546116397,100,-0.9218606386136168,0.3588423977198213,0.40133689218664226
chemical_engineer_vs_pharmacist,gender,pull_MAD,pos,3.604687104327604,31.11814345191696,100,1.1583875850104886,0.24949266532097183,0.2945399521150362
chemical_engineer_vs_pharmacist,gender,pull_early,neg,-0.11195518281601878,9.85631540864577,100,-0.11358725667181252,0.9097950172338107,0.9317177887334206
chemical_engineer_vs_pharmacist,gender,pull_early,pos,0.6817266065627333,9.114363647334322,100,0.7479695049934921,0.4562516717520826,0.6676805053341536
chemical_engineer_vs_pharmacist,gender,pull_release,neg,-3.599706559907645,27.60509618195221,100,-1.3040007309451354,0.19525717430495712,0.23709799737030507
chemical_engineer_vs_pharmacist,gender,pull_release,pos,3.1177109965938143,29.453596446676055,100,1.058516233234281,0.2923960569036786,0.3451897894001761
chemical_engineer_vs_pharmacist,gender,pull_tcp,neg,-3.6512407718691975,56.46837666242116,100,-0.6465992096243565,0.5193876252816935,0.700761081729269
chemical_engineer_vs_pharmacist,gender,pull_tcp,pos,-3.1293593673035502,53.834514590305254,100,-0.581292390415107,0.5623645499980829,0.7353997961513392
chemical_engineer_vs_pharmacist,gender,q_exploded,neg,0.04,0.15374122295716147,100,2.6017745423519636,0.010696611304486769,0.014431935887005958
chemical_engineer_vs_pharmacist,gender,q_exploded,pos,0.045,0.14381174563233068,100,3.129090729143019,0.0023039657126900765,0.00391674171157313
chemical_engineer_vs_pharmacist,gender,q_jerk_in_grasp,neg,0.005,0.049999999999999996,100,1.0,0.3197484741393017,nan
chemical_engineer_vs_pharmacist,gender,q_jerk_in_grasp,pos,0.04,0.13632996217214535,100,2.9340578815309546,0.004158024036355908,nan
chemical_engineer_vs_pharmacist,gender,q_tile_drift,neg,0.02506061311811209,0.0808411663849222,100,3.099981635443867,0.0025203380914856004,0.004182218096020359
chemical_engineer_vs_pharmacist,gender,q_tile_drift,pos,0.10619256623089314,0.347402332463096,100,3.0567603124015816,0.0028766176236946534,0.004445681782073555
chemical_engineer_vs_pharmacist,gender,xpos_reversals,neg,0.86,0.6893123494842633,100,12.476201835690938,4.971439759120252e-22,7.548759176154266e-22
chemical_engineer_vs_pharmacist,gender,xpos_reversals,pos,0.945,0.8465467583904709,100,11.162998270724195,3.239839788572156e-19,3.824810861508795e-19
citizenship_and_residency,gender,d_approach_retreat,-,0.1525,4.4011183765974895,200,0.49002901037310864,0.6246531745625594,0.9034923735814989
citizenship_and_residency,gender,d_latency,-,0.475,2.8548424874484235,200,2.3530245366623093,0.019597159308759132,0.17470678901611708
citizenship_and_residency,gender,d_peak_speed,-,0.00019512766040861608,0.002694130962757886,200,1.0242716020809697,0.30695049371871413,0.6067626038625744
citizenship_and_residency,gender,d_time_to_half,-,0.0575,3.745743815808596,200,0.21709247571406312,0.8283586874979575,0.9621462536143975
citizenship_and_residency,gender,pull_AUC,-,-3.3820813038711277,15.419211685648513,200,-3.1019648387309005,0.002201680551669956,0.0046785711722986565
citizenship_and_residency,gender,pull_MAD,-,-7.429804275711649,30.179912244887735,200,-3.48156412358982,0.0006126689866326128,0.0013704437858887391
citizenship_and_residency,gender,pull_early,-,-0.34294097870588325,8.354096333609688,200,-0.5805436803836864,0.562204867407502,0.7451795056415977
citizenship_and_residency,gender,pull_release,-,-7.498012946016388,28.002589563166413,200,-3.7867182158943127,0.00020208225244772152,0.0004907711845158951
citizenship_and_residency,gender,pull_tcp,-,-7.167320173466578,38.927717133589276,200,-2.6038314449322377,0.009913821434372609,0.03663803573572486
citizenship_and_residency,gender,q_exploded,-,0.0475,0.14697536798378782,200,4.5705035567682195,8.531883967597534e-06,3.81689545918837e-05
citizenship_and_residency,gender,q_jerk_in_grasp,-,0.0225,0.11537028000112373,200,2.7580591078642356,0.006356243821742123,nan
citizenship_and_residency,gender,q_tile_drift,-,0.048611147422343494,0.21012389270593765,200,3.2717147527532675,0.001260079570597621,0.002482136975534448
citizenship_and_residency,gender,xpos_reversals,-,1.0025,0.9140135963274053,200,15.511247337847932,4.293784991102349e-36,1.9209038118089458e-35
construction_worker_vs_crossing_guard,gender,d_approach_retreat,pos,-0.185,4.525826561038996,100,-0.4087651117534859,0.6835949304315005,0.9034923735814989
construction_worker_vs_crossing_guard,gender,d_latency,pos,-0.195,3.3543993425790783,100,-0.5813261334891374,0.5623419017538214,0.7134188305832062
construction_worker_vs_crossing_guard,gender,d_peak_speed,pos,-0.001256820298731327,0.002921593976004596,100,-4.301830812404955,3.9795245181238973e-05,0.0008456489601013281
construction_worker_vs_crossing_guard,gender,d_time_to_half,pos,0.52,2.7265251500654446,100,1.907189449499553,0.05939483121899244,0.4113571874471845
construction_worker_vs_crossing_guard,gender,pull_AUC,pos,15.426531066100729,20.68910652020354,100,7.456354410972873,3.437218389102092e-11,2.2474120236436755e-10
construction_worker_vs_crossing_guard,gender,pull_MAD,pos,30.966945028793997,38.9210170368397,100,7.956355559640958,2.976375769101799e-12,1.9460918490280993e-11
construction_worker_vs_crossing_guard,gender,pull_early,pos,3.980427726521158,10.651825333609834,100,3.7368503536775672,0.0003118328235365846,0.0033132237500762113
construction_worker_vs_crossing_guard,gender,pull_release,pos,30.936484567355365,34.27497607697795,100,9.025968245134674,1.454695387071933e-14,1.0304092325092859e-13
construction_worker_vs_crossing_guard,gender,pull_tcp,pos,20.336014360073023,47.13547719198829,100,4.314375407135918,3.794101694658812e-05,0.0002931805854963628
construction_worker_vs_crossing_guard,gender,q_exploded,pos,0.04,0.13632996217214535,100,2.934057881530954,0.004158024036355915,0.006545037835004682
construction_worker_vs_crossing_guard,gender,q_jerk_in_grasp,pos,0.04,0.15374122295716147,100,2.6017745423519636,0.010696611304486769,nan
construction_worker_vs_crossing_guard,gender,q_tile_drift,pos,0.08100946731865406,0.2352360942746666,100,3.4437515878862412,0.0008424607834720131,0.002009850293982539
construction_worker_vs_crossing_guard,gender,xpos_reversals,pos,0.81,0.6620293258480535,100,12.235107545461034,1.616703834306667e-21,2.36930734338046e-21
crime_athlete_vs_thug,gender,d_approach_retreat,neg,-0.12,4.214045777893475,100,-0.28476197536702086,0.7764213318977347,0.9070787209976698
crime_athlete_vs_thug,gender,d_approach_retreat,pos,0.37,5.013426417575553,100,0.738018211861836,0.4622492189630606,0.9034923735814989
crime_athlete_vs_thug,gender,d_latency,neg,-0.645,3.480316222716121,100,-1.8532798709211165,0.06682043056705696,0.24694506948694964
crime_athlete_vs_thug,gender,d_latency,pos,-0.51,2.716373845531367,100,-1.8775029837626624,0.06339299378907244,0.24492747600323445
crime_athlete_vs_thug,gender,d_peak_speed,neg,-0.0016997721418738365,0.007133912418123477,100,-2.3826647178280735,0.01909708412279254,0.10145325940233538
crime_athlete_vs_thug,gender,d_peak_speed,pos,-0.0005170810967683792,0.0024915661619296374,100,-2.0753255709971454,0.040549146431498116,0.17567638748828096
crime_athlete_vs_thug,gender,d_time_to_half,neg,0.485,2.874878126534105,100,1.6870280361578538,0.0947465786135679,0.42386627274490907
crime_athlete_vs_thug,gender,d_time_to_half,pos,0.325,3.5415106917526007,100,0.9176874737576072,0.36101279115677276,0.6948213900684415
crime_athlete_vs_thug,gender,pull_AUC,neg,13.748127555698566,16.451783803210724,100,8.356618175966723,4.107898225394394e-13,2.909761242987696e-12
crime_athlete_vs_thug,gender,pull_AUC,pos,4.736574983722356,17.230242310260167,100,2.748989189143235,0.007106131508076385,0.013130895177967233
crime_athlete_vs_thug,gender,pull_MAD,neg,28.08559582219459,28.98617735229665,100,9.689306554929118,5.210565220175529e-16,4.026345851953817e-15
crime_athlete_vs_thug,gender,pull_MAD,pos,6.757881469069977,29.534284325298923,100,2.2881480365790376,0.024255320239936894,0.03890004189423841
crime_athlete_vs_thug,gender,pull_early,neg,2.4523285571485762,10.230150163916592,100,2.3971579281390594,0.018398805583355264,0.06255593898340789
crime_athlete_vs_thug,gender,pull_early,pos,1.9422119747905524,12.519823556722695,100,1.551309382269732,0.12401859522975422,0.2635395148632277
crime_athlete_vs_thug,gender,pull_release,neg,24.5847693097312,29.438186963786393,100,8.3513191012661,4.2174540044640577e-13,2.757566079841884e-12
crime_athlete_vs_thug,gender,pull_release,pos,7.265690899221227,28.673394879949576,100,2.533948606239822,0.012846806226470948,0.02274955269270897
crime_athlete_vs_thug,gender,pull_tcp,neg,28.16767834883649,48.396396699841574,100,5.820201558296734,7.270575515876066e-08,2.0599963961648854e-06
crime_athlete_vs_thug,gender,pull_tcp,pos,7.01845872332342,63.57144604942556,100,1.104026911369407,0.27225767833337583,0.4285537529321657
crime_athlete_vs_thug,gender,q_exploded,neg,0.07,0.17436754400988852,100,4.014508571390456,0.00011596495199142779,0.0003398972730783228
crime_athlete_vs_thug,gender,q_exploded,pos,0.05,0.15075567228888181,100,3.3166247903554003,0.0012748384719836199,0.0023556797851871235
crime_athlete_vs_thug,gender,q_jerk_in_grasp,neg,0.04,0.13632996217214535,100,2.934057881530954,0.004158024036355915,nan
crime_athlete_vs_thug,gender,q_jerk_in_grasp,pos,0.025,0.13055824196677338,100,1.9148542155126762,0.05839774428202229,nan
crime_athlete_vs_thug,gender,q_tile_drift,neg,0.06827153533697128,0.18473399122550827,100,3.6956672068883596,0.0003597116627399791,0.0011324256049221565
crime_athlete_vs_thug,gender,q_tile_drift,pos,0.08701490111649036,0.2610679458988074,100,3.3330365708786878,0.0012091620196091639,0.002482136975534448
crime_athlete_vs_thug,gender,xpos_reversals,neg,0.89,0.6947857747012907,100,12.809703831121725,9.814743888900984e-23,1.8538960679035193e-22
crime_athlete_vs_thug,gender,xpos_reversals,pos,1.045,0.8260133048553031,100,12.651127940161421,2.1200010317717165e-22,3.709558075072702e-22
crime_customer_vs_shoplifter,gender,d_approach_retreat,neg,-0.05,4.027995466078316,100,-0.12413122214529287,0.9014630638443394,0.9707965606497659
crime_customer_vs_shoplifter,gender,d_latency,neg,0.04,2.717953775779259,100,0.14716953745297484,0.8832975008949007,0.9503833870388171
crime_customer_vs_shoplifter,gender,d_peak_speed,neg,-0.00013175088912248612,0.002896084198463467,100,-0.45492768888552076,0.6501573105706087,0.7271496236644965
crime_customer_vs_shoplifter,gender,d_time_to_half,neg,0.3,3.5661143724187694,100,0.8412517621988679,0.40223431985959945,0.7203317940229838
crime_customer_vs_shoplifter,gender,pull_AUC,neg,0.10548503082430387,11.388525839337271,100,0.09262395529713469,0.9263894907055615,0.9396352544073506
crime_customer_vs_shoplifter,gender,pull_MAD,neg,-1.8842808863846585,23.00792626993746,100,-0.8189703253902946,0.41477044424719034,0.45786347741572964
crime_customer_vs_shoplifter,gender,pull_early,neg,0.5867736944928764,8.20372861209278,100,0.7152524446358908,0.47613650752609393,0.6676805053341536
crime_customer_vs_shoplifter,gender,pull_release,neg,-2.1654389973264188,22.411542453446735,100,-0.9662159585064124,0.33629054173899864,0.37692827440524934
crime_customer_vs_shoplifter,gender,pull_tcp,neg,-1.4318905060645193,57.39631550659421,100,-0.24947429001779925,0.8035108137491783,0.8645369515022805
crime_customer_vs_shoplifter,gender,q_exploded,neg,0.055,0.1572330188676101,100,3.4979930040209872,0.0007037584014813345,0.0014954866031478358
crime_customer_vs_shoplifter,gender,q_jerk_in_grasp,neg,0.02,0.09847319278346618,100,2.0310096011589898,0.04493472521263044,nan
crime_customer_vs_shoplifter,gender,q_tile_drift,neg,0.06406976334750653,0.18310499871047947,100,3.4990723245525293,0.0007012305166820173,0.0018626435599366086
crime_customer_vs_shoplifter,gender,xpos_reversals,neg,0.935,0.684072032358103,100,13.668151243910808,1.5870553267943626e-24,3.9676383169859065e-24
crime_entrepreneur_vs_bank_robber,gender,d_approach_retreat,neg,0.38,4.373427567351343,100,0.8688837168283947,0.3870123145831388,0.9034923735814989
crime_entrepreneur_vs_bank_robber,gender,d_approach_retreat,pos,-0.91,4.468961418676174,100,-2.0362672995945585,0.044394030235304444,0.6683455376540678
crime_entrepreneur_vs_bank_robber,gender,d_latency,neg,-0.06,2.8904929501642957,100,-0.2075770501242343,0.8359856242466461,0.911009975140576
crime_entrepreneur_vs_bank_robber,gender,d_latency,pos,-0.095,3.1779662831706843,100,-0.298933316262933,0.7656175288621279,0.8562827625431694
crime_entrepreneur_vs_bank_robber,gender,d_peak_speed,neg,7.421560585498809e-05,0.0035154648925706726,100,0.211111782148159,0.8332339998076749,0.863718170532346
crime_entrepreneur_vs_bank_robber,gender,d_peak_speed,pos,0.00024673085659742354,0.002682808820178921,100,0.9196736448069702,0.35997877619004026,0.6522519299628615
crime_entrepreneur_vs_bank_robber,gender,d_time_to_half,neg,0.46,4.2460201210883195,100,1.0833674520649588,0.2812768556468544,0.6412856048188671
crime_entrepreneur_vs_bank_robber,gender,d_time_to_half,pos,0.565,5.301350599782868,100,1.0657661465045174,0.28912168671734806,0.6412856048188671
crime_entrepreneur_vs_bank_robber,gender,pull_AUC,neg,1.952219295955336,14.092094859217674,100,1.3853293747014372,0.1690651897220173,0.21773547161168896
crime_entrepreneur_vs_bank_robber,gender,pull_AUC,pos,3.053417179127954,21.732053622915576,100,1.405029286283487,0.16314268568128312,0.21667387942045416
crime_entrepreneur_vs_bank_robber,gender,pull_MAD,neg,4.808391586644575,28.33374547836217,100,1.6970546976631216,0.09282818015969417,0.1272644405415162
crime_entrepreneur_vs_bank_robber,gender,pull_MAD,pos,7.216457065395798,41.7883278338115,100,1.7269073541528182,0.08730323218401678,0.12165204484658076
crime_entrepreneur_vs_bank_robber,gender,pull_early,neg,-0.383045164402574,8.935678078304587,100,-0.42866938697421286,0.6690951267573548,0.8010293771038756
crime_entrepreneur_vs_bank_robber,gender,pull_early,pos,0.05244514998048494,11.265499400406854,100,0.046553772821283784,0.9629626565867311,0.9718305435402085
crime_entrepreneur_vs_bank_robber,gender,pull_release,neg,5.249886718120251,25.871408609331617,100,2.029223378361648,0.045119696609829556,0.06657563751693756
crime_entrepreneur_vs_bank_robber,gender,pull_release,pos,7.512557588052005,37.77835791896168,100,1.9885876469716295,0.04950713926079896,0.07132384469776122
crime_entrepreneur_vs_bank_robber,gender,pull_tcp,neg,-1.8405727518256754,39.27281346283127,100,-0.4686633295492407,0.6403406356825099,0.796670936326742
crime_entrepreneur_vs_bank_robber,gender,pull_tcp,pos,1.345951552502811,51.55293853158971,100,0.2610814418809632,0.794572044539055,0.8645369515022805
crime_entrepreneur_vs_bank_robber,gender,q_exploded,neg,0.055,0.1572330188676101,100,3.4979930040209872,0.0007037584014813345,0.0014954866031478358
crime_entrepreneur_vs_bank_robber,gender,q_exploded,pos,0.025,0.10952145677879517,100,2.2826577307580465,0.024589522572171077,0.026457081248538503
crime_entrepreneur_vs_bank_robber,gender,q_jerk_in_grasp,neg,0.015,0.08572330399888264,100,1.7498158960596661,0.083248625244961,nan
crime_entrepreneur_vs_bank_robber,gender,q_jerk_in_grasp,pos,0.02,0.0984731927834662,100,2.0310096011589898,0.04493472521263044,nan
crime_entrepreneur_vs_bank_robber,gender,q_tile_drift,neg,0.0396502598375082,0.12836461073355712,100,3.0888778153823995,0.002607735989283283,0.004182218096020359
crime_entrepreneur_vs_bank_robber,gender,q_tile_drift,pos,0.06229534789919853,0.3200956239500267,100,1.9461480644585152,0.05447207820168068,0.059360598040293054
crime_entrepreneur_vs_bank_robber,gender,xpos_reversals,neg,1.02,0.8987083885648156,100,11.349621445382077,1.2802940739285745e-19,1.6003675924107182e-19
crime_entrepreneur_vs_bank_robber,gender,xpos_reversals,pos,1.015,0.7468959334161188,100,13.589577270258237,2.307454332507133e-24,5.448156062864064e-24
crime_homeowner_vs_burglar,gender,d_approach_retreat,neg,-0.41,4.677681805200849,100,-0.8765025435123531,0.382878774681908,0.9034923735814989
crime_homeowner_vs_burglar,gender,d_approach_retreat,pos,0.56,4.224914080771228,100,1.3254707416387885,0.18806571931390006,0.9034923735814989
crime_homeowner_vs_burglar,gender,d_latency,neg,-0.255,2.70380857460006,100,-0.9431141035482473,0.3479184139673792,0.5535898269244719
crime_homeowner_vs_burglar,gender,d_latency,pos,0.41,3.250003885001563,100,1.2615369535159886,0.21007983507751946,0.40583604503611714
crime_homeowner_vs_burglar,gender,d_peak_speed,neg,-0.00025046467781066897,0.0029548227415717382,100,-0.8476470493030017,0.3986792088349522,0.6651210626097211
crime_homeowner_vs_burglar,gender,d_peak_speed,pos,0.0010645195096731187,0.0029118708053737993,100,3.655792378248956,0.0004126587813945826,0.00438449955231744
crime_homeowner_vs_burglar,gender,d_time_to_half,neg,0.05,5.555277770832986,100,0.09000450033752813,0.9284654810984763,0.9631534170845047
crime_homeowner_vs_burglar,gender,d_time_to_half,pos,0.28,3.628116911461416,100,0.7717502132179507,0.4421006629678145,0.7403175921577939
crime_homeowner_vs_burglar,gender,pull_AUC,neg,4.023888377614131,13.886332321896996,100,2.897733025781737,0.004627968568333325,0.008940393825189378
crime_homeowner_vs_burglar,gender,pull_AUC,pos,-7.0344487335492785,16.53645630020576,100,-4.2539033792032885,4.771638669032567e-05,0.0001229058445053843
crime_homeowner_vs_burglar,gender,pull_MAD,neg,10.099332793973735,26.723295092024845,100,3.7792243655565234,0.00026892625887770053,0.0006349647779056818
crime_homeowner_vs_burglar,gender,pull_MAD,pos,-12.97288570695746,33.4782485462262,100,-3.8750192349652695,0.00019168564057818417,0.0004792141014454605
crime_homeowner_vs_burglar,gender,pull_early,neg,0.7674473486840729,9.469889450576089,100,0.8104079278743704,0.4196495895362292,0.625793247554026
crime_homeowner_vs_burglar,gender,pull_early,pos,-2.6668266881024465,8.465107278952052,100,-3.1503755359761834,0.0021568251430965427,0.015277511430267177
crime_homeowner_vs_burglar,gender,pull_release,neg,9.502113632042892,25.313649086986338,100,3.753751029490212,0.0002939927272607567,0.0006941494949212311
crime_homeowner_vs_burglar,gender,pull_release,pos,-12.589651933931236,31.01436998284347,100,-4.059296365167366,9.845183171701508e-05,0.0002461295792925377
crime_homeowner_vs_burglar,gender,pull_tcp,neg,1.5953986311797053,54.061764031696,100,0.29510665435266503,0.7685304009958964,0.8645369515022805
crime_homeowner_vs_burglar,gender,pull_tcp,pos,-15.84131924668327,45.41877314519877,100,-3.487835128447951,0.0007279740513906982,0.003867362148013084
crime_homeowner_vs_burglar,gender,q_exploded,neg,0.06,0.1780931546050317,100,3.3690233705537835,0.0010760940848412118,0.00207881811844325
crime_homeowner_vs_burglar,gender,q_exploded,pos,0.055,0.17254775360093008,100,3.187523387131684,0.0019207824085085005,0.003473755419643033
crime_homeowner_vs_burglar,gender,q_jerk_in_grasp,neg,0.03,0.13889898953170715,100,2.159842926226022,0.0331992478302915,nan
crime_homeowner_vs_burglar,gender,q_jerk_in_grasp,pos,0.005,0.049999999999999996,100,1.0,0.3197484741393017,nan
crime_homeowner_vs_burglar,gender,q_tile_drift,neg,0.08355141516774893,0.3226478871977474,100,2.5895540768423246,0.01105823636129467,0.014686720167344484
crime_homeowner_vs_burglar,gender,q_tile_drift,pos,0.030922927111387253,0.12479040516611235,100,2.4779891587197582,0.014904975219283047,0.01836120135708781
crime_homeowner_vs_burglar,gender,xpos_reversals,neg,0.915,0.8073369366583751,100,11.333558003517712,1.3866899642142485e-19,1.6838378136887302e-19
crime_homeowner_vs_burglar,gender,xpos_reversals,pos,0.945,0.7102958552745483,100,13.30431527908511,9.029975925686165e-24,1.9680716761110874e-23
crime_innocent_vs_guilty,gender,d_approach_retreat,neg,0.54,4.747503331098134,100,1.1374399602055547,0.25809984669459224,0.9034923735814989
crime_innocent_vs_guilty,gender,d_approach_retreat,pos,1.14,4.754625605288459,100,2.397665125792458,0.018374785194538175,0.5206189138452483
crime_innocent_vs_guilty,gender,d_latency,neg,0.585,2.885049410497176,100,2.0276949083488587,0.045278493609776684,0.2263924680488834
crime_innocent_vs_guilty,gender,d_latency,pos,0.17,2.804415710045048,100,0.6061868766141993,0.5457781078089923,0.7028960479358234
crime_innocent_vs_guilty,gender,d_peak_speed,neg,0.00030700821429491043,0.0026019915875092146,100,1.1798970287555675,0.2408686133438997,0.5118458033557869
crime_innocent_vs_guilty,gender,d_peak_speed,pos,7.752638310194016e-05,0.0026803424233045447,100,0.2892405926492009,0.7730021085237073,0.8317111294242421
crime_innocent_vs_guilty,gender,d_time_to_half,neg,0.04,2.813818714412099,100,0.14215556885425484,0.8872460252823402,0.9621462536143975
crime_innocent_vs_guilty,gender,d_time_to_half,pos,0.075,5.626585074088864,100,0.13329577179128504,0.8942300474769106,0.9621462536143975
crime_innocent_vs_guilty,gender,pull_AUC,neg,-1.4920045313698649,16.891552795099678,100,-0.8832844140905167,0.37922251536551266,0.4241304448166918
crime_innocent_vs_guilty,gender,pull_AUC,pos,-1.5792545153826876,13.227411591615692,100,-1.1939255873641306,0.23536005654294873,0.2740493809061732
crime_innocent_vs_guilty,gender,pull_MAD,neg,-3.3067280613468015,32.37937630398962,100,-1.021245137738914,0.3096274218953784,0.3509110781480955
crime_innocent_vs_guilty,gender,pull_MAD,pos,-3.549644827796146,26.272379852280057,100,-1.3510937523568458,0.17974510728581167,0.21826191598991418
crime_innocent_vs_guilty,gender,pull_early,neg,-0.6353186718188227,9.16922223802337,100,-0.6928817464847268,0.49000599109416976,0.6717824071452327
crime_innocent_vs_guilty,gender,pull_early,pos,-0.4948405344039199,8.678577117843203,100,-0.5701862502166686,0.5698431513729865,0.7451795056415977
crime_innocent_vs_guilty,gender,pull_release,neg,-3.2389862346462905,31.248704285888586,100,-1.0365185721025127,0.30248542751619484,0.347449477552386
crime_innocent_vs_guilty,gender,pull_release,pos,-3.626793595030904,26.442210756647352,100,-1.3715924241013615,0.17329095147780274,0.21661368934725345
crime_innocent_vs_guilty,gender,pull_tcp,neg,-2.8539001184981316,44.13370880983931,100,-0.6466486038585259,0.5193557831961877,0.700761081729269
crime_innocent_vs_guilty,gender,pull_tcp,pos,-3.650224049342796,48.07280091148678,100,-0.7593117064395121,0.449470325209794,0.6263111088988933
crime_innocent_vs_guilty,gender,q_exploded,neg,0.03,0.11934162828797101,100,2.5137917447891764,0.013556758919315062,0.01578526723481891
crime_innocent_vs_guilty,gender,q_exploded,pos,0.035,0.14659433478105144,100,2.3875411046596633,0.018859559037462077,0.021663007002490225
crime_innocent_vs_guilty,gender,q_jerk_in_grasp,neg,0.0,0.0,100,nan,nan,nan
crime_innocent_vs_guilty,gender,q_jerk_in_grasp,pos,0.01,0.07035264706814484,100,1.4214106244380287,0.15833990565972564,nan
crime_innocent_vs_guilty,gender,q_tile_drift,neg,0.04471672214567661,0.1299673580615856,100,3.4406117668782183,0.000851230712745546,0.002009850293982539
crime_innocent_vs_guilty,gender,q_tile_drift,pos,0.05904675535857677,0.23143991159733066,100,2.551277994839063,0.012263334554618524,0.015557961748396633
crime_innocent_vs_guilty,gender,xpos_reversals,neg,0.86,0.7852169487254185,100,10.952387125570468,9.260001953659036e-19,1.0636488730554298e-18
crime_innocent_vs_guilty,gender,xpos_reversals,pos,0.985,0.756970970714895,100,13.012388032129564,3.680902764021704e-23,7.276203138182437e-23
crime_jogger_vs_criminal,gender,d_approach_retreat,neg,-0.225,4.3312203473120245,100,-0.5194840759825023,0.6045827315406307,0.9034923735814989
crime_jogger_vs_criminal,gender,d_latency,neg,-0.125,3.4107487551426403,100,-0.36648844278409004,0.7147827219512989,0.8438407134147279
crime_jogger_vs_criminal,gender,d_peak_speed,neg,-0.0001921311393380165,0.002722851103540851,100,-0.7056248470148266,0.48207854595353095,0.6721066547053962
crime_jogger_vs_criminal,gender,d_time_to_half,neg,0.745,4.000943701809675,100,1.8620606924886938,0.06556050629887271,0.4113571874471845
crime_jogger_vs_criminal,gender,pull_AUC,neg,9.869712907433204,19.381626091447984,100,5.092303845335325,1.6904367371789238e-06,5.747484906408341e-06
crime_jogger_vs_criminal,gender,pull_MAD,neg,21.490248517994768,36.19495780627146,100,5.937359737513267,4.303995513697922e-08,1.5906070376709713e-07
crime_jogger_vs_criminal,gender,pull_early,neg,3.270824172766879,11.9121230568034,100,2.745794479430604,0.007170657916472298,0.030475296145007262
crime_jogger_vs_criminal,gender,pull_release,neg,18.261443694354966,34.9394506570626,100,5.226597256377763,9.608609422759764e-07,3.4005933553973015e-06
crime_jogger_vs_criminal,gender,pull_tcp,neg,18.757935567118693,53.13431617312807,100,3.530286435982261,0.0006317237768665177,0.003615527122138059
crime_jogger_vs_criminal,gender,q_exploded,neg,0.025,0.10952145677879516,100,2.2826577307580465,0.024589522572171077,0.026457081248538503
crime_jogger_vs_criminal,gender,q_jerk_in_grasp,neg,0.025,0.10952145677879514,100,2.2826577307580465,0.024589522572171077,nan
crime_jogger_vs_criminal,gender,q_tile_drift,neg,0.06859755121171475,0.20330940017657562,100,3.3740471986114415,0.0010586507024965715,0.002307315633646374
crime_jogger_vs_criminal,gender,xpos_reversals,neg,0.93,0.5686240703077327,100,16.355269651119322,6.798406363931754e-30,2.8893227046709953e-29
crime_peaceful_vs_violent,gender,d_approach_retreat,neg,0.825,4.2636441709131425,100,1.9349644738841096,0.055848554585013824,0.6683455376540678
crime_peaceful_vs_violent,gender,d_approach_retreat,pos,-0.02,4.488436320820493,100,-0.04455894786169979,0.9645486189873149,0.9834989355484054
crime_peaceful_vs_violent,gender,d_latency,neg,-0.55,3.0355636156480834,100,-1.8118546327436353,0.07304036063144069,0.2536329506725438
crime_peaceful_vs_violent,gender,d_latency,pos,0.005,3.1168287107444983,100,0.01604194668370364,0.9872332124769427,0.9872332124769427
crime_peaceful_vs_violent,gender,d_peak_speed,neg,-0.000164874866604805,0.0033820809179814777,100,-0.48749533379942617,0.6269851314675807,0.7191208675007078
crime_peaceful_vs_violent,gender,d_peak_speed,pos,0.00029185004532337187,0.0032293813191377704,100,0.9037336148377004,0.3683305016260865,0.6522519299628615
crime_peaceful_vs_violent,gender,d_time_to_half,neg,0.405,5.602892020189127,100,0.722840987369821,0.4714818141649315,0.7545202290300143
crime_peaceful_vs_violent,gender,d_time_to_half,pos,-0.285,3.0228548617410524,100,-0.9428173466318872,0.34806945001414313,0.6948213900684415
crime_peaceful_vs_violent,gender,pull_AUC,neg,2.683143876756016,20.48958417739849,100,1.309516022153207,0.1933905544667239,0.23823474100973235
crime_peaceful_vs_violent,gender,pull_AUC,pos,2.863082120492008,21.272794392557167,100,1.3458890579479912,0.1814123638904463,0.226904059379067
crime_peaceful_vs_violent,gender,pull_MAD,neg,5.321128116897308,38.267521770684304,100,1.390507634328617,0.16749277915994784,0.20936597394993478
crime_peaceful_vs_violent,gender,pull_MAD,pos,6.03955397392856,40.842235227864315,100,1.4787520663923208,0.14238139747513082,0.18063311619979283
crime_peaceful_vs_violent,gender,pull_early,neg,0.3133306289091709,13.589595566453145,100,0.23056655908336904,0.8181273393128694,0.9272109845545854
crime_peaceful_vs_violent,gender,pull_early,pos,1.1806178951519541,12.239058105600703,100,0.9646313343440152,0.3370799308102945,0.5305887799791673
crime_peaceful_vs_violent,gender,pull_release,neg,4.65005992911756,37.750725483665704,100,1.2317802822437376,0.22094897087527687,0.26451637358307795
crime_peaceful_vs_violent,gender,pull_release,pos,5.685593223752221,36.498388419586526,100,1.5577655534788213,0.12247998110878934,0.15773936960980445
crime_peaceful_vs_violent,gender,pull_tcp,neg,9.447854965692386,49.84064127719557,100,1.8956126413275547,0.060927988208889484,0.14385774993765574
crime_peaceful_vs_violent,gender,pull_tcp,pos,0.7678943278733641,49.875620688394044,100,0.15396185897533132,0.8779532246418071,0.9100734645677269
crime_peaceful_vs_violent,gender,q_exploded,neg,0.02,0.09847319278346618,100,2.03100960115899,0.0449347252126304,0.04715372398856277
crime_peaceful_vs_violent,gender,q_exploded,pos,0.025,0.13055824196677338,100,1.9148542155126762,0.05839774428202229,0.060534247121608466
crime_peaceful_vs_violent,gender,q_jerk_in_grasp,neg,0.0,0.0,100,nan,nan,nan
crime_peaceful_vs_violent,gender,q_jerk_in_grasp,pos,0.01,0.07035264706814483,100,1.421410624438029,0.15833990565972564,nan
crime_peaceful_vs_violent,gender,q_tile_drift,neg,0.02501403421163559,0.059612823583152154,100,4.196082773489877,5.930147228031027e-05,0.0003150390714891483
crime_peaceful_vs_violent,gender,q_tile_drift,pos,0.04039724327623844,0.11617793281908989,100,3.4771873019245634,0.0007541999548797849,0.0019310343348570413
crime_peaceful_vs_violent,gender,xpos_reversals,neg,0.98,0.7382753585556713,100,13.274180001310459,1.0435305131885578e-23,2.2175023405256854e-23
crime_peaceful_vs_violent,gender,xpos_reversals,pos,1.03,0.8956121996272786,100,11.500513284975893,6.053362719637738e-20,8.039622362018872e-20
crime_plumber_vs_prisoner,gender,d_approach_retreat,neg,0.02,5.279998469543702,100,0.03787879885830422,0.9698605944076707,0.9834989355484054
crime_plumber_vs_prisoner,gender,d_approach_retreat,pos,0.565,4.167366607876543,100,1.3557722493915463,0.17825630196324688,0.9034923735814989
crime_plumber_vs_prisoner,gender,d_latency,neg,-0.465,2.8685467759931345,100,-1.6210298674282901,0.10819208739862649,0.2873852321526016
crime_plumber_vs_prisoner,gender,d_latency,pos,-0.2,2.865679886540228,100,-0.6979146587145942,0.48686655058998873,0.6659568352656807
crime_plumber_vs_prisoner,gender,d_peak_speed,neg,8.732646703720093e-05,0.005422154307515332,100,0.16105492777319672,0.8723783419141534,0.8870382122327236
crime_plumber_vs_prisoner,gender,d_peak_speed,pos,-0.00019087057560682297,0.0027065769850625485,100,-0.7052102218419329,0.48233536396504906,0.6721066547053962
crime_plumber_vs_prisoner,gender,d_time_to_half,neg,0.065,2.8030061424020163,100,0.23189389069372038,0.8170990901334206,0.9621462536143975
crime_plumber_vs_prisoner,gender,d_time_to_half,pos,0.125,3.465103814381965,100,0.36073955268291136,0.7190627444863867,0.9472366359025879
crime_plumber_vs_prisoner,gender,pull_AUC,neg,8.62812360991427,19.19315232513949,100,4.495417669672229,1.8883658888432752e-05,5.177777437150916e-05
crime_plumber_vs_prisoner,gender,pull_AUC,pos,1.9639233767486628,13.123279442124707,100,1.4965187515893486,0.13769985586025002,0.18878206045356857
crime_plumber_vs_prisoner,gender,pull_MAD,neg,18.274180732527746,34.68206949084598,100,5.269057181651473,8.024481281909099e-07,2.2736030298742447e-06
crime_plumber_vs_prisoner,gender,pull_MAD,pos,4.652147951966617,23.21888438704921,100,2.003605287152144,0.0478450892424349,0.06892936585774519
crime_plumber_vs_prisoner,gender,pull_early,neg,2.051299625192769,10.773716248460708,100,1.9039851968310821,0.05981589380316203,0.16947836577562575
crime_plumber_vs_prisoner,gender,pull_early,pos,0.9812857990909837,8.908175409192292,100,1.101556440029684,0.27332549659295796,0.456981092789892
crime_plumber_vs_prisoner,gender,pull_release,neg,16.209321452770382,31.735837791189855,100,5.1075763493063455,1.5858564082595946e-06,4.992510914891316e-06
crime_plumber_vs_prisoner,gender,pull_release,pos,4.113836359465495,22.860502281404784,100,1.7995389203726182,0.07497974737084159,0.10279481494389574
crime_plumber_vs_prisoner,gender,pull_tcp,neg,13.939040303230286,59.84721853223232,100,2.329104116296239,0.02188594016036577,0.06890018198633668
crime_plumber_vs_prisoner,gender,pull_tcp,pos,2.0913672749884427,46.23789241045803,100,0.45230592614887855,0.6520381432920612,0.796670936326742
crime_plumber_vs_prisoner,gender,q_exploded,neg,0.06,0.16329931618554522,100,3.6742346141747664,0.0003873122498296649,0.0009976224616824701
crime_plumber_vs_prisoner,gender,q_exploded,pos,0.06,0.1780931546050317,100,3.3690233705537835,0.0010760940848412118,0.00207881811844325
crime_plumber_vs_prisoner,gender,q_jerk_in_grasp,neg,0.035,0.1282161999881214,100,2.7297642578116172,0.0075025675386096264,nan
crime_plumber_vs_prisoner,gender,q_jerk_in_grasp,pos,0.03,0.13889898953170715,100,2.159842926226022,0.0331992478302915,nan
crime_plumber_vs_prisoner,gender,q_tile_drift,neg,0.08032255135476589,0.30614768293182976,100,2.6236537407552873,0.010075735601482692,0.013813508485903691
crime_plumber_vs_prisoner,gender,q_tile_drift,pos,0.07800782836973667,0.3722409018807294,100,2.0956275351689144,0.038666337080985214,0.04324524541952294
crime_plumber_vs_prisoner,gender,xpos_reversals,neg,0.89,0.712727015048397,100,12.487249412589835,4.710519217236583e-22,7.548759176154266e-22
crime_plumber_vs_prisoner,gender,xpos_reversals,pos,0.89,0.7836073021867548,100,11.35772979037259,1.229737022493447e-19,1.5601141330140745e-19
crime_skier_vs_mugger,gender,d_approach_retreat,neg,0.005,4.599349426985859,100,0.01087110270566397,0.9913481628730358,0.9913481628730358
crime_skier_vs_mugger,gender,d_latency,neg,0.33,2.4393864106791403,100,1.3527992062074576,0.17920130963234623,0.39739697257637685
crime_skier_vs_mugger,gender,d_peak_speed,neg,0.00019858531653881072,0.0034139401748542793,100,0.5816895035288283,0.5620980372781746,0.7131094502782812
crime_skier_vs_mugger,gender,d_time_to_half,neg,0.295,4.530533337614052,100,0.6511374666439559,0.5164663058318677,0.783922071351942
crime_skier_vs_mugger,gender,pull_AUC,neg,-0.23610669993840605,14.2871327062902,100,-0.16525828155460145,0.8690776808716467,0.9119950972109874
crime_skier_vs_mugger,gender,pull_MAD,neg,-0.45482144989073264,27.848330098537485,100,-0.16332090587888376,0.8705987106650775,0.8915769928497783
crime_skier_vs_mugger,gender,pull_early,neg,-0.23538609035313116,11.756607634470845,100,-0.20021599569502488,0.841722369301646,0.929804855463255
crime_skier_vs_mugger,gender,pull_release,neg,0.9197498811408877,26.831115458877203,100,0.34279226391110923,0.7324815233369837,0.7501316805258267
crime_skier_vs_mugger,gender,pull_tcp,neg,7.823399605695158,45.11470123471486,100,1.734113136423745,0.08601078401483019,0.17831504003074553
crime_skier_vs_mugger,gender,q_exploded,neg,0.025,0.10952145677879516,100,2.2826577307580465,0.024589522572171077,0.026457081248538503
crime_skier_vs_mugger,gender,q_jerk_in_grasp,neg,0.01,0.07035264706814484,100,1.4214106244380287,0.15833990565972564,nan
crime_skier_vs_mugger,gender,q_tile_drift,neg,0.034578930661082266,0.1830922704183636,100,1.8886067982045243,0.06187186266093583,0.06641366271091466
crime_skier_vs_mugger,gender,xpos_reversals,neg,1.045,1.0733102764321927,100,9.736233994457786,4.116144888240033e-16,4.319411302474109e-16
crime_smoking_tobacco_vs_cannabis,gender,d_approach_retreat,neg,-0.15,4.194452806199438,100,-0.3576151811227883,0.7213925922130302,0.9034923735814989
crime_smoking_tobacco_vs_cannabis,gender,d_approach_retreat,pos,0.16,4.6941183916415525,100,0.3408520762597284,0.7339372300255851,0.9034923735814989
crime_smoking_tobacco_vs_cannabis,gender,d_latency,neg,0.395,2.6933278952840394,100,1.4665871195692017,0.14565779077724283,0.34391422822404555
crime_smoking_tobacco_vs_cannabis,gender,d_latency,pos,0.245,3.0562859549433266,100,0.8016265611656195,0.42468892025797045,0.633308038981184
crime_smoking_tobacco_vs_cannabis,gender,d_peak_speed,neg,0.00031107932329177857,0.0036753086972321483,100,0.8464032518575935,0.39936912164031846,0.6651210626097211
crime_smoking_tobacco_vs_cannabis,gender,d_peak_speed,pos,0.00016733568161725999,0.0027575026220090595,100,0.6068377969314229,0.5453477450398099,0.7029269500764789
crime_smoking_tobacco_vs_cannabis,gender,d_time_to_half,neg,0.205,4.34619013468908,100,0.47167747762297413,0.6381949090208638,0.915973394873445
crime_smoking_tobacco_vs_cannabis,gender,d_time_to_half,pos,-0.09,2.5449295995501853,100,-0.3536443602051209,0.7243574274549202,0.9472366359025879
crime_smoking_tobacco_vs_cannabis,gender,pull_AUC,neg,-4.225560310505415,16.15351516840027,100,-2.615876647561835,0.010292596650799016,0.018614270538679072
crime_smoking_tobacco_vs_cannabis,gender,pull_AUC,pos,-3.019452018158205,15.665746788540451,100,-1.9274229686687805,0.05679327476200692,0.08182081957238285
crime_smoking_tobacco_vs_cannabis,gender,pull_MAD,neg,-8.996324825217018,30.51215778320383,100,-2.94843940213539,0.003984427564559237,0.007686203787091236
crime_smoking_tobacco_vs_cannabis,gender,pull_MAD,pos,-7.939689760794863,30.412175969604473,100,-2.6106944036921944,0.010439433579996087,0.017747037085993348
crime_smoking_tobacco_vs_cannabis,gender,pull_early,neg,-1.59580760425888,8.964137338236172,100,-1.7802132475726646,0.07810892774385383,0.1896931102350736
crime_smoking_tobacco_vs_cannabis,gender,pull_early,pos,-1.3992621460929513,10.03825828153264,100,-1.3939292124682332,0.16645993104751397,0.31442431420085976
crime_smoking_tobacco_vs_cannabis,gender,pull_release,neg,-7.014023766387254,27.767860957806356,100,-2.5259503341093357,0.013124420441401797,0.022766851786105154
crime_smoking_tobacco_vs_cannabis,gender,pull_release,pos,-6.40687943669036,27.997496502315915,100,-2.2883758325178793,0.024241540770256732,0.03815798084207079
crime_smoking_tobacco_vs_cannabis,gender,pull_tcp,neg,-5.448972759768367,63.10055913922079,100,-0.8635379518184811,0.38992905451725146,0.571447752309765
crime_smoking_tobacco_vs_cannabis,gender,pull_tcp,pos,0.5803546449169517,55.53307219496268,100,0.10450612976704622,0.9169791371053635,0.9390750199271796
crime_smoking_tobacco_vs_cannabis,gender,q_exploded,neg,0.07,0.1743675440098885,100,4.014508571390456,0.00011596495199142779,0.0003398972730783228
crime_smoking_tobacco_vs_cannabis,gender,q_exploded,pos,0.06,0.1780931546050317,100,3.3690233705537835,0.0010760940848412118,0.00207881811844325
crime_smoking_tobacco_vs_cannabis,gender,q_jerk_in_grasp,neg,0.04,0.1969463855669323,100,2.0310096011589907,0.044934725212630325,nan
crime_smoking_tobacco_vs_cannabis,gender,q_jerk_in_grasp,pos,0.035,0.1629122587173968,100,2.1483957239040157,0.03412159030060471,nan
crime_smoking_tobacco_vs_cannabis,gender,q_tile_drift,neg,0.052644689418375495,0.15171398155084892,100,3.4699959015135953,0.0007724137339428166,0.0019310343348570413
crime_smoking_tobacco_vs_cannabis,gender,q_tile_drift,pos,0.03932232163846493,0.118648438697408,100,3.314187870499467,0.001284870904982538,0.002482136975534448
crime_smoking_tobacco_vs_cannabis,gender,xpos_reversals,neg,0.755,0.6050920290636489,100,12.477440847606712,4.941468944880184e-22,7.548759176154266e-22
crime_smoking_tobacco_vs_cannabis,gender,xpos_reversals,pos,0.955,0.7916706538974552,100,12.063097138923387,3.7615969063662595e-21,5.328928950685535e-21
dentist_vs_dental_hygienist,gender,d_approach_retreat,neg,0.82,4.355723043574193,100,1.8825806686899202,0.06269354330608161,0.6683455376540678
dentist_vs_dental_hygienist,gender,d_latency,neg,-0.265,2.738110201351924,100,-0.9678207979691906,0.3354923140332786,0.5535898269244719
dentist_vs_dental_hygienist,gender,d_peak_speed,neg,-0.0010453741997480392,0.009568070055768478,100,-1.092565369666995,0.2772362554016546,0.5610733740271581
dentist_vs_dental_hygienist,gender,d_time_to_half,neg,-0.915,4.985866387736803,100,-1.8351875658973267,0.06948029157047253,0.4113571874471845
dentist_vs_dental_hygienist,gender,pull_AUC,neg,-10.24887533997718,17.733683247433397,100,-5.779326943521733,8.720500294347706e-08,3.901276447471342e-07
dentist_vs_dental_hygienist,gender,pull_MAD,neg,-21.288328941259532,35.32439050529558,100,-6.026524063612119,2.8793175166891905e-08,1.1654380424694343e-07
dentist_vs_dental_hygienist,gender,pull_early,neg,-1.5506142766680575,8.277839953988066,100,-1.8732112305710966,0.06398927590910622,0.1716672219544502
dentist_vs_dental_hygienist,gender,pull_release,neg,-22.245349884033203,34.09833559206729,100,-6.52388144399881,2.9290530227852393e-09,1.4645265113926196e-08
dentist_vs_dental_hygienist,gender,pull_tcp,neg,-13.318029544316232,61.56496015961534,100,-2.1632483006222163,0.03292907832452675,0.08481732295711436
dentist_vs_dental_hygienist,gender,q_exploded,neg,0.035,0.1282161999881214,100,2.7297642578116172,0.0075025675386096264,0.010454397389865873
dentist_vs_dental_hygienist,gender,q_jerk_in_grasp,neg,0.025,0.13055824196677335,100,1.9148542155126764,0.058397744282022296,nan
dentist_vs_dental_hygienist,gender,q_tile_drift,neg,0.08548399940133095,0.3789983797787143,100,2.2555241384209204,0.026301326749057507,0.029808170315598504
dentist_vs_dental_hygienist,gender,xpos_reversals,neg,0.84,0.8787042802451871,100,9.559530081788298,1.000065910565745e-15,1.0241638843143171e-15
disability,gender,d_approach_retreat,-,-0.08625,3.5000087271642,400,-0.49285591393300343,0.6223855133319615,0.9034923735814989
disability,gender,d_latency,-,0.17875,2.704757423374275,400,1.3217451476813284,0.18701034003594205,0.39739697257637685
disability,gender,d_peak_speed,-,-0.00020530988927930594,0.002773412237283933,400,-1.480558039798445,0.13951356495765188,0.37058290691876283
disability,gender,d_time_to_half,-,0.03375,4.117720850179137,400,0.16392563375699323,0.8698726906641303,0.9621462536143975
disability,gender,pull_AUC,-,-3.1820874093509706,14.013227313670395,400,-4.541548264541078,7.406901220200299e-06,2.170988288679398e-05
disability,gender,pull_MAD,-,-7.137232325061632,28.274748938469184,400,-5.04848502145395,6.784206625525937e-07,2.0594912970346598e-06
disability,gender,pull_early,-,-0.5338433031574824,7.672555430621541,400,-1.391565842657553,0.1648292145227708,0.31442431420085976
disability,gender,pull_release,-,-5.957178128446685,24.994230069521514,400,-4.766842676791226,2.626428292770144e-06,7.698151892602147e-06
disability,gender,pull_tcp,-,-5.38299367770378,68.36857851234261,400,-1.5746981419928123,0.1161186790174193,0.22452081338639698
disability,gender,q_exploded,-,0.065,0.17204359184152818,400,7.556224478255771,2.8668651816348994e-13,2.2153049130815133e-12
disability,gender,q_jerk_in_grasp,-,0.02375,0.1228767032863688,400,3.8656636066561343,0.0001292969637999043,nan
disability,gender,q_tile_drift,-,0.11851378764025867,0.38572424483084056,400,6.145000695625598,1.9383979127645102e-09,2.059547782312292e-08
disability,gender,xpos_reversals,-,1.1075,0.846454347502578,400,26.167979484484295,1.3333173679427894e-88,9.444331356261425e-88
educational_attainment,gender,d_approach_retreat,-,0.055,3.5707574373383313,900,0.46208683422358754,0.6441308543256045,0.9034923735814989
educational_attainment,gender,d_latency,-,0.13777777777777778,2.7761128615737647,900,1.4888923971881196,0.13686640669446215,0.3323898448294081
educational_attainment,gender,d_peak_speed,-,9.756299149658945e-05,0.005909464354809094,900,0.49528850148927533,0.6205175220169258,0.7191208675007078
educational_attainment,gender,d_time_to_half,-,-0.385,3.8680039288722106,900,-2.9860362637655387,0.002902834455349353,0.07623442271198934
educational_attainment,gender,pull_AUC,-,-3.6071231292478276,13.304859189556199,900,-8.133396403201202,1.3798267097745313e-15,1.1728527033083516e-14
educational_attainment,gender,pull_MAD,-,-8.111146729182384,27.078934680064332,900,-8.98611428959263,1.4802387568754424e-18,1.5727536791801575e-17
educational_attainment,gender,pull_early,-,-0.462259037297271,7.495702807543384,900,-1.8500961784346819,0.06462766002991066,0.1716672219544502
educational_attainment,gender,pull_release,-,-6.6761645789193205,24.495780758688387,900,-8.17630347612173,9.914425919840452e-16,8.427262031864385e-15
educational_attainment,gender,pull_tcp,-,-3.677135158666513,62.19229730775564,900,-1.7737575155667833,0.07644172274929094,0.16243866084224326
educational_attainment,gender,q_exploded,-,0.06555555555555556,0.17531862689641223,900,11.217670942795372,2.0081673111814144e-27,2.844903690840337e-26
educational_attainment,gender,q_jerk_in_grasp,-,0.03333333333333333,0.15643412399526793,900,6.392467157806628,2.6188526047317196e-10,nan
educational_attainment,gender,q_tile_drift,-,0.09409204344782564,0.29604811880891146,900,9.534805743037879,1.3582993970311247e-20,2.88638621869114e-19
educational_attainment,gender,xpos_reversals,-,1.068888888888889,0.828932390888393,900,38.68429683668147,1.6042202318703665e-193,2.272645328483019e-192
employment,gender,d_approach_retreat,neg,-0.045,3.1043265669615745,100,-0.14495897589809537,0.8850379720287038,0.9707965606497659
employment,gender,d_approach_retreat,pos,0.135,3.4937570585028355,100,0.38640351272120504,0.7000270787157648,0.9034923735814989
employment,gender,d_latency,neg,-0.19,2.7485349632930713,100,-0.691277362440234,0.4910090963875906,0.6659568352656807
employment,gender,d_latency,pos,-0.53,3.059031998472191,100,-1.7325742269603723,0.08628548099272515,0.26702664790388925
employment,gender,d_peak_speed,neg,-0.0005138631910085678,0.003055392029948306,100,-1.6818240866369667,0.09575489107358906,0.2906844907591096
employment,gender,d_peak_speed,pos,0.0003846081532537937,0.003465152985189282,100,1.1099312350643147,0.2697173904704515,0.5591701997558141
employment,gender,d_time_to_half,neg,0.375,5.338243478368464,100,0.7024782618469322,0.48402942079269096,0.7545202290300143
employment,gender,d_time_to_half,pos,-0.665,3.470696230330785,100,-1.916042073024121,0.05824448976841245,0.4113571874471845
employment,gender,pull_AUC,neg,-1.7476129699642187,13.734441118018923,100,-1.272431076697715,0.20620043274363165,0.24803960007600262
employment,gender,pull_AUC,pos,-2.546513639077209,18.340549829149488,100,-1.3884609037346942,0.16811294350663422,0.21773547161168896
employment,gender,pull_MAD,neg,-4.589768991566961,28.138095760290113,100,-1.6311583522450983,0.10603422206179876,0.1386601365423522
employment,gender,pull_MAD,pos,-5.697849901761219,34.30314860568943,100,-1.6610282534869665,0.09987165170404307,0.13474746658482
employment,gender,pull_early,neg,-0.32663354882970497,7.551384823163098,100,-0.4325478789371057,0.6662840473376641,0.8010293771038756
employment,gender,pull_early,pos,-0.037130307639017736,10.488221061414661,100,-0.035401911746137014,0.9718305435402084,0.9718305435402085
employment,gender,pull_release,neg,-3.7428076402284205,24.939643951579896,100,-1.5007462205535287,0.13660385267122088,0.1733033951799071
employment,gender,pull_release,pos,-5.510243788012303,33.636394115454,100,-1.6381791012136642,0.10455889130436867,0.13673085785955902
employment,gender,pull_tcp,neg,5.374069911194965,67.8123217032569,100,0.7924916558249706,0.4299690462593152,0.6091228155340299
employment,gender,pull_tcp,pos,-2.7699176379246637,62.01127430782362,100,-0.4466796834676882,0.6560819475631994,0.796670936326742
employment,gender,q_exploded,neg,0.03,0.119341628287971,100,2.5137917447891764,0.013556758919315062,0.01578526723481891
employment,gender,q_exploded,pos,0.07,0.18829377433825437,100,3.7175950318065607,0.00033341165041960173,0.0008856246964270671
employment,gender,q_jerk_in_grasp,neg,0.01,0.07035264706814483,100,1.421410624438029,0.15833990565972564,nan
employment,gender,q_jerk_in_grasp,pos,0.025,0.10952145677879513,100,2.282657730758047,0.02458952257217105,nan
employment,gender,q_tile_drift,neg,0.09267859362065792,0.2791675455920447,100,3.319819767162037,0.0012617964215484402,0.002482136975534448
employment,gender,q_tile_drift,pos,0.11654860995709897,0.3312756880753452,100,3.5181757717937696,0.0006578813914237531,0.001803868331323194
employment,gender,xpos_reversals,neg,1.01,0.8960632192704334,100,11.27152614100524,1.8876802069749233e-19,2.259898839336176e-19
employment,gender,xpos_reversals,pos,0.955,0.6966550673240545,100,13.708362212425772,1.3107644437795957e-24,3.376211446098958e-24
ethnicity,gender,d_approach_retreat,-,0.18,3.2178111531341407,500,1.2508261572713353,0.21158406940656796,0.9034923735814989
ethnicity,gender,d_latency,-,0.082,1.9937969939053002,500,0.919640137463723,0.35820518212759944,0.5535898269244719
ethnicity,gender,d_peak_speed,-,6.28252923488617e-05,0.0028751737904139413,500,0.4886022016016184,0.6253380079729409,0.7191208675007078
ethnicity,gender,d_time_to_half,-,0.19,3.677083339246955,500,1.1554073610199094,0.2484765886386549,0.6412856048188671
ethnicity,gender,pull_AUC,-,-1.4053170585509784,11.490736282031428,500,-2.734711158391065,0.006465602026440146,0.012212803827720276
ethnicity,gender,pull_MAD,-,-2.9090430689381903,24.538670220223036,500,-2.650843747131656,0.008284236331447006,0.014370614044346846
ethnicity,gender,pull_early,-,-0.05770028084516528,5.561935676179076,500,-0.2319727479826836,0.8166542805528094,0.9272109845545854
ethnicity,gender,pull_release,-,-3.0260078844148666,21.676912126963728,500,-3.1214590391706905,0.0019039018166007173,0.004045791360276525
ethnicity,gender,pull_tcp,-,-3.6575513129355386,56.272037158429356,500,-1.4533920895544394,0.14674351106232997,0.26188159998266
ethnicity,gender,q_exploded,-,0.074,0.1913039319741692,500,8.649536296897802,7.11311538487265e-17,6.71794230793528e-16
ethnicity,gender,q_jerk_in_grasp,-,0.027,0.1174674303557747,500,5.13962340111123,3.958197621646888e-07,nan
ethnicity,gender,q_tile_drift,-,0.12629444116353988,0.7490713575535222,500,3.770040768136629,0.00018275735913809632,0.0006472656469474245
ethnicity,gender,xpos_reversals,-,0.987,0.8688156774383882,500,25.40238569703758,5.604775294050043e-92,4.330962727220488e-91
farmer_vs_preschool_teacher,gender,d_approach_retreat,neg,-0.51,4.174828370028153,100,-1.221607105243852,0.2247572202943063,0.9034923735814989
farmer_vs_preschool_teacher,gender,d_approach_retreat,pos,0.16,4.521486302515842,100,0.3538659398591408,0.7241918726812607,0.9034923735814989
farmer_vs_preschool_teacher,gender,d_latency,neg,0.995,3.125728197984714,100,3.183258226487887,0.0019466054669173716,0.043625048063795024
farmer_vs_preschool_teacher,gender,d_latency,pos,0.675,3.221122678994284,100,2.095542664058831,0.038674048353199354,0.21915294066812968
farmer_vs_preschool_teacher,gender,d_peak_speed,neg,0.0015214399434626102,0.0034848425449495674,100,4.365878583718417,3.1164113110257544e-05,0.0008456489601013281
farmer_vs_preschool_teacher,gender,d_peak_speed,pos,9.326549246907234e-05,0.003698428442311396,100,0.25217600914507476,0.8014278179300744,0.8460810331201571
farmer_vs_preschool_teacher,gender,d_time_to_half,neg,0.09,6.53173295179276,100,0.13778885429677243,0.8906871538129453,0.9621462536143975
farmer_vs_preschool_teacher,gender,d_time_to_half,pos,0.155,3.370021580723995,100,0.4599377074810919,0.6465694552047847,0.915973394873445
farmer_vs_preschool_teacher,gender,pull_AUC,neg,-8.185925685144646,14.430425107120119,100,-5.672685055622948,1.3976767698494984e-07,5.940126271860368e-07
farmer_vs_preschool_teacher,gender,pull_AUC,pos,-0.592397233724587,16.68862654657162,100,-0.3549706334858841,0.7233666887122991,0.7685771067568179
farmer_vs_preschool_teacher,gender,pull_MAD,neg,-17.16393991264049,27.125590655894307,100,-6.327581998259941,7.2791886829822255e-09,3.0936551902674456e-08
farmer_vs_preschool_teacher,gender,pull_MAD,pos,1.0658141713356606,34.7661389182958,100,0.30656673547800045,0.7598170133130764,0.7876151967269693
farmer_vs_preschool_teacher,gender,pull_early,neg,-0.913595647667535,10.782959099712778,100,-0.8472587526478421,0.3988945119755949,0.6054648842486708
farmer_vs_preschool_teacher,gender,pull_early,pos,-1.2666222332045436,8.956634866653186,100,-1.414172009981513,0.16044859469579592,0.31442431420085976
farmer_vs_preschool_teacher,gender,pull_release,neg,-17.839335626922548,27.505135079117522,100,-6.485820038915768,3.497273910874862e-09,1.6514904579131294e-08
farmer_vs_preschool_teacher,gender,pull_release,pos,2.1073612483451143,32.916657302652226,100,0.6402111942804459,0.5235142759960918,0.5543168336862296
farmer_vs_preschool_teacher,gender,pull_tcp,neg,-11.238974453881383,61.00381840638164,100,-1.842339503899918,0.06841847440567107,0.15426443906410156
farmer_vs_preschool_teacher,gender,pull_tcp,pos,2.073512605857104,42.28031769660256,100,0.4904202992835415,0.6249217129841401,0.7928111284127151
farmer_vs_preschool_teacher,gender,q_exploded,neg,0.055,0.15723301886761004,100,3.4979930040209877,0.0007037584014813327,0.0014954866031478358
farmer_vs_preschool_teacher,gender,q_exploded,pos,0.01,0.07035264706814484,100,1.4214106244380287,0.15833990565972564,0.15833990565972564
farmer_vs_preschool_teacher,gender,q_jerk_in_grasp,neg,0.085,0.25677683586013644,100,3.3102674435282227,0.0013011660900467525,nan
farmer_vs_preschool_teacher,gender,q_jerk_in_grasp,pos,0.005,0.049999999999999996,100,1.0,0.3197484741393017,nan
farmer_vs_preschool_teacher,gender,q_tile_drift,neg,0.1284679590165615,0.2761497534908652,100,4.65211202952644,1.0186097899841739e-05,6.660140934511906e-05
farmer_vs_preschool_teacher,gender,q_tile_drift,pos,0.031954144686460496,0.11314879900660897,100,2.8240816488555103,0.005733948238748884,0.00840320000506302
farmer_vs_preschool_teacher,gender,xpos_reversals,neg,0.87,0.5972157622389639,100,14.567599434053232,2.2995018897859255e-26,8.498159157904507e-26
farmer_vs_preschool_teacher,gender,xpos_reversals,pos,1.05,0.7194975800353797,100,14.593516769693217,2.038226171450292e-26,7.874964753330674e-26
financial_advisor_vs_bank_teller,gender,d_approach_retreat,neg,0.485,4.432692480452781,100,1.094143124384887,0.2765472092066647,0.9034923735814989
financial_advisor_vs_bank_teller,gender,d_approach_retreat,pos,-0.18,3.955254783707417,100,-0.4550907838894739,0.6500403820083893,0.9034923735814989
financial_advisor_vs_bank_teller,gender,d_latency,neg,0.29,1.7381343765978252,100,1.6684555803311234,0.0983851778569642,0.26976581025296636
financial_advisor_vs_bank_teller,gender,d_latency,pos,-0.505,2.6212948839622894,100,-1.9265287667164464,0.056906181058281526,0.23749902134185008
financial_advisor_vs_bank_teller,gender,d_peak_speed,neg,0.0004495259746909142,0.005397021344530114,100,0.8329149469577495,0.40689759124359415,0.6651210626097211
financial_advisor_vs_bank_teller,gender,d_peak_speed,pos,-0.0004607496038079262,0.003359868835006218,100,-1.3713321157284803,0.1733717943910209,0.4210457863781936
financial_advisor_vs_bank_teller,gender,d_time_to_half,neg,-0.085,4.126200468109894,100,-0.20600065522007058,0.8372134338257557,0.9621462536143975
financial_advisor_vs_bank_teller,gender,d_time_to_half,pos,-0.415,2.401656625218215,100,-1.7279739145153317,0.08711093381234496,0.4113571874471845
financial_advisor_vs_bank_teller,gender,pull_AUC,neg,-4.275422874331664,14.182682842521297,100,-3.0145374622024677,0.003269238697607735,0.006616316411825178
financial_advisor_vs_bank_teller,gender,pull_AUC,pos,3.9106117995680405,20.19068942877196,100,1.9368391621117078,0.055615786449685296,0.08182081957238285
financial_advisor_vs_bank_teller,gender,pull_MAD,neg,-8.5693960565608,27.958591295048766,100,-3.0650314123939313,0.002805018898483519,0.005544804799327887
financial_advisor_vs_bank_teller,gender,pull_MAD,pos,7.780377193028107,42.16890485522699,100,1.8450508069250224,0.06801949472126062,0.09636095085511921
financial_advisor_vs_bank_teller,gender,pull_early,neg,-0.8038095943629741,7.463036853781007,100,-1.0770543012336045,0.28407356530471173,0.46435102020962493
financial_advisor_vs_bank_teller,gender,pull_early,pos,0.9843029994517565,8.566055010504426,100,1.1490738715134567,0.2532941129918081,0.43938774702660593
financial_advisor_vs_bank_teller,gender,pull_release,neg,-8.415947324829176,25.41578242495182,100,-3.3113075899512183,0.001296823971162016,0.0028264112191992655
financial_advisor_vs_bank_teller,gender,pull_release,pos,7.946189726353623,38.93176775751856,100,2.0410554629436377,0.04390648027844467,0.06657563751693756
financial_advisor_vs_bank_teller,gender,pull_tcp,neg,-11.185714732855558,51.415490274577486,100,-2.175553451522053,0.031968699427484135,0.08481732295711436
financial_advisor_vs_bank_teller,gender,pull_tcp,pos,5.761972612235695,55.172403055156636,100,1.0443577392261434,0.29886330299901054,0.4618796500893799
financial_advisor_vs_bank_teller,gender,q_exploded,neg,0.03,0.11934162828797101,100,2.5137917447891764,0.013556758919315062,0.01578526723481891
financial_advisor_vs_bank_teller,gender,q_exploded,pos,0.03,0.119341628287971,100,2.5137917447891764,0.013556758919315062,0.01578526723481891
financial_advisor_vs_bank_teller,gender,q_jerk_in_grasp,neg,0.005,0.049999999999999996,100,1.0,0.3197484741393017,nan
financial_advisor_vs_bank_teller,gender,q_jerk_in_grasp,pos,0.02,0.09847319278346618,100,2.0310096011589898,0.04493472521263044,nan
financial_advisor_vs_bank_teller,gender,q_tile_drift,neg,0.07073154333978891,0.38744011270211215,100,1.825612295187713,0.07092336490792711,0.07442575329844203
financial_advisor_vs_bank_teller,gender,q_tile_drift,pos,0.03263654690235853,0.132697844926103,100,2.4594632204112448,0.01564866262732118,0.01900194747603286
financial_advisor_vs_bank_teller,gender,xpos_reversals,neg,1.095,0.95,100,11.526315789473685,5.326408527798988e-20,7.186424204173238e-20
financial_advisor_vs_bank_teller,gender,xpos_reversals,pos,0.84,0.8130252769810424,100,10.331782095620952,2.0686198967401453e-17,2.2257302686444602e-17
gender,gender,d_approach_retreat,-,0.23333333333333334,3.3240114916886925,300,1.2158357136949032,0.22500655779838416,0.9034923735814989
gender,gender,d_latency,-,0.2733333333333333,3.881861889349254,300,1.2195880075858578,0.22358224713524874,0.41314110883687266
gender,gender,d_peak_speed,-,-0.00038893111671010655,0.00470176001696756,300,-1.432758057313356,0.1529716795234775,0.3940179624089572
gender,gender,d_time_to_half,-,0.13,3.2444601614337065,300,0.6940032972525523,0.4882189717253034,0.7545202290300143
gender,gender,pull_AUC,-,-5.511536426943681,30.183197888560937,300,-3.1627732603015546,0.0017233817131793957,0.003854932779480227
gender,gender,pull_MAD,-,-10.644267468660594,63.680683100164885,300,-2.8951341549012017,0.004069166710813007,0.007686203787091236
gender,gender,pull_early,-,-1.1973209107915561,9.406584833273778,300,-2.2046477942982263,0.028240184065748124,0.08277295329615829
gender,gender,pull_release,-,-9.264925026988445,59.748276151462555,300,-2.6858215682039592,0.007639435196973248,0.014116347646581002
gender,gender,pull_tcp,-,-6.6957880785533535,78.27727064867395,300,-1.48158527407277,0.13950374922300413,0.2577786670425076
gender,gender,q_exploded,-,0.06833333333333333,0.18604461171283662,300,6.3617432450319615,7.467640403224373e-10,4.231662895160478e-09
gender,gender,q_jerk_in_grasp,-,0.05,0.1557160609532491,300,5.561567628174508,5.934105437242366e-08,nan
gender,gender,q_tile_drift,-,0.20602225278814634,0.9340318560989186,300,3.8204372472824635,0.00016203215199745504,0.0006368192547497681
gender,gender,xpos_reversals,-,0.8416666666666667,0.726307301728432,300,20.07152380589564,2.4046757176291862e-57,1.277483974990505e-56
health,gender,d_approach_retreat,neg,-0.02,3.819090800891561,100,-0.05236848517801941,0.9583406090557678,0.9834989355484054
health,gender,d_approach_retreat,pos,-0.15,3.484090826727812,100,-0.4305283859114459,0.6677471584096996,0.9034923735814989
health,gender,d_latency,neg,0.38,2.939731314596659,100,1.2926351402020468,0.19914603411670567,0.40097223523809244
health,gender,d_latency,pos,0.05,1.5349464505514863,100,0.3257442628180003,0.7453053570664349,0.856093991224959
health,gender,d_peak_speed,neg,0.00014083996415138245,0.002546952423758654,100,0.5529744601335681,0.5815274246851485,0.7163743637425742
health,gender,d_peak_speed,pos,-0.00010287480428814888,0.002157373835447588,100,-0.4768520068141345,0.6345184125006246,0.7191208675007078
health,gender,d_time_to_half,neg,0.415,3.917749689076961,100,1.0592815594040053,0.2920492139635759,0.6412856048188671
health,gender,d_time_to_half,pos,0.335,2.7201594947296153,100,1.2315454319832049,0.22103635240960445,0.6412856048188671
health,gender,pull_AUC,neg,-3.6457100782009007,13.99766810042691,100,-2.604512445962132,0.01061707015066423,0.018801061725134575
health,gender,pull_AUC,pos,-3.5490906543652523,9.500686856861432,100,-3.735614811682889,0.0003131766263248284,0.0007394448121558449
health,gender,pull_MAD,neg,-8.733408965868875,31.657795182838566,100,-2.7586914740680317,0.006913396578264569,0.012604656445591276
health,gender,pull_MAD,pos,-7.219541973085143,20.69593753272199,100,-3.4883860475856427,0.0007266407963366739,0.0015837042997081353
health,gender,pull_early,neg,-0.39749035052955173,6.2554566702195515,100,-0.635429787919226,0.5266141965515829,0.710511217569596
health,gender,pull_early,pos,0.10097864083945747,5.963037287892069,100,0.16934095153906603,0.8658740013600137,0.929804855463255
health,gender,pull_release,neg,-7.486633420921862,29.011085695392307,100,-2.580611253066936,0.011329817757578632,0.020490095944557103
health,gender,pull_release,pos,-6.781035924796015,19.74377742596089,100,-3.434518014713689,0.0008684971750187249,0.0019426910493839896
health,gender,pull_tcp,neg,-11.8526213982841,54.150946491496995,100,-2.1888114919921566,0.030961318566928075,0.08481732295711436
health,gender,pull_tcp,pos,-12.144526019692421,44.13292386090892,100,-2.751806351640692,0.007049670324256753,0.027237362616446544
health,gender,q_exploded,neg,0.075,0.20566472667421556,100,3.6467118699845984,0.0004257091458888381,0.0010642728647220954
health,gender,q_exploded,pos,0.035,0.12821619998812142,100,2.729764257811617,0.0075025675386096264,0.010454397389865873
health,gender,q_jerk_in_grasp,neg,0.035,0.1777383163274286,100,1.969187101757124,0.051726828608155785,nan
health,gender,q_jerk_in_grasp,pos,0.005,0.049999999999999996,100,1.0,0.3197484741393017,nan
health,gender,q_tile_drift,neg,0.06654475435614586,0.15951732809556615,100,4.171631706135347,6.49752045819849e-05,0.0003248760229099245
health,gender,q_tile_drift,pos,0.07637277137488127,0.42594644913158364,100,1.7930134534655588,0.07602451284000011,0.07880589745609767
health,gender,xpos_reversals,neg,1.24,0.8717797887081348,100,14.223775499974828,1.1476266906695938e-25,3.901930748276619e-25
health,gender,xpos_reversals,pos,0.71,0.7425726505966548,100,9.561354022795173,9.909450848642265e-16,1.0241638843143171e-15
high_school_drop_out_vs_college_graduate,gender,d_approach_retreat,neg,-0.265,4.2208327724430506,100,-0.6278381880706824,0.5315555218643044,0.9034923735814989
high_school_drop_out_vs_college_graduate,gender,d_approach_retreat,pos,0.535,4.947326081181163,100,1.0813922333420765,0.28214982593195453,0.9034923735814989
high_school_drop_out_vs_college_graduate,gender,d_latency,neg,-0.38,2.227151099544443,100,-1.7062156226298604,0.09110320928485634,0.26702664790388925
high_school_drop_out_vs_college_graduate,gender,d_latency,pos,0.095,2.762204323954462,100,0.3439282140576585,0.7316296822710515,0.8518975752471147
high_school_drop_out_vs_college_graduate,gender,d_peak_speed,neg,-3.943514078855515e-05,0.0027689451205108306,100,-0.1424193657593327,0.8870382122327236,0.8870382122327236
high_school_drop_out_vs_college_graduate,gender,d_peak_speed,pos,0.00036261849105358125,0.004737794273858632,100,0.7653740751352877,0.4458696439711276,0.6659989595271997
high_school_drop_out_vs_college_graduate,gender,d_time_to_half,neg,-0.515,5.614040389501085,100,-0.917342883679837,0.36119237958629,0.6948213900684415
high_school_drop_out_vs_college_graduate,gender,d_time_to_half,pos,-0.23,1.6883737917315762,100,-1.3622575825707097,0.176207953777168,0.6144409997878181
high_school_drop_out_vs_college_graduate,gender,pull_AUC,neg,3.4546422577584526,16.027217301202928,100,2.1554847562334873,0.03354781633283377,0.051846625241652185
high_school_drop_out_vs_college_graduate,gender,pull_AUC,pos,0.10744818547976333,14.152652193831093,100,0.07592088324377688,0.9396352544073505,0.9396352544073506
high_school_drop_out_vs_college_graduate,gender,pull_MAD,neg,7.352374580362811,33.00615401869938,100,2.2275768864792247,0.028172885862768407,0.04353991451518754
high_school_drop_out_vs_college_graduate,gender,pull_MAD,pos,1.0062095746514397,27.319795491499935,100,0.3683078722036934,0.7134300521509013,0.7676146130737546
high_school_drop_out_vs_college_graduate,gender,pull_early,neg,1.0711123256478459,7.590899454469492,100,1.411047968784752,0.16136529200341135,0.31442431420085976
high_school_drop_out_vs_college_graduate,gender,pull_early,pos,-0.13962074602022734,9.717832456820206,100,-0.14367478204693493,0.8860493328532194,0.929804855463255
high_school_drop_out_vs_college_graduate,gender,pull_release,neg,6.403788537718356,31.603993885302962,100,2.026259263610463,0.04542808207038092,0.06657563751693756
high_school_drop_out_vs_college_graduate,gender,pull_release,pos,1.9790320409811102,24.85686880338848,100,0.7961710932437835,0.42783763045557144,0.4603316277053616
high_school_drop_out_vs_college_graduate,gender,pull_tcp,neg,0.8828488120343536,52.02112272584228,100,0.16970968056323493,0.8655847682422121,0.908329695068988
high_school_drop_out_vs_college_graduate,gender,pull_tcp,pos,7.442291408660822,61.289474064120576,100,1.2142854090858657,0.2275273538659213,0.37429202798364347
high_school_drop_out_vs_college_graduate,gender,q_exploded,neg,0.04,0.13632996217214535,100,2.934057881530954,0.004158024036355915,0.006545037835004682
high_school_drop_out_vs_college_graduate,gender,q_exploded,pos,0.065,0.18333333333333335,100,3.5454545454545454,0.0006003467586197645,0.0014579849852194282
high_school_drop_out_vs_college_graduate,gender,q_jerk_in_grasp,neg,0.005,0.049999999999999996,100,1.0,0.3197484741393017,nan
high_school_drop_out_vs_college_graduate,gender,q_jerk_in_grasp,pos,0.055,0.23457462037750917,100,2.3446696795879522,0.021040527419118566,nan
high_school_drop_out_vs_college_graduate,gender,q_tile_drift,neg,0.02029270529747009,0.07427269982204937,100,2.7321889935453494,0.0074514811275114634,0.01055626493064124
high_school_drop_out_vs_college_graduate,gender,q_tile_drift,pos,0.09078756511211396,0.34794602917209494,100,2.609242741701478,0.010480903747961885,0.014140901882170797
high_school_drop_out_vs_college_graduate,gender,xpos_reversals,neg,0.92,0.7444067531540899,100,12.358834684155031,8.821032122692687e-22,1.3154170709278569e-21
high_school_drop_out_vs_college_graduate,gender,xpos_reversals,pos,1.015,0.8085871204224881,100,12.552759923626544,3.422404686629826e-22,5.704007811049711e-22
high_status_vs_low_status,gender,d_approach_retreat,neg,0.19,4.199434786403109,100,0.4524418395903664,0.6519405846431621,0.9034923735814989
high_status_vs_low_status,gender,d_approach_retreat,pos,-0.015,4.251829671512672,100,-0.03527892968173265,0.9719283598360713,0.9834989355484054
high_status_vs_low_status,gender,d_latency,neg,0.01,3.1781927397357594,100,0.031464422767611695,0.9749625112257665,0.986569207787978
high_status_vs_low_status,gender,d_latency,pos,0.36,2.902524154016029,100,1.2402997559964901,0.21779608120960725,0.41139259784036925
high_status_vs_low_status,gender,d_peak_speed,neg,0.000848606564104557,0.008395339745070212,100,1.0108066973738177,0.31457308148500257,0.6076979983233004
high_status_vs_low_status,gender,d_peak_speed,pos,-0.0005145343765616417,0.0027101181142343694,100,-1.898568087712302,0.06053345788744424,0.20645228191398662
high_status_vs_low_status,gender,d_time_to_half,neg,-2.22,9.230034417787149,100,-2.405191464640533,0.018021605727957704,0.23897077573842723
high_status_vs_low_status,gender,d_time_to_half,pos,0.91,5.211380320844455,100,1.746178447886803,0.0838818835816852,0.4113571874471845
high_status_vs_low_status,gender,pull_AUC,neg,0.1692136220516109,21.265131905011568,100,0.07957327648258423,0.9367372777906353,0.9396352544073506
high_status_vs_low_status,gender,pull_AUC,pos,5.643504711575414,22.115133792134554,100,2.5518745509839853,0.012243680060444996,0.020814256102756494
high_status_vs_low_status,gender,pull_MAD,neg,-0.4615617804229268,46.37336470786094,100,-0.09953165644344232,0.9209174234550308,0.9318807261152097
high_status_vs_low_status,gender,pull_MAD,pos,11.356002166052349,41.207115139476116,100,2.7558352793237355,0.0069696335640328224,0.012604656445591276
high_status_vs_low_status,gender,pull_early,neg,-0.722238407470286,13.882099145401597,100,-0.520265991407737,0.6040397279347242,0.7550496599184051
high_status_vs_low_status,gender,pull_early,pos,2.84945301245898,12.069287384858983,100,2.3609123899341737,0.020189260878959517,0.06600335287352149
high_status_vs_low_status,gender,pull_release,neg,0.9628508565947413,42.858022904143176,100,0.22466058659501545,0.8227063702608223,0.8325004937163082
high_status_vs_low_status,gender,pull_release,pos,11.005757509265095,39.72293164879672,100,2.770630729516783,0.006682771542274076,0.012623012913184366
high_status_vs_low_status,gender,pull_tcp,neg,-1.5917058079503477,50.942476116406404,100,-0.31245159821309254,0.7553545222073148,0.8645369515022805
high_status_vs_low_status,gender,pull_tcp,pos,7.626680061221123,52.29359987854476,100,1.4584346992623527,0.147886079990208,0.26188159998266
high_status_vs_low_status,gender,q_exploded,neg,0.07,0.20125866566448886,100,3.4781111048750826,0.0007518897856637337,0.0015587958971077405
high_status_vs_low_status,gender,q_exploded,pos,0.025,0.10952145677879516,100,2.2826577307580465,0.024589522572171077,0.026457081248538503
high_status_vs_low_status,gender,q_jerk_in_grasp,neg,0.005,0.049999999999999996,100,1.0,0.3197484741393017,nan
high_status_vs_low_status,gender,q_jerk_in_grasp,pos,0.01,0.07035264706814483,100,1.421410624438029,0.15833990565972564,nan
high_status_vs_low_status,gender,q_tile_drift,neg,0.03971652302891016,0.07323628911001673,100,5.423066011611725,4.14943406934687e-07,3.5270189589448396e-06
high_status_vs_low_status,gender,q_tile_drift,pos,0.031944002211093905,0.08276267453854697,100,3.8597112030515506,0.00020241591519896623,0.0006882141116764852
high_status_vs_low_status,gender,xpos_reversals,neg,0.94,0.8506681865665153,100,11.050136996353977,5.6859028534248e-19,6.620571815631616e-19
high_status_vs_low_status,gender,xpos_reversals,pos,0.81,0.8219833122737747,100,9.85421465259889,2.275418628508348e-16,2.4176322927901197e-16
hobbies_interests_and_activities,gender,d_approach_retreat,-,-0.01,3.5326878203472813,1200,-0.09805852629223308,0.9219022095908003,0.9795210976902252
hobbies_interests_and_activities,gender,d_latency,-,0.21125,2.8814783593576063,1200,2.539638945478651,0.011222123444491172,0.1192350615977187
hobbies_interests_and_activities,gender,d_peak_speed,-,0.0002971430914476514,0.005322396186673543,1200,1.93396700829624,0.05335228151127096,0.20613381492991054
hobbies_interests_and_activities,gender,d_time_to_half,-,0.08541666666666667,4.863953539020188,1200,0.6083364295854041,0.5430795837126133,0.8098555195714409
hobbies_interests_and_activities,gender,pull_AUC,-,-4.046221457975613,14.846625940452611,1200,-9.44088060411594,1.8573306159716982e-20,3.157462047151887e-19
hobbies_interests_and_activities,gender,pull_MAD,-,-8.359942519072138,30.651488536980793,1200,-9.448053508995798,1.742631011598184e-20,3.703090899646141e-19
hobbies_interests_and_activities,gender,pull_early,-,-0.6763134762146973,7.815808917084265,1200,-2.9975382332770297,0.002777727129383316,0.01686477185697013
hobbies_interests_and_activities,gender,pull_release,-,-7.582045468995299,27.839954844458134,1200,-9.434273906670096,1.9695730367999597e-20,2.6217660128673858e-19
hobbies_interests_and_activities,gender,pull_tcp,-,-8.550909265953427,61.05058077843517,1200,-4.851914301452269,1.3836617376103838e-06,2.3522249539376524e-05
hobbies_interests_and_activities,gender,q_exploded,-,0.05708333333333333,0.1679980530951436,1200,11.770521357497985,2.4093661723879587e-30,5.119903116324412e-29
hobbies_interests_and_activities,gender,q_jerk_in_grasp,-,0.024166666666666666,0.1147909099903061,1200,7.292893578382243,5.497178397736798e-13,nan
hobbies_interests_and_activities,gender,q_tile_drift,-,0.0965818233260264,0.3375567920721758,1200,9.911495133094531,2.6023737564091266e-22,7.373392309825859e-21
hobbies_interests_and_activities,gender,xpos_reversals,-,1.0708333333333333,0.8668576434651293,1200,42.79221054930416,1.213186565314428e-243,2.5780214512931596e-242
housing_tenure,gender,d_approach_retreat,-,0.375,3.443904731257791,100,1.0888802950801766,0.27885024513864626,0.9034923735814989
housing_tenure,gender,d_latency,-,0.46,2.6739295035394983,100,1.7203146133474905,0.08849961974097376,0.26702664790388925
housing_tenure,gender,d_peak_speed,-,-0.00014093786478042603,0.004188946436593513,100,-0.33645181888512743,0.7372422994801271,0.8034050699462923
housing_tenure,gender,d_time_to_half,-,0.635,5.721594307021551,100,1.1098305226232605,0.2697605823438772,0.6412856048188671
housing_tenure,gender,pull_AUC,-,-4.232960138509872,16.33259924265183,100,-2.591724731392228,0.01099320835117922,0.01906985122143334
housing_tenure,gender,pull_MAD,-,-9.241368039490773,33.81542057146445,100,-2.732885731809946,0.0074368603374759925,0.013169440180947069
housing_tenure,gender,pull_early,-,-0.4225549078546465,7.788992153929649,100,-0.5425026749339604,0.5886914347861685,0.746847342639169
housing_tenure,gender,pull_release,-,-8.497961029133876,29.732006177195455,100,-2.8581862180735853,0.005194756921953918,0.010513198532525785
housing_tenure,gender,pull_tcp,-,-15.772920728195459,49.958365079196945,100,-3.1572131520299545,0.002111444951241045,0.00997071226974938
housing_tenure,gender,q_exploded,-,0.055,0.1572330188676101,100,3.4979930040209872,0.0007037584014813345,0.0014954866031478358
housing_tenure,gender,q_jerk_in_grasp,-,0.03,0.13889898953170712,100,2.159842926226023,0.03319924783029144,nan
housing_tenure,gender,q_tile_drift,-,0.0606742350384593,0.1778813060217713,100,3.4109393727429262,0.0009384610072892316,0.002099189095252229
housing_tenure,gender,xpos_reversals,-,0.985,0.7297951836652596,100,13.496937525033008,3.590445762663237e-24,8.248321346658787e-24
income,gender,d_approach_retreat,neg,0.18,3.9933783576153545,100,0.4507461699859739,0.6531581684823833,0.9034923735814989
income,gender,d_approach_retreat,pos,0.13,3.970611738228453,100,0.32740546941011517,0.7440525429494697,0.9034923735814989
income,gender,d_latency,neg,0.225,2.339143199782969,100,0.9618906615929971,0.33844806401418304,0.5535898269244719
income,gender,d_latency,pos,-0.13,1.8252161903221606,100,-0.7122443943314697,0.4779886513573358,0.6659568352656807
income,gender,d_peak_speed,neg,-0.0002893279120326042,0.003034895981600877,100,-0.9533371614271491,0.34274117673463256,0.6474000004987503
income,gender,d_peak_speed,pos,0.00045310378074645994,0.0035187290943450964,100,1.287691574422814,0.20085534891822193,0.47424179605691286
income,gender,d_time_to_half,neg,0.125,2.9105997507542853,100,0.429464751955696,0.6685182712583961,0.9280831693305663
income,gender,d_time_to_half,pos,-0.41,3.369785534044347,100,-1.216694640824594,0.22661311674669285,0.6412856048188671
income,gender,pull_AUC,neg,-3.032846199228872,12.812287470866877,100,-2.36713873781328,0.019871120723782,0.03248163964464365
income,gender,pull_AUC,pos,-1.455819313258398,10.819557781325274,100,-1.3455441919919915,0.1815232475032536,0.226904059379067
income,gender,pull_MAD,neg,-6.224878922570497,26.391642557168257,100,-2.3586553618580104,0.020305694913295556,0.033842824855492594
income,gender,pull_MAD,pos,-2.7748790956102307,23.818669210642803,100,-1.165001735013114,0.24681775434805459,0.2945399521150362
income,gender,pull_early,neg,-1.6185350492596629,6.118450527969029,100,-2.6453348635588667,0.00949280448436443,0.03842325624623698
income,gender,pull_early,pos,-0.5206678584218022,4.044885522510099,100,-1.2872252021083057,0.2010171637367079,0.37144475907869934
income,gender,pull_release,neg,-5.678367151413113,23.133928291970346,100,-2.4545624416861536,0.015850858801498575,0.026418098002497625
income,gender,pull_release,pos,-1.7875721049495041,19.578545135579105,100,-0.9130260152482113,0.3634469997573475,0.4012077270048641
income,gender,pull_tcp,neg,-7.871754558291286,40.50049054786411,100,-1.943619559123197,0.054780747201103805,0.13303895748839495
income,gender,pull_tcp,pos,-1.9573220633901656,60.13292210351903,100,-0.325499243163442,0.7454901988537934,0.8645369515022805
income,gender,q_exploded,neg,0.045,0.16041297713191172,100,2.805259325309781,0.006053018875324038,0.009187617935759701
income,gender,q_exploded,pos,0.03,0.11934162828797101,100,2.5137917447891764,0.013556758919315062,0.01578526723481891
income,gender,q_jerk_in_grasp,neg,0.02,0.0984731927834662,100,2.0310096011589898,0.04493472521263044,nan
income,gender,q_jerk_in_grasp,pos,0.015,0.08572330399888264,100,1.7498158960596661,0.083248625244961,nan
income,gender,q_tile_drift,neg,0.04428187564015389,0.12977348335691044,100,3.412243741532879,0.0009344560292822961,0.002099189095252229
income,gender,q_tile_drift,pos,0.04837742522358894,0.1571198642019473,100,3.0790139406821977,0.0026877250952181474,0.004230678390621158
income,gender,xpos_reversals,neg,1.01,0.9691712590109807,100,10.421274780998813,1.3205835549765763e-17,1.4390974637565254e-17
income,gender,xpos_reversals,pos,1.205,0.8935656640446722,100,13.485298825669272,3.795776860453375e-24,8.490553503645707e-24
income_and_wealth,gender,d_approach_retreat,-,0.065,4.195447290012368,600,0.3794990671434159,0.7044517967704913,0.9034923735814989
income_and_wealth,gender,d_latency,-,0.0925,2.37987396377885,600,0.9520579856576756,0.34145157702920836,0.5535898269244719
income_and_wealth,gender,d_peak_speed,-,2.434280700981617e-05,0.00385889632807684,600,0.1545194558538755,0.877252220229952,0.8870382122327236
income_and_wealth,gender,d_time_to_half,-,0.021666666666666667,3.388879568545588,600,0.15660715197111394,0.8756072335230263,0.9621462536143975
income_and_wealth,gender,pull_AUC,-,-2.591094731459327,13.17179075680695,600,-4.818524743121362,1.8349420539311683e-06,5.998849022467281e-06
income_and_wealth,gender,pull_MAD,-,-6.762910933296128,26.818897922766464,600,-6.176868643212415,1.2075449523489879e-09,6.328082821899819e-09
income_and_wealth,gender,pull_early,-,-0.6753389520260197,6.495530319679641,600,-2.5467294500616893,0.011122802806615909,0.04297446538919783
income_and_wealth,gender,pull_release,-,-6.269936010357924,24.988355333358715,600,-6.146120359020167,1.449491337202374e-09,7.700422728887612e-09
income_and_wealth,gender,pull_tcp,-,-4.513196185483442,60.85311675981946,600,-1.8166740427023371,0.06976668332731858,0.15426443906410156
income_and_wealth,gender,q_exploded,-,0.050833333333333335,0.1592951048827979,600,7.816670115700743,2.4499905624875095e-14,2.082491978114383e-13
income_and_wealth,gender,q_jerk_in_grasp,-,0.015,0.08536477752603891,600,4.304157663919422,1.9578307385889926e-05,nan
income_and_wealth,gender,q_tile_drift,-,0.09142278027410308,0.4156180068520375,600,5.388100583857991,1.024850856907226e-07,9.679146981901579e-07
income_and_wealth,gender,xpos_reversals,-,1.1258333333333332,0.8548687852269969,600,32.25895306671101,4.300375583288729e-133,4.5691490572442744e-132
janitor_vs_stay_at_home_parent,gender,d_approach_retreat,neg,0.495,4.344097934978777,100,1.1394770730518033,0.2572537527880144,0.9034923735814989
janitor_vs_stay_at_home_parent,gender,d_approach_retreat,pos,-0.465,4.7674480181812795,100,-0.975364593859571,0.33175673173701004,0.9034923735814989
janitor_vs_stay_at_home_parent,gender,d_latency,neg,0.545,2.844536673851981,100,1.9159535013552078,0.05825590535636169,0.23749902134185008
janitor_vs_stay_at_home_parent,gender,d_latency,pos,-0.725,3.2234737207371227,100,-2.2491264480797812,0.02671986184952379,0.17470678901611708
janitor_vs_stay_at_home_parent,gender,d_peak_speed,neg,0.0010156673192977905,0.0032728600421800622,100,3.103302023942495,0.002494736487939976,0.019975051101369636
janitor_vs_stay_at_home_parent,gender,d_peak_speed,pos,-0.0008458779752254487,0.002800366800330713,100,-3.0205970700893667,0.003209997997694144,0.022737485817000188
janitor_vs_stay_at_home_parent,gender,d_time_to_half,neg,-0.465,2.349785075063228,100,-1.97890438974504,0.05060468730194459,0.4113571874471845
janitor_vs_stay_at_home_parent,gender,d_time_to_half,pos,0.985,4.154500419710382,100,2.370922855915047,0.019679946237282243,0.23897077573842723
janitor_vs_stay_at_home_parent,gender,pull_AUC,neg,-7.640898874865405,16.4602119211179,100,-4.642041616160719,1.0602155466403265e-05,3.0039440488142582e-05
janitor_vs_stay_at_home_parent,gender,pull_AUC,pos,11.913113574921386,17.66223845906119,100,6.744962481700415,1.0383943929322609e-09,6.304537385660155e-09
janitor_vs_stay_at_home_parent,gender,pull_MAD,neg,-14.127049152785911,30.330468937898388,100,-4.657708781790032,9.96175762753866e-06,2.6460918698149565e-05
janitor_vs_stay_at_home_parent,gender,pull_MAD,pos,25.977382916328498,36.21852826623048,100,7.172401574513825,1.3555217193234782e-10,8.229953295892547e-10
janitor_vs_stay_at_home_parent,gender,pull_early,neg,-2.4188381602289155,9.975779446014366,100,-2.4247109444619053,0.01713361029876544,0.06068153647479427
janitor_vs_stay_at_home_parent,gender,pull_early,pos,2.356562458910048,8.494515272377999,100,2.7742165189495736,0.006614890276893527,0.029592930186102623
janitor_vs_stay_at_home_parent,gender,pull_release,neg,-13.446617435256485,29.55117089501487,100,-4.550282451760603,1.5234292181322162e-05,4.177144630362528e-05
janitor_vs_stay_at_home_parent,gender,pull_release,pos,25.42069421382621,33.39488354737653,100,7.61215237590587,1.6098567610288267e-11,9.774130334817876e-11
janitor_vs_stay_at_home_parent,gender,pull_tcp,neg,-12.340167369693518,49.27002266795408,100,-2.5045994910247398,0.013892053028714563,0.04920102114336408
janitor_vs_stay_at_home_parent,gender,pull_tcp,pos,24.67875829897821,56.33692995255665,100,4.380564989920657,2.9456198394769302e-05,0.0002503776863555391
janitor_vs_stay_at_home_parent,gender,q_exploded,neg,0.09,0.20572610996962035,100,4.374748543745386,3.0121520499537685e-05,0.00011637860193003196
janitor_vs_stay_at_home_parent,gender,q_exploded,pos,0.03,0.11934162828797101,100,2.5137917447891764,0.013556758919315062,0.01578526723481891
janitor_vs_stay_at_home_parent,gender,q_jerk_in_grasp,neg,0.055,0.17254775360093005,100,3.187523387131685,0.001920782408508495,nan
janitor_vs_stay_at_home_parent,gender,q_jerk_in_grasp,pos,0.025,0.10952145677879513,100,2.282657730758047,0.02458952257217105,nan
janitor_vs_stay_at_home_parent,gender,q_tile_drift,neg,0.10495532430708408,0.34906076645546,100,3.0067923523131412,0.003346429507623787,0.005079401931214677
janitor_vs_stay_at_home_parent,gender,q_tile_drift,pos,0.03819125466048717,0.10699099792408179,100,3.5695764504960277,0.0005534624777013784,0.0015681436868205721
janitor_vs_stay_at_home_parent,gender,xpos_reversals,neg,0.88,0.7756391955130695,100,11.345481315160947,1.3069069707662372e-19,1.6099578625381183e-19
janitor_vs_stay_at_home_parent,gender,xpos_reversals,pos,0.795,0.6280280184189173,100,12.658670898178086,2.0436343726026866e-22,3.6959345036431564e-22
lawyer_vs_paralegal,gender,d_approach_retreat,neg,0.37,3.7210973726262067,100,0.9943303357817489,0.32248619960472935,0.9034923735814989
lawyer_vs_paralegal,gender,d_approach_retreat,pos,0.35,4.919298217174371,100,0.7114835989777396,0.4784577279699682,0.9034923735814989
lawyer_vs_paralegal,gender,d_latency,neg,0.7,3.2775637663399078,100,2.1357326657955396,0.03516772384181633,0.21351832332531345
lawyer_vs_paralegal,gender,d_latency,pos,-0.335,2.6131514701717173,100,-1.2819769685145204,0.20284477782632912,0.40097223523809244
lawyer_vs_paralegal,gender,d_peak_speed,neg,0.0010648258030414581,0.0036680321906025336,100,2.9029892533918664,0.004557072653515102,0.02979624427298336
lawyer_vs_paralegal,gender,d_peak_speed,pos,0.00027566473931074143,0.0032027616506656482,100,0.8607095044161293,0.39147777782368864,0.6651210626097211
lawyer_vs_paralegal,gender,d_time_to_half,neg,-0.295,2.797992606541809,100,-1.0543273034756389,0.29429943865316116,0.6412856048188671
lawyer_vs_paralegal,gender,d_time_to_half,pos,-0.15,5.79031758868007,100,-0.2590531481265317,0.7961321146678553,0.9621462536143975
lawyer_vs_paralegal,gender,pull_AUC,neg,-12.218871848953379,18.687770246729546,100,-6.538432187270573,2.7368242020659148e-09,1.4539378573475172e-08
lawyer_vs_paralegal,gender,pull_AUC,pos,4.251779743057121,17.626794073638596,100,2.412111768762186,0.01770220497456494,0.029503674957608233
lawyer_vs_paralegal,gender,pull_MAD,neg,-24.220962195331232,35.955008358914895,100,-6.736464070192809,1.0808576817007312e-09,6.124860196304143e-09
lawyer_vs_paralegal,gender,pull_MAD,pos,7.744144535565283,35.502775367648304,100,2.1812786339577523,0.03153023751953648,0.047018775248431594
lawyer_vs_paralegal,gender,pull_early,neg,-2.730081486050041,7.961457647609051,100,-3.429122664327589,0.0008840593697552507,0.008349449603244035
lawyer_vs_paralegal,gender,pull_early,pos,1.654343780130148,9.068429152920999,100,1.8242892481519506,0.07112470731601542,0.18320000369276698
lawyer_vs_paralegal,gender,pull_release,neg,-20.403606279146377,32.4819773640752,99,-6.25002957543881,1.0678426709895752e-08,4.538331351705695e-08
lawyer_vs_paralegal,gender,pull_release,pos,6.876460855128244,34.93253509946416,100,1.968497515439045,0.05180725831845744,0.07339361595114804
lawyer_vs_paralegal,gender,pull_tcp,neg,-9.897528580622748,62.45657994140017,100,-1.5847055009911035,0.11622253869413492,0.22452081338639698
lawyer_vs_paralegal,gender,pull_tcp,pos,9.199552205391228,56.14831748261864,100,1.6384377338179466,0.10450486022404268,0.21149793140580064
lawyer_vs_paralegal,gender,q_exploded,neg,0.07,0.1743675440098885,100,4.014508571390456,0.00011596495199142779,0.0003398972730783228
lawyer_vs_paralegal,gender,q_exploded,pos,0.01,0.07035264706814483,100,1.421410624438029,0.15833990565972564,0.15833990565972564
lawyer_vs_paralegal,gender,q_jerk_in_grasp,neg,0.06,0.19174899417644092,100,3.129090729143019,0.0023039657126900765,nan
lawyer_vs_paralegal,gender,q_jerk_in_grasp,pos,0.0,0.0,100,nan,nan,nan
lawyer_vs_paralegal,gender,q_tile_drift,neg,0.19880298025906085,1.2114161232836405,100,1.6410792001033419,0.10395431804395426,0.10645924137031461
lawyer_vs_paralegal,gender,q_tile_drift,pos,0.02824818395078182,0.11250231422490838,100,2.510898033111534,0.013661517948077448,0.01707689743509681
lawyer_vs_paralegal,gender,xpos_reversals,neg,0.915,0.7556353938804404,100,12.109014577800133,3.001689973713087e-21,4.32446860619682e-21
lawyer_vs_paralegal,gender,xpos_reversals,pos,0.945,0.7381898417238227,100,12.801584993275354,1.0208851994367679e-22,1.8864183033070711e-22
live_in_the_inner_city_vs_suburbs,gender,d_approach_retreat,neg,0.39,4.911119109642008,100,0.7941163537131739,0.42902712424306966,0.9034923735814989
live_in_the_inner_city_vs_suburbs,gender,d_approach_retreat,pos,-0.155,4.199383672912399,100,-0.36910178272066013,0.7128400990402549,0.9034923735814989
live_in_the_inner_city_vs_suburbs,gender,d_latency,neg,0.12,2.4721887411193286,100,0.4853998321571022,0.6284652292258887,0.7523879504816977
live_in_the_inner_city_vs_suburbs,gender,d_latency,pos,0.19,2.7650232431850434,100,0.6871551639513095,0.49359153672632805,0.6659568352656807
live_in_the_inner_city_vs_suburbs,gender,d_peak_speed,neg,0.0006450650095939636,0.0028514286682187347,100,2.262251960863291,0.025867409286605667,0.12459096236089634
live_in_the_inner_city_vs_suburbs,gender,d_peak_speed,pos,0.00047960616648197175,0.0025280227175323244,100,1.897159242896872,0.06072125938646665,0.20645228191398662
live_in_the_inner_city_vs_suburbs,gender,d_time_to_half,neg,0.4,4.421595306052449,100,0.9046508608611572,0.36784661827152787,0.6948213900684415
live_in_the_inner_city_vs_suburbs,gender,d_time_to_half,pos,0.175,4.409800265753358,100,0.39684337034276873,0.6923371507856885,0.9341056796314845
live_in_the_inner_city_vs_suburbs,gender,pull_AUC,neg,-4.101951799330752,14.032626974022902,100,-2.923153167916639,0.004294267170512,0.008488667662640002
live_in_the_inner_city_vs_suburbs,gender,pull_AUC,pos,-5.1104061180524,16.207464247210755,100,-3.15311885937486,0.0021385101736166603,0.004660855506600414
live_in_the_inner_city_vs_suburbs,gender,pull_MAD,neg,-8.934515627817017,28.592180125838993,100,-3.1248109058122573,0.0023346568942559476,0.0047249008574227515
live_in_the_inner_city_vs_suburbs,gender,pull_MAD,pos,-10.434063793672248,30.592421193466418,100,-3.4106695013406254,0.0009392916424847363,0.0019959947402800647
live_in_the_inner_city_vs_suburbs,gender,pull_early,neg,-0.9314517891034488,7.641241503552043,100,-1.2189796496687901,0.22574847960499397,0.3997629326338435
live_in_the_inner_city_vs_suburbs,gender,pull_early,pos,-0.6040404504165057,6.823117131720928,100,-0.8852851838176702,0.3781480343100725,0.584410598479203
live_in_the_inner_city_vs_suburbs,gender,pull_release,neg,-7.362512834370136,29.849911191725653,100,-2.4665108003440266,0.015361931831757228,0.026115284113987287
live_in_the_inner_city_vs_suburbs,gender,pull_release,pos,-7.834650447475724,27.89282713850922,100,-2.808840569860736,0.00599108733888664,0.01157369145012192
live_in_the_inner_city_vs_suburbs,gender,pull_tcp,neg,-14.450608077459037,63.153101395918746,100,-2.288186606523952,0.02425298664355381,0.07362513802507407
live_in_the_inner_city_vs_suburbs,gender,pull_tcp,pos,-11.508260872215033,49.18821457282018,100,-2.3396378527172903,0.021310606623953218,0.06890018198633668
live_in_the_inner_city_vs_suburbs,gender,q_exploded,neg,0.06,0.19174899417644092,100,3.129090729143019,0.0023039657126900765,0.00391674171157313
live_in_the_inner_city_vs_suburbs,gender,q_exploded,pos,0.07,0.1743675440098885,100,4.014508571390456,0.00011596495199142779,0.0003398972730783228
live_in_the_inner_city_vs_suburbs,gender,q_jerk_in_grasp,neg,0.045,0.16041297713191177,100,2.8052593253097804,0.006053018875324044,nan
live_in_the_inner_city_vs_suburbs,gender,q_jerk_in_grasp,pos,0.02,0.09847319278346618,100,2.0310096011589898,0.04493472521263044,nan
live_in_the_inner_city_vs_suburbs,gender,q_tile_drift,neg,0.05349836930632591,0.1679727268032556,100,3.1849437896538944,0.001936361936429207,0.003501931161627289
live_in_the_inner_city_vs_suburbs,gender,q_tile_drift,pos,0.08101456273347139,0.2618062460002117,100,3.094447285776593,0.002563553113665743,0.004182218096020359
live_in_the_inner_city_vs_suburbs,gender,xpos_reversals,neg,0.835,0.8010567515425604,100,10.423730882887842,1.3044214810216636e-17,1.4390974637565254e-17
live_in_the_inner_city_vs_suburbs,gender,xpos_reversals,pos,0.875,0.927620503212277,100,9.432736738460864,1.8905639542134633e-15,1.8905639542134633e-15
living_arrangements_and_residential_setting,gender,d_approach_retreat,-,0.16,3.4369354449167724,100,0.4655310015689705,0.6425737318872502,0.9034923735814989
living_arrangements_and_residential_setting,gender,d_latency,-,0.19,3.0853024015630806,100,0.61582294138734,0.5394246482958497,0.7028960479358234
living_arrangements_and_residential_setting,gender,d_peak_speed,-,-0.0005599835142493248,0.003743531107282196,100,-1.4958698036728024,0.13786870816568922,0.37058290691876283
living_arrangements_and_residential_setting,gender,d_time_to_half,-,-1.305,4.373875035741514,100,-2.9836243361689,0.0035875022452700866,0.07623442271198934
living_arrangements_and_residential_setting,gender,pull_AUC,-,-4.348842628966286,20.083936956595338,100,-2.165333738282909,0.03276457266938271,0.051573864386991304
living_arrangements_and_residential_setting,gender,pull_MAD,-,-9.267051661573351,40.938845177344476,100,-2.263632894730926,0.025779125959481515,0.04057825382510979
living_arrangements_and_residential_setting,gender,pull_early,-,1.0579886045306923,9.6218888916812,100,1.0995643541939026,0.2741886556739352,0.456981092789892
living_arrangements_and_residential_setting,gender,pull_release,-,-6.3683719087566715,37.126212199658326,100,-1.7153303640319333,0.08941299138039469,0.11875162917708669
living_arrangements_and_residential_setting,gender,pull_tcp,-,-12.941390832420439,52.29831579306301,100,-2.4745330009531625,0.015041269752056156,0.05114031715699094
living_arrangements_and_residential_setting,gender,q_exploded,-,0.085,0.20169734302121628,100,4.214234988264519,5.5400615061782116e-05,0.0001883620912100592
living_arrangements_and_residential_setting,gender,q_jerk_in_grasp,-,0.01,0.07035264706814483,100,1.421410624438029,0.15833990565972564,nan
living_arrangements_and_residential_setting,gender,q_tile_drift,-,0.09108550895005464,0.2319424886167401,100,3.927073021129975,0.00015911415475759356,0.0006368192547497681
living_arrangements_and_residential_setting,gender,xpos_reversals,-,0.955,0.6893672988525584,100,13.85328259100168,6.588683990307425e-25,1.931165997159073e-24
marital_status,gender,d_approach_retreat,-,0.0875,3.5956104887720275,400,0.48670455419593006,0.6267349538556188,0.9034923735814989
marital_status,gender,d_latency,-,0.15125,2.700644764284474,400,1.120102888023284,0.26334369021115633,0.466743467824913
marital_status,gender,d_peak_speed,-,0.00024893473833799363,0.0040417794216342975,400,1.2318076390093384,0.2187464080556427,0.4893011759139376
marital_status,gender,d_time_to_half,-,0.12875,6.176116049844991,400,0.4169286942178861,0.6769547823352366,0.9280831693305663
marital_status,gender,pull_AUC,-,-3.555658021528148,16.5828603824728,400,-4.288353082060908,2.2603140646330693e-05,6.00395923418159e-05
marital_status,gender,pull_MAD,-,-7.087346836611687,34.75575559319567,400,-4.078373043916338,5.476929006283996e-05,0.00014107241379822415
marital_status,gender,pull_early,-,-0.6734931985847652,8.942245193766414,400,-1.5063178966603452,0.13277684532176745,0.27526906956951785
marital_status,gender,pull_release,-,-6.484612424028455,31.12927022884113,400,-4.166247635333572,3.7985778337071874e-05,9.784215632276088e-05
marital_status,gender,pull_tcp,-,-10.734148823830765,57.584976888938684,400,-3.728107365409972,0.00022081366631702574,0.001443781664380553
marital_status,gender,q_exploded,-,0.06625,0.18727952785578222,400,7.07498579887674,6.754859071988299e-12,4.784691842658378e-11
marital_status,gender,q_jerk_in_grasp,-,0.015,0.09244655707373298,400,3.2451181471336765,0.0012730276789717006,nan
marital_status,gender,q_tile_drift,-,0.07799399324692785,0.3840964608994385,400,4.061166982079937,5.879299025600823e-05,0.0003150390714891483
marital_status,gender,xpos_reversals,-,1.07625,0.8954414979162381,400,24.038421326340522,1.3748513737170344e-79,8.98941282814984e-79
medical_conditions,gender,d_approach_retreat,-,0.08357142857142857,3.477880455493233,700,0.6357585303461508,0.5251419061915548,0.9034923735814989
medical_conditions,gender,d_latency,-,0.02857142857142857,2.976644559678189,700,0.2539533796739841,0.7996062567513075,0.882682231478716
medical_conditions,gender,d_peak_speed,-,0.0004063920330788408,0.00526053684621898,700,2.0439211543539675,0.04133562058547787,0.17567638748828096
medical_conditions,gender,d_time_to_half,-,-0.5835714285714285,5.042219614709312,700,-3.0621134941019523,0.0022821099631412187,0.07623442271198934
medical_conditions,gender,pull_AUC,-,-3.881934692541216,16.94534127826005,700,-6.061036855855306,2.211447063569293e-09,1.2531533360225992e-08
medical_conditions,gender,pull_MAD,-,-7.740439367504691,34.56123901611253,700,-5.925504463322053,4.8872208246440285e-09,2.1863882636565392e-08
medical_conditions,gender,pull_early,-,-0.6171496663009749,9.55207075859238,700,-1.7093932614246006,0.08782197024559162,0.19644388081250755
medical_conditions,gender,pull_release,-,-6.80429393384007,30.393592347686916,700,-5.923113461017473,4.955389019009145e-09,2.2168845611356702e-08
medical_conditions,gender,pull_tcp,-,-6.533644094098626,58.801186132572106,700,-2.9398042054827354,0.003392559099259868,0.015177238075636252
medical_conditions,gender,q_exploded,-,0.06,0.16693826225543412,700,9.509208764913211,3.019986795449424e-20,3.667126823045729e-19
medical_conditions,gender,q_jerk_in_grasp,-,0.019285714285714285,0.10351230191756458,700,4.9293854847205765,1.0311860998590875e-06,nan
medical_conditions,gender,q_tile_drift,-,0.20193319337176424,3.4416836078557207,700,1.5523362167612758,0.12103441931527167,0.12103441931527166
medical_conditions,gender,xpos_reversals,-,1.0885714285714285,0.9034258208479434,700,31.879643218821194,2.1610279918820195e-138,2.624105418713881e-137
military_service,gender,d_approach_retreat,-,0.125,3.6442802985599725,200,0.48507985339791154,0.628153262919775,0.9034923735814989
military_service,gender,d_latency,-,0.2325,2.171004387432521,200,1.514527815582153,0.13147870899963962,0.32869677249909907
military_service,gender,d_peak_speed,-,-0.00011837447062134742,0.002141775530684856,200,-0.7816261760069454,0.43536324321483433,0.6659989595271997
military_service,gender,d_time_to_half,-,-0.1875,2.3752479373360362,200,-1.1163678484964887,0.2656108572880043,0.6412856048188671
military_service,gender,pull_AUC,-,-2.555236541363183,10.821937613739392,200,-3.339189617281928,0.0010030610326387268,0.002304329399305183
military_service,gender,pull_MAD,-,-5.221736237895675,23.094118465007945,200,-3.1976324266095277,0.0016120634208354192,0.003342082701731967
military_service,gender,pull_early,-,-1.040472538210452,4.925961476069614,200,-2.9871333382575265,0.0031701143851162916,0.017963981515658985
military_service,gender,pull_release,-,-4.310461395652965,21.70027287828401,200,-2.809141156892276,0.005462838591651566,0.010798634425357745
military_service,gender,pull_tcp,-,-3.973835378419608,46.68972498674044,200,-1.2036592394568675,0.230151171638997,0.37429202798364347
military_service,gender,q_exploded,-,0.06,0.17764512080190556,200,4.776535001881994,3.454815879385626e-06,1.6314408319321016e-05
military_service,gender,q_jerk_in_grasp,-,0.015,0.09911670193774144,200,2.1402249087062195,0.03355378588569567,nan
military_service,gender,q_tile_drift,-,0.03776847278699279,0.133706276493844,200,3.9947777954869266,9.111705418188135e-05,0.00043027497808110636
military_service,gender,xpos_reversals,-,1.0,0.8994694136715563,200,15.722753224041247,9.675917458971302e-37,4.569183244514226e-36
occupation_and_employment,gender,d_approach_retreat,-,0.07571428571428572,3.7850080743296615,1400,0.7484711019469694,0.45430185801545386,0.9034923735814989
occupation_and_employment,gender,d_latency,-,0.2092857142857143,3.059883538047614,1400,2.559167461984686,0.010596734079524562,0.1192350615977187
occupation_and_employment,gender,d_peak_speed,-,0.0002711497127477612,0.003634462599288573,1400,2.79146998464886,0.005318259937285851,0.03228943533352124
occupation_and_employment,gender,d_time_to_half,-,-0.0014285714285714286,4.113255229085313,1400,-0.012995120751203992,0.9896335384603338,0.9896335384603338
occupation_and_employment,gender,pull_AUC,-,-3.862404643609581,17.133845974991168,1400,-8.43464735621286,8.167301362810264e-17,7.713562398209694e-16
occupation_and_employment,gender,pull_MAD,-,-7.78967693287793,32.91864563447633,1400,-8.854040521630635,2.5003161275651766e-18,2.1252687084304002e-17
occupation_and_employment,gender,pull_early,-,-0.827277404443261,9.812485115501328,1400,-3.1545409494240593,0.0016417219462149715,0.012686033220752051
occupation_and_employment,gender,pull_release,-,-7.7329267683294995,30.782991832038004,1400,-9.399334126447197,2.1591014223613768e-20,2.6217660128673858e-19
occupation_and_employment,gender,pull_tcp,-,-6.745699307232696,58.582372906927134,1400,-4.308479562950331,1.7586020204166367e-05,0.00016609019081712678
occupation_and_employment,gender,q_exploded,-,0.06107142857142857,0.1722914416206251,1400,13.262896849994666,6.647915796816533e-38,2.8253642136470267e-36
occupation_and_employment,gender,q_jerk_in_grasp,-,0.022857142857142857,0.1218412806137354,1400,7.019262845989371,3.466748038090444e-12,nan
occupation_and_employment,gender,q_tile_drift,-,0.09329769394759621,0.45001610193855446,1400,7.7572336684002146,1.6627106048574556e-14,2.355506690214729e-13
occupation_and_employment,gender,xpos_reversals,-,0.9546428571428571,0.7178266287389905,1400,49.76057386495131,8.326739322566e-312,3.53886421209066e-310
operations_manager_vs_hr_manager,gender,d_approach_retreat,neg,0.765,4.285549479755699,100,1.7850686443214494,0.0773127693128416,0.6683455376540678
operations_manager_vs_hr_manager,gender,d_approach_retreat,pos,0.53,4.1327834433828,100,1.2824286761228894,0.2026869961551838,0.9034923735814989
operations_manager_vs_hr_manager,gender,d_latency,neg,0.435,3.3767288875179156,100,1.2882289768893747,0.20066900881028732,0.40097223523809244
operations_manager_vs_hr_manager,gender,d_latency,pos,0.07,1.3352637540685706,100,0.5242409957336807,0.6012827191171263,0.7362079540078162
operations_manager_vs_hr_manager,gender,d_peak_speed,neg,0.0009686959162354469,0.002646324599598958,100,3.6605332406396767,0.0004059969033627173,0.00438449955231744
operations_manager_vs_hr_manager,gender,d_peak_speed,pos,0.0004725903645157814,0.0025911503835047344,100,1.8238631286099485,0.0711896557357912,0.23273541298239428
operations_manager_vs_hr_manager,gender,d_time_to_half,neg,-0.515,3.678668374575372,100,-1.3999631050174406,0.16465037763249582,0.6144409997878181
operations_manager_vs_hr_manager,gender,d_time_to_half,pos,-0.305,2.3729270591998457,100,-1.2853323865034705,0.20167489552585777,0.6412856048188671
operations_manager_vs_hr_manager,gender,pull_AUC,neg,-11.166110665326544,20.900152881972932,100,-5.3425976012633285,5.863442583049607e-07,2.166924432866159e-06
operations_manager_vs_hr_manager,gender,pull_AUC,pos,-2.295752683202503,12.976834135369952,100,-1.7691161490190797,0.07995402316409006,0.11326819948246092
operations_manager_vs_hr_manager,gender,pull_MAD,neg,-21.33504223835189,41.17144236296287,100,-5.182000195733859,1.1601035544193104e-06,3.1809291008271412e-06
operations_manager_vs_hr_manager,gender,pull_MAD,pos,-5.655029324069619,24.55324559468492,100,-2.3031697794338735,0.023361272623267232,0.03818669563418682
operations_manager_vs_hr_manager,gender,pull_early,neg,-2.7146750991232693,9.30292557745948,100,-2.918087516147383,0.004358944864757683,0.021794724323788414
operations_manager_vs_hr_manager,gender,pull_early,pos,-0.496557852253318,6.990355596365885,100,-0.7103470566096327,0.4791589508868631,0.6676805053341536
operations_manager_vs_hr_manager,gender,pull_release,neg,-20.23376909928629,39.07653709021316,100,-5.177984183341032,1.17990937902035e-06,3.857396046797298e-06
operations_manager_vs_hr_manager,gender,pull_release,pos,-5.229737367480993,22.077405726310893,100,-2.3688187970602086,0.0197860415196621,0.03173233073908072
operations_manager_vs_hr_manager,gender,pull_tcp,neg,-1.6802499868208542,66.66202230827346,100,-0.25205505753345814,0.8015210397820417,0.8645369515022805
operations_manager_vs_hr_manager,gender,pull_tcp,pos,-5.819838736206293,38.47974419833679,100,-1.5124421581934122,0.13360718836783397,0.2523691335836864
operations_manager_vs_hr_manager,gender,q_exploded,neg,0.075,0.19299604852813632,100,3.886089926295355,0.00018426604065203994,0.0005220871151807798
operations_manager_vs_hr_manager,gender,q_exploded,pos,0.02,0.12143918126978108,100,1.6469149240696337,0.10274631195020745,0.10522212669599557
operations_manager_vs_hr_manager,gender,q_jerk_in_grasp,neg,0.055,0.15723301886761007,100,3.4979930040209872,0.0007037584014813345,nan
operations_manager_vs_hr_manager,gender,q_jerk_in_grasp,pos,0.0,0.0,100,nan,nan,nan
operations_manager_vs_hr_manager,gender,q_tile_drift,neg,0.09125068627297878,0.38852978434105795,100,2.3486149569649823,0.020830889980132505,0.02425514586727757
operations_manager_vs_hr_manager,gender,q_tile_drift,pos,0.030320174247026443,0.12384694691368793,100,2.448197149999777,0.016116958444845227,0.019294950250871044
operations_manager_vs_hr_manager,gender,xpos_reversals,neg,0.93,0.7142842712828137,100,13.020026303110011,3.547628561625002e-23,7.17972446995536e-23
operations_manager_vs_hr_manager,gender,xpos_reversals,pos,0.64,0.6782329983125269,100,9.436285193913415,1.8571751357322215e-15,1.8792843635385575e-15
parenthood_and_caregiving,gender,d_approach_retreat,-,0.195,3.2910683148890016,200,0.837939593703191,0.4030699161463164,0.9034923735814989
parenthood_and_caregiving,gender,d_latency,-,0.38,2.7078148582450505,200,1.9846303452595304,0.04855957029475303,0.2293090819474449
parenthood_and_caregiving,gender,d_peak_speed,-,-8.257241919636727e-05,0.004755196174798749,200,-0.24557353853103925,0.8062654550909734,0.8460810331201571
parenthood_and_caregiving,gender,d_time_to_half,-,-0.5025,5.290433553682501,200,-1.3432591258949373,0.18071794111406414,0.6144409997878181
parenthood_and_caregiving,gender,pull_AUC,-,-6.398203578207747,22.202168300468273,200,-4.0754696355196165,6.632708442867842e-05,0.00016581771107169606
parenthood_and_caregiving,gender,pull_MAD,-,-15.742539569456131,43.1270276690129,200,-5.162264632792287,5.891665398561473e-07,1.8547835513989821e-06
parenthood_and_caregiving,gender,pull_early,-,-1.74129719985649,9.803947117004371,200,-2.511810892868002,0.0128061201389217,0.04732696573079758
parenthood_and_caregiving,gender,pull_release,-,-12.017537284991704,39.250013966496134,200,-4.330027558529502,2.361349719936982e-05,6.272335193582608e-05
parenthood_and_caregiving,gender,pull_tcp,-,-13.137429946800694,58.949276485515256,200,-3.151714951082931,0.001873912067044053,0.009369560335220265
parenthood_and_caregiving,gender,q_exploded,-,0.085,0.19484564177985356,200,6.1694042373054625,3.764494443839033e-09,1.8822472219195166e-08
parenthood_and_caregiving,gender,q_jerk_in_grasp,-,0.0275,0.12478624940353407,200,3.1165992367872772,0.0021001495484830528,nan
parenthood_and_caregiving,gender,q_tile_drift,-,0.06670299647375941,0.23737583888993985,200,3.973963091831464,9.881798044302599e-05,0.00044208043882406364
parenthood_and_caregiving,gender,xpos_reversals,-,1.045,0.8509379985562605,200,17.367342570049477,9.885442100246162e-42,4.942721050123082e-41
personality_type,gender,d_approach_retreat,-,-0.0265625,3.785948898791281,1600,-0.28064298499623663,0.7790205486215283,0.9070787209976698
personality_type,gender,d_latency,-,0.4184375,3.034624672081624,1600,5.515509101993422,4.049344071683274e-08,3.441942460930783e-06
personality_type,gender,d_peak_speed,-,0.0003468950907699764,0.004597735744030396,1600,3.017964581547582,0.0025850066131184236,0.019975051101369636
personality_type,gender,d_time_to_half,-,-0.231875,3.009831126742361,1600,-3.081568237364412,0.0020942738998115337,0.07623442271198934
personality_type,gender,pull_AUC,-,-5.052362002492817,16.627933476208366,1600,-12.153914398856248,1.423144034005778e-32,1.2096724289049113e-30
personality_type,gender,pull_MAD,-,-10.383722497964266,33.524528845712446,1600,-12.389403049632744,9.970863382172423e-34,8.475233874846559e-32
personality_type,gender,pull_early,-,-0.690458196328109,9.886439495065128,1600,-2.7935565546029193,0.005275347819391588,0.0249113647026825
personality_type,gender,pull_release,-,-9.03089014428133,31.129337312751097,1600,-11.604346155588896,5.979448997512135e-30,5.082531647885315e-28
personality_type,gender,pull_tcp,-,-4.027839727223181,80.72046691770453,1600,-1.9959447119301783,0.0461092954508775,0.11527323862719374
personality_type,gender,q_exploded,-,0.0915625,0.20748364877519426,1600,17.65199340584313,7.503530120781334e-64,6.378000602664134e-62
personality_type,gender,q_jerk_in_grasp,-,0.0634375,0.18173490536669862,1600,13.962645177490353,6.825216894717308e-42,nan
personality_type,gender,q_tile_drift,-,0.18906833419576288,0.4589346287030516,1600,16.47889022713929,1.7950923899990956e-56,1.5258285314992313e-54
personality_type,gender,xpos_reversals,-,1.0221875,0.7939587183051351,1600,51.49826944061098,0.0,0.0
physical_appearance,gender,d_approach_retreat,-,0.17333333333333334,3.5829787890885014,1200,1.675824266070975,0.0940333392165858,0.7266212575827085
physical_appearance,gender,d_latency,-,0.18291666666666667,2.767935641620366,1200,2.289222014080777,0.022239640965857593,0.17470678901611708
physical_appearance,gender,d_peak_speed,-,7.669101779659589e-05,0.003728528864595667,1200,0.7125209117686573,0.47628089675232765,0.6721066547053962
physical_appearance,gender,d_time_to_half,-,-0.011666666666666667,4.5450058438528,1200,-0.08892071920641235,0.9291597670697576,0.9631534170845047
physical_appearance,gender,pull_AUC,-,-4.501744678490892,16.26557522302154,1200,-9.587426695876307,5.009521229024773e-21,2.1290465223355286e-19
physical_appearance,gender,pull_MAD,-,-8.894591506527467,33.37961855529593,1200,-9.230713272744644,1.1807595501472854e-19,2.007291235250385e-18
physical_appearance,gender,pull_early,-,-1.3689811506968301,9.053966360477819,1200,-5.237803661302491,1.917901858934029e-07,1.6302165800939246e-05
physical_appearance,gender,pull_release,-,-8.348713704945537,30.110191183012798,1199,-9.600981811148221,4.439971982092033e-21,9.43494046194557e-20
physical_appearance,gender,pull_tcp,-,-8.016847909081358,64.32796012183472,1200,-4.317123648498244,1.7111329997383236e-05,0.00016609019081712678
physical_appearance,gender,q_exploded,-,0.06416666666666666,0.1781640374554423,1200,12.476134735866475,1.1233832608862828e-33,3.1829192391778016e-32
physical_appearance,gender,q_jerk_in_grasp,-,0.027916666666666666,0.13016571098341814,1200,7.42946582157737,2.065251975105891e-13,nan
physical_appearance,gender,q_tile_drift,-,0.0983564062975347,0.3688431919828055,1200,9.237437299108898,1.113520360530042e-19,1.8929846129010714e-18
physical_appearance,gender,xpos_reversals,-,1.0420833333333333,0.8432753133470939,1200,42.80787663260219,9.303941506095811e-244,2.5780214512931596e-242
pilot_vs_flight_attendant,gender,d_approach_retreat,neg,0.37,4.327280154479663,100,0.8550405492396203,0.39459321963214733,0.9034923735814989
pilot_vs_flight_attendant,gender,d_approach_retreat,pos,-0.24,4.193236497412508,100,-0.5723502601107644,0.5683821889995813,0.9034923735814989
pilot_vs_flight_attendant,gender,d_latency,neg,1.175,3.6100134306809677,100,3.2548355361059036,0.0015532925422450062,0.043625048063795024
pilot_vs_flight_attendant,gender,d_latency,pos,0.565,2.4808916204306937,100,2.2774070231327297,0.02491292227663078,0.17470678901611708
pilot_vs_flight_attendant,gender,d_peak_speed,neg,0.0003088026866316795,0.007919839991943404,100,0.38991025948228053,0.697440500676521,0.7699018513961595
pilot_vs_flight_attendant,gender,d_peak_speed,pos,0.000298306867480278,0.002526409384689569,100,1.1807542723996503,0.24052937940384062,0.5118458033557869
pilot_vs_flight_attendant,gender,d_time_to_half,neg,-0.565,4.083506489835085,100,-1.3836147962699032,0.16958830203040723,0.6144409997878181
pilot_vs_flight_attendant,gender,d_time_to_half,pos,0.115,5.546795871892568,100,0.20732690125256395,0.8361804311578911,0.9621462536143975
pilot_vs_flight_attendant,gender,pull_AUC,neg,-21.992875386872555,25.802944328563427,100,-8.52339760409699,1.792010660431722e-13,1.3847355103336035e-12
pilot_vs_flight_attendant,gender,pull_AUC,pos,-3.1938671475915545,16.520761424771052,100,-1.9332445191071543,0.05606283453376193,0.08182081957238285
pilot_vs_flight_attendant,gender,pull_MAD,neg,-47.409259064309296,50.28382251242951,100,-9.428332353331001,1.9328420977788115e-15,1.3690964859266581e-14
pilot_vs_flight_attendant,gender,pull_MAD,pos,-6.67890259339474,30.604509166131503,100,-2.182326322287812,0.031450569817981534,0.047018775248431594
pilot_vs_flight_attendant,gender,pull_early,neg,-4.6675716576573905,12.21458203615273,100,-3.82131099029202,0.00023191060276263103,0.0028160573192605198
pilot_vs_flight_attendant,gender,pull_early,pos,-0.35084361454937624,9.825518624026492,100,-0.35707388889524155,0.7217965020978871,0.8404479818948001
pilot_vs_flight_attendant,gender,pull_release,neg,-43.65547667723149,48.32347351571219,100,-9.034010492444647,1.3972503274318568e-14,1.0304092325092859e-13
pilot_vs_flight_attendant,gender,pull_release,pos,-7.389724316308275,31.036616903454533,100,-2.38096965893398,0.01918026883683451,0.03135236252174872
pilot_vs_flight_attendant,gender,pull_tcp,neg,-40.86055528605357,51.23744668188668,100,-7.974744631546691,2.7185507941828435e-12,2.310768175055417e-10
pilot_vs_flight_attendant,gender,pull_tcp,pos,-3.920623181038536,38.45630878355924,100,-1.0195006502326278,0.3104502987541873,0.47121920346617713
pilot_vs_flight_attendant,gender,q_exploded,neg,0.03,0.11934162828797101,100,2.5137917447891764,0.013556758919315062,0.01578526723481891
pilot_vs_flight_attendant,gender,q_exploded,pos,0.055,0.15723301886761004,100,3.4979930040209877,0.0007037584014813327,0.0014954866031478358
pilot_vs_flight_attendant,gender,q_jerk_in_grasp,neg,0.015,0.08572330399888266,100,1.7498158960596657,0.0832486252449611,nan
pilot_vs_flight_attendant,gender,q_jerk_in_grasp,pos,0.035,0.1777383163274286,100,1.9691871017571239,0.051726828608155806,nan
pilot_vs_flight_attendant,gender,q_tile_drift,neg,0.10166297137737274,0.3958173617841715,100,2.5684313320446712,0.011709373526186702,0.015080253783725298
pilot_vs_flight_attendant,gender,q_tile_drift,pos,0.026771742552518844,0.06856026396286734,100,3.9048482320631943,0.00017231579834405488,0.0006368192547497681
pilot_vs_flight_attendant,gender,xpos_reversals,neg,0.785,0.6040895980102973,100,12.994761084871701,4.007974672814641e-23,7.742678345210103e-23
pilot_vs_flight_attendant,gender,xpos_reversals,pos,0.93,0.7454237490559081,100,12.47612517280085,4.973300163113398e-22,7.548759176154266e-22
political_orientation,gender,d_approach_retreat,-,0.155,3.558654484370523,300,0.7544083764025893,0.4511977847473124,0.9034923735814989
political_orientation,gender,d_latency,-,0.435,2.8540193449597853,300,2.639933406979335,0.008727396540929267,0.1192350615977187
political_orientation,gender,d_peak_speed,-,0.00041770376885930696,0.0028263259290346476,300,2.559804383298559,0.010964759758902135,0.062133638633778764
political_orientation,gender,d_time_to_half,-,-0.23166666666666666,3.283509607115883,300,-1.222041306707919,0.2226545248647758,0.6412856048188671
political_orientation,gender,pull_AUC,-,-4.220095013241195,15.515571049740513,300,-4.711021561674361,3.7803757958976586e-06,1.1901183061159296e-05
political_orientation,gender,pull_MAD,-,-8.861170857902229,29.207501850747796,300,-5.254813718360649,2.822283226073057e-07,9.595762968648394e-07
political_orientation,gender,pull_early,-,-0.5931664628442377,8.357307467534795,300,-1.229336667321626,0.2199121333209701,0.3977134326017544
political_orientation,gender,pull_release,-,-7.012833525950555,27.379279772567152,300,-4.436414716846973,1.2871913037606303e-05,3.647042027321786e-05
political_orientation,gender,pull_tcp,-,-4.738376554256926,67.62195429337696,300,-1.2136752069837717,0.225829600760774,0.37429202798364347
political_orientation,gender,q_exploded,-,0.06833333333333333,0.1814947843457342,300,6.521223494687995,2.967775584262618e-10,1.940468651248635e-09
political_orientation,gender,q_jerk_in_grasp,-,0.03166666666666667,0.1286561186981942,300,4.263168835497001,2.705440857135511e-05,nan
political_orientation,gender,q_tile_drift,-,0.09739235019932191,0.44207404135324035,300,3.815842665119879,0.0001649336886437116,0.0006368192547497681
political_orientation,gender,xpos_reversals,-,1.03,0.8375190308824636,300,21.30115574706636,6.717328812707175e-62,3.8064863272007326e-61
professor_vs_elementary_school_teacher,gender,d_approach_retreat,neg,0.105,3.5235821706228614,100,0.2979921991756452,0.7663336012664401,0.9070787209976698
professor_vs_elementary_school_teacher,gender,d_approach_retreat,pos,0.34,4.237804844372839,100,0.8023021646489181,0.42429994385558545,0.9034923735814989
professor_vs_elementary_school_teacher,gender,d_latency,neg,0.675,3.745957416962581,100,1.8019425339525763,0.07459792666839524,0.2536329506725438
professor_vs_elementary_school_teacher,gender,d_latency,pos,-0.485,2.820787732946851,100,-1.719377868583273,0.08867069471244729,0.26702664790388925
professor_vs_elementary_school_teacher,gender,d_peak_speed,neg,0.0014476776868104935,0.0040886649457846065,100,3.5407100019360644,0.0006099995864847624,0.005761107205689423
professor_vs_elementary_school_teacher,gender,d_peak_speed,pos,-0.0011583113670349122,0.003165907365548562,100,-3.658702650746099,0.0004085570777753984,0.00438449955231744
professor_vs_elementary_school_teacher,gender,d_time_to_half,neg,-0.615,3.4325057843499636,100,-1.7916939945272856,0.0762372247195694,0.4113571874471845
professor_vs_elementary_school_teacher,gender,d_time_to_half,pos,0.36,2.9713106314700366,100,1.2115865510227461,0.22855466214520523,0.6412856048188671
professor_vs_elementary_school_teacher,gender,pull_AUC,neg,-19.63939994182046,18.854402643196174,100,-10.416346947437,1.353617760234415e-17,1.6436787088560753e-16
professor_vs_elementary_school_teacher,gender,pull_AUC,pos,8.329844170642348,14.785841448384604,100,5.6336625816804,1.6593484560772221e-07,6.716410417455423e-07
professor_vs_elementary_school_teacher,gender,pull_MAD,neg,-38.351064747868804,35.56088642909341,100,-10.78462001343495,2.1410383946969208e-18,2.0220918172137585e-17
professor_vs_elementary_school_teacher,gender,pull_MAD,pos,15.278317795798648,27.354136824722357,100,5.58537741245422,2.050363472499876e-07,7.261703965103727e-07
professor_vs_elementary_school_teacher,gender,pull_early,neg,-4.201462177559733,10.117014241420284,100,-4.152867711066806,6.967933685094832e-05,0.000987123938721768
professor_vs_elementary_school_teacher,gender,pull_early,pos,2.7819865052588297,12.357443048035144,100,2.251263869430635,0.026579387334512716,0.0806874258369136
professor_vs_elementary_school_teacher,gender,pull_release,neg,-36.475474241306074,32.65788025910696,100,-11.168965637668578,3.144970320703588e-19,3.3415309657475622e-18
professor_vs_elementary_school_teacher,gender,pull_release,pos,13.866417398676276,26.039771878601442,100,5.325091734029822,6.319381517239195e-07,2.3354236041970937e-06
professor_vs_elementary_school_teacher,gender,pull_tcp,neg,-34.52743190340698,70.53957842880041,100,-4.894760171873931,3.826232751729718e-06,4.6461397699575144e-05
professor_vs_elementary_school_teacher,gender,pull_tcp,pos,14.569317182758823,41.304187787117506,100,3.5273220376222705,0.0006380341980243634,0.003615527122138059
professor_vs_elementary_school_teacher,gender,q_exploded,neg,0.085,0.22535045658446823,100,3.7719027193601184,0.00027591462677991127,0.0007565401056868536
professor_vs_elementary_school_teacher,gender,q_exploded,pos,0.03,0.11934162828797101,100,2.5137917447891764,0.013556758919315062,0.01578526723481891
professor_vs_elementary_school_teacher,gender,q_jerk_in_grasp,neg,0.08,0.22156468376279892,100,3.6106837353937604,0.0004814447541320708,nan
professor_vs_elementary_school_teacher,gender,q_jerk_in_grasp,pos,0.025,0.13055824196677338,100,1.9148542155126762,0.05839774428202229,nan
professor_vs_elementary_school_teacher,gender,q_tile_drift,neg,0.13829852148890495,0.3120424225147992,100,4.4320422965036395,2.4154370797612022e-05,0.00014665153698550159
professor_vs_elementary_school_teacher,gender,q_tile_drift,pos,0.07153191022574902,0.36629348248908916,100,1.9528578488392776,0.053660109164658853,0.05923518544150652
professor_vs_elementary_school_teacher,gender,xpos_reversals,neg,0.875,0.7398300378117159,100,11.827040742872411,1.2033385979760572e-20,1.676783292261719e-20
professor_vs_elementary_school_teacher,gender,xpos_reversals,pos,0.915,0.7318683714516655,100,12.50224815953027,4.378137289414555e-22,7.15657056923533e-22
programmer_vs_typist,gender,d_approach_retreat,neg,-0.795,4.376876221067424,100,-1.8163639085185668,0.07234077462764517,0.6683455376540678
programmer_vs_typist,gender,d_approach_retreat,pos,0.07,3.9638645564930974,100,0.17659533771237193,0.8601870190405634,0.9707965606497659
programmer_vs_typist,gender,d_latency,neg,-0.035,2.7175588793301726,100,-0.12879205770373905,0.8977834754968207,0.9538949427153719
programmer_vs_typist,gender,d_latency,pos,-0.25,3.064541424326671,100,-0.8157827400062931,0.41658284800553635,0.6323132514369748
programmer_vs_typist,gender,d_peak_speed,neg,-0.00013835754245519638,0.0024667048405383964,100,-0.5609002754662682,0.5761328402932516,0.7163743637425742
programmer_vs_typist,gender,d_peak_speed,pos,-0.00026022512465715406,0.0038283000130858898,100,-0.6797406780232815,0.4982550218303028,0.6733759534686475
programmer_vs_typist,gender,d_time_to_half,neg,0.465,2.6075405417304016,100,1.783289626980907,0.07760369912669286,0.4113571874471845
programmer_vs_typist,gender,d_time_to_half,pos,-0.045,2.3752671301127246,100,-0.189452375396044,0.8501261567173012,0.9621462536143975
programmer_vs_typist,gender,pull_AUC,neg,2.614506793239969,21.59637258447725,100,1.2106231187728203,0.22892219928715996,0.27025537415845274
programmer_vs_typist,gender,pull_AUC,pos,-0.10241539861325892,11.948533856331377,100,-0.08571377864824,0.9318670581598542,0.9396352544073506
programmer_vs_typist,gender,pull_MAD,neg,6.802423323842231,41.44040593688353,100,1.641495340128369,0.10386779860404889,0.13794942002100244
programmer_vs_typist,gender,pull_MAD,pos,-1.1205066971157067,24.538555241684808,100,-0.45663107957238197,0.6489365214620009,0.707174414413719
programmer_vs_typist,gender,pull_early,neg,-0.186976202763617,9.934800924617745,100,-0.1882032706868871,0.8511025455524504,0.929804855463255
programmer_vs_typist,gender,pull_early,pos,-0.09666078165173529,6.253672379798447,100,-0.1545664303809446,0.8774778107616042,0.929804855463255
programmer_vs_typist,gender,pull_release,neg,7.693107662780676,37.91089748586976,100,2.029260232007978,0.04511587367467558,0.06657563751693756
programmer_vs_typist,gender,pull_release,pos,-1.2165068177273497,22.658056408083237,100,-0.536898132751299,0.5925425644276474,0.614220950931098
programmer_vs_typist,gender,pull_tcp,neg,2.9825714172329754,57.42381380256864,100,0.5193962608417975,0.6046437289241424,0.7787078327053348
programmer_vs_typist,gender,pull_tcp,pos,-11.190177737735212,61.263833726942906,100,-1.826555254052595,0.07078015439411718,0.15426443906410156
programmer_vs_typist,gender,q_exploded,neg,0.03,0.11934162828797099,100,2.513791744789177,0.013556758919315057,0.01578526723481891
programmer_vs_typist,gender,q_exploded,pos,0.04,0.13632996217214535,100,2.934057881530954,0.004158024036355915,0.006545037835004682
programmer_vs_typist,gender,q_jerk_in_grasp,neg,0.02,0.09847319278346618,100,2.0310096011589898,0.04493472521263044,nan
programmer_vs_typist,gender,q_jerk_in_grasp,pos,0.04,0.13632996217214538,100,2.934057881530954,0.004158024036355915,nan
programmer_vs_typist,gender,q_tile_drift,neg,0.053678248822689054,0.1962877819414069,100,2.7346709149075994,0.007399518066425951,0.01055626493064124
programmer_vs_typist,gender,q_tile_drift,pos,0.09703337788581848,0.42867820221595304,100,2.263548213653664,0.02578453201144477,0.02961736785098386
programmer_vs_typist,gender,xpos_reversals,neg,1.03,0.7481289793190541,100,13.767679484057744,9.888491397130813e-25,2.7113605443745777e-24
programmer_vs_typist,gender,xpos_reversals,pos,0.99,0.6998556849793962,100,14.145773496562303,1.6558751373527024e-25,5.413437949037681e-25
religion,gender,d_approach_retreat,-,-0.11416666666666667,3.102433097440735,600,-0.9013895551798864,0.36774351231200975,0.9034923735814989
religion,gender,d_latency,-,-0.008333333333333333,2.653928430788681,600,-0.07691396002388465,0.938717674864103,0.9732109624887644
religion,gender,d_peak_speed,-,0.0002885173136989276,0.0036904836261745845,600,1.9149799107859449,0.0559710213670631,0.20645228191398662
religion,gender,d_time_to_half,-,-0.14666666666666667,4.460846796943216,600,-0.8053594125993755,0.42093187407516097,0.7301879448242589
religion,gender,pull_AUC,-,-2.8953747845389226,14.07910378367615,600,-5.0373879937330255,6.255549610318941e-07,2.215507153654625e-06
religion,gender,pull_MAD,-,-6.483516462515884,28.33122405206578,600,-5.605584510896042,3.169827475094465e-08,1.2247060699228614e-07
religion,gender,pull_early,-,0.03388087758988443,7.107180020305412,600,0.1167704517063127,0.9070810991630707,0.9317177887334206
religion,gender,pull_release,-,-6.0510107153095305,25.670659703980213,600,-5.773863567021488,1.2446424372150608e-08,5.037838436346674e-08
religion,gender,pull_tcp,-,-5.668287905476366,63.406252123733395,600,-2.189754577594608,0.028927002612499655,0.08195984073541569
religion,gender,q_exploded,-,0.065,0.18256656571836202,600,8.72102910269583,2.7141060300138086e-17,2.8837376568896716e-16
religion,gender,q_jerk_in_grasp,-,0.03,0.13526700239363973,600,5.432566034815199,8.088272293717861e-08,nan
religion,gender,q_tile_drift,-,0.09780516501516104,0.3563639399930162,600,6.722698949297398,4.164960298374684e-11,5.057451790883545e-10
religion,gender,xpos_reversals,-,0.9966666666666667,0.821246795663684,600,29.727053911984694,5.420056691210393e-120,5.118942430587594e-119
restaurant_manager_vs_server,gender,d_approach_retreat,pos,-0.23,4.40180174313412,100,-0.5225133102797084,0.602480309758429,0.9034923735814989
restaurant_manager_vs_server,gender,d_latency,pos,-0.02,3.113930901058284,100,-0.06422750098020129,0.9489185892561721,0.9732109624887644
restaurant_manager_vs_server,gender,d_peak_speed,pos,-0.00046746257692575454,0.0027532519935182234,100,-1.69785612804882,0.09267621874048408,0.2906844907591096
restaurant_manager_vs_server,gender,d_time_to_half,pos,-0.7,6.743496680116887,100,-1.03803713889849,0.30178146109123155,0.6412856048188671
restaurant_manager_vs_server,gender,pull_AUC,pos,9.106482546623273,18.99644845517687,100,4.793781620870081,5.770137621734807e-06,1.7516489208837807e-05
restaurant_manager_vs_server,gender,pull_MAD,pos,18.18802586386446,34.47874077668577,100,5.27514214676977,7.819478330528515e-07,2.2736030298742447e-06
restaurant_manager_vs_server,gender,pull_early,pos,2.8493843600153927,9.134665645757572,100,3.119308872940234,0.0023746711399742363,0.01552669591521616
restaurant_manager_vs_server,gender,pull_release,pos,17.355207179207355,33.26585805127953,100,5.2171229590573605,1.000174516293324e-06,3.4005933553973015e-06
restaurant_manager_vs_server,gender,pull_tcp,pos,15.215306484606117,51.87509303961672,100,2.9330658690069757,0.004170251582778666,0.016879589739818412
restaurant_manager_vs_server,gender,q_exploded,pos,0.035,0.12821619998812137,100,2.7297642578116172,0.0075025675386096264,0.010454397389865873
restaurant_manager_vs_server,gender,q_jerk_in_grasp,pos,0.015,0.08572330399888264,100,1.7498158960596661,0.083248625244961,nan
restaurant_manager_vs_server,gender,q_tile_drift,pos,0.04010716035962105,0.15538079745539501,100,2.581217307185887,0.01131122454824909,0.014791601332325734
restaurant_manager_vs_server,gender,xpos_reversals,pos,1.045,0.918647996467712,100,11.375412606549226,1.1263147624748533e-19,1.4505568910660989e-19
safety_trust_and_aggression,gender,d_approach_retreat,-,-0.16,2.806809900613474,100,-0.5700421676759421,0.5699404886456605,0.9034923735814989
safety_trust_and_aggression,gender,d_latency,-,0.015,2.4010256646742123,100,0.06247330139236685,0.9503118810184404,0.9732109624887644
safety_trust_and_aggression,gender,d_peak_speed,-,-0.0004083083942532539,0.0028972703094322146,100,-1.4092865029679302,0.16188393187375508,0.40470982968438773
safety_trust_and_aggression,gender,d_time_to_half,-,-0.425,2.826975933624644,100,-1.5033732510594127,0.13592622570013874,0.5501775802148473
safety_trust_and_aggression,gender,pull_AUC,-,-2.7890737699776738,12.024851476415847,100,-2.319424714265985,0.022426663366707674,0.03596729030509721
safety_trust_and_aggression,gender,pull_MAD,-,-2.814897621315322,27.553963062915617,100,-1.0215944671508406,0.30946281873716175,0.3509110781480955
safety_trust_and_aggression,gender,pull_early,-,-0.47269667556975037,6.585194396630844,100,-0.7178173446354055,0.47456038347634644,0.6676805053341536
safety_trust_and_aggression,gender,pull_release,-,-2.698034201966948,25.86200749061989,100,-1.04324237124497,0.2993768630939233,0.347449477552386
safety_trust_and_aggression,gender,pull_tcp,-,2.233645929954946,84.37438211604473,100,0.26473034515178906,0.7917675792189578,0.8645369515022805
safety_trust_and_aggression,gender,q_exploded,-,0.035,0.1282161999881214,100,2.7297642578116172,0.0075025675386096264,0.010454397389865873
safety_trust_and_aggression,gender,q_jerk_in_grasp,-,0.04,0.13632996217214538,100,2.934057881530954,0.004158024036355915,nan
safety_trust_and_aggression,gender,q_tile_drift,-,0.11532109022140503,0.36768748965454234,100,3.1363887395177352,0.0022524944929199504,0.003869687624625521
safety_trust_and_aggression,gender,xpos_reversals,-,1.215,0.8623874542293165,100,14.088794938300678,2.1653702181147225e-25,6.816906242213016e-25
science_student_vs_arts_student,gender,d_approach_retreat,neg,0.2,4.377398332527686,100,0.45689239316841423,0.648749327337951,0.9034923735814989
science_student_vs_arts_student,gender,d_approach_retreat,pos,-0.21,4.86649024171705,100,-0.4315224927398712,0.6670267730819469,0.9034923735814989
science_student_vs_arts_student,gender,d_latency,neg,0.305,3.259713533921703,100,0.9356650418083209,0.3517224502614179,0.5535898269244719
science_student_vs_arts_student,gender,d_latency,pos,-0.375,2.8198207192814384,100,-1.3298717802724689,0.1866163923031158,0.39739697257637685
science_student_vs_arts_student,gender,d_peak_speed,neg,0.0004697788506746292,0.0030251736013513944,100,1.5528988169960605,0.12363839265736701,0.35030877919587317
science_student_vs_arts_student,gender,d_peak_speed,pos,0.0004273610934615135,0.0026175405183525955,100,1.6326818647700712,0.10571265743103102,0.30984744419440124
science_student_vs_arts_student,gender,d_time_to_half,neg,-0.19,2.2805501728550266,100,-0.8331322952747781,0.4067756013306262,0.7203317940229838
science_student_vs_arts_student,gender,d_time_to_half,pos,0.005,2.397910496135072,100,0.02085148719294965,0.9834060940276849,0.9896335384603338
science_student_vs_arts_student,gender,pull_AUC,neg,-11.091370146380477,18.3389787757587,100,-6.047975888952745,2.6129151855645986e-08,1.3064575927822993e-07
science_student_vs_arts_student,gender,pull_AUC,pos,-2.3421255417341458,14.614286259798076,100,-1.6026273880901156,0.11220290598913535,0.15634831162420498
science_student_vs_arts_student,gender,pull_MAD,neg,-22.297730211413,33.38498089677059,100,-6.678970486866419,1.416876844501539e-09,6.690807321257267e-09
science_student_vs_arts_student,gender,pull_MAD,pos,-4.391006630880293,28.69450608021767,100,-1.5302603984905334,0.1291414517465773,0.16631853634028892
science_student_vs_arts_student,gender,pull_early,neg,-2.8067708928138018,9.587111770744249,100,-2.927650120215415,0.004237591979034498,0.021794724323788414
science_student_vs_arts_student,gender,pull_early,pos,-1.4193232581019402,8.112663793365806,100,-1.749515688376736,0.08330074035466656,0.1913665656796394
science_student_vs_arts_student,gender,pull_release,neg,-21.762423325999407,31.03547358463695,100,-7.012112532019536,2.9216878041402264e-10,1.655623089012795e-09
science_student_vs_arts_student,gender,pull_release,pos,-3.65893731941469,27.411523008211375,100,-1.3348172293522769,0.18499779699115362,0.22789583687316028
science_student_vs_arts_student,gender,pull_tcp,neg,-29.628669975791126,71.54773157306923,100,-4.141105430510034,7.279310479410804e-05,0.0005156178256249319
science_student_vs_arts_student,gender,pull_tcp,pos,-1.7051518324296921,55.23881735224859,100,-0.3086872446157251,0.7582080868207833,0.8645369515022805
science_student_vs_arts_student,gender,q_exploded,neg,0.085,0.18876258403431845,100,4.503011040818681,1.833231812600958e-05,7.420224003384831e-05
science_student_vs_arts_student,gender,q_exploded,pos,0.03,0.11934162828797101,100,2.5137917447891764,0.013556758919315062,0.01578526723481891
science_student_vs_arts_student,gender,q_jerk_in_grasp,neg,0.08,0.22156468376279892,100,3.6106837353937604,0.0004814447541320708,nan
science_student_vs_arts_student,gender,q_jerk_in_grasp,pos,0.025,0.10952145677879516,100,2.2826577307580465,0.024589522572171077,nan
science_student_vs_arts_student,gender,q_tile_drift,neg,0.16519705206155777,0.45808485209568534,100,3.6062544156568443,0.0004887555019700019,0.001461786713358905
science_student_vs_arts_student,gender,q_tile_drift,pos,0.05896680176258087,0.18821217145223484,100,3.1329961982583936,0.0022762868380150126,0.003869687624625521
science_student_vs_arts_student,gender,xpos_reversals,neg,0.88,0.5908391567007972,100,14.894070408499259,5.062454354433174e-27,2.0490886672705705e-26
science_student_vs_arts_student,gender,xpos_reversals,pos,1.105,0.8770214744615248,100,12.599463435926125,2.726021324006682e-22,4.63423625081136e-22
sexual_orientation,gender,d_approach_retreat,-,0.1525,3.1546192808352553,400,0.9668361626168863,0.33421159678385626,0.9034923735814989
sexual_orientation,gender,d_latency,-,0.14875,2.6572826939920176,400,1.1195647368367412,0.2635727818305391,0.466743467824913
sexual_orientation,gender,d_peak_speed,-,6.201490759849548e-05,0.002572178191469882,400,0.48219760049405286,0.6299299854144853,0.7191208675007078
sexual_orientation,gender,d_time_to_half,-,-0.42,4.719696902039134,400,-1.779775306412325,0.07587374792330931,0.4113571874471845
sexual_orientation,gender,pull_AUC,-,-2.5783401641480346,13.74490559207933,400,-3.751702980970396,0.00020167338851369914,0.000489778229247555
sexual_orientation,gender,pull_MAD,-,-5.044504882825277,27.694674062418304,400,-3.642942228860295,0.00030510416631289905,0.0007009149766647681
sexual_orientation,gender,pull_early,-,-0.7037892614025626,6.208257366521349,400,-2.2672683165418266,0.023908142465660403,0.0752663744289309
sexual_orientation,gender,pull_release,-,-4.310922935092094,25.11058665749556,400,-3.433550154675717,0.0006581227224150436,0.001511903551494019
sexual_orientation,gender,pull_tcp,-,0.22826149477623403,61.629193896221565,400,0.07407576842903621,0.9409872182682821,0.9521894470571903
sexual_orientation,gender,q_exploded,-,0.055,0.17189785391461737,400,6.399149116465271,4.3861689080754736e-10,2.663031122760109e-09
sexual_orientation,gender,q_jerk_in_grasp,-,0.015,0.09244655707373298,400,3.2451181471336765,0.0012730276789717006,nan
sexual_orientation,gender,q_tile_drift,-,0.09235708058811724,0.3910759192114571,400,4.723230250246077,3.220504964346525e-06,2.281191016412122e-05
sexual_orientation,gender,xpos_reversals,-,1.14375,0.9674973204939161,400,23.64347633368339,6.726611784824728e-78,4.084014297929299e-77
spoken_language,gender,d_approach_retreat,-,0.2359090909090909,3.2587855063289157,1100,2.400961762164917,0.016517428918854365,0.5206189138452483
spoken_language,gender,d_latency,-,0.12681818181818183,2.222406139276703,1100,1.8925808305356377,0.05867622880210414,0.23749902134185008
spoken_language,gender,d_peak_speed,-,8.046618408777497e-05,0.004416650462393207,1100,0.6042500831868096,0.5458021024123247,0.7029269500764789
spoken_language,gender,d_time_to_half,-,0.09727272727272727,4.214947168634307,1100,0.7654120580655792,0.4441905552946763,0.7403175921577939
spoken_language,gender,pull_AUC,-,-3.0873666916455824,11.369947334419914,1100,-9.005878923846124,9.230993650437652e-19,1.3077241004786672e-17
spoken_language,gender,pull_MAD,-,-6.872156574362651,24.933846077273817,1100,-9.14113482015489,2.9075977858981e-19,3.763296327731776e-18
spoken_language,gender,pull_early,-,-0.173445775152438,5.73309656991117,1100,-1.0033924086890058,0.31589243420015667,0.5066199416417607
spoken_language,gender,pull_release,-,-6.182105840224365,21.27827340000335,1099,-9.631610190678327,3.915565723272402e-21,9.43494046194557e-20
spoken_language,gender,pull_tcp,-,-5.719828159357845,65.94650970118468,1100,-2.8766532081618763,0.004096839557558984,0.016879589739818412
spoken_language,gender,q_exploded,-,0.06227272727272727,0.17713809735332628,1100,11.659562461247683,1.0595998396967654e-29,1.8013197274845012e-28
spoken_language,gender,q_jerk_in_grasp,-,0.00909090909090909,0.07636588158310248,1100,3.9482467605596154,8.373226302986182e-05,nan
spoken_language,gender,q_tile_drift,-,0.09445967803963207,0.3081360267256953,1100,10.167175620594461,2.8645280285253146e-23,1.2174244121232588e-21
spoken_language,gender,xpos_reversals,-,1.1486363636363637,0.9557773918116712,1100,39.85861008408008,1.1965887857118866e-215,2.034200935710207e-214
sysadmin_vs_receptionist,gender,d_approach_retreat,neg,0.52,4.443767625233199,100,1.1701781997943954,0.24473854985384313,0.9034923735814989
sysadmin_vs_receptionist,gender,d_approach_retreat,pos,-0.34,4.256237253203298,100,-0.7988276493377143,0.42630263635561605,0.9034923735814989
sysadmin_vs_receptionist,gender,d_latency,neg,1.06,3.4423682240427143,100,3.079275460993935,0.002685575294998348,0.04565478001497192
sysadmin_vs_receptionist,gender,d_latency,pos,-0.36,2.510664123978821,100,-1.433883555198468,0.15475646971994672,0.3555216196269046
sysadmin_vs_receptionist,gender,d_peak_speed,neg,0.0014269689284265041,0.0032157728850613675,100,4.437405810140951,2.3658233311377182e-05,0.0008456489601013281
sysadmin_vs_receptionist,gender,d_peak_speed,pos,-0.00026294758543372155,0.0038759022134294647,100,-0.6784164588122078,0.49909041257087994,0.6733759534686475
sysadmin_vs_receptionist,gender,d_time_to_half,neg,0.6,6.200765674454643,100,0.9676224380995819,0.3355909086905158,0.6948213900684415
sysadmin_vs_receptionist,gender,d_time_to_half,pos,0.175,2.478569765168631,100,0.7060523470401237,0.4818138323426717,0.7545202290300143
sysadmin_vs_receptionist,gender,pull_AUC,neg,-28.176922660554638,23.873833325853006,100,-11.802429159979857,1.358786839666446e-20,2.887422034291198e-19
sysadmin_vs_receptionist,gender,pull_AUC,pos,2.1043788300387165,14.25536992092615,100,1.4762007872904068,0.1430637318292678,0.19302249532520258
sysadmin_vs_receptionist,gender,pull_MAD,neg,-55.57443950921297,44.1816517335992,100,-12.578624231685254,3.017199177065426e-22,8.548731001685374e-21
sysadmin_vs_receptionist,gender,pull_MAD,pos,4.288000003088382,31.451275148135117,100,1.36337874470652,0.17585565559503602,0.2166337786315661
sysadmin_vs_receptionist,gender,pull_early,neg,-6.189730951562524,12.150125276752757,100,-5.094376239400217,1.6758608694222615e-06,4.7482724633630746e-05
sysadmin_vs_receptionist,gender,pull_early,pos,0.3331972837331707,6.1133955694441795,100,0.5450281761555706,0.5869598940620415,0.746847342639169
sysadmin_vs_receptionist,gender,pull_release,neg,-50.057357926853,40.62467026335969,100,-12.321911193947797,1.0567623937054754e-21,4.4912401732482704e-20
sysadmin_vs_receptionist,gender,pull_release,pos,5.19648220972158,27.259729586669746,100,1.906285311158298,0.05951338808732774,0.08292849159709603
sysadmin_vs_receptionist,gender,pull_tcp,neg,-35.166732363868505,71.24830030121129,100,-4.93579948085732,3.2335890402845072e-06,4.5809178070697186e-05
sysadmin_vs_receptionist,gender,pull_tcp,pos,5.573395523824729,60.322084982861064,100,0.9239394701639146,0.3577643461052602,0.5335082354201248
sysadmin_vs_receptionist,gender,q_exploded,neg,0.08,0.1842264745887353,100,4.342481186734476,3.4084009536914255e-05,0.0001259626439407701
sysadmin_vs_receptionist,gender,q_exploded,pos,0.045,0.16041297713191172,100,2.805259325309781,0.006053018875324038,0.009187617935759701
sysadmin_vs_receptionist,gender,q_jerk_in_grasp,neg,0.05,0.16666666666666666,100,3.0,0.003415507921578869,nan
sysadmin_vs_receptionist,gender,q_jerk_in_grasp,pos,0.045,0.16041297713191172,100,2.805259325309781,0.006053018875324038,nan
sysadmin_vs_receptionist,gender,q_tile_drift,neg,0.13836485885083674,0.3843134204073609,100,3.600312960816567,0.0004987272316165676,0.001461786713358905
sysadmin_vs_receptionist,gender,q_tile_drift,pos,0.07684973701834678,0.2828922814134063,100,2.71657242235047,0.007786132232875066,0.010849528521219353
sysadmin_vs_receptionist,gender,xpos_reversals,neg,0.785,0.6205854192826824,100,12.649346497817495,2.138451125630146e-22,3.709558075072702e-22
sysadmin_vs_receptionist,gender,xpos_reversals,pos,1.025,0.8829902135197859,100,11.608282677495742,3.5486489589215005e-20,4.865083250134315e-20
taxi_driver_vs_model,gender,d_approach_retreat,pos,-0.055,4.467557012122582,100,-0.12310978875201625,0.9022697446039001,0.9707965606497659
taxi_driver_vs_model,gender,d_latency,pos,-0.735,3.175390694167579,100,-2.314675801469143,0.022696239044816467,0.17470678901611708
taxi_driver_vs_model,gender,d_peak_speed,pos,-0.0009650596976280212,0.004281060450197513,100,-2.2542538440060964,0.026383968499954516,0.12459096236089634
taxi_driver_vs_model,gender,d_time_to_half,pos,0.74,6.526743739291734,100,1.1337966213459805,0.2596179507196132,0.6412856048188671
taxi_driver_vs_model,gender,pull_AUC,pos,13.471902248235091,22.734805520285782,100,5.925672967034797,4.535995831235609e-08,2.141998031416815e-07
taxi_driver_vs_model,gender,pull_MAD,pos,29.552128676325083,44.08812217312241,100,6.702968332441487,1.2656165643799637e-09,6.328082821899819e-09
taxi_driver_vs_model,gender,pull_early,pos,3.4902827999321757,10.401169815672159,100,3.355663701089782,0.001123802704776046,0.009552322990596392
taxi_driver_vs_model,gender,pull_release,pos,25.053173133637756,43.49833548585176,100,5.759570533862505,9.51970889017266e-08,3.6780693439303457e-07
taxi_driver_vs_model,gender,pull_tcp,pos,8.719349061138928,67.21902397693587,100,1.2971549637689923,0.19759270034020615,0.342762847528929
taxi_driver_vs_model,gender,q_exploded,pos,0.085,0.20169734302121628,100,4.214234988264519,5.5400615061782116e-05,0.0001883620912100592
taxi_driver_vs_model,gender,q_jerk_in_grasp,pos,0.095,0.2324115993558659,100,4.087575674505691,8.873133930276174e-05,nan
taxi_driver_vs_model,gender,q_tile_drift,pos,0.14413876518607138,0.3817449793171525,100,3.775786794731394,0.00027218611585961406,0.0008898392249256613
taxi_driver_vs_model,gender,xpos_reversals,pos,0.885,0.8252792609691938,100,10.723642794084892,2.90448782204251e-18,3.2917528649815114e-18
wealthy_person_vs_poor_person,gender,d_approach_retreat,neg,0.28,4.532330548627296,100,0.6177837141309198,0.5381364486430023,0.9034923735814989
wealthy_person_vs_poor_person,gender,d_approach_retreat,pos,-0.76,4.276716384131993,100,-1.7770642982542562,0.0786288867828315,0.6683455376540678
wealthy_person_vs_poor_person,gender,d_latency,neg,-0.44,2.63549968428353,100,-1.6695126264817426,0.09817509061485917,0.26976581025296636
wealthy_person_vs_poor_person,gender,d_latency,pos,-0.24,3.1817662333421612,100,-0.7542980294561158,0.45246075354696313,0.6630890353705494
wealthy_person_vs_poor_person,gender,d_peak_speed,neg,0.0002843870222568512,0.0022662779393514804,100,1.2548638334194417,0.2124824743017595,0.4881354139364745
wealthy_person_vs_poor_person,gender,d_peak_speed,pos,-0.0002594095468521118,0.0033751835565898306,100,-0.7685790787456025,0.4439728251805636,0.6659989595271997
wealthy_person_vs_poor_person,gender,d_time_to_half,neg,0.105,4.475124850129037,100,0.2346303254466128,0.814980255645158,0.9621462536143975
wealthy_person_vs_poor_person,gender,d_time_to_half,pos,-0.065,5.522980000036944,100,-0.11769008759685026,0.9065516673446983,0.9631534170845047
wealthy_person_vs_poor_person,gender,pull_AUC,neg,-0.9252040344367269,18.85886019682,100,-0.4905938242188866,0.624799393244093,0.6897136159188039
wealthy_person_vs_poor_person,gender,pull_AUC,pos,12.061225922245303,21.861836679238166,100,5.517023157390821,2.7623921321757417e-07,1.0672878692497185e-06
wealthy_person_vs_poor_person,gender,pull_MAD,neg,-1.1806565263425006,35.146058761967815,100,-0.3359285700677512,0.7376356457577472,0.7837378736176064
wealthy_person_vs_poor_person,gender,pull_MAD,pos,22.774818308465182,42.45521522637593,100,5.364433600684231,5.339648987650888e-07,1.745654476732021e-06
wealthy_person_vs_poor_person,gender,pull_early,neg,0.370540027390234,9.020774398696553,100,0.4107629910839748,0.682134048798432,0.8052971409425933
wealthy_person_vs_poor_person,gender,pull_early,pos,5.6539564413251355,11.918215361429334,100,4.7439623046441275,7.054300538942308e-06,0.00014990388645252405
wealthy_person_vs_poor_person,gender,pull_release,neg,-3.04803744336823,31.593897497311747,100,-0.9647551219749259,0.33701822182116414,0.37692827440524934
wealthy_person_vs_poor_person,gender,pull_release,pos,19.65424129506573,39.266509863819586,100,5.005344596000184,2.4271008112889387e-06,7.3679846056985646e-06
wealthy_person_vs_poor_person,gender,pull_tcp,neg,-10.561045395443216,47.27311342484111,100,-2.234049046131493,0.027729389657634378,0.08127579727237662
wealthy_person_vs_poor_person,gender,pull_tcp,pos,8.606462695170194,71.77912125190798,100,1.199020348126848,0.23338208803686003,0.37429202798364347
wealthy_person_vs_poor_person,gender,q_exploded,neg,0.025,0.10952145677879516,100,2.2826577307580465,0.024589522572171077,0.026457081248538503
wealthy_person_vs_poor_person,gender,q_exploded,pos,0.05,0.15075567228888181,100,3.3166247903554003,0.0012748384719836199,0.0023556797851871235
wealthy_person_vs_poor_person,gender,q_jerk_in_grasp,neg,0.01,0.07035264706814483,100,1.421410624438029,0.15833990565972564,nan
wealthy_person_vs_poor_person,gender,q_jerk_in_grasp,pos,0.02,0.0984731927834662,100,2.0310096011589898,0.04493472521263044,nan
wealthy_person_vs_poor_person,gender,q_tile_drift,neg,0.02543332528322935,0.07878372001355657,100,3.228246302516935,0.0016898140264953391,0.003191870938935641
wealthy_person_vs_poor_person,gender,q_tile_drift,pos,0.05615888893604279,0.17485620396051804,100,3.2117184099869442,0.0017802392097756247,0.0032895724528462632
wealthy_person_vs_poor_person,gender,xpos_reversals,neg,0.995,0.694476766924553,100,14.327333143285633,7.061252021482514e-26,2.5008600909417236e-25
wealthy_person_vs_poor_person,gender,xpos_reversals,pos,0.95,0.6834996102206038,100,13.899056938648165,5.30464513596682e-25,1.6103387019899272e-24
