topic,demo,metric,pol,mean,sd,n,t,p,q
focus_pair_higher_education,all→white,d_approach_retreat,-,0.16,3.8223690364098872,100,0.41858857288745205,0.6764235391533244,0.9975913714328056
focus_pair_higher_education,all→white,d_latency,-,0.005,2.7757017494716902,100,0.018013462725062837,0.9856643675242963,0.990798036105152
focus_pair_higher_education,all→white,d_peak_speed,-,-4.9521178007125854e-05,0.002097059537455725,100,-0.2361457894858237,0.8138074143546615,0.9427921176678894
focus_pair_higher_education,all→white,d_time_to_half,-,0.935,4.3656458441293235,100,2.1417220575904836,0.034669507301094145,0.5147088391623977
focus_pair_higher_education,all→white,pull_AUC,-,-0.10971252961773299,12.643389097746327,100,-0.08677462092603726,0.9310259288476661,0.9712865095545922
focus_pair_higher_education,all→white,pull_MAD,-,-1.206137254755595,25.505004901829462,100,-0.4729021850409758,0.6373239351590988,0.8092336808270136
focus_pair_higher_education,all→white,pull_early,-,0.0741461524739861,4.865289666922134,100,0.15239822816324156,0.8791830162533999,0.9934997129093884
focus_pair_higher_education,all→white,pull_release,-,-0.21549259312450886,24.55129719076148,100,-0.08777238589478585,0.9302348841370873,0.955938830002546
focus_pair_higher_education,all→white,pull_tcp,-,5.514413579367101,52.806020481750316,100,1.0442774382653723,0.2989002568227377,0.7000153206446837
focus_pair_higher_education,all→white,q_exploded,-,0.075,0.19299604852813632,100,3.886089926295355,0.00018426604065203994,0.0007409030384550773
focus_pair_higher_education,all→white,q_jerk_in_grasp,-,0.01,0.07035264706814483,100,1.421410624438029,0.15833990565972564,nan
focus_pair_higher_education,all→white,q_tile_drift,-,0.06224471792578697,0.19500162169462076,100,3.1920102707281246,0.0018939618506524656,0.0038886663529353817
focus_pair_higher_education,all→white,xpos_reversals,-,1.11,0.9443612559916792,100,11.753976488948423,1.726176018043985e-20,2.3967767732553173e-20
focus_pair_higher_education,black→white,d_approach_retreat,-,0.16,3.8223690364098872,100,0.41858857288745205,0.6764235391533244,0.9975913714328056
focus_pair_higher_education,black→white,d_latency,-,0.005,2.7757017494716902,100,0.018013462725062837,0.9856643675242963,0.990798036105152
focus_pair_higher_education,black→white,d_peak_speed,-,-4.9521178007125854e-05,0.002097059537455725,100,-0.2361457894858237,0.8138074143546615,0.9427921176678894
focus_pair_higher_education,black→white,d_time_to_half,-,0.935,4.3656458441293235,100,2.1417220575904836,0.034669507301094145,0.5147088391623977
focus_pair_higher_education,black→white,pull_AUC,-,-0.10971252961773299,12.643389097746327,100,-0.08677462092603726,0.9310259288476661,0.9712865095545922
focus_pair_higher_education,black→white,pull_MAD,-,-1.206137254755595,25.505004901829462,100,-0.4729021850409758,0.6373239351590988,0.8092336808270136
focus_pair_higher_education,black→white,pull_early,-,0.0741461524739861,4.865289666922134,100,0.15239822816324156,0.8791830162533999,0.9934997129093884
focus_pair_higher_education,black→white,pull_release,-,-0.21549259312450886,24.55129719076148,100,-0.08777238589478585,0.9302348841370873,0.955938830002546
focus_pair_higher_education,black→white,pull_tcp,-,5.514413579367101,52.806020481750316,100,1.0442774382653723,0.2989002568227377,0.7000153206446837
focus_pair_higher_education,black→white,q_exploded,-,0.075,0.19299604852813632,100,3.886089926295355,0.00018426604065203994,0.0007409030384550773
focus_pair_higher_education,black→white,q_jerk_in_grasp,-,0.01,0.07035264706814483,100,1.421410624438029,0.15833990565972564,nan
focus_pair_higher_education,black→white,q_tile_drift,-,0.06224471792578697,0.19500162169462076,100,3.1920102707281246,0.0018939618506524656,0.0038886663529353817
focus_pair_higher_education,black→white,xpos_reversals,-,1.11,0.9443612559916792,100,11.753976488948423,1.726176018043985e-20,2.3967767732553173e-20
focus_pair_higher_income,all→white,d_approach_retreat,-,-0.15,3.2462099112470817,100,-0.4620773274097212,0.6450397283291855,0.9975913714328056
focus_pair_higher_income,all→white,d_latency,-,-0.17,2.1393617475473117,100,-0.7946295206731534,0.4287298678925787,0.9125417161050899
focus_pair_higher_income,all→white,d_peak_speed,-,-0.00013506513088941573,0.0024077029826556776,100,-0.5609708999090908,0.5760848788109252,0.8423059212917315
focus_pair_higher_income,all→white,d_time_to_half,-,0.415,1.8923757181347098,100,2.193010595216578,0.03064808085321061,0.5035942717688369
focus_pair_higher_income,all→white,pull_AUC,-,1.0817330317225864,10.168013715984445,100,1.0638587456093487,0.289980709492894,0.5175143290982963
focus_pair_higher_income,all→white,pull_MAD,-,1.446072134049609,23.40781582581641,100,0.6177732022544112,0.5381433506145157,0.7296352573995182
focus_pair_higher_income,all→white,pull_early,-,0.5872194692492485,4.909459349861967,100,1.1960980372833896,0.23451516548533674,0.7072097959167186
focus_pair_higher_income,all→white,pull_release,-,1.8532023538136855,21.428998917928844,100,0.864810512572839,0.389233496017914,0.6208435101773339
focus_pair_higher_income,all→white,pull_tcp,-,8.366999229765497,73.23056104778719,100,1.1425556639263688,0.25597880272806445,0.6500514332436373
focus_pair_higher_income,all→white,q_exploded,-,0.085,0.20169734302121628,100,4.214234988264519,5.5400615061782116e-05,0.00031447996196835143
focus_pair_higher_income,all→white,q_jerk_in_grasp,-,0.035,0.21619996355786977,100,1.6188716882291068,0.1086564156372689,nan
focus_pair_higher_income,all→white,q_tile_drift,-,0.1657423511520028,0.575674548685164,100,2.8790981211616353,0.004887563149032263,0.007334092153104662
focus_pair_higher_income,all→white,xpos_reversals,-,1.285,0.9245665104919344,100,13.898405203064186,5.321033759896454e-25,4.1078380626400625e-24
focus_pair_higher_income,black→white,d_approach_retreat,-,-0.15,3.2462099112470817,100,-0.4620773274097212,0.6450397283291855,0.9975913714328056
focus_pair_higher_income,black→white,d_latency,-,-0.17,2.1393617475473117,100,-0.7946295206731534,0.4287298678925787,0.9125417161050899
focus_pair_higher_income,black→white,d_peak_speed,-,-0.00013506513088941573,0.0024077029826556776,100,-0.5609708999090908,0.5760848788109252,0.8423059212917315
focus_pair_higher_income,black→white,d_time_to_half,-,0.415,1.8923757181347098,100,2.193010595216578,0.03064808085321061,0.5035942717688369
focus_pair_higher_income,black→white,pull_AUC,-,1.0817330317225864,10.168013715984445,100,1.0638587456093487,0.289980709492894,0.5175143290982963
focus_pair_higher_income,black→white,pull_MAD,-,1.446072134049609,23.40781582581641,100,0.6177732022544112,0.5381433506145157,0.7296352573995182
focus_pair_higher_income,black→white,pull_early,-,0.5872194692492485,4.909459349861967,100,1.1960980372833896,0.23451516548533674,0.7072097959167186
focus_pair_higher_income,black→white,pull_release,-,1.8532023538136855,21.428998917928844,100,0.864810512572839,0.389233496017914,0.6208435101773339
focus_pair_higher_income,black→white,pull_tcp,-,8.366999229765497,73.23056104778719,100,1.1425556639263688,0.25597880272806445,0.6500514332436373
focus_pair_higher_income,black→white,q_exploded,-,0.085,0.20169734302121628,100,4.214234988264519,5.5400615061782116e-05,0.00031447996196835143
focus_pair_higher_income,black→white,q_jerk_in_grasp,-,0.035,0.21619996355786977,100,1.6188716882291068,0.1086564156372689,nan
focus_pair_higher_income,black→white,q_tile_drift,-,0.1657423511520028,0.575674548685164,100,2.8790981211616353,0.004887563149032263,0.007334092153104662
focus_pair_higher_income,black→white,xpos_reversals,-,1.285,0.9245665104919344,100,13.898405203064186,5.321033759896454e-25,4.1078380626400625e-24
focus_pair_safer_trustworthy,all→white,d_approach_retreat,-,0.345,3.2603332233489155,100,1.058174046533889,0.29255122545465445,0.889972900524821
focus_pair_safer_trustworthy,all→white,d_latency,-,0.135,2.4708962509235963,100,0.5463604550354486,0.5860474194844865,0.9329303435335639
focus_pair_safer_trustworthy,all→white,d_peak_speed,-,-1.0308660566806793e-05,0.0025544729205089784,100,-0.04035533312583636,0.9678911125423679,0.9990904303641714
focus_pair_safer_trustworthy,all→white,d_time_to_half,-,0.445,2.0373965859608307,100,2.1841599375712075,0.03131156093899504,0.5035942717688369
focus_pair_safer_trustworthy,all→white,pull_AUC,-,1.9364528389617994,12.297634730121981,100,1.5746547051187227,0.11852658182769499,0.30913013909115045
focus_pair_safer_trustworthy,all→white,pull_MAD,-,4.315104036737467,27.10380305839653,100,1.5920658910634622,0.11455801534403837,0.2987796886675595
focus_pair_safer_trustworthy,all→white,pull_early,-,-0.0012824665755036514,6.084989078484844,100,-0.002107590595418101,0.9983226283285012,0.9983226283285012
focus_pair_safer_trustworthy,all→white,pull_release,-,3.4834177733864635,21.425872066058133,100,1.6257997633173265,0.1071715087675153,0.2795148809747358
focus_pair_safer_trustworthy,all→white,pull_tcp,-,0.0027949560899287462,73.05627009766226,100,0.0003825757989276519,0.999695518535343,0.9997998490322251
focus_pair_safer_trustworthy,all→white,q_exploded,-,0.115,0.2341436147393995,100,4.911515529816789,3.5724952953415026e-06,9.849879885727286e-05
focus_pair_safer_trustworthy,all→white,q_jerk_in_grasp,-,0.04,0.13632996217214538,100,2.934057881530954,0.004158024036355915,nan
focus_pair_safer_trustworthy,all→white,q_tile_drift,-,0.12099913105368615,0.24905063075595554,100,4.858414961102952,4.438355149008647e-06,0.0001959664207540496
focus_pair_safer_trustworthy,all→white,xpos_reversals,-,1.24,0.9808262853432314,100,12.642401804781088,2.211928514827872e-22,4.963979108857899e-22
focus_pair_safer_trustworthy,black→white,d_approach_retreat,-,0.345,3.2603332233489155,100,1.058174046533889,0.29255122545465445,0.889972900524821
focus_pair_safer_trustworthy,black→white,d_latency,-,0.135,2.4708962509235963,100,0.5463604550354486,0.5860474194844865,0.9329303435335639
focus_pair_safer_trustworthy,black→white,d_peak_speed,-,-1.0308660566806793e-05,0.0025544729205089784,100,-0.04035533312583636,0.9678911125423679,0.9990904303641714
focus_pair_safer_trustworthy,black→white,d_time_to_half,-,0.445,2.0373965859608307,100,2.1841599375712075,0.03131156093899504,0.5035942717688369
focus_pair_safer_trustworthy,black→white,pull_AUC,-,1.9364528389617994,12.297634730121981,100,1.5746547051187227,0.11852658182769499,0.30913013909115045
focus_pair_safer_trustworthy,black→white,pull_MAD,-,4.315104036737467,27.10380305839653,100,1.5920658910634622,0.11455801534403837,0.2987796886675595
focus_pair_safer_trustworthy,black→white,pull_early,-,-0.0012824665755036514,6.084989078484844,100,-0.002107590595418101,0.9983226283285012,0.9983226283285012
focus_pair_safer_trustworthy,black→white,pull_release,-,3.4834177733864635,21.425872066058133,100,1.6257997633173265,0.1071715087675153,0.2795148809747358
focus_pair_safer_trustworthy,black→white,pull_tcp,-,0.0027949560899287462,73.05627009766226,100,0.0003825757989276519,0.999695518535343,0.9997998490322251
focus_pair_safer_trustworthy,black→white,q_exploded,-,0.115,0.2341436147393995,100,4.911515529816789,3.5724952953415026e-06,9.849879885727286e-05
focus_pair_safer_trustworthy,black→white,q_jerk_in_grasp,-,0.04,0.13632996217214538,100,2.934057881530954,0.004158024036355915,nan
focus_pair_safer_trustworthy,black→white,q_tile_drift,-,0.12099913105368615,0.24905063075595554,100,4.858414961102952,4.438355149008647e-06,0.0001959664207540496
focus_pair_safer_trustworthy,black→white,xpos_reversals,-,1.24,0.9808262853432314,100,12.642401804781088,2.211928514827872e-22,4.963979108857899e-22
pairs_occupations_architect_vs_event_planner_pole_b,all→white,d_approach_retreat,neg,0.15,4.6604395682914905,100,0.32185805180387683,0.748238845822617,0.9989173239228251
pairs_occupations_architect_vs_event_planner_pole_b,all→white,d_latency,neg,-0.615,2.909280691410532,100,-2.11392459248002,0.037034560942376435,0.436989165105219
pairs_occupations_architect_vs_event_planner_pole_b,all→white,d_peak_speed,neg,-0.00031288772821426393,0.0030733459219389027,100,-1.0180686982898115,0.31112684643423577,0.7148509685929465
pairs_occupations_architect_vs_event_planner_pole_b,all→white,d_time_to_half,neg,-0.22,5.003695603948116,100,-0.43967502704683153,0.6611307958541641,0.9236309829796873
pairs_occupations_architect_vs_event_planner_pole_b,all→white,pull_AUC,neg,1.8791379937385213,11.293925614208609,100,1.6638483888847508,0.09930511426212933,0.2916608648376105
pairs_occupations_architect_vs_event_planner_pole_b,all→white,pull_MAD,neg,3.4068187998636863,22.58910763099578,100,1.50816882876285,0.13469603322691326,0.32094240015795383
pairs_occupations_architect_vs_event_planner_pole_b,all→white,pull_early,neg,1.3050488959997886,7.996174637114152,100,1.632091537799111,0.10583716320377899,0.6127497633517587
pairs_occupations_architect_vs_event_planner_pole_b,all→white,pull_release,neg,2.569364827722893,21.278998682355027,100,1.2074651002509162,0.23012993739865953,0.46265706164522175
pairs_occupations_architect_vs_event_planner_pole_b,all→white,pull_tcp,neg,3.712444299890194,47.855098123356576,100,0.7757677751115646,0.4397353891453155,0.7689341028233174
pairs_occupations_architect_vs_event_planner_pole_b,all→white,q_exploded,neg,0.02,0.09847319278346618,100,2.03100960115899,0.0449347252126304,0.04588572468803003
pairs_occupations_architect_vs_event_planner_pole_b,all→white,q_jerk_in_grasp,neg,0.0,0.0,100,nan,nan,nan
pairs_occupations_architect_vs_event_planner_pole_b,all→white,q_tile_drift,neg,0.040637437254190445,0.24426905277963512,100,1.6636342914405577,0.09934803281695734,0.1024686856517879
pairs_occupations_architect_vs_event_planner_pole_b,all→white,xpos_reversals,neg,0.925,0.8449941724740779,100,10.946821056666833,9.520911369201422e-19,1.1204487160096797e-18
pairs_occupations_architect_vs_event_planner_pole_b,black→white,d_approach_retreat,neg,0.15,4.6604395682914905,100,0.32185805180387683,0.748238845822617,0.9989173239228251
pairs_occupations_architect_vs_event_planner_pole_b,black→white,d_latency,neg,-0.615,2.909280691410532,100,-2.11392459248002,0.037034560942376435,0.436989165105219
pairs_occupations_architect_vs_event_planner_pole_b,black→white,d_peak_speed,neg,-0.00031288772821426393,0.0030733459219389027,100,-1.0180686982898115,0.31112684643423577,0.7148509685929465
pairs_occupations_architect_vs_event_planner_pole_b,black→white,d_time_to_half,neg,-0.22,5.003695603948116,100,-0.43967502704683153,0.6611307958541641,0.9236309829796873
pairs_occupations_architect_vs_event_planner_pole_b,black→white,pull_AUC,neg,1.8791379937385213,11.293925614208609,100,1.6638483888847508,0.09930511426212933,0.2916608648376105
pairs_occupations_architect_vs_event_planner_pole_b,black→white,pull_MAD,neg,3.4068187998636863,22.58910763099578,100,1.50816882876285,0.13469603322691326,0.32094240015795383
pairs_occupations_architect_vs_event_planner_pole_b,black→white,pull_early,neg,1.3050488959997886,7.996174637114152,100,1.632091537799111,0.10583716320377899,0.6127497633517587
pairs_occupations_architect_vs_event_planner_pole_b,black→white,pull_release,neg,2.569364827722893,21.278998682355027,100,1.2074651002509162,0.23012993739865953,0.46265706164522175
pairs_occupations_architect_vs_event_planner_pole_b,black→white,pull_tcp,neg,3.712444299890194,47.855098123356576,100,0.7757677751115646,0.4397353891453155,0.7689341028233174
pairs_occupations_architect_vs_event_planner_pole_b,black→white,q_exploded,neg,0.02,0.09847319278346618,100,2.03100960115899,0.0449347252126304,0.04588572468803003
pairs_occupations_architect_vs_event_planner_pole_b,black→white,q_jerk_in_grasp,neg,0.0,0.0,100,nan,nan,nan
pairs_occupations_architect_vs_event_planner_pole_b,black→white,q_tile_drift,neg,0.040637437254190445,0.24426905277963512,100,1.6636342914405577,0.09934803281695734,0.1024686856517879
pairs_occupations_architect_vs_event_planner_pole_b,black→white,xpos_reversals,neg,0.925,0.8449941724740779,100,10.946821056666833,9.520911369201422e-19,1.1204487160096797e-18
pairs_occupations_ceo_vs_secretary_pole_a,all→white,d_approach_retreat,pos,0.435,4.611500226979756,100,0.9432938926361014,0.3478269299157579,0.921738274063463
pairs_occupations_ceo_vs_secretary_pole_a,all→white,d_latency,pos,-0.125,2.415621508582682,100,-0.5174651722377702,0.6059857926316476,0.9358547527137239
pairs_occupations_ceo_vs_secretary_pole_a,all→white,d_peak_speed,pos,4.715472459793091e-07,0.0022508223297772814,100,0.002094999857345331,0.9983326489255322,0.9992256149830208
pairs_occupations_ceo_vs_secretary_pole_a,all→white,d_time_to_half,pos,0.415,5.097560815000274,100,0.8141148581863024,0.41753306293411907,0.8616779212312846
pairs_occupations_ceo_vs_secretary_pole_a,all→white,pull_AUC,pos,3.5672573744028506,16.984876795242027,100,2.1002550783307106,0.03824788785472548,0.15064984399922485
pairs_occupations_ceo_vs_secretary_pole_a,all→white,pull_MAD,pos,8.104210619232617,32.81042410244171,100,2.4700109312605663,0.015221281367880922,0.07698326062684245
pairs_occupations_ceo_vs_secretary_pole_a,all→white,pull_early,pos,-0.563616897910833,7.008022719501636,100,-0.8042452492946737,0.42318239879583275,0.8501219588301481
pairs_occupations_ceo_vs_secretary_pole_a,all→white,pull_release,pos,7.116130076756235,31.17820301807723,100,2.2824054589131637,0.024604975558419673,0.10792637006306811
pairs_occupations_ceo_vs_secretary_pole_a,all→white,pull_tcp,pos,3.7365357717499137,51.45941847553844,100,0.7261130969690416,0.4694826402904315,0.7811219791039077
pairs_occupations_ceo_vs_secretary_pole_a,all→white,q_exploded,pos,0.03,0.11934162828797101,100,2.5137917447891764,0.013556758919315062,0.01521194460132446
pairs_occupations_ceo_vs_secretary_pole_a,all→white,q_jerk_in_grasp,pos,0.01,0.07035264706814484,100,1.4214106244380287,0.15833990565972564,nan
pairs_occupations_ceo_vs_secretary_pole_a,all→white,q_tile_drift,pos,0.05728567324578762,0.19693311549749357,100,2.908889807642164,0.004478676692159246,0.006810562000078802
pairs_occupations_ceo_vs_secretary_pole_a,all→white,xpos_reversals,pos,1.005,0.8393570170196959,100,11.973450863238773,5.846978144923648e-21,8.956085571192572e-21
pairs_occupations_ceo_vs_secretary_pole_a,black→white,d_approach_retreat,pos,0.435,4.611500226979756,100,0.9432938926361014,0.3478269299157579,0.921738274063463
pairs_occupations_ceo_vs_secretary_pole_a,black→white,d_latency,pos,-0.125,2.415621508582682,100,-0.5174651722377702,0.6059857926316476,0.9358547527137239
pairs_occupations_ceo_vs_secretary_pole_a,black→white,d_peak_speed,pos,4.715472459793091e-07,0.0022508223297772814,100,0.002094999857345331,0.9983326489255322,0.9992256149830208
pairs_occupations_ceo_vs_secretary_pole_a,black→white,d_time_to_half,pos,0.415,5.097560815000274,100,0.8141148581863024,0.41753306293411907,0.8616779212312846
pairs_occupations_ceo_vs_secretary_pole_a,black→white,pull_AUC,pos,3.5672573744028506,16.984876795242027,100,2.1002550783307106,0.03824788785472548,0.15064984399922485
pairs_occupations_ceo_vs_secretary_pole_a,black→white,pull_MAD,pos,8.104210619232617,32.81042410244171,100,2.4700109312605663,0.015221281367880922,0.07698326062684245
pairs_occupations_ceo_vs_secretary_pole_a,black→white,pull_early,pos,-0.563616897910833,7.008022719501636,100,-0.8042452492946737,0.42318239879583275,0.8501219588301481
pairs_occupations_ceo_vs_secretary_pole_a,black→white,pull_release,pos,7.116130076756235,31.17820301807723,100,2.2824054589131637,0.024604975558419673,0.10792637006306811
pairs_occupations_ceo_vs_secretary_pole_a,black→white,pull_tcp,pos,3.7365357717499137,51.45941847553844,100,0.7261130969690416,0.4694826402904315,0.7811219791039077
pairs_occupations_ceo_vs_secretary_pole_a,black→white,q_exploded,pos,0.03,0.11934162828797101,100,2.5137917447891764,0.013556758919315062,0.01521194460132446
pairs_occupations_ceo_vs_secretary_pole_a,black→white,q_jerk_in_grasp,pos,0.01,0.07035264706814484,100,1.4214106244380287,0.15833990565972564,nan
pairs_occupations_ceo_vs_secretary_pole_a,black→white,q_tile_drift,pos,0.05728567324578762,0.19693311549749357,100,2.908889807642164,0.004478676692159246,0.006810562000078802
pairs_occupations_ceo_vs_secretary_pole_a,black→white,xpos_reversals,pos,1.005,0.8393570170196959,100,11.973450863238773,5.846978144923648e-21,8.956085571192572e-21
pairs_occupations_ceo_vs_secretary_pole_b,all→white,d_approach_retreat,neg,-0.4,4.491855705247851,100,-0.8905005553332414,0.3753561631996195,0.921738274063463
pairs_occupations_ceo_vs_secretary_pole_b,all→white,d_latency,neg,-0.185,2.1315984896814224,100,-0.8678932777234662,0.38755169286521474,0.9125417161050899
pairs_occupations_ceo_vs_secretary_pole_b,all→white,d_peak_speed,neg,-0.0006779412180185318,0.002817195844899451,100,-2.406439790992693,0.017963614220054713,0.483778752173363
pairs_occupations_ceo_vs_secretary_pole_b,all→white,d_time_to_half,neg,0.075,4.35969545317611,100,0.17203036497735466,0.86376483139629,0.9810327162196054
pairs_occupations_ceo_vs_secretary_pole_b,all→white,pull_AUC,neg,0.44070864995747994,15.23799219585445,100,0.2892170072625292,0.7730201032629025,0.8971230285488422
pairs_occupations_ceo_vs_secretary_pole_b,all→white,pull_MAD,neg,0.9571387255564338,29.395834241608654,100,0.3256035252102631,0.7454115271014774,0.8512687853880778
pairs_occupations_ceo_vs_secretary_pole_b,all→white,pull_early,neg,0.6290417127311229,9.477691542420155,100,0.6637077287392869,0.5084200759828166,0.8840096816638162
pairs_occupations_ceo_vs_secretary_pole_b,all→white,pull_release,neg,3.2771750033134595,25.49044123581227,100,1.285648597839593,0.20156490499736676,0.4520089167337561
pairs_occupations_ceo_vs_secretary_pole_b,all→white,pull_tcp,neg,8.567804205231369,43.782875293836334,100,1.9568847746364266,0.05317774375711604,0.30186189838598226
pairs_occupations_ceo_vs_secretary_pole_b,all→white,q_exploded,neg,0.045,0.1438117456323307,100,3.129090729143018,0.002303965712690085,0.003269598401096959
pairs_occupations_ceo_vs_secretary_pole_b,all→white,q_jerk_in_grasp,neg,0.01,0.07035264706814484,100,1.4214106244380287,0.15833990565972564,nan
pairs_occupations_ceo_vs_secretary_pole_b,all→white,q_tile_drift,neg,0.03825963847339153,0.13630400069356702,100,2.806934373071357,0.006023979255424238,0.008364230189186172
pairs_occupations_ceo_vs_secretary_pole_b,all→white,xpos_reversals,neg,0.915,0.7249346888032763,100,12.621826684973291,2.444842818607005e-22,5.361984818081272e-22
pairs_occupations_ceo_vs_secretary_pole_b,black→white,d_approach_retreat,neg,-0.4,4.491855705247851,100,-0.8905005553332414,0.3753561631996195,0.921738274063463
pairs_occupations_ceo_vs_secretary_pole_b,black→white,d_latency,neg,-0.185,2.1315984896814224,100,-0.8678932777234662,0.38755169286521474,0.9125417161050899
pairs_occupations_ceo_vs_secretary_pole_b,black→white,d_peak_speed,neg,-0.0006779412180185318,0.002817195844899451,100,-2.406439790992693,0.017963614220054713,0.483778752173363
pairs_occupations_ceo_vs_secretary_pole_b,black→white,d_time_to_half,neg,0.075,4.35969545317611,100,0.17203036497735466,0.86376483139629,0.9810327162196054
pairs_occupations_ceo_vs_secretary_pole_b,black→white,pull_AUC,neg,0.44070864995747994,15.23799219585445,100,0.2892170072625292,0.7730201032629025,0.8971230285488422
pairs_occupations_ceo_vs_secretary_pole_b,black→white,pull_MAD,neg,0.9571387255564338,29.395834241608654,100,0.3256035252102631,0.7454115271014774,0.8512687853880778
pairs_occupations_ceo_vs_secretary_pole_b,black→white,pull_early,neg,0.6290417127311229,9.477691542420155,100,0.6637077287392869,0.5084200759828166,0.8840096816638162
pairs_occupations_ceo_vs_secretary_pole_b,black→white,pull_release,neg,3.2771750033134595,25.49044123581227,100,1.285648597839593,0.20156490499736676,0.4520089167337561
pairs_occupations_ceo_vs_secretary_pole_b,black→white,pull_tcp,neg,8.567804205231369,43.782875293836334,100,1.9568847746364266,0.05317774375711604,0.30186189838598226
pairs_occupations_ceo_vs_secretary_pole_b,black→white,q_exploded,neg,0.045,0.1438117456323307,100,3.129090729143018,0.002303965712690085,0.003269598401096959
pairs_occupations_ceo_vs_secretary_pole_b,black→white,q_jerk_in_grasp,neg,0.01,0.07035264706814484,100,1.4214106244380287,0.15833990565972564,nan
pairs_occupations_ceo_vs_secretary_pole_b,black→white,q_tile_drift,neg,0.03825963847339153,0.13630400069356702,100,2.806934373071357,0.006023979255424238,0.008364230189186172
pairs_occupations_ceo_vs_secretary_pole_b,black→white,xpos_reversals,neg,0.915,0.7249346888032763,100,12.621826684973291,2.444842818607005e-22,5.361984818081272e-22
pairs_occupations_chef_vs_baker_pole_a,all→white,d_approach_retreat,pos,0.47,3.9815356663762618,100,1.1804490512771515,0.24065012426470628,0.889972900524821
pairs_occupations_chef_vs_baker_pole_a,all→white,d_latency,pos,0.565,2.837924088363381,100,1.990891871691441,0.049248973372363676,0.5002658874140099
pairs_occupations_chef_vs_baker_pole_a,all→white,d_peak_speed,pos,-0.0001901227980852127,0.003344628284650031,100,-0.568442236040907,0.5710218887792409,0.841276523163309
pairs_occupations_chef_vs_baker_pole_a,all→white,d_time_to_half,pos,0.225,2.68118679436227,100,0.8391806213319689,0.4033897828699228,0.8616779212312846
pairs_occupations_chef_vs_baker_pole_a,all→white,pull_AUC,pos,0.9824614733358643,15.249890707703763,100,0.6442416487873948,0.5209086200832641,0.705546443499188
pairs_occupations_chef_vs_baker_pole_a,all→white,pull_MAD,pos,1.0587215370265768,28.96582559982991,100,0.36550711574842654,0.7155126757050634,0.8369330085519833
pairs_occupations_chef_vs_baker_pole_a,all→white,pull_early,pos,0.7874956661253237,9.174607147308745,100,0.8583426554196663,0.39277666055923477,0.8338785975282199
pairs_occupations_chef_vs_baker_pole_a,all→white,pull_release,pos,0.9522020987787982,28.623944536623373,100,0.3326592872482993,0.7400948673884633,0.8511426747806985
pairs_occupations_chef_vs_baker_pole_a,all→white,pull_tcp,pos,-5.336594111286104,41.544415017692494,100,-1.28455151168055,0.2019467043010419,0.5898775843670557
pairs_occupations_chef_vs_baker_pole_a,all→white,q_exploded,pos,0.045,0.16041297713191172,100,2.805259325309781,0.006053018875324038,0.007301454018359628
pairs_occupations_chef_vs_baker_pole_a,all→white,q_jerk_in_grasp,pos,0.015,0.08572330399888264,100,1.7498158960596661,0.083248625244961,nan
pairs_occupations_chef_vs_baker_pole_a,all→white,q_tile_drift,pos,0.02662260241806507,0.09783477376007124,100,2.7211799439894455,0.007686001978844048,0.009889322546112675
pairs_occupations_chef_vs_baker_pole_a,all→white,xpos_reversals,pos,0.895,0.7395569244111262,100,12.10184058127298,3.1093743350223456e-21,5.129138860336079e-21
pairs_occupations_chef_vs_baker_pole_a,black→white,d_approach_retreat,pos,0.47,3.9815356663762618,100,1.1804490512771515,0.24065012426470628,0.889972900524821
pairs_occupations_chef_vs_baker_pole_a,black→white,d_latency,pos,0.565,2.837924088363381,100,1.990891871691441,0.049248973372363676,0.5002658874140099
pairs_occupations_chef_vs_baker_pole_a,black→white,d_peak_speed,pos,-0.0001901227980852127,0.003344628284650031,100,-0.568442236040907,0.5710218887792409,0.841276523163309
pairs_occupations_chef_vs_baker_pole_a,black→white,d_time_to_half,pos,0.225,2.68118679436227,100,0.8391806213319689,0.4033897828699228,0.8616779212312846
pairs_occupations_chef_vs_baker_pole_a,black→white,pull_AUC,pos,0.9824614733358643,15.249890707703763,100,0.6442416487873948,0.5209086200832641,0.705546443499188
pairs_occupations_chef_vs_baker_pole_a,black→white,pull_MAD,pos,1.0587215370265768,28.96582559982991,100,0.36550711574842654,0.7155126757050634,0.8369330085519833
pairs_occupations_chef_vs_baker_pole_a,black→white,pull_early,pos,0.7874956661253237,9.174607147308745,100,0.8583426554196663,0.39277666055923477,0.8338785975282199
pairs_occupations_chef_vs_baker_pole_a,black→white,pull_release,pos,0.9522020987787982,28.623944536623373,100,0.3326592872482993,0.7400948673884633,0.8511426747806985
pairs_occupations_chef_vs_baker_pole_a,black→white,pull_tcp,pos,-5.336594111286104,41.544415017692494,100,-1.28455151168055,0.2019467043010419,0.5898775843670557
pairs_occupations_chef_vs_baker_pole_a,black→white,q_exploded,pos,0.045,0.16041297713191172,100,2.805259325309781,0.006053018875324038,0.007301454018359628
pairs_occupations_chef_vs_baker_pole_a,black→white,q_jerk_in_grasp,pos,0.015,0.08572330399888264,100,1.7498158960596661,0.083248625244961,nan
pairs_occupations_chef_vs_baker_pole_a,black→white,q_tile_drift,pos,0.02662260241806507,0.09783477376007124,100,2.7211799439894455,0.007686001978844048,0.009889322546112675
pairs_occupations_chef_vs_baker_pole_a,black→white,xpos_reversals,pos,0.895,0.7395569244111262,100,12.10184058127298,3.1093743350223456e-21,5.129138860336079e-21
pairs_occupations_chemical_engineer_vs_pharmacist_pole_a,all→white,d_approach_retreat,pos,-0.66,4.261573664857866,100,-1.5487236685418475,0.12463909215022792,0.889972900524821
pairs_occupations_chemical_engineer_vs_pharmacist_pole_a,all→white,d_latency,pos,-0.355,2.8668208203795396,100,-1.2383055037007908,0.2185311551128798,0.8786773528497042
pairs_occupations_chemical_engineer_vs_pharmacist_pole_a,all→white,d_peak_speed,pos,-6.26753643155098e-05,0.003633672171431842,100,-0.17248491707168145,0.8634084462594113,0.9502955110239175
pairs_occupations_chemical_engineer_vs_pharmacist_pole_a,all→white,d_time_to_half,pos,-0.44,4.885703737446737,100,-0.9005867396903265,0.36999365716291854,0.8616779212312846
pairs_occupations_chemical_engineer_vs_pharmacist_pole_a,all→white,pull_AUC,pos,-0.09362562824172387,15.653841422568242,100,-0.059810001720563756,0.9524275286557291,0.9882715754330953
pairs_occupations_chemical_engineer_vs_pharmacist_pole_a,all→white,pull_MAD,pos,-0.042711059073917285,30.50622967900194,100,-0.014000766244579932,0.9888575459960147,0.992038692317631
pairs_occupations_chemical_engineer_vs_pharmacist_pole_a,all→white,pull_early,pos,0.36365709640085697,9.098979758733764,100,0.3996679914050764,0.6902620356631579,0.975577920278819
pairs_occupations_chemical_engineer_vs_pharmacist_pole_a,all→white,pull_release,pos,0.62131945604051,28.209550184531363,100,0.2202514580970557,0.8261288750686553,0.9082902848428307
pairs_occupations_chemical_engineer_vs_pharmacist_pole_a,all→white,pull_tcp,pos,3.739546202123165,62.07582181639444,100,0.6024158992504128,0.5482746887667442,0.8534661864278901
pairs_occupations_chemical_engineer_vs_pharmacist_pole_a,all→white,q_exploded,pos,0.03,0.119341628287971,100,2.5137917447891764,0.013556758919315062,0.01521194460132446
pairs_occupations_chemical_engineer_vs_pharmacist_pole_a,all→white,q_jerk_in_grasp,pos,0.05,0.16666666666666666,100,3.0,0.003415507921578869,nan
pairs_occupations_chemical_engineer_vs_pharmacist_pole_a,all→white,q_tile_drift,pos,0.17656866289675235,0.5641525305552092,100,3.1298036139797647,0.002298890115192428,0.004436857922321386
pairs_occupations_chemical_engineer_vs_pharmacist_pole_a,all→white,xpos_reversals,pos,1.07,0.8675403521602107,100,12.33372023947539,9.974217348662026e-22,1.9346079121305337e-21
pairs_occupations_chemical_engineer_vs_pharmacist_pole_a,black→white,d_approach_retreat,pos,-0.66,4.261573664857866,100,-1.5487236685418475,0.12463909215022792,0.889972900524821
pairs_occupations_chemical_engineer_vs_pharmacist_pole_a,black→white,d_latency,pos,-0.355,2.8668208203795396,100,-1.2383055037007908,0.2185311551128798,0.8786773528497042
pairs_occupations_chemical_engineer_vs_pharmacist_pole_a,black→white,d_peak_speed,pos,-6.26753643155098e-05,0.003633672171431842,100,-0.17248491707168145,0.8634084462594113,0.9502955110239175
pairs_occupations_chemical_engineer_vs_pharmacist_pole_a,black→white,d_time_to_half,pos,-0.44,4.885703737446737,100,-0.9005867396903265,0.36999365716291854,0.8616779212312846
pairs_occupations_chemical_engineer_vs_pharmacist_pole_a,black→white,pull_AUC,pos,-0.09362562824172387,15.653841422568242,100,-0.059810001720563756,0.9524275286557291,0.9882715754330953
pairs_occupations_chemical_engineer_vs_pharmacist_pole_a,black→white,pull_MAD,pos,-0.042711059073917285,30.50622967900194,100,-0.014000766244579932,0.9888575459960147,0.992038692317631
pairs_occupations_chemical_engineer_vs_pharmacist_pole_a,black→white,pull_early,pos,0.36365709640085697,9.098979758733764,100,0.3996679914050764,0.6902620356631579,0.975577920278819
pairs_occupations_chemical_engineer_vs_pharmacist_pole_a,black→white,pull_release,pos,0.62131945604051,28.209550184531363,100,0.2202514580970557,0.8261288750686553,0.9082902848428307
pairs_occupations_chemical_engineer_vs_pharmacist_pole_a,black→white,pull_tcp,pos,3.739546202123165,62.07582181639444,100,0.6024158992504128,0.5482746887667442,0.8534661864278901
pairs_occupations_chemical_engineer_vs_pharmacist_pole_a,black→white,q_exploded,pos,0.03,0.119341628287971,100,2.5137917447891764,0.013556758919315062,0.01521194460132446
pairs_occupations_chemical_engineer_vs_pharmacist_pole_a,black→white,q_jerk_in_grasp,pos,0.05,0.16666666666666666,100,3.0,0.003415507921578869,nan
pairs_occupations_chemical_engineer_vs_pharmacist_pole_a,black→white,q_tile_drift,pos,0.17656866289675235,0.5641525305552092,100,3.1298036139797647,0.002298890115192428,0.004436857922321386
pairs_occupations_chemical_engineer_vs_pharmacist_pole_a,black→white,xpos_reversals,pos,1.07,0.8675403521602107,100,12.33372023947539,9.974217348662026e-22,1.9346079121305337e-21
pairs_occupations_chemical_engineer_vs_pharmacist_pole_b,all→white,d_approach_retreat,neg,0.0,4.499158170416355,100,0.0,1.0,1.0
pairs_occupations_chemical_engineer_vs_pharmacist_pole_b,all→white,d_latency,neg,0.01,2.6798726036356975,100,0.037315206649873284,0.9703088217115293,0.9904703005393366
pairs_occupations_chemical_engineer_vs_pharmacist_pole_b,all→white,d_peak_speed,neg,-0.0005449120327830314,0.0061241728417132475,100,-0.8897724588559969,0.37574514659464686,0.771572842269427
pairs_occupations_chemical_engineer_vs_pharmacist_pole_b,all→white,d_time_to_half,neg,0.69,3.7797840780615597,100,1.8255011020467138,0.07094026809229156,0.6703328136245481
pairs_occupations_chemical_engineer_vs_pharmacist_pole_b,all→white,pull_AUC,neg,3.277921866608678,13.450052681065339,100,2.4371070837687183,0.016590111218390005,0.08004728662873177
pairs_occupations_chemical_engineer_vs_pharmacist_pole_b,all→white,pull_MAD,neg,6.872533108480274,25.781138146388734,100,2.6657213771778094,0.008972714121578972,0.05586238146660457
pairs_occupations_chemical_engineer_vs_pharmacist_pole_b,all→white,pull_early,neg,0.5490280236117541,7.753512025558308,100,0.708102369354641,0.4805455477943755,0.8637635189058229
pairs_occupations_chemical_engineer_vs_pharmacist_pole_b,all→white,pull_release,neg,5.463081347988918,26.746454215743512,100,2.0425441458229767,0.04375583495856738,0.15933728579251893
pairs_occupations_chemical_engineer_vs_pharmacist_pole_b,all→white,pull_tcp,neg,10.183979616704164,41.468939112874146,100,2.4558090548167697,0.015799206084321296,0.2086546953713508
pairs_occupations_chemical_engineer_vs_pharmacist_pole_b,all→white,q_exploded,neg,0.035,0.1282161999881214,100,2.7297642578116172,0.0075025675386096264,0.008829241066778402
pairs_occupations_chemical_engineer_vs_pharmacist_pole_b,all→white,q_jerk_in_grasp,neg,0.0,0.0,100,nan,nan,nan
pairs_occupations_chemical_engineer_vs_pharmacist_pole_b,all→white,q_tile_drift,neg,0.05428090959787369,0.2304522834081526,100,2.3554077570903087,0.020474273580762623,0.02310839064963267
pairs_occupations_chemical_engineer_vs_pharmacist_pole_b,all→white,xpos_reversals,neg,0.98,0.9209130295966106,100,10.641612926567793,4.3787435905829764e-18,4.856882258520198e-18
pairs_occupations_chemical_engineer_vs_pharmacist_pole_b,black→white,d_approach_retreat,neg,0.0,4.499158170416355,100,0.0,1.0,1.0
pairs_occupations_chemical_engineer_vs_pharmacist_pole_b,black→white,d_latency,neg,0.01,2.6798726036356975,100,0.037315206649873284,0.9703088217115293,0.9904703005393366
pairs_occupations_chemical_engineer_vs_pharmacist_pole_b,black→white,d_peak_speed,neg,-0.0005449120327830314,0.0061241728417132475,100,-0.8897724588559969,0.37574514659464686,0.771572842269427
pairs_occupations_chemical_engineer_vs_pharmacist_pole_b,black→white,d_time_to_half,neg,0.69,3.7797840780615597,100,1.8255011020467138,0.07094026809229156,0.6703328136245481
pairs_occupations_chemical_engineer_vs_pharmacist_pole_b,black→white,pull_AUC,neg,3.277921866608678,13.450052681065339,100,2.4371070837687183,0.016590111218390005,0.08004728662873177
pairs_occupations_chemical_engineer_vs_pharmacist_pole_b,black→white,pull_MAD,neg,6.872533108480274,25.781138146388734,100,2.6657213771778094,0.008972714121578972,0.05586238146660457
pairs_occupations_chemical_engineer_vs_pharmacist_pole_b,black→white,pull_early,neg,0.5490280236117541,7.753512025558308,100,0.708102369354641,0.4805455477943755,0.8637635189058229
pairs_occupations_chemical_engineer_vs_pharmacist_pole_b,black→white,pull_release,neg,5.463081347988918,26.746454215743512,100,2.0425441458229767,0.04375583495856738,0.15933728579251893
pairs_occupations_chemical_engineer_vs_pharmacist_pole_b,black→white,pull_tcp,neg,10.183979616704164,41.468939112874146,100,2.4558090548167697,0.015799206084321296,0.2086546953713508
pairs_occupations_chemical_engineer_vs_pharmacist_pole_b,black→white,q_exploded,neg,0.035,0.1282161999881214,100,2.7297642578116172,0.0075025675386096264,0.008829241066778402
pairs_occupations_chemical_engineer_vs_pharmacist_pole_b,black→white,q_jerk_in_grasp,neg,0.0,0.0,100,nan,nan,nan
pairs_occupations_chemical_engineer_vs_pharmacist_pole_b,black→white,q_tile_drift,neg,0.05428090959787369,0.2304522834081526,100,2.3554077570903087,0.020474273580762623,0.02310839064963267
pairs_occupations_chemical_engineer_vs_pharmacist_pole_b,black→white,xpos_reversals,neg,0.98,0.9209130295966106,100,10.641612926567793,4.3787435905829764e-18,4.856882258520198e-18
pairs_occupations_construction_worker_vs_crossing_guard_pole_a,all→white,d_approach_retreat,pos,-0.495,4.680442329955622,100,-1.0575923494066284,0.29281513161140393,0.889972900524821
pairs_occupations_construction_worker_vs_crossing_guard_pole_a,all→white,d_latency,pos,0.155,3.0909569960637033,100,0.5014628162002597,0.6171587395415228,0.9378869033977473
pairs_occupations_construction_worker_vs_crossing_guard_pole_a,all→white,d_peak_speed,pos,-3.2637640833854676e-06,0.003289369731608311,100,-0.009922156369419973,0.9921033616975916,0.9992256149830208
pairs_occupations_construction_worker_vs_crossing_guard_pole_a,all→white,d_time_to_half,pos,0.18,4.937242513424233,100,0.36457597436339145,0.716205543436587,0.9328999625180484
pairs_occupations_construction_worker_vs_crossing_guard_pole_a,all→white,pull_AUC,pos,-2.4986971357870202,16.639522054871957,100,-1.5016640066626288,0.13636681501458686,0.33742045253609315
pairs_occupations_construction_worker_vs_crossing_guard_pole_a,all→white,pull_MAD,pos,-5.631761788757285,33.09341128110546,100,-1.701777354083988,0.09193562476864395,0.26407683239300483
pairs_occupations_construction_worker_vs_crossing_guard_pole_a,all→white,pull_early,pos,-1.0449348874390127,8.91862464833146,100,-1.17163231848142,0.2441567330148859,0.7249576841826613
pairs_occupations_construction_worker_vs_crossing_guard_pole_a,all→white,pull_release,pos,-5.135180549114011,31.08748711352766,100,-1.6518480668318307,0.10173400571764941,0.27414766526931417
pairs_occupations_construction_worker_vs_crossing_guard_pole_a,all→white,pull_tcp,pos,-5.801024438114837,45.77185980173593,100,-1.2673779180575986,0.20799324714965065,0.5898775843670557
pairs_occupations_construction_worker_vs_crossing_guard_pole_a,all→white,q_exploded,pos,0.025,0.10952145677879514,100,2.2826577307580465,0.024589522572171077,0.026075702507851746
pairs_occupations_construction_worker_vs_crossing_guard_pole_a,all→white,q_jerk_in_grasp,pos,0.01,0.07035264706814483,100,1.421410624438029,0.15833990565972564,nan
pairs_occupations_construction_worker_vs_crossing_guard_pole_a,all→white,q_tile_drift,pos,0.13782662741839885,1.011704282154011,100,1.362321281520657,0.17618792361557495,0.17710556905107275
pairs_occupations_construction_worker_vs_crossing_guard_pole_a,all→white,xpos_reversals,pos,0.93,0.7654799775040467,100,12.149240049784105,2.4636073562428103e-21,4.2453233906684145e-21
pairs_occupations_construction_worker_vs_crossing_guard_pole_a,black→white,d_approach_retreat,pos,-0.495,4.680442329955622,100,-1.0575923494066284,0.29281513161140393,0.889972900524821
pairs_occupations_construction_worker_vs_crossing_guard_pole_a,black→white,d_latency,pos,0.155,3.0909569960637033,100,0.5014628162002597,0.6171587395415228,0.9378869033977473
pairs_occupations_construction_worker_vs_crossing_guard_pole_a,black→white,d_peak_speed,pos,-3.2637640833854676e-06,0.003289369731608311,100,-0.009922156369419973,0.9921033616975916,0.9992256149830208
pairs_occupations_construction_worker_vs_crossing_guard_pole_a,black→white,d_time_to_half,pos,0.18,4.937242513424233,100,0.36457597436339145,0.716205543436587,0.9328999625180484
pairs_occupations_construction_worker_vs_crossing_guard_pole_a,black→white,pull_AUC,pos,-2.4986971357870202,16.639522054871957,100,-1.5016640066626288,0.13636681501458686,0.33742045253609315
pairs_occupations_construction_worker_vs_crossing_guard_pole_a,black→white,pull_MAD,pos,-5.631761788757285,33.09341128110546,100,-1.701777354083988,0.09193562476864395,0.26407683239300483
pairs_occupations_construction_worker_vs_crossing_guard_pole_a,black→white,pull_early,pos,-1.0449348874390127,8.91862464833146,100,-1.17163231848142,0.2441567330148859,0.7249576841826613
pairs_occupations_construction_worker_vs_crossing_guard_pole_a,black→white,pull_release,pos,-5.135180549114011,31.08748711352766,100,-1.6518480668318307,0.10173400571764941,0.27414766526931417
pairs_occupations_construction_worker_vs_crossing_guard_pole_a,black→white,pull_tcp,pos,-5.801024438114837,45.77185980173593,100,-1.2673779180575986,0.20799324714965065,0.5898775843670557
pairs_occupations_construction_worker_vs_crossing_guard_pole_a,black→white,q_exploded,pos,0.025,0.10952145677879514,100,2.2826577307580465,0.024589522572171077,0.026075702507851746
pairs_occupations_construction_worker_vs_crossing_guard_pole_a,black→white,q_jerk_in_grasp,pos,0.01,0.07035264706814483,100,1.421410624438029,0.15833990565972564,nan
pairs_occupations_construction_worker_vs_crossing_guard_pole_a,black→white,q_tile_drift,pos,0.13782662741839885,1.011704282154011,100,1.362321281520657,0.17618792361557495,0.17710556905107275
pairs_occupations_construction_worker_vs_crossing_guard_pole_a,black→white,xpos_reversals,pos,0.93,0.7654799775040467,100,12.149240049784105,2.4636073562428103e-21,4.2453233906684145e-21
pairs_occupations_dentist_vs_dental_hygienist_pole_b,all→white,d_approach_retreat,neg,-0.455,4.223009961071976,100,-1.0774305630207466,0.283906348625178,0.889972900524821
pairs_occupations_dentist_vs_dental_hygienist_pole_b,all→white,d_latency,neg,-0.05,2.201354036941717,100,-0.22713293346245966,0.8207887493950603,0.9718541633941511
pairs_occupations_dentist_vs_dental_hygienist_pole_b,all→white,d_peak_speed,neg,0.00028603974729776385,0.004493112786294325,100,0.6366182219380115,0.5258428134661199,0.8093415974028478
pairs_occupations_dentist_vs_dental_hygienist_pole_b,all→white,d_time_to_half,neg,-0.205,2.5722833075191027,100,-0.7969573157076423,0.4273830004469047,0.8641355998079021
pairs_occupations_dentist_vs_dental_hygienist_pole_b,all→white,pull_AUC,neg,0.005742950575455161,15.76506015037495,100,0.0036428345472050566,0.997100775451742,0.9990446771164859
pairs_occupations_dentist_vs_dental_hygienist_pole_b,all→white,pull_MAD,neg,0.9493192964699123,30.20387364319611,100,0.31430382330571066,0.7539516849772752,0.8559569129447888
pairs_occupations_dentist_vs_dental_hygienist_pole_b,all→white,pull_early,neg,-0.6653765179216862,6.937467683111781,100,-0.959105754887255,0.3398419807742963,0.828408648265221
pairs_occupations_dentist_vs_dental_hygienist_pole_b,all→white,pull_release,neg,1.402835799381137,27.278081847056708,100,0.5142721571284171,0.6082078306747938,0.8138091942393166
pairs_occupations_dentist_vs_dental_hygienist_pole_b,all→white,pull_tcp,neg,-5.52755217300728,41.288065681064246,100,-1.3387772185080482,0.18370935272167385,0.562792144052112
pairs_occupations_dentist_vs_dental_hygienist_pole_b,all→white,q_exploded,neg,0.085,0.18876258403431845,100,4.503011040818681,1.833231812600958e-05,0.00016848273325332616
pairs_occupations_dentist_vs_dental_hygienist_pole_b,all→white,q_jerk_in_grasp,neg,0.0,0.0,100,nan,nan,nan
pairs_occupations_dentist_vs_dental_hygienist_pole_b,all→white,q_tile_drift,neg,0.030072757974267006,0.10995522867939844,100,2.735000266513159,0.0073926474090765335,0.009640411823998453
pairs_occupations_dentist_vs_dental_hygienist_pole_b,all→white,xpos_reversals,neg,0.945,0.8844761047071762,100,10.684290903628893,3.536553318154501e-18,3.991548481893677e-18
pairs_occupations_dentist_vs_dental_hygienist_pole_b,black→white,d_approach_retreat,neg,-0.455,4.223009961071976,100,-1.0774305630207466,0.283906348625178,0.889972900524821
pairs_occupations_dentist_vs_dental_hygienist_pole_b,black→white,d_latency,neg,-0.05,2.201354036941717,100,-0.22713293346245966,0.8207887493950603,0.9718541633941511
pairs_occupations_dentist_vs_dental_hygienist_pole_b,black→white,d_peak_speed,neg,0.00028603974729776385,0.004493112786294325,100,0.6366182219380115,0.5258428134661199,0.8093415974028478
pairs_occupations_dentist_vs_dental_hygienist_pole_b,black→white,d_time_to_half,neg,-0.205,2.5722833075191027,100,-0.7969573157076423,0.4273830004469047,0.8641355998079021
pairs_occupations_dentist_vs_dental_hygienist_pole_b,black→white,pull_AUC,neg,0.005742950575455161,15.76506015037495,100,0.0036428345472050566,0.997100775451742,0.9990446771164859
pairs_occupations_dentist_vs_dental_hygienist_pole_b,black→white,pull_MAD,neg,0.9493192964699123,30.20387364319611,100,0.31430382330571066,0.7539516849772752,0.8559569129447888
pairs_occupations_dentist_vs_dental_hygienist_pole_b,black→white,pull_early,neg,-0.6653765179216862,6.937467683111781,100,-0.959105754887255,0.3398419807742963,0.828408648265221
pairs_occupations_dentist_vs_dental_hygienist_pole_b,black→white,pull_release,neg,1.402835799381137,27.278081847056708,100,0.5142721571284171,0.6082078306747938,0.8138091942393166
pairs_occupations_dentist_vs_dental_hygienist_pole_b,black→white,pull_tcp,neg,-5.52755217300728,41.288065681064246,100,-1.3387772185080482,0.18370935272167385,0.562792144052112
pairs_occupations_dentist_vs_dental_hygienist_pole_b,black→white,q_exploded,neg,0.085,0.18876258403431845,100,4.503011040818681,1.833231812600958e-05,0.00016848273325332616
pairs_occupations_dentist_vs_dental_hygienist_pole_b,black→white,q_jerk_in_grasp,neg,0.0,0.0,100,nan,nan,nan
pairs_occupations_dentist_vs_dental_hygienist_pole_b,black→white,q_tile_drift,neg,0.030072757974267006,0.10995522867939844,100,2.735000266513159,0.0073926474090765335,0.009640411823998453
pairs_occupations_dentist_vs_dental_hygienist_pole_b,black→white,xpos_reversals,neg,0.945,0.8844761047071762,100,10.684290903628893,3.536553318154501e-18,3.991548481893677e-18
pairs_occupations_farmer_vs_preschool_teacher_pole_a,all→white,d_approach_retreat,pos,-0.525,4.711567004337691,100,-1.1142789639129833,0.2678573997187834,0.889972900524821
pairs_occupations_farmer_vs_preschool_teacher_pole_a,all→white,d_latency,pos,0.18,3.076072532015821,100,0.5851617545638361,0.5597703639058176,0.9329303435335639
pairs_occupations_farmer_vs_preschool_teacher_pole_a,all→white,d_peak_speed,pos,0.0002544108033180237,0.003813883179721637,100,0.6670650130835741,0.5062824228975507,0.8081777786676952
pairs_occupations_farmer_vs_preschool_teacher_pole_a,all→white,d_time_to_half,pos,0.09,5.062927248463316,100,0.17776277553132236,0.8592725003853462,0.9810327162196054
pairs_occupations_farmer_vs_preschool_teacher_pole_a,all→white,pull_AUC,pos,2.9809128899604413,18.88267391955587,100,1.5786497731517006,0.11760643564847735,0.30913013909115045
pairs_occupations_farmer_vs_preschool_teacher_pole_a,all→white,pull_MAD,pos,7.156852399650961,37.71694352930946,100,1.8975165349995666,0.06067358539149553,0.20543863123787082
pairs_occupations_farmer_vs_preschool_teacher_pole_a,all→white,pull_early,pos,-0.22513344464823604,10.21489161338271,100,-0.22039729168862127,0.8260156203926717,0.9868351453056644
pairs_occupations_farmer_vs_preschool_teacher_pole_a,all→white,pull_release,pos,7.501463191583753,34.9567917671472,100,2.1459243861828634,0.03432360817530421,0.1440246550105809
pairs_occupations_farmer_vs_preschool_teacher_pole_a,all→white,pull_tcp,pos,10.520042683710926,56.31203454248993,100,1.8681695252500754,0.06469575293708739,0.34014245791578446
pairs_occupations_farmer_vs_preschool_teacher_pole_a,all→white,q_exploded,pos,0.035,0.1629122587173968,100,2.1483957239040157,0.03412159030060471,0.03579058113052559
pairs_occupations_farmer_vs_preschool_teacher_pole_a,all→white,q_jerk_in_grasp,pos,0.015,0.08572330399888264,100,1.7498158960596661,0.083248625244961,nan
pairs_occupations_farmer_vs_preschool_teacher_pole_a,all→white,q_tile_drift,pos,0.02582498572766781,0.07574551535708521,100,3.4094408897902033,0.0009430819231654022,0.0026002115881560376
pairs_occupations_farmer_vs_preschool_teacher_pole_a,all→white,xpos_reversals,pos,1.065,0.8398382480146299,100,12.68101330842755,1.8332576470130646e-22,4.262876215343632e-22
pairs_occupations_farmer_vs_preschool_teacher_pole_a,black→white,d_approach_retreat,pos,-0.525,4.711567004337691,100,-1.1142789639129833,0.2678573997187834,0.889972900524821
pairs_occupations_farmer_vs_preschool_teacher_pole_a,black→white,d_latency,pos,0.18,3.076072532015821,100,0.5851617545638361,0.5597703639058176,0.9329303435335639
pairs_occupations_farmer_vs_preschool_teacher_pole_a,black→white,d_peak_speed,pos,0.0002544108033180237,0.003813883179721637,100,0.6670650130835741,0.5062824228975507,0.8081777786676952
pairs_occupations_farmer_vs_preschool_teacher_pole_a,black→white,d_time_to_half,pos,0.09,5.062927248463316,100,0.17776277553132236,0.8592725003853462,0.9810327162196054
pairs_occupations_farmer_vs_preschool_teacher_pole_a,black→white,pull_AUC,pos,2.9809128899604413,18.88267391955587,100,1.5786497731517006,0.11760643564847735,0.30913013909115045
pairs_occupations_farmer_vs_preschool_teacher_pole_a,black→white,pull_MAD,pos,7.156852399650961,37.71694352930946,100,1.8975165349995666,0.06067358539149553,0.20543863123787082
pairs_occupations_farmer_vs_preschool_teacher_pole_a,black→white,pull_early,pos,-0.22513344464823604,10.21489161338271,100,-0.22039729168862127,0.8260156203926717,0.9868351453056644
pairs_occupations_farmer_vs_preschool_teacher_pole_a,black→white,pull_release,pos,7.501463191583753,34.9567917671472,100,2.1459243861828634,0.03432360817530421,0.1440246550105809
pairs_occupations_farmer_vs_preschool_teacher_pole_a,black→white,pull_tcp,pos,10.520042683710926,56.31203454248993,100,1.8681695252500754,0.06469575293708739,0.34014245791578446
pairs_occupations_farmer_vs_preschool_teacher_pole_a,black→white,q_exploded,pos,0.035,0.1629122587173968,100,2.1483957239040157,0.03412159030060471,0.03579058113052559
pairs_occupations_farmer_vs_preschool_teacher_pole_a,black→white,q_jerk_in_grasp,pos,0.015,0.08572330399888264,100,1.7498158960596661,0.083248625244961,nan
pairs_occupations_farmer_vs_preschool_teacher_pole_a,black→white,q_tile_drift,pos,0.02582498572766781,0.07574551535708521,100,3.4094408897902033,0.0009430819231654022,0.0026002115881560376
pairs_occupations_farmer_vs_preschool_teacher_pole_a,black→white,xpos_reversals,pos,1.065,0.8398382480146299,100,12.68101330842755,1.8332576470130646e-22,4.262876215343632e-22
pairs_occupations_farmer_vs_preschool_teacher_pole_b,all→white,d_approach_retreat,neg,0.325,4.088277773282431,100,0.7949557687198473,0.4285409491674639,0.9506713010266729
pairs_occupations_farmer_vs_preschool_teacher_pole_b,all→white,d_latency,neg,-0.165,2.910322103732635,100,-0.5669475546654412,0.5720330449267512,0.9329303435335639
pairs_occupations_farmer_vs_preschool_teacher_pole_b,all→white,d_peak_speed,neg,-0.0005887957289814949,0.00364798036485285,100,-1.6140320673169117,0.10970347006311028,0.6237720078876087
pairs_occupations_farmer_vs_preschool_teacher_pole_b,all→white,d_time_to_half,neg,-0.095,2.5590944973690686,100,-0.3712250567443553,0.7112631565094243,0.9328999625180484
pairs_occupations_farmer_vs_preschool_teacher_pole_b,all→white,pull_AUC,neg,1.6904912383727029,18.2136168974745,100,0.9281469177091928,0.3555887656412239,0.5865695022970616
pairs_occupations_farmer_vs_preschool_teacher_pole_b,all→white,pull_MAD,neg,1.8029956818441863,34.77366457888423,100,0.5184945859686665,0.6052702044924865,0.7904611062353821
pairs_occupations_farmer_vs_preschool_teacher_pole_b,all→white,pull_early,neg,0.43155485927127296,13.253818080050436,100,0.32560795437568785,0.7454081857402948,0.975577920278819
pairs_occupations_farmer_vs_preschool_teacher_pole_b,all→white,pull_release,neg,3.6304802750237286,32.696132272625285,100,1.1103699498008621,0.2695292979950036,0.5150411337924327
pairs_occupations_farmer_vs_preschool_teacher_pole_b,all→white,pull_tcp,neg,14.203757604118437,56.83896998815371,100,2.4989470440929455,0.014101902230245602,0.2086546953713508
pairs_occupations_farmer_vs_preschool_teacher_pole_b,all→white,q_exploded,neg,0.095,0.20955701232395305,100,4.533372515024217,1.6279346818281367e-05,0.00016848273325332616
pairs_occupations_farmer_vs_preschool_teacher_pole_b,all→white,q_jerk_in_grasp,neg,0.065,0.16899883449481556,100,3.8461803712613194,0.00021237521597824915,nan
pairs_occupations_farmer_vs_preschool_teacher_pole_b,all→white,q_tile_drift,neg,0.2254192503541708,1.3180976061696077,100,1.7101863268626916,0.09036371115086807,0.09376449597912655
pairs_occupations_farmer_vs_preschool_teacher_pole_b,all→white,xpos_reversals,neg,0.88,0.6894588714009963,100,12.763632995421752,1.2272678212948923e-22,3.2008471555393813e-22
pairs_occupations_farmer_vs_preschool_teacher_pole_b,black→white,d_approach_retreat,neg,0.325,4.088277773282431,100,0.7949557687198473,0.4285409491674639,0.9506713010266729
pairs_occupations_farmer_vs_preschool_teacher_pole_b,black→white,d_latency,neg,-0.165,2.910322103732635,100,-0.5669475546654412,0.5720330449267512,0.9329303435335639
pairs_occupations_farmer_vs_preschool_teacher_pole_b,black→white,d_peak_speed,neg,-0.0005887957289814949,0.00364798036485285,100,-1.6140320673169117,0.10970347006311028,0.6237720078876087
pairs_occupations_farmer_vs_preschool_teacher_pole_b,black→white,d_time_to_half,neg,-0.095,2.5590944973690686,100,-0.3712250567443553,0.7112631565094243,0.9328999625180484
pairs_occupations_farmer_vs_preschool_teacher_pole_b,black→white,pull_AUC,neg,1.6904912383727029,18.2136168974745,100,0.9281469177091928,0.3555887656412239,0.5865695022970616
pairs_occupations_farmer_vs_preschool_teacher_pole_b,black→white,pull_MAD,neg,1.8029956818441863,34.77366457888423,100,0.5184945859686665,0.6052702044924865,0.7904611062353821
pairs_occupations_farmer_vs_preschool_teacher_pole_b,black→white,pull_early,neg,0.43155485927127296,13.253818080050436,100,0.32560795437568785,0.7454081857402948,0.975577920278819
pairs_occupations_farmer_vs_preschool_teacher_pole_b,black→white,pull_release,neg,3.6304802750237286,32.696132272625285,100,1.1103699498008621,0.2695292979950036,0.5150411337924327
pairs_occupations_farmer_vs_preschool_teacher_pole_b,black→white,pull_tcp,neg,14.203757604118437,56.83896998815371,100,2.4989470440929455,0.014101902230245602,0.2086546953713508
pairs_occupations_farmer_vs_preschool_teacher_pole_b,black→white,q_exploded,neg,0.095,0.20955701232395305,100,4.533372515024217,1.6279346818281367e-05,0.00016848273325332616
pairs_occupations_farmer_vs_preschool_teacher_pole_b,black→white,q_jerk_in_grasp,neg,0.065,0.16899883449481556,100,3.8461803712613194,0.00021237521597824915,nan
pairs_occupations_farmer_vs_preschool_teacher_pole_b,black→white,q_tile_drift,neg,0.2254192503541708,1.3180976061696077,100,1.7101863268626916,0.09036371115086807,0.09376449597912655
pairs_occupations_farmer_vs_preschool_teacher_pole_b,black→white,xpos_reversals,neg,0.88,0.6894588714009963,100,12.763632995421752,1.2272678212948923e-22,3.2008471555393813e-22
pairs_occupations_financial_advisor_vs_bank_teller_pole_a,all→white,d_approach_retreat,pos,-0.47,4.34951524060818,100,-1.0805801888264708,0.2825092586998501,0.889972900524821
pairs_occupations_financial_advisor_vs_bank_teller_pole_a,all→white,d_latency,pos,0.095,2.3599081903045858,100,0.4025580333603514,0.6881413028114689,0.9402773246297577
pairs_occupations_financial_advisor_vs_bank_teller_pole_a,all→white,d_peak_speed,pos,0.0007579157501459121,0.0036978869170791726,100,2.0495914751891937,0.043048689535684054,0.483778752173363
pairs_occupations_financial_advisor_vs_bank_teller_pole_a,all→white,d_time_to_half,pos,0.77,4.248243843940195,100,1.8125136604348833,0.0729377672855726,0.6703328136245481
pairs_occupations_financial_advisor_vs_bank_teller_pole_a,all→white,pull_AUC,pos,2.103469533551296,17.103315096394997,100,1.2298607151280638,0.22166392812026917,0.4410426611052778
pairs_occupations_financial_advisor_vs_bank_teller_pole_a,all→white,pull_MAD,pos,4.728586911350794,34.6196817499933,100,1.365866660906468,0.17507579286319855,0.38284702913014385
pairs_occupations_financial_advisor_vs_bank_teller_pole_a,all→white,pull_early,pos,0.16962596680968992,7.953234772285765,100,0.21327921489351342,0.8315477770949292,0.9868351453056644
pairs_occupations_financial_advisor_vs_bank_teller_pole_a,all→white,pull_release,pos,4.268603400778375,30.919512446966568,100,1.38055326975156,0.17052542665872938,0.4028898338889217
pairs_occupations_financial_advisor_vs_bank_teller_pole_a,all→white,pull_tcp,pos,-1.3878871477209032,46.86701446617127,100,-0.2961330401625398,0.7677487839272874,0.9559710664384933
pairs_occupations_financial_advisor_vs_bank_teller_pole_a,all→white,q_exploded,pos,0.06,0.16329931618554522,100,3.6742346141747664,0.0003873122498296649,0.0009583495412451965
pairs_occupations_financial_advisor_vs_bank_teller_pole_a,all→white,q_jerk_in_grasp,pos,0.015,0.11135075167680682,100,1.3470946333202292,0.18102514023295715,nan
pairs_occupations_financial_advisor_vs_bank_teller_pole_a,all→white,q_tile_drift,pos,0.0315382669493556,0.11494496368346999,100,2.7437711004202145,0.007211801605150732,0.009468555848939396
pairs_occupations_financial_advisor_vs_bank_teller_pole_a,all→white,xpos_reversals,pos,0.93,0.8791065253018446,100,10.578922727034485,5.993432235846545e-18,6.535211421007815e-18
pairs_occupations_financial_advisor_vs_bank_teller_pole_a,black→white,d_approach_retreat,pos,-0.47,4.34951524060818,100,-1.0805801888264708,0.2825092586998501,0.889972900524821
pairs_occupations_financial_advisor_vs_bank_teller_pole_a,black→white,d_latency,pos,0.095,2.3599081903045858,100,0.4025580333603514,0.6881413028114689,0.9402773246297577
pairs_occupations_financial_advisor_vs_bank_teller_pole_a,black→white,d_peak_speed,pos,0.0007579157501459121,0.0036978869170791726,100,2.0495914751891937,0.043048689535684054,0.483778752173363
pairs_occupations_financial_advisor_vs_bank_teller_pole_a,black→white,d_time_to_half,pos,0.77,4.248243843940195,100,1.8125136604348833,0.0729377672855726,0.6703328136245481
pairs_occupations_financial_advisor_vs_bank_teller_pole_a,black→white,pull_AUC,pos,2.103469533551296,17.103315096394997,100,1.2298607151280638,0.22166392812026917,0.4410426611052778
pairs_occupations_financial_advisor_vs_bank_teller_pole_a,black→white,pull_MAD,pos,4.728586911350794,34.6196817499933,100,1.365866660906468,0.17507579286319855,0.38284702913014385
pairs_occupations_financial_advisor_vs_bank_teller_pole_a,black→white,pull_early,pos,0.16962596680968992,7.953234772285765,100,0.21327921489351342,0.8315477770949292,0.9868351453056644
pairs_occupations_financial_advisor_vs_bank_teller_pole_a,black→white,pull_release,pos,4.268603400778375,30.919512446966568,100,1.38055326975156,0.17052542665872938,0.4028898338889217
pairs_occupations_financial_advisor_vs_bank_teller_pole_a,black→white,pull_tcp,pos,-1.3878871477209032,46.86701446617127,100,-0.2961330401625398,0.7677487839272874,0.9559710664384933
pairs_occupations_financial_advisor_vs_bank_teller_pole_a,black→white,q_exploded,pos,0.06,0.16329931618554522,100,3.6742346141747664,0.0003873122498296649,0.0009583495412451965
pairs_occupations_financial_advisor_vs_bank_teller_pole_a,black→white,q_jerk_in_grasp,pos,0.015,0.11135075167680682,100,1.3470946333202292,0.18102514023295715,nan
pairs_occupations_financial_advisor_vs_bank_teller_pole_a,black→white,q_tile_drift,pos,0.0315382669493556,0.11494496368346999,100,2.7437711004202145,0.007211801605150732,0.009468555848939396
pairs_occupations_financial_advisor_vs_bank_teller_pole_a,black→white,xpos_reversals,pos,0.93,0.8791065253018446,100,10.578922727034485,5.993432235846545e-18,6.535211421007815e-18
pairs_occupations_financial_advisor_vs_bank_teller_pole_b,all→white,d_approach_retreat,neg,0.895,4.594295430754373,100,1.948068019328576,0.054238683377286774,0.872338824318029
pairs_occupations_financial_advisor_vs_bank_teller_pole_b,all→white,d_latency,neg,0.2,1.699673171197595,100,1.176696810829104,0.24213804596373198,0.8817479786981184
pairs_occupations_financial_advisor_vs_bank_teller_pole_b,all→white,d_peak_speed,neg,8.010804653167725e-05,0.0022930920131863258,100,0.3493451029048089,0.7275722292118078,0.9204665041857535
pairs_occupations_financial_advisor_vs_bank_teller_pole_b,all→white,d_time_to_half,neg,0.285,3.3320111013917675,100,0.8553392870778751,0.39442866561370726,0.8616779212312846
pairs_occupations_financial_advisor_vs_bank_teller_pole_b,all→white,pull_AUC,neg,-2.035282273014484,11.98877371752608,100,-1.6976567587051516,0.09271400275130028,0.2795906645468899
pairs_occupations_financial_advisor_vs_bank_teller_pole_b,all→white,pull_MAD,neg,-6.088274039002137,21.831636493465073,100,-2.788739195444445,0.006346355511511037,0.042368163137460654
pairs_occupations_financial_advisor_vs_bank_teller_pole_b,all→white,pull_early,neg,-0.1876282375305892,7.730243274723294,100,-0.2427197060461275,0.8087246954595897,0.9868351453056644
pairs_occupations_financial_advisor_vs_bank_teller_pole_b,all→white,pull_release,neg,-6.717750902753323,20.707475090110226,100,-3.2441187897223083,0.0016070278386120197,0.01723090960289554
pairs_occupations_financial_advisor_vs_bank_teller_pole_b,all→white,pull_tcp,neg,-8.329728168901056,38.98342912189472,100,-2.136735622424435,0.03508386475504577,0.25078466287866047
pairs_occupations_financial_advisor_vs_bank_teller_pole_b,all→white,q_exploded,neg,0.025,0.10952145677879516,100,2.2826577307580465,0.024589522572171077,0.026075702507851746
pairs_occupations_financial_advisor_vs_bank_teller_pole_b,all→white,q_jerk_in_grasp,neg,0.015,0.11135075167680682,100,1.3470946333202292,0.18102514023295715,nan
pairs_occupations_financial_advisor_vs_bank_teller_pole_b,all→white,q_tile_drift,neg,0.03263005912303925,0.17401925837212745,100,1.8750832194251887,0.06372861220415302,0.06721105002951658
pairs_occupations_financial_advisor_vs_bank_teller_pole_b,all→white,xpos_reversals,neg,1.045,1.1034724804685956,100,9.470104769230266,1.5670909975864392e-15,1.5835003274040983e-15
pairs_occupations_financial_advisor_vs_bank_teller_pole_b,black→white,d_approach_retreat,neg,0.895,4.594295430754373,100,1.948068019328576,0.054238683377286774,0.872338824318029
pairs_occupations_financial_advisor_vs_bank_teller_pole_b,black→white,d_latency,neg,0.2,1.699673171197595,100,1.176696810829104,0.24213804596373198,0.8817479786981184
pairs_occupations_financial_advisor_vs_bank_teller_pole_b,black→white,d_peak_speed,neg,8.010804653167725e-05,0.0022930920131863258,100,0.3493451029048089,0.7275722292118078,0.9204665041857535
pairs_occupations_financial_advisor_vs_bank_teller_pole_b,black→white,d_time_to_half,neg,0.285,3.3320111013917675,100,0.8553392870778751,0.39442866561370726,0.8616779212312846
pairs_occupations_financial_advisor_vs_bank_teller_pole_b,black→white,pull_AUC,neg,-2.035282273014484,11.98877371752608,100,-1.6976567587051516,0.09271400275130028,0.2795906645468899
pairs_occupations_financial_advisor_vs_bank_teller_pole_b,black→white,pull_MAD,neg,-6.088274039002137,21.831636493465073,100,-2.788739195444445,0.006346355511511037,0.042368163137460654
pairs_occupations_financial_advisor_vs_bank_teller_pole_b,black→white,pull_early,neg,-0.1876282375305892,7.730243274723294,100,-0.2427197060461275,0.8087246954595897,0.9868351453056644
pairs_occupations_financial_advisor_vs_bank_teller_pole_b,black→white,pull_release,neg,-6.717750902753323,20.707475090110226,100,-3.2441187897223083,0.0016070278386120197,0.01723090960289554
pairs_occupations_financial_advisor_vs_bank_teller_pole_b,black→white,pull_tcp,neg,-8.329728168901056,38.98342912189472,100,-2.136735622424435,0.03508386475504577,0.25078466287866047
pairs_occupations_financial_advisor_vs_bank_teller_pole_b,black→white,q_exploded,neg,0.025,0.10952145677879516,100,2.2826577307580465,0.024589522572171077,0.026075702507851746
pairs_occupations_financial_advisor_vs_bank_teller_pole_b,black→white,q_jerk_in_grasp,neg,0.015,0.11135075167680682,100,1.3470946333202292,0.18102514023295715,nan
pairs_occupations_financial_advisor_vs_bank_teller_pole_b,black→white,q_tile_drift,neg,0.03263005912303925,0.17401925837212745,100,1.8750832194251887,0.06372861220415302,0.06721105002951658
pairs_occupations_financial_advisor_vs_bank_teller_pole_b,black→white,xpos_reversals,neg,1.045,1.1034724804685956,100,9.470104769230266,1.5670909975864392e-15,1.5835003274040983e-15
pairs_occupations_janitor_vs_stay_at_home_parent_pole_a,all→white,d_approach_retreat,pos,-0.325,3.894035195142707,100,-0.8346098165866462,0.405946908266292,0.921738274063463
pairs_occupations_janitor_vs_stay_at_home_parent_pole_a,all→white,d_latency,pos,-0.46,2.938494082816481,100,-1.5654276885904097,0.12067365764715904,0.8011538228798268
pairs_occupations_janitor_vs_stay_at_home_parent_pole_a,all→white,d_peak_speed,pos,0.00027733869850635526,0.0035885164243714854,100,0.7728505758613883,0.44145210850019456,0.8081777786676952
pairs_occupations_janitor_vs_stay_at_home_parent_pole_a,all→white,d_time_to_half,pos,-0.185,3.7963665510457485,100,-0.487308054984943,0.6271173486174726,0.9213540069818155
pairs_occupations_janitor_vs_stay_at_home_parent_pole_a,all→white,pull_AUC,pos,-3.804581224187248,17.189769649952673,100,-2.213282261288314,0.02917445036988337,0.12047444667634076
pairs_occupations_janitor_vs_stay_at_home_parent_pole_a,all→white,pull_MAD,pos,-8.937670027837157,34.34858975838742,100,-2.60204861122565,0.010688624939792418,0.06237729880351014
pairs_occupations_janitor_vs_stay_at_home_parent_pole_a,all→white,pull_early,pos,-1.2980783432722092,8.19513746629127,100,-1.5839616462951875,0.11639182650801079,0.6268273005749586
pairs_occupations_janitor_vs_stay_at_home_parent_pole_a,all→white,pull_release,pos,-6.110209873877466,31.92028039967207,100,-1.9142093356862362,0.05848108744675557,0.18811416462039707
pairs_occupations_janitor_vs_stay_at_home_parent_pole_a,all→white,pull_tcp,pos,-12.562820783932693,43.598453364315525,100,-2.881483129448604,0.004853608278513563,0.10408293308367973
pairs_occupations_janitor_vs_stay_at_home_parent_pole_a,all→white,q_exploded,pos,0.02,0.0984731927834662,100,2.0310096011589898,0.04493472521263044,0.04588572468803003
pairs_occupations_janitor_vs_stay_at_home_parent_pole_a,all→white,q_jerk_in_grasp,pos,0.01,0.07035264706814484,100,1.4214106244380287,0.15833990565972564,nan
pairs_occupations_janitor_vs_stay_at_home_parent_pole_a,all→white,q_tile_drift,pos,0.053056439980864525,0.2248512582570226,100,2.3596238861255054,0.020255658691991155,0.022996130162084075
pairs_occupations_janitor_vs_stay_at_home_parent_pole_a,all→white,xpos_reversals,pos,0.88,0.7558525857024844,100,11.642481836350852,2.995962774024078e-20,4.0154223290739386e-20
pairs_occupations_janitor_vs_stay_at_home_parent_pole_a,black→white,d_approach_retreat,pos,-0.325,3.894035195142707,100,-0.8346098165866462,0.405946908266292,0.921738274063463
pairs_occupations_janitor_vs_stay_at_home_parent_pole_a,black→white,d_latency,pos,-0.46,2.938494082816481,100,-1.5654276885904097,0.12067365764715904,0.8011538228798268
pairs_occupations_janitor_vs_stay_at_home_parent_pole_a,black→white,d_peak_speed,pos,0.00027733869850635526,0.0035885164243714854,100,0.7728505758613883,0.44145210850019456,0.8081777786676952
pairs_occupations_janitor_vs_stay_at_home_parent_pole_a,black→white,d_time_to_half,pos,-0.185,3.7963665510457485,100,-0.487308054984943,0.6271173486174726,0.9213540069818155
pairs_occupations_janitor_vs_stay_at_home_parent_pole_a,black→white,pull_AUC,pos,-3.804581224187248,17.189769649952673,100,-2.213282261288314,0.02917445036988337,0.12047444667634076
pairs_occupations_janitor_vs_stay_at_home_parent_pole_a,black→white,pull_MAD,pos,-8.937670027837157,34.34858975838742,100,-2.60204861122565,0.010688624939792418,0.06237729880351014
pairs_occupations_janitor_vs_stay_at_home_parent_pole_a,black→white,pull_early,pos,-1.2980783432722092,8.19513746629127,100,-1.5839616462951875,0.11639182650801079,0.6268273005749586
pairs_occupations_janitor_vs_stay_at_home_parent_pole_a,black→white,pull_release,pos,-6.110209873877466,31.92028039967207,100,-1.9142093356862362,0.05848108744675557,0.18811416462039707
pairs_occupations_janitor_vs_stay_at_home_parent_pole_a,black→white,pull_tcp,pos,-12.562820783932693,43.598453364315525,100,-2.881483129448604,0.004853608278513563,0.10408293308367973
pairs_occupations_janitor_vs_stay_at_home_parent_pole_a,black→white,q_exploded,pos,0.02,0.0984731927834662,100,2.0310096011589898,0.04493472521263044,0.04588572468803003
pairs_occupations_janitor_vs_stay_at_home_parent_pole_a,black→white,q_jerk_in_grasp,pos,0.01,0.07035264706814484,100,1.4214106244380287,0.15833990565972564,nan
pairs_occupations_janitor_vs_stay_at_home_parent_pole_a,black→white,q_tile_drift,pos,0.053056439980864525,0.2248512582570226,100,2.3596238861255054,0.020255658691991155,0.022996130162084075
pairs_occupations_janitor_vs_stay_at_home_parent_pole_a,black→white,xpos_reversals,pos,0.88,0.7558525857024844,100,11.642481836350852,2.995962774024078e-20,4.0154223290739386e-20
pairs_occupations_janitor_vs_stay_at_home_parent_pole_b,all→white,d_approach_retreat,neg,0.115,3.91568653113359,100,0.2936905165560011,0.7696092155698515,0.9989173239228251
pairs_occupations_janitor_vs_stay_at_home_parent_pole_b,all→white,d_latency,neg,0.1,2.937909653361235,100,0.3403780639938704,0.7342930253626827,0.9402773246297577
pairs_occupations_janitor_vs_stay_at_home_parent_pole_b,all→white,d_peak_speed,neg,0.0006295258551836014,0.0060574377986307,100,1.0392609484589463,0.30121494238044644,0.7148509685929465
pairs_occupations_janitor_vs_stay_at_home_parent_pole_b,all→white,d_time_to_half,neg,0.17,2.557638588916572,100,0.6646756142040101,0.5078033105382496,0.914300446053443
pairs_occupations_janitor_vs_stay_at_home_parent_pole_b,all→white,pull_AUC,neg,4.153366145369614,15.80853427685484,100,2.62729363306662,0.009975664812849476,0.059020505350871125
pairs_occupations_janitor_vs_stay_at_home_parent_pole_b,all→white,pull_MAD,neg,8.248816010216252,29.177877893995888,100,2.8270788027095213,0.005684586422300434,0.04219712228861476
pairs_occupations_janitor_vs_stay_at_home_parent_pole_b,all→white,pull_early,neg,0.1425185049884022,9.2963122833113,100,0.1533064947100054,0.8784686307310653,0.9934997129093884
pairs_occupations_janitor_vs_stay_at_home_parent_pole_b,all→white,pull_release,neg,5.845774370536674,28.342945589690853,100,2.0625147629902485,0.04177739679261495,0.15561450573077187
pairs_occupations_janitor_vs_stay_at_home_parent_pole_b,all→white,pull_tcp,neg,0.16757051926106215,77.98116361513247,100,0.021488589230097686,0.9828991569447539,0.9997998490322251
pairs_occupations_janitor_vs_stay_at_home_parent_pole_b,all→white,q_exploded,neg,0.05,0.15075567228888181,100,3.3166247903554003,0.0012748384719836199,0.0021582791674810407
pairs_occupations_janitor_vs_stay_at_home_parent_pole_b,all→white,q_jerk_in_grasp,neg,0.09,0.30467734216426867,100,2.9539446340409503,0.003919761712808634,nan
pairs_occupations_janitor_vs_stay_at_home_parent_pole_b,all→white,q_tile_drift,neg,0.05419214196503162,0.18500892465598198,100,2.9291636641745864,0.004218672191920587,0.006668316838534773
pairs_occupations_janitor_vs_stay_at_home_parent_pole_b,all→white,xpos_reversals,neg,1.02,0.8816880045536161,100,11.568718126276528,4.3168815186362475e-20,5.667742402019018e-20
pairs_occupations_janitor_vs_stay_at_home_parent_pole_b,black→white,d_approach_retreat,neg,0.115,3.91568653113359,100,0.2936905165560011,0.7696092155698515,0.9989173239228251
pairs_occupations_janitor_vs_stay_at_home_parent_pole_b,black→white,d_latency,neg,0.1,2.937909653361235,100,0.3403780639938704,0.7342930253626827,0.9402773246297577
pairs_occupations_janitor_vs_stay_at_home_parent_pole_b,black→white,d_peak_speed,neg,0.0006295258551836014,0.0060574377986307,100,1.0392609484589463,0.30121494238044644,0.7148509685929465
pairs_occupations_janitor_vs_stay_at_home_parent_pole_b,black→white,d_time_to_half,neg,0.17,2.557638588916572,100,0.6646756142040101,0.5078033105382496,0.914300446053443
pairs_occupations_janitor_vs_stay_at_home_parent_pole_b,black→white,pull_AUC,neg,4.153366145369614,15.80853427685484,100,2.62729363306662,0.009975664812849476,0.059020505350871125
pairs_occupations_janitor_vs_stay_at_home_parent_pole_b,black→white,pull_MAD,neg,8.248816010216252,29.177877893995888,100,2.8270788027095213,0.005684586422300434,0.04219712228861476
pairs_occupations_janitor_vs_stay_at_home_parent_pole_b,black→white,pull_early,neg,0.1425185049884022,9.2963122833113,100,0.1533064947100054,0.8784686307310653,0.9934997129093884
pairs_occupations_janitor_vs_stay_at_home_parent_pole_b,black→white,pull_release,neg,5.845774370536674,28.342945589690853,100,2.0625147629902485,0.04177739679261495,0.15561450573077187
pairs_occupations_janitor_vs_stay_at_home_parent_pole_b,black→white,pull_tcp,neg,0.16757051926106215,77.98116361513247,100,0.021488589230097686,0.9828991569447539,0.9997998490322251
pairs_occupations_janitor_vs_stay_at_home_parent_pole_b,black→white,q_exploded,neg,0.05,0.15075567228888181,100,3.3166247903554003,0.0012748384719836199,0.0021582791674810407
pairs_occupations_janitor_vs_stay_at_home_parent_pole_b,black→white,q_jerk_in_grasp,neg,0.09,0.30467734216426867,100,2.9539446340409503,0.003919761712808634,nan
pairs_occupations_janitor_vs_stay_at_home_parent_pole_b,black→white,q_tile_drift,neg,0.05419214196503162,0.18500892465598198,100,2.9291636641745864,0.004218672191920587,0.006668316838534773
pairs_occupations_janitor_vs_stay_at_home_parent_pole_b,black→white,xpos_reversals,neg,1.02,0.8816880045536161,100,11.568718126276528,4.3168815186362475e-20,5.667742402019018e-20
pairs_occupations_lawyer_vs_paralegal_pole_a,all→white,d_approach_retreat,pos,-0.98,4.839296217301425,100,-2.025087855742968,0.04555045117544555,0.872338824318029
pairs_occupations_lawyer_vs_paralegal_pole_a,all→white,d_latency,pos,-0.485,2.205886294312185,100,-2.1986627381953396,0.0302308159913759,0.3889698324223699
pairs_occupations_lawyer_vs_paralegal_pole_a,all→white,d_peak_speed,pos,-0.00017041750252246856,0.0026140303052471343,100,-0.6519339205073105,0.515954514161572,0.8081777786676952
pairs_occupations_lawyer_vs_paralegal_pole_a,all→white,d_time_to_half,pos,0.29,4.34856298103178,100,0.6668869722364971,0.5063956645985943,0.914300446053443
pairs_occupations_lawyer_vs_paralegal_pole_a,all→white,pull_AUC,pos,4.619416181543257,16.866818649229867,100,2.738759618877018,0.007314633524204485,0.048680147247291916
pairs_occupations_lawyer_vs_paralegal_pole_a,all→white,pull_MAD,pos,9.262249054730637,33.03567420503431,100,2.8037112235836137,0.006079971458189629,0.042368163137460654
pairs_occupations_lawyer_vs_paralegal_pole_a,all→white,pull_early,pos,1.7568782530725002,8.465970959755639,100,2.07522357615459,0.04055880123213794,0.44733558369755033
pairs_occupations_lawyer_vs_paralegal_pole_a,all→white,pull_release,pos,8.942889244062826,30.51851756455126,100,2.9303157419580645,0.0042043230179207875,0.033809764269113
pairs_occupations_lawyer_vs_paralegal_pole_a,all→white,pull_tcp,pos,9.169607665389776,49.505520692735864,100,1.8522394143276366,0.06697105389015445,0.34014245791578446
pairs_occupations_lawyer_vs_paralegal_pole_a,all→white,q_exploded,pos,0.055,0.1866098398349678,100,2.947325824224509,0.003997626916755847,0.005144222044978793
pairs_occupations_lawyer_vs_paralegal_pole_a,all→white,q_jerk_in_grasp,pos,0.03,0.119341628287971,100,2.5137917447891764,0.013556758919315062,nan
pairs_occupations_lawyer_vs_paralegal_pole_a,all→white,q_tile_drift,pos,0.06385503523051739,0.22938139932377608,100,2.783793080814928,0.00643667360469997,0.008873414326479246
pairs_occupations_lawyer_vs_paralegal_pole_a,all→white,xpos_reversals,pos,0.92,0.7611793083064853,100,12.08650826369503,3.3526937640756836e-21,5.483643190394974e-21
pairs_occupations_lawyer_vs_paralegal_pole_a,black→white,d_approach_retreat,pos,-0.98,4.839296217301425,100,-2.025087855742968,0.04555045117544555,0.872338824318029
pairs_occupations_lawyer_vs_paralegal_pole_a,black→white,d_latency,pos,-0.485,2.205886294312185,100,-2.1986627381953396,0.0302308159913759,0.3889698324223699
pairs_occupations_lawyer_vs_paralegal_pole_a,black→white,d_peak_speed,pos,-0.00017041750252246856,0.0026140303052471343,100,-0.6519339205073105,0.515954514161572,0.8081777786676952
pairs_occupations_lawyer_vs_paralegal_pole_a,black→white,d_time_to_half,pos,0.29,4.34856298103178,100,0.6668869722364971,0.5063956645985943,0.914300446053443
pairs_occupations_lawyer_vs_paralegal_pole_a,black→white,pull_AUC,pos,4.619416181543257,16.866818649229867,100,2.738759618877018,0.007314633524204485,0.048680147247291916
pairs_occupations_lawyer_vs_paralegal_pole_a,black→white,pull_MAD,pos,9.262249054730637,33.03567420503431,100,2.8037112235836137,0.006079971458189629,0.042368163137460654
pairs_occupations_lawyer_vs_paralegal_pole_a,black→white,pull_early,pos,1.7568782530725002,8.465970959755639,100,2.07522357615459,0.04055880123213794,0.44733558369755033
pairs_occupations_lawyer_vs_paralegal_pole_a,black→white,pull_release,pos,8.942889244062826,30.51851756455126,100,2.9303157419580645,0.0042043230179207875,0.033809764269113
pairs_occupations_lawyer_vs_paralegal_pole_a,black→white,pull_tcp,pos,9.169607665389776,49.505520692735864,100,1.8522394143276366,0.06697105389015445,0.34014245791578446
pairs_occupations_lawyer_vs_paralegal_pole_a,black→white,q_exploded,pos,0.055,0.1866098398349678,100,2.947325824224509,0.003997626916755847,0.005144222044978793
pairs_occupations_lawyer_vs_paralegal_pole_a,black→white,q_jerk_in_grasp,pos,0.03,0.119341628287971,100,2.5137917447891764,0.013556758919315062,nan
pairs_occupations_lawyer_vs_paralegal_pole_a,black→white,q_tile_drift,pos,0.06385503523051739,0.22938139932377608,100,2.783793080814928,0.00643667360469997,0.008873414326479246
pairs_occupations_lawyer_vs_paralegal_pole_a,black→white,xpos_reversals,pos,0.92,0.7611793083064853,100,12.08650826369503,3.3526937640756836e-21,5.483643190394974e-21
pairs_occupations_lawyer_vs_paralegal_pole_b,all→white,d_approach_retreat,neg,0.0,4.589733822963654,100,0.0,1.0,1.0
pairs_occupations_lawyer_vs_paralegal_pole_b,all→white,d_latency,neg,-0.395,2.4518545856332725,100,-1.6110253940609538,0.11035803238844448,0.8011538228798268
pairs_occupations_lawyer_vs_paralegal_pole_b,all→white,d_peak_speed,neg,-0.000680103562772274,0.004217020821680105,100,-1.6127583702593946,0.1099803766561269,0.6237720078876087
pairs_occupations_lawyer_vs_paralegal_pole_b,all→white,d_time_to_half,neg,0.005,2.770237746424875,100,0.018048992388659563,0.9856360950928731,1.0
pairs_occupations_lawyer_vs_paralegal_pole_b,all→white,pull_AUC,neg,0.18032389817869954,14.305766564210604,100,0.12604979772969604,0.8999481416342999,0.9555737398601913
pairs_occupations_lawyer_vs_paralegal_pole_b,all→white,pull_MAD,neg,2.218701630481519,26.071825287405375,100,0.8509958953864716,0.39682528691013585,0.6363274603962151
pairs_occupations_lawyer_vs_paralegal_pole_b,all→white,pull_early,neg,-0.005596740171313317,8.200246863494044,100,-0.0068250874205128525,0.9945681447318946,0.9983226283285012
pairs_occupations_lawyer_vs_paralegal_pole_b,all→white,pull_release,neg,1.4658909605350345,23.807122877872104,100,0.6157362937364974,0.5394816107195546,0.7615810283672442
pairs_occupations_lawyer_vs_paralegal_pole_b,all→white,pull_tcp,neg,8.731861689593643,46.83877645259975,100,1.8642377856369017,0.06525121855427139,0.34014245791578446
pairs_occupations_lawyer_vs_paralegal_pole_b,all→white,q_exploded,neg,0.055,0.1572330188676101,100,3.4979930040209872,0.0007037584014813345,0.0014604878654397586
pairs_occupations_lawyer_vs_paralegal_pole_b,all→white,q_jerk_in_grasp,neg,0.045,0.1754503584573947,100,2.564828045702028,0.011823835077294224,nan
pairs_occupations_lawyer_vs_paralegal_pole_b,all→white,q_tile_drift,neg,0.13439933266490697,0.8644893925105466,100,1.554667227027512,0.12321646423964262,0.12516198735921594
pairs_occupations_lawyer_vs_paralegal_pole_b,all→white,xpos_reversals,neg,1.05,0.6944949476585358,100,15.118900483582156,1.798780243174881e-27,7.156487031383976e-26
pairs_occupations_lawyer_vs_paralegal_pole_b,black→white,d_approach_retreat,neg,0.0,4.589733822963654,100,0.0,1.0,1.0
pairs_occupations_lawyer_vs_paralegal_pole_b,black→white,d_latency,neg,-0.395,2.4518545856332725,100,-1.6110253940609538,0.11035803238844448,0.8011538228798268
pairs_occupations_lawyer_vs_paralegal_pole_b,black→white,d_peak_speed,neg,-0.000680103562772274,0.004217020821680105,100,-1.6127583702593946,0.1099803766561269,0.6237720078876087
pairs_occupations_lawyer_vs_paralegal_pole_b,black→white,d_time_to_half,neg,0.005,2.770237746424875,100,0.018048992388659563,0.9856360950928731,1.0
pairs_occupations_lawyer_vs_paralegal_pole_b,black→white,pull_AUC,neg,0.18032389817869954,14.305766564210604,100,0.12604979772969604,0.8999481416342999,0.9555737398601913
pairs_occupations_lawyer_vs_paralegal_pole_b,black→white,pull_MAD,neg,2.218701630481519,26.071825287405375,100,0.8509958953864716,0.39682528691013585,0.6363274603962151
pairs_occupations_lawyer_vs_paralegal_pole_b,black→white,pull_early,neg,-0.005596740171313317,8.200246863494044,100,-0.0068250874205128525,0.9945681447318946,0.9983226283285012
pairs_occupations_lawyer_vs_paralegal_pole_b,black→white,pull_release,neg,1.4658909605350345,23.807122877872104,100,0.6157362937364974,0.5394816107195546,0.7615810283672442
pairs_occupations_lawyer_vs_paralegal_pole_b,black→white,pull_tcp,neg,8.731861689593643,46.83877645259975,100,1.8642377856369017,0.06525121855427139,0.34014245791578446
pairs_occupations_lawyer_vs_paralegal_pole_b,black→white,q_exploded,neg,0.055,0.1572330188676101,100,3.4979930040209872,0.0007037584014813345,0.0014604878654397586
pairs_occupations_lawyer_vs_paralegal_pole_b,black→white,q_jerk_in_grasp,neg,0.045,0.1754503584573947,100,2.564828045702028,0.011823835077294224,nan
pairs_occupations_lawyer_vs_paralegal_pole_b,black→white,q_tile_drift,neg,0.13439933266490697,0.8644893925105466,100,1.554667227027512,0.12321646423964262,0.12516198735921594
pairs_occupations_lawyer_vs_paralegal_pole_b,black→white,xpos_reversals,neg,1.05,0.6944949476585358,100,15.118900483582156,1.798780243174881e-27,7.156487031383976e-26
pairs_occupations_operations_manager_vs_hr_manager_pole_a,all→white,d_approach_retreat,pos,0.24,4.140511850464672,100,0.579638481104856,0.5634751964971618,0.9975913714328056
pairs_occupations_operations_manager_vs_hr_manager_pole_a,all→white,d_latency,pos,0.105,1.5974964630617963,100,0.6572784505497729,0.5125271051362841,0.9329303435335639
pairs_occupations_operations_manager_vs_hr_manager_pole_a,all→white,d_peak_speed,pos,0.00022312123328447342,0.002044086763974512,100,1.0915448268479444,0.27768258470539003,0.710729698786782
pairs_occupations_operations_manager_vs_hr_manager_pole_a,all→white,d_time_to_half,pos,-0.025,2.8234005930953034,100,-0.08854570641211214,0.9296218308202935,0.9830584226515684
pairs_occupations_operations_manager_vs_hr_manager_pole_a,all→white,pull_AUC,pos,-3.226322841263609,12.932075348311779,100,-2.4948221800182986,0.014256827050367717,0.07399560746468326
pairs_occupations_operations_manager_vs_hr_manager_pole_a,all→white,pull_MAD,pos,-3.6011075804475694,23.17356282388839,100,-1.5539723467706827,0.12338212074524774,0.3133256487346423
pairs_occupations_operations_manager_vs_hr_manager_pole_a,all→white,pull_early,pos,-2.090490872040391,8.833865611332566,100,-2.366450842718951,0.019906049596243976,0.3841867572075087
pairs_occupations_operations_manager_vs_hr_manager_pole_a,all→white,pull_release,pos,-3.9816103549674153,21.546848987577555,100,-1.8478852092307978,0.06760447904331562,0.19813052450827717
pairs_occupations_operations_manager_vs_hr_manager_pole_a,all→white,pull_tcp,pos,-7.478614719584584,31.71930372604515,100,-2.3577487022338994,0.020352634231743643,0.2086546953713508
pairs_occupations_operations_manager_vs_hr_manager_pole_a,all→white,q_exploded,pos,0.015,0.08572330399888264,100,1.7498158960596661,0.083248625244961,0.08412033859831139
pairs_occupations_operations_manager_vs_hr_manager_pole_a,all→white,q_jerk_in_grasp,pos,0.0,0.0,100,nan,nan,nan
pairs_occupations_operations_manager_vs_hr_manager_pole_a,all→white,q_tile_drift,pos,0.00950464405119419,0.03574028011952088,100,2.6593647334070214,0.009132041152381712,0.011297973989805579
pairs_occupations_operations_manager_vs_hr_manager_pole_a,all→white,xpos_reversals,pos,0.665,0.7721640847238194,100,8.612159166116243,1.1513796414476606e-13,1.1513796414476606e-13
pairs_occupations_operations_manager_vs_hr_manager_pole_a,black→white,d_approach_retreat,pos,0.24,4.140511850464672,100,0.579638481104856,0.5634751964971618,0.9975913714328056
pairs_occupations_operations_manager_vs_hr_manager_pole_a,black→white,d_latency,pos,0.105,1.5974964630617963,100,0.6572784505497729,0.5125271051362841,0.9329303435335639
pairs_occupations_operations_manager_vs_hr_manager_pole_a,black→white,d_peak_speed,pos,0.00022312123328447342,0.002044086763974512,100,1.0915448268479444,0.27768258470539003,0.710729698786782
pairs_occupations_operations_manager_vs_hr_manager_pole_a,black→white,d_time_to_half,pos,-0.025,2.8234005930953034,100,-0.08854570641211214,0.9296218308202935,0.9830584226515684
pairs_occupations_operations_manager_vs_hr_manager_pole_a,black→white,pull_AUC,pos,-3.226322841263609,12.932075348311779,100,-2.4948221800182986,0.014256827050367717,0.07399560746468326
pairs_occupations_operations_manager_vs_hr_manager_pole_a,black→white,pull_MAD,pos,-3.6011075804475694,23.17356282388839,100,-1.5539723467706827,0.12338212074524774,0.3133256487346423
pairs_occupations_operations_manager_vs_hr_manager_pole_a,black→white,pull_early,pos,-2.090490872040391,8.833865611332566,100,-2.366450842718951,0.019906049596243976,0.3841867572075087
pairs_occupations_operations_manager_vs_hr_manager_pole_a,black→white,pull_release,pos,-3.9816103549674153,21.546848987577555,100,-1.8478852092307978,0.06760447904331562,0.19813052450827717
pairs_occupations_operations_manager_vs_hr_manager_pole_a,black→white,pull_tcp,pos,-7.478614719584584,31.71930372604515,100,-2.3577487022338994,0.020352634231743643,0.2086546953713508
pairs_occupations_operations_manager_vs_hr_manager_pole_a,black→white,q_exploded,pos,0.015,0.08572330399888264,100,1.7498158960596661,0.083248625244961,0.08412033859831139
pairs_occupations_operations_manager_vs_hr_manager_pole_a,black→white,q_jerk_in_grasp,pos,0.0,0.0,100,nan,nan,nan
pairs_occupations_operations_manager_vs_hr_manager_pole_a,black→white,q_tile_drift,pos,0.00950464405119419,0.03574028011952088,100,2.6593647334070214,0.009132041152381712,0.011297973989805579
pairs_occupations_operations_manager_vs_hr_manager_pole_a,black→white,xpos_reversals,pos,0.665,0.7721640847238194,100,8.612159166116243,1.1513796414476606e-13,1.1513796414476606e-13
pairs_occupations_operations_manager_vs_hr_manager_pole_b,all→white,d_approach_retreat,neg,-0.665,4.5732285304715745,100,-1.4541149552642796,0.14907746003219707,0.889972900524821
pairs_occupations_operations_manager_vs_hr_manager_pole_b,all→white,d_latency,neg,0.165,3.2161641937581673,100,0.5130335084266747,0.609070804885509,0.9358547527137239
pairs_occupations_operations_manager_vs_hr_manager_pole_b,all→white,d_peak_speed,neg,-0.0009029403328895569,0.011983400268702848,100,-0.753492591954701,0.4529422218046467,0.8081777786676952
pairs_occupations_operations_manager_vs_hr_manager_pole_b,all→white,d_time_to_half,neg,0.14,4.392992583465609,100,0.31868936115879976,0.7506334612777955,0.9485546304920008
pairs_occupations_operations_manager_vs_hr_manager_pole_b,all→white,pull_AUC,neg,1.7524425044955751,19.726433609492553,100,0.8883726978668272,0.37649367437296,0.5934278291657679
pairs_occupations_operations_manager_vs_hr_manager_pole_b,all→white,pull_MAD,neg,2.273436995287193,37.72891735856297,100,0.6025714901069676,0.5481715664400525,0.7296352573995182
pairs_occupations_operations_manager_vs_hr_manager_pole_b,all→white,pull_early,neg,1.1049652011133728,10.778778088766533,100,1.025130299569809,0.3078000473313466,0.7920721217993318
pairs_occupations_operations_manager_vs_hr_manager_pole_b,all→white,pull_release,neg,1.1160314326298248,33.10652865001492,100,0.33710312682671484,0.7367527838403873,0.8511426747806985
pairs_occupations_operations_manager_vs_hr_manager_pole_b,all→white,pull_tcp,neg,-0.51575779049017,52.47871030866478,100,-0.09827943321332214,0.9219091217194795,0.9995980926508963
pairs_occupations_operations_manager_vs_hr_manager_pole_b,all→white,q_exploded,neg,0.055,0.17254775360093005,100,3.187523387131685,0.001920782408508495,0.002965688038737125
pairs_occupations_operations_manager_vs_hr_manager_pole_b,all→white,q_jerk_in_grasp,neg,0.045,0.1754503584573947,100,2.564828045702028,0.011823835077294224,nan
pairs_occupations_operations_manager_vs_hr_manager_pole_b,all→white,q_tile_drift,neg,0.06759547181427479,0.22318554566633564,100,3.0286670945676124,0.003132644226379107,0.0053371765606867565
pairs_occupations_operations_manager_vs_hr_manager_pole_b,all→white,xpos_reversals,neg,0.855,0.6328347319638817,100,13.510636455535092,3.36301578343343e-24,1.4423601026725602e-23
pairs_occupations_operations_manager_vs_hr_manager_pole_b,black→white,d_approach_retreat,neg,-0.665,4.5732285304715745,100,-1.4541149552642796,0.14907746003219707,0.889972900524821
pairs_occupations_operations_manager_vs_hr_manager_pole_b,black→white,d_latency,neg,0.165,3.2161641937581673,100,0.5130335084266747,0.609070804885509,0.9358547527137239
pairs_occupations_operations_manager_vs_hr_manager_pole_b,black→white,d_peak_speed,neg,-0.0009029403328895569,0.011983400268702848,100,-0.753492591954701,0.4529422218046467,0.8081777786676952
pairs_occupations_operations_manager_vs_hr_manager_pole_b,black→white,d_time_to_half,neg,0.14,4.392992583465609,100,0.31868936115879976,0.7506334612777955,0.9485546304920008
pairs_occupations_operations_manager_vs_hr_manager_pole_b,black→white,pull_AUC,neg,1.7524425044955751,19.726433609492553,100,0.8883726978668272,0.37649367437296,0.5934278291657679
pairs_occupations_operations_manager_vs_hr_manager_pole_b,black→white,pull_MAD,neg,2.273436995287193,37.72891735856297,100,0.6025714901069676,0.5481715664400525,0.7296352573995182
pairs_occupations_operations_manager_vs_hr_manager_pole_b,black→white,pull_early,neg,1.1049652011133728,10.778778088766533,100,1.025130299569809,0.3078000473313466,0.7920721217993318
pairs_occupations_operations_manager_vs_hr_manager_pole_b,black→white,pull_release,neg,1.1160314326298248,33.10652865001492,100,0.33710312682671484,0.7367527838403873,0.8511426747806985
pairs_occupations_operations_manager_vs_hr_manager_pole_b,black→white,pull_tcp,neg,-0.51575779049017,52.47871030866478,100,-0.09827943321332214,0.9219091217194795,0.9995980926508963
pairs_occupations_operations_manager_vs_hr_manager_pole_b,black→white,q_exploded,neg,0.055,0.17254775360093005,100,3.187523387131685,0.001920782408508495,0.002965688038737125
pairs_occupations_operations_manager_vs_hr_manager_pole_b,black→white,q_jerk_in_grasp,neg,0.045,0.1754503584573947,100,2.564828045702028,0.011823835077294224,nan
pairs_occupations_operations_manager_vs_hr_manager_pole_b,black→white,q_tile_drift,neg,0.06759547181427479,0.22318554566633564,100,3.0286670945676124,0.003132644226379107,0.0053371765606867565
pairs_occupations_operations_manager_vs_hr_manager_pole_b,black→white,xpos_reversals,neg,0.855,0.6328347319638817,100,13.510636455535092,3.36301578343343e-24,1.4423601026725602e-23
pairs_occupations_pilot_vs_flight_attendant_pole_a,all→white,d_approach_retreat,pos,-0.125,3.819391643344857,100,-0.32727725164767457,0.7441492151068962,0.9989173239228251
pairs_occupations_pilot_vs_flight_attendant_pole_a,all→white,d_latency,pos,-0.255,3.1458606761805896,100,-0.8105889810403085,0.4195460660558564,0.9125417161050899
pairs_occupations_pilot_vs_flight_attendant_pole_a,all→white,d_peak_speed,pos,-0.0008226157352328301,0.002237682881010108,100,-3.676194434045519,0.00038470727344312993,0.07424850377452408
pairs_occupations_pilot_vs_flight_attendant_pole_a,all→white,d_time_to_half,pos,0.195,2.854108327207351,100,0.6832256440343347,0.4960601257358519,0.914300446053443
pairs_occupations_pilot_vs_flight_attendant_pole_a,all→white,pull_AUC,pos,2.707502835813851,12.255820647810923,100,2.209156704897972,0.02946923559426124,0.12047444667634076
pairs_occupations_pilot_vs_flight_attendant_pole_a,all→white,pull_MAD,pos,6.517362511063402,24.34889937067531,100,2.6766558980126276,0.00870453022259724,0.05586238146660457
pairs_occupations_pilot_vs_flight_attendant_pole_a,all→white,pull_early,pos,-0.25031778682023265,7.487947076913955,100,-0.33429427885780055,0.7388646541738944,0.975577920278819
pairs_occupations_pilot_vs_flight_attendant_pole_a,all→white,pull_release,pos,7.028907987987623,24.32162101552188,100,2.8899833541118927,0.004734346824990429,0.03555523646465096
pairs_occupations_pilot_vs_flight_attendant_pole_a,all→white,pull_tcp,pos,4.076801225892268,57.98720926434798,100,0.7030518070471775,0.4836735005723303,0.7978545778671774
pairs_occupations_pilot_vs_flight_attendant_pole_a,all→white,q_exploded,pos,0.045,0.1754503584573947,100,2.564828045702028,0.011823835077294224,0.013746988975408344
pairs_occupations_pilot_vs_flight_attendant_pole_a,all→white,q_jerk_in_grasp,pos,0.02,0.12143918126978105,100,1.646914924069634,0.1027463119502074,nan
pairs_occupations_pilot_vs_flight_attendant_pole_a,all→white,q_tile_drift,pos,0.04824980646371842,0.15247956415963315,100,3.164345775097112,0.002065055221391537,0.004168923264864564
pairs_occupations_pilot_vs_flight_attendant_pole_a,all→white,xpos_reversals,pos,1.02,0.7484664456086326,100,13.627865430501211,1.9226132707945866e-24,1.0113148542855503e-23
pairs_occupations_pilot_vs_flight_attendant_pole_a,black→white,d_approach_retreat,pos,-0.125,3.819391643344857,100,-0.32727725164767457,0.7441492151068962,0.9989173239228251
pairs_occupations_pilot_vs_flight_attendant_pole_a,black→white,d_latency,pos,-0.255,3.1458606761805896,100,-0.8105889810403085,0.4195460660558564,0.9125417161050899
pairs_occupations_pilot_vs_flight_attendant_pole_a,black→white,d_peak_speed,pos,-0.0008226157352328301,0.002237682881010108,100,-3.676194434045519,0.00038470727344312993,0.07424850377452408
pairs_occupations_pilot_vs_flight_attendant_pole_a,black→white,d_time_to_half,pos,0.195,2.854108327207351,100,0.6832256440343347,0.4960601257358519,0.914300446053443
pairs_occupations_pilot_vs_flight_attendant_pole_a,black→white,pull_AUC,pos,2.707502835813851,12.255820647810923,100,2.209156704897972,0.02946923559426124,0.12047444667634076
pairs_occupations_pilot_vs_flight_attendant_pole_a,black→white,pull_MAD,pos,6.517362511063402,24.34889937067531,100,2.6766558980126276,0.00870453022259724,0.05586238146660457
pairs_occupations_pilot_vs_flight_attendant_pole_a,black→white,pull_early,pos,-0.25031778682023265,7.487947076913955,100,-0.33429427885780055,0.7388646541738944,0.975577920278819
pairs_occupations_pilot_vs_flight_attendant_pole_a,black→white,pull_release,pos,7.028907987987623,24.32162101552188,100,2.8899833541118927,0.004734346824990429,0.03555523646465096
pairs_occupations_pilot_vs_flight_attendant_pole_a,black→white,pull_tcp,pos,4.076801225892268,57.98720926434798,100,0.7030518070471775,0.4836735005723303,0.7978545778671774
pairs_occupations_pilot_vs_flight_attendant_pole_a,black→white,q_exploded,pos,0.045,0.1754503584573947,100,2.564828045702028,0.011823835077294224,0.013746988975408344
pairs_occupations_pilot_vs_flight_attendant_pole_a,black→white,q_jerk_in_grasp,pos,0.02,0.12143918126978105,100,1.646914924069634,0.1027463119502074,nan
pairs_occupations_pilot_vs_flight_attendant_pole_a,black→white,q_tile_drift,pos,0.04824980646371842,0.15247956415963315,100,3.164345775097112,0.002065055221391537,0.004168923264864564
pairs_occupations_pilot_vs_flight_attendant_pole_a,black→white,xpos_reversals,pos,1.02,0.7484664456086326,100,13.627865430501211,1.9226132707945866e-24,1.0113148542855503e-23
pairs_occupations_pilot_vs_flight_attendant_pole_b,all→white,d_approach_retreat,neg,0.51,4.342635702944106,100,1.1744019873788714,0.24305127202682064,0.889972900524821
pairs_occupations_pilot_vs_flight_attendant_pole_b,all→white,d_latency,neg,0.09,2.8607232256437136,100,0.3146057584083424,0.7537230835146432,0.9402773246297577
pairs_occupations_pilot_vs_flight_attendant_pole_b,all→white,d_peak_speed,neg,-0.00023674648255109788,0.0031484997313357068,100,-0.7519342631503465,0.4538745809562801,0.8081777786676952
pairs_occupations_pilot_vs_flight_attendant_pole_b,all→white,d_time_to_half,neg,0.65,5.265909036415079,100,1.2343547818716336,0.21999271613307333,0.8496640370128001
pairs_occupations_pilot_vs_flight_attendant_pole_b,all→white,pull_AUC,neg,5.083801586360814,21.87929028516759,100,2.3235678671932174,0.022193786309001467,0.09518668350305073
pairs_occupations_pilot_vs_flight_attendant_pole_b,all→white,pull_MAD,neg,10.905629170616157,44.64750828484249,100,2.442606449847178,0.016353956920728187,0.07698326062684245
pairs_occupations_pilot_vs_flight_attendant_pole_b,all→white,pull_early,neg,1.8940016103442758,11.675665131311757,100,1.6221787701541295,0.1079455541655948,0.6127497633517587
pairs_occupations_pilot_vs_flight_attendant_pole_b,all→white,pull_release,neg,10.430422879289836,39.88591632062992,100,2.615064123246676,0.01031549516851333,0.06251643548179939
pairs_occupations_pilot_vs_flight_attendant_pole_b,all→white,pull_tcp,neg,5.508194100111723,50.04639072303152,100,1.1006176510500754,0.27373203306823335,0.6773113125919108
pairs_occupations_pilot_vs_flight_attendant_pole_b,all→white,q_exploded,neg,0.035,0.1465943347810514,100,2.3875411046596633,0.018859559037462077,0.02068122098994421
pairs_occupations_pilot_vs_flight_attendant_pole_b,all→white,q_jerk_in_grasp,neg,0.015,0.08572330399888264,100,1.7498158960596661,0.083248625244961,nan
pairs_occupations_pilot_vs_flight_attendant_pole_b,all→white,q_tile_drift,neg,0.05433427058160305,0.14357372897073153,100,3.784415921430825,0.000264073423114469,0.0012134802538355362
pairs_occupations_pilot_vs_flight_attendant_pole_b,all→white,xpos_reversals,neg,0.95,0.7470480627649121,100,12.716718606885067,1.5412354454242038e-22,3.8135697559855296e-22
pairs_occupations_pilot_vs_flight_attendant_pole_b,black→white,d_approach_retreat,neg,0.51,4.342635702944106,100,1.1744019873788714,0.24305127202682064,0.889972900524821
pairs_occupations_pilot_vs_flight_attendant_pole_b,black→white,d_latency,neg,0.09,2.8607232256437136,100,0.3146057584083424,0.7537230835146432,0.9402773246297577
pairs_occupations_pilot_vs_flight_attendant_pole_b,black→white,d_peak_speed,neg,-0.00023674648255109788,0.0031484997313357068,100,-0.7519342631503465,0.4538745809562801,0.8081777786676952
pairs_occupations_pilot_vs_flight_attendant_pole_b,black→white,d_time_to_half,neg,0.65,5.265909036415079,100,1.2343547818716336,0.21999271613307333,0.8496640370128001
pairs_occupations_pilot_vs_flight_attendant_pole_b,black→white,pull_AUC,neg,5.083801586360814,21.87929028516759,100,2.3235678671932174,0.022193786309001467,0.09518668350305073
pairs_occupations_pilot_vs_flight_attendant_pole_b,black→white,pull_MAD,neg,10.905629170616157,44.64750828484249,100,2.442606449847178,0.016353956920728187,0.07698326062684245
pairs_occupations_pilot_vs_flight_attendant_pole_b,black→white,pull_early,neg,1.8940016103442758,11.675665131311757,100,1.6221787701541295,0.1079455541655948,0.6127497633517587
pairs_occupations_pilot_vs_flight_attendant_pole_b,black→white,pull_release,neg,10.430422879289836,39.88591632062992,100,2.615064123246676,0.01031549516851333,0.06251643548179939
pairs_occupations_pilot_vs_flight_attendant_pole_b,black→white,pull_tcp,neg,5.508194100111723,50.04639072303152,100,1.1006176510500754,0.27373203306823335,0.6773113125919108
pairs_occupations_pilot_vs_flight_attendant_pole_b,black→white,q_exploded,neg,0.035,0.1465943347810514,100,2.3875411046596633,0.018859559037462077,0.02068122098994421
pairs_occupations_pilot_vs_flight_attendant_pole_b,black→white,q_jerk_in_grasp,neg,0.015,0.08572330399888264,100,1.7498158960596661,0.083248625244961,nan
pairs_occupations_pilot_vs_flight_attendant_pole_b,black→white,q_tile_drift,neg,0.05433427058160305,0.14357372897073153,100,3.784415921430825,0.000264073423114469,0.0012134802538355362
pairs_occupations_pilot_vs_flight_attendant_pole_b,black→white,xpos_reversals,neg,0.95,0.7470480627649121,100,12.716718606885067,1.5412354454242038e-22,3.8135697559855296e-22
pairs_occupations_professor_vs_elementary_school_teacher_pole_a,all→white,d_approach_retreat,pos,-0.365,4.274575411604637,100,-0.8538859766261143,0.3952295900763959,0.921738274063463
pairs_occupations_professor_vs_elementary_school_teacher_pole_a,all→white,d_latency,pos,0.105,3.1142349936958187,100,0.33716145445848716,0.7367089507429558,0.9402773246297577
pairs_occupations_professor_vs_elementary_school_teacher_pole_a,all→white,d_peak_speed,pos,-0.0003237356618046761,0.003165631821137521,100,-1.0226573401335932,0.30896235664723753,0.7148509685929465
pairs_occupations_professor_vs_elementary_school_teacher_pole_a,all→white,d_time_to_half,pos,0.215,3.8384386293271784,100,0.5601235834730183,0.5766604226511376,0.9213540069818155
pairs_occupations_professor_vs_elementary_school_teacher_pole_a,all→white,pull_AUC,pos,2.3311821511547843,16.876637036762226,100,1.381307274711657,0.17029426309369824,0.37777922732280184
pairs_occupations_professor_vs_elementary_school_teacher_pole_a,all→white,pull_MAD,pos,4.536813159286976,30.490649437936263,100,1.4879358895000456,0.13994618730556205,0.3293855384143107
pairs_occupations_professor_vs_elementary_school_teacher_pole_a,all→white,pull_early,pos,0.5601146195258481,12.333626276062745,100,0.454136202110263,0.6507248795183633,0.9514386495988191
pairs_occupations_professor_vs_elementary_school_teacher_pole_a,all→white,pull_release,pos,4.685221235849895,29.140925004055152,100,1.607780547528232,0.11106795583773485,0.2858148730224377
pairs_occupations_professor_vs_elementary_school_teacher_pole_a,all→white,pull_tcp,pos,7.067880107788369,60.49189576840996,100,1.1684011582059481,0.24545091390454046,0.6316270184476842
pairs_occupations_professor_vs_elementary_school_teacher_pole_a,all→white,q_exploded,pos,0.035,0.14659433478105144,100,2.3875411046596633,0.018859559037462077,0.02068122098994421
pairs_occupations_professor_vs_elementary_school_teacher_pole_a,all→white,q_jerk_in_grasp,pos,0.035,0.14659433478105144,100,2.3875411046596633,0.018859559037462077,nan
pairs_occupations_professor_vs_elementary_school_teacher_pole_a,all→white,q_tile_drift,pos,0.0600240146368742,0.2056974787865831,100,2.9180724523683055,0.004359138527263652,0.006741493791096698
pairs_occupations_professor_vs_elementary_school_teacher_pole_a,all→white,xpos_reversals,pos,0.905,0.7131343534430283,100,12.690455811456006,1.7510168814361612e-22,4.121295830697306e-22
pairs_occupations_professor_vs_elementary_school_teacher_pole_a,black→white,d_approach_retreat,pos,-0.365,4.274575411604637,100,-0.8538859766261143,0.3952295900763959,0.921738274063463
pairs_occupations_professor_vs_elementary_school_teacher_pole_a,black→white,d_latency,pos,0.105,3.1142349936958187,100,0.33716145445848716,0.7367089507429558,0.9402773246297577
pairs_occupations_professor_vs_elementary_school_teacher_pole_a,black→white,d_peak_speed,pos,-0.0003237356618046761,0.003165631821137521,100,-1.0226573401335932,0.30896235664723753,0.7148509685929465
pairs_occupations_professor_vs_elementary_school_teacher_pole_a,black→white,d_time_to_half,pos,0.215,3.8384386293271784,100,0.5601235834730183,0.5766604226511376,0.9213540069818155
pairs_occupations_professor_vs_elementary_school_teacher_pole_a,black→white,pull_AUC,pos,2.3311821511547843,16.876637036762226,100,1.381307274711657,0.17029426309369824,0.37777922732280184
pairs_occupations_professor_vs_elementary_school_teacher_pole_a,black→white,pull_MAD,pos,4.536813159286976,30.490649437936263,100,1.4879358895000456,0.13994618730556205,0.3293855384143107
pairs_occupations_professor_vs_elementary_school_teacher_pole_a,black→white,pull_early,pos,0.5601146195258481,12.333626276062745,100,0.454136202110263,0.6507248795183633,0.9514386495988191
pairs_occupations_professor_vs_elementary_school_teacher_pole_a,black→white,pull_release,pos,4.685221235849895,29.140925004055152,100,1.607780547528232,0.11106795583773485,0.2858148730224377
pairs_occupations_professor_vs_elementary_school_teacher_pole_a,black→white,pull_tcp,pos,7.067880107788369,60.49189576840996,100,1.1684011582059481,0.24545091390454046,0.6316270184476842
pairs_occupations_professor_vs_elementary_school_teacher_pole_a,black→white,q_exploded,pos,0.035,0.14659433478105144,100,2.3875411046596633,0.018859559037462077,0.02068122098994421
pairs_occupations_professor_vs_elementary_school_teacher_pole_a,black→white,q_jerk_in_grasp,pos,0.035,0.14659433478105144,100,2.3875411046596633,0.018859559037462077,nan
pairs_occupations_professor_vs_elementary_school_teacher_pole_a,black→white,q_tile_drift,pos,0.0600240146368742,0.2056974787865831,100,2.9180724523683055,0.004359138527263652,0.006741493791096698
pairs_occupations_professor_vs_elementary_school_teacher_pole_a,black→white,xpos_reversals,pos,0.905,0.7131343534430283,100,12.690455811456006,1.7510168814361612e-22,4.121295830697306e-22
pairs_occupations_professor_vs_elementary_school_teacher_pole_b,all→white,d_approach_retreat,neg,0.655,4.403106685608297,100,1.4875860313375773,0.14003835684244523,0.889972900524821
pairs_occupations_professor_vs_elementary_school_teacher_pole_b,all→white,d_latency,neg,-0.045,3.0658554592429335,100,-0.14677795675048574,0.8836057679637074,0.979278637066557
pairs_occupations_professor_vs_elementary_school_teacher_pole_b,all→white,d_peak_speed,neg,-0.00037825822830200195,0.010829149745996984,100,-0.34929633182127323,0.7276087262168943,0.9204665041857535
pairs_occupations_professor_vs_elementary_school_teacher_pole_b,all→white,d_time_to_half,neg,0.1,5.9344057593976265,100,0.16850886854449015,0.8665267588898924,0.9810327162196054
pairs_occupations_professor_vs_elementary_school_teacher_pole_b,all→white,pull_AUC,neg,2.338387280023693,15.777666649900418,100,1.482086883891955,0.1414933354447715,0.3408508094143671
pairs_occupations_professor_vs_elementary_school_teacher_pole_b,all→white,pull_MAD,neg,3.5163132324581956,31.966997984229533,100,1.099982311192599,0.2740074008184098,0.4942376482051691
pairs_occupations_professor_vs_elementary_school_teacher_pole_b,all→white,pull_early,neg,0.32771667581982944,9.866253945188232,100,0.3321591737253598,0.7404713017368613,0.975577920278819
pairs_occupations_professor_vs_elementary_school_teacher_pole_b,all→white,pull_release,neg,3.6827485729008913,30.694091463595505,100,1.1998232875759776,0.2330714528580409,0.46374010723300924
pairs_occupations_professor_vs_elementary_school_teacher_pole_b,all→white,pull_tcp,neg,1.4865093023399822,70.61950159081772,100,0.21049558108652314,0.8337135354557231,0.9693175442346661
pairs_occupations_professor_vs_elementary_school_teacher_pole_b,all→white,q_exploded,neg,0.07,0.2249579085208177,100,3.1116932256472407,0.002431109281885528,0.003424847382510269
pairs_occupations_professor_vs_elementary_school_teacher_pole_b,all→white,q_jerk_in_grasp,neg,0.06,0.1917489941764409,100,3.1290907291430194,0.0023039657126900713,nan
pairs_occupations_professor_vs_elementary_school_teacher_pole_b,all→white,q_tile_drift,neg,0.12319191865622997,0.30016014681763936,100,4.104206369910744,8.345192906062231e-05,0.0007321010140318231
pairs_occupations_professor_vs_elementary_school_teacher_pole_b,all→white,xpos_reversals,neg,0.99,0.7418922026844873,100,13.344256704919545,7.45574331596315e-24,2.8214871764331136e-23
pairs_occupations_professor_vs_elementary_school_teacher_pole_b,black→white,d_approach_retreat,neg,0.655,4.403106685608297,100,1.4875860313375773,0.14003835684244523,0.889972900524821
pairs_occupations_professor_vs_elementary_school_teacher_pole_b,black→white,d_latency,neg,-0.045,3.0658554592429335,100,-0.14677795675048574,0.8836057679637074,0.979278637066557
pairs_occupations_professor_vs_elementary_school_teacher_pole_b,black→white,d_peak_speed,neg,-0.00037825822830200195,0.010829149745996984,100,-0.34929633182127323,0.7276087262168943,0.9204665041857535
pairs_occupations_professor_vs_elementary_school_teacher_pole_b,black→white,d_time_to_half,neg,0.1,5.9344057593976265,100,0.16850886854449015,0.8665267588898924,0.9810327162196054
pairs_occupations_professor_vs_elementary_school_teacher_pole_b,black→white,pull_AUC,neg,2.338387280023693,15.777666649900418,100,1.482086883891955,0.1414933354447715,0.3408508094143671
pairs_occupations_professor_vs_elementary_school_teacher_pole_b,black→white,pull_MAD,neg,3.5163132324581956,31.966997984229533,100,1.099982311192599,0.2740074008184098,0.4942376482051691
pairs_occupations_professor_vs_elementary_school_teacher_pole_b,black→white,pull_early,neg,0.32771667581982944,9.866253945188232,100,0.3321591737253598,0.7404713017368613,0.975577920278819
pairs_occupations_professor_vs_elementary_school_teacher_pole_b,black→white,pull_release,neg,3.6827485729008913,30.694091463595505,100,1.1998232875759776,0.2330714528580409,0.46374010723300924
pairs_occupations_professor_vs_elementary_school_teacher_pole_b,black→white,pull_tcp,neg,1.4865093023399822,70.61950159081772,100,0.21049558108652314,0.8337135354557231,0.9693175442346661
pairs_occupations_professor_vs_elementary_school_teacher_pole_b,black→white,q_exploded,neg,0.07,0.2249579085208177,100,3.1116932256472407,0.002431109281885528,0.003424847382510269
pairs_occupations_professor_vs_elementary_school_teacher_pole_b,black→white,q_jerk_in_grasp,neg,0.06,0.1917489941764409,100,3.1290907291430194,0.0023039657126900713,nan
pairs_occupations_professor_vs_elementary_school_teacher_pole_b,black→white,q_tile_drift,neg,0.12319191865622997,0.30016014681763936,100,4.104206369910744,8.345192906062231e-05,0.0007321010140318231
pairs_occupations_professor_vs_elementary_school_teacher_pole_b,black→white,xpos_reversals,neg,0.99,0.7418922026844873,100,13.344256704919545,7.45574331596315e-24,2.8214871764331136e-23
pairs_occupations_programmer_vs_typist_pole_a,all→white,d_approach_retreat,pos,0.32,3.7682351253068003,100,0.8492039094135518,0.3978166730352446,0.921738274063463
pairs_occupations_programmer_vs_typist_pole_a,all→white,d_latency,pos,0.155,2.8838587715318886,100,0.5374743088326233,0.5921461077406844,0.9329303435335639
pairs_occupations_programmer_vs_typist_pole_a,all→white,d_peak_speed,pos,0.0003406691178679466,0.003567276124824583,100,0.9549838755044472,0.3419119342001957,0.7673139918678811
pairs_occupations_programmer_vs_typist_pole_a,all→white,d_time_to_half,pos,0.305,3.1493906737909816,100,0.9684413005289866,0.3351840158785784,0.8616779212312846
pairs_occupations_programmer_vs_typist_pole_a,all→white,pull_AUC,pos,-1.167250070406226,11.679310407740692,100,-0.9994169430008542,0.3200293023359382,0.5406909064863159
pairs_occupations_programmer_vs_typist_pole_a,all→white,pull_MAD,pos,-1.9041606308193875,23.479682469127976,100,-0.8109822751321505,0.4193212389276969,0.6526532186535928
pairs_occupations_programmer_vs_typist_pole_a,all→white,pull_early,pos,-0.23739333939738624,7.341788883897236,100,-0.32334536330520436,0.7471157156941093,0.975577920278819
pairs_occupations_programmer_vs_typist_pole_a,all→white,pull_release,pos,-0.3484143316745758,23.43612264262784,100,-0.14866551817784346,0.8821199741485989,0.9467083337373933
pairs_occupations_programmer_vs_typist_pole_a,all→white,pull_tcp,pos,-10.31093992292881,75.29599296328438,100,-1.3693876018019449,0.17397659966044246,0.5596247289077566
pairs_occupations_programmer_vs_typist_pole_a,all→white,q_exploded,pos,0.05,0.16666666666666666,100,3.0,0.003415507921578869,0.004577729367116123
pairs_occupations_programmer_vs_typist_pole_a,all→white,q_jerk_in_grasp,pos,0.09,0.2599533757729596,100,3.462159309621929,0.0007927332184629363,nan
pairs_occupations_programmer_vs_typist_pole_a,all→white,q_tile_drift,pos,0.1303707993775606,0.4693584922979966,100,2.77763802119059,0.006550706459069489,0.008903424976059235
pairs_occupations_programmer_vs_typist_pole_a,all→white,xpos_reversals,pos,0.96,0.6383374871294553,100,15.039066627859054,2.5956170580149135e-27,7.156487031383976e-26
pairs_occupations_programmer_vs_typist_pole_a,black→white,d_approach_retreat,pos,0.32,3.7682351253068003,100,0.8492039094135518,0.3978166730352446,0.921738274063463
pairs_occupations_programmer_vs_typist_pole_a,black→white,d_latency,pos,0.155,2.8838587715318886,100,0.5374743088326233,0.5921461077406844,0.9329303435335639
pairs_occupations_programmer_vs_typist_pole_a,black→white,d_peak_speed,pos,0.0003406691178679466,0.003567276124824583,100,0.9549838755044472,0.3419119342001957,0.7673139918678811
pairs_occupations_programmer_vs_typist_pole_a,black→white,d_time_to_half,pos,0.305,3.1493906737909816,100,0.9684413005289866,0.3351840158785784,0.8616779212312846
pairs_occupations_programmer_vs_typist_pole_a,black→white,pull_AUC,pos,-1.167250070406226,11.679310407740692,100,-0.9994169430008542,0.3200293023359382,0.5406909064863159
pairs_occupations_programmer_vs_typist_pole_a,black→white,pull_MAD,pos,-1.9041606308193875,23.479682469127976,100,-0.8109822751321505,0.4193212389276969,0.6526532186535928
pairs_occupations_programmer_vs_typist_pole_a,black→white,pull_early,pos,-0.23739333939738624,7.341788883897236,100,-0.32334536330520436,0.7471157156941093,0.975577920278819
pairs_occupations_programmer_vs_typist_pole_a,black→white,pull_release,pos,-0.3484143316745758,23.43612264262784,100,-0.14866551817784346,0.8821199741485989,0.9467083337373933
pairs_occupations_programmer_vs_typist_pole_a,black→white,pull_tcp,pos,-10.31093992292881,75.29599296328438,100,-1.3693876018019449,0.17397659966044246,0.5596247289077566
pairs_occupations_programmer_vs_typist_pole_a,black→white,q_exploded,pos,0.05,0.16666666666666666,100,3.0,0.003415507921578869,0.004577729367116123
pairs_occupations_programmer_vs_typist_pole_a,black→white,q_jerk_in_grasp,pos,0.09,0.2599533757729596,100,3.462159309621929,0.0007927332184629363,nan
pairs_occupations_programmer_vs_typist_pole_a,black→white,q_tile_drift,pos,0.1303707993775606,0.4693584922979966,100,2.77763802119059,0.006550706459069489,0.008903424976059235
pairs_occupations_programmer_vs_typist_pole_a,black→white,xpos_reversals,pos,0.96,0.6383374871294553,100,15.039066627859054,2.5956170580149135e-27,7.156487031383976e-26
pairs_occupations_programmer_vs_typist_pole_b,all→white,d_approach_retreat,neg,-0.42,4.393360463428441,100,-0.955988026696642,0.34140690978583144,0.921738274063463
pairs_occupations_programmer_vs_typist_pole_b,all→white,d_latency,neg,-0.145,2.6182103148000264,100,-0.5538134166699852,0.5809552685400463,0.9329303435335639
pairs_occupations_programmer_vs_typist_pole_b,all→white,d_peak_speed,neg,-0.00015426427125930786,0.002141311662154559,100,-0.7204195166251008,0.47296433301032903,0.8081777786676952
pairs_occupations_programmer_vs_typist_pole_b,all→white,d_time_to_half,neg,0.24,4.463929509598765,100,0.5376428984461542,0.5920301275516089,0.9213540069818155
pairs_occupations_programmer_vs_typist_pole_b,all→white,pull_AUC,neg,1.6567775151217938,16.83354573745875,100,0.9842118475580931,0.3274106043265751,0.5447435054743879
pairs_occupations_programmer_vs_typist_pole_b,all→white,pull_MAD,neg,2.398919562064112,32.2896394665712,100,0.7429378592311827,0.4592786283233681,0.6758288944250874
pairs_occupations_programmer_vs_typist_pole_b,all→white,pull_early,neg,-0.20606862055137712,8.17906732368375,100,-0.2519463557350527,0.8016048227006204,0.9868351453056644
pairs_occupations_programmer_vs_typist_pole_b,all→white,pull_release,neg,2.9801640985533595,29.371335344327953,100,1.0146505303950621,0.3127458010826039,0.5613496449052429
pairs_occupations_programmer_vs_typist_pole_b,all→white,pull_tcp,neg,10.613218375947326,45.00053579510566,100,2.358464891233948,0.020315547940417317,0.2086546953713508
pairs_occupations_programmer_vs_typist_pole_b,all→white,q_exploded,neg,0.045,0.14381174563233068,100,3.129090729143019,0.0023039657126900765,0.003269598401096959
pairs_occupations_programmer_vs_typist_pole_b,all→white,q_jerk_in_grasp,neg,0.035,0.14659433478105144,100,2.3875411046596633,0.018859559037462077,nan
pairs_occupations_programmer_vs_typist_pole_b,all→white,q_tile_drift,neg,0.03241717852652073,0.14569530172862388,100,2.2249982080343167,0.02835130782377987,0.03108978642039497
pairs_occupations_programmer_vs_typist_pole_b,all→white,xpos_reversals,neg,1.025,0.7155382236435379,100,14.324881133263228,7.142816600269293e-26,8.616022524074834e-25
pairs_occupations_programmer_vs_typist_pole_b,black→white,d_approach_retreat,neg,-0.42,4.393360463428441,100,-0.955988026696642,0.34140690978583144,0.921738274063463
pairs_occupations_programmer_vs_typist_pole_b,black→white,d_latency,neg,-0.145,2.6182103148000264,100,-0.5538134166699852,0.5809552685400463,0.9329303435335639
pairs_occupations_programmer_vs_typist_pole_b,black→white,d_peak_speed,neg,-0.00015426427125930786,0.002141311662154559,100,-0.7204195166251008,0.47296433301032903,0.8081777786676952
pairs_occupations_programmer_vs_typist_pole_b,black→white,d_time_to_half,neg,0.24,4.463929509598765,100,0.5376428984461542,0.5920301275516089,0.9213540069818155
pairs_occupations_programmer_vs_typist_pole_b,black→white,pull_AUC,neg,1.6567775151217938,16.83354573745875,100,0.9842118475580931,0.3274106043265751,0.5447435054743879
pairs_occupations_programmer_vs_typist_pole_b,black→white,pull_MAD,neg,2.398919562064112,32.2896394665712,100,0.7429378592311827,0.4592786283233681,0.6758288944250874
pairs_occupations_programmer_vs_typist_pole_b,black→white,pull_early,neg,-0.20606862055137712,8.17906732368375,100,-0.2519463557350527,0.8016048227006204,0.9868351453056644
pairs_occupations_programmer_vs_typist_pole_b,black→white,pull_release,neg,2.9801640985533595,29.371335344327953,100,1.0146505303950621,0.3127458010826039,0.5613496449052429
pairs_occupations_programmer_vs_typist_pole_b,black→white,pull_tcp,neg,10.613218375947326,45.00053579510566,100,2.358464891233948,0.020315547940417317,0.2086546953713508
pairs_occupations_programmer_vs_typist_pole_b,black→white,q_exploded,neg,0.045,0.14381174563233068,100,3.129090729143019,0.0023039657126900765,0.003269598401096959
pairs_occupations_programmer_vs_typist_pole_b,black→white,q_jerk_in_grasp,neg,0.035,0.14659433478105144,100,2.3875411046596633,0.018859559037462077,nan
pairs_occupations_programmer_vs_typist_pole_b,black→white,q_tile_drift,neg,0.03241717852652073,0.14569530172862388,100,2.2249982080343167,0.02835130782377987,0.03108978642039497
pairs_occupations_programmer_vs_typist_pole_b,black→white,xpos_reversals,neg,1.025,0.7155382236435379,100,14.324881133263228,7.142816600269293e-26,8.616022524074834e-25
pairs_occupations_restaurant_manager_vs_server_pole_a,all→white,d_approach_retreat,pos,-0.06,4.49594654700602,100,-0.13345354392604095,0.8941056039755346,0.9989173239228251
pairs_occupations_restaurant_manager_vs_server_pole_a,all→white,d_latency,pos,-0.19,2.819287824679105,100,-0.6739290622858845,0.5019269194445535,0.9329303435335639
pairs_occupations_restaurant_manager_vs_server_pole_a,all→white,d_peak_speed,pos,-1.0385960340499878e-05,0.004309436074464616,100,-0.02410050911775082,0.9808209483468631,0.9990904303641714
pairs_occupations_restaurant_manager_vs_server_pole_a,all→white,d_time_to_half,pos,0.93,6.978328647109615,100,1.3326973363245094,0.18569032062973825,0.8496640370128001
pairs_occupations_restaurant_manager_vs_server_pole_a,all→white,pull_AUC,pos,-0.8954579118236424,16.429822453888264,100,-0.5450198347163053,0.5869656091975025,0.7452918590468288
pairs_occupations_restaurant_manager_vs_server_pole_a,all→white,pull_MAD,pos,-0.9734621626615992,32.30744384529751,100,-0.3013120342553163,0.7638085294872616,0.8570642220409389
pairs_occupations_restaurant_manager_vs_server_pole_a,all→white,pull_early,pos,-0.0938877472653985,8.179668021178452,100,-0.11478185547666274,0.9088505088281864,0.9934997129093884
pairs_occupations_restaurant_manager_vs_server_pole_a,all→white,pull_release,pos,-0.448532581795007,30.383618868520294,100,-0.14762315961635508,0.8829404148846155,0.9467083337373933
pairs_occupations_restaurant_manager_vs_server_pole_a,all→white,pull_tcp,pos,-1.7842673626728356,38.7945695851213,100,-0.45992709334173076,0.646577047600271,0.8978064127997045
pairs_occupations_restaurant_manager_vs_server_pole_a,all→white,q_exploded,pos,0.015,0.11135075167680682,100,1.3470946333202292,0.18102514023295715,0.18102514023295715
pairs_occupations_restaurant_manager_vs_server_pole_a,all→white,q_jerk_in_grasp,pos,0.0,0.0,100,nan,nan,nan
pairs_occupations_restaurant_manager_vs_server_pole_a,all→white,q_tile_drift,pos,0.012240101248025895,0.01896490085182211,100,6.454081328271163,4.053366448593736e-09,7.82299724578591e-07
pairs_occupations_restaurant_manager_vs_server_pole_a,all→white,xpos_reversals,pos,0.98,0.861405944964511,100,11.376749902049665,1.118857509044876e-19,1.4206546003004018e-19
pairs_occupations_restaurant_manager_vs_server_pole_a,black→white,d_approach_retreat,pos,-0.06,4.49594654700602,100,-0.13345354392604095,0.8941056039755346,0.9989173239228251
pairs_occupations_restaurant_manager_vs_server_pole_a,black→white,d_latency,pos,-0.19,2.819287824679105,100,-0.6739290622858845,0.5019269194445535,0.9329303435335639
pairs_occupations_restaurant_manager_vs_server_pole_a,black→white,d_peak_speed,pos,-1.0385960340499878e-05,0.004309436074464616,100,-0.02410050911775082,0.9808209483468631,0.9990904303641714
pairs_occupations_restaurant_manager_vs_server_pole_a,black→white,d_time_to_half,pos,0.93,6.978328647109615,100,1.3326973363245094,0.18569032062973825,0.8496640370128001
pairs_occupations_restaurant_manager_vs_server_pole_a,black→white,pull_AUC,pos,-0.8954579118236424,16.429822453888264,100,-0.5450198347163053,0.5869656091975025,0.7452918590468288
pairs_occupations_restaurant_manager_vs_server_pole_a,black→white,pull_MAD,pos,-0.9734621626615992,32.30744384529751,100,-0.3013120342553163,0.7638085294872616,0.8570642220409389
pairs_occupations_restaurant_manager_vs_server_pole_a,black→white,pull_early,pos,-0.0938877472653985,8.179668021178452,100,-0.11478185547666274,0.9088505088281864,0.9934997129093884
pairs_occupations_restaurant_manager_vs_server_pole_a,black→white,pull_release,pos,-0.448532581795007,30.383618868520294,100,-0.14762315961635508,0.8829404148846155,0.9467083337373933
pairs_occupations_restaurant_manager_vs_server_pole_a,black→white,pull_tcp,pos,-1.7842673626728356,38.7945695851213,100,-0.45992709334173076,0.646577047600271,0.8978064127997045
pairs_occupations_restaurant_manager_vs_server_pole_a,black→white,q_exploded,pos,0.015,0.11135075167680682,100,1.3470946333202292,0.18102514023295715,0.18102514023295715
pairs_occupations_restaurant_manager_vs_server_pole_a,black→white,q_jerk_in_grasp,pos,0.0,0.0,100,nan,nan,nan
pairs_occupations_restaurant_manager_vs_server_pole_a,black→white,q_tile_drift,pos,0.012240101248025895,0.01896490085182211,100,6.454081328271163,4.053366448593736e-09,7.82299724578591e-07
pairs_occupations_restaurant_manager_vs_server_pole_a,black→white,xpos_reversals,pos,0.98,0.861405944964511,100,11.376749902049665,1.118857509044876e-19,1.4206546003004018e-19
pairs_occupations_science_student_vs_arts_student_pole_a,all→white,d_approach_retreat,pos,-0.73,5.084349128512524,100,-1.4357786641877772,0.15421752609051162,0.889972900524821
pairs_occupations_science_student_vs_arts_student_pole_a,all→white,d_latency,pos,-0.415,3.162321580386438,100,-1.312327002332529,0.1924443276424666,0.8786773528497042
pairs_occupations_science_student_vs_arts_student_pole_a,all→white,d_peak_speed,pos,0.0004867209494113922,0.0059564381352049285,100,0.8171342308328142,0.41581383608530964,0.8025207036446476
pairs_occupations_science_student_vs_arts_student_pole_a,all→white,d_time_to_half,pos,0.265,4.186591752852253,100,0.6329731094976242,0.5282106234035191,0.9184202731250377
pairs_occupations_science_student_vs_arts_student_pole_a,all→white,pull_AUC,pos,2.2911870018655858,15.575290343780773,100,1.4710396732863853,0.1444518470932442,0.3408508094143671
pairs_occupations_science_student_vs_arts_student_pole_a,all→white,pull_MAD,pos,1.4856383279431618,40.24167193879049,100,0.3691790764068871,0.7127826715854015,0.8369330085519833
pairs_occupations_science_student_vs_arts_student_pole_a,all→white,pull_early,pos,0.8243258985457943,10.626546650920671,100,0.7757232199929933,0.43976157974747654,0.8501219588301481
pairs_occupations_science_student_vs_arts_student_pole_a,all→white,pull_release,pos,1.023821056005545,31.444749849534166,100,0.3255936399254619,0.7454189845751582,0.8512773019112754
pairs_occupations_science_student_vs_arts_student_pole_a,all→white,pull_tcp,pos,1.4493350445991382,50.39740835696103,100,0.28758126495981856,0.774268413190069,0.9579089983697648
pairs_occupations_science_student_vs_arts_student_pole_a,all→white,q_exploded,pos,0.05,0.16666666666666666,100,3.0,0.003415507921578869,0.004577729367116123
pairs_occupations_science_student_vs_arts_student_pole_a,all→white,q_jerk_in_grasp,pos,0.045,0.1892969448600092,100,2.3772174470791834,0.01936555251614669,nan
pairs_occupations_science_student_vs_arts_student_pole_a,all→white,q_tile_drift,pos,0.135467624142766,0.8941593894563263,100,1.5150276979715447,0.13295175702501397,0.13434392202004028
pairs_occupations_science_student_vs_arts_student_pole_a,all→white,xpos_reversals,pos,1.005,0.7537616106280326,100,13.33312795225318,7.864372861137253e-24,2.918892234999019e-23
pairs_occupations_science_student_vs_arts_student_pole_a,black→white,d_approach_retreat,pos,-0.73,5.084349128512524,100,-1.4357786641877772,0.15421752609051162,0.889972900524821
pairs_occupations_science_student_vs_arts_student_pole_a,black→white,d_latency,pos,-0.415,3.162321580386438,100,-1.312327002332529,0.1924443276424666,0.8786773528497042
pairs_occupations_science_student_vs_arts_student_pole_a,black→white,d_peak_speed,pos,0.0004867209494113922,0.0059564381352049285,100,0.8171342308328142,0.41581383608530964,0.8025207036446476
pairs_occupations_science_student_vs_arts_student_pole_a,black→white,d_time_to_half,pos,0.265,4.186591752852253,100,0.6329731094976242,0.5282106234035191,0.9184202731250377
pairs_occupations_science_student_vs_arts_student_pole_a,black→white,pull_AUC,pos,2.2911870018655858,15.575290343780773,100,1.4710396732863853,0.1444518470932442,0.3408508094143671
pairs_occupations_science_student_vs_arts_student_pole_a,black→white,pull_MAD,pos,1.4856383279431618,40.24167193879049,100,0.3691790764068871,0.7127826715854015,0.8369330085519833
pairs_occupations_science_student_vs_arts_student_pole_a,black→white,pull_early,pos,0.8243258985457943,10.626546650920671,100,0.7757232199929933,0.43976157974747654,0.8501219588301481
pairs_occupations_science_student_vs_arts_student_pole_a,black→white,pull_release,pos,1.023821056005545,31.444749849534166,100,0.3255936399254619,0.7454189845751582,0.8512773019112754
pairs_occupations_science_student_vs_arts_student_pole_a,black→white,pull_tcp,pos,1.4493350445991382,50.39740835696103,100,0.28758126495981856,0.774268413190069,0.9579089983697648
pairs_occupations_science_student_vs_arts_student_pole_a,black→white,q_exploded,pos,0.05,0.16666666666666666,100,3.0,0.003415507921578869,0.004577729367116123
pairs_occupations_science_student_vs_arts_student_pole_a,black→white,q_jerk_in_grasp,pos,0.045,0.1892969448600092,100,2.3772174470791834,0.01936555251614669,nan
pairs_occupations_science_student_vs_arts_student_pole_a,black→white,q_tile_drift,pos,0.135467624142766,0.8941593894563263,100,1.5150276979715447,0.13295175702501397,0.13434392202004028
pairs_occupations_science_student_vs_arts_student_pole_a,black→white,xpos_reversals,pos,1.005,0.7537616106280326,100,13.33312795225318,7.864372861137253e-24,2.918892234999019e-23
pairs_occupations_science_student_vs_arts_student_pole_b,all→white,d_approach_retreat,neg,0.28,4.470622400344794,100,0.626311003090767,0.532552432305335,0.9975913714328056
pairs_occupations_science_student_vs_arts_student_pole_b,all→white,d_latency,neg,-0.075,3.2670492973187764,100,-0.2295649473717813,0.818903472225603,0.9718541633941511
pairs_occupations_science_student_vs_arts_student_pole_b,all→white,d_peak_speed,neg,-0.0005181703343987465,0.002522622798300966,100,-2.0540935995177083,0.04260208754845798,0.483778752173363
pairs_occupations_science_student_vs_arts_student_pole_b,all→white,d_time_to_half,neg,0.6,3.3971170189447464,100,1.7662035091931547,0.0804442163397912,0.6784886167825425
pairs_occupations_science_student_vs_arts_student_pole_b,all→white,pull_AUC,neg,1.2439579162129517,17.213458744227875,100,0.7226658713374983,0.4715889396948124,0.6792288459783493
pairs_occupations_science_student_vs_arts_student_pole_b,all→white,pull_MAD,neg,2.6746823979832697,34.929291650566675,100,0.7657419522676971,0.445651685265368,0.6719591816891878
pairs_occupations_science_student_vs_arts_student_pole_b,all→white,pull_early,neg,0.5835655311238949,10.169572838015103,100,0.573834850705288,0.5673809675965673,0.9280044639503177
pairs_occupations_science_student_vs_arts_student_pole_b,all→white,pull_release,neg,3.103462402650621,33.98380393397519,100,0.9132180754927041,0.36334650063991614,0.6045155065044482
pairs_occupations_science_student_vs_arts_student_pole_b,all→white,pull_tcp,neg,0.3152140136808157,73.30398494763932,100,0.04300093833997858,0.9657873957142791,0.9997998490322251
pairs_occupations_science_student_vs_arts_student_pole_b,all→white,q_exploded,neg,0.05,0.18118576883486967,100,2.7595986330234,0.006895621868115733,0.0082661802518406
pairs_occupations_science_student_vs_arts_student_pole_b,all→white,q_jerk_in_grasp,neg,0.075,0.20566472667421556,100,3.6467118699845984,0.0004257091458888381,nan
pairs_occupations_science_student_vs_arts_student_pole_b,all→white,q_tile_drift,neg,0.11610483687371015,0.354660299270673,100,3.273691391804194,0.0014628032266530118,0.0032129528344837692
pairs_occupations_science_student_vs_arts_student_pole_b,all→white,xpos_reversals,neg,0.925,0.6128876839448753,100,15.092487975059344,2.0306335621265154e-27,7.156487031383976e-26
pairs_occupations_science_student_vs_arts_student_pole_b,black→white,d_approach_retreat,neg,0.28,4.470622400344794,100,0.626311003090767,0.532552432305335,0.9975913714328056
pairs_occupations_science_student_vs_arts_student_pole_b,black→white,d_latency,neg,-0.075,3.2670492973187764,100,-0.2295649473717813,0.818903472225603,0.9718541633941511
pairs_occupations_science_student_vs_arts_student_pole_b,black→white,d_peak_speed,neg,-0.0005181703343987465,0.002522622798300966,100,-2.0540935995177083,0.04260208754845798,0.483778752173363
pairs_occupations_science_student_vs_arts_student_pole_b,black→white,d_time_to_half,neg,0.6,3.3971170189447464,100,1.7662035091931547,0.0804442163397912,0.6784886167825425
pairs_occupations_science_student_vs_arts_student_pole_b,black→white,pull_AUC,neg,1.2439579162129517,17.213458744227875,100,0.7226658713374983,0.4715889396948124,0.6792288459783493
pairs_occupations_science_student_vs_arts_student_pole_b,black→white,pull_MAD,neg,2.6746823979832697,34.929291650566675,100,0.7657419522676971,0.445651685265368,0.6719591816891878
pairs_occupations_science_student_vs_arts_student_pole_b,black→white,pull_early,neg,0.5835655311238949,10.169572838015103,100,0.573834850705288,0.5673809675965673,0.9280044639503177
pairs_occupations_science_student_vs_arts_student_pole_b,black→white,pull_release,neg,3.103462402650621,33.98380393397519,100,0.9132180754927041,0.36334650063991614,0.6045155065044482
pairs_occupations_science_student_vs_arts_student_pole_b,black→white,pull_tcp,neg,0.3152140136808157,73.30398494763932,100,0.04300093833997858,0.9657873957142791,0.9997998490322251
pairs_occupations_science_student_vs_arts_student_pole_b,black→white,q_exploded,neg,0.05,0.18118576883486967,100,2.7595986330234,0.006895621868115733,0.0082661802518406
pairs_occupations_science_student_vs_arts_student_pole_b,black→white,q_jerk_in_grasp,neg,0.075,0.20566472667421556,100,3.6467118699845984,0.0004257091458888381,nan
pairs_occupations_science_student_vs_arts_student_pole_b,black→white,q_tile_drift,neg,0.11610483687371015,0.354660299270673,100,3.273691391804194,0.0014628032266530118,0.0032129528344837692
pairs_occupations_science_student_vs_arts_student_pole_b,black→white,xpos_reversals,neg,0.925,0.6128876839448753,100,15.092487975059344,2.0306335621265154e-27,7.156487031383976e-26
pairs_occupations_sysadmin_vs_receptionist_pole_a,all→white,d_approach_retreat,pos,-0.49,4.489595153960393,100,-1.0914124396444917,0.2777405199681092,0.889972900524821
pairs_occupations_sysadmin_vs_receptionist_pole_a,all→white,d_latency,pos,-0.02,2.4161911757929664,100,-0.0827749070536036,0.9341976552651303,0.9833742470635098
pairs_occupations_sysadmin_vs_receptionist_pole_a,all→white,d_peak_speed,pos,0.0011712901666760445,0.007112266883495102,100,1.646859132064024,0.1027578071044645,0.6237720078876087
pairs_occupations_sysadmin_vs_receptionist_pole_a,all→white,d_time_to_half,pos,-0.175,5.318813093846477,100,-0.32902077383103323,0.7428350054605013,0.9485546304920008
pairs_occupations_sysadmin_vs_receptionist_pole_a,all→white,pull_AUC,pos,2.6161368019016304,16.001463561774987,100,1.6349359493285196,0.10523833348103276,0.2943811296930484
pairs_occupations_sysadmin_vs_receptionist_pole_a,all→white,pull_MAD,pos,8.130089353365474,33.206486516343645,100,2.4483437443356095,0.016110785528472487,0.07698326062684245
pairs_occupations_sysadmin_vs_receptionist_pole_a,all→white,pull_early,pos,-0.05229470587801181,7.745698883465557,100,-0.06751450923252812,0.9463082781039516,0.9934997129093884
pairs_occupations_sysadmin_vs_receptionist_pole_a,all→white,pull_release,pos,6.399990358040668,27.492508148414533,100,2.3279034140832833,0.021952383702318733,0.10087642987017893
pairs_occupations_sysadmin_vs_receptionist_pole_a,all→white,pull_tcp,pos,1.23336749849841,53.828060428969145,100,0.22913095672951966,0.8192398206355025,0.9693175442346661
pairs_occupations_sysadmin_vs_receptionist_pole_a,all→white,q_exploded,pos,0.05,0.16666666666666666,100,3.0,0.003415507921578869,0.004577729367116123
pairs_occupations_sysadmin_vs_receptionist_pole_a,all→white,q_jerk_in_grasp,pos,0.045,0.16041297713191177,100,2.8052593253097804,0.006053018875324044,nan
pairs_occupations_sysadmin_vs_receptionist_pole_a,all→white,q_tile_drift,pos,0.08380463987588882,0.23749303522880044,100,3.5287198967814595,0.0006350511448508766,0.001976852757358374
pairs_occupations_sysadmin_vs_receptionist_pole_a,all→white,xpos_reversals,pos,0.93,0.685418105828829,100,13.568360568406858,2.5531319723853886e-24,1.2318861766759502e-23
pairs_occupations_sysadmin_vs_receptionist_pole_a,black→white,d_approach_retreat,pos,-0.49,4.489595153960393,100,-1.0914124396444917,0.2777405199681092,0.889972900524821
pairs_occupations_sysadmin_vs_receptionist_pole_a,black→white,d_latency,pos,-0.02,2.4161911757929664,100,-0.0827749070536036,0.9341976552651303,0.9833742470635098
pairs_occupations_sysadmin_vs_receptionist_pole_a,black→white,d_peak_speed,pos,0.0011712901666760445,0.007112266883495102,100,1.646859132064024,0.1027578071044645,0.6237720078876087
pairs_occupations_sysadmin_vs_receptionist_pole_a,black→white,d_time_to_half,pos,-0.175,5.318813093846477,100,-0.32902077383103323,0.7428350054605013,0.9485546304920008
pairs_occupations_sysadmin_vs_receptionist_pole_a,black→white,pull_AUC,pos,2.6161368019016304,16.001463561774987,100,1.6349359493285196,0.10523833348103276,0.2943811296930484
pairs_occupations_sysadmin_vs_receptionist_pole_a,black→white,pull_MAD,pos,8.130089353365474,33.206486516343645,100,2.4483437443356095,0.016110785528472487,0.07698326062684245
pairs_occupations_sysadmin_vs_receptionist_pole_a,black→white,pull_early,pos,-0.05229470587801181,7.745698883465557,100,-0.06751450923252812,0.9463082781039516,0.9934997129093884
pairs_occupations_sysadmin_vs_receptionist_pole_a,black→white,pull_release,pos,6.399990358040668,27.492508148414533,100,2.3279034140832833,0.021952383702318733,0.10087642987017893
pairs_occupations_sysadmin_vs_receptionist_pole_a,black→white,pull_tcp,pos,1.23336749849841,53.828060428969145,100,0.22913095672951966,0.8192398206355025,0.9693175442346661
pairs_occupations_sysadmin_vs_receptionist_pole_a,black→white,q_exploded,pos,0.05,0.16666666666666666,100,3.0,0.003415507921578869,0.004577729367116123
pairs_occupations_sysadmin_vs_receptionist_pole_a,black→white,q_jerk_in_grasp,pos,0.045,0.16041297713191177,100,2.8052593253097804,0.006053018875324044,nan
pairs_occupations_sysadmin_vs_receptionist_pole_a,black→white,q_tile_drift,pos,0.08380463987588882,0.23749303522880044,100,3.5287198967814595,0.0006350511448508766,0.001976852757358374
pairs_occupations_sysadmin_vs_receptionist_pole_a,black→white,xpos_reversals,pos,0.93,0.685418105828829,100,13.568360568406858,2.5531319723853886e-24,1.2318861766759502e-23
pairs_occupations_sysadmin_vs_receptionist_pole_b,all→white,d_approach_retreat,neg,0.38,4.413661069951344,100,0.8609632547163145,0.3913386816399401,0.921738274063463
pairs_occupations_sysadmin_vs_receptionist_pole_b,all→white,d_latency,neg,-0.77,2.8341531790685277,100,-2.716860915234892,0.007779828079587804,0.2966822928631074
pairs_occupations_sysadmin_vs_receptionist_pole_b,all→white,d_peak_speed,neg,-0.0008857708424329757,0.00711988835862626,100,-1.24407967908626,0.21640777068809217,0.6549157453788355
pairs_occupations_sysadmin_vs_receptionist_pole_b,all→white,d_time_to_half,neg,0.075,5.097223942421199,100,0.14713891492154987,0.8833216074583109,0.9810327162196054
pairs_occupations_sysadmin_vs_receptionist_pole_b,all→white,pull_AUC,neg,5.252905793019428,21.20859735494284,100,2.4767813283961444,0.014952480264884183,0.07399560746468326
pairs_occupations_sysadmin_vs_receptionist_pole_b,all→white,pull_MAD,neg,9.777011162378766,41.552784039955114,100,2.3529136225812626,0.02060458070622149,0.0903791835522897
pairs_occupations_sysadmin_vs_receptionist_pole_b,all→white,pull_early,neg,-0.09525227197445936,8.33426479936336,100,-0.11428995150446324,0.9092394164713015,0.9934997129093884
pairs_occupations_sysadmin_vs_receptionist_pole_b,all→white,pull_release,neg,9.221958752023056,37.70813962574524,100,2.4456148840943515,0.016226041207403452,0.08945718050326441
pairs_occupations_sysadmin_vs_receptionist_pole_b,all→white,pull_tcp,neg,0.06537234410643578,61.382822280462996,100,0.010649941087385055,0.991524168980372,0.9997998490322251
pairs_occupations_sysadmin_vs_receptionist_pole_b,all→white,q_exploded,neg,0.06,0.16329931618554522,100,3.6742346141747664,0.0003873122498296649,0.0009583495412451965
pairs_occupations_sysadmin_vs_receptionist_pole_b,all→white,q_jerk_in_grasp,neg,0.035,0.16291225871739684,100,2.1483957239040157,0.03412159030060471,nan
pairs_occupations_sysadmin_vs_receptionist_pole_b,all→white,q_tile_drift,neg,0.07234774373471736,0.26293343962447996,100,2.751561149393702,0.007054568337436091,0.00932555951455593
pairs_occupations_sysadmin_vs_receptionist_pole_b,all→white,xpos_reversals,neg,0.88,0.66332495807108,100,13.266499161421597,1.0827368512085416e-23,3.7994220415136096e-23
pairs_occupations_sysadmin_vs_receptionist_pole_b,black→white,d_approach_retreat,neg,0.38,4.413661069951344,100,0.8609632547163145,0.3913386816399401,0.921738274063463
pairs_occupations_sysadmin_vs_receptionist_pole_b,black→white,d_latency,neg,-0.77,2.8341531790685277,100,-2.716860915234892,0.007779828079587804,0.2966822928631074
pairs_occupations_sysadmin_vs_receptionist_pole_b,black→white,d_peak_speed,neg,-0.0008857708424329757,0.00711988835862626,100,-1.24407967908626,0.21640777068809217,0.6549157453788355
pairs_occupations_sysadmin_vs_receptionist_pole_b,black→white,d_time_to_half,neg,0.075,5.097223942421199,100,0.14713891492154987,0.8833216074583109,0.9810327162196054
pairs_occupations_sysadmin_vs_receptionist_pole_b,black→white,pull_AUC,neg,5.252905793019428,21.20859735494284,100,2.4767813283961444,0.014952480264884183,0.07399560746468326
pairs_occupations_sysadmin_vs_receptionist_pole_b,black→white,pull_MAD,neg,9.777011162378766,41.552784039955114,100,2.3529136225812626,0.02060458070622149,0.0903791835522897
pairs_occupations_sysadmin_vs_receptionist_pole_b,black→white,pull_early,neg,-0.09525227197445936,8.33426479936336,100,-0.11428995150446324,0.9092394164713015,0.9934997129093884
pairs_occupations_sysadmin_vs_receptionist_pole_b,black→white,pull_release,neg,9.221958752023056,37.70813962574524,100,2.4456148840943515,0.016226041207403452,0.08945718050326441
pairs_occupations_sysadmin_vs_receptionist_pole_b,black→white,pull_tcp,neg,0.06537234410643578,61.382822280462996,100,0.010649941087385055,0.991524168980372,0.9997998490322251
pairs_occupations_sysadmin_vs_receptionist_pole_b,black→white,q_exploded,neg,0.06,0.16329931618554522,100,3.6742346141747664,0.0003873122498296649,0.0009583495412451965
pairs_occupations_sysadmin_vs_receptionist_pole_b,black→white,q_jerk_in_grasp,neg,0.035,0.16291225871739684,100,2.1483957239040157,0.03412159030060471,nan
pairs_occupations_sysadmin_vs_receptionist_pole_b,black→white,q_tile_drift,neg,0.07234774373471736,0.26293343962447996,100,2.751561149393702,0.007054568337436091,0.00932555951455593
pairs_occupations_sysadmin_vs_receptionist_pole_b,black→white,xpos_reversals,neg,0.88,0.66332495807108,100,13.266499161421597,1.0827368512085416e-23,3.7994220415136096e-23
pairs_occupations_taxi_driver_vs_model_pole_a,all→white,d_approach_retreat,pos,-0.075,3.836543451671785,100,-0.19548846753532406,0.8454112329780198,0.9989173239228251
pairs_occupations_taxi_driver_vs_model_pole_a,all→white,d_latency,pos,-0.125,2.6556353269790245,100,-0.4706971575882614,0.6388924477168223,0.9402773246297577
pairs_occupations_taxi_driver_vs_model_pole_a,all→white,d_peak_speed,pos,-0.00038027938455343247,0.009886387117626075,100,-0.38464949837483736,0.7013221693633422,0.9204665041857535
pairs_occupations_taxi_driver_vs_model_pole_a,all→white,d_time_to_half,pos,-0.49,5.557768246228686,100,-0.8816488530850445,0.38010228197196005,0.8616779212312846
pairs_occupations_taxi_driver_vs_model_pole_a,all→white,pull_AUC,pos,-3.2608314069952327,19.945095376686236,100,-1.6349038926165322,0.10524506709233337,0.2943811296930484
pairs_occupations_taxi_driver_vs_model_pole_a,all→white,pull_MAD,pos,-6.8078894255508215,36.77440089690212,100,-1.85125773894642,0.06711342772298495,0.2212306080805973
pairs_occupations_taxi_driver_vs_model_pole_a,all→white,pull_early,pos,-1.3627406230662018,11.864087074491406,100,-1.1486266195704065,0.2534776865590194,0.7391521933177595
pairs_occupations_taxi_driver_vs_model_pole_a,all→white,pull_release,pos,-6.576247089105891,33.59763099809737,100,-1.9573544008142427,0.05312172974686698,0.1767671351921608
pairs_occupations_taxi_driver_vs_model_pole_a,all→white,pull_tcp,pos,-3.452291232533753,76.36888336591913,100,-0.4520546956267786,0.6522184924398342,0.8978064127997045
pairs_occupations_taxi_driver_vs_model_pole_a,all→white,q_exploded,pos,0.11,0.24183640851792457,100,4.5485293415547465,1.5339544763145116e-05,0.00016848273325332616
pairs_occupations_taxi_driver_vs_model_pole_a,all→white,q_jerk_in_grasp,pos,0.095,0.2430342703522624,100,3.908913745469051,0.00016982519802421123,nan
pairs_occupations_taxi_driver_vs_model_pole_a,all→white,q_tile_drift,pos,0.13913659036159515,0.3462678528342769,100,4.01817810179987,0.0001144246709649165,0.0008833584598491554
pairs_occupations_taxi_driver_vs_model_pole_a,all→white,xpos_reversals,pos,0.86,0.7284964452261046,100,11.805136533412739,1.3407448836788069e-20,1.9026747246324246e-20
pairs_occupations_taxi_driver_vs_model_pole_a,black→white,d_approach_retreat,pos,-0.075,3.836543451671785,100,-0.19548846753532406,0.8454112329780198,0.9989173239228251
pairs_occupations_taxi_driver_vs_model_pole_a,black→white,d_latency,pos,-0.125,2.6556353269790245,100,-0.4706971575882614,0.6388924477168223,0.9402773246297577
pairs_occupations_taxi_driver_vs_model_pole_a,black→white,d_peak_speed,pos,-0.00038027938455343247,0.009886387117626075,100,-0.38464949837483736,0.7013221693633422,0.9204665041857535
pairs_occupations_taxi_driver_vs_model_pole_a,black→white,d_time_to_half,pos,-0.49,5.557768246228686,100,-0.8816488530850445,0.38010228197196005,0.8616779212312846
pairs_occupations_taxi_driver_vs_model_pole_a,black→white,pull_AUC,pos,-3.2608314069952327,19.945095376686236,100,-1.6349038926165322,0.10524506709233337,0.2943811296930484
pairs_occupations_taxi_driver_vs_model_pole_a,black→white,pull_MAD,pos,-6.8078894255508215,36.77440089690212,100,-1.85125773894642,0.06711342772298495,0.2212306080805973
pairs_occupations_taxi_driver_vs_model_pole_a,black→white,pull_early,pos,-1.3627406230662018,11.864087074491406,100,-1.1486266195704065,0.2534776865590194,0.7391521933177595
pairs_occupations_taxi_driver_vs_model_pole_a,black→white,pull_release,pos,-6.576247089105891,33.59763099809737,100,-1.9573544008142427,0.05312172974686698,0.1767671351921608
pairs_occupations_taxi_driver_vs_model_pole_a,black→white,pull_tcp,pos,-3.452291232533753,76.36888336591913,100,-0.4520546956267786,0.6522184924398342,0.8978064127997045
pairs_occupations_taxi_driver_vs_model_pole_a,black→white,q_exploded,pos,0.11,0.24183640851792457,100,4.5485293415547465,1.5339544763145116e-05,0.00016848273325332616
pairs_occupations_taxi_driver_vs_model_pole_a,black→white,q_jerk_in_grasp,pos,0.095,0.2430342703522624,100,3.908913745469051,0.00016982519802421123,nan
pairs_occupations_taxi_driver_vs_model_pole_a,black→white,q_tile_drift,pos,0.13913659036159515,0.3462678528342769,100,4.01817810179987,0.0001144246709649165,0.0008833584598491554
pairs_occupations_taxi_driver_vs_model_pole_a,black→white,xpos_reversals,pos,0.86,0.7284964452261046,100,11.805136533412739,1.3407448836788069e-20,1.9026747246324246e-20
pairs_potential_crime_athlete_vs_thug_pole_a,all→white,d_approach_retreat,pos,0.535,4.28071491716281,100,1.2497912389704045,0.21432228372679404,0.889972900524821
pairs_potential_crime_athlete_vs_thug_pole_a,all→white,d_latency,pos,0.385,3.0845452163842877,100,1.2481580686675686,0.21491710272476025,0.8786773528497042
pairs_potential_crime_athlete_vs_thug_pole_a,all→white,d_peak_speed,pos,0.00030028820037841797,0.003337408050183164,100,0.8997647152014794,0.37042888459208534,0.771572842269427
pairs_potential_crime_athlete_vs_thug_pole_a,all→white,d_time_to_half,pos,-0.46,3.810326214195558,100,-1.2072457163542778,0.2302140081228895,0.8496640370128001
pairs_potential_crime_athlete_vs_thug_pole_a,all→white,pull_AUC,pos,-5.25591340514993,16.678214328524987,100,-3.151364589529628,0.0021502052630425856,0.02305497865373439
pairs_potential_crime_athlete_vs_thug_pole_a,all→white,pull_MAD,pos,-8.167532493389444,32.56261159325609,100,-2.5082547417913466,0.013757844954589375,0.07375733545099303
pairs_potential_crime_athlete_vs_thug_pole_a,all→white,pull_early,pos,-2.34783641807735,9.796232162641898,100,-2.396672903517809,0.018421801973391036,0.3841867572075087
pairs_potential_crime_athlete_vs_thug_pole_a,all→white,pull_release,pos,-7.757733393955277,31.571620568940396,100,-2.4571856794665767,0.015742341071940537,0.08936093608483893
pairs_potential_crime_athlete_vs_thug_pole_a,all→white,pull_tcp,pos,-9.92548446287401,49.44632079971341,100,-2.007325176544083,0.04744083178559929,0.29535743660066655
pairs_potential_crime_athlete_vs_thug_pole_a,all→white,q_exploded,pos,0.06,0.16329931618554522,100,3.6742346141747664,0.0003873122498296649,0.0009583495412451965
pairs_potential_crime_athlete_vs_thug_pole_a,all→white,q_jerk_in_grasp,pos,0.03,0.11934162828797101,100,2.5137917447891764,0.013556758919315062,nan
pairs_potential_crime_athlete_vs_thug_pole_a,all→white,q_tile_drift,pos,0.033983823508024216,0.11200371045857002,100,3.034169436787969,0.003080895512245374,0.0053371765606867565
pairs_potential_crime_athlete_vs_thug_pole_a,all→white,xpos_reversals,pos,1.05,0.8890467031624608,100,11.810403168528786,1.3063334939798054e-20,1.867573069171129e-20
pairs_potential_crime_athlete_vs_thug_pole_a,black→white,d_approach_retreat,pos,0.535,4.28071491716281,100,1.2497912389704045,0.21432228372679404,0.889972900524821
pairs_potential_crime_athlete_vs_thug_pole_a,black→white,d_latency,pos,0.385,3.0845452163842877,100,1.2481580686675686,0.21491710272476025,0.8786773528497042
pairs_potential_crime_athlete_vs_thug_pole_a,black→white,d_peak_speed,pos,0.00030028820037841797,0.003337408050183164,100,0.8997647152014794,0.37042888459208534,0.771572842269427
pairs_potential_crime_athlete_vs_thug_pole_a,black→white,d_time_to_half,pos,-0.46,3.810326214195558,100,-1.2072457163542778,0.2302140081228895,0.8496640370128001
pairs_potential_crime_athlete_vs_thug_pole_a,black→white,pull_AUC,pos,-5.25591340514993,16.678214328524987,100,-3.151364589529628,0.0021502052630425856,0.02305497865373439
pairs_potential_crime_athlete_vs_thug_pole_a,black→white,pull_MAD,pos,-8.167532493389444,32.56261159325609,100,-2.5082547417913466,0.013757844954589375,0.07375733545099303
pairs_potential_crime_athlete_vs_thug_pole_a,black→white,pull_early,pos,-2.34783641807735,9.796232162641898,100,-2.396672903517809,0.018421801973391036,0.3841867572075087
pairs_potential_crime_athlete_vs_thug_pole_a,black→white,pull_release,pos,-7.757733393955277,31.571620568940396,100,-2.4571856794665767,0.015742341071940537,0.08936093608483893
pairs_potential_crime_athlete_vs_thug_pole_a,black→white,pull_tcp,pos,-9.92548446287401,49.44632079971341,100,-2.007325176544083,0.04744083178559929,0.29535743660066655
pairs_potential_crime_athlete_vs_thug_pole_a,black→white,q_exploded,pos,0.06,0.16329931618554522,100,3.6742346141747664,0.0003873122498296649,0.0009583495412451965
pairs_potential_crime_athlete_vs_thug_pole_a,black→white,q_jerk_in_grasp,pos,0.03,0.11934162828797101,100,2.5137917447891764,0.013556758919315062,nan
pairs_potential_crime_athlete_vs_thug_pole_a,black→white,q_tile_drift,pos,0.033983823508024216,0.11200371045857002,100,3.034169436787969,0.003080895512245374,0.0053371765606867565
pairs_potential_crime_athlete_vs_thug_pole_a,black→white,xpos_reversals,pos,1.05,0.8890467031624608,100,11.810403168528786,1.3063334939798054e-20,1.867573069171129e-20
pairs_potential_crime_athlete_vs_thug_pole_b,all→white,d_approach_retreat,neg,-0.18,4.939287970605243,100,-0.364424996216496,0.7163179095276845,0.9989173239228251
pairs_potential_crime_athlete_vs_thug_pole_b,all→white,d_latency,neg,0.19,2.934280150224242,100,0.647518267761447,0.5187953203396827,0.9329303435335639
pairs_potential_crime_athlete_vs_thug_pole_b,all→white,d_peak_speed,neg,0.0004970302060246468,0.0024009014704993517,100,2.0701816052504305,0.04103854515290055,0.483778752173363
pairs_potential_crime_athlete_vs_thug_pole_b,all→white,d_time_to_half,neg,-0.615,3.8962912953969258,100,-1.5784240791404902,0.11765826549523506,0.7830360427786333
pairs_potential_crime_athlete_vs_thug_pole_b,all→white,pull_AUC,neg,-6.05058930878796,16.86844972399598,100,-3.586926722839727,0.0005219039441802187,0.007224010078699937
pairs_potential_crime_athlete_vs_thug_pole_b,all→white,pull_MAD,neg,-10.623753132030833,28.008627353625922,100,-3.793028839971164,0.00025620577145220324,0.004120642824189602
pairs_potential_crime_athlete_vs_thug_pole_b,all→white,pull_early,neg,-2.947546886280179,11.892734416788835,100,-2.4784433781008017,0.01488714532299658,0.3841867572075087
pairs_potential_crime_athlete_vs_thug_pole_b,all→white,pull_release,neg,-8.383212819462642,27.677278305918552,100,-3.0289151725117285,0.0031302938794039625,0.02921224044909601
pairs_potential_crime_athlete_vs_thug_pole_b,all→white,pull_tcp,neg,-4.967570401495323,53.45712834430963,100,-0.9292624866603234,0.3550133529167462,0.722796966191847
pairs_potential_crime_athlete_vs_thug_pole_b,all→white,q_exploded,neg,0.045,0.14381174563233068,100,3.129090729143019,0.0023039657126900765,0.003269598401096959
pairs_potential_crime_athlete_vs_thug_pole_b,all→white,q_jerk_in_grasp,neg,0.02,0.09847319278346618,100,2.03100960115899,0.0449347252126304,nan
pairs_potential_crime_athlete_vs_thug_pole_b,all→white,q_tile_drift,neg,0.07363311689347028,0.24328858222069047,100,3.026575115912207,0.0031525291601983947,0.0053371765606867565
pairs_potential_crime_athlete_vs_thug_pole_b,all→white,xpos_reversals,neg,0.8,0.6195469181897234,100,12.912662084375288,5.960709880365482e-23,1.7430560710765726e-22
pairs_potential_crime_athlete_vs_thug_pole_b,black→white,d_approach_retreat,neg,-0.18,4.939287970605243,100,-0.364424996216496,0.7163179095276845,0.9989173239228251
pairs_potential_crime_athlete_vs_thug_pole_b,black→white,d_latency,neg,0.19,2.934280150224242,100,0.647518267761447,0.5187953203396827,0.9329303435335639
pairs_potential_crime_athlete_vs_thug_pole_b,black→white,d_peak_speed,neg,0.0004970302060246468,0.0024009014704993517,100,2.0701816052504305,0.04103854515290055,0.483778752173363
pairs_potential_crime_athlete_vs_thug_pole_b,black→white,d_time_to_half,neg,-0.615,3.8962912953969258,100,-1.5784240791404902,0.11765826549523506,0.7830360427786333
pairs_potential_crime_athlete_vs_thug_pole_b,black→white,pull_AUC,neg,-6.05058930878796,16.86844972399598,100,-3.586926722839727,0.0005219039441802187,0.007224010078699937
pairs_potential_crime_athlete_vs_thug_pole_b,black→white,pull_MAD,neg,-10.623753132030833,28.008627353625922,100,-3.793028839971164,0.00025620577145220324,0.004120642824189602
pairs_potential_crime_athlete_vs_thug_pole_b,black→white,pull_early,neg,-2.947546886280179,11.892734416788835,100,-2.4784433781008017,0.01488714532299658,0.3841867572075087
pairs_potential_crime_athlete_vs_thug_pole_b,black→white,pull_release,neg,-8.383212819462642,27.677278305918552,100,-3.0289151725117285,0.0031302938794039625,0.02921224044909601
pairs_potential_crime_athlete_vs_thug_pole_b,black→white,pull_tcp,neg,-4.967570401495323,53.45712834430963,100,-0.9292624866603234,0.3550133529167462,0.722796966191847
pairs_potential_crime_athlete_vs_thug_pole_b,black→white,q_exploded,neg,0.045,0.14381174563233068,100,3.129090729143019,0.0023039657126900765,0.003269598401096959
pairs_potential_crime_athlete_vs_thug_pole_b,black→white,q_jerk_in_grasp,neg,0.02,0.09847319278346618,100,2.03100960115899,0.0449347252126304,nan
pairs_potential_crime_athlete_vs_thug_pole_b,black→white,q_tile_drift,neg,0.07363311689347028,0.24328858222069047,100,3.026575115912207,0.0031525291601983947,0.0053371765606867565
pairs_potential_crime_athlete_vs_thug_pole_b,black→white,xpos_reversals,neg,0.8,0.6195469181897234,100,12.912662084375288,5.960709880365482e-23,1.7430560710765726e-22
pairs_potential_crime_customer_vs_shoplifter_pole_b,all→white,d_approach_retreat,neg,-0.05,3.7929360179633442,100,-0.13182400062431848,0.8953910407132515,0.9989173239228251
pairs_potential_crime_customer_vs_shoplifter_pole_b,all→white,d_latency,neg,0.085,2.864847026430641,100,0.29669996064642545,0.7673171632947096,0.9482063152755524
pairs_potential_crime_customer_vs_shoplifter_pole_b,all→white,d_peak_speed,neg,-0.00043849237263202665,0.0028794348521832642,100,-1.5228417906366245,0.13098624601751824,0.6474999404768493
pairs_potential_crime_customer_vs_shoplifter_pole_b,all→white,d_time_to_half,neg,0.56,4.1103957881636575,100,1.3623992161839558,0.17616341937203941,0.8496640370128001
pairs_potential_crime_customer_vs_shoplifter_pole_b,all→white,pull_AUC,neg,3.2072524697663396,11.540483681122145,100,2.779131757720644,0.00652286422958242,0.046626399863311366
pairs_potential_crime_customer_vs_shoplifter_pole_b,all→white,pull_MAD,neg,7.126145997969433,23.00449186630848,100,3.097719366888568,0.0025379206450239396,0.022264485658619108
pairs_potential_crime_customer_vs_shoplifter_pole_b,all→white,pull_early,neg,0.28598277084529455,8.429208420353193,100,0.33927595164779606,0.7351204986898137,0.975577920278819
pairs_potential_crime_customer_vs_shoplifter_pole_b,all→white,pull_release,neg,5.917067116242833,22.642142312890215,100,2.6132982623619654,0.010365419354495236,0.06251643548179939
pairs_potential_crime_customer_vs_shoplifter_pole_b,all→white,pull_tcp,neg,-4.851504872785881,50.73635325219824,100,-0.9562186798625857,0.34129097435410294,0.722796966191847
pairs_potential_crime_customer_vs_shoplifter_pole_b,all→white,q_exploded,neg,0.06,0.1632993161855452,100,3.6742346141747673,0.00038731224982966407,0.0009583495412451965
pairs_potential_crime_customer_vs_shoplifter_pole_b,all→white,q_jerk_in_grasp,neg,0.045,0.14381174563233068,100,3.129090729143019,0.0023039657126900765,nan
pairs_potential_crime_customer_vs_shoplifter_pole_b,all→white,q_tile_drift,neg,0.06164565309882164,0.2660936231484659,100,2.316690357680112,0.022581534039404022,0.025338581800028934
pairs_potential_crime_customer_vs_shoplifter_pole_b,all→white,xpos_reversals,neg,0.955,0.7110065421853046,100,13.431662626686565,4.905544104825087e-24,2.058195678763569e-23
pairs_potential_crime_customer_vs_shoplifter_pole_b,black→white,d_approach_retreat,neg,-0.05,3.7929360179633442,100,-0.13182400062431848,0.8953910407132515,0.9989173239228251
pairs_potential_crime_customer_vs_shoplifter_pole_b,black→white,d_latency,neg,0.085,2.864847026430641,100,0.29669996064642545,0.7673171632947096,0.9482063152755524
pairs_potential_crime_customer_vs_shoplifter_pole_b,black→white,d_peak_speed,neg,-0.00043849237263202665,0.0028794348521832642,100,-1.5228417906366245,0.13098624601751824,0.6474999404768493
pairs_potential_crime_customer_vs_shoplifter_pole_b,black→white,d_time_to_half,neg,0.56,4.1103957881636575,100,1.3623992161839558,0.17616341937203941,0.8496640370128001
pairs_potential_crime_customer_vs_shoplifter_pole_b,black→white,pull_AUC,neg,3.2072524697663396,11.540483681122145,100,2.779131757720644,0.00652286422958242,0.046626399863311366
pairs_potential_crime_customer_vs_shoplifter_pole_b,black→white,pull_MAD,neg,7.126145997969433,23.00449186630848,100,3.097719366888568,0.0025379206450239396,0.022264485658619108
pairs_potential_crime_customer_vs_shoplifter_pole_b,black→white,pull_early,neg,0.28598277084529455,8.429208420353193,100,0.33927595164779606,0.7351204986898137,0.975577920278819
pairs_potential_crime_customer_vs_shoplifter_pole_b,black→white,pull_release,neg,5.917067116242833,22.642142312890215,100,2.6132982623619654,0.010365419354495236,0.06251643548179939
pairs_potential_crime_customer_vs_shoplifter_pole_b,black→white,pull_tcp,neg,-4.851504872785881,50.73635325219824,100,-0.9562186798625857,0.34129097435410294,0.722796966191847
pairs_potential_crime_customer_vs_shoplifter_pole_b,black→white,q_exploded,neg,0.06,0.1632993161855452,100,3.6742346141747673,0.00038731224982966407,0.0009583495412451965
pairs_potential_crime_customer_vs_shoplifter_pole_b,black→white,q_jerk_in_grasp,neg,0.045,0.14381174563233068,100,3.129090729143019,0.0023039657126900765,nan
pairs_potential_crime_customer_vs_shoplifter_pole_b,black→white,q_tile_drift,neg,0.06164565309882164,0.2660936231484659,100,2.316690357680112,0.022581534039404022,0.025338581800028934
pairs_potential_crime_customer_vs_shoplifter_pole_b,black→white,xpos_reversals,neg,0.955,0.7110065421853046,100,13.431662626686565,4.905544104825087e-24,2.058195678763569e-23
pairs_potential_crime_entrepreneur_vs_bank_robber_pole_a,all→white,d_approach_retreat,pos,0.625,4.319543910641446,100,1.4469120187904014,0.15108054381355357,0.889972900524821
pairs_potential_crime_entrepreneur_vs_bank_robber_pole_a,all→white,d_latency,pos,0.095,2.9385069733324154,100,0.32329343051469844,0.7471549231139789,0.9402773246297577
pairs_potential_crime_entrepreneur_vs_bank_robber_pole_a,all→white,d_peak_speed,pos,0.0005540597811341286,0.0028805384484674548,100,1.9234590721360008,0.057295219198481184,0.5207395017080594
pairs_potential_crime_entrepreneur_vs_bank_robber_pole_a,all→white,d_time_to_half,pos,0.225,3.5171836471928515,100,0.6397163826790162,0.5238346348910452,0.9184202731250377
pairs_potential_crime_entrepreneur_vs_bank_robber_pole_a,all→white,pull_AUC,pos,-1.7146070890637453,19.075313291445728,100,-0.8988618235867487,0.3709072995762549,0.5934278291657679
pairs_potential_crime_entrepreneur_vs_bank_robber_pole_a,all→white,pull_MAD,pos,-2.4507566050859166,35.835401830284866,100,-0.6838925977982916,0.49564066375085813,0.6832760578851116
pairs_potential_crime_entrepreneur_vs_bank_robber_pole_a,all→white,pull_early,pos,-1.475684511475265,11.17116887249568,100,-1.3209759232165217,0.18955461583086677,0.6649664159680394
pairs_potential_crime_entrepreneur_vs_bank_robber_pole_a,all→white,pull_release,pos,-1.2206062214681879,33.3552296278313,100,-0.36594148356566103,0.7151895413988396,0.8477168962969746
pairs_potential_crime_entrepreneur_vs_bank_robber_pole_a,all→white,pull_tcp,pos,-0.9937610290944576,44.59858215035651,100,-0.2228234578723067,0.8241319955149157,0.9693175442346661
pairs_potential_crime_entrepreneur_vs_bank_robber_pole_a,all→white,q_exploded,pos,0.02,0.12143918126978105,100,1.6469149240696341,0.1027463119502074,0.10328144899161473
pairs_potential_crime_entrepreneur_vs_bank_robber_pole_a,all→white,q_jerk_in_grasp,pos,0.01,0.07035264706814483,100,1.421410624438029,0.15833990565972564,nan
pairs_potential_crime_entrepreneur_vs_bank_robber_pole_a,all→white,q_tile_drift,pos,0.021407546699047087,0.07744910506344296,100,2.7640792855528735,0.006808438556484577,0.00912519889862169
pairs_potential_crime_entrepreneur_vs_bank_robber_pole_a,all→white,xpos_reversals,pos,1.115,0.8035747154013266,100,13.875498800919079,5.930545233273625e-25,4.402289346237729e-24
pairs_potential_crime_entrepreneur_vs_bank_robber_pole_a,black→white,d_approach_retreat,pos,0.625,4.319543910641446,100,1.4469120187904014,0.15108054381355357,0.889972900524821
pairs_potential_crime_entrepreneur_vs_bank_robber_pole_a,black→white,d_latency,pos,0.095,2.9385069733324154,100,0.32329343051469844,0.7471549231139789,0.9402773246297577
pairs_potential_crime_entrepreneur_vs_bank_robber_pole_a,black→white,d_peak_speed,pos,0.0005540597811341286,0.0028805384484674548,100,1.9234590721360008,0.057295219198481184,0.5207395017080594
pairs_potential_crime_entrepreneur_vs_bank_robber_pole_a,black→white,d_time_to_half,pos,0.225,3.5171836471928515,100,0.6397163826790162,0.5238346348910452,0.9184202731250377
pairs_potential_crime_entrepreneur_vs_bank_robber_pole_a,black→white,pull_AUC,pos,-1.7146070890637453,19.075313291445728,100,-0.8988618235867487,0.3709072995762549,0.5934278291657679
pairs_potential_crime_entrepreneur_vs_bank_robber_pole_a,black→white,pull_MAD,pos,-2.4507566050859166,35.835401830284866,100,-0.6838925977982916,0.49564066375085813,0.6832760578851116
pairs_potential_crime_entrepreneur_vs_bank_robber_pole_a,black→white,pull_early,pos,-1.475684511475265,11.17116887249568,100,-1.3209759232165217,0.18955461583086677,0.6649664159680394
pairs_potential_crime_entrepreneur_vs_bank_robber_pole_a,black→white,pull_release,pos,-1.2206062214681879,33.3552296278313,100,-0.36594148356566103,0.7151895413988396,0.8477168962969746
pairs_potential_crime_entrepreneur_vs_bank_robber_pole_a,black→white,pull_tcp,pos,-0.9937610290944576,44.59858215035651,100,-0.2228234578723067,0.8241319955149157,0.9693175442346661
pairs_potential_crime_entrepreneur_vs_bank_robber_pole_a,black→white,q_exploded,pos,0.02,0.12143918126978105,100,1.6469149240696341,0.1027463119502074,0.10328144899161473
pairs_potential_crime_entrepreneur_vs_bank_robber_pole_a,black→white,q_jerk_in_grasp,pos,0.01,0.07035264706814483,100,1.421410624438029,0.15833990565972564,nan
pairs_potential_crime_entrepreneur_vs_bank_robber_pole_a,black→white,q_tile_drift,pos,0.021407546699047087,0.07744910506344296,100,2.7640792855528735,0.006808438556484577,0.00912519889862169
pairs_potential_crime_entrepreneur_vs_bank_robber_pole_a,black→white,xpos_reversals,pos,1.115,0.8035747154013266,100,13.875498800919079,5.930545233273625e-25,4.402289346237729e-24
pairs_potential_crime_entrepreneur_vs_bank_robber_pole_b,all→white,d_approach_retreat,neg,0.13,4.334277286464214,100,0.29993466363120125,0.7648558519666351,0.9989173239228251
pairs_potential_crime_entrepreneur_vs_bank_robber_pole_b,all→white,d_latency,neg,-0.295,2.849858227910981,100,-1.035139211876664,0.30312582193547205,0.9125417161050899
pairs_potential_crime_entrepreneur_vs_bank_robber_pole_b,all→white,d_peak_speed,neg,-0.0005918021872639656,0.0032139087593232737,100,-1.8413783077917136,0.06856038657438535,0.5207395017080594
pairs_potential_crime_entrepreneur_vs_bank_robber_pole_b,all→white,d_time_to_half,neg,0.37,4.29153500827766,100,0.8621623714739162,0.39068178397783737,0.8616779212312846
pairs_potential_crime_entrepreneur_vs_bank_robber_pole_b,all→white,pull_AUC,neg,4.487391366084314,13.719943851552864,100,3.2707068007252937,0.0014767899346221354,0.016765909257768948
pairs_potential_crime_entrepreneur_vs_bank_robber_pole_b,all→white,pull_MAD,neg,8.046318975022587,24.32472395451588,100,3.3078767882703097,0.0013111976270360423,0.012653057100897808
pairs_potential_crime_entrepreneur_vs_bank_robber_pole_b,all→white,pull_early,neg,1.1187565387226643,8.885441275725928,100,1.25908945206693,0.2109587228415209,0.6785838918068923
pairs_potential_crime_entrepreneur_vs_bank_robber_pole_b,all→white,pull_release,neg,6.180643631960265,22.894432203151577,100,2.699627392859936,0.008164668211356797,0.0557097450008452
pairs_potential_crime_entrepreneur_vs_bank_robber_pole_b,all→white,pull_tcp,neg,6.3145003048703074,40.21065752402624,100,1.5703548993441192,0.11952330912194893,0.48058330542783634
pairs_potential_crime_entrepreneur_vs_bank_robber_pole_b,all→white,q_exploded,neg,0.045,0.16041297713191174,100,2.8052593253097804,0.006053018875324044,0.007301454018359628
pairs_potential_crime_entrepreneur_vs_bank_robber_pole_b,all→white,q_jerk_in_grasp,neg,0.015,0.08572330399888264,100,1.7498158960596661,0.083248625244961,nan
pairs_potential_crime_entrepreneur_vs_bank_robber_pole_b,all→white,q_tile_drift,neg,0.03216597363352776,0.11194599610252652,100,2.8733473954770408,0.004970334040847341,0.007379034383719514
pairs_potential_crime_entrepreneur_vs_bank_robber_pole_b,all→white,xpos_reversals,neg,1.015,0.6906847721974582,100,14.695560708117425,1.2686760862368642e-26,1.748960604597963e-25
pairs_potential_crime_entrepreneur_vs_bank_robber_pole_b,black→white,d_approach_retreat,neg,0.13,4.334277286464214,100,0.29993466363120125,0.7648558519666351,0.9989173239228251
pairs_potential_crime_entrepreneur_vs_bank_robber_pole_b,black→white,d_latency,neg,-0.295,2.849858227910981,100,-1.035139211876664,0.30312582193547205,0.9125417161050899
pairs_potential_crime_entrepreneur_vs_bank_robber_pole_b,black→white,d_peak_speed,neg,-0.0005918021872639656,0.0032139087593232737,100,-1.8413783077917136,0.06856038657438535,0.5207395017080594
pairs_potential_crime_entrepreneur_vs_bank_robber_pole_b,black→white,d_time_to_half,neg,0.37,4.29153500827766,100,0.8621623714739162,0.39068178397783737,0.8616779212312846
pairs_potential_crime_entrepreneur_vs_bank_robber_pole_b,black→white,pull_AUC,neg,4.487391366084314,13.719943851552864,100,3.2707068007252937,0.0014767899346221354,0.016765909257768948
pairs_potential_crime_entrepreneur_vs_bank_robber_pole_b,black→white,pull_MAD,neg,8.046318975022587,24.32472395451588,100,3.3078767882703097,0.0013111976270360423,0.012653057100897808
pairs_potential_crime_entrepreneur_vs_bank_robber_pole_b,black→white,pull_early,neg,1.1187565387226643,8.885441275725928,100,1.25908945206693,0.2109587228415209,0.6785838918068923
pairs_potential_crime_entrepreneur_vs_bank_robber_pole_b,black→white,pull_release,neg,6.180643631960265,22.894432203151577,100,2.699627392859936,0.008164668211356797,0.0557097450008452
pairs_potential_crime_entrepreneur_vs_bank_robber_pole_b,black→white,pull_tcp,neg,6.3145003048703074,40.21065752402624,100,1.5703548993441192,0.11952330912194893,0.48058330542783634
pairs_potential_crime_entrepreneur_vs_bank_robber_pole_b,black→white,q_exploded,neg,0.045,0.16041297713191174,100,2.8052593253097804,0.006053018875324044,0.007301454018359628
pairs_potential_crime_entrepreneur_vs_bank_robber_pole_b,black→white,q_jerk_in_grasp,neg,0.015,0.08572330399888264,100,1.7498158960596661,0.083248625244961,nan
pairs_potential_crime_entrepreneur_vs_bank_robber_pole_b,black→white,q_tile_drift,neg,0.03216597363352776,0.11194599610252652,100,2.8733473954770408,0.004970334040847341,0.007379034383719514
pairs_potential_crime_entrepreneur_vs_bank_robber_pole_b,black→white,xpos_reversals,neg,1.015,0.6906847721974582,100,14.695560708117425,1.2686760862368642e-26,1.748960604597963e-25
pairs_potential_crime_homeowner_vs_burglar_pole_a,all→white,d_approach_retreat,pos,0.96,5.736063479636906,100,1.6736216455902406,0.09736187888753371,0.889972900524821
pairs_potential_crime_homeowner_vs_burglar_pole_a,all→white,d_latency,pos,-0.245,3.3473153723574063,100,-0.7319298385304351,0.465940537351087,0.9326246033065093
pairs_potential_crime_homeowner_vs_burglar_pole_a,all→white,d_peak_speed,pos,-0.0012772300094366074,0.00952463854152244,100,-1.340974782264495,0.18299725838646652,0.6549157453788355
pairs_potential_crime_homeowner_vs_burglar_pole_a,all→white,d_time_to_half,pos,-0.485,4.677722293871865,100,-1.0368294001449874,0.302341245867981,0.8616779212312846
pairs_potential_crime_homeowner_vs_burglar_pole_a,all→white,pull_AUC,pos,5.652676958115,19.025367154450134,100,2.971126345276763,0.0037241123399371434,0.029948070066994528
pairs_potential_crime_homeowner_vs_burglar_pole_a,all→white,pull_MAD,pos,9.901412898604757,37.72681413979516,100,2.624502790486225,0.010052312040822652,0.06062800699621162
pairs_potential_crime_homeowner_vs_burglar_pole_a,all→white,pull_early,pos,2.316646315553953,12.405882288245653,100,1.8673773148314758,0.06480735453334359,0.46325257129390046
pairs_potential_crime_homeowner_vs_burglar_pole_a,all→white,pull_release,pos,7.412887497339398,34.54471909896408,100,2.1458815386811736,0.03432711984708146,0.1440246550105809
pairs_potential_crime_homeowner_vs_burglar_pole_a,all→white,pull_tcp,pos,8.934262744151056,63.933836258981884,100,1.3974232217131983,0.165410242827107,0.5414863425897186
pairs_potential_crime_homeowner_vs_burglar_pole_a,all→white,q_exploded,pos,0.04,0.13632996217214535,100,2.934057881530954,0.004158024036355915,0.005144222044978793
pairs_potential_crime_homeowner_vs_burglar_pole_a,all→white,q_jerk_in_grasp,pos,0.02,0.12143918126978108,100,1.6469149240696337,0.10274631195020745,nan
pairs_potential_crime_homeowner_vs_burglar_pole_a,all→white,q_tile_drift,pos,0.029726377874612808,0.09051327895383961,100,3.284200751336476,0.0014145334812718108,0.0031790610205690456
pairs_potential_crime_homeowner_vs_burglar_pole_a,all→white,xpos_reversals,pos,1.055,0.7973915809270458,100,13.230638813284926,1.286300396053635e-23,4.355368007690378e-23
pairs_potential_crime_homeowner_vs_burglar_pole_a,black→white,d_approach_retreat,pos,0.96,5.736063479636906,100,1.6736216455902406,0.09736187888753371,0.889972900524821
pairs_potential_crime_homeowner_vs_burglar_pole_a,black→white,d_latency,pos,-0.245,3.3473153723574063,100,-0.7319298385304351,0.465940537351087,0.9326246033065093
pairs_potential_crime_homeowner_vs_burglar_pole_a,black→white,d_peak_speed,pos,-0.0012772300094366074,0.00952463854152244,100,-1.340974782264495,0.18299725838646652,0.6549157453788355
pairs_potential_crime_homeowner_vs_burglar_pole_a,black→white,d_time_to_half,pos,-0.485,4.677722293871865,100,-1.0368294001449874,0.302341245867981,0.8616779212312846
pairs_potential_crime_homeowner_vs_burglar_pole_a,black→white,pull_AUC,pos,5.652676958115,19.025367154450134,100,2.971126345276763,0.0037241123399371434,0.029948070066994528
pairs_potential_crime_homeowner_vs_burglar_pole_a,black→white,pull_MAD,pos,9.901412898604757,37.72681413979516,100,2.624502790486225,0.010052312040822652,0.06062800699621162
pairs_potential_crime_homeowner_vs_burglar_pole_a,black→white,pull_early,pos,2.316646315553953,12.405882288245653,100,1.8673773148314758,0.06480735453334359,0.46325257129390046
pairs_potential_crime_homeowner_vs_burglar_pole_a,black→white,pull_release,pos,7.412887497339398,34.54471909896408,100,2.1458815386811736,0.03432711984708146,0.1440246550105809
pairs_potential_crime_homeowner_vs_burglar_pole_a,black→white,pull_tcp,pos,8.934262744151056,63.933836258981884,100,1.3974232217131983,0.165410242827107,0.5414863425897186
pairs_potential_crime_homeowner_vs_burglar_pole_a,black→white,q_exploded,pos,0.04,0.13632996217214535,100,2.934057881530954,0.004158024036355915,0.005144222044978793
pairs_potential_crime_homeowner_vs_burglar_pole_a,black→white,q_jerk_in_grasp,pos,0.02,0.12143918126978108,100,1.6469149240696337,0.10274631195020745,nan
pairs_potential_crime_homeowner_vs_burglar_pole_a,black→white,q_tile_drift,pos,0.029726377874612808,0.09051327895383961,100,3.284200751336476,0.0014145334812718108,0.0031790610205690456
pairs_potential_crime_homeowner_vs_burglar_pole_a,black→white,xpos_reversals,pos,1.055,0.7973915809270458,100,13.230638813284926,1.286300396053635e-23,4.355368007690378e-23
pairs_potential_crime_homeowner_vs_burglar_pole_b,all→white,d_approach_retreat,neg,0.035,4.403427842905657,100,0.07948353248569372,0.9368084747670018,0.9989173239228251
pairs_potential_crime_homeowner_vs_burglar_pole_b,all→white,d_latency,neg,-0.355,2.776429470752068,100,-1.27862063034448,0.20401999386514327,0.8786773528497042
pairs_potential_crime_homeowner_vs_burglar_pole_b,all→white,d_peak_speed,neg,-0.0002346830815076828,0.0022073383142533387,100,-1.0631948894842043,0.29028009449350145,0.7148509685929465
pairs_potential_crime_homeowner_vs_burglar_pole_b,all→white,d_time_to_half,neg,0.595,6.089274807131607,100,0.9771278499422471,0.33088754217868444,0.8616779212312846
pairs_potential_crime_homeowner_vs_burglar_pole_b,all→white,pull_AUC,neg,2.4254627877070236,14.8122302722533,100,1.6374730497205887,0.10470650757409239,0.2943811296930484
pairs_potential_crime_homeowner_vs_burglar_pole_b,all→white,pull_MAD,neg,4.663131225554389,27.63511299859941,100,1.687393579968616,0.09467607706465009,0.26407683239300483
pairs_potential_crime_homeowner_vs_burglar_pole_b,all→white,pull_early,neg,0.5872550851199777,10.000718446887053,100,0.5872128969921897,0.5583975844309337,0.9280044639503177
pairs_potential_crime_homeowner_vs_burglar_pole_b,all→white,pull_release,neg,3.377156239002943,26.74139701720905,100,1.2628944691369797,0.2095935182995195,0.4520089167337561
pairs_potential_crime_homeowner_vs_burglar_pole_b,all→white,pull_tcp,neg,2.1012065396644175,49.48866072105527,100,0.42458343164870604,0.6720616734255755,0.900749326188445
pairs_potential_crime_homeowner_vs_burglar_pole_b,all→white,q_exploded,neg,0.03,0.11934162828797101,100,2.5137917447891764,0.013556758919315062,0.01521194460132446
pairs_potential_crime_homeowner_vs_burglar_pole_b,all→white,q_jerk_in_grasp,neg,0.03,0.119341628287971,100,2.5137917447891764,0.013556758919315062,nan
pairs_potential_crime_homeowner_vs_burglar_pole_b,all→white,q_tile_drift,neg,0.10665701039135456,0.3655742806343775,100,2.917519531359637,0.004366252455373509,0.006741493791096698
pairs_potential_crime_homeowner_vs_burglar_pole_b,all→white,xpos_reversals,neg,0.815,0.7304869000270375,100,11.156942033728932,3.339055613844387e-19,4.10469893931189e-19
pairs_potential_crime_homeowner_vs_burglar_pole_b,black→white,d_approach_retreat,neg,0.035,4.403427842905657,100,0.07948353248569372,0.9368084747670018,0.9989173239228251
pairs_potential_crime_homeowner_vs_burglar_pole_b,black→white,d_latency,neg,-0.355,2.776429470752068,100,-1.27862063034448,0.20401999386514327,0.8786773528497042
pairs_potential_crime_homeowner_vs_burglar_pole_b,black→white,d_peak_speed,neg,-0.0002346830815076828,0.0022073383142533387,100,-1.0631948894842043,0.29028009449350145,0.7148509685929465
pairs_potential_crime_homeowner_vs_burglar_pole_b,black→white,d_time_to_half,neg,0.595,6.089274807131607,100,0.9771278499422471,0.33088754217868444,0.8616779212312846
pairs_potential_crime_homeowner_vs_burglar_pole_b,black→white,pull_AUC,neg,2.4254627877070236,14.8122302722533,100,1.6374730497205887,0.10470650757409239,0.2943811296930484
pairs_potential_crime_homeowner_vs_burglar_pole_b,black→white,pull_MAD,neg,4.663131225554389,27.63511299859941,100,1.687393579968616,0.09467607706465009,0.26407683239300483
pairs_potential_crime_homeowner_vs_burglar_pole_b,black→white,pull_early,neg,0.5872550851199777,10.000718446887053,100,0.5872128969921897,0.5583975844309337,0.9280044639503177
pairs_potential_crime_homeowner_vs_burglar_pole_b,black→white,pull_release,neg,3.377156239002943,26.74139701720905,100,1.2628944691369797,0.2095935182995195,0.4520089167337561
pairs_potential_crime_homeowner_vs_burglar_pole_b,black→white,pull_tcp,neg,2.1012065396644175,49.48866072105527,100,0.42458343164870604,0.6720616734255755,0.900749326188445
pairs_potential_crime_homeowner_vs_burglar_pole_b,black→white,q_exploded,neg,0.03,0.11934162828797101,100,2.5137917447891764,0.013556758919315062,0.01521194460132446
pairs_potential_crime_homeowner_vs_burglar_pole_b,black→white,q_jerk_in_grasp,neg,0.03,0.119341628287971,100,2.5137917447891764,0.013556758919315062,nan
pairs_potential_crime_homeowner_vs_burglar_pole_b,black→white,q_tile_drift,neg,0.10665701039135456,0.3655742806343775,100,2.917519531359637,0.004366252455373509,0.006741493791096698
pairs_potential_crime_homeowner_vs_burglar_pole_b,black→white,xpos_reversals,neg,0.815,0.7304869000270375,100,11.156942033728932,3.339055613844387e-19,4.10469893931189e-19
pairs_potential_crime_innocent_vs_guilty_pole_a,all→white,d_approach_retreat,pos,-0.415,4.543868662741302,100,-0.9133186515774683,0.3632938793644914,0.921738274063463
pairs_potential_crime_innocent_vs_guilty_pole_a,all→white,d_latency,pos,-0.46,3.1234531525155926,100,-1.4727289878816379,0.14399634584453994,0.8011538228798268
pairs_potential_crime_innocent_vs_guilty_pole_a,all→white,d_peak_speed,pos,0.0006363873183727265,0.005395293458896594,100,1.179523084742226,0.2410166999726827,0.6708436806314167
pairs_potential_crime_innocent_vs_guilty_pole_a,all→white,d_time_to_half,pos,1.13,5.900530707170553,100,1.9150819749599475,0.058368332985205974,0.6703328136245481
pairs_potential_crime_innocent_vs_guilty_pole_a,all→white,pull_AUC,pos,4.210915007497126,13.92779123049736,100,3.02339038387981,0.003183025419658292,0.027923813908820472
pairs_potential_crime_innocent_vs_guilty_pole_a,all→white,pull_MAD,pos,8.411957777873614,27.11682027733882,100,3.1021180550816196,0.0025038375559202253,0.022264485658619108
pairs_potential_crime_innocent_vs_guilty_pole_a,all→white,pull_early,pos,1.341127015650273,9.332887179645786,100,1.4369904937618385,0.15387365768591746,0.6371847304959745
pairs_potential_crime_innocent_vs_guilty_pole_a,all→white,pull_release,pos,7.344176354818046,24.866052633854483,100,2.9534950572810823,0.003925006048831564,0.03293592032280399
pairs_potential_crime_innocent_vs_guilty_pole_a,all→white,pull_tcp,pos,12.199088601628318,47.1279313818179,100,2.5885049998894636,0.011089788564888594,0.1945753811839544
pairs_potential_crime_innocent_vs_guilty_pole_a,all→white,q_exploded,pos,0.04,0.13632996217214538,100,2.934057881530954,0.004158024036355915,0.005144222044978793
pairs_potential_crime_innocent_vs_guilty_pole_a,all→white,q_jerk_in_grasp,pos,0.03,0.15602382620431518,100,1.9227832523934272,0.05738117024784264,nan
pairs_potential_crime_innocent_vs_guilty_pole_a,all→white,q_tile_drift,pos,0.045756375230848786,0.2604075528092238,100,1.757106302687395,0.08199124399214286,0.0855368112999112
pairs_potential_crime_innocent_vs_guilty_pole_a,all→white,xpos_reversals,pos,1.01,0.8408149005397662,100,12.012156294466527,4.832695001642731e-21,7.542675917992735e-21
pairs_potential_crime_innocent_vs_guilty_pole_a,black→white,d_approach_retreat,pos,-0.415,4.543868662741302,100,-0.9133186515774683,0.3632938793644914,0.921738274063463
pairs_potential_crime_innocent_vs_guilty_pole_a,black→white,d_latency,pos,-0.46,3.1234531525155926,100,-1.4727289878816379,0.14399634584453994,0.8011538228798268
pairs_potential_crime_innocent_vs_guilty_pole_a,black→white,d_peak_speed,pos,0.0006363873183727265,0.005395293458896594,100,1.179523084742226,0.2410166999726827,0.6708436806314167
pairs_potential_crime_innocent_vs_guilty_pole_a,black→white,d_time_to_half,pos,1.13,5.900530707170553,100,1.9150819749599475,0.058368332985205974,0.6703328136245481
pairs_potential_crime_innocent_vs_guilty_pole_a,black→white,pull_AUC,pos,4.210915007497126,13.92779123049736,100,3.02339038387981,0.003183025419658292,0.027923813908820472
pairs_potential_crime_innocent_vs_guilty_pole_a,black→white,pull_MAD,pos,8.411957777873614,27.11682027733882,100,3.1021180550816196,0.0025038375559202253,0.022264485658619108
pairs_potential_crime_innocent_vs_guilty_pole_a,black→white,pull_early,pos,1.341127015650273,9.332887179645786,100,1.4369904937618385,0.15387365768591746,0.6371847304959745
pairs_potential_crime_innocent_vs_guilty_pole_a,black→white,pull_release,pos,7.344176354818046,24.866052633854483,100,2.9534950572810823,0.003925006048831564,0.03293592032280399
pairs_potential_crime_innocent_vs_guilty_pole_a,black→white,pull_tcp,pos,12.199088601628318,47.1279313818179,100,2.5885049998894636,0.011089788564888594,0.1945753811839544
pairs_potential_crime_innocent_vs_guilty_pole_a,black→white,q_exploded,pos,0.04,0.13632996217214538,100,2.934057881530954,0.004158024036355915,0.005144222044978793
pairs_potential_crime_innocent_vs_guilty_pole_a,black→white,q_jerk_in_grasp,pos,0.03,0.15602382620431518,100,1.9227832523934272,0.05738117024784264,nan
pairs_potential_crime_innocent_vs_guilty_pole_a,black→white,q_tile_drift,pos,0.045756375230848786,0.2604075528092238,100,1.757106302687395,0.08199124399214286,0.0855368112999112
pairs_potential_crime_innocent_vs_guilty_pole_a,black→white,xpos_reversals,pos,1.01,0.8408149005397662,100,12.012156294466527,4.832695001642731e-21,7.542675917992735e-21
pairs_potential_crime_innocent_vs_guilty_pole_b,all→white,d_approach_retreat,neg,0.3,4.571541304526287,100,0.6562338170344644,0.5131960724869791,0.9975913714328056
pairs_potential_crime_innocent_vs_guilty_pole_b,all→white,d_latency,neg,-0.1,3.1574826950748234,100,-0.31670799069139566,0.75213204733356,0.9402773246297577
pairs_potential_crime_innocent_vs_guilty_pole_b,all→white,d_peak_speed,neg,-0.00029784273356199266,0.002837808609165779,100,-1.0495518711163137,0.2964795832668912,0.7148509685929465
pairs_potential_crime_innocent_vs_guilty_pole_b,all→white,d_time_to_half,neg,-0.32,3.94886507157884,100,-0.8103594177049388,0.4196773295116101,0.8616779212312846
pairs_potential_crime_innocent_vs_guilty_pole_b,all→white,pull_AUC,neg,8.89643362687077,17.197924719713843,100,5.172969280806806,1.2051055080317548e-06,5.8146340762532173e-05
pairs_potential_crime_innocent_vs_guilty_pole_b,all→white,pull_MAD,neg,18.401057193940506,29.538128446471756,100,6.229594819213558,1.1421464312119168e-08,5.510856530597499e-07
pairs_potential_crime_innocent_vs_guilty_pole_b,all→white,pull_early,neg,1.44602563045919,9.995527498816214,100,1.4466726549753828,0.1511474648530544,0.6371847304959745
pairs_potential_crime_innocent_vs_guilty_pole_b,all→white,pull_release,neg,16.88245696015656,27.94602303103358,100,6.041094627814799,2.695612146852675e-08,1.3006328608564158e-06
pairs_potential_crime_innocent_vs_guilty_pole_b,all→white,pull_tcp,neg,23.104575322940946,47.69310112951042,100,4.8444271342726415,4.698473737946843e-06,0.0009068054314237407
pairs_potential_crime_innocent_vs_guilty_pole_b,all→white,q_exploded,neg,0.065,0.18333333333333332,100,3.5454545454545454,0.0006003467586197645,0.0013959870411278863
pairs_potential_crime_innocent_vs_guilty_pole_b,all→white,q_jerk_in_grasp,neg,0.01,0.07035264706814483,100,1.421410624438029,0.15833990565972564,nan
pairs_potential_crime_innocent_vs_guilty_pole_b,all→white,q_tile_drift,neg,0.034964459165930745,0.12998333262059256,100,2.689918658108902,0.008389013303699623,0.010582219396170113
pairs_potential_crime_innocent_vs_guilty_pole_b,all→white,xpos_reversals,neg,0.84,0.6922368952836299,100,12.134574243631253,2.64755128923379e-21,4.482257884404574e-21
pairs_potential_crime_innocent_vs_guilty_pole_b,black→white,d_approach_retreat,neg,0.3,4.571541304526287,100,0.6562338170344644,0.5131960724869791,0.9975913714328056
pairs_potential_crime_innocent_vs_guilty_pole_b,black→white,d_latency,neg,-0.1,3.1574826950748234,100,-0.31670799069139566,0.75213204733356,0.9402773246297577
pairs_potential_crime_innocent_vs_guilty_pole_b,black→white,d_peak_speed,neg,-0.00029784273356199266,0.002837808609165779,100,-1.0495518711163137,0.2964795832668912,0.7148509685929465
pairs_potential_crime_innocent_vs_guilty_pole_b,black→white,d_time_to_half,neg,-0.32,3.94886507157884,100,-0.8103594177049388,0.4196773295116101,0.8616779212312846
pairs_potential_crime_innocent_vs_guilty_pole_b,black→white,pull_AUC,neg,8.89643362687077,17.197924719713843,100,5.172969280806806,1.2051055080317548e-06,5.8146340762532173e-05
pairs_potential_crime_innocent_vs_guilty_pole_b,black→white,pull_MAD,neg,18.401057193940506,29.538128446471756,100,6.229594819213558,1.1421464312119168e-08,5.510856530597499e-07
pairs_potential_crime_innocent_vs_guilty_pole_b,black→white,pull_early,neg,1.44602563045919,9.995527498816214,100,1.4466726549753828,0.1511474648530544,0.6371847304959745
pairs_potential_crime_innocent_vs_guilty_pole_b,black→white,pull_release,neg,16.88245696015656,27.94602303103358,100,6.041094627814799,2.695612146852675e-08,1.3006328608564158e-06
pairs_potential_crime_innocent_vs_guilty_pole_b,black→white,pull_tcp,neg,23.104575322940946,47.69310112951042,100,4.8444271342726415,4.698473737946843e-06,0.0009068054314237407
pairs_potential_crime_innocent_vs_guilty_pole_b,black→white,q_exploded,neg,0.065,0.18333333333333332,100,3.5454545454545454,0.0006003467586197645,0.0013959870411278863
pairs_potential_crime_innocent_vs_guilty_pole_b,black→white,q_jerk_in_grasp,neg,0.01,0.07035264706814483,100,1.421410624438029,0.15833990565972564,nan
pairs_potential_crime_innocent_vs_guilty_pole_b,black→white,q_tile_drift,neg,0.034964459165930745,0.12998333262059256,100,2.689918658108902,0.008389013303699623,0.010582219396170113
pairs_potential_crime_innocent_vs_guilty_pole_b,black→white,xpos_reversals,neg,0.84,0.6922368952836299,100,12.134574243631253,2.64755128923379e-21,4.482257884404574e-21
pairs_potential_crime_jogger_vs_criminal_pole_b,all→white,d_approach_retreat,neg,-0.505,4.732487653860218,100,-1.0670920601093996,0.2885255707526981,0.889972900524821
pairs_potential_crime_jogger_vs_criminal_pole_b,all→white,d_latency,neg,0.24,2.7362881294324115,100,0.8771006145825119,0.38255546210273994,0.9125417161050899
pairs_potential_crime_jogger_vs_criminal_pole_b,all→white,d_peak_speed,neg,-0.00010398972779512405,0.003127883332044771,100,-0.3324603789718189,0.7402445776478039,0.9204665041857535
pairs_potential_crime_jogger_vs_criminal_pole_b,all→white,d_time_to_half,neg,-0.46,6.863635694695265,100,-0.6701987408153418,0.5042914517062878,0.914300446053443
pairs_potential_crime_jogger_vs_criminal_pole_b,all→white,pull_AUC,neg,-1.6282655717359737,16.281498856973464,100,-1.0000710536785609,0.3197142624716568,0.5406909064863159
pairs_potential_crime_jogger_vs_criminal_pole_b,all→white,pull_MAD,neg,-5.336412411124911,30.900557671531075,100,-1.7269631402288215,0.08729316547154117,0.2589594122882276
pairs_potential_crime_jogger_vs_criminal_pole_b,all→white,pull_early,neg,0.38392927916720543,9.69441134970444,100,0.39603155397249623,0.6929339886187454,0.975577920278819
pairs_potential_crime_jogger_vs_criminal_pole_b,all→white,pull_release,neg,-4.466255439619999,27.321090784543593,100,-1.6347280841900724,0.10528200236716909,0.27834830762826895
pairs_potential_crime_jogger_vs_criminal_pole_b,all→white,pull_tcp,neg,-4.5654494082555175,50.70039405131405,100,-0.9004761193048737,0.37005220721984533,0.7277772280551457
pairs_potential_crime_jogger_vs_criminal_pole_b,all→white,q_exploded,neg,0.05,0.15075567228888181,100,3.3166247903554003,0.0012748384719836199,0.0021582791674810407
pairs_potential_crime_jogger_vs_criminal_pole_b,all→white,q_jerk_in_grasp,neg,0.005,0.05,100,1.0,0.3197484741393017,nan
pairs_potential_crime_jogger_vs_criminal_pole_b,all→white,q_tile_drift,neg,0.08371507368981838,0.5236652004135202,100,1.5986373282721766,0.11308805341413572,0.11548145136999045
pairs_potential_crime_jogger_vs_criminal_pole_b,all→white,xpos_reversals,neg,0.885,0.6310765213170078,100,14.023655929285304,2.9438873515034004e-25,2.854479216770847e-24
pairs_potential_crime_jogger_vs_criminal_pole_b,black→white,d_approach_retreat,neg,-0.505,4.732487653860218,100,-1.0670920601093996,0.2885255707526981,0.889972900524821
pairs_potential_crime_jogger_vs_criminal_pole_b,black→white,d_latency,neg,0.24,2.7362881294324115,100,0.8771006145825119,0.38255546210273994,0.9125417161050899
pairs_potential_crime_jogger_vs_criminal_pole_b,black→white,d_peak_speed,neg,-0.00010398972779512405,0.003127883332044771,100,-0.3324603789718189,0.7402445776478039,0.9204665041857535
pairs_potential_crime_jogger_vs_criminal_pole_b,black→white,d_time_to_half,neg,-0.46,6.863635694695265,100,-0.6701987408153418,0.5042914517062878,0.914300446053443
pairs_potential_crime_jogger_vs_criminal_pole_b,black→white,pull_AUC,neg,-1.6282655717359737,16.281498856973464,100,-1.0000710536785609,0.3197142624716568,0.5406909064863159
pairs_potential_crime_jogger_vs_criminal_pole_b,black→white,pull_MAD,neg,-5.336412411124911,30.900557671531075,100,-1.7269631402288215,0.08729316547154117,0.2589594122882276
pairs_potential_crime_jogger_vs_criminal_pole_b,black→white,pull_early,neg,0.38392927916720543,9.69441134970444,100,0.39603155397249623,0.6929339886187454,0.975577920278819
pairs_potential_crime_jogger_vs_criminal_pole_b,black→white,pull_release,neg,-4.466255439619999,27.321090784543593,100,-1.6347280841900724,0.10528200236716909,0.27834830762826895
pairs_potential_crime_jogger_vs_criminal_pole_b,black→white,pull_tcp,neg,-4.5654494082555175,50.70039405131405,100,-0.9004761193048737,0.37005220721984533,0.7277772280551457
pairs_potential_crime_jogger_vs_criminal_pole_b,black→white,q_exploded,neg,0.05,0.15075567228888181,100,3.3166247903554003,0.0012748384719836199,0.0021582791674810407
pairs_potential_crime_jogger_vs_criminal_pole_b,black→white,q_jerk_in_grasp,neg,0.005,0.05,100,1.0,0.3197484741393017,nan
pairs_potential_crime_jogger_vs_criminal_pole_b,black→white,q_tile_drift,neg,0.08371507368981838,0.5236652004135202,100,1.5986373282721766,0.11308805341413572,0.11548145136999045
pairs_potential_crime_jogger_vs_criminal_pole_b,black→white,xpos_reversals,neg,0.885,0.6310765213170078,100,14.023655929285304,2.9438873515034004e-25,2.854479216770847e-24
pairs_potential_crime_peaceful_vs_violent_pole_a,all→white,d_approach_retreat,pos,0.535,3.841726647793104,100,1.3926029857104305,0.16685969148789723,0.889972900524821
pairs_potential_crime_peaceful_vs_violent_pole_a,all→white,d_latency,pos,0.44,3.2429254781085644,100,1.3567996026126075,0.17793062559229042,0.8786773528497042
pairs_potential_crime_peaceful_vs_violent_pole_a,all→white,d_peak_speed,pos,0.0003835621848702431,0.002988172713867618,100,1.2836011221513202,0.2022778838257593,0.6549157453788355
pairs_potential_crime_peaceful_vs_violent_pole_a,all→white,d_time_to_half,pos,0.505,5.587456641189416,100,0.9038101455271416,0.36829011330448946,0.8616779212312846
pairs_potential_crime_peaceful_vs_violent_pole_a,all→white,pull_AUC,pos,-0.9202119151995284,17.390240129525957,100,-0.5291542315376945,0.5978829580920061,0.7492948760503713
pairs_potential_crime_peaceful_vs_violent_pole_a,all→white,pull_MAD,pos,-2.4991711002541708,33.87577075476891,100,-0.7377459005570661,0.46241396381808586,0.6758288944250874
pairs_potential_crime_peaceful_vs_violent_pole_a,all→white,pull_early,pos,0.17176354955881842,10.693582467050787,100,0.16062301860771042,0.8727176251280584,0.9934997129093884
pairs_potential_crime_peaceful_vs_violent_pole_a,all→white,pull_release,pos,-1.3699784665368497,33.21548582283408,100,-0.4124517322564808,0.6809001562029378,0.8298573533790293
pairs_potential_crime_peaceful_vs_violent_pole_a,all→white,pull_tcp,pos,-6.51216660393402,48.059044581884066,100,-1.3550345539721342,0.17849043294367706,0.562792144052112
pairs_potential_crime_peaceful_vs_violent_pole_a,all→white,q_exploded,pos,0.025,0.10952145677879516,100,2.2826577307580465,0.024589522572171077,0.026075702507851746
pairs_potential_crime_peaceful_vs_violent_pole_a,all→white,q_jerk_in_grasp,pos,0.025,0.10952145677879516,100,2.2826577307580465,0.024589522572171077,nan
pairs_potential_crime_peaceful_vs_violent_pole_a,all→white,q_tile_drift,pos,0.03419943887740374,0.0903490565946133,100,3.785256887723025,0.00026329521096087966,0.0012134802538355362
pairs_potential_crime_peaceful_vs_violent_pole_a,all→white,xpos_reversals,pos,1.1,0.9481507786158796,100,11.601530313625766,3.6693117042116873e-20,4.850528485704491e-20
pairs_potential_crime_peaceful_vs_violent_pole_a,black→white,d_approach_retreat,pos,0.535,3.841726647793104,100,1.3926029857104305,0.16685969148789723,0.889972900524821
pairs_potential_crime_peaceful_vs_violent_pole_a,black→white,d_latency,pos,0.44,3.2429254781085644,100,1.3567996026126075,0.17793062559229042,0.8786773528497042
pairs_potential_crime_peaceful_vs_violent_pole_a,black→white,d_peak_speed,pos,0.0003835621848702431,0.002988172713867618,100,1.2836011221513202,0.2022778838257593,0.6549157453788355
pairs_potential_crime_peaceful_vs_violent_pole_a,black→white,d_time_to_half,pos,0.505,5.587456641189416,100,0.9038101455271416,0.36829011330448946,0.8616779212312846
pairs_potential_crime_peaceful_vs_violent_pole_a,black→white,pull_AUC,pos,-0.9202119151995284,17.390240129525957,100,-0.5291542315376945,0.5978829580920061,0.7492948760503713
pairs_potential_crime_peaceful_vs_violent_pole_a,black→white,pull_MAD,pos,-2.4991711002541708,33.87577075476891,100,-0.7377459005570661,0.46241396381808586,0.6758288944250874
pairs_potential_crime_peaceful_vs_violent_pole_a,black→white,pull_early,pos,0.17176354955881842,10.693582467050787,100,0.16062301860771042,0.8727176251280584,0.9934997129093884
pairs_potential_crime_peaceful_vs_violent_pole_a,black→white,pull_release,pos,-1.3699784665368497,33.21548582283408,100,-0.4124517322564808,0.6809001562029378,0.8298573533790293
pairs_potential_crime_peaceful_vs_violent_pole_a,black→white,pull_tcp,pos,-6.51216660393402,48.059044581884066,100,-1.3550345539721342,0.17849043294367706,0.562792144052112
pairs_potential_crime_peaceful_vs_violent_pole_a,black→white,q_exploded,pos,0.025,0.10952145677879516,100,2.2826577307580465,0.024589522572171077,0.026075702507851746
pairs_potential_crime_peaceful_vs_violent_pole_a,black→white,q_jerk_in_grasp,pos,0.025,0.10952145677879516,100,2.2826577307580465,0.024589522572171077,nan
pairs_potential_crime_peaceful_vs_violent_pole_a,black→white,q_tile_drift,pos,0.03419943887740374,0.0903490565946133,100,3.785256887723025,0.00026329521096087966,0.0012134802538355362
pairs_potential_crime_peaceful_vs_violent_pole_a,black→white,xpos_reversals,pos,1.1,0.9481507786158796,100,11.601530313625766,3.6693117042116873e-20,4.850528485704491e-20
pairs_potential_crime_peaceful_vs_violent_pole_b,all→white,d_approach_retreat,neg,0.25,4.76810743218402,100,0.5243170451918449,0.6012300285091972,0.9975913714328056
pairs_potential_crime_peaceful_vs_violent_pole_b,all→white,d_latency,neg,0.02,2.57505516269246,100,0.07766823907216083,0.9382487183362704,0.9833742470635098
pairs_potential_crime_peaceful_vs_violent_pole_b,all→white,d_peak_speed,neg,-0.00027696818113327027,0.0029779634002244718,100,-0.930059050129337,0.35460284920133733,0.7689702235489675
pairs_potential_crime_peaceful_vs_violent_pole_b,all→white,d_time_to_half,neg,0.16,4.071879421127549,100,0.39293894404096624,0.6952094092352831,0.9328999625180484
pairs_potential_crime_peaceful_vs_violent_pole_b,all→white,pull_AUC,neg,0.23021393049589867,15.854658068943705,100,0.14520270919424272,0.8848460424334484,0.9555737398601913
pairs_potential_crime_peaceful_vs_violent_pole_b,all→white,pull_MAD,neg,0.21143433353863694,28.324779048344947,100,0.07464641936933002,0.9406466656371544,0.9656638641913341
pairs_potential_crime_peaceful_vs_violent_pole_b,all→white,pull_early,neg,-0.5240546748973434,11.282870082088012,100,-0.4644692982234194,0.6433313865526996,0.947808836676878
pairs_potential_crime_peaceful_vs_violent_pole_b,all→white,pull_release,neg,0.7809965161141008,26.817353009211374,100,0.29122804023418714,0.771486208774202,0.8707417444059706
pairs_potential_crime_peaceful_vs_violent_pole_b,all→white,pull_tcp,neg,2.3839259514352307,37.86951563089068,100,0.6295105473941234,0.5304649477054452,0.8417160820533027
pairs_potential_crime_peaceful_vs_violent_pole_b,all→white,q_exploded,neg,0.02,0.09847319278346618,100,2.0310096011589898,0.04493472521263044,0.04588572468803003
pairs_potential_crime_peaceful_vs_violent_pole_b,all→white,q_jerk_in_grasp,neg,0.005,0.05,100,1.0,0.3197484741393017,nan
pairs_potential_crime_peaceful_vs_violent_pole_b,all→white,q_tile_drift,neg,0.03465116791427136,0.11357406513487475,100,3.0509754029779073,0.0029276971485310737,0.005183904125380709
pairs_potential_crime_peaceful_vs_violent_pole_b,all→white,xpos_reversals,neg,0.835,0.7754275458015912,100,10.768253004693381,2.3236319724990264e-18,2.6694105398351913e-18
pairs_potential_crime_peaceful_vs_violent_pole_b,black→white,d_approach_retreat,neg,0.25,4.76810743218402,100,0.5243170451918449,0.6012300285091972,0.9975913714328056
pairs_potential_crime_peaceful_vs_violent_pole_b,black→white,d_latency,neg,0.02,2.57505516269246,100,0.07766823907216083,0.9382487183362704,0.9833742470635098
pairs_potential_crime_peaceful_vs_violent_pole_b,black→white,d_peak_speed,neg,-0.00027696818113327027,0.0029779634002244718,100,-0.930059050129337,0.35460284920133733,0.7689702235489675
pairs_potential_crime_peaceful_vs_violent_pole_b,black→white,d_time_to_half,neg,0.16,4.071879421127549,100,0.39293894404096624,0.6952094092352831,0.9328999625180484
pairs_potential_crime_peaceful_vs_violent_pole_b,black→white,pull_AUC,neg,0.23021393049589867,15.854658068943705,100,0.14520270919424272,0.8848460424334484,0.9555737398601913
pairs_potential_crime_peaceful_vs_violent_pole_b,black→white,pull_MAD,neg,0.21143433353863694,28.324779048344947,100,0.07464641936933002,0.9406466656371544,0.9656638641913341
pairs_potential_crime_peaceful_vs_violent_pole_b,black→white,pull_early,neg,-0.5240546748973434,11.282870082088012,100,-0.4644692982234194,0.6433313865526996,0.947808836676878
pairs_potential_crime_peaceful_vs_violent_pole_b,black→white,pull_release,neg,0.7809965161141008,26.817353009211374,100,0.29122804023418714,0.771486208774202,0.8707417444059706
pairs_potential_crime_peaceful_vs_violent_pole_b,black→white,pull_tcp,neg,2.3839259514352307,37.86951563089068,100,0.6295105473941234,0.5304649477054452,0.8417160820533027
pairs_potential_crime_peaceful_vs_violent_pole_b,black→white,q_exploded,neg,0.02,0.09847319278346618,100,2.0310096011589898,0.04493472521263044,0.04588572468803003
pairs_potential_crime_peaceful_vs_violent_pole_b,black→white,q_jerk_in_grasp,neg,0.005,0.05,100,1.0,0.3197484741393017,nan
pairs_potential_crime_peaceful_vs_violent_pole_b,black→white,q_tile_drift,neg,0.03465116791427136,0.11357406513487475,100,3.0509754029779073,0.0029276971485310737,0.005183904125380709
pairs_potential_crime_peaceful_vs_violent_pole_b,black→white,xpos_reversals,neg,0.835,0.7754275458015912,100,10.768253004693381,2.3236319724990264e-18,2.6694105398351913e-18
pairs_potential_crime_plumber_vs_prisoner_pole_a,all→white,d_approach_retreat,pos,0.19,4.538154744480237,100,0.4186723694935639,0.6763624921966525,0.9975913714328056
pairs_potential_crime_plumber_vs_prisoner_pole_a,all→white,d_latency,pos,-0.375,3.1441584443587325,100,-1.1926879851517256,0.23584235124921119,0.8817479786981184
pairs_potential_crime_plumber_vs_prisoner_pole_a,all→white,d_peak_speed,pos,-0.0003334004431962967,0.002998496959285325,100,-1.1118918835781004,0.26887749971216535,0.710729698786782
pairs_potential_crime_plumber_vs_prisoner_pole_a,all→white,d_time_to_half,pos,-0.35,6.765741092094237,100,-0.5173121395510902,0.6060922048009338,0.9213540069818155
pairs_potential_crime_plumber_vs_prisoner_pole_a,all→white,pull_AUC,pos,3.946037955092706,11.93617850240814,100,3.305947505976546,0.0013193459544835779,0.01591461057595816
pairs_potential_crime_plumber_vs_prisoner_pole_a,all→white,pull_MAD,pos,7.323036400138517,20.563755541163342,100,3.561137646029531,0.0005694561961216887,0.006869065365717871
pairs_potential_crime_plumber_vs_prisoner_pole_a,all→white,pull_early,pos,1.8756081676110625,9.408282144848254,100,1.9935713435614808,0.04895020768726411,0.44733558369755033
pairs_potential_crime_plumber_vs_prisoner_pole_a,all→white,pull_release,pos,4.919672508840449,20.24829347789836,100,2.4296726606666503,0.016914192473180486,0.08945718050326441
pairs_potential_crime_plumber_vs_prisoner_pole_a,all→white,pull_tcp,pos,10.379665455548093,47.50849959628072,100,2.1848017815238854,0.031263028477999964,0.25078466287866047
pairs_potential_crime_plumber_vs_prisoner_pole_a,all→white,q_exploded,pos,0.06,0.1917489941764409,100,3.129090729143019,0.0023039657126900765,0.003269598401096959
pairs_potential_crime_plumber_vs_prisoner_pole_a,all→white,q_jerk_in_grasp,pos,0.03,0.13889898953170715,100,2.159842926226022,0.0331992478302915,nan
pairs_potential_crime_plumber_vs_prisoner_pole_a,all→white,q_tile_drift,pos,0.03932732783257961,0.1801148191418514,100,2.183458752586423,0.031364655410461434,0.03362988052343921
pairs_potential_crime_plumber_vs_prisoner_pole_a,all→white,xpos_reversals,pos,0.915,0.8042029745297044,100,11.377724641407717,1.1134532118736006e-19,1.4206546003004018e-19
pairs_potential_crime_plumber_vs_prisoner_pole_a,black→white,d_approach_retreat,pos,0.19,4.538154744480237,100,0.4186723694935639,0.6763624921966525,0.9975913714328056
pairs_potential_crime_plumber_vs_prisoner_pole_a,black→white,d_latency,pos,-0.375,3.1441584443587325,100,-1.1926879851517256,0.23584235124921119,0.8817479786981184
pairs_potential_crime_plumber_vs_prisoner_pole_a,black→white,d_peak_speed,pos,-0.0003334004431962967,0.002998496959285325,100,-1.1118918835781004,0.26887749971216535,0.710729698786782
pairs_potential_crime_plumber_vs_prisoner_pole_a,black→white,d_time_to_half,pos,-0.35,6.765741092094237,100,-0.5173121395510902,0.6060922048009338,0.9213540069818155
pairs_potential_crime_plumber_vs_prisoner_pole_a,black→white,pull_AUC,pos,3.946037955092706,11.93617850240814,100,3.305947505976546,0.0013193459544835779,0.01591461057595816
pairs_potential_crime_plumber_vs_prisoner_pole_a,black→white,pull_MAD,pos,7.323036400138517,20.563755541163342,100,3.561137646029531,0.0005694561961216887,0.006869065365717871
pairs_potential_crime_plumber_vs_prisoner_pole_a,black→white,pull_early,pos,1.8756081676110625,9.408282144848254,100,1.9935713435614808,0.04895020768726411,0.44733558369755033
pairs_potential_crime_plumber_vs_prisoner_pole_a,black→white,pull_release,pos,4.919672508840449,20.24829347789836,100,2.4296726606666503,0.016914192473180486,0.08945718050326441
pairs_potential_crime_plumber_vs_prisoner_pole_a,black→white,pull_tcp,pos,10.379665455548093,47.50849959628072,100,2.1848017815238854,0.031263028477999964,0.25078466287866047
pairs_potential_crime_plumber_vs_prisoner_pole_a,black→white,q_exploded,pos,0.06,0.1917489941764409,100,3.129090729143019,0.0023039657126900765,0.003269598401096959
pairs_potential_crime_plumber_vs_prisoner_pole_a,black→white,q_jerk_in_grasp,pos,0.03,0.13889898953170715,100,2.159842926226022,0.0331992478302915,nan
pairs_potential_crime_plumber_vs_prisoner_pole_a,black→white,q_tile_drift,pos,0.03932732783257961,0.1801148191418514,100,2.183458752586423,0.031364655410461434,0.03362988052343921
pairs_potential_crime_plumber_vs_prisoner_pole_a,black→white,xpos_reversals,pos,0.915,0.8042029745297044,100,11.377724641407717,1.1134532118736006e-19,1.4206546003004018e-19
pairs_potential_crime_plumber_vs_prisoner_pole_b,all→white,d_approach_retreat,neg,-0.185,4.915783176913343,100,-0.37633881182725976,0.7074703580131824,0.9989173239228251
pairs_potential_crime_plumber_vs_prisoner_pole_b,all→white,d_latency,neg,0.83,2.864110911457745,100,2.897932467208664,0.004625260104108542,0.2626869303648357
pairs_potential_crime_plumber_vs_prisoner_pole_b,all→white,d_peak_speed,neg,0.00020202402025461198,0.0027926701803716093,100,0.7234080904882562,0.47113498785770835,0.8081777786676952
pairs_potential_crime_plumber_vs_prisoner_pole_b,all→white,d_time_to_half,neg,0.42,4.727268842267246,100,0.8884622686247812,0.3764457480978518,0.8616779212312846
pairs_potential_crime_plumber_vs_prisoner_pole_b,all→white,pull_AUC,neg,-0.3858435263181094,13.91249634338176,100,-0.27733594086560676,0.7821004503856006,0.8983573156086976
pairs_potential_crime_plumber_vs_prisoner_pole_b,all→white,pull_MAD,neg,-1.8701407742686569,27.13389057498149,100,-0.6892269168332978,0.49229272042110306,0.6832760578851116
pairs_potential_crime_plumber_vs_prisoner_pole_b,all→white,pull_early,neg,0.7120599867776035,9.386872029215914,100,0.7585700375602991,0.44991197826651275,0.8597327901528411
pairs_potential_crime_plumber_vs_prisoner_pole_b,all→white,pull_release,neg,-2.3444659577216953,26.678413465279633,100,-0.8787876238491011,0.3816443938583429,0.6138114001221682
pairs_potential_crime_plumber_vs_prisoner_pole_b,all→white,pull_tcp,neg,-7.409840516629629,49.34411751690565,100,-1.5016664375628896,0.13636618761145566,0.5210956820408966
pairs_potential_crime_plumber_vs_prisoner_pole_b,all→white,q_exploded,neg,0.02,0.0984731927834662,100,2.0310096011589898,0.04493472521263044,0.04588572468803003
pairs_potential_crime_plumber_vs_prisoner_pole_b,all→white,q_jerk_in_grasp,neg,0.01,0.07035264706814483,100,1.421410624438029,0.15833990565972564,nan
pairs_potential_crime_plumber_vs_prisoner_pole_b,all→white,q_tile_drift,neg,0.03312847275286913,0.13041394308926976,100,2.5402554334387637,0.012631632655450671,0.015236906890637373
pairs_potential_crime_plumber_vs_prisoner_pole_b,all→white,xpos_reversals,neg,1.025,0.902787490235245,100,11.35372400577803,1.2544586332089202e-19,1.5824216745707295e-19
pairs_potential_crime_plumber_vs_prisoner_pole_b,black→white,d_approach_retreat,neg,-0.185,4.915783176913343,100,-0.37633881182725976,0.7074703580131824,0.9989173239228251
pairs_potential_crime_plumber_vs_prisoner_pole_b,black→white,d_latency,neg,0.83,2.864110911457745,100,2.897932467208664,0.004625260104108542,0.2626869303648357
pairs_potential_crime_plumber_vs_prisoner_pole_b,black→white,d_peak_speed,neg,0.00020202402025461198,0.0027926701803716093,100,0.7234080904882562,0.47113498785770835,0.8081777786676952
pairs_potential_crime_plumber_vs_prisoner_pole_b,black→white,d_time_to_half,neg,0.42,4.727268842267246,100,0.8884622686247812,0.3764457480978518,0.8616779212312846
pairs_potential_crime_plumber_vs_prisoner_pole_b,black→white,pull_AUC,neg,-0.3858435263181094,13.91249634338176,100,-0.27733594086560676,0.7821004503856006,0.8983573156086976
pairs_potential_crime_plumber_vs_prisoner_pole_b,black→white,pull_MAD,neg,-1.8701407742686569,27.13389057498149,100,-0.6892269168332978,0.49229272042110306,0.6832760578851116
pairs_potential_crime_plumber_vs_prisoner_pole_b,black→white,pull_early,neg,0.7120599867776035,9.386872029215914,100,0.7585700375602991,0.44991197826651275,0.8597327901528411
pairs_potential_crime_plumber_vs_prisoner_pole_b,black→white,pull_release,neg,-2.3444659577216953,26.678413465279633,100,-0.8787876238491011,0.3816443938583429,0.6138114001221682
pairs_potential_crime_plumber_vs_prisoner_pole_b,black→white,pull_tcp,neg,-7.409840516629629,49.34411751690565,100,-1.5016664375628896,0.13636618761145566,0.5210956820408966
pairs_potential_crime_plumber_vs_prisoner_pole_b,black→white,q_exploded,neg,0.02,0.0984731927834662,100,2.0310096011589898,0.04493472521263044,0.04588572468803003
pairs_potential_crime_plumber_vs_prisoner_pole_b,black→white,q_jerk_in_grasp,neg,0.01,0.07035264706814483,100,1.421410624438029,0.15833990565972564,nan
pairs_potential_crime_plumber_vs_prisoner_pole_b,black→white,q_tile_drift,neg,0.03312847275286913,0.13041394308926976,100,2.5402554334387637,0.012631632655450671,0.015236906890637373
pairs_potential_crime_plumber_vs_prisoner_pole_b,black→white,xpos_reversals,neg,1.025,0.902787490235245,100,11.35372400577803,1.2544586332089202e-19,1.5824216745707295e-19
pairs_potential_crime_skier_vs_mugger_pole_b,all→white,d_approach_retreat,neg,0.095,4.974020892435399,100,0.19099236222444926,0.8489227150365636,0.9989173239228251
pairs_potential_crime_skier_vs_mugger_pole_b,all→white,d_latency,neg,0.165,2.722015555956411,100,0.6061684682107754,0.5457902812031158,0.9329303435335639
pairs_potential_crime_skier_vs_mugger_pole_b,all→white,d_peak_speed,neg,-0.0002546430565416813,0.002910794535863568,100,-0.8748231914147605,0.3837875277609585,0.771572842269427
pairs_potential_crime_skier_vs_mugger_pole_b,all→white,d_time_to_half,neg,0.63,5.106749346589167,100,1.2336614884393755,0.2202499312627127,0.8496640370128001
pairs_potential_crime_skier_vs_mugger_pole_b,all→white,pull_AUC,neg,-0.9334530660833158,13.786489522822327,100,-0.6770781383745774,0.49993546614873685,0.6906392859044215
pairs_potential_crime_skier_vs_mugger_pole_b,all→white,pull_MAD,neg,-0.025049143366049968,25.040588447906593,100,-0.010003416420569018,0.992038692317631,0.992038692317631
pairs_potential_crime_skier_vs_mugger_pole_b,all→white,pull_early,neg,-0.6350333695299917,11.95232137911439,100,-0.5313054672706974,0.5963971850442497,0.934184741613417
pairs_potential_crime_skier_vs_mugger_pole_b,all→white,pull_release,neg,0.18300310824997723,26.7193041047691,100,0.06849097099700033,0.9455329521672006,0.955938830002546
pairs_potential_crime_skier_vs_mugger_pole_b,all→white,pull_tcp,neg,-6.108834281330928,42.88004500513034,100,-1.424633365146898,0.15740796659571207,0.5414863425897186
pairs_potential_crime_skier_vs_mugger_pole_b,all→white,q_exploded,neg,0.055,0.17254775360093008,100,3.187523387131684,0.0019207824085085005,0.002965688038737125
pairs_potential_crime_skier_vs_mugger_pole_b,all→white,q_jerk_in_grasp,neg,0.01,0.07035264706814483,100,1.421410624438029,0.15833990565972564,nan
pairs_potential_crime_skier_vs_mugger_pole_b,all→white,q_tile_drift,neg,0.048228045403957365,0.19056346315583078,100,2.5308128119249966,0.012955012580742588,0.015489184030000732
pairs_potential_crime_skier_vs_mugger_pole_b,all→white,xpos_reversals,neg,0.96,0.955261876411517,100,10.049600258373985,8.52744248504886e-17,8.801050265317808e-17
pairs_potential_crime_skier_vs_mugger_pole_b,black→white,d_approach_retreat,neg,0.095,4.974020892435399,100,0.19099236222444926,0.8489227150365636,0.9989173239228251
pairs_potential_crime_skier_vs_mugger_pole_b,black→white,d_latency,neg,0.165,2.722015555956411,100,0.6061684682107754,0.5457902812031158,0.9329303435335639
pairs_potential_crime_skier_vs_mugger_pole_b,black→white,d_peak_speed,neg,-0.0002546430565416813,0.002910794535863568,100,-0.8748231914147605,0.3837875277609585,0.771572842269427
pairs_potential_crime_skier_vs_mugger_pole_b,black→white,d_time_to_half,neg,0.63,5.106749346589167,100,1.2336614884393755,0.2202499312627127,0.8496640370128001
pairs_potential_crime_skier_vs_mugger_pole_b,black→white,pull_AUC,neg,-0.9334530660833158,13.786489522822327,100,-0.6770781383745774,0.49993546614873685,0.6906392859044215
pairs_potential_crime_skier_vs_mugger_pole_b,black→white,pull_MAD,neg,-0.025049143366049968,25.040588447906593,100,-0.010003416420569018,0.992038692317631,0.992038692317631
pairs_potential_crime_skier_vs_mugger_pole_b,black→white,pull_early,neg,-0.6350333695299917,11.95232137911439,100,-0.5313054672706974,0.5963971850442497,0.934184741613417
pairs_potential_crime_skier_vs_mugger_pole_b,black→white,pull_release,neg,0.18300310824997723,26.7193041047691,100,0.06849097099700033,0.9455329521672006,0.955938830002546
pairs_potential_crime_skier_vs_mugger_pole_b,black→white,pull_tcp,neg,-6.108834281330928,42.88004500513034,100,-1.424633365146898,0.15740796659571207,0.5414863425897186
pairs_potential_crime_skier_vs_mugger_pole_b,black→white,q_exploded,neg,0.055,0.17254775360093008,100,3.187523387131684,0.0019207824085085005,0.002965688038737125
pairs_potential_crime_skier_vs_mugger_pole_b,black→white,q_jerk_in_grasp,neg,0.01,0.07035264706814483,100,1.421410624438029,0.15833990565972564,nan
pairs_potential_crime_skier_vs_mugger_pole_b,black→white,q_tile_drift,neg,0.048228045403957365,0.19056346315583078,100,2.5308128119249966,0.012955012580742588,0.015489184030000732
pairs_potential_crime_skier_vs_mugger_pole_b,black→white,xpos_reversals,neg,0.96,0.955261876411517,100,10.049600258373985,8.52744248504886e-17,8.801050265317808e-17
pairs_potential_crime_smoking_tobacco_vs_cannabis_pole_a,all→white,d_approach_retreat,pos,0.54,4.411120016274755,100,1.2241788888256926,0.2237900256288952,0.889972900524821
pairs_potential_crime_smoking_tobacco_vs_cannabis_pole_a,all→white,d_latency,pos,-0.015,2.8651995893599955,100,-0.0523523738300918,0.9583534138886302,0.9891027212861263
pairs_potential_crime_smoking_tobacco_vs_cannabis_pole_a,all→white,d_peak_speed,pos,0.00029498375952243807,0.002354806927193463,100,1.2526876667294735,0.21327033782196567,0.6549157453788355
pairs_potential_crime_smoking_tobacco_vs_cannabis_pole_a,all→white,d_time_to_half,pos,0.29,2.2101464826448667,100,1.3121302242960795,0.19251045402676392,0.8496640370128001
pairs_potential_crime_smoking_tobacco_vs_cannabis_pole_a,all→white,pull_AUC,pos,2.3607935425430044,17.60855415490532,100,1.3407083408295302,0.1830834847597483,0.39247769571103924
pairs_potential_crime_smoking_tobacco_vs_cannabis_pole_a,all→white,pull_MAD,pos,7.20744587816298,35.801356349926046,100,2.013176765627727,0.04681081440897206,0.16731018325736177
pairs_potential_crime_smoking_tobacco_vs_cannabis_pole_a,all→white,pull_early,pos,-0.12610121117904796,9.255753473130797,100,-0.13624089226783792,0.8919075092183477,0.9934997129093884
pairs_potential_crime_smoking_tobacco_vs_cannabis_pole_a,all→white,pull_release,pos,6.549087570747361,33.88158953293439,100,1.932933980084187,0.056101596908694706,0.18351878310810302
pairs_potential_crime_smoking_tobacco_vs_cannabis_pole_a,all→white,pull_tcp,pos,-5.747621974442154,69.39024552821226,100,-0.8283040261192505,0.4094907553521614,0.7599203440669918
pairs_potential_crime_smoking_tobacco_vs_cannabis_pole_a,all→white,q_exploded,pos,0.03,0.119341628287971,100,2.5137917447891764,0.013556758919315062,0.01521194460132446
pairs_potential_crime_smoking_tobacco_vs_cannabis_pole_a,all→white,q_jerk_in_grasp,pos,0.03,0.17144660799776532,100,1.7498158960596657,0.0832486252449611,nan
pairs_potential_crime_smoking_tobacco_vs_cannabis_pole_a,all→white,q_tile_drift,pos,0.0893484329432249,0.3227901565853615,100,2.7680036432460677,0.006732906775857216,0.0090870699841989
pairs_potential_crime_smoking_tobacco_vs_cannabis_pole_a,all→white,xpos_reversals,pos,0.925,0.7567040439306574,100,12.224065768105831,1.706630801293193e-21,3.167112929322945e-21
pairs_potential_crime_smoking_tobacco_vs_cannabis_pole_a,black→white,d_approach_retreat,pos,0.54,4.411120016274755,100,1.2241788888256926,0.2237900256288952,0.889972900524821
pairs_potential_crime_smoking_tobacco_vs_cannabis_pole_a,black→white,d_latency,pos,-0.015,2.8651995893599955,100,-0.0523523738300918,0.9583534138886302,0.9891027212861263
pairs_potential_crime_smoking_tobacco_vs_cannabis_pole_a,black→white,d_peak_speed,pos,0.00029498375952243807,0.002354806927193463,100,1.2526876667294735,0.21327033782196567,0.6549157453788355
pairs_potential_crime_smoking_tobacco_vs_cannabis_pole_a,black→white,d_time_to_half,pos,0.29,2.2101464826448667,100,1.3121302242960795,0.19251045402676392,0.8496640370128001
pairs_potential_crime_smoking_tobacco_vs_cannabis_pole_a,black→white,pull_AUC,pos,2.3607935425430044,17.60855415490532,100,1.3407083408295302,0.1830834847597483,0.39247769571103924
pairs_potential_crime_smoking_tobacco_vs_cannabis_pole_a,black→white,pull_MAD,pos,7.20744587816298,35.801356349926046,100,2.013176765627727,0.04681081440897206,0.16731018325736177
pairs_potential_crime_smoking_tobacco_vs_cannabis_pole_a,black→white,pull_early,pos,-0.12610121117904796,9.255753473130797,100,-0.13624089226783792,0.8919075092183477,0.9934997129093884
pairs_potential_crime_smoking_tobacco_vs_cannabis_pole_a,black→white,pull_release,pos,6.549087570747361,33.88158953293439,100,1.932933980084187,0.056101596908694706,0.18351878310810302
pairs_potential_crime_smoking_tobacco_vs_cannabis_pole_a,black→white,pull_tcp,pos,-5.747621974442154,69.39024552821226,100,-0.8283040261192505,0.4094907553521614,0.7599203440669918
pairs_potential_crime_smoking_tobacco_vs_cannabis_pole_a,black→white,q_exploded,pos,0.03,0.119341628287971,100,2.5137917447891764,0.013556758919315062,0.01521194460132446
pairs_potential_crime_smoking_tobacco_vs_cannabis_pole_a,black→white,q_jerk_in_grasp,pos,0.03,0.17144660799776532,100,1.7498158960596657,0.0832486252449611,nan
pairs_potential_crime_smoking_tobacco_vs_cannabis_pole_a,black→white,q_tile_drift,pos,0.0893484329432249,0.3227901565853615,100,2.7680036432460677,0.006732906775857216,0.0090870699841989
pairs_potential_crime_smoking_tobacco_vs_cannabis_pole_a,black→white,xpos_reversals,pos,0.925,0.7567040439306574,100,12.224065768105831,1.706630801293193e-21,3.167112929322945e-21
pairs_potential_crime_smoking_tobacco_vs_cannabis_pole_b,all→white,d_approach_retreat,neg,-0.51,4.3437985517960955,100,-1.1740875961872648,0.24317657532590672,0.889972900524821
pairs_potential_crime_smoking_tobacco_vs_cannabis_pole_b,all→white,d_latency,neg,-0.2,2.7450598418529117,100,-0.7285815666043924,0.4679776234242363,0.9326246033065093
pairs_potential_crime_smoking_tobacco_vs_cannabis_pole_b,all→white,d_peak_speed,neg,-0.00043040087446570395,0.002665797150175475,100,-1.6145297268300138,0.10959542909450193,0.6237720078876087
pairs_potential_crime_smoking_tobacco_vs_cannabis_pole_b,all→white,d_time_to_half,neg,0.14,4.961508405370856,100,0.2821722519878216,0.7784004831210508,0.9485546304920008
pairs_potential_crime_smoking_tobacco_vs_cannabis_pole_b,all→white,pull_AUC,neg,2.9254449012930555,15.388067366490963,100,1.9011126164312877,0.060195506092158575,0.20030573578942423
pairs_potential_crime_smoking_tobacco_vs_cannabis_pole_b,all→white,pull_MAD,neg,6.554341591428965,30.170079661784527,100,2.1724641316513127,0.03220749116014325,0.12432091587815294
pairs_potential_crime_smoking_tobacco_vs_cannabis_pole_b,all→white,pull_early,neg,0.310744465794414,10.140418171417556,100,0.306441470698219,0.7599120904775116,0.975577920278819
pairs_potential_crime_smoking_tobacco_vs_cannabis_pole_b,all→white,pull_release,neg,5.576033142860979,27.872061887338575,100,2.000581501791943,0.048175860007100245,0.16905347238855176
pairs_potential_crime_smoking_tobacco_vs_cannabis_pole_b,all→white,pull_tcp,neg,15.254259775392711,63.44321020353623,100,2.4043959513483855,0.01805864840670252,0.2086546953713508
pairs_potential_crime_smoking_tobacco_vs_cannabis_pole_b,all→white,q_exploded,neg,0.055,0.17254775360093008,100,3.187523387131684,0.0019207824085085005,0.002965688038737125
pairs_potential_crime_smoking_tobacco_vs_cannabis_pole_b,all→white,q_jerk_in_grasp,neg,0.025,0.13055824196677338,100,1.9148542155126762,0.05839774428202229,nan
pairs_potential_crime_smoking_tobacco_vs_cannabis_pole_b,all→white,q_tile_drift,neg,0.16319486152380705,0.570860201055824,100,2.8587535305837224,0.005186194596365895,0.007640729443500899
pairs_potential_crime_smoking_tobacco_vs_cannabis_pole_b,all→white,xpos_reversals,neg,0.85,0.8024583440524461,100,10.59245014149229,5.6008431401504275e-18,6.141833670733139e-18
pairs_potential_crime_smoking_tobacco_vs_cannabis_pole_b,black→white,d_approach_retreat,neg,-0.51,4.3437985517960955,100,-1.1740875961872648,0.24317657532590672,0.889972900524821
pairs_potential_crime_smoking_tobacco_vs_cannabis_pole_b,black→white,d_latency,neg,-0.2,2.7450598418529117,100,-0.7285815666043924,0.4679776234242363,0.9326246033065093
pairs_potential_crime_smoking_tobacco_vs_cannabis_pole_b,black→white,d_peak_speed,neg,-0.00043040087446570395,0.002665797150175475,100,-1.6145297268300138,0.10959542909450193,0.6237720078876087
pairs_potential_crime_smoking_tobacco_vs_cannabis_pole_b,black→white,d_time_to_half,neg,0.14,4.961508405370856,100,0.2821722519878216,0.7784004831210508,0.9485546304920008
pairs_potential_crime_smoking_tobacco_vs_cannabis_pole_b,black→white,pull_AUC,neg,2.9254449012930555,15.388067366490963,100,1.9011126164312877,0.060195506092158575,0.20030573578942423
pairs_potential_crime_smoking_tobacco_vs_cannabis_pole_b,black→white,pull_MAD,neg,6.554341591428965,30.170079661784527,100,2.1724641316513127,0.03220749116014325,0.12432091587815294
pairs_potential_crime_smoking_tobacco_vs_cannabis_pole_b,black→white,pull_early,neg,0.310744465794414,10.140418171417556,100,0.306441470698219,0.7599120904775116,0.975577920278819
pairs_potential_crime_smoking_tobacco_vs_cannabis_pole_b,black→white,pull_release,neg,5.576033142860979,27.872061887338575,100,2.000581501791943,0.048175860007100245,0.16905347238855176
pairs_potential_crime_smoking_tobacco_vs_cannabis_pole_b,black→white,pull_tcp,neg,15.254259775392711,63.44321020353623,100,2.4043959513483855,0.01805864840670252,0.2086546953713508
pairs_potential_crime_smoking_tobacco_vs_cannabis_pole_b,black→white,q_exploded,neg,0.055,0.17254775360093008,100,3.187523387131684,0.0019207824085085005,0.002965688038737125
pairs_potential_crime_smoking_tobacco_vs_cannabis_pole_b,black→white,q_jerk_in_grasp,neg,0.025,0.13055824196677338,100,1.9148542155126762,0.05839774428202229,nan
pairs_potential_crime_smoking_tobacco_vs_cannabis_pole_b,black→white,q_tile_drift,neg,0.16319486152380705,0.570860201055824,100,2.8587535305837224,0.005186194596365895,0.007640729443500899
pairs_potential_crime_smoking_tobacco_vs_cannabis_pole_b,black→white,xpos_reversals,neg,0.85,0.8024583440524461,100,10.59245014149229,5.6008431401504275e-18,6.141833670733139e-18
pairs_status_boss_vs_employee_pole_a,all→white,d_approach_retreat,pos,-1.025,4.382803286307138,100,-2.3386858433786664,0.021362048386107686,0.6871458897531305
pairs_status_boss_vs_employee_pole_a,all→white,d_latency,pos,0.035,2.6210636671921477,100,0.13353357431982668,0.8940424806434735,0.979278637066557
pairs_status_boss_vs_employee_pole_a,all→white,d_peak_speed,pos,0.00012428905814886092,0.003461952597251395,100,0.35901432690771035,0.7203489214172041,0.9204665041857535
pairs_status_boss_vs_employee_pole_a,all→white,d_time_to_half,pos,0.29,3.493991957343319,100,0.8299961864265523,0.40853793382967474,0.8616779212312846
pairs_status_boss_vs_employee_pole_a,all→white,pull_AUC,pos,3.1167326138730864,15.535603336956408,100,2.0061870442192222,0.04756420715398444,0.17320550907016977
pairs_status_boss_vs_employee_pole_a,all→white,pull_MAD,pos,5.217142698995303,32.230035033411724,100,1.6187207657661178,0.10868894610881359,0.29315314940134257
pairs_status_boss_vs_employee_pole_a,all→white,pull_early,pos,0.03783454746007895,7.792714247102739,100,0.04855118032095876,0.961374790019819,0.9934997129093884
pairs_status_boss_vs_employee_pole_a,all→white,pull_release,pos,3.8815747760236263,29.489375760501357,100,1.316262103188594,0.19112551101424238,0.43396733677351507
pairs_status_boss_vs_employee_pole_a,all→white,pull_tcp,pos,5.28966011479497,44.39881228729304,100,1.1913967609239116,0.236346298709302,0.6164166979850715
pairs_status_boss_vs_employee_pole_a,all→white,q_exploded,pos,0.05,0.15075567228888181,100,3.3166247903554003,0.0012748384719836199,0.0021582791674810407
pairs_status_boss_vs_employee_pole_a,all→white,q_jerk_in_grasp,pos,0.03,0.13889898953170712,100,2.159842926226023,0.03319924783029144,nan
pairs_status_boss_vs_employee_pole_a,all→white,q_tile_drift,pos,0.037212303578853606,0.15084660966187224,100,2.46689691351143,0.015346359337103523,0.017735612886592696
pairs_status_boss_vs_employee_pole_a,all→white,xpos_reversals,pos,1.015,0.7959969290839702,100,12.751305475111034,1.3029440096548576e-22,3.308792024518257e-22
pairs_status_boss_vs_employee_pole_a,black→white,d_approach_retreat,pos,-1.025,4.382803286307138,100,-2.3386858433786664,0.021362048386107686,0.6871458897531305
pairs_status_boss_vs_employee_pole_a,black→white,d_latency,pos,0.035,2.6210636671921477,100,0.13353357431982668,0.8940424806434735,0.979278637066557
pairs_status_boss_vs_employee_pole_a,black→white,d_peak_speed,pos,0.00012428905814886092,0.003461952597251395,100,0.35901432690771035,0.7203489214172041,0.9204665041857535
pairs_status_boss_vs_employee_pole_a,black→white,d_time_to_half,pos,0.29,3.493991957343319,100,0.8299961864265523,0.40853793382967474,0.8616779212312846
pairs_status_boss_vs_employee_pole_a,black→white,pull_AUC,pos,3.1167326138730864,15.535603336956408,100,2.0061870442192222,0.04756420715398444,0.17320550907016977
pairs_status_boss_vs_employee_pole_a,black→white,pull_MAD,pos,5.217142698995303,32.230035033411724,100,1.6187207657661178,0.10868894610881359,0.29315314940134257
pairs_status_boss_vs_employee_pole_a,black→white,pull_early,pos,0.03783454746007895,7.792714247102739,100,0.04855118032095876,0.961374790019819,0.9934997129093884
pairs_status_boss_vs_employee_pole_a,black→white,pull_release,pos,3.8815747760236263,29.489375760501357,100,1.316262103188594,0.19112551101424238,0.43396733677351507
pairs_status_boss_vs_employee_pole_a,black→white,pull_tcp,pos,5.28966011479497,44.39881228729304,100,1.1913967609239116,0.236346298709302,0.6164166979850715
pairs_status_boss_vs_employee_pole_a,black→white,q_exploded,pos,0.05,0.15075567228888181,100,3.3166247903554003,0.0012748384719836199,0.0021582791674810407
pairs_status_boss_vs_employee_pole_a,black→white,q_jerk_in_grasp,pos,0.03,0.13889898953170712,100,2.159842926226023,0.03319924783029144,nan
pairs_status_boss_vs_employee_pole_a,black→white,q_tile_drift,pos,0.037212303578853606,0.15084660966187224,100,2.46689691351143,0.015346359337103523,0.017735612886592696
pairs_status_boss_vs_employee_pole_a,black→white,xpos_reversals,pos,1.015,0.7959969290839702,100,12.751305475111034,1.3029440096548576e-22,3.308792024518257e-22
pairs_status_boss_vs_employee_pole_b,all→white,d_approach_retreat,neg,0.12,4.357809662032642,100,0.27536769456798077,0.7836076754083757,0.9989173239228251
pairs_status_boss_vs_employee_pole_b,all→white,d_latency,neg,-0.555,2.354766281910849,100,-2.3569218069048783,0.020395527770994928,0.3889698324223699
pairs_status_boss_vs_employee_pole_b,all→white,d_peak_speed,neg,-0.0002622796967625618,0.0019979813226683224,100,-1.3127234663649647,0.1923111491482,0.6549157453788355
pairs_status_boss_vs_employee_pole_b,all→white,d_time_to_half,neg,0.05,3.668388025696124,100,0.13629964891871507,0.8918611829064588,0.9810327162196054
pairs_status_boss_vs_employee_pole_b,all→white,pull_AUC,neg,1.8630180404322747,14.53831060000871,100,1.2814542842626833,0.20302746500682414,0.41615275062013163
pairs_status_boss_vs_employee_pole_b,all→white,pull_MAD,neg,4.878253485437017,27.714819281244218,100,1.7601606692555039,0.08146912364324793,0.24958001370074367
pairs_status_boss_vs_employee_pole_b,all→white,pull_early,neg,-0.9968288298696281,8.735975270167001,100,-1.1410618723633041,0.2565968754004657,0.7391521933177595
pairs_status_boss_vs_employee_pole_b,all→white,pull_release,neg,6.535230212612078,25.411384423028192,100,2.5717725975959618,0.01160412794321659,0.06786656645578187
pairs_status_boss_vs_employee_pole_b,all→white,pull_tcp,neg,11.346442846115679,47.57140106298115,100,2.3851395150405166,0.018976208863712606,0.2086546953713508
pairs_status_boss_vs_employee_pole_b,all→white,q_exploded,neg,0.07,0.1743675440098885,100,4.014508571390456,0.00011596495199142779,0.0005086644485078537
pairs_status_boss_vs_employee_pole_b,all→white,q_jerk_in_grasp,neg,0.035,0.16291225871739684,100,2.1483957239040152,0.0341215903006047,nan
pairs_status_boss_vs_employee_pole_b,all→white,q_tile_drift,neg,0.03511872936040163,0.10332463377881941,100,3.3988728608105307,0.0009762835101720503,0.0026386559111797087
pairs_status_boss_vs_employee_pole_b,all→white,xpos_reversals,neg,1.19,0.9994442900376634,100,11.906616625476499,8.12697389725965e-21,1.2065430478239327e-20
pairs_status_boss_vs_employee_pole_b,black→white,d_approach_retreat,neg,0.12,4.357809662032642,100,0.27536769456798077,0.7836076754083757,0.9989173239228251
pairs_status_boss_vs_employee_pole_b,black→white,d_latency,neg,-0.555,2.354766281910849,100,-2.3569218069048783,0.020395527770994928,0.3889698324223699
pairs_status_boss_vs_employee_pole_b,black→white,d_peak_speed,neg,-0.0002622796967625618,0.0019979813226683224,100,-1.3127234663649647,0.1923111491482,0.6549157453788355
pairs_status_boss_vs_employee_pole_b,black→white,d_time_to_half,neg,0.05,3.668388025696124,100,0.13629964891871507,0.8918611829064588,0.9810327162196054
pairs_status_boss_vs_employee_pole_b,black→white,pull_AUC,neg,1.8630180404322747,14.53831060000871,100,1.2814542842626833,0.20302746500682414,0.41615275062013163
pairs_status_boss_vs_employee_pole_b,black→white,pull_MAD,neg,4.878253485437017,27.714819281244218,100,1.7601606692555039,0.08146912364324793,0.24958001370074367
pairs_status_boss_vs_employee_pole_b,black→white,pull_early,neg,-0.9968288298696281,8.735975270167001,100,-1.1410618723633041,0.2565968754004657,0.7391521933177595
pairs_status_boss_vs_employee_pole_b,black→white,pull_release,neg,6.535230212612078,25.411384423028192,100,2.5717725975959618,0.01160412794321659,0.06786656645578187
pairs_status_boss_vs_employee_pole_b,black→white,pull_tcp,neg,11.346442846115679,47.57140106298115,100,2.3851395150405166,0.018976208863712606,0.2086546953713508
pairs_status_boss_vs_employee_pole_b,black→white,q_exploded,neg,0.07,0.1743675440098885,100,4.014508571390456,0.00011596495199142779,0.0005086644485078537
pairs_status_boss_vs_employee_pole_b,black→white,q_jerk_in_grasp,neg,0.035,0.16291225871739684,100,2.1483957239040152,0.0341215903006047,nan
pairs_status_boss_vs_employee_pole_b,black→white,q_tile_drift,neg,0.03511872936040163,0.10332463377881941,100,3.3988728608105307,0.0009762835101720503,0.0026386559111797087
pairs_status_boss_vs_employee_pole_b,black→white,xpos_reversals,neg,1.19,0.9994442900376634,100,11.906616625476499,8.12697389725965e-21,1.2065430478239327e-20
pairs_status_high_school_drop_out_vs_college_graduate_pole_a,all→white,d_approach_retreat,pos,0.43,4.164557041695474,100,1.0325227765998817,0.30434306442817716,0.889972900524821
pairs_status_high_school_drop_out_vs_college_graduate_pole_a,all→white,d_latency,pos,0.05,2.5151058776436384,100,0.1987987879335091,0.8428278423500901,0.979278637066557
pairs_status_high_school_drop_out_vs_college_graduate_pole_a,all→white,d_peak_speed,pos,-0.00024405229836702347,0.0026961363365577513,100,-0.9051927198852759,0.3675609552438055,0.771572842269427
pairs_status_high_school_drop_out_vs_college_graduate_pole_a,all→white,d_time_to_half,pos,0.09,2.3723789364647923,100,0.3793660389436511,0.7052285676618395,0.9328999625180484
pairs_status_high_school_drop_out_vs_college_graduate_pole_a,all→white,pull_AUC,pos,-0.28331696147341445,15.632924810161038,100,-0.18123093721353087,0.8565568323104233,0.9392924354313166
pairs_status_high_school_drop_out_vs_college_graduate_pole_a,all→white,pull_MAD,pos,-0.8693921406054882,29.955123627213528,100,-0.29023153148186837,0.7722461725305791,0.8601033073647693
pairs_status_high_school_drop_out_vs_college_graduate_pole_a,all→white,pull_early,pos,0.18255221610888822,8.552437744415633,100,0.21345050565037652,0.831414549492424,0.9868351453056644
pairs_status_high_school_drop_out_vs_college_graduate_pole_a,all→white,pull_release,pos,-0.9486028470564634,26.294935008116155,100,-0.3607549692606842,0.7190512548729229,0.8477168962969746
pairs_status_high_school_drop_out_vs_college_graduate_pole_a,all→white,pull_tcp,pos,-2.9785283165983856,62.13521694079501,100,-0.47936234284599827,0.6327381065689769,0.8978064127997045
pairs_status_high_school_drop_out_vs_college_graduate_pole_a,all→white,q_exploded,pos,0.085,0.21385117075275328,100,3.9747268953824815,0.00013398883430865255,0.0005746632227015542
pairs_status_high_school_drop_out_vs_college_graduate_pole_a,all→white,q_jerk_in_grasp,pos,0.055,0.17254775360093005,100,3.187523387131685,0.001920782408508495,nan
pairs_status_high_school_drop_out_vs_college_graduate_pole_a,all→white,q_tile_drift,pos,0.08089498814195395,0.2651274619285906,100,3.0511734828790464,0.0029259343400138216,0.005183904125380709
pairs_status_high_school_drop_out_vs_college_graduate_pole_a,all→white,xpos_reversals,pos,0.91,0.6830561152391921,100,13.32247790038944,8.27648259682024e-24,3.0138889456345403e-23
pairs_status_high_school_drop_out_vs_college_graduate_pole_a,black→white,d_approach_retreat,pos,0.43,4.164557041695474,100,1.0325227765998817,0.30434306442817716,0.889972900524821
pairs_status_high_school_drop_out_vs_college_graduate_pole_a,black→white,d_latency,pos,0.05,2.5151058776436384,100,0.1987987879335091,0.8428278423500901,0.979278637066557
pairs_status_high_school_drop_out_vs_college_graduate_pole_a,black→white,d_peak_speed,pos,-0.00024405229836702347,0.0026961363365577513,100,-0.9051927198852759,0.3675609552438055,0.771572842269427
pairs_status_high_school_drop_out_vs_college_graduate_pole_a,black→white,d_time_to_half,pos,0.09,2.3723789364647923,100,0.3793660389436511,0.7052285676618395,0.9328999625180484
pairs_status_high_school_drop_out_vs_college_graduate_pole_a,black→white,pull_AUC,pos,-0.28331696147341445,15.632924810161038,100,-0.18123093721353087,0.8565568323104233,0.9392924354313166
pairs_status_high_school_drop_out_vs_college_graduate_pole_a,black→white,pull_MAD,pos,-0.8693921406054882,29.955123627213528,100,-0.29023153148186837,0.7722461725305791,0.8601033073647693
pairs_status_high_school_drop_out_vs_college_graduate_pole_a,black→white,pull_early,pos,0.18255221610888822,8.552437744415633,100,0.21345050565037652,0.831414549492424,0.9868351453056644
pairs_status_high_school_drop_out_vs_college_graduate_pole_a,black→white,pull_release,pos,-0.9486028470564634,26.294935008116155,100,-0.3607549692606842,0.7190512548729229,0.8477168962969746
pairs_status_high_school_drop_out_vs_college_graduate_pole_a,black→white,pull_tcp,pos,-2.9785283165983856,62.13521694079501,100,-0.47936234284599827,0.6327381065689769,0.8978064127997045
pairs_status_high_school_drop_out_vs_college_graduate_pole_a,black→white,q_exploded,pos,0.085,0.21385117075275328,100,3.9747268953824815,0.00013398883430865255,0.0005746632227015542
pairs_status_high_school_drop_out_vs_college_graduate_pole_a,black→white,q_jerk_in_grasp,pos,0.055,0.17254775360093005,100,3.187523387131685,0.001920782408508495,nan
pairs_status_high_school_drop_out_vs_college_graduate_pole_a,black→white,q_tile_drift,pos,0.08089498814195395,0.2651274619285906,100,3.0511734828790464,0.0029259343400138216,0.005183904125380709
pairs_status_high_school_drop_out_vs_college_graduate_pole_a,black→white,xpos_reversals,pos,0.91,0.6830561152391921,100,13.32247790038944,8.27648259682024e-24,3.0138889456345403e-23
pairs_status_high_school_drop_out_vs_college_graduate_pole_b,all→white,d_approach_retreat,neg,0.235,4.265467989765856,100,0.5509360299123939,0.5829187178333732,0.9975913714328056
pairs_status_high_school_drop_out_vs_college_graduate_pole_b,all→white,d_latency,neg,-0.17,2.0216255085870123,100,-0.8409074740989948,0.40242625402441146,0.9125417161050899
pairs_status_high_school_drop_out_vs_college_graduate_pole_b,all→white,d_peak_speed,neg,-0.0003529825620353222,0.0028647504707165106,100,-1.232158143068694,0.22080843168681305,0.6549157453788355
pairs_status_high_school_drop_out_vs_college_graduate_pole_b,all→white,d_time_to_half,neg,0.63,3.7823486904516903,100,1.6656317319193672,0.09894820378032365,0.7072964196149061
pairs_status_high_school_drop_out_vs_college_graduate_pole_b,all→white,pull_AUC,neg,5.838341320198319,14.186874450163941,100,4.115311896716512,8.009572529608599e-05,0.0022083535688777996
pairs_status_high_school_drop_out_vs_college_graduate_pole_b,all→white,pull_MAD,neg,11.094598061114084,28.144821970112545,100,3.9419677526813355,0.00015081346609074336,0.0029106998955513467
pairs_status_high_school_drop_out_vs_college_graduate_pole_b,all→white,pull_early,neg,2.4164870921522383,7.852891705965976,100,3.0771939594129276,0.002702730329718317,0.2608134768178176
pairs_status_high_school_drop_out_vs_college_graduate_pole_b,all→white,pull_release,neg,10.138099055620842,26.097168970636346,100,3.884750513370967,0.00018514892472380255,0.0029778118726411576
pairs_status_high_school_drop_out_vs_college_graduate_pole_b,all→white,pull_tcp,neg,6.548736699623987,40.24774133161715,100,1.6271066357901531,0.10689324248654003,0.4584532399978272
pairs_status_high_school_drop_out_vs_college_graduate_pole_b,all→white,q_exploded,neg,0.05,0.15075567228888181,100,3.3166247903554003,0.0012748384719836199,0.0021582791674810407
pairs_status_high_school_drop_out_vs_college_graduate_pole_b,all→white,q_jerk_in_grasp,neg,0.025,0.10952145677879516,100,2.2826577307580465,0.024589522572171077,nan
pairs_status_high_school_drop_out_vs_college_graduate_pole_b,all→white,q_tile_drift,neg,0.03430917553603649,0.1206543600916538,100,2.8435918527912203,0.005419533066465449,0.007747925050576532
pairs_status_high_school_drop_out_vs_college_graduate_pole_b,all→white,xpos_reversals,neg,1.025,0.7989102426165131,100,12.829976952642637,8.896043139499138e-23,2.452766179890477e-22
pairs_status_high_school_drop_out_vs_college_graduate_pole_b,black→white,d_approach_retreat,neg,0.235,4.265467989765856,100,0.5509360299123939,0.5829187178333732,0.9975913714328056
pairs_status_high_school_drop_out_vs_college_graduate_pole_b,black→white,d_latency,neg,-0.17,2.0216255085870123,100,-0.8409074740989948,0.40242625402441146,0.9125417161050899
pairs_status_high_school_drop_out_vs_college_graduate_pole_b,black→white,d_peak_speed,neg,-0.0003529825620353222,0.0028647504707165106,100,-1.232158143068694,0.22080843168681305,0.6549157453788355
pairs_status_high_school_drop_out_vs_college_graduate_pole_b,black→white,d_time_to_half,neg,0.63,3.7823486904516903,100,1.6656317319193672,0.09894820378032365,0.7072964196149061
pairs_status_high_school_drop_out_vs_college_graduate_pole_b,black→white,pull_AUC,neg,5.838341320198319,14.186874450163941,100,4.115311896716512,8.009572529608599e-05,0.0022083535688777996
pairs_status_high_school_drop_out_vs_college_graduate_pole_b,black→white,pull_MAD,neg,11.094598061114084,28.144821970112545,100,3.9419677526813355,0.00015081346609074336,0.0029106998955513467
pairs_status_high_school_drop_out_vs_college_graduate_pole_b,black→white,pull_early,neg,2.4164870921522383,7.852891705965976,100,3.0771939594129276,0.002702730329718317,0.2608134768178176
pairs_status_high_school_drop_out_vs_college_graduate_pole_b,black→white,pull_release,neg,10.138099055620842,26.097168970636346,100,3.884750513370967,0.00018514892472380255,0.0029778118726411576
pairs_status_high_school_drop_out_vs_college_graduate_pole_b,black→white,pull_tcp,neg,6.548736699623987,40.24774133161715,100,1.6271066357901531,0.10689324248654003,0.4584532399978272
pairs_status_high_school_drop_out_vs_college_graduate_pole_b,black→white,q_exploded,neg,0.05,0.15075567228888181,100,3.3166247903554003,0.0012748384719836199,0.0021582791674810407
pairs_status_high_school_drop_out_vs_college_graduate_pole_b,black→white,q_jerk_in_grasp,neg,0.025,0.10952145677879516,100,2.2826577307580465,0.024589522572171077,nan
pairs_status_high_school_drop_out_vs_college_graduate_pole_b,black→white,q_tile_drift,neg,0.03430917553603649,0.1206543600916538,100,2.8435918527912203,0.005419533066465449,0.007747925050576532
pairs_status_high_school_drop_out_vs_college_graduate_pole_b,black→white,xpos_reversals,neg,1.025,0.7989102426165131,100,12.829976952642637,8.896043139499138e-23,2.452766179890477e-22
pairs_status_high_status_vs_low_status_pole_a,all→white,d_approach_retreat,pos,0.315,5.015961895526494,100,0.6279952012413291,0.5314530818283192,0.9975913714328056
pairs_status_high_status_vs_low_status_pole_a,all→white,d_latency,pos,-0.25,2.904628838056368,100,-0.8606951660208934,0.3914856384913903,0.9125417161050899
pairs_status_high_status_vs_low_status_pole_a,all→white,d_peak_speed,pos,-0.00045709580183029175,0.006712066880848052,100,-0.6810060298036525,0.4974574739492943,0.8081777786676952
pairs_status_high_status_vs_low_status_pole_a,all→white,d_time_to_half,pos,-0.145,4.015308458910974,100,-0.3611179601363096,0.718780744928025,0.9328999625180484
pairs_status_high_status_vs_low_status_pole_a,all→white,pull_AUC,pos,-3.366946413030242,21.012705793785223,100,-1.6023383404654432,0.1122668408732476,0.3036553480850668
pairs_status_high_status_vs_low_status_pole_a,all→white,pull_MAD,pos,-4.5921947012655435,39.225898237410625,100,-1.1707047913783308,0.24452773789358334,0.46927592915274613
pairs_status_high_status_vs_low_status_pole_a,all→white,pull_early,pos,-1.7167804348282523,11.857307174679946,100,-1.4478670490162047,0.15081376578472855,0.6371847304959745
pairs_status_high_status_vs_low_status_pole_a,all→white,pull_release,pos,-2.8354444459546357,36.06614181443802,100,-0.7861790319971372,0.43364035584106464,0.6626816955324907
pairs_status_high_status_vs_low_status_pole_a,all→white,pull_tcp,pos,-2.1791999554261565,46.307821485803714,100,-0.470590039761257,0.638968686203226,0.8978064127997045
pairs_status_high_status_vs_low_status_pole_a,all→white,q_exploded,pos,0.03,0.11934162828797101,100,2.5137917447891764,0.013556758919315062,0.01521194460132446
pairs_status_high_status_vs_low_status_pole_a,all→white,q_jerk_in_grasp,pos,0.005,0.049999999999999996,100,1.0,0.3197484741393017,nan
pairs_status_high_status_vs_low_status_pole_a,all→white,q_tile_drift,pos,0.04031348958611489,0.12148178706726,100,3.318480124415258,0.0012672496105924943,0.003048722664362207
pairs_status_high_status_vs_low_status_pole_a,all→white,xpos_reversals,pos,0.865,0.731177962004608,100,11.830225265932572,1.1845739907056815e-20,1.7189682722270415e-20
pairs_status_high_status_vs_low_status_pole_a,black→white,d_approach_retreat,pos,0.315,5.015961895526494,100,0.6279952012413291,0.5314530818283192,0.9975913714328056
pairs_status_high_status_vs_low_status_pole_a,black→white,d_latency,pos,-0.25,2.904628838056368,100,-0.8606951660208934,0.3914856384913903,0.9125417161050899
pairs_status_high_status_vs_low_status_pole_a,black→white,d_peak_speed,pos,-0.00045709580183029175,0.006712066880848052,100,-0.6810060298036525,0.4974574739492943,0.8081777786676952
pairs_status_high_status_vs_low_status_pole_a,black→white,d_time_to_half,pos,-0.145,4.015308458910974,100,-0.3611179601363096,0.718780744928025,0.9328999625180484
pairs_status_high_status_vs_low_status_pole_a,black→white,pull_AUC,pos,-3.366946413030242,21.012705793785223,100,-1.6023383404654432,0.1122668408732476,0.3036553480850668
pairs_status_high_status_vs_low_status_pole_a,black→white,pull_MAD,pos,-4.5921947012655435,39.225898237410625,100,-1.1707047913783308,0.24452773789358334,0.46927592915274613
pairs_status_high_status_vs_low_status_pole_a,black→white,pull_early,pos,-1.7167804348282523,11.857307174679946,100,-1.4478670490162047,0.15081376578472855,0.6371847304959745
pairs_status_high_status_vs_low_status_pole_a,black→white,pull_release,pos,-2.8354444459546357,36.06614181443802,100,-0.7861790319971372,0.43364035584106464,0.6626816955324907
pairs_status_high_status_vs_low_status_pole_a,black→white,pull_tcp,pos,-2.1791999554261565,46.307821485803714,100,-0.470590039761257,0.638968686203226,0.8978064127997045
pairs_status_high_status_vs_low_status_pole_a,black→white,q_exploded,pos,0.03,0.11934162828797101,100,2.5137917447891764,0.013556758919315062,0.01521194460132446
pairs_status_high_status_vs_low_status_pole_a,black→white,q_jerk_in_grasp,pos,0.005,0.049999999999999996,100,1.0,0.3197484741393017,nan
pairs_status_high_status_vs_low_status_pole_a,black→white,q_tile_drift,pos,0.04031348958611489,0.12148178706726,100,3.318480124415258,0.0012672496105924943,0.003048722664362207
pairs_status_high_status_vs_low_status_pole_a,black→white,xpos_reversals,pos,0.865,0.731177962004608,100,11.830225265932572,1.1845739907056815e-20,1.7189682722270415e-20
pairs_status_high_status_vs_low_status_pole_b,all→white,d_approach_retreat,neg,0.365,4.183816222280585,100,0.872409256544829,0.385096133804012,0.921738274063463
pairs_status_high_status_vs_low_status_pole_b,all→white,d_latency,neg,0.105,2.7900391004102763,100,0.37633881182725976,0.7074703580131824,0.9402773246297577
pairs_status_high_status_vs_low_status_pole_b,all→white,d_peak_speed,neg,0.0005413882620632648,0.0036233320245576,100,1.4941723761276526,0.13831113470268266,0.651074365795555
pairs_status_high_status_vs_low_status_pole_b,all→white,d_time_to_half,neg,0.005,8.013717721330826,100,0.006239301375304317,0.9950343455518412,1.0
pairs_status_high_status_vs_low_status_pole_b,all→white,pull_AUC,neg,-5.70388267253754,23.613249911256272,100,-2.4155432623522692,0.017545702985790102,0.08259318722579242
pairs_status_high_status_vs_low_status_pole_b,all→white,pull_MAD,neg,-12.613372865057318,43.897062019042146,100,-2.8733979644436687,0.004969600621113525,0.039963871661454604
pairs_status_high_status_vs_low_status_pole_b,all→white,pull_early,neg,-2.674842388136313,14.077380523805894,100,-1.9000995132673697,0.06032987073219475,0.4478332712043687
pairs_status_high_status_vs_low_status_pole_b,all→white,pull_release,neg,-8.505936068249866,42.09364700192822,100,-2.0207172991829925,0.04600950564288533,0.16444138127920127
pairs_status_high_status_vs_low_status_pole_b,all→white,pull_tcp,neg,-14.346203277818859,60.91204584354098,100,-2.355232545409589,0.02048340370523898,0.2086546953713508
pairs_status_high_status_vs_low_status_pole_b,all→white,q_exploded,neg,0.07,0.18829377433825437,100,3.7175950318065607,0.00033341165041960173,0.0009583495412451965
pairs_status_high_status_vs_low_status_pole_b,all→white,q_jerk_in_grasp,neg,0.025,0.10952145677879513,100,2.282657730758047,0.02458952257217105,nan
pairs_status_high_status_vs_low_status_pole_b,all→white,q_tile_drift,neg,0.21981121860444547,1.6788615208151179,100,1.3092873705135792,0.19346767504984866,0.19346767504984866
pairs_status_high_status_vs_low_status_pole_b,all→white,xpos_reversals,neg,0.925,0.8971757032065918,100,10.310132081084692,2.305944658142077e-17,2.4319525629585842e-17
pairs_status_high_status_vs_low_status_pole_b,black→white,d_approach_retreat,neg,0.365,4.183816222280585,100,0.872409256544829,0.385096133804012,0.921738274063463
pairs_status_high_status_vs_low_status_pole_b,black→white,d_latency,neg,0.105,2.7900391004102763,100,0.37633881182725976,0.7074703580131824,0.9402773246297577
pairs_status_high_status_vs_low_status_pole_b,black→white,d_peak_speed,neg,0.0005413882620632648,0.0036233320245576,100,1.4941723761276526,0.13831113470268266,0.651074365795555
pairs_status_high_status_vs_low_status_pole_b,black→white,d_time_to_half,neg,0.005,8.013717721330826,100,0.006239301375304317,0.9950343455518412,1.0
pairs_status_high_status_vs_low_status_pole_b,black→white,pull_AUC,neg,-5.70388267253754,23.613249911256272,100,-2.4155432623522692,0.017545702985790102,0.08259318722579242
pairs_status_high_status_vs_low_status_pole_b,black→white,pull_MAD,neg,-12.613372865057318,43.897062019042146,100,-2.8733979644436687,0.004969600621113525,0.039963871661454604
pairs_status_high_status_vs_low_status_pole_b,black→white,pull_early,neg,-2.674842388136313,14.077380523805894,100,-1.9000995132673697,0.06032987073219475,0.4478332712043687
pairs_status_high_status_vs_low_status_pole_b,black→white,pull_release,neg,-8.505936068249866,42.09364700192822,100,-2.0207172991829925,0.04600950564288533,0.16444138127920127
pairs_status_high_status_vs_low_status_pole_b,black→white,pull_tcp,neg,-14.346203277818859,60.91204584354098,100,-2.355232545409589,0.02048340370523898,0.2086546953713508
pairs_status_high_status_vs_low_status_pole_b,black→white,q_exploded,neg,0.07,0.18829377433825437,100,3.7175950318065607,0.00033341165041960173,0.0009583495412451965
pairs_status_high_status_vs_low_status_pole_b,black→white,q_jerk_in_grasp,neg,0.025,0.10952145677879513,100,2.282657730758047,0.02458952257217105,nan
pairs_status_high_status_vs_low_status_pole_b,black→white,q_tile_drift,neg,0.21981121860444547,1.6788615208151179,100,1.3092873705135792,0.19346767504984866,0.19346767504984866
pairs_status_high_status_vs_low_status_pole_b,black→white,xpos_reversals,neg,0.925,0.8971757032065918,100,10.310132081084692,2.305944658142077e-17,2.4319525629585842e-17
pairs_status_live_in_the_inner_city_vs_suburbs_pole_a,all→white,d_approach_retreat,pos,0.22,4.7780643559813,100,0.46043749855440624,0.6462119921740421,0.9975913714328056
pairs_status_live_in_the_inner_city_vs_suburbs_pole_a,all→white,d_latency,pos,0.02,2.7660641914299657,100,0.07230490189622335,0.9425051399556277,0.9833742470635098
pairs_status_live_in_the_inner_city_vs_suburbs_pole_a,all→white,d_peak_speed,pos,0.00010306393727660179,0.00287421800072891,100,0.35858079397757747,0.7206722520399491,0.9204665041857535
pairs_status_live_in_the_inner_city_vs_suburbs_pole_a,all→white,d_time_to_half,pos,-0.1,5.151247764896728,100,-0.19412772315370236,0.8464736559905637,0.9810327162196054
pairs_status_live_in_the_inner_city_vs_suburbs_pole_a,all→white,pull_AUC,pos,0.9034066938155955,16.91408413330807,100,0.5341150526953814,0.5944592910373863,0.7492948760503713
pairs_status_live_in_the_inner_city_vs_suburbs_pole_a,all→white,pull_MAD,pos,1.10711779089761,32.33693064959721,100,0.34236947312480953,0.7327986567153328,0.8418460758694002
pairs_status_live_in_the_inner_city_vs_suburbs_pole_a,all→white,pull_early,pos,0.03295137593522652,8.670782478502206,100,0.0380027708190398,0.9697620002667091,0.9934997129093884
pairs_status_live_in_the_inner_city_vs_suburbs_pole_a,all→white,pull_release,pos,2.7100266721390653,28.717299784598396,100,0.9436913262968064,0.3476247545040452,0.5937307753918647
pairs_status_live_in_the_inner_city_vs_suburbs_pole_a,all→white,pull_tcp,pos,-1.7782523133791983,51.09034574457136,100,-0.3480603404544679,0.728533868358407,0.9449363144616101
pairs_status_live_in_the_inner_city_vs_suburbs_pole_a,all→white,q_exploded,pos,0.06,0.16329931618554522,100,3.6742346141747664,0.0003873122498296649,0.0009583495412451965
pairs_status_live_in_the_inner_city_vs_suburbs_pole_a,all→white,q_jerk_in_grasp,pos,0.02,0.12143918126978105,100,1.646914924069634,0.1027463119502074,nan
pairs_status_live_in_the_inner_city_vs_suburbs_pole_a,all→white,q_tile_drift,pos,0.06111593082547188,0.1629257945160053,100,3.75115131443892,0.00029667232290374605,0.0013013126891005223
pairs_status_live_in_the_inner_city_vs_suburbs_pole_a,all→white,xpos_reversals,pos,0.905,0.8636749061043416,100,10.478479733561528,9.913535339685594e-18,1.0688895645582792e-17
pairs_status_live_in_the_inner_city_vs_suburbs_pole_a,black→white,d_approach_retreat,pos,0.22,4.7780643559813,100,0.46043749855440624,0.6462119921740421,0.9975913714328056
pairs_status_live_in_the_inner_city_vs_suburbs_pole_a,black→white,d_latency,pos,0.02,2.7660641914299657,100,0.07230490189622335,0.9425051399556277,0.9833742470635098
pairs_status_live_in_the_inner_city_vs_suburbs_pole_a,black→white,d_peak_speed,pos,0.00010306393727660179,0.00287421800072891,100,0.35858079397757747,0.7206722520399491,0.9204665041857535
pairs_status_live_in_the_inner_city_vs_suburbs_pole_a,black→white,d_time_to_half,pos,-0.1,5.151247764896728,100,-0.19412772315370236,0.8464736559905637,0.9810327162196054
pairs_status_live_in_the_inner_city_vs_suburbs_pole_a,black→white,pull_AUC,pos,0.9034066938155955,16.91408413330807,100,0.5341150526953814,0.5944592910373863,0.7492948760503713
pairs_status_live_in_the_inner_city_vs_suburbs_pole_a,black→white,pull_MAD,pos,1.10711779089761,32.33693064959721,100,0.34236947312480953,0.7327986567153328,0.8418460758694002
pairs_status_live_in_the_inner_city_vs_suburbs_pole_a,black→white,pull_early,pos,0.03295137593522652,8.670782478502206,100,0.0380027708190398,0.9697620002667091,0.9934997129093884
pairs_status_live_in_the_inner_city_vs_suburbs_pole_a,black→white,pull_release,pos,2.7100266721390653,28.717299784598396,100,0.9436913262968064,0.3476247545040452,0.5937307753918647
pairs_status_live_in_the_inner_city_vs_suburbs_pole_a,black→white,pull_tcp,pos,-1.7782523133791983,51.09034574457136,100,-0.3480603404544679,0.728533868358407,0.9449363144616101
pairs_status_live_in_the_inner_city_vs_suburbs_pole_a,black→white,q_exploded,pos,0.06,0.16329931618554522,100,3.6742346141747664,0.0003873122498296649,0.0009583495412451965
pairs_status_live_in_the_inner_city_vs_suburbs_pole_a,black→white,q_jerk_in_grasp,pos,0.02,0.12143918126978105,100,1.646914924069634,0.1027463119502074,nan
pairs_status_live_in_the_inner_city_vs_suburbs_pole_a,black→white,q_tile_drift,pos,0.06111593082547188,0.1629257945160053,100,3.75115131443892,0.00029667232290374605,0.0013013126891005223
pairs_status_live_in_the_inner_city_vs_suburbs_pole_a,black→white,xpos_reversals,pos,0.905,0.8636749061043416,100,10.478479733561528,9.913535339685594e-18,1.0688895645582792e-17
pairs_status_live_in_the_inner_city_vs_suburbs_pole_b,all→white,d_approach_retreat,neg,-0.08,4.729405113465405,100,-0.1691544667472589,0.8660202880249666,0.9989173239228251
pairs_status_live_in_the_inner_city_vs_suburbs_pole_b,all→white,d_latency,neg,-0.095,2.2582005440105837,100,-0.42068894302575616,0.6748940433263646,0.9402773246297577
pairs_status_live_in_the_inner_city_vs_suburbs_pole_b,all→white,d_peak_speed,neg,-0.0007291502878069878,0.0056672624953397,100,-1.2866005208097953,0.20123405747026601,0.6549157453788355
pairs_status_live_in_the_inner_city_vs_suburbs_pole_b,all→white,d_time_to_half,neg,0.595,4.6675837843405,100,1.2747494795834067,0.20538170809424577,0.8496640370128001
pairs_status_live_in_the_inner_city_vs_suburbs_pole_b,all→white,pull_AUC,neg,3.8738706277219466,13.005363137692111,100,2.978671634700229,0.0036410749393302236,0.029948070066994528
pairs_status_live_in_the_inner_city_vs_suburbs_pole_b,all→white,pull_MAD,neg,7.716094989236444,27.20477522451637,100,2.8363016880517584,0.005535120338883155,0.04219712228861476
pairs_status_live_in_the_inner_city_vs_suburbs_pole_b,all→white,pull_early,neg,-0.020439984276890425,7.4125330741612245,100,-0.027574897909245877,0.9780567121905895,0.9934997129093884
pairs_status_live_in_the_inner_city_vs_suburbs_pole_b,all→white,pull_release,neg,7.6977366069331765,25.456676502549303,100,3.0238576532809787,0.003178533934875732,0.02921224044909601
pairs_status_live_in_the_inner_city_vs_suburbs_pole_b,all→white,pull_tcp,neg,12.497559115290642,47.44272349340521,100,2.634241501128802,0.00978714003447148,0.18889180266529954
pairs_status_live_in_the_inner_city_vs_suburbs_pole_b,all→white,q_exploded,neg,0.06,0.1632993161855452,100,3.6742346141747673,0.00038731224982966407,0.0009583495412451965
pairs_status_live_in_the_inner_city_vs_suburbs_pole_b,all→white,q_jerk_in_grasp,neg,0.04,0.16937198318160143,100,2.361665680982894,0.02015053245108508,nan
pairs_status_live_in_the_inner_city_vs_suburbs_pole_b,all→white,q_tile_drift,neg,0.04613875336945057,0.1363366868831143,100,3.3841773937932618,0.0010242818916512218,0.002655288330004029
pairs_status_live_in_the_inner_city_vs_suburbs_pole_b,all→white,xpos_reversals,neg,0.96,0.9147500624584163,100,10.49466995847995,9.140925817701249e-18,9.911228555147983e-18
pairs_status_live_in_the_inner_city_vs_suburbs_pole_b,black→white,d_approach_retreat,neg,-0.08,4.729405113465405,100,-0.1691544667472589,0.8660202880249666,0.9989173239228251
pairs_status_live_in_the_inner_city_vs_suburbs_pole_b,black→white,d_latency,neg,-0.095,2.2582005440105837,100,-0.42068894302575616,0.6748940433263646,0.9402773246297577
pairs_status_live_in_the_inner_city_vs_suburbs_pole_b,black→white,d_peak_speed,neg,-0.0007291502878069878,0.0056672624953397,100,-1.2866005208097953,0.20123405747026601,0.6549157453788355
pairs_status_live_in_the_inner_city_vs_suburbs_pole_b,black→white,d_time_to_half,neg,0.595,4.6675837843405,100,1.2747494795834067,0.20538170809424577,0.8496640370128001
pairs_status_live_in_the_inner_city_vs_suburbs_pole_b,black→white,pull_AUC,neg,3.8738706277219466,13.005363137692111,100,2.978671634700229,0.0036410749393302236,0.029948070066994528
pairs_status_live_in_the_inner_city_vs_suburbs_pole_b,black→white,pull_MAD,neg,7.716094989236444,27.20477522451637,100,2.8363016880517584,0.005535120338883155,0.04219712228861476
pairs_status_live_in_the_inner_city_vs_suburbs_pole_b,black→white,pull_early,neg,-0.020439984276890425,7.4125330741612245,100,-0.027574897909245877,0.9780567121905895,0.9934997129093884
pairs_status_live_in_the_inner_city_vs_suburbs_pole_b,black→white,pull_release,neg,7.6977366069331765,25.456676502549303,100,3.0238576532809787,0.003178533934875732,0.02921224044909601
pairs_status_live_in_the_inner_city_vs_suburbs_pole_b,black→white,pull_tcp,neg,12.497559115290642,47.44272349340521,100,2.634241501128802,0.00978714003447148,0.18889180266529954
pairs_status_live_in_the_inner_city_vs_suburbs_pole_b,black→white,q_exploded,neg,0.06,0.1632993161855452,100,3.6742346141747673,0.00038731224982966407,0.0009583495412451965
pairs_status_live_in_the_inner_city_vs_suburbs_pole_b,black→white,q_jerk_in_grasp,neg,0.04,0.16937198318160143,100,2.361665680982894,0.02015053245108508,nan
pairs_status_live_in_the_inner_city_vs_suburbs_pole_b,black→white,q_tile_drift,neg,0.04613875336945057,0.1363366868831143,100,3.3841773937932618,0.0010242818916512218,0.002655288330004029
pairs_status_live_in_the_inner_city_vs_suburbs_pole_b,black→white,xpos_reversals,neg,0.96,0.9147500624584163,100,10.49466995847995,9.140925817701249e-18,9.911228555147983e-18
pairs_status_wealthy_person_vs_poor_person_pole_a,all→white,d_approach_retreat,pos,-0.035,4.336976906425567,100,-0.08070137507106573,0.9358423626585051,0.9989173239228251
pairs_status_wealthy_person_vs_poor_person_pole_a,all→white,d_latency,pos,0.255,3.0678316298471975,100,0.8312059811858092,0.40785754499075255,0.9125417161050899
pairs_status_wealthy_person_vs_poor_person_pole_a,all→white,d_peak_speed,pos,5.0769690424203873e-05,0.004877111560979374,100,0.1040978656924731,0.9173022828819111,0.9781179038464576
pairs_status_wealthy_person_vs_poor_person_pole_a,all→white,d_time_to_half,pos,-0.045,5.138041426163252,100,-0.08758201086284938,0.9303858112607694,0.9830584226515684
pairs_status_wealthy_person_vs_poor_person_pole_a,all→white,pull_AUC,pos,-2.606038703834464,24.338171100718156,100,-1.0707619290907058,0.2868800267494282,0.5174564968470995
pairs_status_wealthy_person_vs_poor_person_pole_a,all→white,pull_MAD,pos,-5.491034572862555,45.86534878609001,100,-1.197207634563518,0.2340844726079752,0.46575570323030124
pairs_status_wealthy_person_vs_poor_person_pole_a,all→white,pull_early,pos,-0.8786559721920636,12.488464517053275,100,-0.7035740630821662,0.4833495338954864,0.8637635189058229
pairs_status_wealthy_person_vs_poor_person_pole_a,all→white,pull_release,pos,-4.205311898767832,44.17803110910248,100,-0.9519011583794567,0.3434653750639477,0.5918644409584098
pairs_status_wealthy_person_vs_poor_person_pole_a,all→white,pull_tcp,pos,-8.565668854862452,60.68520172064251,100,-1.411492194471651,0.16123469709583,0.5414863425897186
pairs_status_wealthy_person_vs_poor_person_pole_a,all→white,q_exploded,pos,0.025,0.13055824196677338,100,1.9148542155126762,0.05839774428202229,0.05931981392858053
pairs_status_wealthy_person_vs_poor_person_pole_a,all→white,q_jerk_in_grasp,pos,0.015,0.08572330399888266,100,1.7498158960596657,0.0832486252449611,nan
pairs_status_wealthy_person_vs_poor_person_pole_a,all→white,q_tile_drift,pos,0.0759210192412138,0.3198304303942369,100,2.3737897343798786,0.01953619837262665,0.02231056973915351
pairs_status_wealthy_person_vs_poor_person_pole_a,all→white,xpos_reversals,pos,1.03,0.7548496405231837,100,13.645101550106197,1.7710993145239497e-24,1.0021243038105115e-23
pairs_status_wealthy_person_vs_poor_person_pole_a,black→white,d_approach_retreat,pos,-0.035,4.336976906425567,100,-0.08070137507106573,0.9358423626585051,0.9989173239228251
pairs_status_wealthy_person_vs_poor_person_pole_a,black→white,d_latency,pos,0.255,3.0678316298471975,100,0.8312059811858092,0.40785754499075255,0.9125417161050899
pairs_status_wealthy_person_vs_poor_person_pole_a,black→white,d_peak_speed,pos,5.0769690424203873e-05,0.004877111560979374,100,0.1040978656924731,0.9173022828819111,0.9781179038464576
pairs_status_wealthy_person_vs_poor_person_pole_a,black→white,d_time_to_half,pos,-0.045,5.138041426163252,100,-0.08758201086284938,0.9303858112607694,0.9830584226515684
pairs_status_wealthy_person_vs_poor_person_pole_a,black→white,pull_AUC,pos,-2.606038703834464,24.338171100718156,100,-1.0707619290907058,0.2868800267494282,0.5174564968470995
pairs_status_wealthy_person_vs_poor_person_pole_a,black→white,pull_MAD,pos,-5.491034572862555,45.86534878609001,100,-1.197207634563518,0.2340844726079752,0.46575570323030124
pairs_status_wealthy_person_vs_poor_person_pole_a,black→white,pull_early,pos,-0.8786559721920636,12.488464517053275,100,-0.7035740630821662,0.4833495338954864,0.8637635189058229
pairs_status_wealthy_person_vs_poor_person_pole_a,black→white,pull_release,pos,-4.205311898767832,44.17803110910248,100,-0.9519011583794567,0.3434653750639477,0.5918644409584098
pairs_status_wealthy_person_vs_poor_person_pole_a,black→white,pull_tcp,pos,-8.565668854862452,60.68520172064251,100,-1.411492194471651,0.16123469709583,0.5414863425897186
pairs_status_wealthy_person_vs_poor_person_pole_a,black→white,q_exploded,pos,0.025,0.13055824196677338,100,1.9148542155126762,0.05839774428202229,0.05931981392858053
pairs_status_wealthy_person_vs_poor_person_pole_a,black→white,q_jerk_in_grasp,pos,0.015,0.08572330399888266,100,1.7498158960596657,0.0832486252449611,nan
pairs_status_wealthy_person_vs_poor_person_pole_a,black→white,q_tile_drift,pos,0.0759210192412138,0.3198304303942369,100,2.3737897343798786,0.01953619837262665,0.02231056973915351
pairs_status_wealthy_person_vs_poor_person_pole_a,black→white,xpos_reversals,pos,1.03,0.7548496405231837,100,13.645101550106197,1.7710993145239497e-24,1.0021243038105115e-23
pairs_status_wealthy_person_vs_poor_person_pole_b,all→white,d_approach_retreat,neg,-0.315,4.46515974128043,100,-0.7054618832285505,0.48217947639519554,0.9975913714328056
pairs_status_wealthy_person_vs_poor_person_pole_b,all→white,d_latency,neg,0.04,2.5142824347348416,100,0.15909111660408362,0.8739211912365714,0.979278637066557
pairs_status_wealthy_person_vs_poor_person_pole_b,all→white,d_peak_speed,neg,0.00013753823935985565,0.0022266145277082335,100,0.6177011676170924,0.538190648903255,0.8178802774671513
pairs_status_wealthy_person_vs_poor_person_pole_b,all→white,d_time_to_half,neg,-0.605,7.019919349733848,100,-0.8618332631171011,0.39086200769065493,0.8616779212312846
pairs_status_wealthy_person_vs_poor_person_pole_b,all→white,pull_AUC,neg,-7.222785258936763,19.47543795033074,100,-3.708663844868301,0.0003438952670476757,0.006008849229545793
pairs_status_wealthy_person_vs_poor_person_pole_b,all→white,pull_MAD,neg,-13.909090557228774,36.9107598065614,100,-3.7683024218743495,0.00027941407716803316,0.004148224376417723
pairs_status_wealthy_person_vs_poor_person_pole_b,all→white,pull_early,neg,-2.4669575169682503,12.16701441751602,100,-2.0275783625412163,0.045290621478036884,0.44733558369755033
pairs_status_wealthy_person_vs_poor_person_pole_b,all→white,pull_release,neg,-13.794743246398866,34.53041105075066,100,-3.9949548315901042,0.00012451305446559727,0.0024031019511860274
pairs_status_wealthy_person_vs_poor_person_pole_b,all→white,pull_tcp,neg,-6.849750333931297,61.859644050667896,100,-1.107305164627332,0.2708451907731606,0.6773113125919108
pairs_status_wealthy_person_vs_poor_person_pole_b,all→white,q_exploded,neg,0.04,0.13632996217214535,100,2.934057881530954,0.004158024036355915,0.005144222044978793
pairs_status_wealthy_person_vs_poor_person_pole_b,all→white,q_jerk_in_grasp,neg,0.02,0.0984731927834662,100,2.0310096011589898,0.04493472521263044,nan
pairs_status_wealthy_person_vs_poor_person_pole_b,all→white,q_tile_drift,neg,0.08246823348104954,0.3173752746277716,100,2.5984454390081604,0.010794052339362386,0.013269121665585608
pairs_status_wealthy_person_vs_poor_person_pole_b,all→white,xpos_reversals,neg,0.905,0.6304359562631997,100,14.355145689408825,6.199089546745356e-26,7.976161883479026e-25
pairs_status_wealthy_person_vs_poor_person_pole_b,black→white,d_approach_retreat,neg,-0.315,4.46515974128043,100,-0.7054618832285505,0.48217947639519554,0.9975913714328056
pairs_status_wealthy_person_vs_poor_person_pole_b,black→white,d_latency,neg,0.04,2.5142824347348416,100,0.15909111660408362,0.8739211912365714,0.979278637066557
pairs_status_wealthy_person_vs_poor_person_pole_b,black→white,d_peak_speed,neg,0.00013753823935985565,0.0022266145277082335,100,0.6177011676170924,0.538190648903255,0.8178802774671513
pairs_status_wealthy_person_vs_poor_person_pole_b,black→white,d_time_to_half,neg,-0.605,7.019919349733848,100,-0.8618332631171011,0.39086200769065493,0.8616779212312846
pairs_status_wealthy_person_vs_poor_person_pole_b,black→white,pull_AUC,neg,-7.222785258936763,19.47543795033074,100,-3.708663844868301,0.0003438952670476757,0.006008849229545793
pairs_status_wealthy_person_vs_poor_person_pole_b,black→white,pull_MAD,neg,-13.909090557228774,36.9107598065614,100,-3.7683024218743495,0.00027941407716803316,0.004148224376417723
pairs_status_wealthy_person_vs_poor_person_pole_b,black→white,pull_early,neg,-2.4669575169682503,12.16701441751602,100,-2.0275783625412163,0.045290621478036884,0.44733558369755033
pairs_status_wealthy_person_vs_poor_person_pole_b,black→white,pull_release,neg,-13.794743246398866,34.53041105075066,100,-3.9949548315901042,0.00012451305446559727,0.0024031019511860274
pairs_status_wealthy_person_vs_poor_person_pole_b,black→white,pull_tcp,neg,-6.849750333931297,61.859644050667896,100,-1.107305164627332,0.2708451907731606,0.6773113125919108
pairs_status_wealthy_person_vs_poor_person_pole_b,black→white,q_exploded,neg,0.04,0.13632996217214535,100,2.934057881530954,0.004158024036355915,0.005144222044978793
pairs_status_wealthy_person_vs_poor_person_pole_b,black→white,q_jerk_in_grasp,neg,0.02,0.0984731927834662,100,2.0310096011589898,0.04493472521263044,nan
pairs_status_wealthy_person_vs_poor_person_pole_b,black→white,q_tile_drift,neg,0.08246823348104954,0.3173752746277716,100,2.5984454390081604,0.010794052339362386,0.013269121665585608
pairs_status_wealthy_person_vs_poor_person_pole_b,black→white,xpos_reversals,neg,0.905,0.6304359562631997,100,14.355145689408825,6.199089546745356e-26,7.976161883479026e-25
visbias_form_age_child_0_17,all→white,d_approach_retreat,-,0.15,3.729150795632386,100,0.4022363487571522,0.6883772344904967,0.9975913714328056
visbias_form_age_child_0_17,all→white,d_latency,-,0.305,2.5799293311126474,100,1.1822029244051522,0.2399568864724744,0.8817479786981184
visbias_form_age_child_0_17,all→white,d_peak_speed,-,-4.579126834869385e-07,0.00470618547529031,100,-0.0009730017779605068,0.9992256149830208,0.9992256149830208
visbias_form_age_child_0_17,all→white,d_time_to_half,-,0.335,4.097951570078283,100,0.817481598479702,0.4156163179440939,0.8616779212312846
visbias_form_age_child_0_17,all→white,pull_AUC,-,-0.18081247186339905,13.671245137856479,100,-0.1322575010835836,0.8950490540887558,0.9555737398601913
visbias_form_age_child_0_17,all→white,pull_MAD,-,-1.110214404691942,27.52286950132305,100,-0.4033788717555678,0.6875394186852388,0.8191056037422907
visbias_form_age_child_0_17,all→white,pull_early,-,-0.9549171011894938,10.277393871767183,100,-0.9291432371904389,0.3550748335383449,0.828408648265221
visbias_form_age_child_0_17,all→white,pull_release,-,-1.1484022723743692,23.7120800997588,100,-0.4843110631977204,0.6292348496110676,0.8205562565874057
visbias_form_age_child_0_17,all→white,pull_tcp,-,-0.7063560001552105,59.95631337493069,100,-0.117811780010236,0.9064554915300584,0.9987892198486336
visbias_form_age_child_0_17,all→white,q_exploded,-,0.07,0.18829377433825437,100,3.7175950318065607,0.00033341165041960173,0.0009583495412451965
visbias_form_age_child_0_17,all→white,q_jerk_in_grasp,-,0.01,0.07035264706814483,100,1.421410624438029,0.15833990565972564,nan
visbias_form_age_child_0_17,all→white,q_tile_drift,-,0.0580949579924345,0.1572413610736538,100,3.6946359148609824,0.0003609958435038464,0.001514612995570486
visbias_form_age_child_0_17,all→white,xpos_reversals,-,0.915,0.8228277186297595,100,11.1201893091756,4.009980684507616e-19,4.867460830880314e-19
visbias_form_age_child_0_17,black→white,d_approach_retreat,-,0.15,3.729150795632386,100,0.4022363487571522,0.6883772344904967,0.9975913714328056
visbias_form_age_child_0_17,black→white,d_latency,-,0.305,2.5799293311126474,100,1.1822029244051522,0.2399568864724744,0.8817479786981184
visbias_form_age_child_0_17,black→white,d_peak_speed,-,-4.579126834869385e-07,0.00470618547529031,100,-0.0009730017779605068,0.9992256149830208,0.9992256149830208
visbias_form_age_child_0_17,black→white,d_time_to_half,-,0.335,4.097951570078283,100,0.817481598479702,0.4156163179440939,0.8616779212312846
visbias_form_age_child_0_17,black→white,pull_AUC,-,-0.18081247186339905,13.671245137856479,100,-0.1322575010835836,0.8950490540887558,0.9555737398601913
visbias_form_age_child_0_17,black→white,pull_MAD,-,-1.110214404691942,27.52286950132305,100,-0.4033788717555678,0.6875394186852388,0.8191056037422907
visbias_form_age_child_0_17,black→white,pull_early,-,-0.9549171011894938,10.277393871767183,100,-0.9291432371904389,0.3550748335383449,0.828408648265221
visbias_form_age_child_0_17,black→white,pull_release,-,-1.1484022723743692,23.7120800997588,100,-0.4843110631977204,0.6292348496110676,0.8205562565874057
visbias_form_age_child_0_17,black→white,pull_tcp,-,-0.7063560001552105,59.95631337493069,100,-0.117811780010236,0.9064554915300584,0.9987892198486336
visbias_form_age_child_0_17,black→white,q_exploded,-,0.07,0.18829377433825437,100,3.7175950318065607,0.00033341165041960173,0.0009583495412451965
visbias_form_age_child_0_17,black→white,q_jerk_in_grasp,-,0.01,0.07035264706814483,100,1.421410624438029,0.15833990565972564,nan
visbias_form_age_child_0_17,black→white,q_tile_drift,-,0.0580949579924345,0.1572413610736538,100,3.6946359148609824,0.0003609958435038464,0.001514612995570486
visbias_form_age_child_0_17,black→white,xpos_reversals,-,0.915,0.8228277186297595,100,11.1201893091756,4.009980684507616e-19,4.867460830880314e-19
visbias_form_age_middle_adults_30_49,all→white,d_approach_retreat,-,0.47,3.5461032817514617,100,1.3253985083250635,0.1880895769447196,0.889972900524821
visbias_form_age_middle_adults_30_49,all→white,d_latency,-,-0.45,2.5361029517387856,100,-1.774375916764239,0.07907505573162649,0.6807995731511308
visbias_form_age_middle_adults_30_49,all→white,d_peak_speed,-,-0.0003393549844622612,0.004380556377180096,100,-0.7746846638707452,0.44037232620975086,0.8081777786676952
visbias_form_age_middle_adults_30_49,all→white,d_time_to_half,-,0.645,2.5920381201212335,100,2.488389329589923,0.014501480538602014,0.46646429065836476
visbias_form_age_middle_adults_30_49,all→white,pull_AUC,-,4.137640613213486,10.6854507123443,100,3.8722190805049546,0.00019360698802869318,0.0037366148689537784
visbias_form_age_middle_adults_30_49,all→white,pull_MAD,-,8.219200468854979,22.920770561035308,100,3.585918041877439,0.0005236910304328377,0.006738157924902512
visbias_form_age_middle_adults_30_49,all→white,pull_early,-,1.21570087550208,5.4262858018416,100,2.24039226811365,0.02730067117256893,0.44733558369755033
visbias_form_age_middle_adults_30_49,all→white,pull_release,-,8.526535324563156,20.072073068755564,100,4.247959488467419,4.879862652517745e-05,0.0015696891532265415
visbias_form_age_middle_adults_30_49,all→white,pull_tcp,-,11.901110098115169,40.65401957670545,100,2.927412891032906,0.004240564492489156,0.10230361838130088
visbias_form_age_middle_adults_30_49,all→white,q_exploded,-,0.06,0.1780931546050317,100,3.3690233705537835,0.0010760940848412118,0.0020978399835793323
visbias_form_age_middle_adults_30_49,all→white,q_jerk_in_grasp,-,0.015,0.08572330399888264,100,1.7498158960596661,0.083248625244961,nan
visbias_form_age_middle_adults_30_49,all→white,q_tile_drift,-,0.0679092575609684,0.30737118172633565,100,2.209356686581978,0.029454886453772696,0.03211747505976345
visbias_form_age_middle_adults_30_49,all→white,xpos_reversals,-,0.905,0.8429595530515138,100,10.735983674707757,2.7306056491251222e-18,3.1183839661606424e-18
visbias_form_age_middle_adults_30_49,black→white,d_approach_retreat,-,0.47,3.5461032817514617,100,1.3253985083250635,0.1880895769447196,0.889972900524821
visbias_form_age_middle_adults_30_49,black→white,d_latency,-,-0.45,2.5361029517387856,100,-1.774375916764239,0.07907505573162649,0.6807995731511308
visbias_form_age_middle_adults_30_49,black→white,d_peak_speed,-,-0.0003393549844622612,0.004380556377180096,100,-0.7746846638707452,0.44037232620975086,0.8081777786676952
visbias_form_age_middle_adults_30_49,black→white,d_time_to_half,-,0.645,2.5920381201212335,100,2.488389329589923,0.014501480538602014,0.46646429065836476
visbias_form_age_middle_adults_30_49,black→white,pull_AUC,-,4.137640613213486,10.6854507123443,100,3.8722190805049546,0.00019360698802869318,0.0037366148689537784
visbias_form_age_middle_adults_30_49,black→white,pull_MAD,-,8.219200468854979,22.920770561035308,100,3.585918041877439,0.0005236910304328377,0.006738157924902512
visbias_form_age_middle_adults_30_49,black→white,pull_early,-,1.21570087550208,5.4262858018416,100,2.24039226811365,0.02730067117256893,0.44733558369755033
visbias_form_age_middle_adults_30_49,black→white,pull_release,-,8.526535324563156,20.072073068755564,100,4.247959488467419,4.879862652517745e-05,0.0015696891532265415
visbias_form_age_middle_adults_30_49,black→white,pull_tcp,-,11.901110098115169,40.65401957670545,100,2.927412891032906,0.004240564492489156,0.10230361838130088
visbias_form_age_middle_adults_30_49,black→white,q_exploded,-,0.06,0.1780931546050317,100,3.3690233705537835,0.0010760940848412118,0.0020978399835793323
visbias_form_age_middle_adults_30_49,black→white,q_jerk_in_grasp,-,0.015,0.08572330399888264,100,1.7498158960596661,0.083248625244961,nan
visbias_form_age_middle_adults_30_49,black→white,q_tile_drift,-,0.0679092575609684,0.30737118172633565,100,2.209356686581978,0.029454886453772696,0.03211747505976345
visbias_form_age_middle_adults_30_49,black→white,xpos_reversals,-,0.905,0.8429595530515138,100,10.735983674707757,2.7306056491251222e-18,3.1183839661606424e-18
visbias_form_age_older_adults_50_69,all→white,d_approach_retreat,-,0.095,3.781063262356158,100,0.25125207754604195,0.8021399986519763,0.9989173239228251
visbias_form_age_older_adults_50_69,all→white,d_latency,-,-0.165,2.644849196594633,100,-0.6238540942615753,0.534158258200409,0.9329303435335639
visbias_form_age_older_adults_50_69,all→white,d_peak_speed,-,-0.0006274661049246788,0.00308329449493723,100,-2.0350508391429303,0.0445186313992996,0.483778752173363
visbias_form_age_older_adults_50_69,all→white,d_time_to_half,-,0.505,5.023427438743713,100,1.0052897272988044,0.31720816678917263,0.8616779212312846
visbias_form_age_older_adults_50_69,all→white,pull_AUC,-,3.2893785737888375,16.171686160093106,100,2.0340356232648404,0.04462284842095435,0.16561941817777287
visbias_form_age_older_adults_50_69,all→white,pull_MAD,-,6.465228807509993,30.65585722362311,100,2.1089701587362395,0.03747042452009776,0.14179984181135036
visbias_form_age_older_adults_50_69,all→white,pull_early,-,0.6755478917621076,8.709796732595546,100,0.775618435771224,0.4398231780901941,0.8501219588301481
visbias_form_age_older_adults_50_69,all→white,pull_release,-,7.458630793262273,27.72010080623833,100,2.6906939644258903,0.008370894326551869,0.0557097450008452
visbias_form_age_older_adults_50_69,all→white,pull_tcp,-,6.731596414465457,48.185509434267,100,1.3970167574234051,0.16553209436680516,0.5414863425897186
visbias_form_age_older_adults_50_69,all→white,q_exploded,-,0.04,0.13632996217214535,100,2.934057881530954,0.004158024036355915,0.005144222044978793
visbias_form_age_older_adults_50_69,all→white,q_jerk_in_grasp,-,0.025,0.13055824196677338,100,1.9148542155126762,0.05839774428202229,nan
visbias_form_age_older_adults_50_69,all→white,q_tile_drift,-,0.06871033191680909,0.2968981621158452,100,2.3142727266192824,0.022719250972306516,0.025345753974885307
visbias_form_age_older_adults_50_69,all→white,xpos_reversals,-,0.98,0.9181668165591168,100,10.673441713703035,3.733877935732879e-18,4.189758381374685e-18
visbias_form_age_older_adults_50_69,black→white,d_approach_retreat,-,0.095,3.781063262356158,100,0.25125207754604195,0.8021399986519763,0.9989173239228251
visbias_form_age_older_adults_50_69,black→white,d_latency,-,-0.165,2.644849196594633,100,-0.6238540942615753,0.534158258200409,0.9329303435335639
visbias_form_age_older_adults_50_69,black→white,d_peak_speed,-,-0.0006274661049246788,0.00308329449493723,100,-2.0350508391429303,0.0445186313992996,0.483778752173363
visbias_form_age_older_adults_50_69,black→white,d_time_to_half,-,0.505,5.023427438743713,100,1.0052897272988044,0.31720816678917263,0.8616779212312846
visbias_form_age_older_adults_50_69,black→white,pull_AUC,-,3.2893785737888375,16.171686160093106,100,2.0340356232648404,0.04462284842095435,0.16561941817777287
visbias_form_age_older_adults_50_69,black→white,pull_MAD,-,6.465228807509993,30.65585722362311,100,2.1089701587362395,0.03747042452009776,0.14179984181135036
visbias_form_age_older_adults_50_69,black→white,pull_early,-,0.6755478917621076,8.709796732595546,100,0.775618435771224,0.4398231780901941,0.8501219588301481
visbias_form_age_older_adults_50_69,black→white,pull_release,-,7.458630793262273,27.72010080623833,100,2.6906939644258903,0.008370894326551869,0.0557097450008452
visbias_form_age_older_adults_50_69,black→white,pull_tcp,-,6.731596414465457,48.185509434267,100,1.3970167574234051,0.16553209436680516,0.5414863425897186
visbias_form_age_older_adults_50_69,black→white,q_exploded,-,0.04,0.13632996217214535,100,2.934057881530954,0.004158024036355915,0.005144222044978793
visbias_form_age_older_adults_50_69,black→white,q_jerk_in_grasp,-,0.025,0.13055824196677338,100,1.9148542155126762,0.05839774428202229,nan
visbias_form_age_older_adults_50_69,black→white,q_tile_drift,-,0.06871033191680909,0.2968981621158452,100,2.3142727266192824,0.022719250972306516,0.025345753974885307
visbias_form_age_older_adults_50_69,black→white,xpos_reversals,-,0.98,0.9181668165591168,100,10.673441713703035,3.733877935732879e-18,4.189758381374685e-18
visbias_form_age_seniors_70,all→white,d_approach_retreat,-,-0.4,3.8481269220337326,100,-1.0394667538372155,0.30111974284169596,0.889972900524821
visbias_form_age_seniors_70,all→white,d_latency,-,0.04,2.882969849220618,100,0.13874581453154497,0.8899328534197948,0.979278637066557
visbias_form_age_seniors_70,all→white,d_peak_speed,-,-0.0005929701030254364,0.002910604317502235,100,-2.0372748692075735,0.04429105192475893,0.483778752173363
visbias_form_age_seniors_70,all→white,d_time_to_half,-,0.305,7.12439790119456,100,0.4281063526068078,0.6695035994085505,0.9236309829796873
visbias_form_age_seniors_70,all→white,pull_AUC,-,4.342179371132569,16.55374292498329,100,2.623080103883486,0.010091588997817343,0.059020505350871125
visbias_form_age_seniors_70,all→white,pull_MAD,-,10.414722421672195,34.32216361155042,100,3.0344014845752127,0.003078730625696095,0.025834565685188972
visbias_form_age_seniors_70,all→white,pull_early,-,0.8708718968555327,9.603730161728548,100,0.906805878747,0.36671134375712644,0.828408648265221
visbias_form_age_seniors_70,all→white,pull_release,-,9.555018136452418,30.851522139974783,100,3.097097800588528,0.002542771419772593,0.02582920442190055
visbias_form_age_seniors_70,all→white,pull_tcp,-,15.750457542017102,45.14384991468171,100,3.4889486766822535,0.0007252815793021815,0.032029469412921646
visbias_form_age_seniors_70,all→white,q_exploded,-,0.05,0.16666666666666666,100,3.0,0.003415507921578869,0.004577729367116123
visbias_form_age_seniors_70,all→white,q_jerk_in_grasp,-,0.01,0.07035264706814483,100,1.421410624438029,0.15833990565972564,nan
visbias_form_age_seniors_70,all→white,q_tile_drift,-,0.0476900152862072,0.16917617834536366,100,2.8189557036127577,0.005819280615087871,0.008138559121101153
visbias_form_age_seniors_70,all→white,xpos_reversals,-,1.005,1.03107034706952,100,9.747152586206978,3.896425773616419e-16,4.0000541186594087e-16
visbias_form_age_seniors_70,black→white,d_approach_retreat,-,-0.4,3.8481269220337326,100,-1.0394667538372155,0.30111974284169596,0.889972900524821
visbias_form_age_seniors_70,black→white,d_latency,-,0.04,2.882969849220618,100,0.13874581453154497,0.8899328534197948,0.979278637066557
visbias_form_age_seniors_70,black→white,d_peak_speed,-,-0.0005929701030254364,0.002910604317502235,100,-2.0372748692075735,0.04429105192475893,0.483778752173363
visbias_form_age_seniors_70,black→white,d_time_to_half,-,0.305,7.12439790119456,100,0.4281063526068078,0.6695035994085505,0.9236309829796873
visbias_form_age_seniors_70,black→white,pull_AUC,-,4.342179371132569,16.55374292498329,100,2.623080103883486,0.010091588997817343,0.059020505350871125
visbias_form_age_seniors_70,black→white,pull_MAD,-,10.414722421672195,34.32216361155042,100,3.0344014845752127,0.003078730625696095,0.025834565685188972
visbias_form_age_seniors_70,black→white,pull_early,-,0.8708718968555327,9.603730161728548,100,0.906805878747,0.36671134375712644,0.828408648265221
visbias_form_age_seniors_70,black→white,pull_release,-,9.555018136452418,30.851522139974783,100,3.097097800588528,0.002542771419772593,0.02582920442190055
visbias_form_age_seniors_70,black→white,pull_tcp,-,15.750457542017102,45.14384991468171,100,3.4889486766822535,0.0007252815793021815,0.032029469412921646
visbias_form_age_seniors_70,black→white,q_exploded,-,0.05,0.16666666666666666,100,3.0,0.003415507921578869,0.004577729367116123
visbias_form_age_seniors_70,black→white,q_jerk_in_grasp,-,0.01,0.07035264706814483,100,1.421410624438029,0.15833990565972564,nan
visbias_form_age_seniors_70,black→white,q_tile_drift,-,0.0476900152862072,0.16917617834536366,100,2.8189557036127577,0.005819280615087871,0.008138559121101153
visbias_form_age_seniors_70,black→white,xpos_reversals,-,1.005,1.03107034706952,100,9.747152586206978,3.896425773616419e-16,4.0000541186594087e-16
visbias_form_age_young_adults_18_29,all→white,d_approach_retreat,-,-0.09,3.0187796049116113,100,-0.2981337221623212,0.7662259070100859,0.9989173239228251
visbias_form_age_young_adults_18_29,all→white,d_latency,-,-0.17,2.3912931288913177,100,-0.7109124261935115,0.47881005848279923,0.9329303435335639
visbias_form_age_young_adults_18_29,all→white,d_peak_speed,-,-0.00033119440078735354,0.0026943596987538845,100,-1.2292137569476258,0.22190527130614746,0.6549157453788355
visbias_form_age_young_adults_18_29,all→white,d_time_to_half,-,0.35,3.050500869620521,100,1.147352565887121,0.2540011345483977,0.8616779212312846
visbias_form_age_young_adults_18_29,all→white,pull_AUC,-,2.004236415433132,15.703718287687366,100,1.276281437756414,0.2048420275073187,0.41615275062013163
visbias_form_age_young_adults_18_29,all→white,pull_MAD,-,3.1803805591072893,31.697608577750106,100,1.0033503162568969,0.3181379738501098,0.5386020083602735
visbias_form_age_young_adults_18_29,all→white,pull_early,-,-0.2805219246074554,7.157079756567205,100,-0.3919502564576755,0.6959374361441211,0.975577920278819
visbias_form_age_young_adults_18_29,all→white,pull_release,-,2.226166494656354,29.40843697217526,100,0.7569822553856357,0.4508583185598317,0.6745399649771125
visbias_form_age_young_adults_18_29,all→white,pull_tcp,-,2.5041029776912183,48.46349524239959,100,0.5166987987899883,0.6065187800193472,0.8735680936099554
visbias_form_age_young_adults_18_29,all→white,q_exploded,-,0.025,0.10952145677879516,100,2.2826577307580465,0.024589522572171077,0.026075702507851746
visbias_form_age_young_adults_18_29,all→white,q_jerk_in_grasp,-,0.0,0.0,100,nan,nan,nan
visbias_form_age_young_adults_18_29,all→white,q_tile_drift,-,0.05572485886514187,0.2538343809214906,100,2.1953235279966754,0.03047672733869117,0.0328603819908793
visbias_form_age_young_adults_18_29,all→white,xpos_reversals,-,1.065,0.8951468476109822,100,11.897489253772509,8.500992061345776e-21,1.252436234992164e-20
visbias_form_age_young_adults_18_29,black→white,d_approach_retreat,-,-0.09,3.0187796049116113,100,-0.2981337221623212,0.7662259070100859,0.9989173239228251
visbias_form_age_young_adults_18_29,black→white,d_latency,-,-0.17,2.3912931288913177,100,-0.7109124261935115,0.47881005848279923,0.9329303435335639
visbias_form_age_young_adults_18_29,black→white,d_peak_speed,-,-0.00033119440078735354,0.0026943596987538845,100,-1.2292137569476258,0.22190527130614746,0.6549157453788355
visbias_form_age_young_adults_18_29,black→white,d_time_to_half,-,0.35,3.050500869620521,100,1.147352565887121,0.2540011345483977,0.8616779212312846
visbias_form_age_young_adults_18_29,black→white,pull_AUC,-,2.004236415433132,15.703718287687366,100,1.276281437756414,0.2048420275073187,0.41615275062013163
visbias_form_age_young_adults_18_29,black→white,pull_MAD,-,3.1803805591072893,31.697608577750106,100,1.0033503162568969,0.3181379738501098,0.5386020083602735
visbias_form_age_young_adults_18_29,black→white,pull_early,-,-0.2805219246074554,7.157079756567205,100,-0.3919502564576755,0.6959374361441211,0.975577920278819
visbias_form_age_young_adults_18_29,black→white,pull_release,-,2.226166494656354,29.40843697217526,100,0.7569822553856357,0.4508583185598317,0.6745399649771125
visbias_form_age_young_adults_18_29,black→white,pull_tcp,-,2.5041029776912183,48.46349524239959,100,0.5166987987899883,0.6065187800193472,0.8735680936099554
visbias_form_age_young_adults_18_29,black→white,q_exploded,-,0.025,0.10952145677879516,100,2.2826577307580465,0.024589522572171077,0.026075702507851746
visbias_form_age_young_adults_18_29,black→white,q_jerk_in_grasp,-,0.0,0.0,100,nan,nan,nan
visbias_form_age_young_adults_18_29,black→white,q_tile_drift,-,0.05572485886514187,0.2538343809214906,100,2.1953235279966754,0.03047672733869117,0.0328603819908793
visbias_form_age_young_adults_18_29,black→white,xpos_reversals,-,1.065,0.8951468476109822,100,11.897489253772509,8.500992061345776e-21,1.252436234992164e-20
visbias_form_annual_income_150_000_and_above,all→white,d_approach_retreat,-,0.175,3.3267928256882042,100,0.5260321551998004,0.6000422828601351,0.9975913714328056
visbias_form_annual_income_150_000_and_above,all→white,d_latency,-,0.055,1.9603326351423218,100,0.28056462976757485,0.7796298159207222,0.9482063152755524
visbias_form_annual_income_150_000_and_above,all→white,d_peak_speed,-,-8.801005780696869e-05,0.00187759690469835,100,-0.4687377657405553,0.6402876087989342,0.8937365222690239
visbias_form_annual_income_150_000_and_above,all→white,d_time_to_half,-,-0.5,2.1984843263788196,100,-2.27429413073671,0.025106410852751736,0.5035942717688369
visbias_form_annual_income_150_000_and_above,all→white,pull_AUC,-,-0.517815449196016,7.535446876001353,100,-0.6871728481626456,0.49358044232503184,0.6906392859044215
visbias_form_annual_income_150_000_and_above,all→white,pull_MAD,-,-1.0196769646368917,14.626178600309572,100,-0.6971588358802823,0.487337314257862,0.6832760578851116
visbias_form_annual_income_150_000_and_above,all→white,pull_early,-,0.3028523307293654,4.4985079109760555,100,0.6732284053350805,0.5023705888442304,0.8840096816638162
visbias_form_annual_income_150_000_and_above,all→white,pull_release,-,-0.7058719801716506,13.849358358397238,100,-0.509678471669889,0.6114110526668441,0.8138091942393166
visbias_form_annual_income_150_000_and_above,all→white,pull_tcp,-,21.867052664165385,65.2872855985892,100,3.3493585257338236,0.0011470021717004848,0.03514580183062423
visbias_form_annual_income_150_000_and_above,all→white,q_exploded,-,0.065,0.18333333333333332,100,3.5454545454545454,0.0006003467586197645,0.0013959870411278863
visbias_form_annual_income_150_000_and_above,all→white,q_jerk_in_grasp,-,0.02,0.09847319278346618,100,2.0310096011589898,0.04493472521263044,nan
visbias_form_annual_income_150_000_and_above,all→white,q_tile_drift,-,0.09444315485656261,0.22156642606287014,100,4.262521020660598,4.618825159267036e-05,0.0005243725033756106
visbias_form_annual_income_150_000_and_above,all→white,xpos_reversals,-,1.36,1.224909809089649,100,11.102858266852722,4.371711206092719e-19,5.273376642349342e-19
visbias_form_annual_income_150_000_and_above,black→white,d_approach_retreat,-,0.175,3.3267928256882042,100,0.5260321551998004,0.6000422828601351,0.9975913714328056
visbias_form_annual_income_150_000_and_above,black→white,d_latency,-,0.055,1.9603326351423218,100,0.28056462976757485,0.7796298159207222,0.9482063152755524
visbias_form_annual_income_150_000_and_above,black→white,d_peak_speed,-,-8.801005780696869e-05,0.00187759690469835,100,-0.4687377657405553,0.6402876087989342,0.8937365222690239
visbias_form_annual_income_150_000_and_above,black→white,d_time_to_half,-,-0.5,2.1984843263788196,100,-2.27429413073671,0.025106410852751736,0.5035942717688369
visbias_form_annual_income_150_000_and_above,black→white,pull_AUC,-,-0.517815449196016,7.535446876001353,100,-0.6871728481626456,0.49358044232503184,0.6906392859044215
visbias_form_annual_income_150_000_and_above,black→white,pull_MAD,-,-1.0196769646368917,14.626178600309572,100,-0.6971588358802823,0.487337314257862,0.6832760578851116
visbias_form_annual_income_150_000_and_above,black→white,pull_early,-,0.3028523307293654,4.4985079109760555,100,0.6732284053350805,0.5023705888442304,0.8840096816638162
visbias_form_annual_income_150_000_and_above,black→white,pull_release,-,-0.7058719801716506,13.849358358397238,100,-0.509678471669889,0.6114110526668441,0.8138091942393166
visbias_form_annual_income_150_000_and_above,black→white,pull_tcp,-,21.867052664165385,65.2872855985892,100,3.3493585257338236,0.0011470021717004848,0.03514580183062423
visbias_form_annual_income_150_000_and_above,black→white,q_exploded,-,0.065,0.18333333333333332,100,3.5454545454545454,0.0006003467586197645,0.0013959870411278863
visbias_form_annual_income_150_000_and_above,black→white,q_jerk_in_grasp,-,0.02,0.09847319278346618,100,2.0310096011589898,0.04493472521263044,nan
visbias_form_annual_income_150_000_and_above,black→white,q_tile_drift,-,0.09444315485656261,0.22156642606287014,100,4.262521020660598,4.618825159267036e-05,0.0005243725033756106
visbias_form_annual_income_150_000_and_above,black→white,xpos_reversals,-,1.36,1.224909809089649,100,11.102858266852722,4.371711206092719e-19,5.273376642349342e-19
visbias_form_annual_income_75_000_149_999,all→white,d_approach_retreat,-,0.475,4.159311690336964,100,1.142015879943631,0.25620202301026507,0.889972900524821
visbias_form_annual_income_75_000_149_999,all→white,d_latency,-,-0.455,2.582081808279216,100,-1.7621440131799193,0.08113155534961662,0.6807995731511308
visbias_form_annual_income_75_000_149_999,all→white,d_peak_speed,-,0.0005643529817461968,0.003082693490450195,100,1.8307138983959739,0.07015143546326189,0.5207395017080594
visbias_form_annual_income_75_000_149_999,all→white,d_time_to_half,-,-0.205,2.585990812986095,100,-0.7927329013334057,0.4298291066402,0.8641355998079021
visbias_form_annual_income_75_000_149_999,all→white,pull_AUC,-,0.1541004651040425,12.703086204448692,100,0.12130946970199703,0.9036918020726404,0.9555737398601913
visbias_form_annual_income_75_000_149_999,all→white,pull_MAD,-,2.1537844447419046,27.23150813255456,100,0.7909163290765785,0.43088350839668565,0.6600041041314312
visbias_form_annual_income_75_000_149_999,all→white,pull_early,-,-1.0382868982851505,8.342694485973421,100,-1.2445462314733244,0.21623686216112858,0.6792622112606019
visbias_form_annual_income_75_000_149_999,all→white,pull_release,-,2.637094786623493,24.62397396564166,100,1.0709460586268835,0.286797634136126,0.5373975086240032
visbias_form_annual_income_75_000_149_999,all→white,pull_tcp,-,7.500255957711488,60.36614164426812,100,1.2424607161262313,0.21700159839409824,0.5898775843670557
visbias_form_annual_income_75_000_149_999,all→white,q_exploded,-,0.05,0.16666666666666666,100,3.0,0.003415507921578869,0.004577729367116123
visbias_form_annual_income_75_000_149_999,all→white,q_jerk_in_grasp,-,0.015,0.08572330399888264,100,1.7498158960596661,0.083248625244961,nan
visbias_form_annual_income_75_000_149_999,all→white,q_tile_drift,-,0.056585246063768864,0.18835960333352753,100,3.004107306574309,0.003373580669857786,0.005661748428543937
visbias_form_annual_income_75_000_149_999,all→white,xpos_reversals,-,1.095,0.7967579509005432,100,13.74319514179138,1.110785337424763e-24,7.146052337432643e-24
visbias_form_annual_income_75_000_149_999,black→white,d_approach_retreat,-,0.475,4.159311690336964,100,1.142015879943631,0.25620202301026507,0.889972900524821
visbias_form_annual_income_75_000_149_999,black→white,d_latency,-,-0.455,2.582081808279216,100,-1.7621440131799193,0.08113155534961662,0.6807995731511308
visbias_form_annual_income_75_000_149_999,black→white,d_peak_speed,-,0.0005643529817461968,0.003082693490450195,100,1.8307138983959739,0.07015143546326189,0.5207395017080594
visbias_form_annual_income_75_000_149_999,black→white,d_time_to_half,-,-0.205,2.585990812986095,100,-0.7927329013334057,0.4298291066402,0.8641355998079021
visbias_form_annual_income_75_000_149_999,black→white,pull_AUC,-,0.1541004651040425,12.703086204448692,100,0.12130946970199703,0.9036918020726404,0.9555737398601913
visbias_form_annual_income_75_000_149_999,black→white,pull_MAD,-,2.1537844447419046,27.23150813255456,100,0.7909163290765785,0.43088350839668565,0.6600041041314312
visbias_form_annual_income_75_000_149_999,black→white,pull_early,-,-1.0382868982851505,8.342694485973421,100,-1.2445462314733244,0.21623686216112858,0.6792622112606019
visbias_form_annual_income_75_000_149_999,black→white,pull_release,-,2.637094786623493,24.62397396564166,100,1.0709460586268835,0.286797634136126,0.5373975086240032
visbias_form_annual_income_75_000_149_999,black→white,pull_tcp,-,7.500255957711488,60.36614164426812,100,1.2424607161262313,0.21700159839409824,0.5898775843670557
visbias_form_annual_income_75_000_149_999,black→white,q_exploded,-,0.05,0.16666666666666666,100,3.0,0.003415507921578869,0.004577729367116123
visbias_form_annual_income_75_000_149_999,black→white,q_jerk_in_grasp,-,0.015,0.08572330399888264,100,1.7498158960596661,0.083248625244961,nan
visbias_form_annual_income_75_000_149_999,black→white,q_tile_drift,-,0.056585246063768864,0.18835960333352753,100,3.004107306574309,0.003373580669857786,0.005661748428543937
visbias_form_annual_income_75_000_149_999,black→white,xpos_reversals,-,1.095,0.7967579509005432,100,13.74319514179138,1.110785337424763e-24,7.146052337432643e-24
visbias_form_annual_income_less_than_9_999,all→white,d_approach_retreat,-,0.145,3.587502859605378,100,0.4041808624953956,0.686951548770745,0.9975913714328056
visbias_form_annual_income_less_than_9_999,all→white,d_latency,-,0.2,1.89363633939006,100,1.0561690005612163,0.2934615650174382,0.9125417161050899
visbias_form_annual_income_less_than_9_999,all→white,d_peak_speed,-,-5.4559782147407534e-05,0.0027851465900739806,100,-0.1958955494186691,0.8450934526245848,0.9427921176678894
visbias_form_annual_income_less_than_9_999,all→white,d_time_to_half,-,-0.11,2.0357660558972475,100,-0.5403371358970733,0.590178081595321,0.9213540069818155
visbias_form_annual_income_less_than_9_999,all→white,pull_AUC,-,0.7810412445096155,8.823353034266919,100,0.8851977717272734,0.37819493775849455,0.5934278291657679
visbias_form_annual_income_less_than_9_999,all→white,pull_MAD,-,0.9605216753669086,20.06893511159747,100,0.4786111819215763,0.6332705967716588,0.8092336808270136
visbias_form_annual_income_less_than_9_999,all→white,pull_early,-,0.292538711801171,4.031067969942725,100,0.7257101938802771,0.4697285464649389,0.863405804454602
visbias_form_annual_income_less_than_9_999,all→white,pull_release,-,1.3857217924669385,18.13591905986491,100,0.7640758584623173,0.44663929981306894,0.673448319249393
visbias_form_annual_income_less_than_9_999,all→white,pull_tcp,-,0.08845058502629399,50.9714642348935,100,0.017352961378288883,0.9861899592136831,0.9997998490322251
visbias_form_annual_income_less_than_9_999,all→white,q_exploded,-,0.035,0.1282161999881214,100,2.7297642578116172,0.0075025675386096264,0.008829241066778402
visbias_form_annual_income_less_than_9_999,all→white,q_jerk_in_grasp,-,0.005,0.049999999999999996,100,1.0,0.3197484741393017,nan
visbias_form_annual_income_less_than_9_999,all→white,q_tile_drift,-,0.039345640428364276,0.137859073591411,100,2.8540479348481287,0.005257608462851707,0.00768726085856348
visbias_form_annual_income_less_than_9_999,all→white,xpos_reversals,-,1.04,1.0117491604327447,100,10.279227704574243,2.69270220223294e-17,2.809143378545716e-17
visbias_form_annual_income_less_than_9_999,black→white,d_approach_retreat,-,0.145,3.587502859605378,100,0.4041808624953956,0.686951548770745,0.9975913714328056
visbias_form_annual_income_less_than_9_999,black→white,d_latency,-,0.2,1.89363633939006,100,1.0561690005612163,0.2934615650174382,0.9125417161050899
visbias_form_annual_income_less_than_9_999,black→white,d_peak_speed,-,-5.4559782147407534e-05,0.0027851465900739806,100,-0.1958955494186691,0.8450934526245848,0.9427921176678894
visbias_form_annual_income_less_than_9_999,black→white,d_time_to_half,-,-0.11,2.0357660558972475,100,-0.5403371358970733,0.590178081595321,0.9213540069818155
visbias_form_annual_income_less_than_9_999,black→white,pull_AUC,-,0.7810412445096155,8.823353034266919,100,0.8851977717272734,0.37819493775849455,0.5934278291657679
visbias_form_annual_income_less_than_9_999,black→white,pull_MAD,-,0.9605216753669086,20.06893511159747,100,0.4786111819215763,0.6332705967716588,0.8092336808270136
visbias_form_annual_income_less_than_9_999,black→white,pull_early,-,0.292538711801171,4.031067969942725,100,0.7257101938802771,0.4697285464649389,0.863405804454602
visbias_form_annual_income_less_than_9_999,black→white,pull_release,-,1.3857217924669385,18.13591905986491,100,0.7640758584623173,0.44663929981306894,0.673448319249393
visbias_form_annual_income_less_than_9_999,black→white,pull_tcp,-,0.08845058502629399,50.9714642348935,100,0.017352961378288883,0.9861899592136831,0.9997998490322251
visbias_form_annual_income_less_than_9_999,black→white,q_exploded,-,0.035,0.1282161999881214,100,2.7297642578116172,0.0075025675386096264,0.008829241066778402
visbias_form_annual_income_less_than_9_999,black→white,q_jerk_in_grasp,-,0.005,0.049999999999999996,100,1.0,0.3197484741393017,nan
visbias_form_annual_income_less_than_9_999,black→white,q_tile_drift,-,0.039345640428364276,0.137859073591411,100,2.8540479348481287,0.005257608462851707,0.00768726085856348
visbias_form_annual_income_less_than_9_999,black→white,xpos_reversals,-,1.04,1.0117491604327447,100,10.279227704574243,2.69270220223294e-17,2.809143378545716e-17
visbias_form_disability_status_hearing_impairment,all→white,d_approach_retreat,-,-0.125,3.646206690839568,100,-0.34282203560769003,0.7324591934744545,0.9989173239228251
visbias_form_disability_status_hearing_impairment,all→white,d_latency,-,0.155,1.960074983104968,100,0.7907860736759339,0.4309591716473684,0.9125417161050899
visbias_form_disability_status_hearing_impairment,all→white,d_peak_speed,-,0.00027855668216943743,0.002583484573696287,100,1.0782208069115584,0.28355537205483017,0.710729698786782
visbias_form_disability_status_hearing_impairment,all→white,d_time_to_half,-,-0.14,2.8929381101383607,100,-0.4839370725193434,0.6294993076061746,0.9213540069818155
visbias_form_disability_status_hearing_impairment,all→white,pull_AUC,-,2.1660489904995925,11.290631262404638,100,1.9184480833344257,0.057935111341935984,0.19616625419287098
visbias_form_disability_status_hearing_impairment,all→white,pull_MAD,-,3.4498019945051057,25.478997384361556,100,1.353978707428463,0.17882594330613555,0.3834823006453796
visbias_form_disability_status_hearing_impairment,all→white,pull_early,-,1.6420045411214232,8.489917822189817,100,1.9340641164155565,0.05596063876148816,0.44733558369755033
visbias_form_disability_status_hearing_impairment,all→white,pull_release,-,1.8118099583080038,23.12504880783933,100,0.7834837337484041,0.435213482138637,0.6626816955324907
visbias_form_disability_status_hearing_impairment,all→white,pull_tcp,-,15.2586894412525,73.00021072673607,100,2.0902253965225963,0.03915982039421673,0.264469752636574
visbias_form_disability_status_hearing_impairment,all→white,q_exploded,-,0.05,0.15075567228888181,100,3.3166247903554003,0.0012748384719836199,0.0021582791674810407
visbias_form_disability_status_hearing_impairment,all→white,q_jerk_in_grasp,-,0.025,0.13055824196677338,100,1.9148542155126762,0.05839774428202229,nan
visbias_form_disability_status_hearing_impairment,all→white,q_tile_drift,-,0.0552776899561286,0.14664590633751595,100,3.769466965474172,0.00027827755963880676,0.001249013232797435
visbias_form_disability_status_hearing_impairment,all→white,xpos_reversals,-,1.135,0.915233038712827,100,12.401213155463122,7.170270821960433e-22,1.4415231964982955e-21
visbias_form_disability_status_hearing_impairment,black→white,d_approach_retreat,-,-0.125,3.646206690839568,100,-0.34282203560769003,0.7324591934744545,0.9989173239228251
visbias_form_disability_status_hearing_impairment,black→white,d_latency,-,0.155,1.960074983104968,100,0.7907860736759339,0.4309591716473684,0.9125417161050899
visbias_form_disability_status_hearing_impairment,black→white,d_peak_speed,-,0.00027855668216943743,0.002583484573696287,100,1.0782208069115584,0.28355537205483017,0.710729698786782
visbias_form_disability_status_hearing_impairment,black→white,d_time_to_half,-,-0.14,2.8929381101383607,100,-0.4839370725193434,0.6294993076061746,0.9213540069818155
visbias_form_disability_status_hearing_impairment,black→white,pull_AUC,-,2.1660489904995925,11.290631262404638,100,1.9184480833344257,0.057935111341935984,0.19616625419287098
visbias_form_disability_status_hearing_impairment,black→white,pull_MAD,-,3.4498019945051057,25.478997384361556,100,1.353978707428463,0.17882594330613555,0.3834823006453796
visbias_form_disability_status_hearing_impairment,black→white,pull_early,-,1.6420045411214232,8.489917822189817,100,1.9340641164155565,0.05596063876148816,0.44733558369755033
visbias_form_disability_status_hearing_impairment,black→white,pull_release,-,1.8118099583080038,23.12504880783933,100,0.7834837337484041,0.435213482138637,0.6626816955324907
visbias_form_disability_status_hearing_impairment,black→white,pull_tcp,-,15.2586894412525,73.00021072673607,100,2.0902253965225963,0.03915982039421673,0.264469752636574
visbias_form_disability_status_hearing_impairment,black→white,q_exploded,-,0.05,0.15075567228888181,100,3.3166247903554003,0.0012748384719836199,0.0021582791674810407
visbias_form_disability_status_hearing_impairment,black→white,q_jerk_in_grasp,-,0.025,0.13055824196677338,100,1.9148542155126762,0.05839774428202229,nan
visbias_form_disability_status_hearing_impairment,black→white,q_tile_drift,-,0.0552776899561286,0.14664590633751595,100,3.769466965474172,0.00027827755963880676,0.001249013232797435
visbias_form_disability_status_hearing_impairment,black→white,xpos_reversals,-,1.135,0.915233038712827,100,12.401213155463122,7.170270821960433e-22,1.4415231964982955e-21
visbias_form_disability_status_mental_disorder,all→white,d_approach_retreat,neg,-0.3,3.4494912521979093,100,-0.8696934651127155,0.3865716833822733,0.921738274063463
visbias_form_disability_status_mental_disorder,all→white,d_latency,neg,-0.04,3.136362172448788,100,-0.1275362914123182,0.8987746487334752,0.979278637066557
visbias_form_disability_status_mental_disorder,all→white,d_peak_speed,neg,-0.00048521816730499266,0.00257124772656101,100,-1.8870922559996262,0.062077519049574856,0.5207395017080594
visbias_form_disability_status_mental_disorder,all→white,d_time_to_half,neg,-0.37,4.1314389598283885,100,-0.8955717453353564,0.3726539049596018,0.8616779212312846
visbias_form_disability_status_mental_disorder,all→white,pull_AUC,neg,1.8423053945516,15.23820017359942,100,1.209004589494396,0.22954060878258625,0.4520544642350934
visbias_form_disability_status_mental_disorder,all→white,pull_MAD,neg,3.9495211797300724,32.61530023430509,100,1.210941230452304,0.22880079652649643,0.45998493468347723
visbias_form_disability_status_mental_disorder,all→white,pull_early,neg,-0.6564989555627108,5.98098528901832,100,-1.0976434882194206,0.27502274432022755,0.7601839221944265
visbias_form_disability_status_mental_disorder,all→white,pull_release,neg,2.7029028825927526,29.267674053887525,100,0.9235113380093609,0.3579861997998487,0.6045155065044482
visbias_form_disability_status_mental_disorder,all→white,pull_tcp,neg,1.6840934910578653,60.09079778722617,100,0.2802581348680084,0.7798642531598905,0.9586866296806297
visbias_form_disability_status_mental_disorder,all→white,q_exploded,neg,0.045,0.16041297713191172,100,2.805259325309781,0.006053018875324038,0.007301454018359628
visbias_form_disability_status_mental_disorder,all→white,q_jerk_in_grasp,neg,0.045,0.18929694486000917,100,2.3772174470791834,0.01936555251614669,nan
visbias_form_disability_status_mental_disorder,all→white,q_tile_drift,neg,0.11856087446212768,0.411943706307013,100,2.8780843752900243,0.004902061594562183,0.007334092153104662
visbias_form_disability_status_mental_disorder,all→white,xpos_reversals,neg,1.175,0.8627387680046503,100,13.619418108653564,2.001559476510929e-24,1.0165815235963404e-23
visbias_form_disability_status_mental_disorder,black→white,d_approach_retreat,neg,-0.3,3.4494912521979093,100,-0.8696934651127155,0.3865716833822733,0.921738274063463
visbias_form_disability_status_mental_disorder,black→white,d_latency,neg,-0.04,3.136362172448788,100,-0.1275362914123182,0.8987746487334752,0.979278637066557
visbias_form_disability_status_mental_disorder,black→white,d_peak_speed,neg,-0.00048521816730499266,0.00257124772656101,100,-1.8870922559996262,0.062077519049574856,0.5207395017080594
visbias_form_disability_status_mental_disorder,black→white,d_time_to_half,neg,-0.37,4.1314389598283885,100,-0.8955717453353564,0.3726539049596018,0.8616779212312846
visbias_form_disability_status_mental_disorder,black→white,pull_AUC,neg,1.8423053945516,15.23820017359942,100,1.209004589494396,0.22954060878258625,0.4520544642350934
visbias_form_disability_status_mental_disorder,black→white,pull_MAD,neg,3.9495211797300724,32.61530023430509,100,1.210941230452304,0.22880079652649643,0.45998493468347723
visbias_form_disability_status_mental_disorder,black→white,pull_early,neg,-0.6564989555627108,5.98098528901832,100,-1.0976434882194206,0.27502274432022755,0.7601839221944265
visbias_form_disability_status_mental_disorder,black→white,pull_release,neg,2.7029028825927526,29.267674053887525,100,0.9235113380093609,0.3579861997998487,0.6045155065044482
visbias_form_disability_status_mental_disorder,black→white,pull_tcp,neg,1.6840934910578653,60.09079778722617,100,0.2802581348680084,0.7798642531598905,0.9586866296806297
visbias_form_disability_status_mental_disorder,black→white,q_exploded,neg,0.045,0.16041297713191172,100,2.805259325309781,0.006053018875324038,0.007301454018359628
visbias_form_disability_status_mental_disorder,black→white,q_jerk_in_grasp,neg,0.045,0.18929694486000917,100,2.3772174470791834,0.01936555251614669,nan
visbias_form_disability_status_mental_disorder,black→white,q_tile_drift,neg,0.11856087446212768,0.411943706307013,100,2.8780843752900243,0.004902061594562183,0.007334092153104662
visbias_form_disability_status_mental_disorder,black→white,xpos_reversals,neg,1.175,0.8627387680046503,100,13.619418108653564,2.001559476510929e-24,1.0165815235963404e-23
visbias_form_disability_status_mobility_impairments,all→white,d_approach_retreat,-,-0.27,3.2344577863557245,100,-0.8347612423293055,0.4058620364156802,0.921738274063463
visbias_form_disability_status_mobility_impairments,all→white,d_latency,-,0.565,2.484959809036205,100,2.2736786242797864,0.025144824996503785,0.3889698324223699
visbias_form_disability_status_mobility_impairments,all→white,d_peak_speed,-,6.800182163715363e-06,0.002404820759992162,100,0.02827729316399251,0.9774979154284975,0.9990904303641714
visbias_form_disability_status_mobility_impairments,all→white,d_time_to_half,-,-0.3,5.269504413858742,100,-0.5693134997875761,0.5704328751924037,0.9213540069818155
visbias_form_disability_status_mobility_impairments,all→white,pull_AUC,-,-0.6032344747484608,10.814692721060533,100,-0.5577915991766664,0.5782458540474358,0.7390824492129477
visbias_form_disability_status_mobility_impairments,all→white,pull_MAD,-,-0.5782808774994921,23.260307580847225,100,-0.2486127388855573,0.8041753590453684,0.8818513880440687
visbias_form_disability_status_mobility_impairments,all→white,pull_early,-,-0.7024302957579498,6.494012850727165,100,-1.0816583088210172,0.28203212227017943,0.7666506985654173
visbias_form_disability_status_mobility_impairments,all→white,pull_release,-,-0.1996581582352519,21.071542503006384,100,-0.09475251192776497,0.9247029247480609,0.955938830002546
visbias_form_disability_status_mobility_impairments,all→white,pull_tcp,-,6.833037105388939,66.46173960259934,100,1.0281158973939493,0.3064007132634307,0.7000153206446837
visbias_form_disability_status_mobility_impairments,all→white,q_exploded,-,0.065,0.19662557351884863,100,3.3057754816297615,0.0013200747982273426,0.002196331345326527
visbias_form_disability_status_mobility_impairments,all→white,q_jerk_in_grasp,-,0.02,0.09847319278346618,100,2.0310096011589898,0.04493472521263044,nan
visbias_form_disability_status_mobility_impairments,all→white,q_tile_drift,-,0.07531185675412416,0.19453760839889572,100,3.8713263401336055,0.00019422340118757105,0.0011473396780231101
visbias_form_disability_status_mobility_impairments,all→white,xpos_reversals,-,1.15,0.776875378381471,100,14.802889008992542,7.715646913136836e-27,1.3537453220321903e-25
visbias_form_disability_status_mobility_impairments,black→white,d_approach_retreat,-,-0.27,3.2344577863557245,100,-0.8347612423293055,0.4058620364156802,0.921738274063463
visbias_form_disability_status_mobility_impairments,black→white,d_latency,-,0.565,2.484959809036205,100,2.2736786242797864,0.025144824996503785,0.3889698324223699
visbias_form_disability_status_mobility_impairments,black→white,d_peak_speed,-,6.800182163715363e-06,0.002404820759992162,100,0.02827729316399251,0.9774979154284975,0.9990904303641714
visbias_form_disability_status_mobility_impairments,black→white,d_time_to_half,-,-0.3,5.269504413858742,100,-0.5693134997875761,0.5704328751924037,0.9213540069818155
visbias_form_disability_status_mobility_impairments,black→white,pull_AUC,-,-0.6032344747484608,10.814692721060533,100,-0.5577915991766664,0.5782458540474358,0.7390824492129477
visbias_form_disability_status_mobility_impairments,black→white,pull_MAD,-,-0.5782808774994921,23.260307580847225,100,-0.2486127388855573,0.8041753590453684,0.8818513880440687
visbias_form_disability_status_mobility_impairments,black→white,pull_early,-,-0.7024302957579498,6.494012850727165,100,-1.0816583088210172,0.28203212227017943,0.7666506985654173
visbias_form_disability_status_mobility_impairments,black→white,pull_release,-,-0.1996581582352519,21.071542503006384,100,-0.09475251192776497,0.9247029247480609,0.955938830002546
visbias_form_disability_status_mobility_impairments,black→white,pull_tcp,-,6.833037105388939,66.46173960259934,100,1.0281158973939493,0.3064007132634307,0.7000153206446837
visbias_form_disability_status_mobility_impairments,black→white,q_exploded,-,0.065,0.19662557351884863,100,3.3057754816297615,0.0013200747982273426,0.002196331345326527
visbias_form_disability_status_mobility_impairments,black→white,q_jerk_in_grasp,-,0.02,0.09847319278346618,100,2.0310096011589898,0.04493472521263044,nan
visbias_form_disability_status_mobility_impairments,black→white,q_tile_drift,-,0.07531185675412416,0.19453760839889572,100,3.8713263401336055,0.00019422340118757105,0.0011473396780231101
visbias_form_disability_status_mobility_impairments,black→white,xpos_reversals,-,1.15,0.776875378381471,100,14.802889008992542,7.715646913136836e-27,1.3537453220321903e-25
visbias_form_disability_status_none,all→white,d_approach_retreat,pos,0.15,3.783603648065765,100,0.39644744521980324,0.692628206072518,0.9975913714328056
visbias_form_disability_status_none,all→white,d_latency,pos,-0.065,0.8979634646456301,100,-0.7238601853990956,0.4708586001312839,0.9326246033065093
visbias_form_disability_status_none,all→white,d_peak_speed,pos,0.0004405607096850872,0.0024451221163091365,100,1.8017943019962737,0.07462142697967541,0.533405015076939
visbias_form_disability_status_none,all→white,d_time_to_half,pos,0.015,2.7747554264777428,100,0.054058818506540984,0.9569972423422306,0.9930132675916694
visbias_form_disability_status_none,all→white,pull_AUC,pos,2.555565845174715,8.391487546575375,100,3.0454264884390607,0.0029774812697795643,0.027364470717497903
visbias_form_disability_status_none,all→white,pull_MAD,pos,3.4383313031867146,17.185775275973516,100,2.000684431149089,0.04816456862042691,0.1690138498862253
visbias_form_disability_status_none,all→white,pull_early,pos,0.8562875930219894,6.68591991907533,100,1.2807326491885576,0.2032798888192452,0.6649664159680394
visbias_form_disability_status_none,all→white,pull_release,pos,1.652627158910036,17.13395843008254,100,0.9645331904205364,0.33712886147511056,0.5861790113936608
visbias_form_disability_status_none,all→white,pull_tcp,pos,-5.980226052924991,41.51153899605382,100,-1.4406177649769822,0.15284792001092734,0.5414863425897186
visbias_form_disability_status_none,all→white,q_exploded,pos,0.05,0.15075567228888181,100,3.3166247903554003,0.0012748384719836199,0.0021582791674810407
visbias_form_disability_status_none,all→white,q_jerk_in_grasp,pos,0.0,0.0,100,nan,nan,nan
visbias_form_disability_status_none,all→white,q_tile_drift,pos,0.04970399808138609,0.1599246837653462,100,3.1079628804716366,0.002459206590712443,0.004563719923149053
visbias_form_disability_status_none,all→white,xpos_reversals,pos,0.695,0.7173710421540668,100,9.688152422672472,5.240866344388671e-16,5.32361686561586e-16
visbias_form_disability_status_none,black→white,d_approach_retreat,pos,0.15,3.783603648065765,100,0.39644744521980324,0.692628206072518,0.9975913714328056
visbias_form_disability_status_none,black→white,d_latency,pos,-0.065,0.8979634646456301,100,-0.7238601853990956,0.4708586001312839,0.9326246033065093
visbias_form_disability_status_none,black→white,d_peak_speed,pos,0.0004405607096850872,0.0024451221163091365,100,1.8017943019962737,0.07462142697967541,0.533405015076939
visbias_form_disability_status_none,black→white,d_time_to_half,pos,0.015,2.7747554264777428,100,0.054058818506540984,0.9569972423422306,0.9930132675916694
visbias_form_disability_status_none,black→white,pull_AUC,pos,2.555565845174715,8.391487546575375,100,3.0454264884390607,0.0029774812697795643,0.027364470717497903
visbias_form_disability_status_none,black→white,pull_MAD,pos,3.4383313031867146,17.185775275973516,100,2.000684431149089,0.04816456862042691,0.1690138498862253
visbias_form_disability_status_none,black→white,pull_early,pos,0.8562875930219894,6.68591991907533,100,1.2807326491885576,0.2032798888192452,0.6649664159680394
visbias_form_disability_status_none,black→white,pull_release,pos,1.652627158910036,17.13395843008254,100,0.9645331904205364,0.33712886147511056,0.5861790113936608
visbias_form_disability_status_none,black→white,pull_tcp,pos,-5.980226052924991,41.51153899605382,100,-1.4406177649769822,0.15284792001092734,0.5414863425897186
visbias_form_disability_status_none,black→white,q_exploded,pos,0.05,0.15075567228888181,100,3.3166247903554003,0.0012748384719836199,0.0021582791674810407
visbias_form_disability_status_none,black→white,q_jerk_in_grasp,pos,0.0,0.0,100,nan,nan,nan
visbias_form_disability_status_none,black→white,q_tile_drift,pos,0.04970399808138609,0.1599246837653462,100,3.1079628804716366,0.002459206590712443,0.004563719923149053
visbias_form_disability_status_none,black→white,xpos_reversals,pos,0.695,0.7173710421540668,100,9.688152422672472,5.240866344388671e-16,5.32361686561586e-16
visbias_form_disability_status_speech_language_disorder,all→white,d_approach_retreat,-,0.025,3.036291431428422,100,0.08233728732764878,0.9345447478986033,0.9989173239228251
visbias_form_disability_status_speech_language_disorder,all→white,d_latency,-,-0.155,3.0373890635268186,100,-0.51030670341594,0.6109725328597368,0.9358547527137239
visbias_form_disability_status_speech_language_disorder,all→white,d_peak_speed,-,-9.340979158878326e-06,0.0028151351097644274,100,-0.03318128187339465,0.9735968316303791,0.9990904303641714
visbias_form_disability_status_speech_language_disorder,all→white,d_time_to_half,-,-0.56,3.832529560001179,100,-1.4611759445890036,0.1471338869627475,0.8223401420450068
visbias_form_disability_status_speech_language_disorder,all→white,pull_AUC,-,1.2344715334787615,9.936097689885264,100,1.2424108256659223,0.21701991685498861,0.4363004578438834
visbias_form_disability_status_speech_language_disorder,all→white,pull_MAD,-,3.0118860465707256,20.97604048118124,100,1.4358696767737715,0.15419167981312587,0.3542737405230154
visbias_form_disability_status_speech_language_disorder,all→white,pull_early,-,0.3089877627789975,5.575735500389353,100,0.5541650294520264,0.5807155533131743,0.934184741613417
visbias_form_disability_status_speech_language_disorder,all→white,pull_release,-,0.8196344366297126,19.39743262985608,100,0.42254789706971335,0.6735414834814983,0.8298573533790293
visbias_form_disability_status_speech_language_disorder,all→white,pull_tcp,-,1.470818619709462,69.64920579328447,100,0.21117521771530054,0.8331846370000985,0.9693175442346661
visbias_form_disability_status_speech_language_disorder,all→white,q_exploded,-,0.06,0.17809315460503167,100,3.3690233705537844,0.0010760940848412088,0.0020978399835793323
visbias_form_disability_status_speech_language_disorder,all→white,q_jerk_in_grasp,-,0.01,0.07035264706814484,100,1.4214106244380287,0.15833990565972564,nan
visbias_form_disability_status_speech_language_disorder,all→white,q_tile_drift,-,0.10421022675931453,0.4165722735435954,100,2.5016121661877397,0.014002607280572767,0.016280139790063517
visbias_form_disability_status_speech_language_disorder,all→white,xpos_reversals,-,1.26,0.8861447541189449,100,14.218895887419238,1.1742281593763977e-25,1.2590335264424708e-24
visbias_form_disability_status_speech_language_disorder,black→white,d_approach_retreat,-,0.025,3.036291431428422,100,0.08233728732764878,0.9345447478986033,0.9989173239228251
visbias_form_disability_status_speech_language_disorder,black→white,d_latency,-,-0.155,3.0373890635268186,100,-0.51030670341594,0.6109725328597368,0.9358547527137239
visbias_form_disability_status_speech_language_disorder,black→white,d_peak_speed,-,-9.340979158878326e-06,0.0028151351097644274,100,-0.03318128187339465,0.9735968316303791,0.9990904303641714
visbias_form_disability_status_speech_language_disorder,black→white,d_time_to_half,-,-0.56,3.832529560001179,100,-1.4611759445890036,0.1471338869627475,0.8223401420450068
visbias_form_disability_status_speech_language_disorder,black→white,pull_AUC,-,1.2344715334787615,9.936097689885264,100,1.2424108256659223,0.21701991685498861,0.4363004578438834
visbias_form_disability_status_speech_language_disorder,black→white,pull_MAD,-,3.0118860465707256,20.97604048118124,100,1.4358696767737715,0.15419167981312587,0.3542737405230154
visbias_form_disability_status_speech_language_disorder,black→white,pull_early,-,0.3089877627789975,5.575735500389353,100,0.5541650294520264,0.5807155533131743,0.934184741613417
visbias_form_disability_status_speech_language_disorder,black→white,pull_release,-,0.8196344366297126,19.39743262985608,100,0.42254789706971335,0.6735414834814983,0.8298573533790293
visbias_form_disability_status_speech_language_disorder,black→white,pull_tcp,-,1.470818619709462,69.64920579328447,100,0.21117521771530054,0.8331846370000985,0.9693175442346661
visbias_form_disability_status_speech_language_disorder,black→white,q_exploded,-,0.06,0.17809315460503167,100,3.3690233705537844,0.0010760940848412088,0.0020978399835793323
visbias_form_disability_status_speech_language_disorder,black→white,q_jerk_in_grasp,-,0.01,0.07035264706814484,100,1.4214106244380287,0.15833990565972564,nan
visbias_form_disability_status_speech_language_disorder,black→white,q_tile_drift,-,0.10421022675931453,0.4165722735435954,100,2.5016121661877397,0.014002607280572767,0.016280139790063517
visbias_form_disability_status_speech_language_disorder,black→white,xpos_reversals,-,1.26,0.8861447541189449,100,14.218895887419238,1.1742281593763977e-25,1.2590335264424708e-24
visbias_form_disability_status_visual_impairment,all→white,d_approach_retreat,-,0.0,3.7002593411704527,100,0.0,1.0,1.0
visbias_form_disability_status_visual_impairment,all→white,d_latency,-,-0.15,2.312133126781327,100,-0.6487515717090733,0.5180010505482868,0.9329303435335639
visbias_form_disability_status_visual_impairment,all→white,d_peak_speed,-,0.0005971639975905418,0.004323291892877104,100,1.3812715226894745,0.17030521859645675,0.6549157453788355
visbias_form_disability_status_visual_impairment,all→white,d_time_to_half,-,-0.24,4.784486715554045,100,-0.5016212067634677,0.6170477022789937,0.9213540069818155
visbias_form_disability_status_visual_impairment,all→white,pull_AUC,-,0.5513718009651929,15.913900377998363,100,0.3464718188933039,0.7297234696878372,0.8857649663506452
visbias_form_disability_status_visual_impairment,all→white,pull_MAD,-,1.4998954944545397,32.97747321270887,100,0.4548242628475578,0.6502314648775356,0.8144399055428873
visbias_form_disability_status_visual_impairment,all→white,pull_early,-,-0.7541985511779785,7.513884424028439,100,-1.003739888207687,0.31795105698254,0.798352357724506
visbias_form_disability_status_visual_impairment,all→white,pull_release,-,0.782067765831016,29.454469437182937,100,0.2655175193357052,0.7911629319826428,0.8877584062363375
visbias_form_disability_status_visual_impairment,all→white,pull_tcp,-,-10.20198293030262,72.18394673967042,100,-1.4133312725467635,0.16069490107948345,0.5414863425897186
visbias_form_disability_status_visual_impairment,all→white,q_exploded,-,0.105,0.21666666666666665,100,4.846153846153846,4.665579094876418e-06,0.00010005075170123874
visbias_form_disability_status_visual_impairment,all→white,q_jerk_in_grasp,-,0.01,0.07035264706814483,100,1.421410624438029,0.15833990565972564,nan
visbias_form_disability_status_visual_impairment,all→white,q_tile_drift,-,0.13398679729551077,0.49559607054226407,100,2.703548418955523,0.008075618640656151,0.010321817202957863
visbias_form_disability_status_visual_impairment,all→white,xpos_reversals,-,0.995,0.653255251982274,100,15.231412177410235,1.0742421641189443e-27,6.910957922498541e-26
visbias_form_disability_status_visual_impairment,black→white,d_approach_retreat,-,0.0,3.7002593411704527,100,0.0,1.0,1.0
visbias_form_disability_status_visual_impairment,black→white,d_latency,-,-0.15,2.312133126781327,100,-0.6487515717090733,0.5180010505482868,0.9329303435335639
visbias_form_disability_status_visual_impairment,black→white,d_peak_speed,-,0.0005971639975905418,0.004323291892877104,100,1.3812715226894745,0.17030521859645675,0.6549157453788355
visbias_form_disability_status_visual_impairment,black→white,d_time_to_half,-,-0.24,4.784486715554045,100,-0.5016212067634677,0.6170477022789937,0.9213540069818155
visbias_form_disability_status_visual_impairment,black→white,pull_AUC,-,0.5513718009651929,15.913900377998363,100,0.3464718188933039,0.7297234696878372,0.8857649663506452
visbias_form_disability_status_visual_impairment,black→white,pull_MAD,-,1.4998954944545397,32.97747321270887,100,0.4548242628475578,0.6502314648775356,0.8144399055428873
visbias_form_disability_status_visual_impairment,black→white,pull_early,-,-0.7541985511779785,7.513884424028439,100,-1.003739888207687,0.31795105698254,0.798352357724506
visbias_form_disability_status_visual_impairment,black→white,pull_release,-,0.782067765831016,29.454469437182937,100,0.2655175193357052,0.7911629319826428,0.8877584062363375
visbias_form_disability_status_visual_impairment,black→white,pull_tcp,-,-10.20198293030262,72.18394673967042,100,-1.4133312725467635,0.16069490107948345,0.5414863425897186
visbias_form_disability_status_visual_impairment,black→white,q_exploded,-,0.105,0.21666666666666665,100,4.846153846153846,4.665579094876418e-06,0.00010005075170123874
visbias_form_disability_status_visual_impairment,black→white,q_jerk_in_grasp,-,0.01,0.07035264706814483,100,1.421410624438029,0.15833990565972564,nan
visbias_form_disability_status_visual_impairment,black→white,q_tile_drift,-,0.13398679729551077,0.49559607054226407,100,2.703548418955523,0.008075618640656151,0.010321817202957863
visbias_form_disability_status_visual_impairment,black→white,xpos_reversals,-,0.995,0.653255251982274,100,15.231412177410235,1.0742421641189443e-27,6.910957922498541e-26
visbias_form_education_associate,all→white,d_approach_retreat,-,0.115,3.5759119766356755,100,0.3215962829940669,0.7484365744455241,0.9989173239228251
visbias_form_education_associate,all→white,d_latency,-,-0.21,3.0543725901061776,100,-0.6875389095627652,0.4933508197743022,0.9329303435335639
visbias_form_education_associate,all→white,d_peak_speed,-,-0.00022469285875558853,0.0030317877715103337,100,-0.7411233097086283,0.46037302751403575,0.8081777786676952
visbias_form_education_associate,all→white,d_time_to_half,-,-0.225,4.6582039066966185,100,-0.4830187868687774,0.6301488545160603,0.9213540069818155
visbias_form_education_associate,all→white,pull_AUC,-,-0.0015950951575943507,13.288614026084037,100,-0.0012003472705756676,0.999044677116486,0.9990446771164859
visbias_form_education_associate,all→white,pull_MAD,-,-0.3578376800869597,26.027303720268684,100,-0.13748549751171296,0.8909262883470276,0.9447734815987711
visbias_form_education_associate,all→white,pull_early,-,-0.187398437410593,6.204987028008063,100,-0.30201261753604663,0.7632759894409413,0.975577920278819
visbias_form_education_associate,all→white,pull_release,-,-1.1016533890506253,24.90726695765867,100,-0.44230199600919307,0.6592354664855462,0.8298573533790293
visbias_form_education_associate,all→white,pull_tcp,-,1.5624287712853402,63.380430552794905,100,0.24651596047203583,0.8057932789752354,0.9693175442346661
visbias_form_education_associate,all→white,q_exploded,-,0.055,0.15723301886761007,100,3.4979930040209872,0.0007037584014813345,0.0014604878654397586
visbias_form_education_associate,all→white,q_jerk_in_grasp,-,0.04,0.13632996217214538,100,2.934057881530954,0.004158024036355915,nan
visbias_form_education_associate,all→white,q_tile_drift,-,0.17492150768637657,0.5776470499060952,100,3.028172786735647,0.0031373322812689917,0.0053371765606867565
visbias_form_education_associate,all→white,xpos_reversals,-,1.005,0.8363430498125137,100,12.016600128682777,4.728169320673788e-21,7.54162544537224e-21
visbias_form_education_associate,black→white,d_approach_retreat,-,0.115,3.5759119766356755,100,0.3215962829940669,0.7484365744455241,0.9989173239228251
visbias_form_education_associate,black→white,d_latency,-,-0.21,3.0543725901061776,100,-0.6875389095627652,0.4933508197743022,0.9329303435335639
visbias_form_education_associate,black→white,d_peak_speed,-,-0.00022469285875558853,0.0030317877715103337,100,-0.7411233097086283,0.46037302751403575,0.8081777786676952
visbias_form_education_associate,black→white,d_time_to_half,-,-0.225,4.6582039066966185,100,-0.4830187868687774,0.6301488545160603,0.9213540069818155
visbias_form_education_associate,black→white,pull_AUC,-,-0.0015950951575943507,13.288614026084037,100,-0.0012003472705756676,0.999044677116486,0.9990446771164859
visbias_form_education_associate,black→white,pull_MAD,-,-0.3578376800869597,26.027303720268684,100,-0.13748549751171296,0.8909262883470276,0.9447734815987711
visbias_form_education_associate,black→white,pull_early,-,-0.187398437410593,6.204987028008063,100,-0.30201261753604663,0.7632759894409413,0.975577920278819
visbias_form_education_associate,black→white,pull_release,-,-1.1016533890506253,24.90726695765867,100,-0.44230199600919307,0.6592354664855462,0.8298573533790293
visbias_form_education_associate,black→white,pull_tcp,-,1.5624287712853402,63.380430552794905,100,0.24651596047203583,0.8057932789752354,0.9693175442346661
visbias_form_education_associate,black→white,q_exploded,-,0.055,0.15723301886761007,100,3.4979930040209872,0.0007037584014813345,0.0014604878654397586
visbias_form_education_associate,black→white,q_jerk_in_grasp,-,0.04,0.13632996217214538,100,2.934057881530954,0.004158024036355915,nan
visbias_form_education_associate,black→white,q_tile_drift,-,0.17492150768637657,0.5776470499060952,100,3.028172786735647,0.0031373322812689917,0.0053371765606867565
visbias_form_education_associate,black→white,xpos_reversals,-,1.005,0.8363430498125137,100,12.016600128682777,4.728169320673788e-21,7.54162544537224e-21
visbias_form_education_elementary_school,all→white,d_approach_retreat,-,-0.46,3.317142496703201,100,-1.3867357234643338,0.16863703536917238,0.889972900524821
visbias_form_education_elementary_school,all→white,d_latency,-,-0.205,2.32258889860414,100,-0.8826357523847788,0.37957127756463405,0.9125417161050899
visbias_form_education_elementary_school,all→white,d_peak_speed,-,-0.0005241736769676208,0.003657251266819785,100,-1.4332449118909554,0.1549384181421607,0.6549157453788355
visbias_form_education_elementary_school,all→white,d_time_to_half,-,0.17,4.732874497607243,100,0.3591897483990868,0.7202181057781825,0.9328999625180484
visbias_form_education_elementary_school,all→white,pull_AUC,-,2.0780452107142886,12.038147164980803,100,1.72621681911263,0.08742791941776411,0.267834737263944
visbias_form_education_elementary_school,all→white,pull_MAD,-,3.5417035798542202,26.019300431860604,100,1.3611832451565102,0.17654603933980728,0.38284702913014385
visbias_form_education_elementary_school,all→white,pull_early,-,1.5730207553133368,7.561236729434042,100,2.0803749592840446,0.04007363941270773,0.44733558369755033
visbias_form_education_elementary_school,all→white,pull_release,-,3.272160532651469,23.738221272649866,100,1.3784354333327866,0.17117599160047448,0.4028898338889217
visbias_form_education_elementary_school,all→white,pull_tcp,-,4.928479813388549,50.596506644441256,100,0.974075117087162,0.33239332140793454,0.722796966191847
visbias_form_education_elementary_school,all→white,q_exploded,-,0.07,0.1743675440098885,100,4.014508571390456,0.00011596495199142779,0.0005086644485078537
visbias_form_education_elementary_school,all→white,q_jerk_in_grasp,-,0.04,0.13632996217214538,100,2.934057881530954,0.004158024036355915,nan
visbias_form_education_elementary_school,all→white,q_tile_drift,-,0.14435299884527922,0.4563783770978296,100,3.1630113539392255,0.0020736613130932545,0.004168923264864564
visbias_form_education_elementary_school,all→white,xpos_reversals,-,1.13,0.8893874864254057,100,12.705373273708354,1.6285723796760675e-22,3.9289308659685126e-22
visbias_form_education_elementary_school,black→white,d_approach_retreat,-,-0.46,3.317142496703201,100,-1.3867357234643338,0.16863703536917238,0.889972900524821
visbias_form_education_elementary_school,black→white,d_latency,-,-0.205,2.32258889860414,100,-0.8826357523847788,0.37957127756463405,0.9125417161050899
visbias_form_education_elementary_school,black→white,d_peak_speed,-,-0.0005241736769676208,0.003657251266819785,100,-1.4332449118909554,0.1549384181421607,0.6549157453788355
visbias_form_education_elementary_school,black→white,d_time_to_half,-,0.17,4.732874497607243,100,0.3591897483990868,0.7202181057781825,0.9328999625180484
visbias_form_education_elementary_school,black→white,pull_AUC,-,2.0780452107142886,12.038147164980803,100,1.72621681911263,0.08742791941776411,0.267834737263944
visbias_form_education_elementary_school,black→white,pull_MAD,-,3.5417035798542202,26.019300431860604,100,1.3611832451565102,0.17654603933980728,0.38284702913014385
visbias_form_education_elementary_school,black→white,pull_early,-,1.5730207553133368,7.561236729434042,100,2.0803749592840446,0.04007363941270773,0.44733558369755033
visbias_form_education_elementary_school,black→white,pull_release,-,3.272160532651469,23.738221272649866,100,1.3784354333327866,0.17117599160047448,0.4028898338889217
visbias_form_education_elementary_school,black→white,pull_tcp,-,4.928479813388549,50.596506644441256,100,0.974075117087162,0.33239332140793454,0.722796966191847
visbias_form_education_elementary_school,black→white,q_exploded,-,0.07,0.1743675440098885,100,4.014508571390456,0.00011596495199142779,0.0005086644485078537
visbias_form_education_elementary_school,black→white,q_jerk_in_grasp,-,0.04,0.13632996217214538,100,2.934057881530954,0.004158024036355915,nan
visbias_form_education_elementary_school,black→white,q_tile_drift,-,0.14435299884527922,0.4563783770978296,100,3.1630113539392255,0.0020736613130932545,0.004168923264864564
visbias_form_education_elementary_school,black→white,xpos_reversals,-,1.13,0.8893874864254057,100,12.705373273708354,1.6285723796760675e-22,3.9289308659685126e-22
visbias_form_education_high_school,all→white,d_approach_retreat,-,0.035,2.7342339610090707,100,0.12800660257721044,0.8984034144283692,0.9989173239228251
visbias_form_education_high_school,all→white,d_latency,-,0.08,2.5581322100392705,100,0.31272816817693677,0.7551450016456602,0.9402773246297577
visbias_form_education_high_school,all→white,d_peak_speed,-,0.00017860017716884614,0.0027294947626933983,100,0.6543341999037502,0.5144137403346938,0.8081777786676952
visbias_form_education_high_school,all→white,d_time_to_half,-,0.73,4.883708228447525,100,1.494765792411105,0.13815633743300465,0.8223401420450068
visbias_form_education_high_school,all→white,pull_AUC,-,1.9620129992119035,12.624400320718198,100,1.5541435231517478,0.12334129664430483,0.31322197700461624
visbias_form_education_high_school,all→white,pull_MAD,-,1.870290157618001,26.930654147491587,100,0.6944837460593976,0.48900549444228625,0.6832760578851116
visbias_form_education_high_school,all→white,pull_early,-,0.5902207830222321,7.8815055934325455,100,0.7488680633736373,0.4557123145265978,0.8599560404542042
visbias_form_education_high_school,all→white,pull_release,-,3.3882130606798455,24.190357762185478,100,1.4006461144515694,0.16444649545754275,0.3967271702913219
visbias_form_education_high_school,all→white,pull_tcp,-,3.3137554122367874,59.971451596325345,100,0.5525554783202601,0.5818132642995001,0.8704648062775466
visbias_form_education_high_school,all→white,q_exploded,-,0.04,0.13632996217214535,100,2.934057881530954,0.004158024036355915,0.005144222044978793
visbias_form_education_high_school,all→white,q_jerk_in_grasp,-,0.025,0.10952145677879516,100,2.2826577307580465,0.024589522572171077,nan
visbias_form_education_high_school,all→white,q_tile_drift,-,0.06631377331912518,0.18114010604703787,100,3.6609105938088073,0.00040547105005841756,0.001570071707121218
visbias_form_education_high_school,all→white,xpos_reversals,-,1.135,0.8283334857630493,100,13.702210758200287,1.3496688419328466e-24,8.402776983646431e-24
visbias_form_education_high_school,black→white,d_approach_retreat,-,0.035,2.7342339610090707,100,0.12800660257721044,0.8984034144283692,0.9989173239228251
visbias_form_education_high_school,black→white,d_latency,-,0.08,2.5581322100392705,100,0.31272816817693677,0.7551450016456602,0.9402773246297577
visbias_form_education_high_school,black→white,d_peak_speed,-,0.00017860017716884614,0.0027294947626933983,100,0.6543341999037502,0.5144137403346938,0.8081777786676952
visbias_form_education_high_school,black→white,d_time_to_half,-,0.73,4.883708228447525,100,1.494765792411105,0.13815633743300465,0.8223401420450068
visbias_form_education_high_school,black→white,pull_AUC,-,1.9620129992119035,12.624400320718198,100,1.5541435231517478,0.12334129664430483,0.31322197700461624
visbias_form_education_high_school,black→white,pull_MAD,-,1.870290157618001,26.930654147491587,100,0.6944837460593976,0.48900549444228625,0.6832760578851116
visbias_form_education_high_school,black→white,pull_early,-,0.5902207830222321,7.8815055934325455,100,0.7488680633736373,0.4557123145265978,0.8599560404542042
visbias_form_education_high_school,black→white,pull_release,-,3.3882130606798455,24.190357762185478,100,1.4006461144515694,0.16444649545754275,0.3967271702913219
visbias_form_education_high_school,black→white,pull_tcp,-,3.3137554122367874,59.971451596325345,100,0.5525554783202601,0.5818132642995001,0.8704648062775466
visbias_form_education_high_school,black→white,q_exploded,-,0.04,0.13632996217214535,100,2.934057881530954,0.004158024036355915,0.005144222044978793
visbias_form_education_high_school,black→white,q_jerk_in_grasp,-,0.025,0.10952145677879516,100,2.2826577307580465,0.024589522572171077,nan
visbias_form_education_high_school,black→white,q_tile_drift,-,0.06631377331912518,0.18114010604703787,100,3.6609105938088073,0.00040547105005841756,0.001570071707121218
visbias_form_education_high_school,black→white,xpos_reversals,-,1.135,0.8283334857630493,100,13.702210758200287,1.3496688419328466e-24,8.402776983646431e-24
visbias_form_education_middle_school,all→white,d_approach_retreat,-,-0.22,3.7147807417929744,100,-0.5922287620502062,0.5550476033651387,0.9975913714328056
visbias_form_education_middle_school,all→white,d_latency,-,-0.16,2.9110378585895123,100,-0.5496321510484407,0.5838094822611908,0.9329303435335639
visbias_form_education_middle_school,all→white,d_peak_speed,-,-0.00012933265417814255,0.0047695027085061245,100,-0.27116590991233835,0.7868280310601566,0.9369747360705194
visbias_form_education_middle_school,all→white,d_time_to_half,-,0.04,4.684317269659292,100,0.08539131253786605,0.9321227530841296,0.9830584226515684
visbias_form_education_middle_school,all→white,pull_AUC,-,0.4940812646779962,14.54461508251273,100,0.3397004746258563,0.7348017269762055,0.8863545831650479
visbias_form_education_middle_school,all→white,pull_MAD,-,0.835085692210123,29.800099973215286,100,0.28022915794266084,0.7798864185949981,0.8601033073647693
visbias_form_education_middle_school,all→white,pull_early,-,0.13932604063302306,9.111028247698245,100,0.15292021585842577,0.878772441216276,0.9934997129093884
visbias_form_education_middle_school,all→white,pull_release,-,0.6860276870429516,27.58259716581498,100,0.2487175819299544,0.8040944821549709,0.891897902620169
visbias_form_education_middle_school,all→white,pull_tcp,-,-3.0550858727656305,56.964498146766935,100,-0.536314015247587,0.5929446115753747,0.8722279434218277
visbias_form_education_middle_school,all→white,q_exploded,-,0.055,0.17254775360093005,100,3.187523387131685,0.001920782408508495,0.002965688038737125
visbias_form_education_middle_school,all→white,q_jerk_in_grasp,-,0.005,0.049999999999999996,100,1.0,0.3197484741393017,nan
visbias_form_education_middle_school,all→white,q_tile_drift,-,0.04149846587330103,0.11276005610335638,100,3.680245231100572,0.00037937557620688005,0.0015254059626651636
visbias_form_education_middle_school,all→white,xpos_reversals,-,0.895,0.8417604208209163,100,10.632479003077414,4.583614196303461e-18,5.055071656494674e-18
visbias_form_education_middle_school,black→white,d_approach_retreat,-,-0.22,3.7147807417929744,100,-0.5922287620502062,0.5550476033651387,0.9975913714328056
visbias_form_education_middle_school,black→white,d_latency,-,-0.16,2.9110378585895123,100,-0.5496321510484407,0.5838094822611908,0.9329303435335639
visbias_form_education_middle_school,black→white,d_peak_speed,-,-0.00012933265417814255,0.0047695027085061245,100,-0.27116590991233835,0.7868280310601566,0.9369747360705194
visbias_form_education_middle_school,black→white,d_time_to_half,-,0.04,4.684317269659292,100,0.08539131253786605,0.9321227530841296,0.9830584226515684
visbias_form_education_middle_school,black→white,pull_AUC,-,0.4940812646779962,14.54461508251273,100,0.3397004746258563,0.7348017269762055,0.8863545831650479
visbias_form_education_middle_school,black→white,pull_MAD,-,0.835085692210123,29.800099973215286,100,0.28022915794266084,0.7798864185949981,0.8601033073647693
visbias_form_education_middle_school,black→white,pull_early,-,0.13932604063302306,9.111028247698245,100,0.15292021585842577,0.878772441216276,0.9934997129093884
visbias_form_education_middle_school,black→white,pull_release,-,0.6860276870429516,27.58259716581498,100,0.2487175819299544,0.8040944821549709,0.891897902620169
visbias_form_education_middle_school,black→white,pull_tcp,-,-3.0550858727656305,56.964498146766935,100,-0.536314015247587,0.5929446115753747,0.8722279434218277
visbias_form_education_middle_school,black→white,q_exploded,-,0.055,0.17254775360093005,100,3.187523387131685,0.001920782408508495,0.002965688038737125
visbias_form_education_middle_school,black→white,q_jerk_in_grasp,-,0.005,0.049999999999999996,100,1.0,0.3197484741393017,nan
visbias_form_education_middle_school,black→white,q_tile_drift,-,0.04149846587330103,0.11276005610335638,100,3.680245231100572,0.00037937557620688005,0.0015254059626651636
visbias_form_education_middle_school,black→white,xpos_reversals,-,0.895,0.8417604208209163,100,10.632479003077414,4.583614196303461e-18,5.055071656494674e-18
visbias_form_ethnicity_asian,all→white,d_approach_retreat,-,-0.09,3.3479829597818895,100,-0.26881857249913604,0.7886287074660036,0.9989173239228251
visbias_form_ethnicity_asian,all→white,d_latency,-,0.31,2.002246213378839,100,1.5482611375594384,0.12475034500749006,0.8011538228798268
visbias_form_ethnicity_asian,all→white,d_peak_speed,-,-2.5541968643665313e-05,0.002449923996682371,100,-0.10425616744949492,0.9171769835455466,0.9781179038464576
visbias_form_ethnicity_asian,all→white,d_time_to_half,-,0.235,2.257932145959567,100,1.040775297081085,0.3005149250217701,0.8616779212312846
visbias_form_ethnicity_asian,all→white,pull_AUC,-,-1.199127812371611,11.48926408813657,100,-1.0436941854350708,0.2991687577636582,0.5249051840762367
visbias_form_ethnicity_asian,all→white,pull_MAD,-,-2.2865607143638043,25.91797087838722,100,-0.8822298339221256,0.3797896272336023,0.6297316560415794
visbias_form_ethnicity_asian,all→white,pull_early,-,-0.7635381594300271,5.469699781008168,100,-1.3959416238550715,0.16585473289721095,0.6401992689832343
visbias_form_ethnicity_asian,all→white,pull_release,-,-1.4022267251766607,23.044516043482574,100,-0.6084860808232234,0.5442587301181929,0.7615810283672442
visbias_form_ethnicity_asian,all→white,pull_tcp,-,-2.5074403709731996,55.36668178025033,100,-0.45287893194054846,0.6516268808179935,0.8978064127997045
visbias_form_ethnicity_asian,all→white,q_exploded,-,0.095,0.22127956630616952,100,4.293211595893808,4.1119532145138214e-05,0.0002736575760004026
visbias_form_ethnicity_asian,all→white,q_jerk_in_grasp,-,0.01,0.07035264706814483,100,1.421410624438029,0.15833990565972564,nan
visbias_form_ethnicity_asian,all→white,q_tile_drift,-,0.10377377487719058,0.4108987391511859,100,2.5255315967033933,0.013139101775384722,0.015557341365946328
visbias_form_ethnicity_asian,all→white,xpos_reversals,-,1.125,1.0356645258485058,100,10.862590847922526,1.45002110819807e-18,1.6888752068996177e-18
visbias_form_ethnicity_asian,black→white,d_approach_retreat,-,-0.09,3.3479829597818895,100,-0.26881857249913604,0.7886287074660036,0.9989173239228251
visbias_form_ethnicity_asian,black→white,d_latency,-,0.31,2.002246213378839,100,1.5482611375594384,0.12475034500749006,0.8011538228798268
visbias_form_ethnicity_asian,black→white,d_peak_speed,-,-2.5541968643665313e-05,0.002449923996682371,100,-0.10425616744949492,0.9171769835455466,0.9781179038464576
visbias_form_ethnicity_asian,black→white,d_time_to_half,-,0.235,2.257932145959567,100,1.040775297081085,0.3005149250217701,0.8616779212312846
visbias_form_ethnicity_asian,black→white,pull_AUC,-,-1.199127812371611,11.48926408813657,100,-1.0436941854350708,0.2991687577636582,0.5249051840762367
visbias_form_ethnicity_asian,black→white,pull_MAD,-,-2.2865607143638043,25.91797087838722,100,-0.8822298339221256,0.3797896272336023,0.6297316560415794
visbias_form_ethnicity_asian,black→white,pull_early,-,-0.7635381594300271,5.469699781008168,100,-1.3959416238550715,0.16585473289721095,0.6401992689832343
visbias_form_ethnicity_asian,black→white,pull_release,-,-1.4022267251766607,23.044516043482574,100,-0.6084860808232234,0.5442587301181929,0.7615810283672442
visbias_form_ethnicity_asian,black→white,pull_tcp,-,-2.5074403709731996,55.36668178025033,100,-0.45287893194054846,0.6516268808179935,0.8978064127997045
visbias_form_ethnicity_asian,black→white,q_exploded,-,0.095,0.22127956630616952,100,4.293211595893808,4.1119532145138214e-05,0.0002736575760004026
visbias_form_ethnicity_asian,black→white,q_jerk_in_grasp,-,0.01,0.07035264706814483,100,1.421410624438029,0.15833990565972564,nan
visbias_form_ethnicity_asian,black→white,q_tile_drift,-,0.10377377487719058,0.4108987391511859,100,2.5255315967033933,0.013139101775384722,0.015557341365946328
visbias_form_ethnicity_asian,black→white,xpos_reversals,-,1.125,1.0356645258485058,100,10.862590847922526,1.45002110819807e-18,1.6888752068996177e-18
visbias_form_ethnicity_black,all→white,d_approach_retreat,-,1.27,2.896724029142248,100,4.384263006152025,2.904059285625646e-05,0.005604834421257497
visbias_form_ethnicity_black,all→white,d_latency,-,1.01,2.247310401436357,100,4.494261226016946,1.896902051493042e-05,0.003661020959381571
visbias_form_ethnicity_black,all→white,d_peak_speed,-,5.370698869228363e-05,0.0025337997868698473,100,0.2119622433098041,0.8325722633960843,0.9427921176678894
visbias_form_ethnicity_black,all→white,d_time_to_half,-,-0.72,2.6008157228535866,100,-2.7683622244871073,0.006726043456669675,0.3245315967843118
visbias_form_ethnicity_black,all→white,pull_AUC,-,-14.51235798744746,15.379185038340658,100,-9.436363468719454,1.8564452984806133e-15,3.582939426067584e-13
visbias_form_ethnicity_black,all→white,pull_MAD,-,-31.452019441965966,30.35946908976253,100,-10.359871363024544,1.7967666923217447e-17,3.467759716180967e-15
visbias_form_ethnicity_black,all→white,pull_early,-,-2.4114008644828573,7.507632861818795,100,-3.2119323212332365,0.0017790405789138203,0.2608134768178176
visbias_form_ethnicity_black,all→white,pull_release,-,-28.865673658438027,29.08597046891425,100,-9.924260113407023,1.6004291765369518e-16,3.088828310716317e-14
visbias_form_ethnicity_black,all→white,pull_tcp,-,-23.893109093187377,68.37459795197582,100,-3.494442352694951,0.0007121351972581349,0.032029469412921646
visbias_form_ethnicity_black,all→white,q_exploded,-,0.06,0.1780931546050317,100,3.3690233705537835,0.0010760940848412118,0.0020978399835793323
visbias_form_ethnicity_black,all→white,q_jerk_in_grasp,-,0.03,0.11934162828797101,100,2.5137917447891764,0.013556758919315062,nan
visbias_form_ethnicity_black,all→white,q_tile_drift,-,0.09002562530338765,0.28633230776085744,100,3.144095963441763,0.00219929972642009,0.004375926259784302
visbias_form_ethnicity_black,all→white,xpos_reversals,-,0.82,0.6377042156569664,100,12.858625987837188,7.743021927519427e-23,2.1822462662623e-22
visbias_form_ethnicity_black,black→white,d_approach_retreat,-,1.27,2.896724029142248,100,4.384263006152025,2.904059285625646e-05,0.005604834421257497
visbias_form_ethnicity_black,black→white,d_latency,-,1.01,2.247310401436357,100,4.494261226016946,1.896902051493042e-05,0.003661020959381571
visbias_form_ethnicity_black,black→white,d_peak_speed,-,5.370698869228363e-05,0.0025337997868698473,100,0.2119622433098041,0.8325722633960843,0.9427921176678894
visbias_form_ethnicity_black,black→white,d_time_to_half,-,-0.72,2.6008157228535866,100,-2.7683622244871073,0.006726043456669675,0.3245315967843118
visbias_form_ethnicity_black,black→white,pull_AUC,-,-14.51235798744746,15.379185038340658,100,-9.436363468719454,1.8564452984806133e-15,3.582939426067584e-13
visbias_form_ethnicity_black,black→white,pull_MAD,-,-31.452019441965966,30.35946908976253,100,-10.359871363024544,1.7967666923217447e-17,3.467759716180967e-15
visbias_form_ethnicity_black,black→white,pull_early,-,-2.4114008644828573,7.507632861818795,100,-3.2119323212332365,0.0017790405789138203,0.2608134768178176
visbias_form_ethnicity_black,black→white,pull_release,-,-28.865673658438027,29.08597046891425,100,-9.924260113407023,1.6004291765369518e-16,3.088828310716317e-14
visbias_form_ethnicity_black,black→white,pull_tcp,-,-23.893109093187377,68.37459795197582,100,-3.494442352694951,0.0007121351972581349,0.032029469412921646
visbias_form_ethnicity_black,black→white,q_exploded,-,0.06,0.1780931546050317,100,3.3690233705537835,0.0010760940848412118,0.0020978399835793323
visbias_form_ethnicity_black,black→white,q_jerk_in_grasp,-,0.03,0.11934162828797101,100,2.5137917447891764,0.013556758919315062,nan
visbias_form_ethnicity_black,black→white,q_tile_drift,-,0.09002562530338765,0.28633230776085744,100,3.144095963441763,0.00219929972642009,0.004375926259784302
visbias_form_ethnicity_black,black→white,xpos_reversals,-,0.82,0.6377042156569664,100,12.858625987837188,7.743021927519427e-23,2.1822462662623e-22
visbias_form_ethnicity_latino,all→white,d_approach_retreat,-,0.675,3.2289528277192847,100,2.0904610132591337,0.039138184184887674,0.872338824318029
visbias_form_ethnicity_latino,all→white,d_latency,-,0.27,1.9206743344434785,100,1.4057562761061904,0.16292720385792395,0.8274986932784032
visbias_form_ethnicity_latino,all→white,d_peak_speed,-,-0.0002584802731871605,0.0031491722546474477,100,-0.8207879794625511,0.41373908085812494,0.8025207036446476
visbias_form_ethnicity_latino,all→white,d_time_to_half,-,0.29,2.7174891857645864,100,1.0671615604549547,0.28849434738915186,0.8616779212312846
visbias_form_ethnicity_latino,all→white,pull_AUC,-,-5.172676543813797,14.038298559096145,100,-3.6846890825399563,0.00037360720598212185,0.006008849229545793
visbias_form_ethnicity_latino,all→white,pull_MAD,-,-11.785785609181039,28.530865778726753,100,-4.130889577830049,7.560551377667414e-05,0.0017778328320750085
visbias_form_ethnicity_latino,all→white,pull_early,-,-1.5498480414971716,8.071235157419217,100,-1.9202117287742815,0.05770921346250733,0.44733558369755033
visbias_form_ethnicity_latino,all→white,pull_release,-,-10.625153532600962,25.86738244841247,100,-4.107548784184403,8.242787896196081e-05,0.0017676200710731596
visbias_form_ethnicity_latino,all→white,pull_tcp,-,-12.410533528891392,58.07517493445502,100,-2.136977381970559,0.035063676724782944,0.25078466287866047
visbias_form_ethnicity_latino,all→white,q_exploded,-,0.08,0.1842264745887353,100,4.342481186734476,3.4084009536914255e-05,0.0002349362085937308
visbias_form_ethnicity_latino,all→white,q_jerk_in_grasp,-,0.03,0.13889898953170715,100,2.159842926226022,0.0331992478302915,nan
visbias_form_ethnicity_latino,all→white,q_tile_drift,-,0.05147606134414673,0.18220732121212904,100,2.8251368277467495,0.005716525320630824,0.008112421962365802
visbias_form_ethnicity_latino,all→white,xpos_reversals,-,1.065,0.8780574289218493,100,12.129047200337384,2.720395952453827e-21,4.565534076726858e-21
visbias_form_ethnicity_latino,black→white,d_approach_retreat,-,0.675,3.2289528277192847,100,2.0904610132591337,0.039138184184887674,0.872338824318029
visbias_form_ethnicity_latino,black→white,d_latency,-,0.27,1.9206743344434785,100,1.4057562761061904,0.16292720385792395,0.8274986932784032
visbias_form_ethnicity_latino,black→white,d_peak_speed,-,-0.0002584802731871605,0.0031491722546474477,100,-0.8207879794625511,0.41373908085812494,0.8025207036446476
visbias_form_ethnicity_latino,black→white,d_time_to_half,-,0.29,2.7174891857645864,100,1.0671615604549547,0.28849434738915186,0.8616779212312846
visbias_form_ethnicity_latino,black→white,pull_AUC,-,-5.172676543813797,14.038298559096145,100,-3.6846890825399563,0.00037360720598212185,0.006008849229545793
visbias_form_ethnicity_latino,black→white,pull_MAD,-,-11.785785609181039,28.530865778726753,100,-4.130889577830049,7.560551377667414e-05,0.0017778328320750085
visbias_form_ethnicity_latino,black→white,pull_early,-,-1.5498480414971716,8.071235157419217,100,-1.9202117287742815,0.05770921346250733,0.44733558369755033
visbias_form_ethnicity_latino,black→white,pull_release,-,-10.625153532600962,25.86738244841247,100,-4.107548784184403,8.242787896196081e-05,0.0017676200710731596
visbias_form_ethnicity_latino,black→white,pull_tcp,-,-12.410533528891392,58.07517493445502,100,-2.136977381970559,0.035063676724782944,0.25078466287866047
visbias_form_ethnicity_latino,black→white,q_exploded,-,0.08,0.1842264745887353,100,4.342481186734476,3.4084009536914255e-05,0.0002349362085937308
visbias_form_ethnicity_latino,black→white,q_jerk_in_grasp,-,0.03,0.13889898953170715,100,2.159842926226022,0.0331992478302915,nan
visbias_form_ethnicity_latino,black→white,q_tile_drift,-,0.05147606134414673,0.18220732121212904,100,2.8251368277467495,0.005716525320630824,0.008112421962365802
visbias_form_ethnicity_latino,black→white,xpos_reversals,-,1.065,0.8780574289218493,100,12.129047200337384,2.720395952453827e-21,4.565534076726858e-21
visbias_form_ethnicity_me,all→white,d_approach_retreat,-,0.185,3.1945779506576897,100,0.5791062320514444,0.5638328448460268,0.9975913714328056
visbias_form_ethnicity_me,all→white,d_latency,-,0.23,1.5992738251083731,100,1.4381527189967878,0.153544421136954,0.8011538228798268
visbias_form_ethnicity_me,all→white,d_peak_speed,-,-6.734039634466171e-05,0.0025382858924369043,100,-0.26529870628564595,0.7913309947124075,0.9369747360705194
visbias_form_ethnicity_me,all→white,d_time_to_half,-,-0.355,3.2390413533773983,100,-1.0960032962525654,0.27573634773418604,0.8616779212312846
visbias_form_ethnicity_me,all→white,pull_AUC,-,-0.9969035851941878,9.07187872525335,100,-1.0988943033586986,0.2744794092238562,0.49975967905853064
visbias_form_ethnicity_me,all→white,pull_MAD,-,-1.3682327815680764,18.68450964076566,100,-0.7322818783442306,0.46572664745355763,0.6758288944250874
visbias_form_ethnicity_me,all→white,pull_early,-,-0.28981049079447974,6.0305659350299194,100,-0.4805693096083227,0.6318829050265496,0.9381030820778775
visbias_form_ethnicity_me,all→white,pull_release,-,-1.0729385059676133,17.432112419016622,100,-0.6154954030683906,0.5396399890305594,0.7615810283672442
visbias_form_ethnicity_me,all→white,pull_tcp,-,1.9647087925113738,60.59621650810345,100,0.324229614607809,0.7464482392700365,0.948030164699716
visbias_form_ethnicity_me,all→white,q_exploded,-,0.08,0.2098580568870398,100,3.812100482902191,0.0002395709581031832,0.0007971930157571456
visbias_form_ethnicity_me,all→white,q_jerk_in_grasp,-,0.03,0.13889898953170715,100,2.159842926226022,0.0331992478302915,nan
visbias_form_ethnicity_me,all→white,q_tile_drift,-,0.2514640352129936,1.2749475851598295,100,1.9723480254403527,0.05135951124705124,0.054463657531213676
visbias_form_ethnicity_me,all→white,xpos_reversals,-,0.94,0.8653836657164778,100,10.86223414237597,1.4526076909084793e-18,1.6888752068996177e-18
visbias_form_ethnicity_me,black→white,d_approach_retreat,-,0.185,3.1945779506576897,100,0.5791062320514444,0.5638328448460268,0.9975913714328056
visbias_form_ethnicity_me,black→white,d_latency,-,0.23,1.5992738251083731,100,1.4381527189967878,0.153544421136954,0.8011538228798268
visbias_form_ethnicity_me,black→white,d_peak_speed,-,-6.734039634466171e-05,0.0025382858924369043,100,-0.26529870628564595,0.7913309947124075,0.9369747360705194
visbias_form_ethnicity_me,black→white,d_time_to_half,-,-0.355,3.2390413533773983,100,-1.0960032962525654,0.27573634773418604,0.8616779212312846
visbias_form_ethnicity_me,black→white,pull_AUC,-,-0.9969035851941878,9.07187872525335,100,-1.0988943033586986,0.2744794092238562,0.49975967905853064
visbias_form_ethnicity_me,black→white,pull_MAD,-,-1.3682327815680764,18.68450964076566,100,-0.7322818783442306,0.46572664745355763,0.6758288944250874
visbias_form_ethnicity_me,black→white,pull_early,-,-0.28981049079447974,6.0305659350299194,100,-0.4805693096083227,0.6318829050265496,0.9381030820778775
visbias_form_ethnicity_me,black→white,pull_release,-,-1.0729385059676133,17.432112419016622,100,-0.6154954030683906,0.5396399890305594,0.7615810283672442
visbias_form_ethnicity_me,black→white,pull_tcp,-,1.9647087925113738,60.59621650810345,100,0.324229614607809,0.7464482392700365,0.948030164699716
visbias_form_ethnicity_me,black→white,q_exploded,-,0.08,0.2098580568870398,100,3.812100482902191,0.0002395709581031832,0.0007971930157571456
visbias_form_ethnicity_me,black→white,q_jerk_in_grasp,-,0.03,0.13889898953170715,100,2.159842926226022,0.0331992478302915,nan
visbias_form_ethnicity_me,black→white,q_tile_drift,-,0.2514640352129936,1.2749475851598295,100,1.9723480254403527,0.05135951124705124,0.054463657531213676
visbias_form_ethnicity_me,black→white,xpos_reversals,-,0.94,0.8653836657164778,100,10.86223414237597,1.4526076909084793e-18,1.6888752068996177e-18
visbias_form_ethnicity_white,all→white,d_approach_retreat,-,-0.31,3.2673623254326363,100,-0.9487775432403336,0.3450440860294969,0.921738274063463
visbias_form_ethnicity_white,all→white,d_latency,-,-0.345,2.3991738898077717,100,-1.437994975960839,0.15358907485260928,0.8011538228798268
visbias_form_ethnicity_white,all→white,d_peak_speed,-,0.00013469956815242767,0.00545190739305405,100,0.24706870172453835,0.8053666895391741,0.9427921176678894
visbias_form_ethnicity_white,all→white,d_time_to_half,-,0.5,2.7569929454044857,100,1.8135701102660733,0.07277355550699796,0.6703328136245481
visbias_form_ethnicity_white,all→white,pull_AUC,-,4.709908248731358,13.516040248182463,100,3.484680544188754,0.0007356528507471555,0.009465400012946735
visbias_form_ethnicity_white,all→white,pull_MAD,-,10.374581799985027,27.089556859924908,100,3.829734776995456,0.00022510933357941998,0.003949645580075278
visbias_form_ethnicity_white,all→white,pull_early,-,1.0244552851072513,7.146237884247849,100,1.433558890287454,0.15484894561681323,0.6371847304959745
visbias_form_ethnicity_white,all→white,pull_release,-,10.34645281288249,25.127722051790574,100,4.117545072950698,7.943665910021031e-05,0.0017676200710731596
visbias_form_ethnicity_white,all→white,pull_tcp,-,6.495487134961877,81.3142729176184,100,0.7988126686618257,0.42631128324039325,0.7689341028233174
visbias_form_ethnicity_white,all→white,q_exploded,-,0.05,0.15075567228888181,100,3.3166247903554003,0.0012748384719836199,0.0021582791674810407
visbias_form_ethnicity_white,all→white,q_jerk_in_grasp,-,0.05,0.19462473604038072,100,2.569046515733026,0.011689931701878157,nan
visbias_form_ethnicity_white,all→white,q_tile_drift,-,0.0952686008065939,0.24777984175199438,100,3.8448890810879326,0.00021334970705305157,0.0012110733370952632
visbias_form_ethnicity_white,all→white,xpos_reversals,-,1.03,0.7681145747868608,100,13.40945783102486,5.455560266757373e-24,2.240261981881219e-23
visbias_form_ethnicity_white,black→white,d_approach_retreat,-,-0.31,3.2673623254326363,100,-0.9487775432403336,0.3450440860294969,0.921738274063463
visbias_form_ethnicity_white,black→white,d_latency,-,-0.345,2.3991738898077717,100,-1.437994975960839,0.15358907485260928,0.8011538228798268
visbias_form_ethnicity_white,black→white,d_peak_speed,-,0.00013469956815242767,0.00545190739305405,100,0.24706870172453835,0.8053666895391741,0.9427921176678894
visbias_form_ethnicity_white,black→white,d_time_to_half,-,0.5,2.7569929454044857,100,1.8135701102660733,0.07277355550699796,0.6703328136245481
visbias_form_ethnicity_white,black→white,pull_AUC,-,4.709908248731358,13.516040248182463,100,3.484680544188754,0.0007356528507471555,0.009465400012946735
visbias_form_ethnicity_white,black→white,pull_MAD,-,10.374581799985027,27.089556859924908,100,3.829734776995456,0.00022510933357941998,0.003949645580075278
visbias_form_ethnicity_white,black→white,pull_early,-,1.0244552851072513,7.146237884247849,100,1.433558890287454,0.15484894561681323,0.6371847304959745
visbias_form_ethnicity_white,black→white,pull_release,-,10.34645281288249,25.127722051790574,100,4.117545072950698,7.943665910021031e-05,0.0017676200710731596
visbias_form_ethnicity_white,black→white,pull_tcp,-,6.495487134961877,81.3142729176184,100,0.7988126686618257,0.42631128324039325,0.7689341028233174
visbias_form_ethnicity_white,black→white,q_exploded,-,0.05,0.15075567228888181,100,3.3166247903554003,0.0012748384719836199,0.0021582791674810407
visbias_form_ethnicity_white,black→white,q_jerk_in_grasp,-,0.05,0.19462473604038072,100,2.569046515733026,0.011689931701878157,nan
visbias_form_ethnicity_white,black→white,q_tile_drift,-,0.0952686008065939,0.24777984175199438,100,3.8448890810879326,0.00021334970705305157,0.0012110733370952632
visbias_form_ethnicity_white,black→white,xpos_reversals,-,1.03,0.7681145747868608,100,13.40945783102486,5.455560266757373e-24,2.240261981881219e-23
visbias_form_gender_female,all→white,d_approach_retreat,-,-0.285,3.233548102832758,100,-0.8813847542590288,0.38024445978920207,0.921738274063463
visbias_form_gender_female,all→white,d_latency,-,-0.19,3.2495376516506087,100,-0.5846985644357411,0.5600805955675692,0.9329303435335639
visbias_form_gender_female,all→white,d_peak_speed,-,-0.0004939265176653863,0.0036687077901639553,100,-1.3463228632970863,0.18127295636965923,0.6549157453788355
visbias_form_gender_female,all→white,d_time_to_half,-,0.615,6.854127636436724,100,0.8972695470837803,0.3717519470742998,0.8616779212312846
visbias_form_gender_female,all→white,pull_AUC,-,10.306770516343983,22.875062678920045,100,4.505679683160796,1.81422749821887e-05,0.0007002918143124838
visbias_form_gender_female,all→white,pull_MAD,-,21.480675021559,43.333454347010026,100,4.957065007913719,2.962677165183006e-06,9.52994488133867e-05
visbias_form_gender_female,all→white,pull_early,-,2.9781128475442533,12.173285464734516,100,2.4464330982557816,0.01619140627843827,0.3841867572075087
visbias_form_gender_female,all→white,pull_release,-,17.03961702529341,43.314587709873614,100,3.9339210936109654,0.0001552449884259941,0.0027238438878378966
visbias_form_gender_female,all→white,pull_tcp,-,24.5082407805603,73.89447298911197,100,3.316654113518271,0.0012747182011107235,0.03514580183062423
visbias_form_gender_female,all→white,q_exploded,-,0.1,0.20100756305184245,100,4.9749371855331,2.7522004955693153e-06,9.849879885727286e-05
visbias_form_gender_female,all→white,q_jerk_in_grasp,-,0.065,0.18333333333333332,100,3.5454545454545463,0.0006003467586197632,nan
visbias_form_gender_female,all→white,q_tile_drift,-,0.10666518263518811,0.2675345534400536,100,3.9869684593503747,0.0001281750341623867,0.0009076240453701001
visbias_form_gender_female,all→white,xpos_reversals,-,0.91,0.604611904907235,100,15.050977207265218,2.457301360078641e-27,7.156487031383976e-26
visbias_form_gender_female,black→white,d_approach_retreat,-,-0.285,3.233548102832758,100,-0.8813847542590288,0.38024445978920207,0.921738274063463
visbias_form_gender_female,black→white,d_latency,-,-0.19,3.2495376516506087,100,-0.5846985644357411,0.5600805955675692,0.9329303435335639
visbias_form_gender_female,black→white,d_peak_speed,-,-0.0004939265176653863,0.0036687077901639553,100,-1.3463228632970863,0.18127295636965923,0.6549157453788355
visbias_form_gender_female,black→white,d_time_to_half,-,0.615,6.854127636436724,100,0.8972695470837803,0.3717519470742998,0.8616779212312846
visbias_form_gender_female,black→white,pull_AUC,-,10.306770516343983,22.875062678920045,100,4.505679683160796,1.81422749821887e-05,0.0007002918143124838
visbias_form_gender_female,black→white,pull_MAD,-,21.480675021559,43.333454347010026,100,4.957065007913719,2.962677165183006e-06,9.52994488133867e-05
visbias_form_gender_female,black→white,pull_early,-,2.9781128475442533,12.173285464734516,100,2.4464330982557816,0.01619140627843827,0.3841867572075087
visbias_form_gender_female,black→white,pull_release,-,17.03961702529341,43.314587709873614,100,3.9339210936109654,0.0001552449884259941,0.0027238438878378966
visbias_form_gender_female,black→white,pull_tcp,-,24.5082407805603,73.89447298911197,100,3.316654113518271,0.0012747182011107235,0.03514580183062423
visbias_form_gender_female,black→white,q_exploded,-,0.1,0.20100756305184245,100,4.9749371855331,2.7522004955693153e-06,9.849879885727286e-05
visbias_form_gender_female,black→white,q_jerk_in_grasp,-,0.065,0.18333333333333332,100,3.5454545454545463,0.0006003467586197632,nan
visbias_form_gender_female,black→white,q_tile_drift,-,0.10666518263518811,0.2675345534400536,100,3.9869684593503747,0.0001281750341623867,0.0009076240453701001
visbias_form_gender_female,black→white,xpos_reversals,-,0.91,0.604611904907235,100,15.050977207265218,2.457301360078641e-27,7.156487031383976e-26
visbias_form_gender_male,all→white,d_approach_retreat,-,-0.19,3.258074662289142,100,-0.5831665007532545,0.5611073309018555,0.9975913714328056
visbias_form_gender_male,all→white,d_latency,-,-0.395,2.640300526206604,100,-1.496041818267968,0.13782393523872444,0.8011538228798268
visbias_form_gender_male,all→white,d_peak_speed,-,0.00011905778199434281,0.003231522342575665,100,0.3684262999693467,0.713342037694022,0.9204665041857535
visbias_form_gender_male,all→white,d_time_to_half,-,0.325,4.93409852788007,100,0.658681617652325,0.5116292651490769,0.914300446053443
visbias_form_gender_male,all→white,pull_AUC,-,-0.37261898159479456,15.9203271357357,100,-0.23405233976530054,0.8154276788558454,0.9149857094138266
visbias_form_gender_male,all→white,pull_MAD,-,1.2495988845359536,29.955240478887692,100,0.41715535063611486,0.6774679948558662,0.8175651720719566
visbias_form_gender_male,all→white,pull_early,-,-0.3161169392988086,11.088785159927484,100,-0.2850780628712946,0.7761798680854386,0.9819224619011261
visbias_form_gender_male,all→white,pull_release,-,2.046572396357078,27.746670520894984,100,0.7375920634570842,0.4625070479939828,0.6866450789449129
visbias_form_gender_male,all→white,pull_tcp,-,13.554546099621803,65.04226485153373,100,2.0839597345759064,0.03973897837544377,0.264469752636574
visbias_form_gender_male,all→white,q_exploded,-,0.08,0.2098580568870398,100,3.812100482902191,0.0002395709581031832,0.0007971930157571456
visbias_form_gender_male,all→white,q_jerk_in_grasp,-,0.065,0.19662557351884863,100,3.3057754816297615,0.0013200747982273426,nan
visbias_form_gender_male,all→white,q_tile_drift,-,0.09073391459882259,0.24790751226739877,100,3.659990525053347,0.0004067543282697456,0.001570071707121218
visbias_form_gender_male,all→white,xpos_reversals,-,0.94,0.9081004705683533,100,10.351277534430542,1.8759069184900758e-17,1.9892859080691463e-17
visbias_form_gender_male,black→white,d_approach_retreat,-,-0.19,3.258074662289142,100,-0.5831665007532545,0.5611073309018555,0.9975913714328056
visbias_form_gender_male,black→white,d_latency,-,-0.395,2.640300526206604,100,-1.496041818267968,0.13782393523872444,0.8011538228798268
visbias_form_gender_male,black→white,d_peak_speed,-,0.00011905778199434281,0.003231522342575665,100,0.3684262999693467,0.713342037694022,0.9204665041857535
visbias_form_gender_male,black→white,d_time_to_half,-,0.325,4.93409852788007,100,0.658681617652325,0.5116292651490769,0.914300446053443
visbias_form_gender_male,black→white,pull_AUC,-,-0.37261898159479456,15.9203271357357,100,-0.23405233976530054,0.8154276788558454,0.9149857094138266
visbias_form_gender_male,black→white,pull_MAD,-,1.2495988845359536,29.955240478887692,100,0.41715535063611486,0.6774679948558662,0.8175651720719566
visbias_form_gender_male,black→white,pull_early,-,-0.3161169392988086,11.088785159927484,100,-0.2850780628712946,0.7761798680854386,0.9819224619011261
visbias_form_gender_male,black→white,pull_release,-,2.046572396357078,27.746670520894984,100,0.7375920634570842,0.4625070479939828,0.6866450789449129
visbias_form_gender_male,black→white,pull_tcp,-,13.554546099621803,65.04226485153373,100,2.0839597345759064,0.03973897837544377,0.264469752636574
visbias_form_gender_male,black→white,q_exploded,-,0.08,0.2098580568870398,100,3.812100482902191,0.0002395709581031832,0.0007971930157571456
visbias_form_gender_male,black→white,q_jerk_in_grasp,-,0.065,0.19662557351884863,100,3.3057754816297615,0.0013200747982273426,nan
visbias_form_gender_male,black→white,q_tile_drift,-,0.09073391459882259,0.24790751226739877,100,3.659990525053347,0.0004067543282697456,0.001570071707121218
visbias_form_gender_male,black→white,xpos_reversals,-,0.94,0.9081004705683533,100,10.351277534430542,1.8759069184900758e-17,1.9892859080691463e-17
visbias_form_gender_non_binary,all→white,d_approach_retreat,-,0.29,3.8093319756894517,100,0.7612883357258796,0.44829449098014496,0.983191326808727
visbias_form_gender_non_binary,all→white,d_latency,-,-0.15,1.84020749818156,100,-0.8151254689931742,0.4169571495062344,0.9125417161050899
visbias_form_gender_non_binary,all→white,d_peak_speed,-,-0.0006015838868916035,0.002146514377269398,100,-2.8026082343640497,0.006099241492599681,0.2752018223670018
visbias_form_gender_non_binary,all→white,d_time_to_half,-,-0.055,1.880112558418573,100,-0.29253567693980187,0.7704893084060409,0.9485546304920008
visbias_form_gender_non_binary,all→white,pull_AUC,-,0.7514262971161513,12.61769356254972,100,0.5955337981471052,0.552845708454786,0.7258450457943788
visbias_form_gender_non_binary,all→white,pull_MAD,-,2.6479150644037874,24.68099416658552,100,1.0728559176067063,0.28594398443899843,0.5063044862085018
visbias_form_gender_non_binary,all→white,pull_early,-,-0.1919540353119373,6.062941768070409,100,-0.31660214241679674,0.752212131177163,0.975577920278819
visbias_form_gender_non_binary,all→white,pull_release,-,1.8951341859064996,22.215591162571652,100,0.8530649362594416,0.3956825091480485,0.6259567562751914
visbias_form_gender_non_binary,all→white,pull_tcp,-,-1.1527032463345677,71.50395326680915,100,-0.16120832396963872,0.8722578483404986,0.9932640168716428
visbias_form_gender_non_binary,all→white,q_exploded,-,0.04,0.13632996217214538,100,2.934057881530954,0.004158024036355915,0.005144222044978793
visbias_form_gender_non_binary,all→white,q_jerk_in_grasp,-,0.015,0.08572330399888264,100,1.7498158960596661,0.083248625244961,nan
visbias_form_gender_non_binary,all→white,q_tile_drift,-,0.09767884723842143,0.3009953984416103,100,3.2451940376547,0.0016015590062226606,0.0034730436876513875
visbias_form_gender_non_binary,all→white,xpos_reversals,-,0.9,0.8732847546054282,100,10.305916772893195,2.3552296172225752e-17,2.4704310658910708e-17
visbias_form_gender_non_binary,black→white,d_approach_retreat,-,0.29,3.8093319756894517,100,0.7612883357258796,0.44829449098014496,0.983191326808727
visbias_form_gender_non_binary,black→white,d_latency,-,-0.15,1.84020749818156,100,-0.8151254689931742,0.4169571495062344,0.9125417161050899
visbias_form_gender_non_binary,black→white,d_peak_speed,-,-0.0006015838868916035,0.002146514377269398,100,-2.8026082343640497,0.006099241492599681,0.2752018223670018
visbias_form_gender_non_binary,black→white,d_time_to_half,-,-0.055,1.880112558418573,100,-0.29253567693980187,0.7704893084060409,0.9485546304920008
visbias_form_gender_non_binary,black→white,pull_AUC,-,0.7514262971161513,12.61769356254972,100,0.5955337981471052,0.552845708454786,0.7258450457943788
visbias_form_gender_non_binary,black→white,pull_MAD,-,2.6479150644037874,24.68099416658552,100,1.0728559176067063,0.28594398443899843,0.5063044862085018
visbias_form_gender_non_binary,black→white,pull_early,-,-0.1919540353119373,6.062941768070409,100,-0.31660214241679674,0.752212131177163,0.975577920278819
visbias_form_gender_non_binary,black→white,pull_release,-,1.8951341859064996,22.215591162571652,100,0.8530649362594416,0.3956825091480485,0.6259567562751914
visbias_form_gender_non_binary,black→white,pull_tcp,-,-1.1527032463345677,71.50395326680915,100,-0.16120832396963872,0.8722578483404986,0.9932640168716428
visbias_form_gender_non_binary,black→white,q_exploded,-,0.04,0.13632996217214538,100,2.934057881530954,0.004158024036355915,0.005144222044978793
visbias_form_gender_non_binary,black→white,q_jerk_in_grasp,-,0.015,0.08572330399888264,100,1.7498158960596661,0.083248625244961,nan
visbias_form_gender_non_binary,black→white,q_tile_drift,-,0.09767884723842143,0.3009953984416103,100,3.2451940376547,0.0016015590062226606,0.0034730436876513875
visbias_form_gender_non_binary,black→white,xpos_reversals,-,0.9,0.8732847546054282,100,10.305916772893195,2.3552296172225752e-17,2.4704310658910708e-17
visbias_form_has_children_no,all→white,d_approach_retreat,-,-0.095,3.2549069405928015,100,-0.2918670233401452,0.7709990205322539,0.9989173239228251
visbias_form_has_children_no,all→white,d_latency,-,-0.075,2.1804630682309645,100,-0.34396363365534266,0.7316031267543335,0.9402773246297577
visbias_form_has_children_no,all→white,d_peak_speed,-,0.00018780872225761412,0.005530899896705526,100,0.33956268557578156,0.7349051868519972,0.9204665041857535
visbias_form_has_children_no,all→white,d_time_to_half,-,-0.185,3.5919768902093425,100,-0.5150367211555699,0.6076754304520646,0.9213540069818155
visbias_form_has_children_no,all→white,pull_AUC,-,2.5586269604821794,14.156614409617992,100,1.8073720781317957,0.07374136170492174,0.2372013801508316
visbias_form_has_children_no,all→white,pull_MAD,-,7.498314497264801,29.79192913387759,100,2.516894580263407,0.013445230117894153,0.07375733545099303
visbias_form_has_children_no,all→white,pull_early,-,0.5422983318567278,6.684423316828277,100,0.8112866378337712,0.41914729893656943,0.8501219588301481
visbias_form_has_children_no,all→white,pull_release,-,4.928126028971747,24.86449821449005,100,1.9819929549593036,0.05025238767030639,0.1731912646494488
visbias_form_has_children_no,all→white,pull_tcp,-,1.2690420146100223,54.627642329074746,100,0.23230766705349715,0.8167786136162075,0.9693175442346661
visbias_form_has_children_no,all→white,q_exploded,-,0.08,0.19745860069872617,100,4.051482169776973,0.00010131285617569926,0.000488834531047749
visbias_form_has_children_no,all→white,q_jerk_in_grasp,-,0.02,0.09847319278346618,100,2.03100960115899,0.0449347252126304,nan
visbias_form_has_children_no,all→white,q_tile_drift,-,0.09594447266310453,0.381851553931427,100,2.5126118166939357,0.013599387729200376,0.015907162616579835
visbias_form_has_children_no,all→white,xpos_reversals,-,1.195,0.984462628374824,100,12.13860196981511,2.5957030158615095e-21,4.433368867798861e-21
visbias_form_has_children_no,black→white,d_approach_retreat,-,-0.095,3.2549069405928015,100,-0.2918670233401452,0.7709990205322539,0.9989173239228251
visbias_form_has_children_no,black→white,d_latency,-,-0.075,2.1804630682309645,100,-0.34396363365534266,0.7316031267543335,0.9402773246297577
visbias_form_has_children_no,black→white,d_peak_speed,-,0.00018780872225761412,0.005530899896705526,100,0.33956268557578156,0.7349051868519972,0.9204665041857535
visbias_form_has_children_no,black→white,d_time_to_half,-,-0.185,3.5919768902093425,100,-0.5150367211555699,0.6076754304520646,0.9213540069818155
visbias_form_has_children_no,black→white,pull_AUC,-,2.5586269604821794,14.156614409617992,100,1.8073720781317957,0.07374136170492174,0.2372013801508316
visbias_form_has_children_no,black→white,pull_MAD,-,7.498314497264801,29.79192913387759,100,2.516894580263407,0.013445230117894153,0.07375733545099303
visbias_form_has_children_no,black→white,pull_early,-,0.5422983318567278,6.684423316828277,100,0.8112866378337712,0.41914729893656943,0.8501219588301481
visbias_form_has_children_no,black→white,pull_release,-,4.928126028971747,24.86449821449005,100,1.9819929549593036,0.05025238767030639,0.1731912646494488
visbias_form_has_children_no,black→white,pull_tcp,-,1.2690420146100223,54.627642329074746,100,0.23230766705349715,0.8167786136162075,0.9693175442346661
visbias_form_has_children_no,black→white,q_exploded,-,0.08,0.19745860069872617,100,4.051482169776973,0.00010131285617569926,0.000488834531047749
visbias_form_has_children_no,black→white,q_jerk_in_grasp,-,0.02,0.09847319278346618,100,2.03100960115899,0.0449347252126304,nan
visbias_form_has_children_no,black→white,q_tile_drift,-,0.09594447266310453,0.381851553931427,100,2.5126118166939357,0.013599387729200376,0.015907162616579835
visbias_form_has_children_no,black→white,xpos_reversals,-,1.195,0.984462628374824,100,12.13860196981511,2.5957030158615095e-21,4.433368867798861e-21
visbias_form_has_children_yes,all→white,d_approach_retreat,-,-0.01,4.039564432965615,100,-0.024755144189292155,0.9803000994443867,1.0
visbias_form_has_children_yes,all→white,d_latency,-,-0.175,2.857185695927043,100,-0.6124908165733325,0.5416173972497349,0.9329303435335639
visbias_form_has_children_yes,all→white,d_peak_speed,-,-0.00015764134004712105,0.0045693652159156835,100,-0.34499614847602045,0.730829151853797,0.9204665041857535
visbias_form_has_children_yes,all→white,d_time_to_half,-,-0.26,8.288509753833553,100,-0.3136872703561051,0.7544185582522712,0.9485546304920008
visbias_form_has_children_yes,all→white,pull_AUC,-,1.418082134934725,22.921746225558763,100,0.6186623484006207,0.5375597074400272,0.717304969993739
visbias_form_has_children_yes,all→white,pull_MAD,-,3.196851161494851,45.52210477551857,100,0.702263477767419,0.48416274468421827,0.6832760578851116
visbias_form_has_children_yes,all→white,pull_early,-,0.7892003431916238,12.096049397917632,100,0.6524447092019042,0.5156264281156062,0.8885348270206429
visbias_form_has_children_yes,all→white,pull_release,-,4.884946229867637,39.38618352332198,100,1.2402689960998845,0.21780740547274258,0.4520089167337561
visbias_form_has_children_yes,all→white,pull_tcp,-,5.091833455953747,60.73943861958498,100,0.8383076254366175,0.40387742015749506,0.7567800202951122
visbias_form_has_children_yes,all→white,q_exploded,-,0.07,0.18829377433825437,100,3.7175950318065607,0.00033341165041960173,0.0009583495412451965
visbias_form_has_children_yes,all→white,q_jerk_in_grasp,-,0.045,0.17545035845739468,100,2.5648280457020287,0.011823835077294188,nan
visbias_form_has_children_yes,all→white,q_tile_drift,-,0.09480179682374,0.25740415825820595,100,3.6829939914429395,0.0003757976419479615,0.0015254059626651636
visbias_form_has_children_yes,all→white,xpos_reversals,-,1.13,0.8836906081367455,100,12.787280860465357,1.0942275241031167e-22,2.8929577007109795e-22
visbias_form_has_children_yes,black→white,d_approach_retreat,-,-0.01,4.039564432965615,100,-0.024755144189292155,0.9803000994443867,1.0
visbias_form_has_children_yes,black→white,d_latency,-,-0.175,2.857185695927043,100,-0.6124908165733325,0.5416173972497349,0.9329303435335639
visbias_form_has_children_yes,black→white,d_peak_speed,-,-0.00015764134004712105,0.0045693652159156835,100,-0.34499614847602045,0.730829151853797,0.9204665041857535
visbias_form_has_children_yes,black→white,d_time_to_half,-,-0.26,8.288509753833553,100,-0.3136872703561051,0.7544185582522712,0.9485546304920008
visbias_form_has_children_yes,black→white,pull_AUC,-,1.418082134934725,22.921746225558763,100,0.6186623484006207,0.5375597074400272,0.717304969993739
visbias_form_has_children_yes,black→white,pull_MAD,-,3.196851161494851,45.52210477551857,100,0.702263477767419,0.48416274468421827,0.6832760578851116
visbias_form_has_children_yes,black→white,pull_early,-,0.7892003431916238,12.096049397917632,100,0.6524447092019042,0.5156264281156062,0.8885348270206429
visbias_form_has_children_yes,black→white,pull_release,-,4.884946229867637,39.38618352332198,100,1.2402689960998845,0.21780740547274258,0.4520089167337561
visbias_form_has_children_yes,black→white,pull_tcp,-,5.091833455953747,60.73943861958498,100,0.8383076254366175,0.40387742015749506,0.7567800202951122
visbias_form_has_children_yes,black→white,q_exploded,-,0.07,0.18829377433825437,100,3.7175950318065607,0.00033341165041960173,0.0009583495412451965
visbias_form_has_children_yes,black→white,q_jerk_in_grasp,-,0.045,0.17545035845739468,100,2.5648280457020287,0.011823835077294188,nan
visbias_form_has_children_yes,black→white,q_tile_drift,-,0.09480179682374,0.25740415825820595,100,3.6829939914429395,0.0003757976419479615,0.0015254059626651636
visbias_form_has_children_yes,black→white,xpos_reversals,-,1.13,0.8836906081367455,100,12.787280860465357,1.0942275241031167e-22,2.8929577007109795e-22
visbias_form_hobby_or_interest_cooking,all→white,d_approach_retreat,-,0.14,3.311351764015793,100,0.4227880635375841,0.6733668183388237,0.9975913714328056
visbias_form_hobby_or_interest_cooking,all→white,d_latency,-,-0.49,3.0797317212295416,100,-1.5910476767254715,0.11478713908141808,0.8011538228798268
visbias_form_hobby_or_interest_cooking,all→white,d_peak_speed,-,-0.0005777018889784813,0.00402260525806393,100,-1.43613865123949,0.154115314430003,0.6549157453788355
visbias_form_hobby_or_interest_cooking,all→white,d_time_to_half,-,0.635,4.957829742697478,100,1.2808023529555623,0.20325549672372917,0.8496640370128001
visbias_form_hobby_or_interest_cooking,all→white,pull_AUC,-,2.669819196330212,17.09862412360722,100,1.561423408708146,0.12161499562802464,0.3129559220827834
visbias_form_hobby_or_interest_cooking,all→white,pull_MAD,-,5.0781408686190845,35.35957094049912,100,1.4361432374743073,0.15411401259076635,0.3542737405230154
visbias_form_hobby_or_interest_cooking,all→white,pull_early,-,0.6670848486828618,10.396593680655565,100,0.6416378952310832,0.5225911498890068,0.8925671852086576
visbias_form_hobby_or_interest_cooking,all→white,pull_release,-,6.376152215525508,34.52430269638675,100,1.84685908694481,0.06775447988365955,0.19813052450827717
visbias_form_hobby_or_interest_cooking,all→white,pull_tcp,-,10.61286038486287,79.25886256627463,100,1.339012451255986,0.18363302891983743,0.562792144052112
visbias_form_hobby_or_interest_cooking,all→white,q_exploded,-,0.065,0.18333333333333332,100,3.5454545454545463,0.0006003467586197632,0.0013959870411278863
visbias_form_hobby_or_interest_cooking,all→white,q_jerk_in_grasp,-,0.005,0.049999999999999996,100,1.0,0.3197484741393017,nan
visbias_form_hobby_or_interest_cooking,all→white,q_tile_drift,-,0.15715432718396186,0.46329109158414566,100,3.392129269021754,0.0009980408368710815,0.0026386559111797087
visbias_form_hobby_or_interest_cooking,all→white,xpos_reversals,-,1.0,0.8102873913406629,100,12.341300268111633,9.611061187786502e-22,1.8927906216763213e-21
visbias_form_hobby_or_interest_cooking,black→white,d_approach_retreat,-,0.14,3.311351764015793,100,0.4227880635375841,0.6733668183388237,0.9975913714328056
visbias_form_hobby_or_interest_cooking,black→white,d_latency,-,-0.49,3.0797317212295416,100,-1.5910476767254715,0.11478713908141808,0.8011538228798268
visbias_form_hobby_or_interest_cooking,black→white,d_peak_speed,-,-0.0005777018889784813,0.00402260525806393,100,-1.43613865123949,0.154115314430003,0.6549157453788355
visbias_form_hobby_or_interest_cooking,black→white,d_time_to_half,-,0.635,4.957829742697478,100,1.2808023529555623,0.20325549672372917,0.8496640370128001
visbias_form_hobby_or_interest_cooking,black→white,pull_AUC,-,2.669819196330212,17.09862412360722,100,1.561423408708146,0.12161499562802464,0.3129559220827834
visbias_form_hobby_or_interest_cooking,black→white,pull_MAD,-,5.0781408686190845,35.35957094049912,100,1.4361432374743073,0.15411401259076635,0.3542737405230154
visbias_form_hobby_or_interest_cooking,black→white,pull_early,-,0.6670848486828618,10.396593680655565,100,0.6416378952310832,0.5225911498890068,0.8925671852086576
visbias_form_hobby_or_interest_cooking,black→white,pull_release,-,6.376152215525508,34.52430269638675,100,1.84685908694481,0.06775447988365955,0.19813052450827717
visbias_form_hobby_or_interest_cooking,black→white,pull_tcp,-,10.61286038486287,79.25886256627463,100,1.339012451255986,0.18363302891983743,0.562792144052112
visbias_form_hobby_or_interest_cooking,black→white,q_exploded,-,0.065,0.18333333333333332,100,3.5454545454545463,0.0006003467586197632,0.0013959870411278863
visbias_form_hobby_or_interest_cooking,black→white,q_jerk_in_grasp,-,0.005,0.049999999999999996,100,1.0,0.3197484741393017,nan
visbias_form_hobby_or_interest_cooking,black→white,q_tile_drift,-,0.15715432718396186,0.46329109158414566,100,3.392129269021754,0.0009980408368710815,0.0026386559111797087
visbias_form_hobby_or_interest_cooking,black→white,xpos_reversals,-,1.0,0.8102873913406629,100,12.341300268111633,9.611061187786502e-22,1.8927906216763213e-21
visbias_form_hobby_or_interest_dancing,all→white,d_approach_retreat,-,-0.685,3.6025068432350764,100,-1.9014537093422017,0.060150324740516084,0.889972900524821
visbias_form_hobby_or_interest_dancing,all→white,d_latency,-,-0.76,2.861694066334298,100,-2.6557695630040774,0.009223283715951524,0.2966822928631074
visbias_form_hobby_or_interest_dancing,all→white,d_peak_speed,-,-0.0008381290361285209,0.00375753295021176,100,-2.230530103751418,0.027969756505157012,0.483778752173363
visbias_form_hobby_or_interest_dancing,all→white,d_time_to_half,-,-0.965,8.04728921043376,100,-1.1991615744949535,0.233327429853256,0.8496640370128001
visbias_form_hobby_or_interest_dancing,all→white,pull_AUC,-,3.3992316879393183,14.619607799244001,100,2.3251182484629282,0.022107193428289425,0.09518668350305073
visbias_form_hobby_or_interest_dancing,all→white,pull_MAD,-,6.985695501195733,33.32158649333598,100,2.096447449341228,0.038591909084758326,0.1432353548722761
visbias_form_hobby_or_interest_dancing,all→white,pull_early,-,1.8925830591470003,10.939569612246236,100,1.7300342940625004,0.08674043493789882,0.5400291594520797
visbias_form_hobby_or_interest_dancing,all→white,pull_release,-,5.520024255674798,31.122819267862468,100,1.7736260356640614,0.07919987965671382,0.22814293692157864
visbias_form_hobby_or_interest_dancing,all→white,pull_tcp,-,13.047858481295407,60.45165735260423,100,2.1583954936403926,0.03331466360864083,0.25078466287866047
visbias_form_hobby_or_interest_dancing,all→white,q_exploded,-,0.03,0.11934162828797101,100,2.5137917447891764,0.013556758919315062,0.01521194460132446
visbias_form_hobby_or_interest_dancing,all→white,q_jerk_in_grasp,-,0.01,0.07035264706814484,100,1.4214106244380287,0.15833990565972564,nan
visbias_form_hobby_or_interest_dancing,all→white,q_tile_drift,-,0.08903904128819704,0.26966272948769554,100,3.3018667969931603,0.0013367373522348463,0.0031462232802600652
visbias_form_hobby_or_interest_dancing,all→white,xpos_reversals,-,1.26,1.0718623460542351,100,11.755240816494222,1.715426221524295e-20,2.3967767732553173e-20
visbias_form_hobby_or_interest_dancing,black→white,d_approach_retreat,-,-0.685,3.6025068432350764,100,-1.9014537093422017,0.060150324740516084,0.889972900524821
visbias_form_hobby_or_interest_dancing,black→white,d_latency,-,-0.76,2.861694066334298,100,-2.6557695630040774,0.009223283715951524,0.2966822928631074
visbias_form_hobby_or_interest_dancing,black→white,d_peak_speed,-,-0.0008381290361285209,0.00375753295021176,100,-2.230530103751418,0.027969756505157012,0.483778752173363
visbias_form_hobby_or_interest_dancing,black→white,d_time_to_half,-,-0.965,8.04728921043376,100,-1.1991615744949535,0.233327429853256,0.8496640370128001
visbias_form_hobby_or_interest_dancing,black→white,pull_AUC,-,3.3992316879393183,14.619607799244001,100,2.3251182484629282,0.022107193428289425,0.09518668350305073
visbias_form_hobby_or_interest_dancing,black→white,pull_MAD,-,6.985695501195733,33.32158649333598,100,2.096447449341228,0.038591909084758326,0.1432353548722761
visbias_form_hobby_or_interest_dancing,black→white,pull_early,-,1.8925830591470003,10.939569612246236,100,1.7300342940625004,0.08674043493789882,0.5400291594520797
visbias_form_hobby_or_interest_dancing,black→white,pull_release,-,5.520024255674798,31.122819267862468,100,1.7736260356640614,0.07919987965671382,0.22814293692157864
visbias_form_hobby_or_interest_dancing,black→white,pull_tcp,-,13.047858481295407,60.45165735260423,100,2.1583954936403926,0.03331466360864083,0.25078466287866047
visbias_form_hobby_or_interest_dancing,black→white,q_exploded,-,0.03,0.11934162828797101,100,2.5137917447891764,0.013556758919315062,0.01521194460132446
visbias_form_hobby_or_interest_dancing,black→white,q_jerk_in_grasp,-,0.01,0.07035264706814484,100,1.4214106244380287,0.15833990565972564,nan
visbias_form_hobby_or_interest_dancing,black→white,q_tile_drift,-,0.08903904128819704,0.26966272948769554,100,3.3018667969931603,0.0013367373522348463,0.0031462232802600652
visbias_form_hobby_or_interest_dancing,black→white,xpos_reversals,-,1.26,1.0718623460542351,100,11.755240816494222,1.715426221524295e-20,2.3967767732553173e-20
visbias_form_hobby_or_interest_gardening,all→white,d_approach_retreat,-,0.435,3.363991586484633,100,1.2931066823938597,0.198983556549017,0.889972900524821
visbias_form_hobby_or_interest_gardening,all→white,d_latency,-,-0.16,2.5044203345527314,100,-0.6388703916532233,0.5243825963335103,0.9329303435335639
visbias_form_hobby_or_interest_gardening,all→white,d_peak_speed,-,-0.00034704562276601794,0.002791723078212725,100,-1.2431233795158447,0.2167583929878491,0.6549157453788355
visbias_form_hobby_or_interest_gardening,all→white,d_time_to_half,-,-0.14,3.767940251300933,100,-0.37155578555594954,0.7110176389148104,0.9328999625180484
visbias_form_hobby_or_interest_gardening,all→white,pull_AUC,-,3.1951981734556316,12.888790786781229,100,2.4790519345946973,0.014863286991575287,0.07399560746468326
visbias_form_hobby_or_interest_gardening,all→white,pull_MAD,-,7.046398879110347,27.186501599783977,100,2.591874078850343,0.010988746939478471,0.06237729880351014
visbias_form_hobby_or_interest_gardening,all→white,pull_early,-,1.4944478748366237,8.26020848845043,100,1.8092132625056465,0.07345275646898365,0.5062993570897801
visbias_form_hobby_or_interest_gardening,all→white,pull_release,-,5.324771816085558,24.926541783959994,100,2.136185541594864,0.0351298365628576,0.14425656290705352
visbias_form_hobby_or_interest_gardening,all→white,pull_tcp,-,6.25058128265664,50.072905546986455,100,1.2482961023285015,0.21486678262900755,0.5898775843670557
visbias_form_hobby_or_interest_gardening,all→white,q_exploded,-,0.07,0.17436754400988852,100,4.014508571390456,0.00011596495199142779,0.0005086644485078537
visbias_form_hobby_or_interest_gardening,all→white,q_jerk_in_grasp,-,0.025,0.10952145677879513,100,2.282657730758047,0.02458952257217105,nan
visbias_form_hobby_or_interest_gardening,all→white,q_tile_drift,-,0.08609322480857372,0.2385569160611249,100,3.6089175795060267,0.0004843473582656044,0.0016892973893771128
visbias_form_hobby_or_interest_gardening,all→white,xpos_reversals,-,1.175,0.9779771949996554,100,12.014595084708636,4.7750471521339285e-21,7.542675917992735e-21
visbias_form_hobby_or_interest_gardening,black→white,d_approach_retreat,-,0.435,3.363991586484633,100,1.2931066823938597,0.198983556549017,0.889972900524821
visbias_form_hobby_or_interest_gardening,black→white,d_latency,-,-0.16,2.5044203345527314,100,-0.6388703916532233,0.5243825963335103,0.9329303435335639
visbias_form_hobby_or_interest_gardening,black→white,d_peak_speed,-,-0.00034704562276601794,0.002791723078212725,100,-1.2431233795158447,0.2167583929878491,0.6549157453788355
visbias_form_hobby_or_interest_gardening,black→white,d_time_to_half,-,-0.14,3.767940251300933,100,-0.37155578555594954,0.7110176389148104,0.9328999625180484
visbias_form_hobby_or_interest_gardening,black→white,pull_AUC,-,3.1951981734556316,12.888790786781229,100,2.4790519345946973,0.014863286991575287,0.07399560746468326
visbias_form_hobby_or_interest_gardening,black→white,pull_MAD,-,7.046398879110347,27.186501599783977,100,2.591874078850343,0.010988746939478471,0.06237729880351014
visbias_form_hobby_or_interest_gardening,black→white,pull_early,-,1.4944478748366237,8.26020848845043,100,1.8092132625056465,0.07345275646898365,0.5062993570897801
visbias_form_hobby_or_interest_gardening,black→white,pull_release,-,5.324771816085558,24.926541783959994,100,2.136185541594864,0.0351298365628576,0.14425656290705352
visbias_form_hobby_or_interest_gardening,black→white,pull_tcp,-,6.25058128265664,50.072905546986455,100,1.2482961023285015,0.21486678262900755,0.5898775843670557
visbias_form_hobby_or_interest_gardening,black→white,q_exploded,-,0.07,0.17436754400988852,100,4.014508571390456,0.00011596495199142779,0.0005086644485078537
visbias_form_hobby_or_interest_gardening,black→white,q_jerk_in_grasp,-,0.025,0.10952145677879513,100,2.282657730758047,0.02458952257217105,nan
visbias_form_hobby_or_interest_gardening,black→white,q_tile_drift,-,0.08609322480857372,0.2385569160611249,100,3.6089175795060267,0.0004843473582656044,0.0016892973893771128
visbias_form_hobby_or_interest_gardening,black→white,xpos_reversals,-,1.175,0.9779771949996554,100,12.014595084708636,4.7750471521339285e-21,7.542675917992735e-21
visbias_form_hobby_or_interest_hiking,all→white,d_approach_retreat,-,-0.315,3.553100083310376,100,-0.8865497526501385,0.37746990083048615,0.921738274063463
visbias_form_hobby_or_interest_hiking,all→white,d_latency,-,-0.335,2.5761679708709626,100,-1.3003810457543328,0.19648950586797312,0.8786773528497042
visbias_form_hobby_or_interest_hiking,all→white,d_peak_speed,-,-0.0005847978964447975,0.004982303707880161,100,-1.1737499974557222,0.24331117950362266,0.6708436806314167
visbias_form_hobby_or_interest_hiking,all→white,d_time_to_half,-,-1.125,6.138706062454214,100,-1.8326337644357455,0.06986275665941369,0.6703328136245481
visbias_form_hobby_or_interest_hiking,all→white,pull_AUC,-,5.717567968017334,13.505424746982921,100,4.233534357588142,5.1524206536587126e-05,0.001657361976926886
visbias_form_hobby_or_interest_hiking,all→white,pull_MAD,-,15.419096107408404,30.00032578874529,100,5.139642887875878,1.3864070377224433e-06,5.3515311656086306e-05
visbias_form_hobby_or_interest_hiking,all→white,pull_early,-,1.5935369809158146,9.4357795650785,100,1.6888238750441362,0.09440062961838097,0.5693537973858602
visbias_form_hobby_or_interest_hiking,all→white,pull_release,-,11.74207994248718,28.076417476015763,100,4.182185976012728,6.246492864426323e-05,0.0017222473183346862
visbias_form_hobby_or_interest_hiking,all→white,pull_tcp,-,9.4968127226457,54.41593494621238,100,1.7452264179661447,0.08404827853556567,0.37723994784567844
visbias_form_hobby_or_interest_hiking,all→white,q_exploded,-,0.05,0.15075567228888181,100,3.3166247903554003,0.0012748384719836199,0.0021582791674810407
visbias_form_hobby_or_interest_hiking,all→white,q_jerk_in_grasp,-,0.01,0.09999999999999999,100,1.0,0.3197484741393017,nan
visbias_form_hobby_or_interest_hiking,all→white,q_tile_drift,-,0.07314801331609487,0.15857484187916165,100,4.612838483662853,1.1903963706468172e-05,0.00025527388837203965
visbias_form_hobby_or_interest_hiking,all→white,xpos_reversals,-,1.215,1.01318330229056,100,11.991907064133231,5.339128270505171e-21,8.243614049659984e-21
visbias_form_hobby_or_interest_hiking,black→white,d_approach_retreat,-,-0.315,3.553100083310376,100,-0.8865497526501385,0.37746990083048615,0.921738274063463
visbias_form_hobby_or_interest_hiking,black→white,d_latency,-,-0.335,2.5761679708709626,100,-1.3003810457543328,0.19648950586797312,0.8786773528497042
visbias_form_hobby_or_interest_hiking,black→white,d_peak_speed,-,-0.0005847978964447975,0.004982303707880161,100,-1.1737499974557222,0.24331117950362266,0.6708436806314167
visbias_form_hobby_or_interest_hiking,black→white,d_time_to_half,-,-1.125,6.138706062454214,100,-1.8326337644357455,0.06986275665941369,0.6703328136245481
visbias_form_hobby_or_interest_hiking,black→white,pull_AUC,-,5.717567968017334,13.505424746982921,100,4.233534357588142,5.1524206536587126e-05,0.001657361976926886
visbias_form_hobby_or_interest_hiking,black→white,pull_MAD,-,15.419096107408404,30.00032578874529,100,5.139642887875878,1.3864070377224433e-06,5.3515311656086306e-05
visbias_form_hobby_or_interest_hiking,black→white,pull_early,-,1.5935369809158146,9.4357795650785,100,1.6888238750441362,0.09440062961838097,0.5693537973858602
visbias_form_hobby_or_interest_hiking,black→white,pull_release,-,11.74207994248718,28.076417476015763,100,4.182185976012728,6.246492864426323e-05,0.0017222473183346862
visbias_form_hobby_or_interest_hiking,black→white,pull_tcp,-,9.4968127226457,54.41593494621238,100,1.7452264179661447,0.08404827853556567,0.37723994784567844
visbias_form_hobby_or_interest_hiking,black→white,q_exploded,-,0.05,0.15075567228888181,100,3.3166247903554003,0.0012748384719836199,0.0021582791674810407
visbias_form_hobby_or_interest_hiking,black→white,q_jerk_in_grasp,-,0.01,0.09999999999999999,100,1.0,0.3197484741393017,nan
visbias_form_hobby_or_interest_hiking,black→white,q_tile_drift,-,0.07314801331609487,0.15857484187916165,100,4.612838483662853,1.1903963706468172e-05,0.00025527388837203965
visbias_form_hobby_or_interest_hiking,black→white,xpos_reversals,-,1.215,1.01318330229056,100,11.991907064133231,5.339128270505171e-21,8.243614049659984e-21
visbias_form_hobby_or_interest_musical_instrument,all→white,d_approach_retreat,-,-0.555,3.1868535193095013,100,-1.7415296832351819,0.08469696388930323,0.889972900524821
visbias_form_hobby_or_interest_musical_instrument,all→white,d_latency,-,-0.05,2.514101642875059,100,-0.19887819628016848,0.8427658926445697,0.979278637066557
visbias_form_hobby_or_interest_musical_instrument,all→white,d_peak_speed,-,0.00021536191925406457,0.0024533068544540055,100,0.8778433845854734,0.38215416300350014,0.771572842269427
visbias_form_hobby_or_interest_musical_instrument,all→white,d_time_to_half,-,-0.4,5.48367641921978,100,-0.7294376425969207,0.46745631135990595,0.8845006675731554
visbias_form_hobby_or_interest_musical_instrument,all→white,pull_AUC,-,2.6669055666181265,10.514481902665779,100,2.5364117712181096,0.01276238023310535,0.0684205384719259
visbias_form_hobby_or_interest_musical_instrument,all→white,pull_MAD,-,4.21892934020143,23.240372825268054,100,1.8153449481732955,0.07249837094815433,0.22938009168842272
visbias_form_hobby_or_interest_musical_instrument,all→white,pull_early,-,1.5101513895206156,6.209984877366996,100,2.4318117021903483,0.016820374237710174,0.3841867572075087
visbias_form_hobby_or_interest_musical_instrument,all→white,pull_release,-,3.964495894033462,20.119431173823017,100,1.97048110345763,0.051576189320541845,0.17463516734850135
visbias_form_hobby_or_interest_musical_instrument,all→white,pull_tcp,-,4.337702592602,49.11466478319797,100,0.8831787026847261,0.37927933895322474,0.7311834504447761
visbias_form_hobby_or_interest_musical_instrument,all→white,q_exploded,-,0.055,0.1572330188676101,100,3.4979930040209872,0.0007037584014813345,0.0014604878654397586
visbias_form_hobby_or_interest_musical_instrument,all→white,q_jerk_in_grasp,-,0.005,0.049999999999999996,100,1.0,0.3197484741393017,nan
visbias_form_hobby_or_interest_musical_instrument,all→white,q_tile_drift,-,0.0608988456055522,0.25558522905691977,100,2.3827216396762037,0.01909429625816291,0.021935709391818107
visbias_form_hobby_or_interest_musical_instrument,all→white,xpos_reversals,-,1.145,0.8827613928846666,100,12.970662392228055,4.502891250813936e-23,1.3579031428235777e-22
visbias_form_hobby_or_interest_musical_instrument,black→white,d_approach_retreat,-,-0.555,3.1868535193095013,100,-1.7415296832351819,0.08469696388930323,0.889972900524821
visbias_form_hobby_or_interest_musical_instrument,black→white,d_latency,-,-0.05,2.514101642875059,100,-0.19887819628016848,0.8427658926445697,0.979278637066557
visbias_form_hobby_or_interest_musical_instrument,black→white,d_peak_speed,-,0.00021536191925406457,0.0024533068544540055,100,0.8778433845854734,0.38215416300350014,0.771572842269427
visbias_form_hobby_or_interest_musical_instrument,black→white,d_time_to_half,-,-0.4,5.48367641921978,100,-0.7294376425969207,0.46745631135990595,0.8845006675731554
visbias_form_hobby_or_interest_musical_instrument,black→white,pull_AUC,-,2.6669055666181265,10.514481902665779,100,2.5364117712181096,0.01276238023310535,0.0684205384719259
visbias_form_hobby_or_interest_musical_instrument,black→white,pull_MAD,-,4.21892934020143,23.240372825268054,100,1.8153449481732955,0.07249837094815433,0.22938009168842272
visbias_form_hobby_or_interest_musical_instrument,black→white,pull_early,-,1.5101513895206156,6.209984877366996,100,2.4318117021903483,0.016820374237710174,0.3841867572075087
visbias_form_hobby_or_interest_musical_instrument,black→white,pull_release,-,3.964495894033462,20.119431173823017,100,1.97048110345763,0.051576189320541845,0.17463516734850135
visbias_form_hobby_or_interest_musical_instrument,black→white,pull_tcp,-,4.337702592602,49.11466478319797,100,0.8831787026847261,0.37927933895322474,0.7311834504447761
visbias_form_hobby_or_interest_musical_instrument,black→white,q_exploded,-,0.055,0.1572330188676101,100,3.4979930040209872,0.0007037584014813345,0.0014604878654397586
visbias_form_hobby_or_interest_musical_instrument,black→white,q_jerk_in_grasp,-,0.005,0.049999999999999996,100,1.0,0.3197484741393017,nan
visbias_form_hobby_or_interest_musical_instrument,black→white,q_tile_drift,-,0.0608988456055522,0.25558522905691977,100,2.3827216396762037,0.01909429625816291,0.021935709391818107
visbias_form_hobby_or_interest_musical_instrument,black→white,xpos_reversals,-,1.145,0.8827613928846666,100,12.970662392228055,4.502891250813936e-23,1.3579031428235777e-22
visbias_form_hobby_or_interest_painting,all→white,d_approach_retreat,-,0.475,3.3988820205913277,100,1.3975183519825758,0.16538173418144403,0.889972900524821
visbias_form_hobby_or_interest_painting,all→white,d_latency,-,0.335,3.160724089141089,100,1.0598837182622753,0.2917765151676253,0.9125417161050899
visbias_form_hobby_or_interest_painting,all→white,d_peak_speed,-,-0.00010835245251655578,0.003888575685471638,100,-0.2786430335440775,0.7810999757061174,0.9363496603185135
visbias_form_hobby_or_interest_painting,all→white,d_time_to_half,-,0.12,4.200240493355137,100,0.28569792655883003,0.7757064090329734,0.9485546304920008
visbias_form_hobby_or_interest_painting,all→white,pull_AUC,-,-0.46434707912563317,16.294944017707316,100,-0.28496389961268875,0.7762670765163557,0.8971230285488422
visbias_form_hobby_or_interest_painting,all→white,pull_MAD,-,0.37267776653170587,30.891310954414063,100,0.12064161572218866,0.904219414548279,0.9484475380859666
visbias_form_hobby_or_interest_painting,all→white,pull_early,-,-0.06506758320028895,9.326812932523342,100,-0.06976400585176645,0.9445222213120341,0.9934997129093884
visbias_form_hobby_or_interest_painting,all→white,pull_release,-,-2.5226016266969964,28.188795323066774,100,-0.89489515170333,0.3730137288489419,0.604971845948284
visbias_form_hobby_or_interest_painting,all→white,pull_tcp,-,6.95738026406616,74.09406770470072,100,0.9389928883098376,0.3500197147446591,0.722796966191847
visbias_form_hobby_or_interest_painting,all→white,q_exploded,-,0.05,0.15075567228888181,100,3.3166247903554003,0.0012748384719836199,0.0021582791674810407
visbias_form_hobby_or_interest_painting,all→white,q_jerk_in_grasp,-,0.03,0.13889898953170712,100,2.159842926226023,0.03319924783029144,nan
visbias_form_hobby_or_interest_painting,all→white,q_tile_drift,-,0.07124494329094887,0.21682957875414624,100,3.285757584380609,0.0014075109927213108,0.0031790610205690456
visbias_form_hobby_or_interest_painting,all→white,xpos_reversals,-,0.985,0.7536275906935371,100,13.070115958646616,2.785943148189291e-23,8.672371412911826e-23
visbias_form_hobby_or_interest_painting,black→white,d_approach_retreat,-,0.475,3.3988820205913277,100,1.3975183519825758,0.16538173418144403,0.889972900524821
visbias_form_hobby_or_interest_painting,black→white,d_latency,-,0.335,3.160724089141089,100,1.0598837182622753,0.2917765151676253,0.9125417161050899
visbias_form_hobby_or_interest_painting,black→white,d_peak_speed,-,-0.00010835245251655578,0.003888575685471638,100,-0.2786430335440775,0.7810999757061174,0.9363496603185135
visbias_form_hobby_or_interest_painting,black→white,d_time_to_half,-,0.12,4.200240493355137,100,0.28569792655883003,0.7757064090329734,0.9485546304920008
visbias_form_hobby_or_interest_painting,black→white,pull_AUC,-,-0.46434707912563317,16.294944017707316,100,-0.28496389961268875,0.7762670765163557,0.8971230285488422
visbias_form_hobby_or_interest_painting,black→white,pull_MAD,-,0.37267776653170587,30.891310954414063,100,0.12064161572218866,0.904219414548279,0.9484475380859666
visbias_form_hobby_or_interest_painting,black→white,pull_early,-,-0.06506758320028895,9.326812932523342,100,-0.06976400585176645,0.9445222213120341,0.9934997129093884
visbias_form_hobby_or_interest_painting,black→white,pull_release,-,-2.5226016266969964,28.188795323066774,100,-0.89489515170333,0.3730137288489419,0.604971845948284
visbias_form_hobby_or_interest_painting,black→white,pull_tcp,-,6.95738026406616,74.09406770470072,100,0.9389928883098376,0.3500197147446591,0.722796966191847
visbias_form_hobby_or_interest_painting,black→white,q_exploded,-,0.05,0.15075567228888181,100,3.3166247903554003,0.0012748384719836199,0.0021582791674810407
visbias_form_hobby_or_interest_painting,black→white,q_jerk_in_grasp,-,0.03,0.13889898953170712,100,2.159842926226023,0.03319924783029144,nan
visbias_form_hobby_or_interest_painting,black→white,q_tile_drift,-,0.07124494329094887,0.21682957875414624,100,3.285757584380609,0.0014075109927213108,0.0031790610205690456
visbias_form_hobby_or_interest_painting,black→white,xpos_reversals,-,0.985,0.7536275906935371,100,13.070115958646616,2.785943148189291e-23,8.672371412911826e-23
visbias_form_hobby_or_interest_photography,all→white,d_approach_retreat,-,-0.035,3.9837136879392765,100,-0.08785771955942208,0.9301672334210653,0.9989173239228251
visbias_form_hobby_or_interest_photography,all→white,d_latency,-,-0.165,2.9155235855293262,100,-0.5659360837241985,0.572717797601741,0.9329303435335639
visbias_form_hobby_or_interest_photography,all→white,d_peak_speed,-,-0.00141920555382967,0.0052682373691113945,100,-2.6938906780296623,0.008296561579505061,0.2752018223670018
visbias_form_hobby_or_interest_photography,all→white,d_time_to_half,-,-0.105,6.019033363112604,100,-0.17444661570325914,0.8618707287519023,0.9810327162196054
visbias_form_hobby_or_interest_photography,all→white,pull_AUC,-,1.86210534857455,14.017260207118024,100,1.328437455722599,0.18708781349956274,0.39247769571103924
visbias_form_hobby_or_interest_photography,all→white,pull_MAD,-,4.920510911964811,28.607532483045254,100,1.7200053569391338,0.08855606845089649,0.2589594122882276
visbias_form_hobby_or_interest_photography,all→white,pull_early,-,-1.647592339781113,8.239552192184819,100,-1.999613936961098,0.04828211261217119,0.44733558369755033
visbias_form_hobby_or_interest_photography,all→white,pull_release,-,4.622458646772429,25.002072470402588,100,1.8488301928748059,0.06746658465872855,0.19813052450827717
visbias_form_hobby_or_interest_photography,all→white,pull_tcp,-,12.023120070807636,70.1915235241134,100,1.7129019954492435,0.08986077798909425,0.3941620489067089
visbias_form_hobby_or_interest_photography,all→white,q_exploded,-,0.06,0.16329931618554522,100,3.6742346141747664,0.0003873122498296649,0.0009583495412451965
visbias_form_hobby_or_interest_photography,all→white,q_jerk_in_grasp,-,0.05,0.19462473604038072,100,2.569046515733026,0.011689931701878157,nan
visbias_form_hobby_or_interest_photography,all→white,q_tile_drift,-,0.2093795656040311,0.6486641986532308,100,3.2278575885450285,0.0016918905381796533,0.003588295317238166
visbias_form_hobby_or_interest_photography,all→white,xpos_reversals,-,1.1,0.8408749651825216,100,13.081611958339519,2.6357085913175973e-23,8.339209149578627e-23
visbias_form_hobby_or_interest_photography,black→white,d_approach_retreat,-,-0.035,3.9837136879392765,100,-0.08785771955942208,0.9301672334210653,0.9989173239228251
visbias_form_hobby_or_interest_photography,black→white,d_latency,-,-0.165,2.9155235855293262,100,-0.5659360837241985,0.572717797601741,0.9329303435335639
visbias_form_hobby_or_interest_photography,black→white,d_peak_speed,-,-0.00141920555382967,0.0052682373691113945,100,-2.6938906780296623,0.008296561579505061,0.2752018223670018
visbias_form_hobby_or_interest_photography,black→white,d_time_to_half,-,-0.105,6.019033363112604,100,-0.17444661570325914,0.8618707287519023,0.9810327162196054
visbias_form_hobby_or_interest_photography,black→white,pull_AUC,-,1.86210534857455,14.017260207118024,100,1.328437455722599,0.18708781349956274,0.39247769571103924
visbias_form_hobby_or_interest_photography,black→white,pull_MAD,-,4.920510911964811,28.607532483045254,100,1.7200053569391338,0.08855606845089649,0.2589594122882276
visbias_form_hobby_or_interest_photography,black→white,pull_early,-,-1.647592339781113,8.239552192184819,100,-1.999613936961098,0.04828211261217119,0.44733558369755033
visbias_form_hobby_or_interest_photography,black→white,pull_release,-,4.622458646772429,25.002072470402588,100,1.8488301928748059,0.06746658465872855,0.19813052450827717
visbias_form_hobby_or_interest_photography,black→white,pull_tcp,-,12.023120070807636,70.1915235241134,100,1.7129019954492435,0.08986077798909425,0.3941620489067089
visbias_form_hobby_or_interest_photography,black→white,q_exploded,-,0.06,0.16329931618554522,100,3.6742346141747664,0.0003873122498296649,0.0009583495412451965
visbias_form_hobby_or_interest_photography,black→white,q_jerk_in_grasp,-,0.05,0.19462473604038072,100,2.569046515733026,0.011689931701878157,nan
visbias_form_hobby_or_interest_photography,black→white,q_tile_drift,-,0.2093795656040311,0.6486641986532308,100,3.2278575885450285,0.0016918905381796533,0.003588295317238166
visbias_form_hobby_or_interest_photography,black→white,xpos_reversals,-,1.1,0.8408749651825216,100,13.081611958339519,2.6357085913175973e-23,8.339209149578627e-23
visbias_form_hobby_or_interest_reading,all→white,d_approach_retreat,-,0.18,3.277964384347473,100,0.5491212804492739,0.5841586665866239,0.9975913714328056
visbias_form_hobby_or_interest_reading,all→white,d_latency,-,0.03,2.745814077736319,100,0.10925721534916286,0.9132196353902942,0.9833742470635098
visbias_form_hobby_or_interest_reading,all→white,d_peak_speed,-,0.0005137741938233375,0.0025756731983633263,100,1.9947180960294486,0.04882281554069808,0.49593702101867004
visbias_form_hobby_or_interest_reading,all→white,d_time_to_half,-,0.93,6.3516561110890875,100,1.4641850625010262,0.14631161307139812,0.8223401420450068
visbias_form_hobby_or_interest_reading,all→white,pull_AUC,-,-0.337420813683391,12.432360988182259,100,-0.2714052576209223,0.7866444887972532,0.8983573156086976
visbias_form_hobby_or_interest_reading,all→white,pull_MAD,-,0.27289908153470566,25.16667024040189,100,0.10843670574131054,0.9138687606621247,0.9533874097718382
visbias_form_hobby_or_interest_reading,all→white,pull_early,-,-0.39659040234982973,7.892662098131055,100,-0.5024798951468358,0.616445886789833,0.9368035917357305
visbias_form_hobby_or_interest_reading,all→white,pull_release,-,1.2081580236554146,22.254799842598477,100,0.5428752593599375,0.5884358319517788,0.7997754617372769
visbias_form_hobby_or_interest_reading,all→white,pull_tcp,-,-1.4784805150702596,54.15920191525254,100,-0.27298786961147664,0.7854311762092591,0.9594190949897912
visbias_form_hobby_or_interest_reading,all→white,q_exploded,-,0.075,0.17943514064131835,100,4.1797832761154154,6.30280706439939e-05,0.00032876804417002225
visbias_form_hobby_or_interest_reading,all→white,q_jerk_in_grasp,-,0.025,0.10952145677879517,100,2.2826577307580465,0.024589522572171077,nan
visbias_form_hobby_or_interest_reading,all→white,q_tile_drift,-,0.07663655638694764,0.21418582439952688,100,3.578040545017363,0.0005378481228928978,0.001759401486751344
visbias_form_hobby_or_interest_reading,all→white,xpos_reversals,-,1.095,0.9008834048260126,100,12.154736052791172,2.3980268047217078e-21,4.16954210190351e-21
visbias_form_hobby_or_interest_reading,black→white,d_approach_retreat,-,0.18,3.277964384347473,100,0.5491212804492739,0.5841586665866239,0.9975913714328056
visbias_form_hobby_or_interest_reading,black→white,d_latency,-,0.03,2.745814077736319,100,0.10925721534916286,0.9132196353902942,0.9833742470635098
visbias_form_hobby_or_interest_reading,black→white,d_peak_speed,-,0.0005137741938233375,0.0025756731983633263,100,1.9947180960294486,0.04882281554069808,0.49593702101867004
visbias_form_hobby_or_interest_reading,black→white,d_time_to_half,-,0.93,6.3516561110890875,100,1.4641850625010262,0.14631161307139812,0.8223401420450068
visbias_form_hobby_or_interest_reading,black→white,pull_AUC,-,-0.337420813683391,12.432360988182259,100,-0.2714052576209223,0.7866444887972532,0.8983573156086976
visbias_form_hobby_or_interest_reading,black→white,pull_MAD,-,0.27289908153470566,25.16667024040189,100,0.10843670574131054,0.9138687606621247,0.9533874097718382
visbias_form_hobby_or_interest_reading,black→white,pull_early,-,-0.39659040234982973,7.892662098131055,100,-0.5024798951468358,0.616445886789833,0.9368035917357305
visbias_form_hobby_or_interest_reading,black→white,pull_release,-,1.2081580236554146,22.254799842598477,100,0.5428752593599375,0.5884358319517788,0.7997754617372769
visbias_form_hobby_or_interest_reading,black→white,pull_tcp,-,-1.4784805150702596,54.15920191525254,100,-0.27298786961147664,0.7854311762092591,0.9594190949897912
visbias_form_hobby_or_interest_reading,black→white,q_exploded,-,0.075,0.17943514064131835,100,4.1797832761154154,6.30280706439939e-05,0.00032876804417002225
visbias_form_hobby_or_interest_reading,black→white,q_jerk_in_grasp,-,0.025,0.10952145677879517,100,2.2826577307580465,0.024589522572171077,nan
visbias_form_hobby_or_interest_reading,black→white,q_tile_drift,-,0.07663655638694764,0.21418582439952688,100,3.578040545017363,0.0005378481228928978,0.001759401486751344
visbias_form_hobby_or_interest_reading,black→white,xpos_reversals,-,1.095,0.9008834048260126,100,12.154736052791172,2.3980268047217078e-21,4.16954210190351e-21
visbias_form_hobby_or_interest_singing,all→white,d_approach_retreat,-,-0.14,3.49030403005558,100,-0.40111118915268434,0.6892026972336395,0.9975913714328056
visbias_form_hobby_or_interest_singing,all→white,d_latency,-,0.12,2.744250187375249,100,0.4372779149366645,0.6628622131325665,0.9402773246297577
visbias_form_hobby_or_interest_singing,all→white,d_peak_speed,-,-0.0005493881180882454,0.007162916459660592,100,-0.7669894255813751,0.44491304514930397,0.8081777786676952
visbias_form_hobby_or_interest_singing,all→white,d_time_to_half,-,1.0,4.474394039442886,100,2.234939505069857,0.027668852909497808,0.5035942717688369
visbias_form_hobby_or_interest_singing,all→white,pull_AUC,-,-1.429914842674436,14.210741588146623,100,-1.0062211277328044,0.31676227143798574,0.5406909064863159
visbias_form_hobby_or_interest_singing,all→white,pull_MAD,-,-3.6343685722909864,30.981942559425033,100,-1.1730602641587344,0.2435863486689394,0.46927592915274613
visbias_form_hobby_or_interest_singing,all→white,pull_early,-,-0.4808182921260598,5.9820826296370395,100,-0.8037640432178939,0.42345899641126605,0.8501219588301481
visbias_form_hobby_or_interest_singing,all→white,pull_release,-,-2.98150597140193,27.49652784069963,100,-1.0843208963237836,0.28085613681755295,0.531423866723409
visbias_form_hobby_or_interest_singing,all→white,pull_tcp,-,-4.294718978926539,71.30342997555108,100,-0.6023159026710406,0.5483409695184371,0.8534661864278901
visbias_form_hobby_or_interest_singing,all→white,q_exploded,-,0.055,0.17254775360093005,100,3.187523387131685,0.001920782408508495,0.002965688038737125
visbias_form_hobby_or_interest_singing,all→white,q_jerk_in_grasp,-,0.015,0.08572330399888266,100,1.7498158960596657,0.0832486252449611,nan
visbias_form_hobby_or_interest_singing,all→white,q_tile_drift,-,0.07198809519410133,0.2525160465338122,100,2.8508324988551585,0.005306924550916847,0.007701025852082342
visbias_form_hobby_or_interest_singing,all→white,xpos_reversals,-,1.295,0.9563583073938409,100,13.540949976468411,2.909864057379895e-24,1.3246965745351732e-23
visbias_form_hobby_or_interest_singing,black→white,d_approach_retreat,-,-0.14,3.49030403005558,100,-0.40111118915268434,0.6892026972336395,0.9975913714328056
visbias_form_hobby_or_interest_singing,black→white,d_latency,-,0.12,2.744250187375249,100,0.4372779149366645,0.6628622131325665,0.9402773246297577
visbias_form_hobby_or_interest_singing,black→white,d_peak_speed,-,-0.0005493881180882454,0.007162916459660592,100,-0.7669894255813751,0.44491304514930397,0.8081777786676952
visbias_form_hobby_or_interest_singing,black→white,d_time_to_half,-,1.0,4.474394039442886,100,2.234939505069857,0.027668852909497808,0.5035942717688369
visbias_form_hobby_or_interest_singing,black→white,pull_AUC,-,-1.429914842674436,14.210741588146623,100,-1.0062211277328044,0.31676227143798574,0.5406909064863159
visbias_form_hobby_or_interest_singing,black→white,pull_MAD,-,-3.6343685722909864,30.981942559425033,100,-1.1730602641587344,0.2435863486689394,0.46927592915274613
visbias_form_hobby_or_interest_singing,black→white,pull_early,-,-0.4808182921260598,5.9820826296370395,100,-0.8037640432178939,0.42345899641126605,0.8501219588301481
visbias_form_hobby_or_interest_singing,black→white,pull_release,-,-2.98150597140193,27.49652784069963,100,-1.0843208963237836,0.28085613681755295,0.531423866723409
visbias_form_hobby_or_interest_singing,black→white,pull_tcp,-,-4.294718978926539,71.30342997555108,100,-0.6023159026710406,0.5483409695184371,0.8534661864278901
visbias_form_hobby_or_interest_singing,black→white,q_exploded,-,0.055,0.17254775360093005,100,3.187523387131685,0.001920782408508495,0.002965688038737125
visbias_form_hobby_or_interest_singing,black→white,q_jerk_in_grasp,-,0.015,0.08572330399888266,100,1.7498158960596657,0.0832486252449611,nan
visbias_form_hobby_or_interest_singing,black→white,q_tile_drift,-,0.07198809519410133,0.2525160465338122,100,2.8508324988551585,0.005306924550916847,0.007701025852082342
visbias_form_hobby_or_interest_singing,black→white,xpos_reversals,-,1.295,0.9563583073938409,100,13.540949976468411,2.909864057379895e-24,1.3246965745351732e-23
visbias_form_hobby_or_interest_travelling,all→white,d_approach_retreat,-,0.285,4.329400896337982,100,0.6582896960202204,0.5118799588596237,0.9975913714328056
visbias_form_hobby_or_interest_travelling,all→white,d_latency,-,-0.58,2.8442037461291254,100,-2.0392350610935037,0.044091297457063555,0.472756689400737
visbias_form_hobby_or_interest_travelling,all→white,d_peak_speed,-,-0.0007327967509627342,0.004708421220773085,100,-1.5563534284692035,0.12281521398823383,0.6237720078876087
visbias_form_hobby_or_interest_travelling,all→white,d_time_to_half,-,-0.72,6.116016396777936,100,-1.177236870030815,0.24192348583057585,0.8616779212312846
visbias_form_hobby_or_interest_travelling,all→white,pull_AUC,-,4.0846761956889095,17.5477496095759,100,2.327749304936446,0.021960924564453397,0.09518668350305073
visbias_form_hobby_or_interest_travelling,all→white,pull_MAD,-,7.779258116893472,34.58947483666752,100,2.249024639323768,0.026726569082571632,0.11213538767252881
visbias_form_hobby_or_interest_travelling,all→white,pull_early,-,2.327772586664651,11.525043847467646,100,2.0197516100349793,0.04611146714028214,0.44733558369755033
visbias_form_hobby_or_interest_travelling,all→white,pull_release,-,3.9928098837845027,33.477384101162414,100,1.192688733300958,0.2358420594805084,0.46446446407896047
visbias_form_hobby_or_interest_travelling,all→white,pull_tcp,-,2.755925739184022,65.98409551922354,100,0.41766515362495527,0.6770964054453239,0.9012386637996379
visbias_form_hobby_or_interest_travelling,all→white,q_exploded,-,0.065,0.18333333333333332,100,3.5454545454545454,0.0006003467586197645,0.0013959870411278863
visbias_form_hobby_or_interest_travelling,all→white,q_jerk_in_grasp,-,0.025,0.10952145677879516,100,2.2826577307580465,0.024589522572171077,nan
visbias_form_hobby_or_interest_travelling,all→white,q_tile_drift,-,0.07460885498672724,0.17947325136982004,100,4.1571016526016615,6.859013595836228e-05,0.0006967313810507325
visbias_form_hobby_or_interest_travelling,all→white,xpos_reversals,-,1.085,0.8258910095139428,100,13.13732668719265,2.015131871800417e-23,6.591872055211533e-23
visbias_form_hobby_or_interest_travelling,black→white,d_approach_retreat,-,0.285,4.329400896337982,100,0.6582896960202204,0.5118799588596237,0.9975913714328056
visbias_form_hobby_or_interest_travelling,black→white,d_latency,-,-0.58,2.8442037461291254,100,-2.0392350610935037,0.044091297457063555,0.472756689400737
visbias_form_hobby_or_interest_travelling,black→white,d_peak_speed,-,-0.0007327967509627342,0.004708421220773085,100,-1.5563534284692035,0.12281521398823383,0.6237720078876087
visbias_form_hobby_or_interest_travelling,black→white,d_time_to_half,-,-0.72,6.116016396777936,100,-1.177236870030815,0.24192348583057585,0.8616779212312846
visbias_form_hobby_or_interest_travelling,black→white,pull_AUC,-,4.0846761956889095,17.5477496095759,100,2.327749304936446,0.021960924564453397,0.09518668350305073
visbias_form_hobby_or_interest_travelling,black→white,pull_MAD,-,7.779258116893472,34.58947483666752,100,2.249024639323768,0.026726569082571632,0.11213538767252881
visbias_form_hobby_or_interest_travelling,black→white,pull_early,-,2.327772586664651,11.525043847467646,100,2.0197516100349793,0.04611146714028214,0.44733558369755033
visbias_form_hobby_or_interest_travelling,black→white,pull_release,-,3.9928098837845027,33.477384101162414,100,1.192688733300958,0.2358420594805084,0.46446446407896047
visbias_form_hobby_or_interest_travelling,black→white,pull_tcp,-,2.755925739184022,65.98409551922354,100,0.41766515362495527,0.6770964054453239,0.9012386637996379
visbias_form_hobby_or_interest_travelling,black→white,q_exploded,-,0.065,0.18333333333333332,100,3.5454545454545454,0.0006003467586197645,0.0013959870411278863
visbias_form_hobby_or_interest_travelling,black→white,q_jerk_in_grasp,-,0.025,0.10952145677879516,100,2.2826577307580465,0.024589522572171077,nan
visbias_form_hobby_or_interest_travelling,black→white,q_tile_drift,-,0.07460885498672724,0.17947325136982004,100,4.1571016526016615,6.859013595836228e-05,0.0006967313810507325
visbias_form_hobby_or_interest_travelling,black→white,xpos_reversals,-,1.085,0.8258910095139428,100,13.13732668719265,2.015131871800417e-23,6.591872055211533e-23
visbias_form_hobby_or_interest_video_games,all→white,d_approach_retreat,-,-0.01,3.2239476397482614,100,-0.031017873481285322,0.9753177322771835,1.0
visbias_form_hobby_or_interest_video_games,all→white,d_latency,-,0.34,3.2002840782996405,100,1.062405685499792,0.29063628337796105,0.9125417161050899
visbias_form_hobby_or_interest_video_games,all→white,d_peak_speed,-,-0.0008222048357129097,0.005183800289173012,100,-1.5861043825900913,0.11590471070288261,0.6237720078876087
visbias_form_hobby_or_interest_video_games,all→white,d_time_to_half,-,-0.42,3.7387676898122244,100,-1.1233647951555237,0.2639993539651285,0.8616779212312846
visbias_form_hobby_or_interest_video_games,all→white,pull_AUC,-,0.9413583198270317,13.937322720138349,100,0.6754226322583763,0.5009818654228964,0.6906392859044215
visbias_form_hobby_or_interest_video_games,all→white,pull_MAD,-,2.8337323264684526,26.794982884751306,100,1.0575607898899215,0.29282945426979645,0.5137825879460974
visbias_form_hobby_or_interest_video_games,all→white,pull_early,-,-0.7837341288104657,7.342841256723636,100,-1.0673445079489117,0.28841216840540806,0.7731048403089411
visbias_form_hobby_or_interest_video_games,all→white,pull_release,-,3.1799699342809618,25.367396251226786,100,1.253565759287249,0.21295217429262234,0.4520089167337561
visbias_form_hobby_or_interest_video_games,all→white,pull_tcp,-,1.8973754229955375,58.564229183137,100,0.32398196808195473,0.7466351556184292,0.948030164699716
visbias_form_hobby_or_interest_video_games,all→white,q_exploded,-,0.055,0.15723301886761007,100,3.4979930040209872,0.0007037584014813345,0.0014604878654397586
visbias_form_hobby_or_interest_video_games,all→white,q_jerk_in_grasp,-,0.035,0.1282161999881214,100,2.7297642578116172,0.0075025675386096264,nan
visbias_form_hobby_or_interest_video_games,all→white,q_tile_drift,-,0.08051562376320362,0.2428470913294204,100,3.3154864372653625,0.0012795157296027915,0.003048722664362207
visbias_form_hobby_or_interest_video_games,all→white,xpos_reversals,-,0.99,0.8102250591438447,100,12.218827211369165,1.751034180231639e-21,3.2185675884257743e-21
visbias_form_hobby_or_interest_video_games,black→white,d_approach_retreat,-,-0.01,3.2239476397482614,100,-0.031017873481285322,0.9753177322771835,1.0
visbias_form_hobby_or_interest_video_games,black→white,d_latency,-,0.34,3.2002840782996405,100,1.062405685499792,0.29063628337796105,0.9125417161050899
visbias_form_hobby_or_interest_video_games,black→white,d_peak_speed,-,-0.0008222048357129097,0.005183800289173012,100,-1.5861043825900913,0.11590471070288261,0.6237720078876087
visbias_form_hobby_or_interest_video_games,black→white,d_time_to_half,-,-0.42,3.7387676898122244,100,-1.1233647951555237,0.2639993539651285,0.8616779212312846
visbias_form_hobby_or_interest_video_games,black→white,pull_AUC,-,0.9413583198270317,13.937322720138349,100,0.6754226322583763,0.5009818654228964,0.6906392859044215
visbias_form_hobby_or_interest_video_games,black→white,pull_MAD,-,2.8337323264684526,26.794982884751306,100,1.0575607898899215,0.29282945426979645,0.5137825879460974
visbias_form_hobby_or_interest_video_games,black→white,pull_early,-,-0.7837341288104657,7.342841256723636,100,-1.0673445079489117,0.28841216840540806,0.7731048403089411
visbias_form_hobby_or_interest_video_games,black→white,pull_release,-,3.1799699342809618,25.367396251226786,100,1.253565759287249,0.21295217429262234,0.4520089167337561
visbias_form_hobby_or_interest_video_games,black→white,pull_tcp,-,1.8973754229955375,58.564229183137,100,0.32398196808195473,0.7466351556184292,0.948030164699716
visbias_form_hobby_or_interest_video_games,black→white,q_exploded,-,0.055,0.15723301886761007,100,3.4979930040209872,0.0007037584014813345,0.0014604878654397586
visbias_form_hobby_or_interest_video_games,black→white,q_jerk_in_grasp,-,0.035,0.1282161999881214,100,2.7297642578116172,0.0075025675386096264,nan
visbias_form_hobby_or_interest_video_games,black→white,q_tile_drift,-,0.08051562376320362,0.2428470913294204,100,3.3154864372653625,0.0012795157296027915,0.003048722664362207
visbias_form_hobby_or_interest_video_games,black→white,xpos_reversals,-,0.99,0.8102250591438447,100,12.218827211369165,1.751034180231639e-21,3.2185675884257743e-21
visbias_form_hobby_or_interest_writing,all→white,d_approach_retreat,-,-0.015,3.7968986546837664,100,-0.039505926715995815,0.9685665873739063,1.0
visbias_form_hobby_or_interest_writing,all→white,d_latency,-,0.32,3.068675231556392,100,1.0427952645796936,0.2995828966417834,0.9125417161050899
visbias_form_hobby_or_interest_writing,all→white,d_peak_speed,-,-0.00038956787437200547,0.0035913484097188962,100,-1.0847398523567306,0.2806714046391879,0.710729698786782
visbias_form_hobby_or_interest_writing,all→white,d_time_to_half,-,0.35,3.9109403658780773,100,0.8949254329052359,0.37299762012766524,0.8616779212312846
visbias_form_hobby_or_interest_writing,all→white,pull_AUC,-,0.8787247760071036,13.157058648430867,100,0.6678732682489804,0.5057685076325102,0.692293063638826
visbias_form_hobby_or_interest_writing,all→white,pull_MAD,-,1.5988991735473974,26.48365822990205,100,0.6037304815171339,0.5474037177445363,0.7296352573995182
visbias_form_hobby_or_interest_writing,all→white,pull_early,-,1.0561899552121758,6.997657949881299,100,1.5093477886127484,0.13439494085376996,0.6371847304959745
visbias_form_hobby_or_interest_writing,all→white,pull_release,-,1.0144736696383916,24.814729085130757,100,0.4088191598457848,0.6835553937321296,0.8298573533790293
visbias_form_hobby_or_interest_writing,all→white,pull_tcp,-,9.296647920273244,52.656826636918495,100,1.7655161759700924,0.08056025426122611,0.3701935493432533
visbias_form_hobby_or_interest_writing,all→white,q_exploded,-,0.07,0.1882937743382543,100,3.7175950318065616,0.0003334116504196,0.0009583495412451965
visbias_form_hobby_or_interest_writing,all→white,q_jerk_in_grasp,-,0.04,0.15374122295716147,100,2.6017745423519636,0.010696611304486769,nan
visbias_form_hobby_or_interest_writing,all→white,q_tile_drift,-,0.114622957482934,0.4063570016518162,100,2.8207452318281394,0.005789358898005767,0.008138559121101153
visbias_form_hobby_or_interest_writing,all→white,xpos_reversals,-,1.005,0.7264657770690408,100,13.834099715677151,7.215756464595948e-25,4.973717848810778e-24
visbias_form_hobby_or_interest_writing,black→white,d_approach_retreat,-,-0.015,3.7968986546837664,100,-0.039505926715995815,0.9685665873739063,1.0
visbias_form_hobby_or_interest_writing,black→white,d_latency,-,0.32,3.068675231556392,100,1.0427952645796936,0.2995828966417834,0.9125417161050899
visbias_form_hobby_or_interest_writing,black→white,d_peak_speed,-,-0.00038956787437200547,0.0035913484097188962,100,-1.0847398523567306,0.2806714046391879,0.710729698786782
visbias_form_hobby_or_interest_writing,black→white,d_time_to_half,-,0.35,3.9109403658780773,100,0.8949254329052359,0.37299762012766524,0.8616779212312846
visbias_form_hobby_or_interest_writing,black→white,pull_AUC,-,0.8787247760071036,13.157058648430867,100,0.6678732682489804,0.5057685076325102,0.692293063638826
visbias_form_hobby_or_interest_writing,black→white,pull_MAD,-,1.5988991735473974,26.48365822990205,100,0.6037304815171339,0.5474037177445363,0.7296352573995182
visbias_form_hobby_or_interest_writing,black→white,pull_early,-,1.0561899552121758,6.997657949881299,100,1.5093477886127484,0.13439494085376996,0.6371847304959745
visbias_form_hobby_or_interest_writing,black→white,pull_release,-,1.0144736696383916,24.814729085130757,100,0.4088191598457848,0.6835553937321296,0.8298573533790293
visbias_form_hobby_or_interest_writing,black→white,pull_tcp,-,9.296647920273244,52.656826636918495,100,1.7655161759700924,0.08056025426122611,0.3701935493432533
visbias_form_hobby_or_interest_writing,black→white,q_exploded,-,0.07,0.1882937743382543,100,3.7175950318065616,0.0003334116504196,0.0009583495412451965
visbias_form_hobby_or_interest_writing,black→white,q_jerk_in_grasp,-,0.04,0.15374122295716147,100,2.6017745423519636,0.010696611304486769,nan
visbias_form_hobby_or_interest_writing,black→white,q_tile_drift,-,0.114622957482934,0.4063570016518162,100,2.8207452318281394,0.005789358898005767,0.008138559121101153
visbias_form_hobby_or_interest_writing,black→white,xpos_reversals,-,1.005,0.7264657770690408,100,13.834099715677151,7.215756464595948e-25,4.973717848810778e-24
visbias_form_language_spoken_chinese,all→white,d_approach_retreat,-,0.385,3.361889049299214,100,1.145189488273723,0.2548915883847918,0.889972900524821
visbias_form_language_spoken_chinese,all→white,d_latency,-,-0.035,2.2204911186674017,100,-0.15762278761558296,0.8750750881699398,0.979278637066557
visbias_form_language_spoken_chinese,all→white,d_peak_speed,-,0.00013256562873721124,0.0024523523536346794,100,0.540565178330647,0.5900214473506855,0.8498070099901665
visbias_form_language_spoken_chinese,all→white,d_time_to_half,-,0.06,3.1392593863759486,100,0.19112788277513357,0.8488168278996391,0.9810327162196054
visbias_form_language_spoken_chinese,all→white,pull_AUC,-,1.4143984959628721,10.96116184266412,100,1.2903727873605606,0.19992693383253193,0.4149021315019211
visbias_form_language_spoken_chinese,all→white,pull_MAD,-,3.106054184141976,22.250457960268587,100,1.3959506764706981,0.16585201428008664,0.3709257951105587
visbias_form_language_spoken_chinese,all→white,pull_early,-,0.1919000651687386,5.8626024624946185,100,0.32732914502799576,0.744110088638235,0.975577920278819
visbias_form_language_spoken_chinese,all→white,pull_release,-,2.57679297006689,18.062062413007393,100,1.4266327461094437,0.1568319183117151,0.3831463320779876
visbias_form_language_spoken_chinese,all→white,pull_tcp,-,7.359559717588127,79.98535769995546,100,0.9201133718993452,0.3597501066066806,0.722796966191847
visbias_form_language_spoken_chinese,all→white,q_exploded,-,0.08,0.19745860069872617,100,4.051482169776973,0.00010131285617569926,0.000488834531047749
visbias_form_language_spoken_chinese,all→white,q_jerk_in_grasp,-,0.04,0.16937198318160146,100,2.361665680982893,0.020150532451085133,nan
visbias_form_language_spoken_chinese,all→white,q_tile_drift,-,0.1887171049416065,0.42986513746115057,100,4.390146780829882,2.83909767826874e-05,0.0004103560261206606
visbias_form_language_spoken_chinese,all→white,xpos_reversals,-,1.01,0.9072658447948503,100,11.132348977915948,3.774242289252781e-19,4.610308619150549e-19
visbias_form_language_spoken_chinese,black→white,d_approach_retreat,-,0.385,3.361889049299214,100,1.145189488273723,0.2548915883847918,0.889972900524821
visbias_form_language_spoken_chinese,black→white,d_latency,-,-0.035,2.2204911186674017,100,-0.15762278761558296,0.8750750881699398,0.979278637066557
visbias_form_language_spoken_chinese,black→white,d_peak_speed,-,0.00013256562873721124,0.0024523523536346794,100,0.540565178330647,0.5900214473506855,0.8498070099901665
visbias_form_language_spoken_chinese,black→white,d_time_to_half,-,0.06,3.1392593863759486,100,0.19112788277513357,0.8488168278996391,0.9810327162196054
visbias_form_language_spoken_chinese,black→white,pull_AUC,-,1.4143984959628721,10.96116184266412,100,1.2903727873605606,0.19992693383253193,0.4149021315019211
visbias_form_language_spoken_chinese,black→white,pull_MAD,-,3.106054184141976,22.250457960268587,100,1.3959506764706981,0.16585201428008664,0.3709257951105587
visbias_form_language_spoken_chinese,black→white,pull_early,-,0.1919000651687386,5.8626024624946185,100,0.32732914502799576,0.744110088638235,0.975577920278819
visbias_form_language_spoken_chinese,black→white,pull_release,-,2.57679297006689,18.062062413007393,100,1.4266327461094437,0.1568319183117151,0.3831463320779876
visbias_form_language_spoken_chinese,black→white,pull_tcp,-,7.359559717588127,79.98535769995546,100,0.9201133718993452,0.3597501066066806,0.722796966191847
visbias_form_language_spoken_chinese,black→white,q_exploded,-,0.08,0.19745860069872617,100,4.051482169776973,0.00010131285617569926,0.000488834531047749
visbias_form_language_spoken_chinese,black→white,q_jerk_in_grasp,-,0.04,0.16937198318160146,100,2.361665680982893,0.020150532451085133,nan
visbias_form_language_spoken_chinese,black→white,q_tile_drift,-,0.1887171049416065,0.42986513746115057,100,4.390146780829882,2.83909767826874e-05,0.0004103560261206606
visbias_form_language_spoken_chinese,black→white,xpos_reversals,-,1.01,0.9072658447948503,100,11.132348977915948,3.774242289252781e-19,4.610308619150549e-19
visbias_form_language_spoken_english,all→white,d_approach_retreat,-,-0.415,2.9310726481421217,100,-1.415863916791862,0.15995380389627373,0.889972900524821
visbias_form_language_spoken_english,all→white,d_latency,-,0.13,1.7035613320691487,100,0.7631072480501876,0.44721404619162397,0.9280893646772411
visbias_form_language_spoken_english,all→white,d_peak_speed,-,-0.0003860243409872055,0.004372228900853861,100,-0.8829005748345381,0.37942886782358254,0.771572842269427
visbias_form_language_spoken_english,all→white,d_time_to_half,-,-0.21,3.80003987219911,100,-0.5526257804196972,0.5817652978381183,0.9213540069818155
visbias_form_language_spoken_english,all→white,pull_AUC,-,-0.7924398092372432,8.89702567680333,100,-0.8906794675251113,0.3752606185558448,0.5934278291657679
visbias_form_language_spoken_english,all→white,pull_MAD,-,-1.570516456197947,16.72573000085592,100,-0.9389823081668648,0.3500251197840898,0.587433461898516
visbias_form_language_spoken_english,all→white,pull_early,-,-0.34193493798375113,4.414880320379416,100,-0.7745055656556624,0.4404776988757244,0.8501219588301481
visbias_form_language_spoken_english,all→white,pull_release,-,-0.7458839914761484,17.775953456209578,100,-0.4196028040428924,0.6756848032791781,0.8298573533790293
visbias_form_language_spoken_english,all→white,pull_tcp,-,5.88736041681841,68.2847017439259,100,0.8621785358156164,0.3906729335096777,0.739214472229096
visbias_form_language_spoken_english,all→white,q_exploded,-,0.045,0.1438117456323307,100,3.129090729143018,0.002303965712690085,0.003269598401096959
visbias_form_language_spoken_english,all→white,q_jerk_in_grasp,-,0.01,0.07035264706814483,100,1.421410624438029,0.15833990565972564,nan
visbias_form_language_spoken_english,all→white,q_tile_drift,-,0.08026379588991403,0.25758171310793987,100,3.1160517927093454,0.002398658069575082,0.0045386373277254005
visbias_form_language_spoken_english,all→white,xpos_reversals,-,1.135,1.0021567650912613,100,11.32557339865526,1.4428299236514824e-19,1.808221917303481e-19
visbias_form_language_spoken_english,black→white,d_approach_retreat,-,-0.415,2.9310726481421217,100,-1.415863916791862,0.15995380389627373,0.889972900524821
visbias_form_language_spoken_english,black→white,d_latency,-,0.13,1.7035613320691487,100,0.7631072480501876,0.44721404619162397,0.9280893646772411
visbias_form_language_spoken_english,black→white,d_peak_speed,-,-0.0003860243409872055,0.004372228900853861,100,-0.8829005748345381,0.37942886782358254,0.771572842269427
visbias_form_language_spoken_english,black→white,d_time_to_half,-,-0.21,3.80003987219911,100,-0.5526257804196972,0.5817652978381183,0.9213540069818155
visbias_form_language_spoken_english,black→white,pull_AUC,-,-0.7924398092372432,8.89702567680333,100,-0.8906794675251113,0.3752606185558448,0.5934278291657679
visbias_form_language_spoken_english,black→white,pull_MAD,-,-1.570516456197947,16.72573000085592,100,-0.9389823081668648,0.3500251197840898,0.587433461898516
visbias_form_language_spoken_english,black→white,pull_early,-,-0.34193493798375113,4.414880320379416,100,-0.7745055656556624,0.4404776988757244,0.8501219588301481
visbias_form_language_spoken_english,black→white,pull_release,-,-0.7458839914761484,17.775953456209578,100,-0.4196028040428924,0.6756848032791781,0.8298573533790293
visbias_form_language_spoken_english,black→white,pull_tcp,-,5.88736041681841,68.2847017439259,100,0.8621785358156164,0.3906729335096777,0.739214472229096
visbias_form_language_spoken_english,black→white,q_exploded,-,0.045,0.1438117456323307,100,3.129090729143018,0.002303965712690085,0.003269598401096959
visbias_form_language_spoken_english,black→white,q_jerk_in_grasp,-,0.01,0.07035264706814483,100,1.421410624438029,0.15833990565972564,nan
visbias_form_language_spoken_english,black→white,q_tile_drift,-,0.08026379588991403,0.25758171310793987,100,3.1160517927093454,0.002398658069575082,0.0045386373277254005
visbias_form_language_spoken_english,black→white,xpos_reversals,-,1.135,1.0021567650912613,100,11.32557339865526,1.4428299236514824e-19,1.808221917303481e-19
visbias_form_language_spoken_french,all→white,d_approach_retreat,-,0.245,3.3525920923031682,100,0.7307778377288051,0.46664084901276925,0.9975913714328056
visbias_form_language_spoken_french,all→white,d_latency,-,-0.13,1.9931954953863116,100,-0.652219013643737,0.5157713816750771,0.9329303435335639
visbias_form_language_spoken_french,all→white,d_peak_speed,-,-0.000832955613732338,0.006435864257472139,100,-1.29424049421997,0.19859328577794425,0.6549157453788355
visbias_form_language_spoken_french,all→white,d_time_to_half,-,-0.205,3.5076359704236846,100,-0.5844392112766429,0.5602543399302848,0.9213540069818155
visbias_form_language_spoken_french,all→white,pull_AUC,-,0.5403833708316231,8.833251258462347,100,0.6117604436010242,0.5420986317432066,0.717304969993739
visbias_form_language_spoken_french,all→white,pull_MAD,-,1.5549110453808674,17.82021553502806,100,0.8725545672129935,0.38501728193215734,0.6297316560415794
visbias_form_language_spoken_french,all→white,pull_early,-,1.1999123729765417,4.261185846523945,100,2.8159118522262254,0.005870500464071897,0.37766886318862536
visbias_form_language_spoken_french,all→white,pull_release,-,0.41902576806023717,16.79402817189482,100,0.249508791917764,0.8034842041952313,0.891897902620169
visbias_form_language_spoken_french,all→white,pull_tcp,-,1.8126702937297523,79.13376457369228,100,0.2290640794728939,0.8192916543861933,0.9693175442346661
visbias_form_language_spoken_french,all→white,q_exploded,-,0.09,0.20572610996962032,100,4.374748543745388,3.0121520499537468e-05,0.0002349362085937308
visbias_form_language_spoken_french,all→white,q_jerk_in_grasp,-,0.025,0.10952145677879516,100,2.2826577307580465,0.024589522572171077,nan
visbias_form_language_spoken_french,all→white,q_tile_drift,-,0.11107375964522362,0.30624215063225174,100,3.6269912360498537,0.0004554111350079117,0.0016276731306764252
visbias_form_language_spoken_french,all→white,xpos_reversals,-,1.21,0.9216257046078628,100,13.128974093825171,2.0978481434251825e-23,6.748078194684337e-23
visbias_form_language_spoken_french,black→white,d_approach_retreat,-,0.245,3.3525920923031682,100,0.7307778377288051,0.46664084901276925,0.9975913714328056
visbias_form_language_spoken_french,black→white,d_latency,-,-0.13,1.9931954953863116,100,-0.652219013643737,0.5157713816750771,0.9329303435335639
visbias_form_language_spoken_french,black→white,d_peak_speed,-,-0.000832955613732338,0.006435864257472139,100,-1.29424049421997,0.19859328577794425,0.6549157453788355
visbias_form_language_spoken_french,black→white,d_time_to_half,-,-0.205,3.5076359704236846,100,-0.5844392112766429,0.5602543399302848,0.9213540069818155
visbias_form_language_spoken_french,black→white,pull_AUC,-,0.5403833708316231,8.833251258462347,100,0.6117604436010242,0.5420986317432066,0.717304969993739
visbias_form_language_spoken_french,black→white,pull_MAD,-,1.5549110453808674,17.82021553502806,100,0.8725545672129935,0.38501728193215734,0.6297316560415794
visbias_form_language_spoken_french,black→white,pull_early,-,1.1999123729765417,4.261185846523945,100,2.8159118522262254,0.005870500464071897,0.37766886318862536
visbias_form_language_spoken_french,black→white,pull_release,-,0.41902576806023717,16.79402817189482,100,0.249508791917764,0.8034842041952313,0.891897902620169
visbias_form_language_spoken_french,black→white,pull_tcp,-,1.8126702937297523,79.13376457369228,100,0.2290640794728939,0.8192916543861933,0.9693175442346661
visbias_form_language_spoken_french,black→white,q_exploded,-,0.09,0.20572610996962032,100,4.374748543745388,3.0121520499537468e-05,0.0002349362085937308
visbias_form_language_spoken_french,black→white,q_jerk_in_grasp,-,0.025,0.10952145677879516,100,2.2826577307580465,0.024589522572171077,nan
visbias_form_language_spoken_french,black→white,q_tile_drift,-,0.11107375964522362,0.30624215063225174,100,3.6269912360498537,0.0004554111350079117,0.0016276731306764252
visbias_form_language_spoken_french,black→white,xpos_reversals,-,1.21,0.9216257046078628,100,13.128974093825171,2.0978481434251825e-23,6.748078194684337e-23
visbias_form_language_spoken_german,all→white,d_approach_retreat,-,-0.4,2.838231060987733,100,-1.4093285268352886,0.1618715436553978,0.889972900524821
visbias_form_language_spoken_german,all→white,d_latency,-,-0.055,1.974451720341522,100,-0.27855834322698264,0.7811647882321908,0.9482063152755524
visbias_form_language_spoken_german,all→white,d_peak_speed,-,-5.844302475452423e-05,0.002758252856818989,100,-0.21188421725020826,0.8326329697819301,0.9427921176678894
visbias_form_language_spoken_german,all→white,d_time_to_half,-,-0.015,4.344655953413959,100,-0.03452517336433337,0.9725278846220793,1.0
visbias_form_language_spoken_german,all→white,pull_AUC,-,2.6229915904581134,9.54095889887531,100,2.7491907451433546,0.007102078302866552,0.048680147247291916
visbias_form_language_spoken_german,all→white,pull_MAD,-,6.697884563542902,18.674115316756975,100,3.586721218077004,0.0005222675695868349,0.006738157924902512
visbias_form_language_spoken_german,all→white,pull_early,-,0.05016510002315047,4.616506933450033,100,0.10866462619099937,0.9136884413351214,0.9934997129093884
visbias_form_language_spoken_german,all→white,pull_release,-,7.057503899559379,16.356918246189778,100,4.314690452893455,3.789553854125434e-05,0.0014627677876924174
visbias_form_language_spoken_german,all→white,pull_tcp,-,8.469548393622972,59.39760331035721,100,1.4259074308720685,0.15704070345971935,0.5414863425897186
visbias_form_language_spoken_german,all→white,q_exploded,-,0.035,0.1465943347810514,100,2.3875411046596633,0.018859559037462077,0.02068122098994421
visbias_form_language_spoken_german,all→white,q_jerk_in_grasp,-,0.015,0.08572330399888264,100,1.7498158960596661,0.083248625244961,nan
visbias_form_language_spoken_german,all→white,q_tile_drift,-,0.05454704031348229,0.15424171961675107,100,3.536464741771353,0.000618760729674342,0.001957718374215541
visbias_form_language_spoken_german,all→white,xpos_reversals,-,1.05,1.035969267513435,100,10.13543579840203,5.541538159720027e-17,5.750090671107339e-17
visbias_form_language_spoken_german,black→white,d_approach_retreat,-,-0.4,2.838231060987733,100,-1.4093285268352886,0.1618715436553978,0.889972900524821
visbias_form_language_spoken_german,black→white,d_latency,-,-0.055,1.974451720341522,100,-0.27855834322698264,0.7811647882321908,0.9482063152755524
visbias_form_language_spoken_german,black→white,d_peak_speed,-,-5.844302475452423e-05,0.002758252856818989,100,-0.21188421725020826,0.8326329697819301,0.9427921176678894
visbias_form_language_spoken_german,black→white,d_time_to_half,-,-0.015,4.344655953413959,100,-0.03452517336433337,0.9725278846220793,1.0
visbias_form_language_spoken_german,black→white,pull_AUC,-,2.6229915904581134,9.54095889887531,100,2.7491907451433546,0.007102078302866552,0.048680147247291916
visbias_form_language_spoken_german,black→white,pull_MAD,-,6.697884563542902,18.674115316756975,100,3.586721218077004,0.0005222675695868349,0.006738157924902512
visbias_form_language_spoken_german,black→white,pull_early,-,0.05016510002315047,4.616506933450033,100,0.10866462619099937,0.9136884413351214,0.9934997129093884
visbias_form_language_spoken_german,black→white,pull_release,-,7.057503899559379,16.356918246189778,100,4.314690452893455,3.789553854125434e-05,0.0014627677876924174
visbias_form_language_spoken_german,black→white,pull_tcp,-,8.469548393622972,59.39760331035721,100,1.4259074308720685,0.15704070345971935,0.5414863425897186
visbias_form_language_spoken_german,black→white,q_exploded,-,0.035,0.1465943347810514,100,2.3875411046596633,0.018859559037462077,0.02068122098994421
visbias_form_language_spoken_german,black→white,q_jerk_in_grasp,-,0.015,0.08572330399888264,100,1.7498158960596661,0.083248625244961,nan
visbias_form_language_spoken_german,black→white,q_tile_drift,-,0.05454704031348229,0.15424171961675107,100,3.536464741771353,0.000618760729674342,0.001957718374215541
visbias_form_language_spoken_german,black→white,xpos_reversals,-,1.05,1.035969267513435,100,10.13543579840203,5.541538159720027e-17,5.750090671107339e-17
visbias_form_language_spoken_hindi,all→white,d_approach_retreat,-,-0.44,3.1561067949310746,100,-1.394122659938727,0.16640168191607654,0.889972900524821
visbias_form_language_spoken_hindi,all→white,d_latency,-,-0.335,2.8204296183956146,100,-1.187762310447452,0.23776892498513114,0.8817479786981184
visbias_form_language_spoken_hindi,all→white,d_peak_speed,-,-0.00025298252701759337,0.00357288995501133,100,-0.7080613458658598,0.48057090961999516,0.8081777786676952
visbias_form_language_spoken_hindi,all→white,d_time_to_half,-,0.215,4.949877561999678,100,0.4343541780721201,0.6649764850656148,0.9236309829796873
visbias_form_language_spoken_hindi,all→white,pull_AUC,-,-0.7655645264477937,13.489228274404036,100,-0.5675376758954115,0.5716337230623758,0.7355020570069235
visbias_form_language_spoken_hindi,all→white,pull_MAD,-,-1.3240646415855724,29.50949109129553,100,-0.4486911134757367,0.654635069463098,0.8144399055428873
visbias_form_language_spoken_hindi,all→white,pull_early,-,-0.6682404261082411,5.146084889745956,100,-1.2985413968583597,0.19711803164194253,0.6649664159680394
visbias_form_language_spoken_hindi,all→white,pull_release,-,0.3246804082300514,25.014589564792058,100,0.12979641636296838,0.8969908541235541,0.955938830002546
visbias_form_language_spoken_hindi,all→white,pull_tcp,-,-14.216906487708911,65.66255256165414,100,-2.16514678961953,0.03277929054105045,0.25078466287866047
visbias_form_language_spoken_hindi,all→white,q_exploded,-,0.1,0.20100756305184245,100,4.9749371855331,2.7522004955693153e-06,9.849879885727286e-05
visbias_form_language_spoken_hindi,all→white,q_jerk_in_grasp,-,0.02,0.09847319278346618,100,2.03100960115899,0.0449347252126304,nan
visbias_form_language_spoken_hindi,all→white,q_tile_drift,-,0.15595736220479012,0.4764636927319789,100,3.2732265770462283,0.001464973313132496,0.0032129528344837692
visbias_form_language_spoken_hindi,all→white,xpos_reversals,-,1.165,1.0001388792451664,100,11.64838228146134,2.9097415852351717e-20,3.927133747904812e-20
visbias_form_language_spoken_hindi,black→white,d_approach_retreat,-,-0.44,3.1561067949310746,100,-1.394122659938727,0.16640168191607654,0.889972900524821
visbias_form_language_spoken_hindi,black→white,d_latency,-,-0.335,2.8204296183956146,100,-1.187762310447452,0.23776892498513114,0.8817479786981184
visbias_form_language_spoken_hindi,black→white,d_peak_speed,-,-0.00025298252701759337,0.00357288995501133,100,-0.7080613458658598,0.48057090961999516,0.8081777786676952
visbias_form_language_spoken_hindi,black→white,d_time_to_half,-,0.215,4.949877561999678,100,0.4343541780721201,0.6649764850656148,0.9236309829796873
visbias_form_language_spoken_hindi,black→white,pull_AUC,-,-0.7655645264477937,13.489228274404036,100,-0.5675376758954115,0.5716337230623758,0.7355020570069235
visbias_form_language_spoken_hindi,black→white,pull_MAD,-,-1.3240646415855724,29.50949109129553,100,-0.4486911134757367,0.654635069463098,0.8144399055428873
visbias_form_language_spoken_hindi,black→white,pull_early,-,-0.6682404261082411,5.146084889745956,100,-1.2985413968583597,0.19711803164194253,0.6649664159680394
visbias_form_language_spoken_hindi,black→white,pull_release,-,0.3246804082300514,25.014589564792058,100,0.12979641636296838,0.8969908541235541,0.955938830002546
visbias_form_language_spoken_hindi,black→white,pull_tcp,-,-14.216906487708911,65.66255256165414,100,-2.16514678961953,0.03277929054105045,0.25078466287866047
visbias_form_language_spoken_hindi,black→white,q_exploded,-,0.1,0.20100756305184245,100,4.9749371855331,2.7522004955693153e-06,9.849879885727286e-05
visbias_form_language_spoken_hindi,black→white,q_jerk_in_grasp,-,0.02,0.09847319278346618,100,2.03100960115899,0.0449347252126304,nan
visbias_form_language_spoken_hindi,black→white,q_tile_drift,-,0.15595736220479012,0.4764636927319789,100,3.2732265770462283,0.001464973313132496,0.0032129528344837692
visbias_form_language_spoken_hindi,black→white,xpos_reversals,-,1.165,1.0001388792451664,100,11.64838228146134,2.9097415852351717e-20,3.927133747904812e-20
visbias_form_language_spoken_italian,all→white,d_approach_retreat,-,-0.095,3.024892518334287,100,-0.31406074570977977,0.7541357400826214,0.9989173239228251
visbias_form_language_spoken_italian,all→white,d_latency,-,-0.09,2.3798183446505643,100,-0.37818012539614637,0.7061064788250245,0.9402773246297577
visbias_form_language_spoken_italian,all→white,d_peak_speed,-,-0.0002689420059323311,0.0035097539034962583,100,-0.7662702665973908,0.4453387790621304,0.8081777786676952
visbias_form_language_spoken_italian,all→white,d_time_to_half,-,0.0,4.339738855430512,100,0.0,1.0,1.0
visbias_form_language_spoken_italian,all→white,pull_AUC,-,3.822876536189901,12.398122594673954,100,3.0834317913844074,0.002651622052954367,0.025588152811009644
visbias_form_language_spoken_italian,all→white,pull_MAD,-,8.647108122170902,25.581479633094872,100,3.3802220380497854,0.0010375746091889025,0.011125105531858788
visbias_form_language_spoken_italian,all→white,pull_early,-,0.38116191886365397,7.51565966582456,100,0.5071569706607195,0.6131725389882163,0.9368035917357305
visbias_form_language_spoken_italian,all→white,pull_release,-,7.414095933781937,21.9700692153901,100,3.374634763821472,0.0010566280345721461,0.011995835921907306
visbias_form_language_spoken_italian,all→white,pull_tcp,-,10.026407551486045,48.71462321599877,100,2.0581925692064456,0.04219894274131538,0.2714798649691289
visbias_form_language_spoken_italian,all→white,q_exploded,-,0.11,0.2311586975096188,100,4.75863556877079,6.649723050020158e-06,0.00012833965486538907
visbias_form_language_spoken_italian,all→white,q_jerk_in_grasp,-,0.02,0.09847319278346618,100,2.0310096011589898,0.04493472521263044,nan
visbias_form_language_spoken_italian,all→white,q_tile_drift,-,0.13024601079523562,0.472429689991706,100,2.756939573326186,0.006947841316994639,0.009247816373654932
visbias_form_language_spoken_italian,all→white,xpos_reversals,-,1.215,0.9672803694541273,100,12.56099098429621,3.287849769110792e-22,6.973131927894316e-22
visbias_form_language_spoken_italian,black→white,d_approach_retreat,-,-0.095,3.024892518334287,100,-0.31406074570977977,0.7541357400826214,0.9989173239228251
visbias_form_language_spoken_italian,black→white,d_latency,-,-0.09,2.3798183446505643,100,-0.37818012539614637,0.7061064788250245,0.9402773246297577
visbias_form_language_spoken_italian,black→white,d_peak_speed,-,-0.0002689420059323311,0.0035097539034962583,100,-0.7662702665973908,0.4453387790621304,0.8081777786676952
visbias_form_language_spoken_italian,black→white,d_time_to_half,-,0.0,4.339738855430512,100,0.0,1.0,1.0
visbias_form_language_spoken_italian,black→white,pull_AUC,-,3.822876536189901,12.398122594673954,100,3.0834317913844074,0.002651622052954367,0.025588152811009644
visbias_form_language_spoken_italian,black→white,pull_MAD,-,8.647108122170902,25.581479633094872,100,3.3802220380497854,0.0010375746091889025,0.011125105531858788
visbias_form_language_spoken_italian,black→white,pull_early,-,0.38116191886365397,7.51565966582456,100,0.5071569706607195,0.6131725389882163,0.9368035917357305
visbias_form_language_spoken_italian,black→white,pull_release,-,7.414095933781937,21.9700692153901,100,3.374634763821472,0.0010566280345721461,0.011995835921907306
visbias_form_language_spoken_italian,black→white,pull_tcp,-,10.026407551486045,48.71462321599877,100,2.0581925692064456,0.04219894274131538,0.2714798649691289
visbias_form_language_spoken_italian,black→white,q_exploded,-,0.11,0.2311586975096188,100,4.75863556877079,6.649723050020158e-06,0.00012833965486538907
visbias_form_language_spoken_italian,black→white,q_jerk_in_grasp,-,0.02,0.09847319278346618,100,2.0310096011589898,0.04493472521263044,nan
visbias_form_language_spoken_italian,black→white,q_tile_drift,-,0.13024601079523562,0.472429689991706,100,2.756939573326186,0.006947841316994639,0.009247816373654932
visbias_form_language_spoken_italian,black→white,xpos_reversals,-,1.215,0.9672803694541273,100,12.56099098429621,3.287849769110792e-22,6.973131927894316e-22
visbias_form_language_spoken_polish,all→white,d_approach_retreat,-,0.485,2.715885740147283,100,1.7857894123841098,0.07719515630096335,0.889972900524821
visbias_form_language_spoken_polish,all→white,d_latency,-,-0.02,2.2438693132509955,100,-0.08913175059657688,0.9291572698781437,0.9833742470635098
visbias_form_language_spoken_polish,all→white,d_peak_speed,-,-0.00040484417229890823,0.0025927797348031696,100,-1.5614290981398844,0.12161365401586786,0.6237720078876087
visbias_form_language_spoken_polish,all→white,d_time_to_half,-,0.23,3.0694157638405932,100,0.749328268622083,0.45543621867791273,0.8784039290420067
visbias_form_language_spoken_polish,all→white,pull_AUC,-,1.1078819724319624,10.018512497222634,100,1.1058347960728634,0.27147809067793666,0.4990025857223026
visbias_form_language_spoken_polish,all→white,pull_MAD,-,3.557188533409499,21.06708821728521,100,1.688505073278652,0.09446196819022698,0.26407683239300483
visbias_form_language_spoken_polish,all→white,pull_early,-,0.05902877449989312,4.66723215989198,100,0.12647490520647103,0.8996125233366794,0.9934997129093884
visbias_form_language_spoken_polish,all→white,pull_release,-,4.1177817434072495,17.987065777513127,100,2.289301542753668,0.024185615033325992,0.10792637006306811
visbias_form_language_spoken_polish,all→white,pull_tcp,-,-10.420512706041336,65.93900366139663,100,-1.580326078257371,0.11722204707186883,0.48058330542783634
visbias_form_language_spoken_polish,all→white,q_exploded,-,0.08,0.19745860069872617,100,4.051482169776973,0.00010131285617569926,0.000488834531047749
visbias_form_language_spoken_polish,all→white,q_jerk_in_grasp,-,0.03,0.11934162828797101,100,2.5137917447891764,0.013556758919315062,nan
visbias_form_language_spoken_polish,all→white,q_tile_drift,-,0.21823889054358006,0.5842562178320189,100,3.7353285062740493,0.00031348880286926207,0.0013445186434170573
visbias_form_language_spoken_polish,all→white,xpos_reversals,-,1.23,1.02843413385436,100,11.959929756417287,6.249545973800521e-21,9.497341519240162e-21
visbias_form_language_spoken_polish,black→white,d_approach_retreat,-,0.485,2.715885740147283,100,1.7857894123841098,0.07719515630096335,0.889972900524821
visbias_form_language_spoken_polish,black→white,d_latency,-,-0.02,2.2438693132509955,100,-0.08913175059657688,0.9291572698781437,0.9833742470635098
visbias_form_language_spoken_polish,black→white,d_peak_speed,-,-0.00040484417229890823,0.0025927797348031696,100,-1.5614290981398844,0.12161365401586786,0.6237720078876087
visbias_form_language_spoken_polish,black→white,d_time_to_half,-,0.23,3.0694157638405932,100,0.749328268622083,0.45543621867791273,0.8784039290420067
visbias_form_language_spoken_polish,black→white,pull_AUC,-,1.1078819724319624,10.018512497222634,100,1.1058347960728634,0.27147809067793666,0.4990025857223026
visbias_form_language_spoken_polish,black→white,pull_MAD,-,3.557188533409499,21.06708821728521,100,1.688505073278652,0.09446196819022698,0.26407683239300483
visbias_form_language_spoken_polish,black→white,pull_early,-,0.05902877449989312,4.66723215989198,100,0.12647490520647103,0.8996125233366794,0.9934997129093884
visbias_form_language_spoken_polish,black→white,pull_release,-,4.1177817434072495,17.987065777513127,100,2.289301542753668,0.024185615033325992,0.10792637006306811
visbias_form_language_spoken_polish,black→white,pull_tcp,-,-10.420512706041336,65.93900366139663,100,-1.580326078257371,0.11722204707186883,0.48058330542783634
visbias_form_language_spoken_polish,black→white,q_exploded,-,0.08,0.19745860069872617,100,4.051482169776973,0.00010131285617569926,0.000488834531047749
visbias_form_language_spoken_polish,black→white,q_jerk_in_grasp,-,0.03,0.11934162828797101,100,2.5137917447891764,0.013556758919315062,nan
visbias_form_language_spoken_polish,black→white,q_tile_drift,-,0.21823889054358006,0.5842562178320189,100,3.7353285062740493,0.00031348880286926207,0.0013445186434170573
visbias_form_language_spoken_polish,black→white,xpos_reversals,-,1.23,1.02843413385436,100,11.959929756417287,6.249545973800521e-21,9.497341519240162e-21
visbias_form_language_spoken_portuguese,all→white,d_approach_retreat,-,-0.565,3.0331959675856384,100,-1.8627217167564953,0.06546646873295661,0.889972900524821
visbias_form_language_spoken_portuguese,all→white,d_latency,-,-0.58,2.3918210804339193,100,-2.4249305466225657,0.017123845655606675,0.3889698324223699
visbias_form_language_spoken_portuguese,all→white,d_peak_speed,-,0.0001888308487832546,0.002745364009112909,100,0.6878171643412425,0.49317631531446504,0.8081777786676952
visbias_form_language_spoken_portuguese,all→white,d_time_to_half,-,0.425,5.659253171987136,100,0.750982483172368,0.4544445777839504,0.8784039290420067
visbias_form_language_spoken_portuguese,all→white,pull_AUC,-,1.4648499149885623,10.938537799509865,100,1.3391642848774534,0.1835837775282186,0.39247769571103924
visbias_form_language_spoken_portuguese,all→white,pull_MAD,-,4.660789532633498,25.224681969383333,100,1.8477099288270789,0.06763008226298052,0.2212306080805973
visbias_form_language_spoken_portuguese,all→white,pull_early,-,-0.8657611180096868,6.147481447327485,100,-1.408318390917734,0.16216952288557834,0.6387493452431963
visbias_form_language_spoken_portuguese,all→white,pull_release,-,5.15442016068846,21.974675657259432,100,2.3456183113154045,0.020989950943503723,0.10087642987017893
visbias_form_language_spoken_portuguese,all→white,pull_tcp,-,13.491405493114144,57.309609358000706,100,2.3541262354165178,0.020541135813759926,0.2086546953713508
visbias_form_language_spoken_portuguese,all→white,q_exploded,-,0.04,0.13632996217214538,100,2.934057881530954,0.004158024036355915,0.005144222044978793
visbias_form_language_spoken_portuguese,all→white,q_jerk_in_grasp,-,0.0,0.0,100,nan,nan,nan
visbias_form_language_spoken_portuguese,all→white,q_tile_drift,-,0.08385510094463826,0.26174560785105805,100,3.203687031583528,0.0018257913611859887,0.0038041272979652783
visbias_form_language_spoken_portuguese,all→white,xpos_reversals,-,1.24,0.9782482798194418,100,12.67571868594413,1.8810576371560005e-22,4.321953856798906e-22
visbias_form_language_spoken_portuguese,black→white,d_approach_retreat,-,-0.565,3.0331959675856384,100,-1.8627217167564953,0.06546646873295661,0.889972900524821
visbias_form_language_spoken_portuguese,black→white,d_latency,-,-0.58,2.3918210804339193,100,-2.4249305466225657,0.017123845655606675,0.3889698324223699
visbias_form_language_spoken_portuguese,black→white,d_peak_speed,-,0.0001888308487832546,0.002745364009112909,100,0.6878171643412425,0.49317631531446504,0.8081777786676952
visbias_form_language_spoken_portuguese,black→white,d_time_to_half,-,0.425,5.659253171987136,100,0.750982483172368,0.4544445777839504,0.8784039290420067
visbias_form_language_spoken_portuguese,black→white,pull_AUC,-,1.4648499149885623,10.938537799509865,100,1.3391642848774534,0.1835837775282186,0.39247769571103924
visbias_form_language_spoken_portuguese,black→white,pull_MAD,-,4.660789532633498,25.224681969383333,100,1.8477099288270789,0.06763008226298052,0.2212306080805973
visbias_form_language_spoken_portuguese,black→white,pull_early,-,-0.8657611180096868,6.147481447327485,100,-1.408318390917734,0.16216952288557834,0.6387493452431963
visbias_form_language_spoken_portuguese,black→white,pull_release,-,5.15442016068846,21.974675657259432,100,2.3456183113154045,0.020989950943503723,0.10087642987017893
visbias_form_language_spoken_portuguese,black→white,pull_tcp,-,13.491405493114144,57.309609358000706,100,2.3541262354165178,0.020541135813759926,0.2086546953713508
visbias_form_language_spoken_portuguese,black→white,q_exploded,-,0.04,0.13632996217214538,100,2.934057881530954,0.004158024036355915,0.005144222044978793
visbias_form_language_spoken_portuguese,black→white,q_jerk_in_grasp,-,0.0,0.0,100,nan,nan,nan
visbias_form_language_spoken_portuguese,black→white,q_tile_drift,-,0.08385510094463826,0.26174560785105805,100,3.203687031583528,0.0018257913611859887,0.0038041272979652783
visbias_form_language_spoken_portuguese,black→white,xpos_reversals,-,1.24,0.9782482798194418,100,12.67571868594413,1.8810576371560005e-22,4.321953856798906e-22
visbias_form_language_spoken_russian,all→white,d_approach_retreat,-,-0.355,3.5185618905708873,100,-1.008934931488163,0.31546545581051677,0.9087288503198468
visbias_form_language_spoken_russian,all→white,d_latency,-,0.005,1.596231357120435,100,0.03132378008799355,0.9750743891319895,0.9904703005393366
visbias_form_language_spoken_russian,all→white,d_peak_speed,-,3.570046275854111e-05,0.002179277929469383,100,0.163817851205576,0.8702085133021684,0.9502955110239175
visbias_form_language_spoken_russian,all→white,d_time_to_half,-,0.19,2.0397316123708653,100,0.9314950989025221,0.35386356008864683,0.8616779212312846
visbias_form_language_spoken_russian,all→white,pull_AUC,-,1.9337564600167965,10.066976099838692,100,1.9208910807365298,0.05762239667370813,0.19616625419287098
visbias_form_language_spoken_russian,all→white,pull_MAD,-,4.984004250518046,20.5386396977776,100,2.426647686437259,0.01704766351712234,0.07833807282868122
visbias_form_language_spoken_russian,all→white,pull_early,-,-0.6813507825136185,4.795006292979052,100,-1.4209590997018429,0.15847081380210765,0.6371847304959745
visbias_form_language_spoken_russian,all→white,pull_release,-,4.512191157264169,16.399501905311865,100,2.7514196365943606,0.007057396523879432,0.05044731589291594
visbias_form_language_spoken_russian,all→white,pull_tcp,-,6.086128687456949,59.88019136176722,100,1.0163843082410169,0.31192392526136165,0.7000153206446837
visbias_form_language_spoken_russian,all→white,q_exploded,-,0.07,0.18829377433825437,100,3.7175950318065607,0.00033341165041960173,0.0009583495412451965
visbias_form_language_spoken_russian,all→white,q_jerk_in_grasp,-,0.01,0.07035264706814483,100,1.421410624438029,0.15833990565972564,nan
visbias_form_language_spoken_russian,all→white,q_tile_drift,-,0.07170585084706545,0.15805428054549314,100,4.536786387536412,1.6062927231677144e-05,0.0003100144955713689
visbias_form_language_spoken_russian,all→white,xpos_reversals,-,1.115,1.0656600363771334,100,10.462999098573736,1.0713367489585634e-17,1.1487110697166819e-17
visbias_form_language_spoken_russian,black→white,d_approach_retreat,-,-0.355,3.5185618905708873,100,-1.008934931488163,0.31546545581051677,0.9087288503198468
visbias_form_language_spoken_russian,black→white,d_latency,-,0.005,1.596231357120435,100,0.03132378008799355,0.9750743891319895,0.9904703005393366
visbias_form_language_spoken_russian,black→white,d_peak_speed,-,3.570046275854111e-05,0.002179277929469383,100,0.163817851205576,0.8702085133021684,0.9502955110239175
visbias_form_language_spoken_russian,black→white,d_time_to_half,-,0.19,2.0397316123708653,100,0.9314950989025221,0.35386356008864683,0.8616779212312846
visbias_form_language_spoken_russian,black→white,pull_AUC,-,1.9337564600167965,10.066976099838692,100,1.9208910807365298,0.05762239667370813,0.19616625419287098
visbias_form_language_spoken_russian,black→white,pull_MAD,-,4.984004250518046,20.5386396977776,100,2.426647686437259,0.01704766351712234,0.07833807282868122
visbias_form_language_spoken_russian,black→white,pull_early,-,-0.6813507825136185,4.795006292979052,100,-1.4209590997018429,0.15847081380210765,0.6371847304959745
visbias_form_language_spoken_russian,black→white,pull_release,-,4.512191157264169,16.399501905311865,100,2.7514196365943606,0.007057396523879432,0.05044731589291594
visbias_form_language_spoken_russian,black→white,pull_tcp,-,6.086128687456949,59.88019136176722,100,1.0163843082410169,0.31192392526136165,0.7000153206446837
visbias_form_language_spoken_russian,black→white,q_exploded,-,0.07,0.18829377433825437,100,3.7175950318065607,0.00033341165041960173,0.0009583495412451965
visbias_form_language_spoken_russian,black→white,q_jerk_in_grasp,-,0.01,0.07035264706814483,100,1.421410624438029,0.15833990565972564,nan
visbias_form_language_spoken_russian,black→white,q_tile_drift,-,0.07170585084706545,0.15805428054549314,100,4.536786387536412,1.6062927231677144e-05,0.0003100144955713689
visbias_form_language_spoken_russian,black→white,xpos_reversals,-,1.115,1.0656600363771334,100,10.462999098573736,1.0713367489585634e-17,1.1487110697166819e-17
visbias_form_language_spoken_spanish,all→white,d_approach_retreat,-,0.07,3.8501082235871418,100,0.18181307104863947,0.856101173167243,0.9989173239228251
visbias_form_language_spoken_spanish,all→white,d_latency,-,0.57,2.3931932093698025,100,2.3817550449681306,0.019141686264592322,0.3889698324223699
visbias_form_language_spoken_spanish,all→white,d_peak_speed,-,-0.00011819172650575637,0.003990955737666713,100,-0.29614892841396534,0.7677366865302491,0.9276616081577744
visbias_form_language_spoken_spanish,all→white,d_time_to_half,-,0.7,3.852062283814196,100,1.8172084157135722,0.07221037580189751,0.6703328136245481
visbias_form_language_spoken_spanish,all→white,pull_AUC,-,0.12028340301723794,10.039144217993947,100,0.11981439892221545,0.9048729850199336,0.9555737398601913
visbias_form_language_spoken_spanish,all→white,pull_MAD,-,-0.16097447047941416,20.050836333558046,100,-0.08028317013889318,0.936174113063182,0.9656638641913341
visbias_form_language_spoken_spanish,all→white,pull_early,-,-0.14112743921577928,6.96486381732101,100,-0.20262770804621852,0.8398418760111407,0.9868351453056644
visbias_form_language_spoken_spanish,all→white,pull_release,-,0.9537434857338667,19.482964686951767,100,0.4895268769709431,0.6255516627120827,0.8205562565874057
visbias_form_language_spoken_spanish,all→white,pull_tcp,-,-0.6741139153018594,52.94818125308933,100,-0.1273157829689433,0.8989487120967675,0.9987892198486336
visbias_form_language_spoken_spanish,all→white,q_exploded,-,0.06,0.1632993161855452,100,3.6742346141747673,0.00038731224982966407,0.0009583495412451965
visbias_form_language_spoken_spanish,all→white,q_jerk_in_grasp,-,0.025,0.14864709750264074,100,1.6818357317441648,0.09575262503018946,nan
visbias_form_language_spoken_spanish,all→white,q_tile_drift,-,0.07827555030584335,0.3930070951738608,100,1.9917083245333103,0.0491577733739426,0.05241685227166255
visbias_form_language_spoken_spanish,all→white,xpos_reversals,-,1.2,1.005037815259212,100,11.939849245279438,6.89930817528468e-21,1.0402863108046431e-20
visbias_form_language_spoken_spanish,black→white,d_approach_retreat,-,0.07,3.8501082235871418,100,0.18181307104863947,0.856101173167243,0.9989173239228251
visbias_form_language_spoken_spanish,black→white,d_latency,-,0.57,2.3931932093698025,100,2.3817550449681306,0.019141686264592322,0.3889698324223699
visbias_form_language_spoken_spanish,black→white,d_peak_speed,-,-0.00011819172650575637,0.003990955737666713,100,-0.29614892841396534,0.7677366865302491,0.9276616081577744
visbias_form_language_spoken_spanish,black→white,d_time_to_half,-,0.7,3.852062283814196,100,1.8172084157135722,0.07221037580189751,0.6703328136245481
visbias_form_language_spoken_spanish,black→white,pull_AUC,-,0.12028340301723794,10.039144217993947,100,0.11981439892221545,0.9048729850199336,0.9555737398601913
visbias_form_language_spoken_spanish,black→white,pull_MAD,-,-0.16097447047941416,20.050836333558046,100,-0.08028317013889318,0.936174113063182,0.9656638641913341
visbias_form_language_spoken_spanish,black→white,pull_early,-,-0.14112743921577928,6.96486381732101,100,-0.20262770804621852,0.8398418760111407,0.9868351453056644
visbias_form_language_spoken_spanish,black→white,pull_release,-,0.9537434857338667,19.482964686951767,100,0.4895268769709431,0.6255516627120827,0.8205562565874057
visbias_form_language_spoken_spanish,black→white,pull_tcp,-,-0.6741139153018594,52.94818125308933,100,-0.1273157829689433,0.8989487120967675,0.9987892198486336
visbias_form_language_spoken_spanish,black→white,q_exploded,-,0.06,0.1632993161855452,100,3.6742346141747673,0.00038731224982966407,0.0009583495412451965
visbias_form_language_spoken_spanish,black→white,q_jerk_in_grasp,-,0.025,0.14864709750264074,100,1.6818357317441648,0.09575262503018946,nan
visbias_form_language_spoken_spanish,black→white,q_tile_drift,-,0.07827555030584335,0.3930070951738608,100,1.9917083245333103,0.0491577733739426,0.05241685227166255
visbias_form_language_spoken_spanish,black→white,xpos_reversals,-,1.2,1.005037815259212,100,11.939849245279438,6.89930817528468e-21,1.0402863108046431e-20
visbias_form_language_spoken_thai,all→white,d_approach_retreat,-,-0.155,3.374514555435861,100,-0.45932532651346,0.647007558252405,0.9975913714328056
visbias_form_language_spoken_thai,all→white,d_latency,-,-0.42,2.708684126466151,100,-1.5505683955402632,0.12419616007092067,0.8011538228798268
visbias_form_language_spoken_thai,all→white,d_peak_speed,-,-0.0006548818200826645,0.0045187827189111735,100,-1.4492438800873833,0.15042980366357997,0.6549157453788355
visbias_form_language_spoken_thai,all→white,d_time_to_half,-,-0.84,4.572579671092113,100,-1.837037428370001,0.06920434192381128,0.6703328136245481
visbias_form_language_spoken_thai,all→white,pull_AUC,-,0.028216443062162977,13.759484858744818,100,0.020506903675416355,0.9836802792717438,0.9939805963321809
visbias_form_language_spoken_thai,all→white,pull_MAD,-,0.5111063941381877,29.068611807555,100,0.17582758940189566,0.8607885426410309,0.9281127861995473
visbias_form_language_spoken_thai,all→white,pull_early,-,-0.40777778835035877,7.388409227476521,100,-0.5519155420274866,0.5822499730706854,0.934184741613417
visbias_form_language_spoken_thai,all→white,pull_release,-,1.6974969068542123,26.154804733012917,100,0.6490191474117988,0.517828811338485,0.7458280640919971
visbias_form_language_spoken_thai,all→white,pull_tcp,-,9.066106495447457,73.76248949782274,100,1.2290944295901325,0.22194980639988066,0.5949487865996801
visbias_form_language_spoken_thai,all→white,q_exploded,-,0.055,0.17254775360093008,100,3.187523387131684,0.0019207824085085005,0.002965688038737125
visbias_form_language_spoken_thai,all→white,q_jerk_in_grasp,-,0.02,0.0984731927834662,100,2.0310096011589898,0.04493472521263044,nan
visbias_form_language_spoken_thai,all→white,q_tile_drift,-,0.10550122514367104,0.30131980383966384,100,3.5013040563311133,0.000696030702586418,0.002035362509078465
visbias_form_language_spoken_thai,all→white,xpos_reversals,-,1.275,0.8656608382436431,100,14.72863208860035,1.088269634185321e-26,1.748960604597963e-25
visbias_form_language_spoken_thai,black→white,d_approach_retreat,-,-0.155,3.374514555435861,100,-0.45932532651346,0.647007558252405,0.9975913714328056
visbias_form_language_spoken_thai,black→white,d_latency,-,-0.42,2.708684126466151,100,-1.5505683955402632,0.12419616007092067,0.8011538228798268
visbias_form_language_spoken_thai,black→white,d_peak_speed,-,-0.0006548818200826645,0.0045187827189111735,100,-1.4492438800873833,0.15042980366357997,0.6549157453788355
visbias_form_language_spoken_thai,black→white,d_time_to_half,-,-0.84,4.572579671092113,100,-1.837037428370001,0.06920434192381128,0.6703328136245481
visbias_form_language_spoken_thai,black→white,pull_AUC,-,0.028216443062162977,13.759484858744818,100,0.020506903675416355,0.9836802792717438,0.9939805963321809
visbias_form_language_spoken_thai,black→white,pull_MAD,-,0.5111063941381877,29.068611807555,100,0.17582758940189566,0.8607885426410309,0.9281127861995473
visbias_form_language_spoken_thai,black→white,pull_early,-,-0.40777778835035877,7.388409227476521,100,-0.5519155420274866,0.5822499730706854,0.934184741613417
visbias_form_language_spoken_thai,black→white,pull_release,-,1.6974969068542123,26.154804733012917,100,0.6490191474117988,0.517828811338485,0.7458280640919971
visbias_form_language_spoken_thai,black→white,pull_tcp,-,9.066106495447457,73.76248949782274,100,1.2290944295901325,0.22194980639988066,0.5949487865996801
visbias_form_language_spoken_thai,black→white,q_exploded,-,0.055,0.17254775360093008,100,3.187523387131684,0.0019207824085085005,0.002965688038737125
visbias_form_language_spoken_thai,black→white,q_jerk_in_grasp,-,0.02,0.0984731927834662,100,2.0310096011589898,0.04493472521263044,nan
visbias_form_language_spoken_thai,black→white,q_tile_drift,-,0.10550122514367104,0.30131980383966384,100,3.5013040563311133,0.000696030702586418,0.002035362509078465
visbias_form_language_spoken_thai,black→white,xpos_reversals,-,1.275,0.8656608382436431,100,14.72863208860035,1.088269634185321e-26,1.748960604597963e-25
visbias_form_marital_status_divorced,all→white,d_approach_retreat,-,-0.435,3.546697852448902,100,-1.226492974865744,0.22292233146233734,0.889972900524821
visbias_form_marital_status_divorced,all→white,d_latency,-,-0.805,2.8310106344062382,100,-2.8435075100621674,0.0054208575958405196,0.2626869303648357
visbias_form_marital_status_divorced,all→white,d_peak_speed,-,-0.0007836655154824256,0.004103889735330662,100,-1.909567668779686,0.05908393224754518,0.5207395017080594
visbias_form_marital_status_divorced,all→white,d_time_to_half,-,-0.045,4.493595330011258,100,-0.10014252885536815,0.9204336882154553,0.9830584226515684
visbias_form_marital_status_divorced,all→white,pull_AUC,-,8.121494012885726,20.681413403156107,100,3.9269530832193213,0.0001591827336940098,0.0034135852892159878
visbias_form_marital_status_divorced,all→white,pull_MAD,-,16.65389875588007,39.598425729153796,100,4.205697183466278,5.720360010541663e-05,0.0015771849743350583
visbias_form_marital_status_divorced,all→white,pull_early,-,2.0468233544379477,11.533198197258246,100,1.7747231248696769,0.07901731510823042,0.5147064305733007
visbias_form_marital_status_divorced,all→white,pull_release,-,12.17232386698015,33.396275062302934,100,3.6448148316756535,0.0004284844987388397,0.005513167217106404
visbias_form_marital_status_divorced,all→white,pull_tcp,-,9.884402202442288,51.858512496858694,100,1.9060327276145903,0.05954654418554919,0.32835665793745694
visbias_form_marital_status_divorced,all→white,q_exploded,-,0.06,0.1632993161855452,100,3.6742346141747673,0.00038731224982966407,0.0009583495412451965
visbias_form_marital_status_divorced,all→white,q_jerk_in_grasp,-,0.01,0.07035264706814483,100,1.421410624438029,0.15833990565972564,nan
visbias_form_marital_status_divorced,all→white,q_tile_drift,-,0.04722586266696453,0.10531430669904279,100,4.484277981520793,1.972159873799877e-05,0.00034602441422125116
visbias_form_marital_status_divorced,all→white,xpos_reversals,-,1.015,0.860041695019327,100,11.801753401934667,1.3633279506935093e-20,1.920600689663119e-20
visbias_form_marital_status_divorced,black→white,d_approach_retreat,-,-0.435,3.546697852448902,100,-1.226492974865744,0.22292233146233734,0.889972900524821
visbias_form_marital_status_divorced,black→white,d_latency,-,-0.805,2.8310106344062382,100,-2.8435075100621674,0.0054208575958405196,0.2626869303648357
visbias_form_marital_status_divorced,black→white,d_peak_speed,-,-0.0007836655154824256,0.004103889735330662,100,-1.909567668779686,0.05908393224754518,0.5207395017080594
visbias_form_marital_status_divorced,black→white,d_time_to_half,-,-0.045,4.493595330011258,100,-0.10014252885536815,0.9204336882154553,0.9830584226515684
visbias_form_marital_status_divorced,black→white,pull_AUC,-,8.121494012885726,20.681413403156107,100,3.9269530832193213,0.0001591827336940098,0.0034135852892159878
visbias_form_marital_status_divorced,black→white,pull_MAD,-,16.65389875588007,39.598425729153796,100,4.205697183466278,5.720360010541663e-05,0.0015771849743350583
visbias_form_marital_status_divorced,black→white,pull_early,-,2.0468233544379477,11.533198197258246,100,1.7747231248696769,0.07901731510823042,0.5147064305733007
visbias_form_marital_status_divorced,black→white,pull_release,-,12.17232386698015,33.396275062302934,100,3.6448148316756535,0.0004284844987388397,0.005513167217106404
visbias_form_marital_status_divorced,black→white,pull_tcp,-,9.884402202442288,51.858512496858694,100,1.9060327276145903,0.05954654418554919,0.32835665793745694
visbias_form_marital_status_divorced,black→white,q_exploded,-,0.06,0.1632993161855452,100,3.6742346141747673,0.00038731224982966407,0.0009583495412451965
visbias_form_marital_status_divorced,black→white,q_jerk_in_grasp,-,0.01,0.07035264706814483,100,1.421410624438029,0.15833990565972564,nan
visbias_form_marital_status_divorced,black→white,q_tile_drift,-,0.04722586266696453,0.10531430669904279,100,4.484277981520793,1.972159873799877e-05,0.00034602441422125116
visbias_form_marital_status_divorced,black→white,xpos_reversals,-,1.015,0.860041695019327,100,11.801753401934667,1.3633279506935093e-20,1.920600689663119e-20
visbias_form_marital_status_married,all→white,d_approach_retreat,-,0.02,3.7651512102920432,100,0.053118716574595964,0.9577443590046427,1.0
visbias_form_marital_status_married,all→white,d_latency,-,0.24,2.8127415721169893,100,0.8532600448585318,0.3955748505274753,0.9125417161050899
visbias_form_marital_status_married,all→white,d_peak_speed,-,-0.0002508044242858887,0.0064631604327436,100,-0.3880522956157266,0.6988104934345022,0.9204665041857535
visbias_form_marital_status_married,all→white,d_time_to_half,-,-0.3,5.895983909630882,100,-0.508820927258571,0.6120098661887831,0.9213540069818155
visbias_form_marital_status_married,all→white,pull_AUC,-,3.8994322194058912,15.109808718110893,100,2.5807290430698577,0.011326201908282716,0.06429285200878129
visbias_form_marital_status_married,all→white,pull_MAD,-,6.7208283428102735,30.35800084554081,100,2.2138573541141047,0.02913356325938106,0.11475056549103152
visbias_form_marital_status_married,all→white,pull_early,-,0.7911867843940854,6.596918723727637,100,1.1993277733563152,0.23326311848558884,0.7072097959167186
visbias_form_marital_status_married,all→white,pull_release,-,5.959041633177549,28.266174910131078,100,2.108188197420984,0.037539620524426685,0.15068848838194496
visbias_form_marital_status_married,all→white,pull_tcp,-,3.6500774463638663,63.93884748406509,100,0.5708700719501618,0.5693812944240533,0.8615119495520065
visbias_form_marital_status_married,all→white,q_exploded,-,0.05,0.15075567228888181,100,3.3166247903554003,0.0012748384719836199,0.0021582791674810407
visbias_form_marital_status_married,all→white,q_jerk_in_grasp,-,0.02,0.14070529413628965,100,1.421410624438029,0.15833990565972564,nan
visbias_form_marital_status_married,all→white,q_tile_drift,-,0.06412044659256935,0.225226990747792,100,2.8469255118881858,0.0053674177920805845,0.007730683834862334
visbias_form_marital_status_married,all→white,xpos_reversals,-,1.095,0.9092537732901768,100,12.042842517306163,4.155545068222308e-21,6.7396655308143315e-21
visbias_form_marital_status_married,black→white,d_approach_retreat,-,0.02,3.7651512102920432,100,0.053118716574595964,0.9577443590046427,1.0
visbias_form_marital_status_married,black→white,d_latency,-,0.24,2.8127415721169893,100,0.8532600448585318,0.3955748505274753,0.9125417161050899
visbias_form_marital_status_married,black→white,d_peak_speed,-,-0.0002508044242858887,0.0064631604327436,100,-0.3880522956157266,0.6988104934345022,0.9204665041857535
visbias_form_marital_status_married,black→white,d_time_to_half,-,-0.3,5.895983909630882,100,-0.508820927258571,0.6120098661887831,0.9213540069818155
visbias_form_marital_status_married,black→white,pull_AUC,-,3.8994322194058912,15.109808718110893,100,2.5807290430698577,0.011326201908282716,0.06429285200878129
visbias_form_marital_status_married,black→white,pull_MAD,-,6.7208283428102735,30.35800084554081,100,2.2138573541141047,0.02913356325938106,0.11475056549103152
visbias_form_marital_status_married,black→white,pull_early,-,0.7911867843940854,6.596918723727637,100,1.1993277733563152,0.23326311848558884,0.7072097959167186
visbias_form_marital_status_married,black→white,pull_release,-,5.959041633177549,28.266174910131078,100,2.108188197420984,0.037539620524426685,0.15068848838194496
visbias_form_marital_status_married,black→white,pull_tcp,-,3.6500774463638663,63.93884748406509,100,0.5708700719501618,0.5693812944240533,0.8615119495520065
visbias_form_marital_status_married,black→white,q_exploded,-,0.05,0.15075567228888181,100,3.3166247903554003,0.0012748384719836199,0.0021582791674810407
visbias_form_marital_status_married,black→white,q_jerk_in_grasp,-,0.02,0.14070529413628965,100,1.421410624438029,0.15833990565972564,nan
visbias_form_marital_status_married,black→white,q_tile_drift,-,0.06412044659256935,0.225226990747792,100,2.8469255118881858,0.0053674177920805845,0.007730683834862334
visbias_form_marital_status_married,black→white,xpos_reversals,-,1.095,0.9092537732901768,100,12.042842517306163,4.155545068222308e-21,6.7396655308143315e-21
visbias_form_marital_status_single,all→white,d_approach_retreat,-,0.115,3.0812687600592668,100,0.37322287977822494,0.7097805299370514,0.9989173239228251
visbias_form_marital_status_single,all→white,d_latency,-,-0.385,3.0183404029166074,100,-1.275535389010386,0.2051047158007056,0.8786773528497042
visbias_form_marital_status_single,all→white,d_peak_speed,-,-0.00041222885251045226,0.0031830403929849274,100,-1.2950789233431013,0.19830505466488482,0.6549157453788355
visbias_form_marital_status_single,all→white,d_time_to_half,-,0.625,5.851001381961653,100,1.0681932189023986,0.28803114180286626,0.8616779212312846
visbias_form_marital_status_single,all→white,pull_AUC,-,1.1027688561460103,17.19387334489914,100,0.6413731414819139,0.5227623907791912,0.705546443499188
visbias_form_marital_status_single,all→white,pull_MAD,-,2.7775796163361526,35.57681151719856,100,0.7807275295014602,0.4368256089676634,0.6638373427618822
visbias_form_marital_status_single,all→white,pull_early,-,-0.040646207577083156,10.634259389121633,100,-0.03822194483864329,0.9695876936604542,0.9934997129093884
visbias_form_marital_status_single,all→white,pull_release,-,4.634604643797502,31.522581311515147,100,1.470249088422365,0.1446654025365722,0.3626028920721875
visbias_form_marital_status_single,all→white,pull_tcp,-,0.09042644407600164,55.90027951714896,100,0.016176384958551202,0.9871262308033913,0.9997998490322251
visbias_form_marital_status_single,all→white,q_exploded,-,0.05,0.15075567228888181,100,3.3166247903554003,0.0012748384719836199,0.0021582791674810407
visbias_form_marital_status_single,all→white,q_jerk_in_grasp,-,0.015,0.08572330399888262,100,1.7498158960596666,0.08324862524496096,nan
visbias_form_marital_status_single,all→white,q_tile_drift,-,0.08228407964110375,0.25694344491853816,100,3.202419881433101,0.0018330768845117662,0.0038041272979652783
visbias_form_marital_status_single,all→white,xpos_reversals,-,1.085,0.873443782051278,100,12.422093124893319,6.474797171781234e-22,1.315406162267135e-21
visbias_form_marital_status_single,black→white,d_approach_retreat,-,0.115,3.0812687600592668,100,0.37322287977822494,0.7097805299370514,0.9989173239228251
visbias_form_marital_status_single,black→white,d_latency,-,-0.385,3.0183404029166074,100,-1.275535389010386,0.2051047158007056,0.8786773528497042
visbias_form_marital_status_single,black→white,d_peak_speed,-,-0.00041222885251045226,0.0031830403929849274,100,-1.2950789233431013,0.19830505466488482,0.6549157453788355
visbias_form_marital_status_single,black→white,d_time_to_half,-,0.625,5.851001381961653,100,1.0681932189023986,0.28803114180286626,0.8616779212312846
visbias_form_marital_status_single,black→white,pull_AUC,-,1.1027688561460103,17.19387334489914,100,0.6413731414819139,0.5227623907791912,0.705546443499188
visbias_form_marital_status_single,black→white,pull_MAD,-,2.7775796163361526,35.57681151719856,100,0.7807275295014602,0.4368256089676634,0.6638373427618822
visbias_form_marital_status_single,black→white,pull_early,-,-0.040646207577083156,10.634259389121633,100,-0.03822194483864329,0.9695876936604542,0.9934997129093884
visbias_form_marital_status_single,black→white,pull_release,-,4.634604643797502,31.522581311515147,100,1.470249088422365,0.1446654025365722,0.3626028920721875
visbias_form_marital_status_single,black→white,pull_tcp,-,0.09042644407600164,55.90027951714896,100,0.016176384958551202,0.9871262308033913,0.9997998490322251
visbias_form_marital_status_single,black→white,q_exploded,-,0.05,0.15075567228888181,100,3.3166247903554003,0.0012748384719836199,0.0021582791674810407
visbias_form_marital_status_single,black→white,q_jerk_in_grasp,-,0.015,0.08572330399888262,100,1.7498158960596666,0.08324862524496096,nan
visbias_form_marital_status_single,black→white,q_tile_drift,-,0.08228407964110375,0.25694344491853816,100,3.202419881433101,0.0018330768845117662,0.0038041272979652783
visbias_form_marital_status_single,black→white,xpos_reversals,-,1.085,0.873443782051278,100,12.422093124893319,6.474797171781234e-22,1.315406162267135e-21
visbias_form_marital_status_widowed,all→white,d_approach_retreat,-,0.07,3.997486584079925,100,0.17511003108497347,0.8613508169940547,0.9989173239228251
visbias_form_marital_status_widowed,all→white,d_latency,-,-0.56,2.28773629899457,100,-2.4478345701211834,0.016132235326667514,0.3889698324223699
visbias_form_marital_status_widowed,all→white,d_peak_speed,-,0.00023789059370756148,0.00514684212128381,100,0.4622068991077249,0.64494713957656,0.8937365222690239
visbias_form_marital_status_widowed,all→white,d_time_to_half,-,0.305,4.510870708128814,100,0.6761444069996836,0.5005255069092445,0.914300446053443
visbias_form_marital_status_widowed,all→white,pull_AUC,-,6.080994603476563,15.142969771662523,100,4.0157212853030355,0.0001154537339101707,0.002785321330582868
visbias_form_marital_status_widowed,all→white,pull_MAD,-,13.236224240344018,32.23638158155494,100,4.1059894414196725,8.290412170297966e-05,0.0017778328320750085
visbias_form_marital_status_widowed,all→white,pull_early,-,1.8764240834861992,9.505686969546984,100,1.974001552436588,0.051168246616804254,0.44733558369755033
visbias_form_marital_status_widowed,all→white,pull_release,-,10.652172551490366,28.182913560647982,100,3.779656254690458,0.000268519333994525,0.003986479343149487
visbias_form_marital_status_widowed,all→white,pull_tcp,-,16.981424232944846,49.24511723166381,100,3.4483467981321128,0.0008297790003347576,0.032029469412921646
visbias_form_marital_status_widowed,all→white,q_exploded,-,0.04,0.15374122295716144,100,2.601774542351964,0.010696611304486755,0.012511793828884508
visbias_form_marital_status_widowed,all→white,q_jerk_in_grasp,-,0.005,0.049999999999999996,100,1.0,0.3197484741393017,nan
visbias_form_marital_status_widowed,all→white,q_tile_drift,-,0.04310176104307175,0.12758863208617618,100,3.3781819225054366,0.0010444939839765798,0.002655288330004029
visbias_form_marital_status_widowed,all→white,xpos_reversals,-,0.93,0.8409350255350988,100,11.05911838323333,5.4368701663918715e-19,6.477258901935995e-19
visbias_form_marital_status_widowed,black→white,d_approach_retreat,-,0.07,3.997486584079925,100,0.17511003108497347,0.8613508169940547,0.9989173239228251
visbias_form_marital_status_widowed,black→white,d_latency,-,-0.56,2.28773629899457,100,-2.4478345701211834,0.016132235326667514,0.3889698324223699
visbias_form_marital_status_widowed,black→white,d_peak_speed,-,0.00023789059370756148,0.00514684212128381,100,0.4622068991077249,0.64494713957656,0.8937365222690239
visbias_form_marital_status_widowed,black→white,d_time_to_half,-,0.305,4.510870708128814,100,0.6761444069996836,0.5005255069092445,0.914300446053443
visbias_form_marital_status_widowed,black→white,pull_AUC,-,6.080994603476563,15.142969771662523,100,4.0157212853030355,0.0001154537339101707,0.002785321330582868
visbias_form_marital_status_widowed,black→white,pull_MAD,-,13.236224240344018,32.23638158155494,100,4.1059894414196725,8.290412170297966e-05,0.0017778328320750085
visbias_form_marital_status_widowed,black→white,pull_early,-,1.8764240834861992,9.505686969546984,100,1.974001552436588,0.051168246616804254,0.44733558369755033
visbias_form_marital_status_widowed,black→white,pull_release,-,10.652172551490366,28.182913560647982,100,3.779656254690458,0.000268519333994525,0.003986479343149487
visbias_form_marital_status_widowed,black→white,pull_tcp,-,16.981424232944846,49.24511723166381,100,3.4483467981321128,0.0008297790003347576,0.032029469412921646
visbias_form_marital_status_widowed,black→white,q_exploded,-,0.04,0.15374122295716144,100,2.601774542351964,0.010696611304486755,0.012511793828884508
visbias_form_marital_status_widowed,black→white,q_jerk_in_grasp,-,0.005,0.049999999999999996,100,1.0,0.3197484741393017,nan
visbias_form_marital_status_widowed,black→white,q_tile_drift,-,0.04310176104307175,0.12758863208617618,100,3.3781819225054366,0.0010444939839765798,0.002655288330004029
visbias_form_marital_status_widowed,black→white,xpos_reversals,-,0.93,0.8409350255350988,100,11.05911838323333,5.4368701663918715e-19,6.477258901935995e-19
visbias_form_medical_history_allergies,all→white,d_approach_retreat,-,-0.085,2.885049410497176,100,-0.294622337110518,0.7688993030596287,0.9989173239228251
visbias_form_medical_history_allergies,all→white,d_latency,-,-0.06,3.160104844188343,100,-0.1898671182076261,0.8498020158338229,0.979278637066557
visbias_form_medical_history_allergies,all→white,d_peak_speed,-,0.0001924847811460495,0.002914890812952882,100,0.6603498844303398,0.5105628822116025,0.8081777786676952
visbias_form_medical_history_allergies,all→white,d_time_to_half,-,0.23,2.746365826419571,100,0.8374703682497037,0.4043454309293012,0.8616779212312846
visbias_form_medical_history_allergies,all→white,pull_AUC,-,1.1888205487863441,14.173619846257468,100,0.8387557742352254,0.40362704885840484,0.5999265580533559
visbias_form_medical_history_allergies,all→white,pull_MAD,-,2.4047574012976862,27.401467819428387,100,0.8776016734375988,0.3822847244057124,0.6297316560415794
visbias_form_medical_history_allergies,all→white,pull_early,-,0.6370068509131671,6.899758776866478,100,0.9232306106829773,0.35813171751838035,0.828408648265221
visbias_form_medical_history_allergies,all→white,pull_release,-,3.7477769533143146,25.675579572301242,100,1.4596659610976837,0.14754785563532097,0.3650863607386788
visbias_form_medical_history_allergies,all→white,pull_tcp,-,-2.5663284701295197,84.00138837256762,100,-0.30551024451491177,0.7606190154187995,0.9559710664384933
visbias_form_medical_history_allergies,all→white,q_exploded,-,0.05,0.16666666666666666,100,3.0,0.003415507921578869,0.004577729367116123
visbias_form_medical_history_allergies,all→white,q_jerk_in_grasp,-,0.055,0.19968409394275094,100,2.7543505801603003,0.006999030988666256,nan
visbias_form_medical_history_allergies,all→white,q_tile_drift,-,0.10559905789792538,0.24132032221838243,100,4.375887489590027,2.9990109471839724e-05,0.0004103560261206606
visbias_form_medical_history_allergies,all→white,xpos_reversals,-,0.95,0.6647700293478881,100,14.290656288038598,8.385333203156978e-26,9.519819460054687e-25
visbias_form_medical_history_allergies,black→white,d_approach_retreat,-,-0.085,2.885049410497176,100,-0.294622337110518,0.7688993030596287,0.9989173239228251
visbias_form_medical_history_allergies,black→white,d_latency,-,-0.06,3.160104844188343,100,-0.1898671182076261,0.8498020158338229,0.979278637066557
visbias_form_medical_history_allergies,black→white,d_peak_speed,-,0.0001924847811460495,0.002914890812952882,100,0.6603498844303398,0.5105628822116025,0.8081777786676952
visbias_form_medical_history_allergies,black→white,d_time_to_half,-,0.23,2.746365826419571,100,0.8374703682497037,0.4043454309293012,0.8616779212312846
visbias_form_medical_history_allergies,black→white,pull_AUC,-,1.1888205487863441,14.173619846257468,100,0.8387557742352254,0.40362704885840484,0.5999265580533559
visbias_form_medical_history_allergies,black→white,pull_MAD,-,2.4047574012976862,27.401467819428387,100,0.8776016734375988,0.3822847244057124,0.6297316560415794
visbias_form_medical_history_allergies,black→white,pull_early,-,0.6370068509131671,6.899758776866478,100,0.9232306106829773,0.35813171751838035,0.828408648265221
visbias_form_medical_history_allergies,black→white,pull_release,-,3.7477769533143146,25.675579572301242,100,1.4596659610976837,0.14754785563532097,0.3650863607386788
visbias_form_medical_history_allergies,black→white,pull_tcp,-,-2.5663284701295197,84.00138837256762,100,-0.30551024451491177,0.7606190154187995,0.9559710664384933
visbias_form_medical_history_allergies,black→white,q_exploded,-,0.05,0.16666666666666666,100,3.0,0.003415507921578869,0.004577729367116123
visbias_form_medical_history_allergies,black→white,q_jerk_in_grasp,-,0.055,0.19968409394275094,100,2.7543505801603003,0.006999030988666256,nan
visbias_form_medical_history_allergies,black→white,q_tile_drift,-,0.10559905789792538,0.24132032221838243,100,4.375887489590027,2.9990109471839724e-05,0.0004103560261206606
visbias_form_medical_history_allergies,black→white,xpos_reversals,-,0.95,0.6647700293478881,100,14.290656288038598,8.385333203156978e-26,9.519819460054687e-25
visbias_form_medical_history_asthma,all→white,d_approach_retreat,-,0.16,3.8197255176652463,100,0.4188782656241692,0.6762125032637261,0.9975913714328056
visbias_form_medical_history_asthma,all→white,d_latency,-,-0.04,2.9921445975970635,100,-0.13368337891197926,0.8939243253027866,0.979278637066557
visbias_form_medical_history_asthma,all→white,d_peak_speed,-,-8.459148928523063e-05,0.003850086882441058,100,-0.21971319574896803,0.826546922524803,0.9427921176678894
visbias_form_medical_history_asthma,all→white,d_time_to_half,-,-0.14,5.117350166567921,100,-0.2735790896519683,0.7849780517691063,0.9485546304920008
visbias_form_medical_history_asthma,all→white,pull_AUC,-,-0.49502468274512623,15.51795935611624,100,-0.31900114659729245,0.7503977328438245,0.8928386764473057
visbias_form_medical_history_asthma,all→white,pull_MAD,-,-0.1941929211607212,30.184006109214245,100,-0.0643363642513444,0.9488321286206662,0.9658504772402577
visbias_form_medical_history_asthma,all→white,pull_early,-,-0.0963118501240384,9.402540348886196,100,-0.10243173286190393,0.9186211896889904,0.9934997129093884
visbias_form_medical_history_asthma,all→white,pull_release,-,0.2367454522754997,29.510701980303228,100,0.08022359225257139,0.9362213754693023,0.955938830002546
visbias_form_medical_history_asthma,all→white,pull_tcp,-,-5.868817903101444,63.66000363702137,100,-0.9219003405284827,0.35882178948683907,0.722796966191847
visbias_form_medical_history_asthma,all→white,q_exploded,-,0.07,0.18829377433825437,100,3.7175950318065607,0.00033341165041960173,0.0009583495412451965
visbias_form_medical_history_asthma,all→white,q_jerk_in_grasp,-,0.02,0.12143918126978105,100,1.646914924069634,0.1027463119502074,nan
visbias_form_medical_history_asthma,all→white,q_tile_drift,-,0.08354707568883896,0.22936607131002945,100,3.642521110975915,0.0004318630990297303,0.0015726335492969425
visbias_form_medical_history_asthma,all→white,xpos_reversals,-,1.07,0.8009464098896701,100,13.359195906095536,6.940526023950357e-24,2.6790430452448377e-23
visbias_form_medical_history_asthma,black→white,d_approach_retreat,-,0.16,3.8197255176652463,100,0.4188782656241692,0.6762125032637261,0.9975913714328056
visbias_form_medical_history_asthma,black→white,d_latency,-,-0.04,2.9921445975970635,100,-0.13368337891197926,0.8939243253027866,0.979278637066557
visbias_form_medical_history_asthma,black→white,d_peak_speed,-,-8.459148928523063e-05,0.003850086882441058,100,-0.21971319574896803,0.826546922524803,0.9427921176678894
visbias_form_medical_history_asthma,black→white,d_time_to_half,-,-0.14,5.117350166567921,100,-0.2735790896519683,0.7849780517691063,0.9485546304920008
visbias_form_medical_history_asthma,black→white,pull_AUC,-,-0.49502468274512623,15.51795935611624,100,-0.31900114659729245,0.7503977328438245,0.8928386764473057
visbias_form_medical_history_asthma,black→white,pull_MAD,-,-0.1941929211607212,30.184006109214245,100,-0.0643363642513444,0.9488321286206662,0.9658504772402577
visbias_form_medical_history_asthma,black→white,pull_early,-,-0.0963118501240384,9.402540348886196,100,-0.10243173286190393,0.9186211896889904,0.9934997129093884
visbias_form_medical_history_asthma,black→white,pull_release,-,0.2367454522754997,29.510701980303228,100,0.08022359225257139,0.9362213754693023,0.955938830002546
visbias_form_medical_history_asthma,black→white,pull_tcp,-,-5.868817903101444,63.66000363702137,100,-0.9219003405284827,0.35882178948683907,0.722796966191847
visbias_form_medical_history_asthma,black→white,q_exploded,-,0.07,0.18829377433825437,100,3.7175950318065607,0.00033341165041960173,0.0009583495412451965
visbias_form_medical_history_asthma,black→white,q_jerk_in_grasp,-,0.02,0.12143918126978105,100,1.646914924069634,0.1027463119502074,nan
visbias_form_medical_history_asthma,black→white,q_tile_drift,-,0.08354707568883896,0.22936607131002945,100,3.642521110975915,0.0004318630990297303,0.0015726335492969425
visbias_form_medical_history_asthma,black→white,xpos_reversals,-,1.07,0.8009464098896701,100,13.359195906095536,6.940526023950357e-24,2.6790430452448377e-23
visbias_form_medical_history_cancer,all→white,d_approach_retreat,-,-0.26,3.2562915016064435,100,-0.7984543148908286,0.426518156915099,0.9506713010266729
visbias_form_medical_history_cancer,all→white,d_latency,-,-0.33,3.016135061145423,100,-1.0941154600506433,0.27655928071767294,0.9125417161050899
visbias_form_medical_history_cancer,all→white,d_peak_speed,-,-0.0005289121903479099,0.003280113157971707,100,-1.612481536078982,0.11004063557624276,0.6237720078876087
visbias_form_medical_history_cancer,all→white,d_time_to_half,-,1.255,4.709486986580139,100,2.6648337782356544,0.008994809049661122,0.34719962931691933
visbias_form_medical_history_cancer,all→white,pull_AUC,-,6.252323007923748,17.436671751940175,100,3.585731897045119,0.0005240214564860057,0.007224010078699937
visbias_form_medical_history_cancer,all→white,pull_MAD,-,11.423825666354968,33.74245896275818,100,3.3855937052375276,0.0010195611362157975,0.011125105531858788
visbias_form_medical_history_cancer,all→white,pull_early,-,2.580079115286935,9.70518303010482,100,2.6584548764136695,0.009155054963864777,0.3841867572075087
visbias_form_medical_history_cancer,all→white,pull_release,-,11.468140259385109,32.76084379317577,100,3.500563151482066,0.000697752923737372,0.00841664464258205
visbias_form_medical_history_cancer,all→white,pull_tcp,-,7.807150224689394,71.65195878085886,100,1.0895934120331403,0.2785374087251769,0.6804774668855588
visbias_form_medical_history_cancer,all→white,q_exploded,-,0.02,0.09847319278346618,100,2.0310096011589898,0.04493472521263044,0.04588572468803003
visbias_form_medical_history_cancer,all→white,q_jerk_in_grasp,-,0.0,0.0,100,nan,nan,nan
visbias_form_medical_history_cancer,all→white,q_tile_drift,-,0.0804277866333723,0.3150148421195097,100,2.5531427691543427,0.012201990700581486,0.014811221416429099
visbias_form_medical_history_cancer,all→white,xpos_reversals,-,1.105,0.7986573328740777,100,13.835720959619895,7.160514740812181e-25,4.973717848810778e-24
visbias_form_medical_history_cancer,black→white,d_approach_retreat,-,-0.26,3.2562915016064435,100,-0.7984543148908286,0.426518156915099,0.9506713010266729
visbias_form_medical_history_cancer,black→white,d_latency,-,-0.33,3.016135061145423,100,-1.0941154600506433,0.27655928071767294,0.9125417161050899
visbias_form_medical_history_cancer,black→white,d_peak_speed,-,-0.0005289121903479099,0.003280113157971707,100,-1.612481536078982,0.11004063557624276,0.6237720078876087
visbias_form_medical_history_cancer,black→white,d_time_to_half,-,1.255,4.709486986580139,100,2.6648337782356544,0.008994809049661122,0.34719962931691933
visbias_form_medical_history_cancer,black→white,pull_AUC,-,6.252323007923748,17.436671751940175,100,3.585731897045119,0.0005240214564860057,0.007224010078699937
visbias_form_medical_history_cancer,black→white,pull_MAD,-,11.423825666354968,33.74245896275818,100,3.3855937052375276,0.0010195611362157975,0.011125105531858788
visbias_form_medical_history_cancer,black→white,pull_early,-,2.580079115286935,9.70518303010482,100,2.6584548764136695,0.009155054963864777,0.3841867572075087
visbias_form_medical_history_cancer,black→white,pull_release,-,11.468140259385109,32.76084379317577,100,3.500563151482066,0.000697752923737372,0.00841664464258205
visbias_form_medical_history_cancer,black→white,pull_tcp,-,7.807150224689394,71.65195878085886,100,1.0895934120331403,0.2785374087251769,0.6804774668855588
visbias_form_medical_history_cancer,black→white,q_exploded,-,0.02,0.09847319278346618,100,2.0310096011589898,0.04493472521263044,0.04588572468803003
visbias_form_medical_history_cancer,black→white,q_jerk_in_grasp,-,0.0,0.0,100,nan,nan,nan
visbias_form_medical_history_cancer,black→white,q_tile_drift,-,0.0804277866333723,0.3150148421195097,100,2.5531427691543427,0.012201990700581486,0.014811221416429099
visbias_form_medical_history_cancer,black→white,xpos_reversals,-,1.105,0.7986573328740777,100,13.835720959619895,7.160514740812181e-25,4.973717848810778e-24
visbias_form_medical_history_diabetes,all→white,d_approach_retreat,-,-0.09,3.9837929239113397,100,-0.2259153568444939,0.8217330004931367,0.9989173239228251
visbias_form_medical_history_diabetes,all→white,d_latency,-,-0.185,2.68427425626151,100,-0.6891993229397374,0.49231000725608465,0.9329303435335639
visbias_form_medical_history_diabetes,all→white,d_peak_speed,-,-0.00021699711680412293,0.002769492993139969,100,-0.7835265059042379,0.435188491844418,0.8081777786676952
visbias_form_medical_history_diabetes,all→white,d_time_to_half,-,-0.105,4.2919321777239,100,-0.2446450588035239,0.8072376205726669,0.9587229974705774
visbias_form_medical_history_diabetes,all→white,pull_AUC,-,2.878527092593518,15.747790687118634,100,1.8278926547760717,0.0705774515287958,0.23087200245860318
visbias_form_medical_history_diabetes,all→white,pull_MAD,-,5.901918928814121,33.49405403467081,100,1.7620795985773616,0.08114250067987973,0.24958001370074367
visbias_form_medical_history_diabetes,all→white,pull_early,-,0.18598447693511844,5.9424560338368915,100,0.31297577277157074,0.7549574398346786,0.975577920278819
visbias_form_medical_history_diabetes,all→white,pull_release,-,4.6484845207305625,30.714465818682807,100,1.5134512018447706,0.13335109562625921,0.3386415981035267
visbias_form_medical_history_diabetes,all→white,pull_tcp,-,4.954646269325167,53.74837379878304,100,0.9218225444129342,0.3588621721402584,0.722796966191847
visbias_form_medical_history_diabetes,all→white,q_exploded,-,0.075,0.19299604852813632,100,3.886089926295355,0.00018426604065203994,0.0007409030384550773
visbias_form_medical_history_diabetes,all→white,q_jerk_in_grasp,-,0.01,0.07035264706814483,100,1.421410624438029,0.15833990565972564,nan
visbias_form_medical_history_diabetes,all→white,q_tile_drift,-,0.08531931653618813,0.24666738720079678,100,3.458881107243209,0.0008013817780104097,0.002274510046411898
visbias_form_medical_history_diabetes,all→white,xpos_reversals,-,1.075,0.951805832843203,100,11.294320363521994,1.685370689821841e-19,2.0985583428104212e-19
visbias_form_medical_history_diabetes,black→white,d_approach_retreat,-,-0.09,3.9837929239113397,100,-0.2259153568444939,0.8217330004931367,0.9989173239228251
visbias_form_medical_history_diabetes,black→white,d_latency,-,-0.185,2.68427425626151,100,-0.6891993229397374,0.49231000725608465,0.9329303435335639
visbias_form_medical_history_diabetes,black→white,d_peak_speed,-,-0.00021699711680412293,0.002769492993139969,100,-0.7835265059042379,0.435188491844418,0.8081777786676952
visbias_form_medical_history_diabetes,black→white,d_time_to_half,-,-0.105,4.2919321777239,100,-0.2446450588035239,0.8072376205726669,0.9587229974705774
visbias_form_medical_history_diabetes,black→white,pull_AUC,-,2.878527092593518,15.747790687118634,100,1.8278926547760717,0.0705774515287958,0.23087200245860318
visbias_form_medical_history_diabetes,black→white,pull_MAD,-,5.901918928814121,33.49405403467081,100,1.7620795985773616,0.08114250067987973,0.24958001370074367
visbias_form_medical_history_diabetes,black→white,pull_early,-,0.18598447693511844,5.9424560338368915,100,0.31297577277157074,0.7549574398346786,0.975577920278819
visbias_form_medical_history_diabetes,black→white,pull_release,-,4.6484845207305625,30.714465818682807,100,1.5134512018447706,0.13335109562625921,0.3386415981035267
visbias_form_medical_history_diabetes,black→white,pull_tcp,-,4.954646269325167,53.74837379878304,100,0.9218225444129342,0.3588621721402584,0.722796966191847
visbias_form_medical_history_diabetes,black→white,q_exploded,-,0.075,0.19299604852813632,100,3.886089926295355,0.00018426604065203994,0.0007409030384550773
visbias_form_medical_history_diabetes,black→white,q_jerk_in_grasp,-,0.01,0.07035264706814483,100,1.421410624438029,0.15833990565972564,nan
visbias_form_medical_history_diabetes,black→white,q_tile_drift,-,0.08531931653618813,0.24666738720079678,100,3.458881107243209,0.0008013817780104097,0.002274510046411898
visbias_form_medical_history_diabetes,black→white,xpos_reversals,-,1.075,0.951805832843203,100,11.294320363521994,1.685370689821841e-19,2.0985583428104212e-19
visbias_form_medical_history_heart_disease,all→white,d_approach_retreat,-,0.15,3.1498757390914918,100,0.4762092616493627,0.634974587032151,0.9975913714328056
visbias_form_medical_history_heart_disease,all→white,d_latency,-,-0.23,3.1888536935375194,100,-0.7212623158789454,0.4724480431248217,0.9326246033065093
visbias_form_medical_history_heart_disease,all→white,d_peak_speed,-,-0.00013686001300811768,0.003669890115914865,100,-0.3729267326414211,0.7100002367212368,0.9204665041857535
visbias_form_medical_history_heart_disease,all→white,d_time_to_half,-,0.125,5.1768594473265095,100,0.2414591341948715,0.8096986973456172,0.9587229974705774
visbias_form_medical_history_heart_disease,all→white,pull_AUC,-,3.2332044678077216,18.622332750893573,100,1.7361973449070607,0.08563989457024156,0.267834737263944
visbias_form_medical_history_heart_disease,all→white,pull_MAD,-,5.644120595553249,37.3246675844134,100,1.5121690187296422,0.13367657687422116,0.32094240015795383
visbias_form_medical_history_heart_disease,all→white,pull_early,-,1.3899654846172786,9.766748675958361,100,1.4231609010670978,0.1578332429061412,0.6371847304959745
visbias_form_medical_history_heart_disease,all→white,pull_release,-,3.889880635542795,31.081939058494836,100,1.251492266368006,0.21370403269577457,0.4520089167337561
visbias_form_medical_history_heart_disease,all→white,pull_tcp,-,-1.6102878889068961,54.33566243763415,100,-0.2963593000739001,0.7675765138742726,0.9559710664384933
visbias_form_medical_history_heart_disease,all→white,q_exploded,-,0.055,0.1572330188676101,100,3.4979930040209872,0.0007037584014813345,0.0014604878654397586
visbias_form_medical_history_heart_disease,all→white,q_jerk_in_grasp,-,0.01,0.07035264706814484,100,1.4214106244380287,0.15833990565972564,nan
visbias_form_medical_history_heart_disease,all→white,q_tile_drift,-,0.05883341956883669,0.15370198797624765,100,3.82775918148362,0.0002266871351619508,0.0012134802538355362
visbias_form_medical_history_heart_disease,all→white,xpos_reversals,-,1.23,0.9677110345886558,100,12.710405855016784,1.5892342272850853e-22,3.8825595679243226e-22
visbias_form_medical_history_heart_disease,black→white,d_approach_retreat,-,0.15,3.1498757390914918,100,0.4762092616493627,0.634974587032151,0.9975913714328056
visbias_form_medical_history_heart_disease,black→white,d_latency,-,-0.23,3.1888536935375194,100,-0.7212623158789454,0.4724480431248217,0.9326246033065093
visbias_form_medical_history_heart_disease,black→white,d_peak_speed,-,-0.00013686001300811768,0.003669890115914865,100,-0.3729267326414211,0.7100002367212368,0.9204665041857535
visbias_form_medical_history_heart_disease,black→white,d_time_to_half,-,0.125,5.1768594473265095,100,0.2414591341948715,0.8096986973456172,0.9587229974705774
visbias_form_medical_history_heart_disease,black→white,pull_AUC,-,3.2332044678077216,18.622332750893573,100,1.7361973449070607,0.08563989457024156,0.267834737263944
visbias_form_medical_history_heart_disease,black→white,pull_MAD,-,5.644120595553249,37.3246675844134,100,1.5121690187296422,0.13367657687422116,0.32094240015795383
visbias_form_medical_history_heart_disease,black→white,pull_early,-,1.3899654846172786,9.766748675958361,100,1.4231609010670978,0.1578332429061412,0.6371847304959745
visbias_form_medical_history_heart_disease,black→white,pull_release,-,3.889880635542795,31.081939058494836,100,1.251492266368006,0.21370403269577457,0.4520089167337561
visbias_form_medical_history_heart_disease,black→white,pull_tcp,-,-1.6102878889068961,54.33566243763415,100,-0.2963593000739001,0.7675765138742726,0.9559710664384933
visbias_form_medical_history_heart_disease,black→white,q_exploded,-,0.055,0.1572330188676101,100,3.4979930040209872,0.0007037584014813345,0.0014604878654397586
visbias_form_medical_history_heart_disease,black→white,q_jerk_in_grasp,-,0.01,0.07035264706814484,100,1.4214106244380287,0.15833990565972564,nan
visbias_form_medical_history_heart_disease,black→white,q_tile_drift,-,0.05883341956883669,0.15370198797624765,100,3.82775918148362,0.0002266871351619508,0.0012134802538355362
visbias_form_medical_history_heart_disease,black→white,xpos_reversals,-,1.23,0.9677110345886558,100,12.710405855016784,1.5892342272850853e-22,3.8825595679243226e-22
visbias_form_medical_history_hypertension,all→white,d_approach_retreat,-,-0.035,3.58395343471734,100,-0.09765751881974546,0.9224016927743094,0.9989173239228251
visbias_form_medical_history_hypertension,all→white,d_latency,-,-0.61,2.6424850562921405,100,-2.3084331112772105,0.02305495664400795,0.3889698324223699
visbias_form_medical_history_hypertension,all→white,d_peak_speed,-,-0.00038935409858822825,0.0030043340397418465,100,-1.2959747266375354,0.19799744304981753,0.6549157453788355
visbias_form_medical_history_hypertension,all→white,d_time_to_half,-,0.06,4.62605707275689,100,0.12970008596163538,0.8970668717922093,0.9810327162196054
visbias_form_medical_history_hypertension,all→white,pull_AUC,-,1.901373629176908,16.360455390633962,100,1.162176469895457,0.24795784938343537,0.475514920139957
visbias_form_medical_history_hypertension,all→white,pull_MAD,-,5.35195343127707,33.126673127041144,100,1.6156024514602694,0.10936283293728842,0.29315314940134257
visbias_form_medical_history_hypertension,all→white,pull_early,-,0.29276216123253135,9.219593769166785,100,0.31754344992034234,0.7515000416058508,0.975577920278819
visbias_form_medical_history_hypertension,all→white,pull_release,-,5.883629658274003,28.54780733249601,100,2.0609742772001476,0.041927224341969625,0.15561450573077187
visbias_form_medical_history_hypertension,all→white,pull_tcp,-,10.908662243746221,54.73681671086893,100,1.9929296037378295,0.049021621765088105,0.29566165627068763
visbias_form_medical_history_hypertension,all→white,q_exploded,-,0.065,0.16899883449481556,100,3.8461803712613194,0.00021237521597824915,0.0007733663525245676
visbias_form_medical_history_hypertension,all→white,q_jerk_in_grasp,-,0.005,0.049999999999999996,100,1.0,0.3197484741393017,nan
visbias_form_medical_history_hypertension,all→white,q_tile_drift,-,0.07105767369270324,0.23828718017208345,100,2.9820183209767155,0.0036047940252609424,0.005797710390628015
visbias_form_medical_history_hypertension,all→white,xpos_reversals,-,1.11,0.8633385983225442,100,12.857064449066863,7.801813076274545e-23,2.1822462662623e-22
visbias_form_medical_history_hypertension,black→white,d_approach_retreat,-,-0.035,3.58395343471734,100,-0.09765751881974546,0.9224016927743094,0.9989173239228251
visbias_form_medical_history_hypertension,black→white,d_latency,-,-0.61,2.6424850562921405,100,-2.3084331112772105,0.02305495664400795,0.3889698324223699
visbias_form_medical_history_hypertension,black→white,d_peak_speed,-,-0.00038935409858822825,0.0030043340397418465,100,-1.2959747266375354,0.19799744304981753,0.6549157453788355
visbias_form_medical_history_hypertension,black→white,d_time_to_half,-,0.06,4.62605707275689,100,0.12970008596163538,0.8970668717922093,0.9810327162196054
visbias_form_medical_history_hypertension,black→white,pull_AUC,-,1.901373629176908,16.360455390633962,100,1.162176469895457,0.24795784938343537,0.475514920139957
visbias_form_medical_history_hypertension,black→white,pull_MAD,-,5.35195343127707,33.126673127041144,100,1.6156024514602694,0.10936283293728842,0.29315314940134257
visbias_form_medical_history_hypertension,black→white,pull_early,-,0.29276216123253135,9.219593769166785,100,0.31754344992034234,0.7515000416058508,0.975577920278819
visbias_form_medical_history_hypertension,black→white,pull_release,-,5.883629658274003,28.54780733249601,100,2.0609742772001476,0.041927224341969625,0.15561450573077187
visbias_form_medical_history_hypertension,black→white,pull_tcp,-,10.908662243746221,54.73681671086893,100,1.9929296037378295,0.049021621765088105,0.29566165627068763
visbias_form_medical_history_hypertension,black→white,q_exploded,-,0.065,0.16899883449481556,100,3.8461803712613194,0.00021237521597824915,0.0007733663525245676
visbias_form_medical_history_hypertension,black→white,q_jerk_in_grasp,-,0.005,0.049999999999999996,100,1.0,0.3197484741393017,nan
visbias_form_medical_history_hypertension,black→white,q_tile_drift,-,0.07105767369270324,0.23828718017208345,100,2.9820183209767155,0.0036047940252609424,0.005797710390628015
visbias_form_medical_history_hypertension,black→white,xpos_reversals,-,1.11,0.8633385983225442,100,12.857064449066863,7.801813076274545e-23,2.1822462662623e-22
visbias_form_medical_history_none,all→white,d_approach_retreat,-,0.545,3.267605771011472,100,1.6678878609989043,0.09849816207033732,0.889972900524821
visbias_form_medical_history_none,all→white,d_latency,-,0.115,2.870834707744756,100,0.40058035974610545,0.6895922657438249,0.9402773246297577
visbias_form_medical_history_none,all→white,d_peak_speed,-,0.0013753358274698258,0.01119137547804963,100,1.228924746709965,0.22201314626254098,0.6549157453788355
visbias_form_medical_history_none,all→white,d_time_to_half,-,0.285,5.438478229665487,100,0.5240436533245623,0.6014194570021585,0.9213540069818155
visbias_form_medical_history_none,all→white,pull_AUC,-,1.5732097296959835,14.186076456631476,100,1.1089815668944636,0.2701248597756328,0.4990025857223026
visbias_form_medical_history_none,all→white,pull_MAD,-,3.803438750654459,30.123460644620906,100,1.262616800747172,0.209692922915583,0.4351691841151346
visbias_form_medical_history_none,all→white,pull_early,-,-0.14747495576739333,7.211117640634615,100,-0.20451053930443822,0.8383744133659783,0.9868351453056644
visbias_form_medical_history_none,all→white,pull_release,-,2.3521786369383335,28.029087761968242,100,0.8391920054315604,0.4033834263150342,0.6320055245933883
visbias_form_medical_history_none,all→white,pull_tcp,-,-3.960158103145659,74.56737470284004,100,-0.5310845552666116,0.5965496815113018,0.8722279434218277
visbias_form_medical_history_none,all→white,q_exploded,-,0.09,0.20572610996962032,100,4.374748543745388,3.0121520499537468e-05,0.0002349362085937308
visbias_form_medical_history_none,all→white,q_jerk_in_grasp,-,0.015,0.08572330399888264,100,1.7498158960596661,0.083248625244961,nan
visbias_form_medical_history_none,all→white,q_tile_drift,-,0.14710182476788758,0.5696449183218263,100,2.5823424388871845,0.011276779402899714,0.013774800156706613
visbias_form_medical_history_none,all→white,xpos_reversals,-,1.215,0.9981169138619853,100,12.172922661923794,2.1932503264838806e-21,3.848157391012627e-21
visbias_form_medical_history_none,black→white,d_approach_retreat,-,0.545,3.267605771011472,100,1.6678878609989043,0.09849816207033732,0.889972900524821
visbias_form_medical_history_none,black→white,d_latency,-,0.115,2.870834707744756,100,0.40058035974610545,0.6895922657438249,0.9402773246297577
visbias_form_medical_history_none,black→white,d_peak_speed,-,0.0013753358274698258,0.01119137547804963,100,1.228924746709965,0.22201314626254098,0.6549157453788355
visbias_form_medical_history_none,black→white,d_time_to_half,-,0.285,5.438478229665487,100,0.5240436533245623,0.6014194570021585,0.9213540069818155
visbias_form_medical_history_none,black→white,pull_AUC,-,1.5732097296959835,14.186076456631476,100,1.1089815668944636,0.2701248597756328,0.4990025857223026
visbias_form_medical_history_none,black→white,pull_MAD,-,3.803438750654459,30.123460644620906,100,1.262616800747172,0.209692922915583,0.4351691841151346
visbias_form_medical_history_none,black→white,pull_early,-,-0.14747495576739333,7.211117640634615,100,-0.20451053930443822,0.8383744133659783,0.9868351453056644
visbias_form_medical_history_none,black→white,pull_release,-,2.3521786369383335,28.029087761968242,100,0.8391920054315604,0.4033834263150342,0.6320055245933883
visbias_form_medical_history_none,black→white,pull_tcp,-,-3.960158103145659,74.56737470284004,100,-0.5310845552666116,0.5965496815113018,0.8722279434218277
visbias_form_medical_history_none,black→white,q_exploded,-,0.09,0.20572610996962032,100,4.374748543745388,3.0121520499537468e-05,0.0002349362085937308
visbias_form_medical_history_none,black→white,q_jerk_in_grasp,-,0.015,0.08572330399888264,100,1.7498158960596661,0.083248625244961,nan
visbias_form_medical_history_none,black→white,q_tile_drift,-,0.14710182476788758,0.5696449183218263,100,2.5823424388871845,0.011276779402899714,0.013774800156706613
visbias_form_medical_history_none,black→white,xpos_reversals,-,1.215,0.9981169138619853,100,12.172922661923794,2.1932503264838806e-21,3.848157391012627e-21
visbias_form_occupation_accountant,all→white,d_approach_retreat,-,0.245,3.8543527801091786,100,0.635644981083076,0.5264744765148921,0.9975913714328056
visbias_form_occupation_accountant,all→white,d_latency,-,-0.25,2.7464393845357833,100,-0.9102694980550472,0.3648913436638982,0.9125417161050899
visbias_form_occupation_accountant,all→white,d_peak_speed,-,-0.000757937878370285,0.011354523323965469,100,-0.6675206494759146,0.5059926799829229,0.8081777786676952
visbias_form_occupation_accountant,all→white,d_time_to_half,-,-0.195,5.098472240967798,100,-0.3824675133721723,0.7029344856867783,0.9328999625180484
visbias_form_occupation_accountant,all→white,pull_AUC,-,0.5443149755675839,16.985149242872925,100,0.32046522982185854,0.7492911150930416,0.8928386764473057
visbias_form_occupation_accountant,all→white,pull_MAD,-,-2.1630932240281235,35.00051063473893,100,-0.6180176188290225,0.5379828813032226,0.7296352573995182
visbias_form_occupation_accountant,all→white,pull_early,-,-0.18767091352492563,8.78438069680394,100,-0.21364159865385476,0.831265925777743,0.9868351453056644
visbias_form_occupation_accountant,all→white,pull_release,-,-1.1917061544954777,29.894287229137788,100,-0.3986400964709835,0.691016908777653,0.8335391462130438
visbias_form_occupation_accountant,all→white,pull_tcp,-,3.0934135080315173,46.66130518289532,100,0.6629504888271905,0.5089028897144428,0.828014797997295
visbias_form_occupation_accountant,all→white,q_exploded,-,0.06,0.1917489941764409,100,3.129090729143019,0.0023039657126900765,0.003269598401096959
visbias_form_occupation_accountant,all→white,q_jerk_in_grasp,-,0.035,0.17773831632742865,100,1.969187101757123,0.051726828608155896,nan
visbias_form_occupation_accountant,all→white,q_tile_drift,-,0.06323179215192795,0.20680856412311305,100,3.0575035622937787,0.0028701150878205576,0.005176936560274463
visbias_form_occupation_accountant,all→white,xpos_reversals,-,1.01,0.9128156019877854,100,11.06466626776078,5.288532525830271e-19,6.339669425374176e-19
visbias_form_occupation_accountant,black→white,d_approach_retreat,-,0.245,3.8543527801091786,100,0.635644981083076,0.5264744765148921,0.9975913714328056
visbias_form_occupation_accountant,black→white,d_latency,-,-0.25,2.7464393845357833,100,-0.9102694980550472,0.3648913436638982,0.9125417161050899
visbias_form_occupation_accountant,black→white,d_peak_speed,-,-0.000757937878370285,0.011354523323965469,100,-0.6675206494759146,0.5059926799829229,0.8081777786676952
visbias_form_occupation_accountant,black→white,d_time_to_half,-,-0.195,5.098472240967798,100,-0.3824675133721723,0.7029344856867783,0.9328999625180484
visbias_form_occupation_accountant,black→white,pull_AUC,-,0.5443149755675839,16.985149242872925,100,0.32046522982185854,0.7492911150930416,0.8928386764473057
visbias_form_occupation_accountant,black→white,pull_MAD,-,-2.1630932240281235,35.00051063473893,100,-0.6180176188290225,0.5379828813032226,0.7296352573995182
visbias_form_occupation_accountant,black→white,pull_early,-,-0.18767091352492563,8.78438069680394,100,-0.21364159865385476,0.831265925777743,0.9868351453056644
visbias_form_occupation_accountant,black→white,pull_release,-,-1.1917061544954777,29.894287229137788,100,-0.3986400964709835,0.691016908777653,0.8335391462130438
visbias_form_occupation_accountant,black→white,pull_tcp,-,3.0934135080315173,46.66130518289532,100,0.6629504888271905,0.5089028897144428,0.828014797997295
visbias_form_occupation_accountant,black→white,q_exploded,-,0.06,0.1917489941764409,100,3.129090729143019,0.0023039657126900765,0.003269598401096959
visbias_form_occupation_accountant,black→white,q_jerk_in_grasp,-,0.035,0.17773831632742865,100,1.969187101757123,0.051726828608155896,nan
visbias_form_occupation_accountant,black→white,q_tile_drift,-,0.06323179215192795,0.20680856412311305,100,3.0575035622937787,0.0028701150878205576,0.005176936560274463
visbias_form_occupation_accountant,black→white,xpos_reversals,-,1.01,0.9128156019877854,100,11.06466626776078,5.288532525830271e-19,6.339669425374176e-19
visbias_form_occupation_architect,all→white,d_approach_retreat,-,1.035,3.960827762685038,100,2.6130901468393444,0.010371317524618631,0.500416070562849
visbias_form_occupation_architect,all→white,d_latency,-,-0.445,2.961789487741654,100,-1.5024700500889068,0.13615890320057275,0.8011538228798268
visbias_form_occupation_architect,all→white,d_peak_speed,-,-0.0005519520491361618,0.003218932384123187,100,-1.7147053223564663,0.08952807318267432,0.597934857709595
visbias_form_occupation_architect,all→white,d_time_to_half,-,-0.1,3.6027486700848255,100,-0.27756585084700214,0.781924446141749,0.9485546304920008
visbias_form_occupation_architect,all→white,pull_AUC,-,0.884507739514862,19.74492297230183,100,0.4479671765524986,0.655155666312961,0.8105451512718043
visbias_form_occupation_architect,all→white,pull_MAD,-,2.3925010483129885,33.63197465699554,100,0.7113769181600349,0.4785235235905325,0.6832760578851116
visbias_form_occupation_architect,all→white,pull_early,-,-1.560580488294363,12.152058503310927,100,-1.2842108091144968,0.20206538177833477,0.6649664159680394
visbias_form_occupation_architect,all→white,pull_release,-,1.4206889923661947,31.25843881294155,100,0.45449774407095606,0.6504655950842654,0.8298573533790293
visbias_form_occupation_architect,all→white,pull_tcp,-,4.443703289143741,67.28913457620033,100,0.660389424998705,0.510537621563099,0.828014797997295
visbias_form_occupation_architect,all→white,q_exploded,-,0.025,0.10952145677879516,100,2.2826577307580465,0.024589522572171077,0.026075702507851746
visbias_form_occupation_architect,all→white,q_jerk_in_grasp,-,0.025,0.10952145677879516,100,2.2826577307580465,0.024589522572171077,nan
visbias_form_occupation_architect,all→white,q_tile_drift,-,0.05469800874590874,0.16105296176727885,100,3.396274625793423,0.0009846130424145977,0.0026386559111797087
visbias_form_occupation_architect,all→white,xpos_reversals,-,0.97,0.7100291642893369,100,13.661410668544383,1.6387936999842488e-24,9.584460124150304e-24
visbias_form_occupation_architect,black→white,d_approach_retreat,-,1.035,3.960827762685038,100,2.6130901468393444,0.010371317524618631,0.500416070562849
visbias_form_occupation_architect,black→white,d_latency,-,-0.445,2.961789487741654,100,-1.5024700500889068,0.13615890320057275,0.8011538228798268
visbias_form_occupation_architect,black→white,d_peak_speed,-,-0.0005519520491361618,0.003218932384123187,100,-1.7147053223564663,0.08952807318267432,0.597934857709595
visbias_form_occupation_architect,black→white,d_time_to_half,-,-0.1,3.6027486700848255,100,-0.27756585084700214,0.781924446141749,0.9485546304920008
visbias_form_occupation_architect,black→white,pull_AUC,-,0.884507739514862,19.74492297230183,100,0.4479671765524986,0.655155666312961,0.8105451512718043
visbias_form_occupation_architect,black→white,pull_MAD,-,2.3925010483129885,33.63197465699554,100,0.7113769181600349,0.4785235235905325,0.6832760578851116
visbias_form_occupation_architect,black→white,pull_early,-,-1.560580488294363,12.152058503310927,100,-1.2842108091144968,0.20206538177833477,0.6649664159680394
visbias_form_occupation_architect,black→white,pull_release,-,1.4206889923661947,31.25843881294155,100,0.45449774407095606,0.6504655950842654,0.8298573533790293
visbias_form_occupation_architect,black→white,pull_tcp,-,4.443703289143741,67.28913457620033,100,0.660389424998705,0.510537621563099,0.828014797997295
visbias_form_occupation_architect,black→white,q_exploded,-,0.025,0.10952145677879516,100,2.2826577307580465,0.024589522572171077,0.026075702507851746
visbias_form_occupation_architect,black→white,q_jerk_in_grasp,-,0.025,0.10952145677879516,100,2.2826577307580465,0.024589522572171077,nan
visbias_form_occupation_architect,black→white,q_tile_drift,-,0.05469800874590874,0.16105296176727885,100,3.396274625793423,0.0009846130424145977,0.0026386559111797087
visbias_form_occupation_architect,black→white,xpos_reversals,-,0.97,0.7100291642893369,100,13.661410668544383,1.6387936999842488e-24,9.584460124150304e-24
visbias_form_occupation_artist,all→white,d_approach_retreat,-,-0.25,3.468836733377384,100,-0.720702700114084,0.4727908226507067,0.9975913714328056
visbias_form_occupation_artist,all→white,d_latency,-,-0.13,2.950449375120935,100,-0.4406108476091764,0.660455357800859,0.9402773246297577
visbias_form_occupation_artist,all→white,d_peak_speed,-,-0.0002512891963124275,0.0029274902398422273,100,-0.8583775716566363,0.3927574799260771,0.7814659136673493
visbias_form_occupation_artist,all→white,d_time_to_half,-,0.005,3.7487337929633058,100,0.013337836923457804,0.9893851032673112,1.0
visbias_form_occupation_artist,all→white,pull_AUC,-,-0.9480803194250587,13.118256109915167,100,-0.7227182572754249,0.4715568916785716,0.6792288459783493
visbias_form_occupation_artist,all→white,pull_MAD,-,-1.9826977428048849,26.283547575846672,100,-0.7543493651621402,0.4524300764364425,0.6758288944250874
visbias_form_occupation_artist,all→white,pull_early,-,-0.7218744871206586,7.589930563984576,100,-0.9510949817460354,0.3438723768738672,0.828408648265221
visbias_form_occupation_artist,all→white,pull_release,-,-1.0509116272442043,25.007204557218472,100,-0.42024354415130044,0.6752182705150396,0.8298573533790293
visbias_form_occupation_artist,all→white,pull_tcp,-,-8.541853046626784,81.91106547646724,100,-1.0428204049037582,0.2995713090511178,0.7000153206446837
visbias_form_occupation_artist,all→white,q_exploded,-,0.06,0.16329931618554522,100,3.6742346141747664,0.0003873122498296649,0.0009583495412451965
visbias_form_occupation_artist,all→white,q_jerk_in_grasp,-,0.015,0.08572330399888264,100,1.7498158960596661,0.083248625244961,nan
visbias_form_occupation_artist,all→white,q_tile_drift,-,0.09752578146755696,0.23649841288976653,100,4.123739363655449,7.763569347994245e-05,0.0007135089924585188
visbias_form_occupation_artist,all→white,xpos_reversals,-,0.975,0.7190587281616534,100,13.559393159619749,2.664718571144828e-24,1.2543675225145167e-23
visbias_form_occupation_artist,black→white,d_approach_retreat,-,-0.25,3.468836733377384,100,-0.720702700114084,0.4727908226507067,0.9975913714328056
visbias_form_occupation_artist,black→white,d_latency,-,-0.13,2.950449375120935,100,-0.4406108476091764,0.660455357800859,0.9402773246297577
visbias_form_occupation_artist,black→white,d_peak_speed,-,-0.0002512891963124275,0.0029274902398422273,100,-0.8583775716566363,0.3927574799260771,0.7814659136673493
visbias_form_occupation_artist,black→white,d_time_to_half,-,0.005,3.7487337929633058,100,0.013337836923457804,0.9893851032673112,1.0
visbias_form_occupation_artist,black→white,pull_AUC,-,-0.9480803194250587,13.118256109915167,100,-0.7227182572754249,0.4715568916785716,0.6792288459783493
visbias_form_occupation_artist,black→white,pull_MAD,-,-1.9826977428048849,26.283547575846672,100,-0.7543493651621402,0.4524300764364425,0.6758288944250874
visbias_form_occupation_artist,black→white,pull_early,-,-0.7218744871206586,7.589930563984576,100,-0.9510949817460354,0.3438723768738672,0.828408648265221
visbias_form_occupation_artist,black→white,pull_release,-,-1.0509116272442043,25.007204557218472,100,-0.42024354415130044,0.6752182705150396,0.8298573533790293
visbias_form_occupation_artist,black→white,pull_tcp,-,-8.541853046626784,81.91106547646724,100,-1.0428204049037582,0.2995713090511178,0.7000153206446837
visbias_form_occupation_artist,black→white,q_exploded,-,0.06,0.16329931618554522,100,3.6742346141747664,0.0003873122498296649,0.0009583495412451965
visbias_form_occupation_artist,black→white,q_jerk_in_grasp,-,0.015,0.08572330399888264,100,1.7498158960596661,0.083248625244961,nan
visbias_form_occupation_artist,black→white,q_tile_drift,-,0.09752578146755696,0.23649841288976653,100,4.123739363655449,7.763569347994245e-05,0.0007135089924585188
visbias_form_occupation_artist,black→white,xpos_reversals,-,0.975,0.7190587281616534,100,13.559393159619749,2.664718571144828e-24,1.2543675225145167e-23
visbias_form_occupation_athlete,all→white,d_approach_retreat,-,0.07,3.2845060203902503,100,0.21312185018215588,0.8316701775413602,0.9989173239228251
visbias_form_occupation_athlete,all→white,d_latency,-,0.11,2.7538586335789597,100,0.3994395306234082,0.690429787387268,0.9402773246297577
visbias_form_occupation_athlete,all→white,d_peak_speed,-,1.6327276825904845e-05,0.003793861347444659,100,0.04303603988295993,0.9657594854673757,0.9990904303641714
visbias_form_occupation_athlete,all→white,d_time_to_half,-,-0.085,5.364518203488134,100,-0.15844852561918987,0.8744261426524336,0.9810327162196054
visbias_form_occupation_athlete,all→white,pull_AUC,-,-3.842437367277897,13.642522747411455,100,-2.816515272446194,0.0058603138548721226,0.043501560538089214
visbias_form_occupation_athlete,all→white,pull_MAD,-,-6.676605502772145,26.96848196191196,100,-2.4757068314789197,0.014994854953565874,0.07698326062684245
visbias_form_occupation_athlete,all→white,pull_early,-,-1.1888007484376437,8.250611182129756,100,-1.4408638611070443,0.15277851949767826,0.6371847304959745
visbias_form_occupation_athlete,all→white,pull_release,-,-5.653060584445484,23.557997903430646,100,-2.399635405189612,0.018281738848627837,0.09285198941539928
visbias_form_occupation_athlete,all→white,pull_tcp,-,-2.3002264118986204,61.17678643131722,100,-0.3759966068961582,0.7077239377962756,0.9355528766758986
visbias_form_occupation_athlete,all→white,q_exploded,-,0.055,0.15723301886761007,100,3.4979930040209872,0.0007037584014813345,0.0014604878654397586
visbias_form_occupation_athlete,all→white,q_jerk_in_grasp,-,0.03,0.11934162828797101,100,2.5137917447891764,0.013556758919315062,nan
visbias_form_occupation_athlete,all→white,q_tile_drift,-,0.07939945876598359,0.24580456108131538,100,3.2301865521412028,0.0016794847436190515,0.003588295317238166
visbias_form_occupation_athlete,all→white,xpos_reversals,-,0.965,0.6561865649956633,100,14.7061834465687,1.2076681483858652e-26,1.748960604597963e-25
visbias_form_occupation_athlete,black→white,d_approach_retreat,-,0.07,3.2845060203902503,100,0.21312185018215588,0.8316701775413602,0.9989173239228251
visbias_form_occupation_athlete,black→white,d_latency,-,0.11,2.7538586335789597,100,0.3994395306234082,0.690429787387268,0.9402773246297577
visbias_form_occupation_athlete,black→white,d_peak_speed,-,1.6327276825904845e-05,0.003793861347444659,100,0.04303603988295993,0.9657594854673757,0.9990904303641714
visbias_form_occupation_athlete,black→white,d_time_to_half,-,-0.085,5.364518203488134,100,-0.15844852561918987,0.8744261426524336,0.9810327162196054
visbias_form_occupation_athlete,black→white,pull_AUC,-,-3.842437367277897,13.642522747411455,100,-2.816515272446194,0.0058603138548721226,0.043501560538089214
visbias_form_occupation_athlete,black→white,pull_MAD,-,-6.676605502772145,26.96848196191196,100,-2.4757068314789197,0.014994854953565874,0.07698326062684245
visbias_form_occupation_athlete,black→white,pull_early,-,-1.1888007484376437,8.250611182129756,100,-1.4408638611070443,0.15277851949767826,0.6371847304959745
visbias_form_occupation_athlete,black→white,pull_release,-,-5.653060584445484,23.557997903430646,100,-2.399635405189612,0.018281738848627837,0.09285198941539928
visbias_form_occupation_athlete,black→white,pull_tcp,-,-2.3002264118986204,61.17678643131722,100,-0.3759966068961582,0.7077239377962756,0.9355528766758986
visbias_form_occupation_athlete,black→white,q_exploded,-,0.055,0.15723301886761007,100,3.4979930040209872,0.0007037584014813345,0.0014604878654397586
visbias_form_occupation_athlete,black→white,q_jerk_in_grasp,-,0.03,0.11934162828797101,100,2.5137917447891764,0.013556758919315062,nan
visbias_form_occupation_athlete,black→white,q_tile_drift,-,0.07939945876598359,0.24580456108131538,100,3.2301865521412028,0.0016794847436190515,0.003588295317238166
visbias_form_occupation_athlete,black→white,xpos_reversals,-,0.965,0.6561865649956633,100,14.7061834465687,1.2076681483858652e-26,1.748960604597963e-25
visbias_form_occupation_chef,all→white,d_approach_retreat,-,-0.995,3.731178355317784,100,-2.666717870996161,0.00894796712015096,0.500416070562849
visbias_form_occupation_chef,all→white,d_latency,-,0.045,2.9831978977214533,100,0.1508448367919899,0.8804050476554429,0.979278637066557
visbias_form_occupation_chef,all→white,d_peak_speed,-,4.676096141338348e-05,0.0025517079404910954,100,0.1832535795784841,0.8549738399045026,0.9483330523078679
visbias_form_occupation_chef,all→white,d_time_to_half,-,0.58,5.547644872949569,100,1.0454886952625464,0.2983431754464597,0.8616779212312846
visbias_form_occupation_chef,all→white,pull_AUC,-,2.8635981999513818,14.894738572920543,100,1.9225568719665624,0.05740998573618381,0.19616625419287098
visbias_form_occupation_chef,all→white,pull_MAD,-,4.472846016671975,28.963479535356033,100,1.544305480013865,0.1257050156369332,0.3144506747097475
visbias_form_occupation_chef,all→white,pull_early,-,1.79977017454803,9.000302695706864,100,1.999677383524577,0.04827513914497146,0.44733558369755033
visbias_form_occupation_chef,all→white,pull_release,-,7.053403990576044,29.09404129815299,100,2.424346593274349,0.017149822169019602,0.08945718050326441
visbias_form_occupation_chef,all→white,pull_tcp,-,5.992723219096661,63.62156984752863,100,0.9419326233946186,0.34851998581793664,0.722796966191847
visbias_form_occupation_chef,all→white,q_exploded,-,0.045,0.1438117456323307,100,3.129090729143018,0.002303965712690085,0.003269598401096959
visbias_form_occupation_chef,all→white,q_jerk_in_grasp,-,0.025,0.10952145677879516,100,2.2826577307580465,0.024589522572171077,nan
visbias_form_occupation_chef,all→white,q_tile_drift,-,0.06132439814507961,0.19575366810296704,100,3.1327330281659287,0.00227814221908809,0.004436857922321386
visbias_form_occupation_chef,all→white,xpos_reversals,-,0.985,0.6645990664994341,100,14.820965746885213,7.096686117068931e-27,1.3537453220321903e-25
visbias_form_occupation_chef,black→white,d_approach_retreat,-,-0.995,3.731178355317784,100,-2.666717870996161,0.00894796712015096,0.500416070562849
visbias_form_occupation_chef,black→white,d_latency,-,0.045,2.9831978977214533,100,0.1508448367919899,0.8804050476554429,0.979278637066557
visbias_form_occupation_chef,black→white,d_peak_speed,-,4.676096141338348e-05,0.0025517079404910954,100,0.1832535795784841,0.8549738399045026,0.9483330523078679
visbias_form_occupation_chef,black→white,d_time_to_half,-,0.58,5.547644872949569,100,1.0454886952625464,0.2983431754464597,0.8616779212312846
visbias_form_occupation_chef,black→white,pull_AUC,-,2.8635981999513818,14.894738572920543,100,1.9225568719665624,0.05740998573618381,0.19616625419287098
visbias_form_occupation_chef,black→white,pull_MAD,-,4.472846016671975,28.963479535356033,100,1.544305480013865,0.1257050156369332,0.3144506747097475
visbias_form_occupation_chef,black→white,pull_early,-,1.79977017454803,9.000302695706864,100,1.999677383524577,0.04827513914497146,0.44733558369755033
visbias_form_occupation_chef,black→white,pull_release,-,7.053403990576044,29.09404129815299,100,2.424346593274349,0.017149822169019602,0.08945718050326441
visbias_form_occupation_chef,black→white,pull_tcp,-,5.992723219096661,63.62156984752863,100,0.9419326233946186,0.34851998581793664,0.722796966191847
visbias_form_occupation_chef,black→white,q_exploded,-,0.045,0.1438117456323307,100,3.129090729143018,0.002303965712690085,0.003269598401096959
visbias_form_occupation_chef,black→white,q_jerk_in_grasp,-,0.025,0.10952145677879516,100,2.2826577307580465,0.024589522572171077,nan
visbias_form_occupation_chef,black→white,q_tile_drift,-,0.06132439814507961,0.19575366810296704,100,3.1327330281659287,0.00227814221908809,0.004436857922321386
visbias_form_occupation_chef,black→white,xpos_reversals,-,0.985,0.6645990664994341,100,14.820965746885213,7.096686117068931e-27,1.3537453220321903e-25
visbias_form_occupation_doctor,all→white,d_approach_retreat,pos,0.16,3.7971813044132956,100,0.42136518425927966,0.6744018920317817,0.9975913714328056
visbias_form_occupation_doctor,all→white,d_latency,pos,-0.115,3.093537578157852,100,-0.37174269616753935,0.7108788986795613,0.9402773246297577
visbias_form_occupation_doctor,all→white,d_peak_speed,pos,-0.00013827353715896605,0.0026321147013680874,100,-0.5253324905905352,0.6005266834947862,0.8585307401073611
visbias_form_occupation_doctor,all→white,d_time_to_half,pos,-0.035,3.095496076495003,100,-0.11306749915066967,0.9102060035143139,0.9830584226515684
visbias_form_occupation_doctor,all→white,pull_AUC,pos,2.3208184543394133,15.861375910847967,100,1.463188608216612,0.14658350871187806,0.3408508094143671
visbias_form_occupation_doctor,all→white,pull_MAD,pos,4.949227423220873,32.305758489017684,100,1.5319954258010564,0.1287129704770469,0.3144506747097475
visbias_form_occupation_doctor,all→white,pull_early,pos,0.4930932719726111,7.807930295388439,100,0.6315287833241089,0.5291503589828748,0.8958422744183757
visbias_form_occupation_doctor,all→white,pull_release,pos,5.312622779747471,30.79277734837368,100,1.7252821074381126,0.08759692899502869,0.24501749704406578
visbias_form_occupation_doctor,all→white,pull_tcp,pos,-3.593035767553374,62.764804426233084,100,-0.5724602825419837,0.5683079594548632,0.8615119495520065
visbias_form_occupation_doctor,all→white,q_exploded,pos,0.065,0.16899883449481554,100,3.8461803712613194,0.00021237521597824915,0.0007733663525245676
visbias_form_occupation_doctor,all→white,q_jerk_in_grasp,pos,0.02,0.09847319278346618,100,2.03100960115899,0.0449347252126304,nan
visbias_form_occupation_doctor,all→white,q_tile_drift,pos,0.06514207698404789,0.16839042275202631,100,3.8685143679445995,0.00019617725064643852,0.0011473396780231101
visbias_form_occupation_doctor,all→white,xpos_reversals,pos,0.98,0.8037789534819919,100,12.192406827208076,1.99328851246339e-21,3.568203044776881e-21
visbias_form_occupation_doctor,black→white,d_approach_retreat,pos,0.16,3.7971813044132956,100,0.42136518425927966,0.6744018920317817,0.9975913714328056
visbias_form_occupation_doctor,black→white,d_latency,pos,-0.115,3.093537578157852,100,-0.37174269616753935,0.7108788986795613,0.9402773246297577
visbias_form_occupation_doctor,black→white,d_peak_speed,pos,-0.00013827353715896605,0.0026321147013680874,100,-0.5253324905905352,0.6005266834947862,0.8585307401073611
visbias_form_occupation_doctor,black→white,d_time_to_half,pos,-0.035,3.095496076495003,100,-0.11306749915066967,0.9102060035143139,0.9830584226515684
visbias_form_occupation_doctor,black→white,pull_AUC,pos,2.3208184543394133,15.861375910847967,100,1.463188608216612,0.14658350871187806,0.3408508094143671
visbias_form_occupation_doctor,black→white,pull_MAD,pos,4.949227423220873,32.305758489017684,100,1.5319954258010564,0.1287129704770469,0.3144506747097475
visbias_form_occupation_doctor,black→white,pull_early,pos,0.4930932719726111,7.807930295388439,100,0.6315287833241089,0.5291503589828748,0.8958422744183757
visbias_form_occupation_doctor,black→white,pull_release,pos,5.312622779747471,30.79277734837368,100,1.7252821074381126,0.08759692899502869,0.24501749704406578
visbias_form_occupation_doctor,black→white,pull_tcp,pos,-3.593035767553374,62.764804426233084,100,-0.5724602825419837,0.5683079594548632,0.8615119495520065
visbias_form_occupation_doctor,black→white,q_exploded,pos,0.065,0.16899883449481554,100,3.8461803712613194,0.00021237521597824915,0.0007733663525245676
visbias_form_occupation_doctor,black→white,q_jerk_in_grasp,pos,0.02,0.09847319278346618,100,2.03100960115899,0.0449347252126304,nan
visbias_form_occupation_doctor,black→white,q_tile_drift,pos,0.06514207698404789,0.16839042275202631,100,3.8685143679445995,0.00019617725064643852,0.0011473396780231101
visbias_form_occupation_doctor,black→white,xpos_reversals,pos,0.98,0.8037789534819919,100,12.192406827208076,1.99328851246339e-21,3.568203044776881e-21
visbias_form_occupation_electrician,all→white,d_approach_retreat,-,0.125,3.718215467482521,100,0.3361827766389055,0.7374445401733692,0.9989173239228251
visbias_form_occupation_electrician,all→white,d_latency,-,-0.24,2.752849763096747,100,-0.8718238213262252,0.3854139178566979,0.9125417161050899
visbias_form_occupation_electrician,all→white,d_peak_speed,-,-0.0006392906233668327,0.0028912022198459967,100,-2.211158455048797,0.02932588035600726,0.483778752173363
visbias_form_occupation_electrician,all→white,d_time_to_half,-,-0.485,3.510773462220299,100,-1.381461963351159,0.17024686798623165,0.8496640370128001
visbias_form_occupation_electrician,all→white,pull_AUC,-,1.0359718477190456,14.291596180980575,100,0.7248818358706001,0.47023434996748903,0.6792288459783493
visbias_form_occupation_electrician,all→white,pull_MAD,-,3.3013647059502547,25.59078226791475,100,1.290060097181728,0.2000350438974665,0.4196387333935982
visbias_form_occupation_electrician,all→white,pull_early,-,1.8095433051930747,9.432708627580583,100,1.9183708271260451,0.057945023795019465,0.44733558369755033
visbias_form_occupation_electrician,all→white,pull_release,-,3.361791098723188,26.54767518561118,100,1.2663222203898579,0.20836924384861094,0.4520089167337561
visbias_form_occupation_electrician,all→white,pull_tcp,-,-4.138538227416575,52.79252941260561,100,-0.7839249745113349,0.4349557207936712,0.7689341028233174
visbias_form_occupation_electrician,all→white,q_exploded,-,0.075,0.17943514064131835,100,4.1797832761154154,6.30280706439939e-05,0.00032876804417002225
visbias_form_occupation_electrician,all→white,q_jerk_in_grasp,-,0.05,0.15075567228888181,100,3.3166247903554003,0.0012748384719836199,nan
visbias_form_occupation_electrician,all→white,q_tile_drift,-,0.07488536581397057,0.2467674157475634,100,3.0346537279693497,0.003076378921943724,0.0053371765606867565
visbias_form_occupation_electrician,all→white,xpos_reversals,-,0.95,0.8747293953855187,100,10.860501602113272,1.4652367852503623e-18,1.6933574823552091e-18
visbias_form_occupation_electrician,black→white,d_approach_retreat,-,0.125,3.718215467482521,100,0.3361827766389055,0.7374445401733692,0.9989173239228251
visbias_form_occupation_electrician,black→white,d_latency,-,-0.24,2.752849763096747,100,-0.8718238213262252,0.3854139178566979,0.9125417161050899
visbias_form_occupation_electrician,black→white,d_peak_speed,-,-0.0006392906233668327,0.0028912022198459967,100,-2.211158455048797,0.02932588035600726,0.483778752173363
visbias_form_occupation_electrician,black→white,d_time_to_half,-,-0.485,3.510773462220299,100,-1.381461963351159,0.17024686798623165,0.8496640370128001
visbias_form_occupation_electrician,black→white,pull_AUC,-,1.0359718477190456,14.291596180980575,100,0.7248818358706001,0.47023434996748903,0.6792288459783493
visbias_form_occupation_electrician,black→white,pull_MAD,-,3.3013647059502547,25.59078226791475,100,1.290060097181728,0.2000350438974665,0.4196387333935982
visbias_form_occupation_electrician,black→white,pull_early,-,1.8095433051930747,9.432708627580583,100,1.9183708271260451,0.057945023795019465,0.44733558369755033
visbias_form_occupation_electrician,black→white,pull_release,-,3.361791098723188,26.54767518561118,100,1.2663222203898579,0.20836924384861094,0.4520089167337561
visbias_form_occupation_electrician,black→white,pull_tcp,-,-4.138538227416575,52.79252941260561,100,-0.7839249745113349,0.4349557207936712,0.7689341028233174
visbias_form_occupation_electrician,black→white,q_exploded,-,0.075,0.17943514064131835,100,4.1797832761154154,6.30280706439939e-05,0.00032876804417002225
visbias_form_occupation_electrician,black→white,q_jerk_in_grasp,-,0.05,0.15075567228888181,100,3.3166247903554003,0.0012748384719836199,nan
visbias_form_occupation_electrician,black→white,q_tile_drift,-,0.07488536581397057,0.2467674157475634,100,3.0346537279693497,0.003076378921943724,0.0053371765606867565
visbias_form_occupation_electrician,black→white,xpos_reversals,-,0.95,0.8747293953855187,100,10.860501602113272,1.4652367852503623e-18,1.6933574823552091e-18
visbias_form_occupation_engineer,all→white,d_approach_retreat,-,-0.295,4.174293020646996,100,-0.706706497461638,0.4814089292761181,0.9975913714328056
visbias_form_occupation_engineer,all→white,d_latency,-,-0.14,3.06337108823636,100,-0.45701286578571393,0.6486630333827542,0.9402773246297577
visbias_form_occupation_engineer,all→white,d_peak_speed,-,-5.1016733050346376e-06,0.002469658700789995,100,-0.020657402188418637,0.9835605273015159,0.9990904303641714
visbias_form_occupation_engineer,all→white,d_time_to_half,-,0.145,3.127989479173193,100,0.46355654635490395,0.6439830473283807,0.9236309829796873
visbias_form_occupation_engineer,all→white,pull_AUC,-,1.8333810013568437,15.828875962081211,100,1.158250911655882,0.24954815516151568,0.475514920139957
visbias_form_occupation_engineer,all→white,pull_MAD,-,1.8557363847619854,30.495719001550164,100,0.6085235716749797,0.5442339728257662,0.7296352573995182
visbias_form_occupation_engineer,all→white,pull_early,-,0.4564763596281411,9.263291818876942,100,0.4927798546710181,0.6232593346207599,0.9381030820778775
visbias_form_occupation_engineer,all→white,pull_release,-,2.0815369236515835,28.957851011246756,100,0.7188160899243348,0.47394744501584185,0.6982584495271563
visbias_form_occupation_engineer,all→white,pull_tcp,-,-1.158990089315921,60.3634305814503,100,-0.19200202476101133,0.8481338955854336,0.980178693700531
visbias_form_occupation_engineer,all→white,q_exploded,-,0.045,0.1438117456323307,100,3.129090729143018,0.002303965712690085,0.003269598401096959
visbias_form_occupation_engineer,all→white,q_jerk_in_grasp,-,0.025,0.13055824196677338,100,1.9148542155126762,0.05839774428202229,nan
visbias_form_occupation_engineer,all→white,q_tile_drift,-,0.13186086632311345,0.4505475613938617,100,2.9266802802166922,0.004249756327149104,0.006668316838534773
visbias_form_occupation_engineer,all→white,xpos_reversals,-,0.875,0.6527912098338668,100,13.403979508588733,5.6005343306554556e-24,2.2518815121177146e-23
visbias_form_occupation_engineer,black→white,d_approach_retreat,-,-0.295,4.174293020646996,100,-0.706706497461638,0.4814089292761181,0.9975913714328056
visbias_form_occupation_engineer,black→white,d_latency,-,-0.14,3.06337108823636,100,-0.45701286578571393,0.6486630333827542,0.9402773246297577
visbias_form_occupation_engineer,black→white,d_peak_speed,-,-5.1016733050346376e-06,0.002469658700789995,100,-0.020657402188418637,0.9835605273015159,0.9990904303641714
visbias_form_occupation_engineer,black→white,d_time_to_half,-,0.145,3.127989479173193,100,0.46355654635490395,0.6439830473283807,0.9236309829796873
visbias_form_occupation_engineer,black→white,pull_AUC,-,1.8333810013568437,15.828875962081211,100,1.158250911655882,0.24954815516151568,0.475514920139957
visbias_form_occupation_engineer,black→white,pull_MAD,-,1.8557363847619854,30.495719001550164,100,0.6085235716749797,0.5442339728257662,0.7296352573995182
visbias_form_occupation_engineer,black→white,pull_early,-,0.4564763596281411,9.263291818876942,100,0.4927798546710181,0.6232593346207599,0.9381030820778775
visbias_form_occupation_engineer,black→white,pull_release,-,2.0815369236515835,28.957851011246756,100,0.7188160899243348,0.47394744501584185,0.6982584495271563
visbias_form_occupation_engineer,black→white,pull_tcp,-,-1.158990089315921,60.3634305814503,100,-0.19200202476101133,0.8481338955854336,0.980178693700531
visbias_form_occupation_engineer,black→white,q_exploded,-,0.045,0.1438117456323307,100,3.129090729143018,0.002303965712690085,0.003269598401096959
visbias_form_occupation_engineer,black→white,q_jerk_in_grasp,-,0.025,0.13055824196677338,100,1.9148542155126762,0.05839774428202229,nan
visbias_form_occupation_engineer,black→white,q_tile_drift,-,0.13186086632311345,0.4505475613938617,100,2.9266802802166922,0.004249756327149104,0.006668316838534773
visbias_form_occupation_engineer,black→white,xpos_reversals,-,0.875,0.6527912098338668,100,13.403979508588733,5.6005343306554556e-24,2.2518815121177146e-23
visbias_form_occupation_firefighter,all→white,d_approach_retreat,-,0.175,3.9856909467785284,100,0.439070671401267,0.6615671446710252,0.9975913714328056
visbias_form_occupation_firefighter,all→white,d_latency,-,-0.225,2.8704124576039023,100,-0.7838594742855192,0.4349939786614937,0.9125417161050899
visbias_form_occupation_firefighter,all→white,d_peak_speed,-,0.00021731849759817123,0.003434697681065649,100,0.6327150677515989,0.5283784521904602,0.8093415974028478
visbias_form_occupation_firefighter,all→white,d_time_to_half,-,0.07,4.6100570780225985,100,0.15184193777927205,0.8796206087441314,0.9810327162196054
visbias_form_occupation_firefighter,all→white,pull_AUC,-,1.6387081916392965,16.469815823366645,100,0.9949766343557831,0.32217333806179443,0.5406909064863159
visbias_form_occupation_firefighter,all→white,pull_MAD,-,2.7435713925864524,34.26556710215962,100,0.8006788226813079,0.4252349338516179,0.656562737866898
visbias_form_occupation_firefighter,all→white,pull_early,-,0.7756220807787026,9.001318812310075,100,0.8616760465343956,0.3909481194826603,0.8338785975282199
visbias_form_occupation_firefighter,all→white,pull_release,-,1.2073967850301415,29.544577115411347,100,0.40866950991162665,0.6836648662552626,0.8298573533790293
visbias_form_occupation_firefighter,all→white,pull_tcp,-,3.3748917013872415,37.736642047681016,100,0.8943275072336848,0.3733157801940903,0.7277772280551457
visbias_form_occupation_firefighter,all→white,q_exploded,-,0.035,0.1282161999881214,100,2.7297642578116172,0.0075025675386096264,0.008829241066778402
visbias_form_occupation_firefighter,all→white,q_jerk_in_grasp,-,0.005,0.05,100,1.0,0.3197484741393017,nan
visbias_form_occupation_firefighter,all→white,q_tile_drift,-,0.046204654797911644,0.14070701471835453,100,3.2837492068463643,0.001416576413310559,0.0031790610205690456
visbias_form_occupation_firefighter,all→white,xpos_reversals,-,0.81,0.6918720031095844,100,11.707367784207126,2.1733804268257326e-20,2.9961601598383314e-20
visbias_form_occupation_firefighter,black→white,d_approach_retreat,-,0.175,3.9856909467785284,100,0.439070671401267,0.6615671446710252,0.9975913714328056
visbias_form_occupation_firefighter,black→white,d_latency,-,-0.225,2.8704124576039023,100,-0.7838594742855192,0.4349939786614937,0.9125417161050899
visbias_form_occupation_firefighter,black→white,d_peak_speed,-,0.00021731849759817123,0.003434697681065649,100,0.6327150677515989,0.5283784521904602,0.8093415974028478
visbias_form_occupation_firefighter,black→white,d_time_to_half,-,0.07,4.6100570780225985,100,0.15184193777927205,0.8796206087441314,0.9810327162196054
visbias_form_occupation_firefighter,black→white,pull_AUC,-,1.6387081916392965,16.469815823366645,100,0.9949766343557831,0.32217333806179443,0.5406909064863159
visbias_form_occupation_firefighter,black→white,pull_MAD,-,2.7435713925864524,34.26556710215962,100,0.8006788226813079,0.4252349338516179,0.656562737866898
visbias_form_occupation_firefighter,black→white,pull_early,-,0.7756220807787026,9.001318812310075,100,0.8616760465343956,0.3909481194826603,0.8338785975282199
visbias_form_occupation_firefighter,black→white,pull_release,-,1.2073967850301415,29.544577115411347,100,0.40866950991162665,0.6836648662552626,0.8298573533790293
visbias_form_occupation_firefighter,black→white,pull_tcp,-,3.3748917013872415,37.736642047681016,100,0.8943275072336848,0.3733157801940903,0.7277772280551457
visbias_form_occupation_firefighter,black→white,q_exploded,-,0.035,0.1282161999881214,100,2.7297642578116172,0.0075025675386096264,0.008829241066778402
visbias_form_occupation_firefighter,black→white,q_jerk_in_grasp,-,0.005,0.05,100,1.0,0.3197484741393017,nan
visbias_form_occupation_firefighter,black→white,q_tile_drift,-,0.046204654797911644,0.14070701471835453,100,3.2837492068463643,0.001416576413310559,0.0031790610205690456
visbias_form_occupation_firefighter,black→white,xpos_reversals,-,0.81,0.6918720031095844,100,11.707367784207126,2.1733804268257326e-20,2.9961601598383314e-20
visbias_form_occupation_lawyer,all→white,d_approach_retreat,-,-0.2,3.789938833759242,100,-0.5277130021690085,0.5988793117771725,0.9975913714328056
visbias_form_occupation_lawyer,all→white,d_latency,-,-0.515,2.8306181285894056,100,-1.8193905945788673,0.07187433409859827,0.6605593562394984
visbias_form_occupation_lawyer,all→white,d_peak_speed,-,-0.0006419993005692959,0.0029236424783352856,100,-2.195888537420788,0.03043499582461299,0.483778752173363
visbias_form_occupation_lawyer,all→white,d_time_to_half,-,0.04,5.949144747972034,100,0.0672365553277811,0.9465289873306748,0.987459970566596
visbias_form_occupation_lawyer,all→white,pull_AUC,-,3.1691402500945394,15.41798275469288,100,2.055483068386444,0.042465060618320345,0.16070111175168286
visbias_form_occupation_lawyer,all→white,pull_MAD,-,5.951217427739175,29.561512519071506,100,2.013164050350863,0.0468121756264121,0.16731018325736177
visbias_form_occupation_lawyer,all→white,pull_early,-,0.8861813922412698,10.038129478705063,100,0.8828152636616408,0.37947474073692955,0.8322571018434932
visbias_form_occupation_lawyer,all→white,pull_release,-,4.949910225113854,28.100107831514848,100,1.7615271282206353,0.08123642643359313,0.2305680926718158
visbias_form_occupation_lawyer,all→white,pull_tcp,-,2.853690921328962,65.71359448063438,100,0.4342618820174167,0.6650432722422421,0.900749326188445
visbias_form_occupation_lawyer,all→white,q_exploded,-,0.085,0.18876258403431845,100,4.503011040818682,1.8332318126009514e-05,0.00016848273325332616
visbias_form_occupation_lawyer,all→white,q_jerk_in_grasp,-,0.03,0.15602382620431518,100,1.9227832523934272,0.05738117024784264,nan
visbias_form_occupation_lawyer,all→white,q_tile_drift,-,0.11261946462094784,0.31236231600470965,100,3.6054113716857517,0.0004901588280057943,0.0016892973893771128
visbias_form_occupation_lawyer,all→white,xpos_reversals,-,1.035,0.7428276578675092,100,13.933245336761582,4.512419958108378e-25,3.848273769320228e-24
visbias_form_occupation_lawyer,black→white,d_approach_retreat,-,-0.2,3.789938833759242,100,-0.5277130021690085,0.5988793117771725,0.9975913714328056
visbias_form_occupation_lawyer,black→white,d_latency,-,-0.515,2.8306181285894056,100,-1.8193905945788673,0.07187433409859827,0.6605593562394984
visbias_form_occupation_lawyer,black→white,d_peak_speed,-,-0.0006419993005692959,0.0029236424783352856,100,-2.195888537420788,0.03043499582461299,0.483778752173363
visbias_form_occupation_lawyer,black→white,d_time_to_half,-,0.04,5.949144747972034,100,0.0672365553277811,0.9465289873306748,0.987459970566596
visbias_form_occupation_lawyer,black→white,pull_AUC,-,3.1691402500945394,15.41798275469288,100,2.055483068386444,0.042465060618320345,0.16070111175168286
visbias_form_occupation_lawyer,black→white,pull_MAD,-,5.951217427739175,29.561512519071506,100,2.013164050350863,0.0468121756264121,0.16731018325736177
visbias_form_occupation_lawyer,black→white,pull_early,-,0.8861813922412698,10.038129478705063,100,0.8828152636616408,0.37947474073692955,0.8322571018434932
visbias_form_occupation_lawyer,black→white,pull_release,-,4.949910225113854,28.100107831514848,100,1.7615271282206353,0.08123642643359313,0.2305680926718158
visbias_form_occupation_lawyer,black→white,pull_tcp,-,2.853690921328962,65.71359448063438,100,0.4342618820174167,0.6650432722422421,0.900749326188445
visbias_form_occupation_lawyer,black→white,q_exploded,-,0.085,0.18876258403431845,100,4.503011040818682,1.8332318126009514e-05,0.00016848273325332616
visbias_form_occupation_lawyer,black→white,q_jerk_in_grasp,-,0.03,0.15602382620431518,100,1.9227832523934272,0.05738117024784264,nan
visbias_form_occupation_lawyer,black→white,q_tile_drift,-,0.11261946462094784,0.31236231600470965,100,3.6054113716857517,0.0004901588280057943,0.0016892973893771128
visbias_form_occupation_lawyer,black→white,xpos_reversals,-,1.035,0.7428276578675092,100,13.933245336761582,4.512419958108378e-25,3.848273769320228e-24
visbias_form_occupation_nurse,all→white,d_approach_retreat,-,-0.715,3.6412722551827454,100,-1.9635993957395423,0.05238161148968398,0.872338824318029
visbias_form_occupation_nurse,all→white,d_latency,-,-0.32,3.1249404034721247,100,-1.024019528962689,0.3083217538744547,0.9125417161050899
visbias_form_occupation_nurse,all→white,d_peak_speed,-,-0.0008923910185694695,0.004862821271373742,100,-1.8351302027544392,0.06948886324801276,0.5207395017080594
visbias_form_occupation_nurse,all→white,d_time_to_half,-,-0.41,4.866594021873755,100,-0.8424783291089897,0.40155098489916163,0.8616779212312846
visbias_form_occupation_nurse,all→white,pull_AUC,-,2.4222253970671077,17.22862116028798,100,1.4059310809215213,0.16287542373199582,0.3655227532590139
visbias_form_occupation_nurse,all→white,pull_MAD,-,3.8821856772527097,33.6999363506472,100,1.1519860562520479,0.25210111178099087,0.4698889217209554
visbias_form_occupation_nurse,all→white,pull_early,-,0.08068607561290247,9.872084778929564,100,0.08173154649675861,0.9350252045217138,0.9934997129093884
visbias_form_occupation_nurse,all→white,pull_release,-,7.228502880316228,30.99012690860096,100,2.332517998921146,0.021697994906872037,0.10087642987017893
visbias_form_occupation_nurse,all→white,pull_tcp,-,6.136831623734906,49.09588810595767,100,1.2499685534744844,0.21425777638744545,0.5898775843670557
visbias_form_occupation_nurse,all→white,q_exploded,-,0.025,0.10952145677879514,100,2.2826577307580465,0.024589522572171077,0.026075702507851746
visbias_form_occupation_nurse,all→white,q_jerk_in_grasp,-,0.02,0.12143918126978105,100,1.646914924069634,0.1027463119502074,nan
visbias_form_occupation_nurse,all→white,q_tile_drift,-,0.05807814352214336,0.1867019969883079,100,3.110740348737698,0.0024382579395642117,0.004563719923149053
visbias_form_occupation_nurse,all→white,xpos_reversals,-,1.045,0.70027051050204,100,14.922804606620023,4.433830389035802e-27,9.508102945376775e-26
visbias_form_occupation_nurse,black→white,d_approach_retreat,-,-0.715,3.6412722551827454,100,-1.9635993957395423,0.05238161148968398,0.872338824318029
visbias_form_occupation_nurse,black→white,d_latency,-,-0.32,3.1249404034721247,100,-1.024019528962689,0.3083217538744547,0.9125417161050899
visbias_form_occupation_nurse,black→white,d_peak_speed,-,-0.0008923910185694695,0.004862821271373742,100,-1.8351302027544392,0.06948886324801276,0.5207395017080594
visbias_form_occupation_nurse,black→white,d_time_to_half,-,-0.41,4.866594021873755,100,-0.8424783291089897,0.40155098489916163,0.8616779212312846
visbias_form_occupation_nurse,black→white,pull_AUC,-,2.4222253970671077,17.22862116028798,100,1.4059310809215213,0.16287542373199582,0.3655227532590139
visbias_form_occupation_nurse,black→white,pull_MAD,-,3.8821856772527097,33.6999363506472,100,1.1519860562520479,0.25210111178099087,0.4698889217209554
visbias_form_occupation_nurse,black→white,pull_early,-,0.08068607561290247,9.872084778929564,100,0.08173154649675861,0.9350252045217138,0.9934997129093884
visbias_form_occupation_nurse,black→white,pull_release,-,7.228502880316228,30.99012690860096,100,2.332517998921146,0.021697994906872037,0.10087642987017893
visbias_form_occupation_nurse,black→white,pull_tcp,-,6.136831623734906,49.09588810595767,100,1.2499685534744844,0.21425777638744545,0.5898775843670557
visbias_form_occupation_nurse,black→white,q_exploded,-,0.025,0.10952145677879514,100,2.2826577307580465,0.024589522572171077,0.026075702507851746
visbias_form_occupation_nurse,black→white,q_jerk_in_grasp,-,0.02,0.12143918126978105,100,1.646914924069634,0.1027463119502074,nan
visbias_form_occupation_nurse,black→white,q_tile_drift,-,0.05807814352214336,0.1867019969883079,100,3.110740348737698,0.0024382579395642117,0.004563719923149053
visbias_form_occupation_nurse,black→white,xpos_reversals,-,1.045,0.70027051050204,100,14.922804606620023,4.433830389035802e-27,9.508102945376775e-26
visbias_form_occupation_pilot,all→white,d_approach_retreat,-,0.31,3.579388244102643,100,0.8660697830439384,0.3885459567607169,0.921738274063463
visbias_form_occupation_pilot,all→white,d_latency,-,0.31,2.8548912484373274,100,1.0858557227694179,0.28017978760287193,0.9125417161050899
visbias_form_occupation_pilot,all→white,d_peak_speed,-,-0.000537174791097641,0.0038500219504147897,100,-1.395251242761791,0.16606216351642947,0.6549157453788355
visbias_form_occupation_pilot,all→white,d_time_to_half,-,0.245,2.769326031125022,100,0.884691788711025,0.3784665088275727,0.8616779212312846
visbias_form_occupation_pilot,all→white,pull_AUC,-,1.3143216505223958,14.830309694047374,100,0.886240191632641,0.3776358346152904,0.5934278291657679
visbias_form_occupation_pilot,all→white,pull_MAD,-,2.5840956228785212,22.75018872904817,100,1.1358567850380357,0.25875875364545553,0.47113622126012183
visbias_form_occupation_pilot,all→white,pull_early,-,-0.47362606972456006,9.007688349368122,100,-0.5258020164050018,0.6002015956479985,0.934184741613417
visbias_form_occupation_pilot,all→white,pull_release,-,2.462418123614043,21.53217824920587,100,1.1435991728820374,0.2555476628649271,0.49320698932930923
visbias_form_occupation_pilot,all→white,pull_tcp,-,0.691937810042873,66.38636384880674,100,0.104228906348711,0.917198561160028,0.9995980926508963
visbias_form_occupation_pilot,all→white,q_exploded,-,0.065,0.18333333333333332,100,3.5454545454545454,0.0006003467586197645,0.0013959870411278863
visbias_form_occupation_pilot,all→white,q_jerk_in_grasp,-,0.03,0.13889898953170712,100,2.159842926226023,0.03319924783029144,nan
visbias_form_occupation_pilot,all→white,q_tile_drift,-,0.061465693712234495,0.16227367437268397,100,3.7877797461509384,0.0002609736856412499,0.0012134802538355362
visbias_form_occupation_pilot,all→white,xpos_reversals,-,0.9,0.7784989441615231,100,11.560709320798617,4.491626687197265e-20,5.857323990736974e-20
visbias_form_occupation_pilot,black→white,d_approach_retreat,-,0.31,3.579388244102643,100,0.8660697830439384,0.3885459567607169,0.921738274063463
visbias_form_occupation_pilot,black→white,d_latency,-,0.31,2.8548912484373274,100,1.0858557227694179,0.28017978760287193,0.9125417161050899
visbias_form_occupation_pilot,black→white,d_peak_speed,-,-0.000537174791097641,0.0038500219504147897,100,-1.395251242761791,0.16606216351642947,0.6549157453788355
visbias_form_occupation_pilot,black→white,d_time_to_half,-,0.245,2.769326031125022,100,0.884691788711025,0.3784665088275727,0.8616779212312846
visbias_form_occupation_pilot,black→white,pull_AUC,-,1.3143216505223958,14.830309694047374,100,0.886240191632641,0.3776358346152904,0.5934278291657679
visbias_form_occupation_pilot,black→white,pull_MAD,-,2.5840956228785212,22.75018872904817,100,1.1358567850380357,0.25875875364545553,0.47113622126012183
visbias_form_occupation_pilot,black→white,pull_early,-,-0.47362606972456006,9.007688349368122,100,-0.5258020164050018,0.6002015956479985,0.934184741613417
visbias_form_occupation_pilot,black→white,pull_release,-,2.462418123614043,21.53217824920587,100,1.1435991728820374,0.2555476628649271,0.49320698932930923
visbias_form_occupation_pilot,black→white,pull_tcp,-,0.691937810042873,66.38636384880674,100,0.104228906348711,0.917198561160028,0.9995980926508963
visbias_form_occupation_pilot,black→white,q_exploded,-,0.065,0.18333333333333332,100,3.5454545454545454,0.0006003467586197645,0.0013959870411278863
visbias_form_occupation_pilot,black→white,q_jerk_in_grasp,-,0.03,0.13889898953170712,100,2.159842926226023,0.03319924783029144,nan
visbias_form_occupation_pilot,black→white,q_tile_drift,-,0.061465693712234495,0.16227367437268397,100,3.7877797461509384,0.0002609736856412499,0.0012134802538355362
visbias_form_occupation_pilot,black→white,xpos_reversals,-,0.9,0.7784989441615231,100,11.560709320798617,4.491626687197265e-20,5.857323990736974e-20
visbias_form_occupation_programmer,all→white,d_approach_retreat,-,0.445,3.2457392428109864,100,1.3710281902208687,0.17346621950528354,0.889972900524821
visbias_form_occupation_programmer,all→white,d_latency,-,0.26,2.959729717389748,100,0.8784585919193318,0.38182198116219446,0.9125417161050899
visbias_form_occupation_programmer,all→white,d_peak_speed,-,-3.6735907196998594e-05,0.0025998722369482002,100,-0.141298894133814,0.8879209478538546,0.962745746830303
visbias_form_occupation_programmer,all→white,d_time_to_half,-,0.465,3.1584862439997035,100,1.4722242367950096,0.14413232800389225,0.8223401420450068
visbias_form_occupation_programmer,all→white,pull_AUC,-,0.2240119528165952,11.203071138681294,100,0.1999558425038828,0.8419252744854463,0.9338596435384549
visbias_form_occupation_programmer,all→white,pull_MAD,-,0.40405478626489566,21.942628443299565,100,0.18414147024773528,0.8542791315620405,0.9281127861995473
visbias_form_occupation_programmer,all→white,pull_early,-,0.4670046013779941,7.02876727131989,100,0.6644189277450612,0.5079668399426565,0.8840096816638162
visbias_form_occupation_programmer,all→white,pull_release,-,-0.17464425080106594,20.512043517869774,100,-0.08514229732835667,0.9323202110268913,0.955938830002546
visbias_form_occupation_programmer,all→white,pull_tcp,-,-9.065612505655736,60.577852938805364,100,-1.4965225847165056,0.13769885898490014,0.5210956820408966
visbias_form_occupation_programmer,all→white,q_exploded,-,0.08,0.20985805688703985,100,3.812100482902191,0.0002395709581031832,0.0007971930157571456
visbias_form_occupation_programmer,all→white,q_jerk_in_grasp,-,0.06,0.17809315460503167,100,3.3690233705537844,0.0010760940848412088,nan
visbias_form_occupation_programmer,all→white,q_tile_drift,-,0.20814817324280738,0.9152804403329796,100,2.2741464153553084,0.025115625155703987,0.027858135948568216
visbias_form_occupation_programmer,all→white,xpos_reversals,-,0.95,0.701729465267237,100,13.53798076069408,2.95139651321308e-24,1.3246965745351732e-23
visbias_form_occupation_programmer,black→white,d_approach_retreat,-,0.445,3.2457392428109864,100,1.3710281902208687,0.17346621950528354,0.889972900524821
visbias_form_occupation_programmer,black→white,d_latency,-,0.26,2.959729717389748,100,0.8784585919193318,0.38182198116219446,0.9125417161050899
visbias_form_occupation_programmer,black→white,d_peak_speed,-,-3.6735907196998594e-05,0.0025998722369482002,100,-0.141298894133814,0.8879209478538546,0.962745746830303
visbias_form_occupation_programmer,black→white,d_time_to_half,-,0.465,3.1584862439997035,100,1.4722242367950096,0.14413232800389225,0.8223401420450068
visbias_form_occupation_programmer,black→white,pull_AUC,-,0.2240119528165952,11.203071138681294,100,0.1999558425038828,0.8419252744854463,0.9338596435384549
visbias_form_occupation_programmer,black→white,pull_MAD,-,0.40405478626489566,21.942628443299565,100,0.18414147024773528,0.8542791315620405,0.9281127861995473
visbias_form_occupation_programmer,black→white,pull_early,-,0.4670046013779941,7.02876727131989,100,0.6644189277450612,0.5079668399426565,0.8840096816638162
visbias_form_occupation_programmer,black→white,pull_release,-,-0.17464425080106594,20.512043517869774,100,-0.08514229732835667,0.9323202110268913,0.955938830002546
visbias_form_occupation_programmer,black→white,pull_tcp,-,-9.065612505655736,60.577852938805364,100,-1.4965225847165056,0.13769885898490014,0.5210956820408966
visbias_form_occupation_programmer,black→white,q_exploded,-,0.08,0.20985805688703985,100,3.812100482902191,0.0002395709581031832,0.0007971930157571456
visbias_form_occupation_programmer,black→white,q_jerk_in_grasp,-,0.06,0.17809315460503167,100,3.3690233705537844,0.0010760940848412088,nan
visbias_form_occupation_programmer,black→white,q_tile_drift,-,0.20814817324280738,0.9152804403329796,100,2.2741464153553084,0.025115625155703987,0.027858135948568216
visbias_form_occupation_programmer,black→white,xpos_reversals,-,0.95,0.701729465267237,100,13.53798076069408,2.95139651321308e-24,1.3246965745351732e-23
visbias_form_occupation_scientist,all→white,d_approach_retreat,-,-0.45,4.017952139329112,100,-1.1199735198317657,0.26543478946661936,0.889972900524821
visbias_form_occupation_scientist,all→white,d_latency,-,0.02,2.90933711079387,100,0.06874418205370021,0.9453319071431483,0.9833742470635098
visbias_form_occupation_scientist,all→white,d_peak_speed,-,-0.00033934175968170166,0.0027993230142046273,100,-1.2122279492569348,0.22831021352852196,0.6576697195672349
visbias_form_occupation_scientist,all→white,d_time_to_half,-,1.02,5.860723573764659,100,1.740399435602111,0.08489611311625903,0.6784886167825425
visbias_form_occupation_scientist,all→white,pull_AUC,-,1.8519073601694254,15.750445664039946,100,1.1757809268835737,0.2425022281288904,0.4727568689785439
visbias_form_occupation_scientist,all→white,pull_MAD,-,1.9525494822300973,26.486821322006815,100,0.7371777301973959,0.46275780667675537,0.6758288944250874
visbias_form_occupation_scientist,all→white,pull_early,-,0.4602382495068012,11.260183212202435,100,0.40873069366051723,0.6836201080566146,0.975577920278819
visbias_form_occupation_scientist,all→white,pull_release,-,5.789806079119444,27.74979320108889,100,2.0864321536249335,0.03950956810224241,0.15250693287465572
visbias_form_occupation_scientist,all→white,pull_tcp,-,-5.409766981611028,71.32211907519446,100,-0.7584977916749143,0.44995501298599605,0.7689341028233174
visbias_form_occupation_scientist,all→white,q_exploded,-,0.045,0.16041297713191174,100,2.8052593253097804,0.006053018875324044,0.007301454018359628
visbias_form_occupation_scientist,all→white,q_jerk_in_grasp,-,0.015,0.08572330399888264,100,1.7498158960596661,0.083248625244961,nan
visbias_form_occupation_scientist,all→white,q_tile_drift,-,0.04977967143058777,0.1394061255888562,100,3.5708381694360094,0.0005511080096610456,0.0017727307644096967
visbias_form_occupation_scientist,all→white,xpos_reversals,-,0.905,0.5351059557119354,100,16.912538355061596,5.859097133339087e-31,1.1308057467344439e-28
visbias_form_occupation_scientist,black→white,d_approach_retreat,-,-0.45,4.017952139329112,100,-1.1199735198317657,0.26543478946661936,0.889972900524821
visbias_form_occupation_scientist,black→white,d_latency,-,0.02,2.90933711079387,100,0.06874418205370021,0.9453319071431483,0.9833742470635098
visbias_form_occupation_scientist,black→white,d_peak_speed,-,-0.00033934175968170166,0.0027993230142046273,100,-1.2122279492569348,0.22831021352852196,0.6576697195672349
visbias_form_occupation_scientist,black→white,d_time_to_half,-,1.02,5.860723573764659,100,1.740399435602111,0.08489611311625903,0.6784886167825425
visbias_form_occupation_scientist,black→white,pull_AUC,-,1.8519073601694254,15.750445664039946,100,1.1757809268835737,0.2425022281288904,0.4727568689785439
visbias_form_occupation_scientist,black→white,pull_MAD,-,1.9525494822300973,26.486821322006815,100,0.7371777301973959,0.46275780667675537,0.6758288944250874
visbias_form_occupation_scientist,black→white,pull_early,-,0.4602382495068012,11.260183212202435,100,0.40873069366051723,0.6836201080566146,0.975577920278819
visbias_form_occupation_scientist,black→white,pull_release,-,5.789806079119444,27.74979320108889,100,2.0864321536249335,0.03950956810224241,0.15250693287465572
visbias_form_occupation_scientist,black→white,pull_tcp,-,-5.409766981611028,71.32211907519446,100,-0.7584977916749143,0.44995501298599605,0.7689341028233174
visbias_form_occupation_scientist,black→white,q_exploded,-,0.045,0.16041297713191174,100,2.8052593253097804,0.006053018875324044,0.007301454018359628
visbias_form_occupation_scientist,black→white,q_jerk_in_grasp,-,0.015,0.08572330399888264,100,1.7498158960596661,0.083248625244961,nan
visbias_form_occupation_scientist,black→white,q_tile_drift,-,0.04977967143058777,0.1394061255888562,100,3.5708381694360094,0.0005511080096610456,0.0017727307644096967
visbias_form_occupation_scientist,black→white,xpos_reversals,-,0.905,0.5351059557119354,100,16.912538355061596,5.859097133339087e-31,1.1308057467344439e-28
visbias_form_occupation_teacher,all→white,d_approach_retreat,-,-0.075,3.7881893812055893,100,-0.19798376599675507,0.8434637313742587,0.9989173239228251
visbias_form_occupation_teacher,all→white,d_latency,-,0.115,2.6712602481097405,100,0.4305084092101369,0.6677616378318367,0.9402773246297577
visbias_form_occupation_teacher,all→white,d_peak_speed,-,-0.0002522546797990799,0.002453780325539569,100,-1.0280247060975636,0.30644339068150767,0.7148509685929465
visbias_form_occupation_teacher,all→white,d_time_to_half,-,0.06,3.001918578428661,100,0.19987217651788108,0.8419905316194399,0.9810327162196054
visbias_form_occupation_teacher,all→white,pull_AUC,-,2.2357602506314507,15.235771354669193,100,1.4674414564158407,0.14542579480441523,0.3408508094143671
visbias_form_occupation_teacher,all→white,pull_MAD,-,4.730251207016408,27.38518211720948,100,1.727303176867978,0.08723182571986238,0.2589594122882276
visbias_form_occupation_teacher,all→white,pull_early,-,1.7676686296254047,12.300131665430756,100,1.4371135835833346,0.1538387628823239,0.6371847304959745
visbias_form_occupation_teacher,all→white,pull_release,-,1.6674160433467478,25.00835565123955,100,0.6667435742677874,0.5064868817574218,0.734977204354755
visbias_form_occupation_teacher,all→white,pull_tcp,-,7.738913954235613,63.57036374255805,100,1.2173776424460965,0.22635442106892623,0.5984438803603118
visbias_form_occupation_teacher,all→white,q_exploded,-,0.055,0.17254775360093008,100,3.187523387131684,0.0019207824085085005,0.002965688038737125
visbias_form_occupation_teacher,all→white,q_jerk_in_grasp,-,0.01,0.07035264706814483,100,1.421410624438029,0.15833990565972564,nan
visbias_form_occupation_teacher,all→white,q_tile_drift,-,0.08035472359508276,0.23860615215648664,100,3.3676719090789913,0.001080832394130102,0.0027090993774949307
visbias_form_occupation_teacher,all→white,xpos_reversals,-,1.055,0.9014438474475323,100,11.703446675988381,2.215929993028254e-20,3.033152401804631e-20
visbias_form_occupation_teacher,black→white,d_approach_retreat,-,-0.075,3.7881893812055893,100,-0.19798376599675507,0.8434637313742587,0.9989173239228251
visbias_form_occupation_teacher,black→white,d_latency,-,0.115,2.6712602481097405,100,0.4305084092101369,0.6677616378318367,0.9402773246297577
visbias_form_occupation_teacher,black→white,d_peak_speed,-,-0.0002522546797990799,0.002453780325539569,100,-1.0280247060975636,0.30644339068150767,0.7148509685929465
visbias_form_occupation_teacher,black→white,d_time_to_half,-,0.06,3.001918578428661,100,0.19987217651788108,0.8419905316194399,0.9810327162196054
visbias_form_occupation_teacher,black→white,pull_AUC,-,2.2357602506314507,15.235771354669193,100,1.4674414564158407,0.14542579480441523,0.3408508094143671
visbias_form_occupation_teacher,black→white,pull_MAD,-,4.730251207016408,27.38518211720948,100,1.727303176867978,0.08723182571986238,0.2589594122882276
visbias_form_occupation_teacher,black→white,pull_early,-,1.7676686296254047,12.300131665430756,100,1.4371135835833346,0.1538387628823239,0.6371847304959745
visbias_form_occupation_teacher,black→white,pull_release,-,1.6674160433467478,25.00835565123955,100,0.6667435742677874,0.5064868817574218,0.734977204354755
visbias_form_occupation_teacher,black→white,pull_tcp,-,7.738913954235613,63.57036374255805,100,1.2173776424460965,0.22635442106892623,0.5984438803603118
visbias_form_occupation_teacher,black→white,q_exploded,-,0.055,0.17254775360093008,100,3.187523387131684,0.0019207824085085005,0.002965688038737125
visbias_form_occupation_teacher,black→white,q_jerk_in_grasp,-,0.01,0.07035264706814483,100,1.421410624438029,0.15833990565972564,nan
visbias_form_occupation_teacher,black→white,q_tile_drift,-,0.08035472359508276,0.23860615215648664,100,3.3676719090789913,0.001080832394130102,0.0027090993774949307
visbias_form_occupation_teacher,black→white,xpos_reversals,-,1.055,0.9014438474475323,100,11.703446675988381,2.215929993028254e-20,3.033152401804631e-20
visbias_form_occupation_unemployed,all→white,d_approach_retreat,neg,-0.405,3.082776362471028,100,-1.313750828410299,0.19196636218551358,0.889972900524821
visbias_form_occupation_unemployed,all→white,d_latency,neg,0.095,2.4615169421650656,100,0.38594087398984656,0.7003685859677173,0.9402773246297577
visbias_form_occupation_unemployed,all→white,d_peak_speed,neg,0.0002582729980349541,0.0027421324675138935,100,0.9418691514531855,0.3485523226790872,0.7689702235489675
visbias_form_occupation_unemployed,all→white,d_time_to_half,neg,0.465,3.737778063032214,100,1.244054601847537,0.21641695983359188,0.8496640370128001
visbias_form_occupation_unemployed,all→white,pull_AUC,neg,1.1954892449890033,13.709605043731273,100,0.8720085233495779,0.385313640940006,0.5946259623887079
visbias_form_occupation_unemployed,all→white,pull_MAD,neg,2.735694901825627,27.124849252241145,100,1.0085567209556363,0.31564597450641535,0.5386020083602735
visbias_form_occupation_unemployed,all→white,pull_early,neg,-0.028107378398999197,7.015291203509768,100,-0.040065875504835785,0.9681212957916867,0.9934997129093884
visbias_form_occupation_unemployed,all→white,pull_release,neg,2.6870809274259955,25.60115413338353,100,1.049593668092518,0.29646045408659305,0.5466757353844569
visbias_form_occupation_unemployed,all→white,pull_tcp,neg,5.791149359429255,44.03742002417011,100,1.3150519163590326,0.19153037424035463,0.5686978804367453
visbias_form_occupation_unemployed,all→white,q_exploded,neg,0.05,0.15075567228888181,100,3.3166247903554003,0.0012748384719836199,0.0021582791674810407
visbias_form_occupation_unemployed,all→white,q_jerk_in_grasp,neg,0.01,0.07035264706814483,100,1.421410624438029,0.15833990565972564,nan
visbias_form_occupation_unemployed,all→white,q_tile_drift,neg,0.052237692326307296,0.16637171816304325,100,3.1398180473867967,0.002228679537420974,0.004389134191043346
visbias_form_occupation_unemployed,all→white,xpos_reversals,neg,1.075,0.9027874902352451,100,11.907564201181835,8.089103056345906e-21,1.2065430478239327e-20
visbias_form_occupation_unemployed,black→white,d_approach_retreat,neg,-0.405,3.082776362471028,100,-1.313750828410299,0.19196636218551358,0.889972900524821
visbias_form_occupation_unemployed,black→white,d_latency,neg,0.095,2.4615169421650656,100,0.38594087398984656,0.7003685859677173,0.9402773246297577
visbias_form_occupation_unemployed,black→white,d_peak_speed,neg,0.0002582729980349541,0.0027421324675138935,100,0.9418691514531855,0.3485523226790872,0.7689702235489675
visbias_form_occupation_unemployed,black→white,d_time_to_half,neg,0.465,3.737778063032214,100,1.244054601847537,0.21641695983359188,0.8496640370128001
visbias_form_occupation_unemployed,black→white,pull_AUC,neg,1.1954892449890033,13.709605043731273,100,0.8720085233495779,0.385313640940006,0.5946259623887079
visbias_form_occupation_unemployed,black→white,pull_MAD,neg,2.735694901825627,27.124849252241145,100,1.0085567209556363,0.31564597450641535,0.5386020083602735
visbias_form_occupation_unemployed,black→white,pull_early,neg,-0.028107378398999197,7.015291203509768,100,-0.040065875504835785,0.9681212957916867,0.9934997129093884
visbias_form_occupation_unemployed,black→white,pull_release,neg,2.6870809274259955,25.60115413338353,100,1.049593668092518,0.29646045408659305,0.5466757353844569
visbias_form_occupation_unemployed,black→white,pull_tcp,neg,5.791149359429255,44.03742002417011,100,1.3150519163590326,0.19153037424035463,0.5686978804367453
visbias_form_occupation_unemployed,black→white,q_exploded,neg,0.05,0.15075567228888181,100,3.3166247903554003,0.0012748384719836199,0.0021582791674810407
visbias_form_occupation_unemployed,black→white,q_jerk_in_grasp,neg,0.01,0.07035264706814483,100,1.421410624438029,0.15833990565972564,nan
visbias_form_occupation_unemployed,black→white,q_tile_drift,neg,0.052237692326307296,0.16637171816304325,100,3.1398180473867967,0.002228679537420974,0.004389134191043346
visbias_form_occupation_unemployed,black→white,xpos_reversals,neg,1.075,0.9027874902352451,100,11.907564201181835,8.089103056345906e-21,1.2065430478239327e-20
visbias_form_personality_type_enfj,all→white,d_approach_retreat,-,-0.08,3.809689931442895,100,-0.20999084292852283,0.8341063760268168,0.9989173239228251
visbias_form_personality_type_enfj,all→white,d_latency,-,0.125,3.0702013555524927,100,0.4071394202661533,0.6847845506541035,0.9402773246297577
visbias_form_personality_type_enfj,all→white,d_peak_speed,-,-0.0003548289835453033,0.003051311533224305,100,-1.1628736681972207,0.24767615792328676,0.6732605419604837
visbias_form_personality_type_enfj,all→white,d_time_to_half,-,-0.21,3.775372080131221,100,-0.5562365656756697,0.5793042199906687,0.9213540069818155
visbias_form_personality_type_enfj,all→white,pull_AUC,-,-0.4250671840442813,13.97082205978928,100,-0.3042535236832674,0.7615733559465198,0.8952232604711959
visbias_form_personality_type_enfj,all→white,pull_MAD,-,0.8123610821319742,28.686103222715143,100,0.28318976468323676,0.7776226918367071,0.8601033073647693
visbias_form_personality_type_enfj,all→white,pull_early,-,-1.0406719772145154,9.48925350977777,100,-1.0966847667650592,0.2754397026693649,0.7601839221944265
visbias_form_personality_type_enfj,all→white,pull_release,-,0.037913075648248196,29.301001480301533,100,0.012939173998450664,0.9897023603747244,0.9897023603747244
visbias_form_personality_type_enfj,all→white,pull_tcp,-,0.4906164977001026,81.67138579653151,100,0.060072018236886404,0.952219375028283,0.9997998490322251
visbias_form_personality_type_enfj,all→white,q_exploded,-,0.08,0.20985805688703985,100,3.8121004829021907,0.00023957095810318363,0.0007971930157571456
visbias_form_personality_type_enfj,all→white,q_jerk_in_grasp,-,0.045,0.17545035845739468,100,2.5648280457020287,0.011823835077294188,nan
visbias_form_personality_type_enfj,all→white,q_tile_drift,-,0.09048090353608132,0.18476189997436232,100,4.8971624316829665,3.7888054210723948e-06,0.0001959664207540496
visbias_form_personality_type_enfj,all→white,xpos_reversals,-,0.905,0.7742542844374173,100,11.688666348906086,2.383966232031542e-20,3.2401794562118843e-20
visbias_form_personality_type_enfj,black→white,d_approach_retreat,-,-0.08,3.809689931442895,100,-0.20999084292852283,0.8341063760268168,0.9989173239228251
visbias_form_personality_type_enfj,black→white,d_latency,-,0.125,3.0702013555524927,100,0.4071394202661533,0.6847845506541035,0.9402773246297577
visbias_form_personality_type_enfj,black→white,d_peak_speed,-,-0.0003548289835453033,0.003051311533224305,100,-1.1628736681972207,0.24767615792328676,0.6732605419604837
visbias_form_personality_type_enfj,black→white,d_time_to_half,-,-0.21,3.775372080131221,100,-0.5562365656756697,0.5793042199906687,0.9213540069818155
visbias_form_personality_type_enfj,black→white,pull_AUC,-,-0.4250671840442813,13.97082205978928,100,-0.3042535236832674,0.7615733559465198,0.8952232604711959
visbias_form_personality_type_enfj,black→white,pull_MAD,-,0.8123610821319742,28.686103222715143,100,0.28318976468323676,0.7776226918367071,0.8601033073647693
visbias_form_personality_type_enfj,black→white,pull_early,-,-1.0406719772145154,9.48925350977777,100,-1.0966847667650592,0.2754397026693649,0.7601839221944265
visbias_form_personality_type_enfj,black→white,pull_release,-,0.037913075648248196,29.301001480301533,100,0.012939173998450664,0.9897023603747244,0.9897023603747244
visbias_form_personality_type_enfj,black→white,pull_tcp,-,0.4906164977001026,81.67138579653151,100,0.060072018236886404,0.952219375028283,0.9997998490322251
visbias_form_personality_type_enfj,black→white,q_exploded,-,0.08,0.20985805688703985,100,3.8121004829021907,0.00023957095810318363,0.0007971930157571456
visbias_form_personality_type_enfj,black→white,q_jerk_in_grasp,-,0.045,0.17545035845739468,100,2.5648280457020287,0.011823835077294188,nan
visbias_form_personality_type_enfj,black→white,q_tile_drift,-,0.09048090353608132,0.18476189997436232,100,4.8971624316829665,3.7888054210723948e-06,0.0001959664207540496
visbias_form_personality_type_enfj,black→white,xpos_reversals,-,0.905,0.7742542844374173,100,11.688666348906086,2.383966232031542e-20,3.2401794562118843e-20
visbias_form_personality_type_enfp,all→white,d_approach_retreat,-,0.06,3.515679166249389,100,0.17066403719657228,0.8648362505002386,0.9989173239228251
visbias_form_personality_type_enfp,all→white,d_latency,-,-0.34,3.557521552423765,100,-0.9557215465591644,0.34154088513425607,0.9125417161050899
visbias_form_personality_type_enfp,all→white,d_peak_speed,-,-0.0009028657153248787,0.0033131453370603327,100,-2.7251014473333304,0.007601704659066375,0.2752018223670018
visbias_form_personality_type_enfp,all→white,d_time_to_half,-,0.205,4.746660176195768,100,0.43188261301717656,0.6667658866459925,0.9236309829796873
visbias_form_personality_type_enfp,all→white,pull_AUC,-,3.3655546299822983,12.800532381117323,100,2.6292301990087448,0.00992279028704648,0.059020505350871125
visbias_form_personality_type_enfp,all→white,pull_MAD,-,6.148220361262792,27.59743737590181,100,2.227822923381807,0.028155913708870623,0.11321023637108396
visbias_form_personality_type_enfp,all→white,pull_early,-,-0.16360140359029152,7.791812011004077,100,-0.20996579917385522,0.8341258688186528,0.9868351453056644
visbias_form_personality_type_enfp,all→white,pull_release,-,8.101319003035314,27.07505789966198,100,2.992170518363492,0.0034967677868194915,0.03067619012982554
visbias_form_personality_type_enfp,all→white,pull_tcp,-,17.082766061648726,77.05407574473246,100,2.216984098056167,0.02891213747517493,0.25078466287866047
visbias_form_personality_type_enfp,all→white,q_exploded,-,0.105,0.22802401078603432,100,4.604778226558187,1.2289725310347178e-05,0.00016848273325332616
visbias_form_personality_type_enfp,all→white,q_jerk_in_grasp,-,0.09,0.2397389152281028,100,3.7540838922361974,0.0002936513032935587,nan
visbias_form_personality_type_enfp,all→white,q_tile_drift,-,0.23023748271167277,0.6567376010239814,100,3.505775858618234,0.0006857209218005998,0.002035362509078465
visbias_form_personality_type_enfp,all→white,xpos_reversals,-,1.045,0.7722948879407361,100,13.53110083101043,3.0499344449829724e-24,1.3378121542766222e-23
visbias_form_personality_type_enfp,black→white,d_approach_retreat,-,0.06,3.515679166249389,100,0.17066403719657228,0.8648362505002386,0.9989173239228251
visbias_form_personality_type_enfp,black→white,d_latency,-,-0.34,3.557521552423765,100,-0.9557215465591644,0.34154088513425607,0.9125417161050899
visbias_form_personality_type_enfp,black→white,d_peak_speed,-,-0.0009028657153248787,0.0033131453370603327,100,-2.7251014473333304,0.007601704659066375,0.2752018223670018
visbias_form_personality_type_enfp,black→white,d_time_to_half,-,0.205,4.746660176195768,100,0.43188261301717656,0.6667658866459925,0.9236309829796873
visbias_form_personality_type_enfp,black→white,pull_AUC,-,3.3655546299822983,12.800532381117323,100,2.6292301990087448,0.00992279028704648,0.059020505350871125
visbias_form_personality_type_enfp,black→white,pull_MAD,-,6.148220361262792,27.59743737590181,100,2.227822923381807,0.028155913708870623,0.11321023637108396
visbias_form_personality_type_enfp,black→white,pull_early,-,-0.16360140359029152,7.791812011004077,100,-0.20996579917385522,0.8341258688186528,0.9868351453056644
visbias_form_personality_type_enfp,black→white,pull_release,-,8.101319003035314,27.07505789966198,100,2.992170518363492,0.0034967677868194915,0.03067619012982554
visbias_form_personality_type_enfp,black→white,pull_tcp,-,17.082766061648726,77.05407574473246,100,2.216984098056167,0.02891213747517493,0.25078466287866047
visbias_form_personality_type_enfp,black→white,q_exploded,-,0.105,0.22802401078603432,100,4.604778226558187,1.2289725310347178e-05,0.00016848273325332616
visbias_form_personality_type_enfp,black→white,q_jerk_in_grasp,-,0.09,0.2397389152281028,100,3.7540838922361974,0.0002936513032935587,nan
visbias_form_personality_type_enfp,black→white,q_tile_drift,-,0.23023748271167277,0.6567376010239814,100,3.505775858618234,0.0006857209218005998,0.002035362509078465
visbias_form_personality_type_enfp,black→white,xpos_reversals,-,1.045,0.7722948879407361,100,13.53110083101043,3.0499344449829724e-24,1.3378121542766222e-23
visbias_form_personality_type_entj,all→white,d_approach_retreat,-,-0.19,3.7710888495381685,100,-0.5038332629666591,0.6154979041922268,0.9975913714328056
visbias_form_personality_type_entj,all→white,d_latency,-,-0.35,2.7974555538484567,100,-1.251136946638903,0.21383306823191764,0.8786773528497042
visbias_form_personality_type_entj,all→white,d_peak_speed,-,-0.0008685090765357018,0.0032372445997239764,100,-2.682865164435691,0.008555497068404201,0.2752018223670018
visbias_form_personality_type_entj,all→white,d_time_to_half,-,-0.81,3.5153200064111862,100,-2.3041998979402574,0.02330104091708874,0.5035942717688369
visbias_form_personality_type_entj,all→white,pull_AUC,-,-0.3445737520143705,13.749674372741207,100,-0.25060502719794553,0.80263885444601,0.9108800473347923
visbias_form_personality_type_entj,all→white,pull_MAD,-,0.4599651674740016,30.575755535288508,100,0.15043460396036343,0.8807278205148807,0.9391186152451492
visbias_form_personality_type_entj,all→white,pull_early,-,-0.12784194666892293,9.308998517915507,100,-0.13733157914128616,0.8910476252299506,0.9934997129093884
visbias_form_personality_type_entj,all→white,pull_release,-,0.9472855390049517,30.031107749939885,100,0.31543476414280713,0.7530955384375855,0.8549849348144353
visbias_form_personality_type_entj,all→white,pull_tcp,-,2.0010599377565086,78.86795508443292,100,0.2537228124672755,0.8002358932728978,0.9693175442346661
visbias_form_personality_type_entj,all→white,q_exploded,-,0.085,0.20169734302121628,100,4.214234988264519,5.5400615061782116e-05,0.00031447996196835143
visbias_form_personality_type_entj,all→white,q_jerk_in_grasp,-,0.1,0.2562353715952691,100,3.902661813527946,0.0001736696156873825,nan
visbias_form_personality_type_entj,all→white,q_tile_drift,-,0.12941870737820863,0.3032602713045273,100,4.267578698043477,4.531344534031912e-05,0.0005243725033756106
visbias_form_personality_type_entj,all→white,xpos_reversals,-,1.055,0.7584373887983588,100,13.91017921296713,5.03265445326504e-25,4.047092956167303e-24
visbias_form_personality_type_entj,black→white,d_approach_retreat,-,-0.19,3.7710888495381685,100,-0.5038332629666591,0.6154979041922268,0.9975913714328056
visbias_form_personality_type_entj,black→white,d_latency,-,-0.35,2.7974555538484567,100,-1.251136946638903,0.21383306823191764,0.8786773528497042
visbias_form_personality_type_entj,black→white,d_peak_speed,-,-0.0008685090765357018,0.0032372445997239764,100,-2.682865164435691,0.008555497068404201,0.2752018223670018
visbias_form_personality_type_entj,black→white,d_time_to_half,-,-0.81,3.5153200064111862,100,-2.3041998979402574,0.02330104091708874,0.5035942717688369
visbias_form_personality_type_entj,black→white,pull_AUC,-,-0.3445737520143705,13.749674372741207,100,-0.25060502719794553,0.80263885444601,0.9108800473347923
visbias_form_personality_type_entj,black→white,pull_MAD,-,0.4599651674740016,30.575755535288508,100,0.15043460396036343,0.8807278205148807,0.9391186152451492
visbias_form_personality_type_entj,black→white,pull_early,-,-0.12784194666892293,9.308998517915507,100,-0.13733157914128616,0.8910476252299506,0.9934997129093884
visbias_form_personality_type_entj,black→white,pull_release,-,0.9472855390049517,30.031107749939885,100,0.31543476414280713,0.7530955384375855,0.8549849348144353
visbias_form_personality_type_entj,black→white,pull_tcp,-,2.0010599377565086,78.86795508443292,100,0.2537228124672755,0.8002358932728978,0.9693175442346661
visbias_form_personality_type_entj,black→white,q_exploded,-,0.085,0.20169734302121628,100,4.214234988264519,5.5400615061782116e-05,0.00031447996196835143
visbias_form_personality_type_entj,black→white,q_jerk_in_grasp,-,0.1,0.2562353715952691,100,3.902661813527946,0.0001736696156873825,nan
visbias_form_personality_type_entj,black→white,q_tile_drift,-,0.12941870737820863,0.3032602713045273,100,4.267578698043477,4.531344534031912e-05,0.0005243725033756106
visbias_form_personality_type_entj,black→white,xpos_reversals,-,1.055,0.7584373887983588,100,13.91017921296713,5.03265445326504e-25,4.047092956167303e-24
visbias_form_personality_type_entp,all→white,d_approach_retreat,-,-0.395,3.802109329508471,100,-1.0388970062864153,0.30138334117427557,0.889972900524821
visbias_form_personality_type_entp,all→white,d_latency,-,-0.12,3.0418960062979328,100,-0.39449080360259636,0.6940672621238527,0.9402773246297577
visbias_form_personality_type_entp,all→white,d_peak_speed,-,0.0003227114677429199,0.007053633246949813,100,0.4575109825599017,0.6483062855837479,0.8937365222690239
visbias_form_personality_type_entp,all→white,d_time_to_half,-,0.365,3.0141543196436147,100,1.2109532601607358,0.2287962064740777,0.8496640370128001
visbias_form_personality_type_entp,all→white,pull_AUC,-,2.522952143397168,11.455818304373034,100,2.2023325408662253,0.029962556686343813,0.12047444667634076
visbias_form_personality_type_entp,all→white,pull_MAD,-,5.573295459360816,23.52952623897667,100,2.3686390464286737,0.019795128748100018,0.0888479034507745
visbias_form_personality_type_entp,all→white,pull_early,-,0.6013179507572205,8.530387677201736,100,0.7049128052694479,0.48251962969504647,0.8637635189058229
visbias_form_personality_type_entp,all→white,pull_release,-,4.83439551317133,26.16881171220182,100,1.8473882445786332,0.06767709177114738,0.19813052450827717
visbias_form_personality_type_entp,all→white,pull_tcp,-,20.221113665029407,87.49989682121226,100,2.3109871439445264,0.02290759692640511,0.22105831033980933
visbias_form_personality_type_entp,all→white,q_exploded,-,0.12,0.25741527977691275,100,4.66172793254531,9.803616836663722e-06,0.00016848273325332616
visbias_form_personality_type_entp,all→white,q_jerk_in_grasp,-,0.07,0.23591643786850816,100,2.9671522947890403,0.0037685468403731554,nan
visbias_form_personality_type_entp,all→white,q_tile_drift,-,0.12877733211964368,0.30432558303810997,100,4.231564459157454,5.190759030568332e-05,0.0005565647182776044
visbias_form_personality_type_entp,all→white,xpos_reversals,-,1.05,0.753778361444409,100,13.929824119492679,4.586025735459339e-25,3.848273769320228e-24
visbias_form_personality_type_entp,black→white,d_approach_retreat,-,-0.395,3.802109329508471,100,-1.0388970062864153,0.30138334117427557,0.889972900524821
visbias_form_personality_type_entp,black→white,d_latency,-,-0.12,3.0418960062979328,100,-0.39449080360259636,0.6940672621238527,0.9402773246297577
visbias_form_personality_type_entp,black→white,d_peak_speed,-,0.0003227114677429199,0.007053633246949813,100,0.4575109825599017,0.6483062855837479,0.8937365222690239
visbias_form_personality_type_entp,black→white,d_time_to_half,-,0.365,3.0141543196436147,100,1.2109532601607358,0.2287962064740777,0.8496640370128001
visbias_form_personality_type_entp,black→white,pull_AUC,-,2.522952143397168,11.455818304373034,100,2.2023325408662253,0.029962556686343813,0.12047444667634076
visbias_form_personality_type_entp,black→white,pull_MAD,-,5.573295459360816,23.52952623897667,100,2.3686390464286737,0.019795128748100018,0.0888479034507745
visbias_form_personality_type_entp,black→white,pull_early,-,0.6013179507572205,8.530387677201736,100,0.7049128052694479,0.48251962969504647,0.8637635189058229
visbias_form_personality_type_entp,black→white,pull_release,-,4.83439551317133,26.16881171220182,100,1.8473882445786332,0.06767709177114738,0.19813052450827717
visbias_form_personality_type_entp,black→white,pull_tcp,-,20.221113665029407,87.49989682121226,100,2.3109871439445264,0.02290759692640511,0.22105831033980933
visbias_form_personality_type_entp,black→white,q_exploded,-,0.12,0.25741527977691275,100,4.66172793254531,9.803616836663722e-06,0.00016848273325332616
visbias_form_personality_type_entp,black→white,q_jerk_in_grasp,-,0.07,0.23591643786850816,100,2.9671522947890403,0.0037685468403731554,nan
visbias_form_personality_type_entp,black→white,q_tile_drift,-,0.12877733211964368,0.30432558303810997,100,4.231564459157454,5.190759030568332e-05,0.0005565647182776044
visbias_form_personality_type_entp,black→white,xpos_reversals,-,1.05,0.753778361444409,100,13.929824119492679,4.586025735459339e-25,3.848273769320228e-24
visbias_form_personality_type_esfj,all→white,d_approach_retreat,-,-0.18,3.7561532009073946,100,-0.47921368051898516,0.6328434764270902,0.9975913714328056
visbias_form_personality_type_esfj,all→white,d_latency,-,-0.15,2.7747963798259057,100,-0.5405802064993728,0.5900111257184626,0.9329303435335639
visbias_form_personality_type_esfj,all→white,d_peak_speed,-,-0.0002123117819428444,0.0038654444886676085,100,-0.5492558037381796,0.5840667092222889,0.8475554502248251
visbias_form_personality_type_esfj,all→white,d_time_to_half,-,-0.44,4.141609505123496,100,-1.0623889081181737,0.2906438586983801,0.8616779212312846
visbias_form_personality_type_esfj,all→white,pull_AUC,-,2.7385629382107357,18.375257021587068,100,1.490353541718355,0.13931055553885358,0.34034097745568026
visbias_form_personality_type_esfj,all→white,pull_MAD,-,3.9237200797884726,33.02097399640318,100,1.1882508614724283,0.23757733595134758,0.4678818963123478
visbias_form_personality_type_esfj,all→white,pull_early,-,1.7668505468172953,14.258223226985855,100,1.2391800287382666,0.2182085860008151,0.6792622112606019
visbias_form_personality_type_esfj,all→white,pull_release,-,1.1057897622231394,31.312803168073774,100,0.35314301191360337,0.7247320616010404,0.8477168962969746
visbias_form_personality_type_esfj,all→white,pull_tcp,-,-2.403589547611773,69.42495383443199,100,-0.3462140649519149,0.7299165570963659,0.9449363144616101
visbias_form_personality_type_esfj,all→white,q_exploded,-,0.11,0.2081665999466133,100,5.2842290755678745,7.522838841282239e-07,4.839692987891574e-05
visbias_form_personality_type_esfj,all→white,q_jerk_in_grasp,-,0.065,0.16899883449481554,100,3.8461803712613194,0.00021237521597824915,nan
visbias_form_personality_type_esfj,all→white,q_tile_drift,-,0.43682631880044936,2.466250235043724,100,1.7712165318565285,0.07960206312874038,0.08349564230351572
visbias_form_personality_type_esfj,all→white,xpos_reversals,-,1.015,0.8023167212592054,100,12.650864342039341,2.1227209643127317e-22,4.819825248380673e-22
visbias_form_personality_type_esfj,black→white,d_approach_retreat,-,-0.18,3.7561532009073946,100,-0.47921368051898516,0.6328434764270902,0.9975913714328056
visbias_form_personality_type_esfj,black→white,d_latency,-,-0.15,2.7747963798259057,100,-0.5405802064993728,0.5900111257184626,0.9329303435335639
visbias_form_personality_type_esfj,black→white,d_peak_speed,-,-0.0002123117819428444,0.0038654444886676085,100,-0.5492558037381796,0.5840667092222889,0.8475554502248251
visbias_form_personality_type_esfj,black→white,d_time_to_half,-,-0.44,4.141609505123496,100,-1.0623889081181737,0.2906438586983801,0.8616779212312846
visbias_form_personality_type_esfj,black→white,pull_AUC,-,2.7385629382107357,18.375257021587068,100,1.490353541718355,0.13931055553885358,0.34034097745568026
visbias_form_personality_type_esfj,black→white,pull_MAD,-,3.9237200797884726,33.02097399640318,100,1.1882508614724283,0.23757733595134758,0.4678818963123478
visbias_form_personality_type_esfj,black→white,pull_early,-,1.7668505468172953,14.258223226985855,100,1.2391800287382666,0.2182085860008151,0.6792622112606019
visbias_form_personality_type_esfj,black→white,pull_release,-,1.1057897622231394,31.312803168073774,100,0.35314301191360337,0.7247320616010404,0.8477168962969746
visbias_form_personality_type_esfj,black→white,pull_tcp,-,-2.403589547611773,69.42495383443199,100,-0.3462140649519149,0.7299165570963659,0.9449363144616101
visbias_form_personality_type_esfj,black→white,q_exploded,-,0.11,0.2081665999466133,100,5.2842290755678745,7.522838841282239e-07,4.839692987891574e-05
visbias_form_personality_type_esfj,black→white,q_jerk_in_grasp,-,0.065,0.16899883449481554,100,3.8461803712613194,0.00021237521597824915,nan
visbias_form_personality_type_esfj,black→white,q_tile_drift,-,0.43682631880044936,2.466250235043724,100,1.7712165318565285,0.07960206312874038,0.08349564230351572
visbias_form_personality_type_esfj,black→white,xpos_reversals,-,1.015,0.8023167212592054,100,12.650864342039341,2.1227209643127317e-22,4.819825248380673e-22
visbias_form_personality_type_esfp,all→white,d_approach_retreat,-,0.075,3.9653645685631678,100,0.1891377166038882,0.850372094424303,0.9989173239228251
visbias_form_personality_type_esfp,all→white,d_latency,-,-0.29,2.894770624712254,100,-1.0018064903806552,0.3188794210386814,0.9125417161050899
visbias_form_personality_type_esfp,all→white,d_peak_speed,-,-0.0005827099084854126,0.004905249552195807,100,-1.1879312199815926,0.2377026732897412,0.6708436806314167
visbias_form_personality_type_esfp,all→white,d_time_to_half,-,0.06,4.748354313535237,100,0.12635956804859597,0.8997035791236796,0.9810327162196054
visbias_form_personality_type_esfp,all→white,pull_AUC,-,-0.052864642300256934,15.935318825357992,100,-0.03317451183727371,0.9736022167198071,0.9907289037014999
visbias_form_personality_type_esfp,all→white,pull_MAD,-,1.3337974713978837,31.908653344268934,100,0.41800493960283197,0.6768487837345474,0.8175651720719566
visbias_form_personality_type_esfp,all→white,pull_early,-,0.26359547488391405,9.34228919660606,100,0.28215298128393956,0.7784152159112554,0.9819224619011261
visbias_form_personality_type_esfp,all→white,pull_release,-,0.34648306464077905,28.527576742920072,100,0.12145548420153444,0.903576454648481,0.955938830002546
visbias_form_personality_type_esfp,all→white,pull_tcp,-,5.788973103626631,78.80950248722304,100,0.734552677142603,0.46434830280523354,0.7800386275008004
visbias_form_personality_type_esfp,all→white,q_exploded,-,0.185,0.2811861599824155,100,6.579271185024517,2.261421302274443e-09,4.364543113389675e-07
visbias_form_personality_type_esfp,all→white,q_jerk_in_grasp,-,0.085,0.23629078131263045,100,3.5972626408788506,0.0005039211866510685,nan
visbias_form_personality_type_esfp,all→white,q_tile_drift,-,0.25677985019981864,0.5889653746893713,100,4.359846286978211,3.18929553979788e-05,0.0004103560261206606
visbias_form_personality_type_esfp,all→white,xpos_reversals,-,0.985,0.7799734520216608,100,12.628634954778503,2.365165895908616e-22,5.246862274831757e-22
visbias_form_personality_type_esfp,black→white,d_approach_retreat,-,0.075,3.9653645685631678,100,0.1891377166038882,0.850372094424303,0.9989173239228251
visbias_form_personality_type_esfp,black→white,d_latency,-,-0.29,2.894770624712254,100,-1.0018064903806552,0.3188794210386814,0.9125417161050899
visbias_form_personality_type_esfp,black→white,d_peak_speed,-,-0.0005827099084854126,0.004905249552195807,100,-1.1879312199815926,0.2377026732897412,0.6708436806314167
visbias_form_personality_type_esfp,black→white,d_time_to_half,-,0.06,4.748354313535237,100,0.12635956804859597,0.8997035791236796,0.9810327162196054
visbias_form_personality_type_esfp,black→white,pull_AUC,-,-0.052864642300256934,15.935318825357992,100,-0.03317451183727371,0.9736022167198071,0.9907289037014999
visbias_form_personality_type_esfp,black→white,pull_MAD,-,1.3337974713978837,31.908653344268934,100,0.41800493960283197,0.6768487837345474,0.8175651720719566
visbias_form_personality_type_esfp,black→white,pull_early,-,0.26359547488391405,9.34228919660606,100,0.28215298128393956,0.7784152159112554,0.9819224619011261
visbias_form_personality_type_esfp,black→white,pull_release,-,0.34648306464077905,28.527576742920072,100,0.12145548420153444,0.903576454648481,0.955938830002546
visbias_form_personality_type_esfp,black→white,pull_tcp,-,5.788973103626631,78.80950248722304,100,0.734552677142603,0.46434830280523354,0.7800386275008004
visbias_form_personality_type_esfp,black→white,q_exploded,-,0.185,0.2811861599824155,100,6.579271185024517,2.261421302274443e-09,4.364543113389675e-07
visbias_form_personality_type_esfp,black→white,q_jerk_in_grasp,-,0.085,0.23629078131263045,100,3.5972626408788506,0.0005039211866510685,nan
visbias_form_personality_type_esfp,black→white,q_tile_drift,-,0.25677985019981864,0.5889653746893713,100,4.359846286978211,3.18929553979788e-05,0.0004103560261206606
visbias_form_personality_type_esfp,black→white,xpos_reversals,-,0.985,0.7799734520216608,100,12.628634954778503,2.365165895908616e-22,5.246862274831757e-22
visbias_form_personality_type_estj,all→white,d_approach_retreat,-,-0.325,3.77550250853038,100,-0.8608125653888302,0.391421280076956,0.921738274063463
visbias_form_personality_type_estj,all→white,d_latency,-,0.15,2.8064679984390746,100,0.5344796380483521,0.5942080348750968,0.9329303435335639
visbias_form_personality_type_estj,all→white,d_peak_speed,-,0.00016297563910484315,0.00345611262408724,100,0.47155766270170385,0.6382801449249028,0.8937365222690239
visbias_form_personality_type_estj,all→white,d_time_to_half,-,0.175,4.753188722352924,100,0.36817389382631427,0.7135296283520596,0.9328999625180484
visbias_form_personality_type_estj,all→white,pull_AUC,-,2.972708776568819,11.637102013093115,100,2.5545095103782454,0.012157205644752034,0.06703830541248978
visbias_form_personality_type_estj,all→white,pull_MAD,-,4.700225062435492,24.26123007363631,100,1.937339965108791,0.055553743981324025,0.19146201050706316
visbias_form_personality_type_estj,all→white,pull_early,-,1.1127250627614556,7.3174194098335805,100,1.5206522961716664,0.13153465756414018,0.6371847304959745
visbias_form_personality_type_estj,all→white,pull_release,-,4.048502718796954,23.60875269984739,100,1.7148312620611776,0.08950487560400688,0.24677772845104756
visbias_form_personality_type_estj,all→white,pull_tcp,-,12.643319468479604,100.39836551336148,100,1.2593152691113256,0.21087751998333212,0.5898775843670557
visbias_form_personality_type_estj,all→white,q_exploded,-,0.115,0.2341436147393995,100,4.911515529816789,3.5724952953415026e-06,9.849879885727286e-05
visbias_form_personality_type_estj,all→white,q_jerk_in_grasp,-,0.09,0.2397389152281028,100,3.7540838922361974,0.0002936513032935587,nan
visbias_form_personality_type_estj,all→white,q_tile_drift,-,0.2090000156313181,0.4362150560757978,100,4.791215083483999,5.830345061136905e-06,0.0001959664207540496
visbias_form_personality_type_estj,all→white,xpos_reversals,-,0.9,0.6779350703393059,100,13.275607641149922,1.0364019547627526e-23,3.7041773568372456e-23
visbias_form_personality_type_estj,black→white,d_approach_retreat,-,-0.325,3.77550250853038,100,-0.8608125653888302,0.391421280076956,0.921738274063463
visbias_form_personality_type_estj,black→white,d_latency,-,0.15,2.8064679984390746,100,0.5344796380483521,0.5942080348750968,0.9329303435335639
visbias_form_personality_type_estj,black→white,d_peak_speed,-,0.00016297563910484315,0.00345611262408724,100,0.47155766270170385,0.6382801449249028,0.8937365222690239
visbias_form_personality_type_estj,black→white,d_time_to_half,-,0.175,4.753188722352924,100,0.36817389382631427,0.7135296283520596,0.9328999625180484
visbias_form_personality_type_estj,black→white,pull_AUC,-,2.972708776568819,11.637102013093115,100,2.5545095103782454,0.012157205644752034,0.06703830541248978
visbias_form_personality_type_estj,black→white,pull_MAD,-,4.700225062435492,24.26123007363631,100,1.937339965108791,0.055553743981324025,0.19146201050706316
visbias_form_personality_type_estj,black→white,pull_early,-,1.1127250627614556,7.3174194098335805,100,1.5206522961716664,0.13153465756414018,0.6371847304959745
visbias_form_personality_type_estj,black→white,pull_release,-,4.048502718796954,23.60875269984739,100,1.7148312620611776,0.08950487560400688,0.24677772845104756
visbias_form_personality_type_estj,black→white,pull_tcp,-,12.643319468479604,100.39836551336148,100,1.2593152691113256,0.21087751998333212,0.5898775843670557
visbias_form_personality_type_estj,black→white,q_exploded,-,0.115,0.2341436147393995,100,4.911515529816789,3.5724952953415026e-06,9.849879885727286e-05
visbias_form_personality_type_estj,black→white,q_jerk_in_grasp,-,0.09,0.2397389152281028,100,3.7540838922361974,0.0002936513032935587,nan
visbias_form_personality_type_estj,black→white,q_tile_drift,-,0.2090000156313181,0.4362150560757978,100,4.791215083483999,5.830345061136905e-06,0.0001959664207540496
visbias_form_personality_type_estj,black→white,xpos_reversals,-,0.9,0.6779350703393059,100,13.275607641149922,1.0364019547627526e-23,3.7041773568372456e-23
visbias_form_personality_type_estp,all→white,d_approach_retreat,-,-0.01,3.0525531622038637,100,-0.03275946222269971,0.973932361933675,1.0
visbias_form_personality_type_estp,all→white,d_latency,-,-0.105,3.1768536305437474,100,-0.3305156995288709,0.7417087850805978,0.9402773246297577
visbias_form_personality_type_estp,all→white,d_peak_speed,-,-0.00028540512546896933,0.0034095865925810077,100,-0.8370666581396948,0.4045712148307766,0.7967575965544886
visbias_form_personality_type_estp,all→white,d_time_to_half,-,0.27,1.6823804683852106,100,1.604868845506466,0.11170810355657707,0.7699879995149777
visbias_form_personality_type_estp,all→white,pull_AUC,-,1.9733745558888587,13.769357515956997,100,1.4331638593899239,0.15496152165468988,0.3518538079924135
visbias_form_personality_type_estp,all→white,pull_MAD,-,3.5775315053295342,29.198371266837874,100,1.2252503650409858,0.2233879584973764,0.4566504987020121
visbias_form_personality_type_estp,all→white,pull_early,-,0.27939128503203375,7.306405735921658,100,0.38239223926262056,0.7029901316332026,0.975577920278819
visbias_form_personality_type_estp,all→white,pull_release,-,1.3937822492880514,27.012405937301846,100,0.5159785664865032,0.6070198716072099,0.8138091942393166
visbias_form_personality_type_estp,all→white,pull_tcp,-,1.223532035946846,80.90584394707226,100,0.15122912959751925,0.8801027028103239,0.9932640168716428
visbias_form_personality_type_estp,all→white,q_exploded,-,0.07,0.20125866566448883,100,3.4781111048750826,0.0007518897856637337,0.0015437737088627723
visbias_form_personality_type_estp,all→white,q_jerk_in_grasp,-,0.06,0.23868325657594194,100,2.513791744789177,0.013556758919315057,nan
visbias_form_personality_type_estp,all→white,q_tile_drift,-,0.12661347810178994,0.34751572550162063,100,3.6433884515306483,0.0004305825676443681,0.0015726335492969425
visbias_form_personality_type_estp,all→white,xpos_reversals,-,0.98,0.8285316206788045,100,11.828154478848973,1.1967423092274619e-20,1.7236661617977622e-20
visbias_form_personality_type_estp,black→white,d_approach_retreat,-,-0.01,3.0525531622038637,100,-0.03275946222269971,0.973932361933675,1.0
visbias_form_personality_type_estp,black→white,d_latency,-,-0.105,3.1768536305437474,100,-0.3305156995288709,0.7417087850805978,0.9402773246297577
visbias_form_personality_type_estp,black→white,d_peak_speed,-,-0.00028540512546896933,0.0034095865925810077,100,-0.8370666581396948,0.4045712148307766,0.7967575965544886
visbias_form_personality_type_estp,black→white,d_time_to_half,-,0.27,1.6823804683852106,100,1.604868845506466,0.11170810355657707,0.7699879995149777
visbias_form_personality_type_estp,black→white,pull_AUC,-,1.9733745558888587,13.769357515956997,100,1.4331638593899239,0.15496152165468988,0.3518538079924135
visbias_form_personality_type_estp,black→white,pull_MAD,-,3.5775315053295342,29.198371266837874,100,1.2252503650409858,0.2233879584973764,0.4566504987020121
visbias_form_personality_type_estp,black→white,pull_early,-,0.27939128503203375,7.306405735921658,100,0.38239223926262056,0.7029901316332026,0.975577920278819
visbias_form_personality_type_estp,black→white,pull_release,-,1.3937822492880514,27.012405937301846,100,0.5159785664865032,0.6070198716072099,0.8138091942393166
visbias_form_personality_type_estp,black→white,pull_tcp,-,1.223532035946846,80.90584394707226,100,0.15122912959751925,0.8801027028103239,0.9932640168716428
visbias_form_personality_type_estp,black→white,q_exploded,-,0.07,0.20125866566448883,100,3.4781111048750826,0.0007518897856637337,0.0015437737088627723
visbias_form_personality_type_estp,black→white,q_jerk_in_grasp,-,0.06,0.23868325657594194,100,2.513791744789177,0.013556758919315057,nan
visbias_form_personality_type_estp,black→white,q_tile_drift,-,0.12661347810178994,0.34751572550162063,100,3.6433884515306483,0.0004305825676443681,0.0015726335492969425
visbias_form_personality_type_estp,black→white,xpos_reversals,-,0.98,0.8285316206788045,100,11.828154478848973,1.1967423092274619e-20,1.7236661617977622e-20
visbias_form_personality_type_infj,all→white,d_approach_retreat,-,0.495,4.112370473229632,100,1.203685327531432,0.23158149533206046,0.889972900524821
visbias_form_personality_type_infj,all→white,d_latency,-,-0.04,2.9828465829428334,100,-0.13410009159953704,0.8935956641802816,0.979278637066557
visbias_form_personality_type_infj,all→white,d_peak_speed,-,-0.000636313334107399,0.0030553175553980037,100,-2.0826422215366382,0.039861695515968396,0.483778752173363
visbias_form_personality_type_infj,all→white,d_time_to_half,-,0.28,4.417206942369485,100,0.6338847232043016,0.5276179362091944,0.9184202731250377
visbias_form_personality_type_infj,all→white,pull_AUC,-,1.2948955508312643,18.30422115653264,100,0.7074300183316599,0.4809613066641625,0.6875965347124693
visbias_form_personality_type_infj,all→white,pull_MAD,-,3.902043235232122,35.824312607678365,100,1.0892164988521738,0.2787027260933,0.4980520938519157
visbias_form_personality_type_infj,all→white,pull_early,-,-0.09775559604167966,11.38553163889009,100,-0.08585949180253588,0.9317515193227103,0.9934997129093884
visbias_form_personality_type_infj,all→white,pull_release,-,2.0177100715227425,33.70418855424282,100,0.5986526179900405,0.5507718714036507,0.7615810283672442
visbias_form_personality_type_infj,all→white,pull_tcp,-,5.001666113967076,68.15885792339593,100,0.7338248125560544,0.46478985576472565,0.7800386275008004
visbias_form_personality_type_infj,all→white,q_exploded,-,0.08,0.2098580568870398,100,3.812100482902191,0.0002395709581031832,0.0007971930157571456
visbias_form_personality_type_infj,all→white,q_jerk_in_grasp,-,0.035,0.1282161999881214,100,2.729764257811617,0.0075025675386096264,nan
visbias_form_personality_type_infj,all→white,q_tile_drift,-,0.07738734323531389,0.16750574868705437,100,4.6199813344850735,1.1571933529208405e-05,0.00025527388837203965
visbias_form_personality_type_infj,all→white,xpos_reversals,-,1.005,0.736820222580814,100,13.639690784813823,1.817323867013881e-24,1.0021243038105115e-23
visbias_form_personality_type_infj,black→white,d_approach_retreat,-,0.495,4.112370473229632,100,1.203685327531432,0.23158149533206046,0.889972900524821
visbias_form_personality_type_infj,black→white,d_latency,-,-0.04,2.9828465829428334,100,-0.13410009159953704,0.8935956641802816,0.979278637066557
visbias_form_personality_type_infj,black→white,d_peak_speed,-,-0.000636313334107399,0.0030553175553980037,100,-2.0826422215366382,0.039861695515968396,0.483778752173363
visbias_form_personality_type_infj,black→white,d_time_to_half,-,0.28,4.417206942369485,100,0.6338847232043016,0.5276179362091944,0.9184202731250377
visbias_form_personality_type_infj,black→white,pull_AUC,-,1.2948955508312643,18.30422115653264,100,0.7074300183316599,0.4809613066641625,0.6875965347124693
visbias_form_personality_type_infj,black→white,pull_MAD,-,3.902043235232122,35.824312607678365,100,1.0892164988521738,0.2787027260933,0.4980520938519157
visbias_form_personality_type_infj,black→white,pull_early,-,-0.09775559604167966,11.38553163889009,100,-0.08585949180253588,0.9317515193227103,0.9934997129093884
visbias_form_personality_type_infj,black→white,pull_release,-,2.0177100715227425,33.70418855424282,100,0.5986526179900405,0.5507718714036507,0.7615810283672442
visbias_form_personality_type_infj,black→white,pull_tcp,-,5.001666113967076,68.15885792339593,100,0.7338248125560544,0.46478985576472565,0.7800386275008004
visbias_form_personality_type_infj,black→white,q_exploded,-,0.08,0.2098580568870398,100,3.812100482902191,0.0002395709581031832,0.0007971930157571456
visbias_form_personality_type_infj,black→white,q_jerk_in_grasp,-,0.035,0.1282161999881214,100,2.729764257811617,0.0075025675386096264,nan
visbias_form_personality_type_infj,black→white,q_tile_drift,-,0.07738734323531389,0.16750574868705437,100,4.6199813344850735,1.1571933529208405e-05,0.00025527388837203965
visbias_form_personality_type_infj,black→white,xpos_reversals,-,1.005,0.736820222580814,100,13.639690784813823,1.817323867013881e-24,1.0021243038105115e-23
visbias_form_personality_type_infp,all→white,d_approach_retreat,-,0.7,3.1261361570998907,100,2.239185898573875,0.027381755956890935,0.7549541285257072
visbias_form_personality_type_infp,all→white,d_latency,-,-0.135,2.966866693971602,100,-0.4550254997108819,0.6500871854893566,0.9402773246297577
visbias_form_personality_type_infp,all→white,d_peak_speed,-,-0.000244332030415535,0.0031482369655770116,100,-0.7760916128203634,0.439545056630561,0.8081777786676952
visbias_form_personality_type_infp,all→white,d_time_to_half,-,0.015,5.891894363608294,100,0.0254587049161108,0.9797403332148443,1.0
visbias_form_personality_type_infp,all→white,pull_AUC,-,0.05668894117454282,18.28454726955326,100,0.031003743400821907,0.9753289725558807,0.9907289037014999
visbias_form_personality_type_infp,all→white,pull_MAD,-,0.5830622687935828,32.940036047404234,100,0.17700717387026957,0.8598643831854231,0.9281127861995473
visbias_form_personality_type_infp,all→white,pull_early,-,-0.6633559771871663,11.423770489158429,100,-0.5806804135435977,0.5627753845201462,0.9280044639503177
visbias_form_personality_type_infp,all→white,pull_release,-,2.906886273995042,28.22205672863257,100,1.0300051133572674,0.3055174619513729,0.5562723599680658
visbias_form_personality_type_infp,all→white,pull_tcp,-,4.9192420416511595,60.67300821451138,100,0.8107793212195809,0.41943724883800215,0.7636923492993812
visbias_form_personality_type_infp,all→white,q_exploded,-,0.08,0.18422647458873534,100,4.342481186734475,3.408400953691431e-05,0.0002349362085937308
visbias_form_personality_type_infp,all→white,q_jerk_in_grasp,-,0.04,0.13632996217214535,100,2.934057881530954,0.004158024036355915,nan
visbias_form_personality_type_infp,all→white,q_tile_drift,-,0.11723646976053714,0.29324198630585985,100,3.997942833406405,0.00012316887754571407,0.0009076240453701001
visbias_form_personality_type_infp,all→white,xpos_reversals,-,0.99,0.7719187689508437,100,12.825183682805928,9.105144144913248e-23,2.4750603098144463e-22
visbias_form_personality_type_infp,black→white,d_approach_retreat,-,0.7,3.1261361570998907,100,2.239185898573875,0.027381755956890935,0.7549541285257072
visbias_form_personality_type_infp,black→white,d_latency,-,-0.135,2.966866693971602,100,-0.4550254997108819,0.6500871854893566,0.9402773246297577
visbias_form_personality_type_infp,black→white,d_peak_speed,-,-0.000244332030415535,0.0031482369655770116,100,-0.7760916128203634,0.439545056630561,0.8081777786676952
visbias_form_personality_type_infp,black→white,d_time_to_half,-,0.015,5.891894363608294,100,0.0254587049161108,0.9797403332148443,1.0
visbias_form_personality_type_infp,black→white,pull_AUC,-,0.05668894117454282,18.28454726955326,100,0.031003743400821907,0.9753289725558807,0.9907289037014999
visbias_form_personality_type_infp,black→white,pull_MAD,-,0.5830622687935828,32.940036047404234,100,0.17700717387026957,0.8598643831854231,0.9281127861995473
visbias_form_personality_type_infp,black→white,pull_early,-,-0.6633559771871663,11.423770489158429,100,-0.5806804135435977,0.5627753845201462,0.9280044639503177
visbias_form_personality_type_infp,black→white,pull_release,-,2.906886273995042,28.22205672863257,100,1.0300051133572674,0.3055174619513729,0.5562723599680658
visbias_form_personality_type_infp,black→white,pull_tcp,-,4.9192420416511595,60.67300821451138,100,0.8107793212195809,0.41943724883800215,0.7636923492993812
visbias_form_personality_type_infp,black→white,q_exploded,-,0.08,0.18422647458873534,100,4.342481186734475,3.408400953691431e-05,0.0002349362085937308
visbias_form_personality_type_infp,black→white,q_jerk_in_grasp,-,0.04,0.13632996217214535,100,2.934057881530954,0.004158024036355915,nan
visbias_form_personality_type_infp,black→white,q_tile_drift,-,0.11723646976053714,0.29324198630585985,100,3.997942833406405,0.00012316887754571407,0.0009076240453701001
visbias_form_personality_type_infp,black→white,xpos_reversals,-,0.99,0.7719187689508437,100,12.825183682805928,9.105144144913248e-23,2.4750603098144463e-22
visbias_form_personality_type_intj,all→white,d_approach_retreat,-,-0.45,3.1722438924413288,100,-1.4185542324543154,0.15916944585187587,0.889972900524821
visbias_form_personality_type_intj,all→white,d_latency,-,-0.075,3.275540667838924,100,-0.22896983309165297,0.81936470215586,0.9718541633941511
visbias_form_personality_type_intj,all→white,d_peak_speed,-,-9.991597384214402e-05,0.0031694754010275442,100,-0.3152445158897628,0.7532395389264055,0.9259568854318233
visbias_form_personality_type_intj,all→white,d_time_to_half,-,0.435,3.6025068432350764,100,1.2074925015530769,0.23011943842526983,0.8496640370128001
visbias_form_personality_type_intj,all→white,pull_AUC,-,1.1164349518734087,12.864750439991823,100,0.867824803194642,0.3875890002531246,0.5946259623887079
visbias_form_personality_type_intj,all→white,pull_MAD,-,2.4455059395171697,28.627281091465928,100,0.8542571443315302,0.3950249434199268,0.6363274603962151
visbias_form_personality_type_intj,all→white,pull_early,-,0.5640684152022009,6.308663141847975,100,0.8941171885696377,0.37342773263769025,0.828408648265221
visbias_form_personality_type_intj,all→white,pull_release,-,3.945778774213977,28.95405005355724,100,1.3627726576818588,0.17604603756094558,0.40936006324412644
visbias_form_personality_type_intj,all→white,pull_tcp,-,-16.933442018926144,77.34009040714592,100,-2.189477918862319,0.030911420073790056,0.25078466287866047
visbias_form_personality_type_intj,all→white,q_exploded,-,0.085,0.18876258403431845,100,4.503011040818682,1.8332318126009514e-05,0.00016848273325332616
visbias_form_personality_type_intj,all→white,q_jerk_in_grasp,-,0.075,0.2175970699446223,100,3.446737587922817,0.0008341994770978715,nan
visbias_form_personality_type_intj,all→white,q_tile_drift,-,0.12944652415812016,0.39249681465270936,100,3.298027380748492,0.0013532962281627328,0.0031468213498241863
visbias_form_personality_type_intj,all→white,xpos_reversals,-,1.215,0.9434917952355324,100,12.877695451465888,7.059956010518821e-23,2.0336888209404964e-22
visbias_form_personality_type_intj,black→white,d_approach_retreat,-,-0.45,3.1722438924413288,100,-1.4185542324543154,0.15916944585187587,0.889972900524821
visbias_form_personality_type_intj,black→white,d_latency,-,-0.075,3.275540667838924,100,-0.22896983309165297,0.81936470215586,0.9718541633941511
visbias_form_personality_type_intj,black→white,d_peak_speed,-,-9.991597384214402e-05,0.0031694754010275442,100,-0.3152445158897628,0.7532395389264055,0.9259568854318233
visbias_form_personality_type_intj,black→white,d_time_to_half,-,0.435,3.6025068432350764,100,1.2074925015530769,0.23011943842526983,0.8496640370128001
visbias_form_personality_type_intj,black→white,pull_AUC,-,1.1164349518734087,12.864750439991823,100,0.867824803194642,0.3875890002531246,0.5946259623887079
visbias_form_personality_type_intj,black→white,pull_MAD,-,2.4455059395171697,28.627281091465928,100,0.8542571443315302,0.3950249434199268,0.6363274603962151
visbias_form_personality_type_intj,black→white,pull_early,-,0.5640684152022009,6.308663141847975,100,0.8941171885696377,0.37342773263769025,0.828408648265221
visbias_form_personality_type_intj,black→white,pull_release,-,3.945778774213977,28.95405005355724,100,1.3627726576818588,0.17604603756094558,0.40936006324412644
visbias_form_personality_type_intj,black→white,pull_tcp,-,-16.933442018926144,77.34009040714592,100,-2.189477918862319,0.030911420073790056,0.25078466287866047
visbias_form_personality_type_intj,black→white,q_exploded,-,0.085,0.18876258403431845,100,4.503011040818682,1.8332318126009514e-05,0.00016848273325332616
visbias_form_personality_type_intj,black→white,q_jerk_in_grasp,-,0.075,0.2175970699446223,100,3.446737587922817,0.0008341994770978715,nan
visbias_form_personality_type_intj,black→white,q_tile_drift,-,0.12944652415812016,0.39249681465270936,100,3.298027380748492,0.0013532962281627328,0.0031468213498241863
visbias_form_personality_type_intj,black→white,xpos_reversals,-,1.215,0.9434917952355324,100,12.877695451465888,7.059956010518821e-23,2.0336888209404964e-22
visbias_form_personality_type_intp,all→white,d_approach_retreat,-,-0.055,4.184443894601851,100,-0.13143921004880205,0.8956946168600828,0.9989173239228251
visbias_form_personality_type_intp,all→white,d_latency,-,-0.065,2.7076910660359523,100,-0.24005692826382782,0.8107824867676627,0.9718541633941511
visbias_form_personality_type_intp,all→white,d_peak_speed,-,-0.0005005587637424469,0.0038727074169211035,100,-1.2925292562906887,0.19918253167695385,0.6549157453788355
visbias_form_personality_type_intp,all→white,d_time_to_half,-,0.06,2.4805098856745746,100,0.24188575238708632,0.8093690300945755,0.9587229974705774
visbias_form_personality_type_intp,all→white,pull_AUC,-,-0.19549213293936937,12.79434543752297,100,-0.1527957283113792,0.8788703552345475,0.9555737398601913
visbias_form_personality_type_intp,all→white,pull_MAD,-,0.44384850100614104,27.111801681624122,100,0.1637104410168998,0.8702928481805021,0.9331473316602051
visbias_form_personality_type_intp,all→white,pull_early,-,-0.09951185231329873,7.358172049924659,100,-0.1352399096380434,0.8926967850864889,0.9934997129093884
visbias_form_personality_type_intp,all→white,pull_release,-,0.533349693287164,24.524595268612796,100,0.21747543127439845,0.828285441100198,0.9082902848428307
visbias_form_personality_type_intp,all→white,pull_tcp,-,2.7613417417160235,74.88392263570603,100,0.36874961200274586,0.7131017748066871,0.9362492689638817
visbias_form_personality_type_intp,all→white,q_exploded,-,0.09,0.20572610996962032,100,4.374748543745388,3.0121520499537468e-05,0.0002349362085937308
visbias_form_personality_type_intp,all→white,q_jerk_in_grasp,-,0.06,0.1917489941764409,100,3.129090729143019,0.0023039657126900765,nan
visbias_form_personality_type_intp,all→white,q_tile_drift,-,0.1269775576889515,0.32448338599901444,100,3.9132221607591693,0.00016722332066670145,0.0010758033629557793
visbias_form_personality_type_intp,all→white,xpos_reversals,-,1.065,0.8866433125199579,100,12.01159457203967,4.8460715742544e-21,7.542675917992735e-21
visbias_form_personality_type_intp,black→white,d_approach_retreat,-,-0.055,4.184443894601851,100,-0.13143921004880205,0.8956946168600828,0.9989173239228251
visbias_form_personality_type_intp,black→white,d_latency,-,-0.065,2.7076910660359523,100,-0.24005692826382782,0.8107824867676627,0.9718541633941511
visbias_form_personality_type_intp,black→white,d_peak_speed,-,-0.0005005587637424469,0.0038727074169211035,100,-1.2925292562906887,0.19918253167695385,0.6549157453788355
visbias_form_personality_type_intp,black→white,d_time_to_half,-,0.06,2.4805098856745746,100,0.24188575238708632,0.8093690300945755,0.9587229974705774
visbias_form_personality_type_intp,black→white,pull_AUC,-,-0.19549213293936937,12.79434543752297,100,-0.1527957283113792,0.8788703552345475,0.9555737398601913
visbias_form_personality_type_intp,black→white,pull_MAD,-,0.44384850100614104,27.111801681624122,100,0.1637104410168998,0.8702928481805021,0.9331473316602051
visbias_form_personality_type_intp,black→white,pull_early,-,-0.09951185231329873,7.358172049924659,100,-0.1352399096380434,0.8926967850864889,0.9934997129093884
visbias_form_personality_type_intp,black→white,pull_release,-,0.533349693287164,24.524595268612796,100,0.21747543127439845,0.828285441100198,0.9082902848428307
visbias_form_personality_type_intp,black→white,pull_tcp,-,2.7613417417160235,74.88392263570603,100,0.36874961200274586,0.7131017748066871,0.9362492689638817
visbias_form_personality_type_intp,black→white,q_exploded,-,0.09,0.20572610996962032,100,4.374748543745388,3.0121520499537468e-05,0.0002349362085937308
visbias_form_personality_type_intp,black→white,q_jerk_in_grasp,-,0.06,0.1917489941764409,100,3.129090729143019,0.0023039657126900765,nan
visbias_form_personality_type_intp,black→white,q_tile_drift,-,0.1269775576889515,0.32448338599901444,100,3.9132221607591693,0.00016722332066670145,0.0010758033629557793
visbias_form_personality_type_intp,black→white,xpos_reversals,-,1.065,0.8866433125199579,100,12.01159457203967,4.8460715742544e-21,7.542675917992735e-21
visbias_form_personality_type_isfj,all→white,d_approach_retreat,-,0.0,3.3642505581751516,100,0.0,1.0,1.0
visbias_form_personality_type_isfj,all→white,d_latency,-,-0.35,2.958893459563981,100,-1.1828746279076086,0.23969176702952322,0.8817479786981184
visbias_form_personality_type_isfj,all→white,d_peak_speed,-,-0.001039903275668621,0.0031160795089598156,100,-3.3372167580401473,0.0011929481742883967,0.11511949881883028
visbias_form_personality_type_isfj,all→white,d_time_to_half,-,0.215,2.0831878737098384,100,1.032072059910362,0.3045530832997529,0.8616779212312846
visbias_form_personality_type_isfj,all→white,pull_AUC,-,4.46638017436046,15.20952350951877,100,2.936568112449551,0.00412723027996394,0.031862217761321615
visbias_form_personality_type_isfj,all→white,pull_MAD,-,8.361830326344352,29.996016568872566,100,2.787646922098843,0.0063662006786857975,0.042368163137460654
visbias_form_personality_type_isfj,all→white,pull_early,-,1.597740018827608,9.032875489279322,100,1.7688055378643128,0.08000618091812964,0.5147064305733007
visbias_form_personality_type_isfj,all→white,pull_release,-,9.680670612742688,26.185286959757722,100,3.6969885522431785,0.00035807263964903965,0.004936287103733189
visbias_form_personality_type_isfj,all→white,pull_tcp,-,10.179409491829574,77.1472804840519,100,1.3194774239558436,0.19005294467724515,0.5686978804367453
visbias_form_personality_type_isfj,all→white,q_exploded,-,0.105,0.22802401078603435,100,4.604778226558187,1.2289725310347178e-05,0.00016848273325332616
visbias_form_personality_type_isfj,all→white,q_jerk_in_grasp,-,0.055,0.17254775360093008,100,3.187523387131684,0.0019207824085085005,nan
visbias_form_personality_type_isfj,all→white,q_tile_drift,-,0.1751502624899149,0.3693524022343664,100,4.742090789997793,7.10759039004325e-06,0.0001959664207540496
visbias_form_personality_type_isfj,all→white,xpos_reversals,-,0.915,0.6554164379009021,100,13.960589742461517,3.965212652294139e-25,3.644219247108423e-24
visbias_form_personality_type_isfj,black→white,d_approach_retreat,-,0.0,3.3642505581751516,100,0.0,1.0,1.0
visbias_form_personality_type_isfj,black→white,d_latency,-,-0.35,2.958893459563981,100,-1.1828746279076086,0.23969176702952322,0.8817479786981184
visbias_form_personality_type_isfj,black→white,d_peak_speed,-,-0.001039903275668621,0.0031160795089598156,100,-3.3372167580401473,0.0011929481742883967,0.11511949881883028
visbias_form_personality_type_isfj,black→white,d_time_to_half,-,0.215,2.0831878737098384,100,1.032072059910362,0.3045530832997529,0.8616779212312846
visbias_form_personality_type_isfj,black→white,pull_AUC,-,4.46638017436046,15.20952350951877,100,2.936568112449551,0.00412723027996394,0.031862217761321615
visbias_form_personality_type_isfj,black→white,pull_MAD,-,8.361830326344352,29.996016568872566,100,2.787646922098843,0.0063662006786857975,0.042368163137460654
visbias_form_personality_type_isfj,black→white,pull_early,-,1.597740018827608,9.032875489279322,100,1.7688055378643128,0.08000618091812964,0.5147064305733007
visbias_form_personality_type_isfj,black→white,pull_release,-,9.680670612742688,26.185286959757722,100,3.6969885522431785,0.00035807263964903965,0.004936287103733189
visbias_form_personality_type_isfj,black→white,pull_tcp,-,10.179409491829574,77.1472804840519,100,1.3194774239558436,0.19005294467724515,0.5686978804367453
visbias_form_personality_type_isfj,black→white,q_exploded,-,0.105,0.22802401078603435,100,4.604778226558187,1.2289725310347178e-05,0.00016848273325332616
visbias_form_personality_type_isfj,black→white,q_jerk_in_grasp,-,0.055,0.17254775360093008,100,3.187523387131684,0.0019207824085085005,nan
visbias_form_personality_type_isfj,black→white,q_tile_drift,-,0.1751502624899149,0.3693524022343664,100,4.742090789997793,7.10759039004325e-06,0.0001959664207540496
visbias_form_personality_type_isfj,black→white,xpos_reversals,-,0.915,0.6554164379009021,100,13.960589742461517,3.965212652294139e-25,3.644219247108423e-24
visbias_form_personality_type_isfp,all→white,d_approach_retreat,-,0.09,3.5945947074894424,100,0.25037593198610786,0.8028154993502254,0.9989173239228251
visbias_form_personality_type_isfp,all→white,d_latency,-,-0.65,2.9520580049596696,100,-2.201853753916601,0.029997437345654344,0.3889698324223699
visbias_form_personality_type_isfp,all→white,d_peak_speed,-,-0.0005024461075663567,0.0039599547723885905,100,-1.2688177932478963,0.2074812275125453,0.6549157453788355
visbias_form_personality_type_isfp,all→white,d_time_to_half,-,0.5,4.6898773432734355,100,1.0661259632240414,0.2889598339139333,0.8616779212312846
visbias_form_personality_type_isfp,all→white,pull_AUC,-,0.44579965543957756,14.189905047900597,100,0.3141667642839751,0.7540554624917659,0.8928386764473057
visbias_form_personality_type_isfp,all→white,pull_MAD,-,1.2394198255846294,27.36881637961394,100,0.4528583948949394,0.6516416189789941,0.8144399055428873
visbias_form_personality_type_isfp,all→white,pull_early,-,-0.8350669170031327,10.06703193230628,100,-0.8295065741505254,0.4088134867987552,0.8493593511865014
visbias_form_personality_type_isfp,all→white,pull_release,-,1.4657512621488422,24.85418793769205,100,0.5897401539826577,0.5567084408296746,0.7620193551782071
visbias_form_personality_type_isfp,all→white,pull_tcp,-,-6.061479001073167,69.12047010249506,100,-0.8769441226433967,0.38264004401514184,0.7311834504447761
visbias_form_personality_type_isfp,all→white,q_exploded,-,0.095,0.2095570123239531,100,4.533372515024216,1.6279346818281397e-05,0.00016848273325332616
visbias_form_personality_type_isfp,all→white,q_jerk_in_grasp,-,0.06,0.1780931546050317,100,3.3690233705537835,0.0010760940848412118,nan
visbias_form_personality_type_isfp,all→white,q_tile_drift,-,0.25286289721727373,0.8199133060954271,100,3.0840199242704305,0.0026468498656156973,0.004865162133941234
visbias_form_personality_type_isfp,all→white,xpos_reversals,-,1.1,0.8732847546054281,100,12.596120500202796,2.770756326087377e-22,6.008494055447908e-22
visbias_form_personality_type_isfp,black→white,d_approach_retreat,-,0.09,3.5945947074894424,100,0.25037593198610786,0.8028154993502254,0.9989173239228251
visbias_form_personality_type_isfp,black→white,d_latency,-,-0.65,2.9520580049596696,100,-2.201853753916601,0.029997437345654344,0.3889698324223699
visbias_form_personality_type_isfp,black→white,d_peak_speed,-,-0.0005024461075663567,0.0039599547723885905,100,-1.2688177932478963,0.2074812275125453,0.6549157453788355
visbias_form_personality_type_isfp,black→white,d_time_to_half,-,0.5,4.6898773432734355,100,1.0661259632240414,0.2889598339139333,0.8616779212312846
visbias_form_personality_type_isfp,black→white,pull_AUC,-,0.44579965543957756,14.189905047900597,100,0.3141667642839751,0.7540554624917659,0.8928386764473057
visbias_form_personality_type_isfp,black→white,pull_MAD,-,1.2394198255846294,27.36881637961394,100,0.4528583948949394,0.6516416189789941,0.8144399055428873
visbias_form_personality_type_isfp,black→white,pull_early,-,-0.8350669170031327,10.06703193230628,100,-0.8295065741505254,0.4088134867987552,0.8493593511865014
visbias_form_personality_type_isfp,black→white,pull_release,-,1.4657512621488422,24.85418793769205,100,0.5897401539826577,0.5567084408296746,0.7620193551782071
visbias_form_personality_type_isfp,black→white,pull_tcp,-,-6.061479001073167,69.12047010249506,100,-0.8769441226433967,0.38264004401514184,0.7311834504447761
visbias_form_personality_type_isfp,black→white,q_exploded,-,0.095,0.2095570123239531,100,4.533372515024216,1.6279346818281397e-05,0.00016848273325332616
visbias_form_personality_type_isfp,black→white,q_jerk_in_grasp,-,0.06,0.1780931546050317,100,3.3690233705537835,0.0010760940848412118,nan
visbias_form_personality_type_isfp,black→white,q_tile_drift,-,0.25286289721727373,0.8199133060954271,100,3.0840199242704305,0.0026468498656156973,0.004865162133941234
visbias_form_personality_type_isfp,black→white,xpos_reversals,-,1.1,0.8732847546054281,100,12.596120500202796,2.770756326087377e-22,6.008494055447908e-22
visbias_form_personality_type_istj,all→white,d_approach_retreat,-,0.0,4.3612156585293995,100,0.0,1.0,1.0
visbias_form_personality_type_istj,all→white,d_latency,-,-0.41,2.8153439605422306,100,-1.4563051824084565,0.1484724718423342,0.8011538228798268
visbias_form_personality_type_istj,all→white,d_peak_speed,-,-0.00019405202940106392,0.0031807151371721926,100,-0.6100893070656601,0.5432005385649856,0.8190445620550174
visbias_form_personality_type_istj,all→white,d_time_to_half,-,-0.025,1.9047720508387784,100,-0.13124930087561446,0.8958444492595847,0.9810327162196054
visbias_form_personality_type_istj,all→white,pull_AUC,-,1.37454705843862,15.963318232501464,100,0.8610660004509773,0.39128236903298397,0.5946259623887079
visbias_form_personality_type_istj,all→white,pull_MAD,-,3.8248917656484993,33.280401768505186,100,1.1492925452805607,0.25320439305170656,0.4698889217209554
visbias_form_personality_type_istj,all→white,pull_early,-,-1.0427798312157395,10.08600911565005,100,-1.0338874566330705,0.30370776469551336,0.7920721217993318
visbias_form_personality_type_istj,all→white,pull_release,-,3.8663149293279275,31.360803540464527,100,1.2328494467111661,0.2205514809819829,0.4528344237183266
visbias_form_personality_type_istj,all→white,pull_tcp,-,-0.4902901407331228,81.0787665066885,100,-0.06047084358303317,0.951902542799361,0.9997998490322251
visbias_form_personality_type_istj,all→white,q_exploded,-,0.125,0.22890825651118374,100,5.460702986652335,3.526796175584947e-07,3.403358309439474e-05
visbias_form_personality_type_istj,all→white,q_jerk_in_grasp,-,0.065,0.18333333333333332,100,3.5454545454545454,0.0006003467586197645,nan
visbias_form_personality_type_istj,all→white,q_tile_drift,-,0.2075550538673997,0.5469176456942562,100,3.7949964771008573,0.00025443996460297873,0.0012134802538355362
visbias_form_personality_type_istj,all→white,xpos_reversals,-,0.98,0.768443264337095,100,12.753056022234855,1.2919187780187927e-22,3.308792024518257e-22
visbias_form_personality_type_istj,black→white,d_approach_retreat,-,0.0,4.3612156585293995,100,0.0,1.0,1.0
visbias_form_personality_type_istj,black→white,d_latency,-,-0.41,2.8153439605422306,100,-1.4563051824084565,0.1484724718423342,0.8011538228798268
visbias_form_personality_type_istj,black→white,d_peak_speed,-,-0.00019405202940106392,0.0031807151371721926,100,-0.6100893070656601,0.5432005385649856,0.8190445620550174
visbias_form_personality_type_istj,black→white,d_time_to_half,-,-0.025,1.9047720508387784,100,-0.13124930087561446,0.8958444492595847,0.9810327162196054
visbias_form_personality_type_istj,black→white,pull_AUC,-,1.37454705843862,15.963318232501464,100,0.8610660004509773,0.39128236903298397,0.5946259623887079
visbias_form_personality_type_istj,black→white,pull_MAD,-,3.8248917656484993,33.280401768505186,100,1.1492925452805607,0.25320439305170656,0.4698889217209554
visbias_form_personality_type_istj,black→white,pull_early,-,-1.0427798312157395,10.08600911565005,100,-1.0338874566330705,0.30370776469551336,0.7920721217993318
visbias_form_personality_type_istj,black→white,pull_release,-,3.8663149293279275,31.360803540464527,100,1.2328494467111661,0.2205514809819829,0.4528344237183266
visbias_form_personality_type_istj,black→white,pull_tcp,-,-0.4902901407331228,81.0787665066885,100,-0.06047084358303317,0.951902542799361,0.9997998490322251
visbias_form_personality_type_istj,black→white,q_exploded,-,0.125,0.22890825651118374,100,5.460702986652335,3.526796175584947e-07,3.403358309439474e-05
visbias_form_personality_type_istj,black→white,q_jerk_in_grasp,-,0.065,0.18333333333333332,100,3.5454545454545454,0.0006003467586197645,nan
visbias_form_personality_type_istj,black→white,q_tile_drift,-,0.2075550538673997,0.5469176456942562,100,3.7949964771008573,0.00025443996460297873,0.0012134802538355362
visbias_form_personality_type_istj,black→white,xpos_reversals,-,0.98,0.768443264337095,100,12.753056022234855,1.2919187780187927e-22,3.308792024518257e-22
visbias_form_personality_type_istp,all→white,d_approach_retreat,-,0.55,3.3578642803503125,100,1.6379458908405335,0.10460763071875136,0.889972900524821
visbias_form_personality_type_istp,all→white,d_latency,-,-0.1,2.7533267297594888,100,-0.36319699699692126,0.7172320843318165,0.9402773246297577
visbias_form_personality_type_istp,all→white,d_peak_speed,-,0.0019044830650091172,0.009992876351996744,100,1.9058407188522546,0.0595717591700361,0.5207395017080594
visbias_form_personality_type_istp,all→white,d_time_to_half,-,0.415,3.0025704476213866,100,1.382149086056448,0.17003646150051144,0.8496640370128001
visbias_form_personality_type_istp,all→white,pull_AUC,-,-0.6085054125090389,16.250779417136314,100,-0.3744469092155512,0.7088727022549324,0.8659014654126705
visbias_form_personality_type_istp,all→white,pull_MAD,-,-1.3312658574199303,31.135676224379733,100,-0.4275692770653646,0.6698933318579198,0.8175651720719566
visbias_form_personality_type_istp,all→white,pull_early,-,-1.7559653734788292,11.102171849467913,100,-1.5816413196333166,0.11692115451139123,0.6268273005749586
visbias_form_personality_type_istp,all→white,pull_release,-,-0.4998111940221861,31.11864008404424,100,-0.1606147288802826,0.8727241372979524,0.9462683061713754
visbias_form_personality_type_istp,all→white,pull_tcp,-,16.398070452269167,91.904729734009,100,1.7842466323255093,0.07744708390927521,0.3645679803534175
visbias_form_personality_type_istp,all→white,q_exploded,-,0.1,0.23570226039551587,100,4.242640687119285,4.9787045790617815e-05,0.00031447996196835143
visbias_form_personality_type_istp,all→white,q_jerk_in_grasp,-,0.085,0.22535045658446823,100,3.7719027193601184,0.00027591462677991127,nan
visbias_form_personality_type_istp,all→white,q_tile_drift,-,0.21677197709679605,0.4566703801045585,100,4.746793016161115,6.974434646342802e-06,0.0001959664207540496
visbias_form_personality_type_istp,all→white,xpos_reversals,-,1.015,0.7991630723210478,100,12.700787050283575,1.6652724225769363e-22,3.9678713278685026e-22
visbias_form_personality_type_istp,black→white,d_approach_retreat,-,0.55,3.3578642803503125,100,1.6379458908405335,0.10460763071875136,0.889972900524821
visbias_form_personality_type_istp,black→white,d_latency,-,-0.1,2.7533267297594888,100,-0.36319699699692126,0.7172320843318165,0.9402773246297577
visbias_form_personality_type_istp,black→white,d_peak_speed,-,0.0019044830650091172,0.009992876351996744,100,1.9058407188522546,0.0595717591700361,0.5207395017080594
visbias_form_personality_type_istp,black→white,d_time_to_half,-,0.415,3.0025704476213866,100,1.382149086056448,0.17003646150051144,0.8496640370128001
visbias_form_personality_type_istp,black→white,pull_AUC,-,-0.6085054125090389,16.250779417136314,100,-0.3744469092155512,0.7088727022549324,0.8659014654126705
visbias_form_personality_type_istp,black→white,pull_MAD,-,-1.3312658574199303,31.135676224379733,100,-0.4275692770653646,0.6698933318579198,0.8175651720719566
visbias_form_personality_type_istp,black→white,pull_early,-,-1.7559653734788292,11.102171849467913,100,-1.5816413196333166,0.11692115451139123,0.6268273005749586
visbias_form_personality_type_istp,black→white,pull_release,-,-0.4998111940221861,31.11864008404424,100,-0.1606147288802826,0.8727241372979524,0.9462683061713754
visbias_form_personality_type_istp,black→white,pull_tcp,-,16.398070452269167,91.904729734009,100,1.7842466323255093,0.07744708390927521,0.3645679803534175
visbias_form_personality_type_istp,black→white,q_exploded,-,0.1,0.23570226039551587,100,4.242640687119285,4.9787045790617815e-05,0.00031447996196835143
visbias_form_personality_type_istp,black→white,q_jerk_in_grasp,-,0.085,0.22535045658446823,100,3.7719027193601184,0.00027591462677991127,nan
visbias_form_personality_type_istp,black→white,q_tile_drift,-,0.21677197709679605,0.4566703801045585,100,4.746793016161115,6.974434646342802e-06,0.0001959664207540496
visbias_form_personality_type_istp,black→white,xpos_reversals,-,1.015,0.7991630723210478,100,12.700787050283575,1.6652724225769363e-22,3.9678713278685026e-22
visbias_form_physical_appearance_athletic,all→white,d_approach_retreat,-,-0.21,3.9925309053660474,100,-0.5259821526184193,0.6000768953232256,0.9975913714328056
visbias_form_physical_appearance_athletic,all→white,d_latency,-,0.15,2.809166093596842,100,0.5339662910708877,0.5945618251535147,0.9329303435335639
visbias_form_physical_appearance_athletic,all→white,d_peak_speed,-,-0.00025611817836761474,0.003660895841726944,100,-0.6996052044102867,0.4858144989918757,0.8081777786676952
visbias_form_physical_appearance_athletic,all→white,d_time_to_half,-,-0.35,3.8837267325770144,100,-0.9011962583880364,0.3696711509617978,0.8616779212312846
visbias_form_physical_appearance_athletic,all→white,pull_AUC,-,1.3267156578201187,13.209256797863246,100,1.0043832731261084,0.3176425204808003,0.5406909064863159
visbias_form_physical_appearance_athletic,all→white,pull_MAD,-,3.209841383295134,26.27664357867313,100,1.2215568452206476,0.22477615221083497,0.4566504987020121
visbias_form_physical_appearance_athletic,all→white,pull_early,-,0.5679231797112155,7.659318717395173,100,0.7414800201764657,0.46015776982960244,0.8599560404542042
visbias_form_physical_appearance_athletic,all→white,pull_release,-,2.1741590357851237,24.121663209018475,100,0.9013304832861861,0.3696001542358802,0.6045155065044482
visbias_form_physical_appearance_athletic,all→white,pull_tcp,-,0.7023961097002029,59.66014993551209,100,0.11773287704765034,0.9065178498742325,0.9987892198486336
visbias_form_physical_appearance_athletic,all→white,q_exploded,-,0.04,0.13632996217214535,100,2.934057881530954,0.004158024036355915,0.005144222044978793
visbias_form_physical_appearance_athletic,all→white,q_jerk_in_grasp,-,0.025,0.13055824196677338,100,1.9148542155126762,0.05839774428202229,nan
visbias_form_physical_appearance_athletic,all→white,q_tile_drift,-,0.10442631464451552,0.35519938153128644,100,2.9399351483757443,0.004086255666282835,0.006517746641261051
visbias_form_physical_appearance_athletic,all→white,xpos_reversals,-,1.015,0.8117041556895199,100,12.50455591345083,4.329128708948575e-22,8.964584560300916e-22
visbias_form_physical_appearance_athletic,black→white,d_approach_retreat,-,-0.21,3.9925309053660474,100,-0.5259821526184193,0.6000768953232256,0.9975913714328056
visbias_form_physical_appearance_athletic,black→white,d_latency,-,0.15,2.809166093596842,100,0.5339662910708877,0.5945618251535147,0.9329303435335639
visbias_form_physical_appearance_athletic,black→white,d_peak_speed,-,-0.00025611817836761474,0.003660895841726944,100,-0.6996052044102867,0.4858144989918757,0.8081777786676952
visbias_form_physical_appearance_athletic,black→white,d_time_to_half,-,-0.35,3.8837267325770144,100,-0.9011962583880364,0.3696711509617978,0.8616779212312846
visbias_form_physical_appearance_athletic,black→white,pull_AUC,-,1.3267156578201187,13.209256797863246,100,1.0043832731261084,0.3176425204808003,0.5406909064863159
visbias_form_physical_appearance_athletic,black→white,pull_MAD,-,3.209841383295134,26.27664357867313,100,1.2215568452206476,0.22477615221083497,0.4566504987020121
visbias_form_physical_appearance_athletic,black→white,pull_early,-,0.5679231797112155,7.659318717395173,100,0.7414800201764657,0.46015776982960244,0.8599560404542042
visbias_form_physical_appearance_athletic,black→white,pull_release,-,2.1741590357851237,24.121663209018475,100,0.9013304832861861,0.3696001542358802,0.6045155065044482
visbias_form_physical_appearance_athletic,black→white,pull_tcp,-,0.7023961097002029,59.66014993551209,100,0.11773287704765034,0.9065178498742325,0.9987892198486336
visbias_form_physical_appearance_athletic,black→white,q_exploded,-,0.04,0.13632996217214535,100,2.934057881530954,0.004158024036355915,0.005144222044978793
visbias_form_physical_appearance_athletic,black→white,q_jerk_in_grasp,-,0.025,0.13055824196677338,100,1.9148542155126762,0.05839774428202229,nan
visbias_form_physical_appearance_athletic,black→white,q_tile_drift,-,0.10442631464451552,0.35519938153128644,100,2.9399351483757443,0.004086255666282835,0.006517746641261051
visbias_form_physical_appearance_athletic,black→white,xpos_reversals,-,1.015,0.8117041556895199,100,12.50455591345083,4.329128708948575e-22,8.964584560300916e-22
visbias_form_physical_appearance_bald,all→white,d_approach_retreat,-,0.03,3.0015315955678226,100,0.09994897286538364,0.9205869573444021,0.9989173239228251
visbias_form_physical_appearance_bald,all→white,d_latency,-,-0.355,3.0495031885488655,100,-1.1641240492321965,0.24717153192368516,0.8834093640976155
visbias_form_physical_appearance_bald,all→white,d_peak_speed,-,0.00019715361297130584,0.0028643325710723095,100,0.6883055932904403,0.49287008359745443,0.8081777786676952
visbias_form_physical_appearance_bald,all→white,d_time_to_half,-,-0.155,3.6262893910269693,100,-0.4274341710938404,0.6699913866173897,0.9236309829796873
visbias_form_physical_appearance_bald,all→white,pull_AUC,-,-2.3769553251059166,17.492737192791466,100,-1.358824121639139,0.17729015889194746,0.38882955302438477
visbias_form_physical_appearance_bald,all→white,pull_MAD,-,-7.347668211709243,31.79045121611035,100,-2.3112815108411193,0.022890666371223382,0.0981755246588025
visbias_form_physical_appearance_bald,all→white,pull_early,-,0.7504046646063213,7.2208948060227325,100,1.0392128465580626,0.30123719584425035,0.7920721217993318
visbias_form_physical_appearance_bald,all→white,pull_release,-,-7.325668878329452,31.42717131548256,100,-2.330998486879559,0.021781472123285933,0.10087642987017893
visbias_form_physical_appearance_bald,all→white,pull_tcp,-,-7.130566768464632,69.76983909061232,100,-1.0220127868152222,0.3092657847842178,0.7000153206446837
visbias_form_physical_appearance_bald,all→white,q_exploded,-,0.055,0.17254775360093005,100,3.187523387131685,0.001920782408508495,0.002965688038737125
visbias_form_physical_appearance_bald,all→white,q_jerk_in_grasp,-,0.065,0.18333333333333332,100,3.5454545454545454,0.0006003467586197645,nan
visbias_form_physical_appearance_bald,all→white,q_tile_drift,-,0.09165865041315556,0.27525310080014903,100,3.329977033744861,0.0012211598814163124,0.0030215879117095937
visbias_form_physical_appearance_bald,all→white,xpos_reversals,-,0.945,0.7716406501275662,100,12.246633194399159,1.5279039154854973e-21,2.862965589210689e-21
visbias_form_physical_appearance_bald,black→white,d_approach_retreat,-,0.03,3.0015315955678226,100,0.09994897286538364,0.9205869573444021,0.9989173239228251
visbias_form_physical_appearance_bald,black→white,d_latency,-,-0.355,3.0495031885488655,100,-1.1641240492321965,0.24717153192368516,0.8834093640976155
visbias_form_physical_appearance_bald,black→white,d_peak_speed,-,0.00019715361297130584,0.0028643325710723095,100,0.6883055932904403,0.49287008359745443,0.8081777786676952
visbias_form_physical_appearance_bald,black→white,d_time_to_half,-,-0.155,3.6262893910269693,100,-0.4274341710938404,0.6699913866173897,0.9236309829796873
visbias_form_physical_appearance_bald,black→white,pull_AUC,-,-2.3769553251059166,17.492737192791466,100,-1.358824121639139,0.17729015889194746,0.38882955302438477
visbias_form_physical_appearance_bald,black→white,pull_MAD,-,-7.347668211709243,31.79045121611035,100,-2.3112815108411193,0.022890666371223382,0.0981755246588025
visbias_form_physical_appearance_bald,black→white,pull_early,-,0.7504046646063213,7.2208948060227325,100,1.0392128465580626,0.30123719584425035,0.7920721217993318
visbias_form_physical_appearance_bald,black→white,pull_release,-,-7.325668878329452,31.42717131548256,100,-2.330998486879559,0.021781472123285933,0.10087642987017893
visbias_form_physical_appearance_bald,black→white,pull_tcp,-,-7.130566768464632,69.76983909061232,100,-1.0220127868152222,0.3092657847842178,0.7000153206446837
visbias_form_physical_appearance_bald,black→white,q_exploded,-,0.055,0.17254775360093005,100,3.187523387131685,0.001920782408508495,0.002965688038737125
visbias_form_physical_appearance_bald,black→white,q_jerk_in_grasp,-,0.065,0.18333333333333332,100,3.5454545454545454,0.0006003467586197645,nan
visbias_form_physical_appearance_bald,black→white,q_tile_drift,-,0.09165865041315556,0.27525310080014903,100,3.329977033744861,0.0012211598814163124,0.0030215879117095937
visbias_form_physical_appearance_bald,black→white,xpos_reversals,-,0.945,0.7716406501275662,100,12.246633194399159,1.5279039154854973e-21,2.862965589210689e-21
visbias_form_physical_appearance_blond,all→white,d_approach_retreat,-,-0.22,3.95959389816479,100,-0.5556125341590373,0.5797291993088909,0.9975913714328056
visbias_form_physical_appearance_blond,all→white,d_latency,-,-0.68,2.39266556059314,100,-2.8420185888053178,0.005444288712224574,0.2626869303648357
visbias_form_physical_appearance_blond,all→white,d_peak_speed,-,-0.00010527664795517922,0.0035756098935633275,100,-0.2944299045169723,0.7690458927732845,0.9276616081577744
visbias_form_physical_appearance_blond,all→white,d_time_to_half,-,0.89,3.1427164470671967,100,2.83194495905144,0.005605271039884117,0.3245315967843118
visbias_form_physical_appearance_blond,all→white,pull_AUC,-,12.680363826200097,15.479365866164132,100,8.191785074295396,9.303818177458275e-13,5.98545636083149e-11
visbias_form_physical_appearance_blond,all→white,pull_MAD,-,27.794883524812757,32.16992886861962,100,8.640020199710627,1.0019929131920595e-13,9.669231612303374e-12
visbias_form_physical_appearance_blond,all→white,pull_early,-,2.1274453809019183,8.229471903678093,100,2.5851541943427434,0.0111911124441996,0.3841867572075087
visbias_form_physical_appearance_blond,all→white,pull_release,-,24.10610956605524,29.540819894890603,100,8.160270991742054,1.0874558798817249e-12,6.99596616057243e-11
visbias_form_physical_appearance_blond,all→white,pull_tcp,-,13.782037026248872,70.25931281421494,100,1.9615957620724804,0.0526181103555368,0.30186189838598226
visbias_form_physical_appearance_blond,all→white,q_exploded,-,0.04,0.13632996217214535,100,2.934057881530954,0.004158024036355915,0.005144222044978793
visbias_form_physical_appearance_blond,all→white,q_jerk_in_grasp,-,0.03,0.11934162828797101,100,2.5137917447891764,0.013556758919315062,nan
visbias_form_physical_appearance_blond,all→white,q_tile_drift,-,0.08073209401220083,0.21226405245702648,100,3.8033804159347846,0.00024704503068043984,0.0012134802538355362
visbias_form_physical_appearance_blond,all→white,xpos_reversals,-,0.89,0.6874781906549927,100,12.945865223041551,5.0763328945764706e-23,1.507280382543475e-22
visbias_form_physical_appearance_blond,black→white,d_approach_retreat,-,-0.22,3.95959389816479,100,-0.5556125341590373,0.5797291993088909,0.9975913714328056
visbias_form_physical_appearance_blond,black→white,d_latency,-,-0.68,2.39266556059314,100,-2.8420185888053178,0.005444288712224574,0.2626869303648357
visbias_form_physical_appearance_blond,black→white,d_peak_speed,-,-0.00010527664795517922,0.0035756098935633275,100,-0.2944299045169723,0.7690458927732845,0.9276616081577744
visbias_form_physical_appearance_blond,black→white,d_time_to_half,-,0.89,3.1427164470671967,100,2.83194495905144,0.005605271039884117,0.3245315967843118
visbias_form_physical_appearance_blond,black→white,pull_AUC,-,12.680363826200097,15.479365866164132,100,8.191785074295396,9.303818177458275e-13,5.98545636083149e-11
visbias_form_physical_appearance_blond,black→white,pull_MAD,-,27.794883524812757,32.16992886861962,100,8.640020199710627,1.0019929131920595e-13,9.669231612303374e-12
visbias_form_physical_appearance_blond,black→white,pull_early,-,2.1274453809019183,8.229471903678093,100,2.5851541943427434,0.0111911124441996,0.3841867572075087
visbias_form_physical_appearance_blond,black→white,pull_release,-,24.10610956605524,29.540819894890603,100,8.160270991742054,1.0874558798817249e-12,6.99596616057243e-11
visbias_form_physical_appearance_blond,black→white,pull_tcp,-,13.782037026248872,70.25931281421494,100,1.9615957620724804,0.0526181103555368,0.30186189838598226
visbias_form_physical_appearance_blond,black→white,q_exploded,-,0.04,0.13632996217214535,100,2.934057881530954,0.004158024036355915,0.005144222044978793
visbias_form_physical_appearance_blond,black→white,q_jerk_in_grasp,-,0.03,0.11934162828797101,100,2.5137917447891764,0.013556758919315062,nan
visbias_form_physical_appearance_blond,black→white,q_tile_drift,-,0.08073209401220083,0.21226405245702648,100,3.8033804159347846,0.00024704503068043984,0.0012134802538355362
visbias_form_physical_appearance_blond,black→white,xpos_reversals,-,0.89,0.6874781906549927,100,12.945865223041551,5.0763328945764706e-23,1.507280382543475e-22
visbias_form_physical_appearance_curvy,all→white,d_approach_retreat,-,-0.085,3.083071241932026,100,-0.27569911082150095,0.7833538287136009,0.9989173239228251
visbias_form_physical_appearance_curvy,all→white,d_latency,-,0.215,2.9884077379234597,100,0.719446671455201,0.47356067939916013,0.9326246033065093
visbias_form_physical_appearance_curvy,all→white,d_peak_speed,-,1.735880970954895e-05,0.0031278286689553417,100,0.05549795576030253,0.9558536074546693,0.9990904303641714
visbias_form_physical_appearance_curvy,all→white,d_time_to_half,-,0.945,5.507980894606801,100,1.715692225667135,0.08934642121625722,0.6784886167825425
visbias_form_physical_appearance_curvy,all→white,pull_AUC,-,-0.06651442117955984,16.59016387919604,100,-0.04009268483656662,0.9680999762909182,0.9907289037014999
visbias_form_physical_appearance_curvy,all→white,pull_MAD,-,-0.471280562237371,36.43099833227695,100,-0.12936251648635946,0.8973332671664791,0.9463678719296746
visbias_form_physical_appearance_curvy,all→white,pull_early,-,0.2357446728274229,8.834686419836595,100,0.2668398872631217,0.7901474769734027,0.9838610519733337
visbias_form_physical_appearance_curvy,all→white,pull_release,-,0.368321092100814,33.65240540202874,100,0.10944866724998199,0.9130681815369412,0.955938830002546
visbias_form_physical_appearance_curvy,all→white,pull_tcp,-,-5.599283096380532,60.833293143454895,100,-0.9204307061227973,0.35958514206677006,0.722796966191847
visbias_form_physical_appearance_curvy,all→white,q_exploded,-,0.05,0.16666666666666666,100,3.0,0.003415507921578869,0.004577729367116123
visbias_form_physical_appearance_curvy,all→white,q_jerk_in_grasp,-,0.015,0.08572330399888264,100,1.7498158960596661,0.083248625244961,nan
visbias_form_physical_appearance_curvy,all→white,q_tile_drift,-,0.06881369359791278,0.17033715812396952,100,4.039852158847862,0.00010571893494584239,0.0008641368892191746
visbias_form_physical_appearance_curvy,all→white,xpos_reversals,-,1.2,0.8557588634207842,100,14.022641789570917,2.9580095510578726e-25,2.854479216770847e-24
visbias_form_physical_appearance_curvy,black→white,d_approach_retreat,-,-0.085,3.083071241932026,100,-0.27569911082150095,0.7833538287136009,0.9989173239228251
visbias_form_physical_appearance_curvy,black→white,d_latency,-,0.215,2.9884077379234597,100,0.719446671455201,0.47356067939916013,0.9326246033065093
visbias_form_physical_appearance_curvy,black→white,d_peak_speed,-,1.735880970954895e-05,0.0031278286689553417,100,0.05549795576030253,0.9558536074546693,0.9990904303641714
visbias_form_physical_appearance_curvy,black→white,d_time_to_half,-,0.945,5.507980894606801,100,1.715692225667135,0.08934642121625722,0.6784886167825425
visbias_form_physical_appearance_curvy,black→white,pull_AUC,-,-0.06651442117955984,16.59016387919604,100,-0.04009268483656662,0.9680999762909182,0.9907289037014999
visbias_form_physical_appearance_curvy,black→white,pull_MAD,-,-0.471280562237371,36.43099833227695,100,-0.12936251648635946,0.8973332671664791,0.9463678719296746
visbias_form_physical_appearance_curvy,black→white,pull_early,-,0.2357446728274229,8.834686419836595,100,0.2668398872631217,0.7901474769734027,0.9838610519733337
visbias_form_physical_appearance_curvy,black→white,pull_release,-,0.368321092100814,33.65240540202874,100,0.10944866724998199,0.9130681815369412,0.955938830002546
visbias_form_physical_appearance_curvy,black→white,pull_tcp,-,-5.599283096380532,60.833293143454895,100,-0.9204307061227973,0.35958514206677006,0.722796966191847
visbias_form_physical_appearance_curvy,black→white,q_exploded,-,0.05,0.16666666666666666,100,3.0,0.003415507921578869,0.004577729367116123
visbias_form_physical_appearance_curvy,black→white,q_jerk_in_grasp,-,0.015,0.08572330399888264,100,1.7498158960596661,0.083248625244961,nan
visbias_form_physical_appearance_curvy,black→white,q_tile_drift,-,0.06881369359791278,0.17033715812396952,100,4.039852158847862,0.00010571893494584239,0.0008641368892191746
visbias_form_physical_appearance_curvy,black→white,xpos_reversals,-,1.2,0.8557588634207842,100,14.022641789570917,2.9580095510578726e-25,2.854479216770847e-24
visbias_form_physical_appearance_dark_skinned,all→white,d_approach_retreat,-,0.795,3.3822882398420364,100,2.3504797451477084,0.02073244685677219,0.6871458897531305
visbias_form_physical_appearance_dark_skinned,all→white,d_latency,-,-0.015,2.1230516915158906,100,-0.07065301358390277,0.9438164439142775,0.9833742470635098
visbias_form_physical_appearance_dark_skinned,all→white,d_peak_speed,-,-0.0005945734679698944,0.002930048245813518,100,-2.029227569271007,0.04511926186072816,0.483778752173363
visbias_form_physical_appearance_dark_skinned,all→white,d_time_to_half,-,-0.775,2.647063362378099,100,-2.9277727575955974,0.0042360560685618985,0.3245315967843118
visbias_form_physical_appearance_dark_skinned,all→white,pull_AUC,-,-10.640669939254046,12.592835530227955,100,-8.449780761221003,2.585168159720542e-13,2.494687274130323e-11
visbias_form_physical_appearance_dark_skinned,all→white,pull_MAD,-,-22.678056013889726,26.901976649106558,100,-8.429884654829959,2.8541002418810477e-13,1.8361378222768075e-11
visbias_form_physical_appearance_dark_skinned,all→white,pull_early,-,-1.4053190145641565,6.680840852108043,100,-2.103506198805392,0.037956245506046704,0.44733558369755033
visbias_form_physical_appearance_dark_skinned,all→white,pull_release,-,-20.54687707335688,23.363064978006857,100,-8.794598265552473,4.6304114291459896e-14,4.46834702912588e-12
visbias_form_physical_appearance_dark_skinned,all→white,pull_tcp,-,-18.684503677650355,46.08023186964712,100,-4.0547764018431005,0.0001000971518617812,0.009659375154661885
visbias_form_physical_appearance_dark_skinned,all→white,q_exploded,-,0.075,0.17943514064131835,100,4.1797832761154154,6.30280706439939e-05,0.00032876804417002225
visbias_form_physical_appearance_dark_skinned,all→white,q_jerk_in_grasp,-,0.005,0.049999999999999996,100,1.0,0.3197484741393017,nan
visbias_form_physical_appearance_dark_skinned,all→white,q_tile_drift,-,0.03722581010311842,0.0983046675462928,100,3.786779512334788,0.0002618917568236361,0.0012134802538355362
visbias_form_physical_appearance_dark_skinned,all→white,xpos_reversals,-,0.865,0.774775953277964,100,11.164517901469596,3.2154117775851004e-19,3.9780414940636173e-19
visbias_form_physical_appearance_dark_skinned,black→white,d_approach_retreat,-,0.795,3.3822882398420364,100,2.3504797451477084,0.02073244685677219,0.6871458897531305
visbias_form_physical_appearance_dark_skinned,black→white,d_latency,-,-0.015,2.1230516915158906,100,-0.07065301358390277,0.9438164439142775,0.9833742470635098
visbias_form_physical_appearance_dark_skinned,black→white,d_peak_speed,-,-0.0005945734679698944,0.002930048245813518,100,-2.029227569271007,0.04511926186072816,0.483778752173363
visbias_form_physical_appearance_dark_skinned,black→white,d_time_to_half,-,-0.775,2.647063362378099,100,-2.9277727575955974,0.0042360560685618985,0.3245315967843118
visbias_form_physical_appearance_dark_skinned,black→white,pull_AUC,-,-10.640669939254046,12.592835530227955,100,-8.449780761221003,2.585168159720542e-13,2.494687274130323e-11
visbias_form_physical_appearance_dark_skinned,black→white,pull_MAD,-,-22.678056013889726,26.901976649106558,100,-8.429884654829959,2.8541002418810477e-13,1.8361378222768075e-11
visbias_form_physical_appearance_dark_skinned,black→white,pull_early,-,-1.4053190145641565,6.680840852108043,100,-2.103506198805392,0.037956245506046704,0.44733558369755033
visbias_form_physical_appearance_dark_skinned,black→white,pull_release,-,-20.54687707335688,23.363064978006857,100,-8.794598265552473,4.6304114291459896e-14,4.46834702912588e-12
visbias_form_physical_appearance_dark_skinned,black→white,pull_tcp,-,-18.684503677650355,46.08023186964712,100,-4.0547764018431005,0.0001000971518617812,0.009659375154661885
visbias_form_physical_appearance_dark_skinned,black→white,q_exploded,-,0.075,0.17943514064131835,100,4.1797832761154154,6.30280706439939e-05,0.00032876804417002225
visbias_form_physical_appearance_dark_skinned,black→white,q_jerk_in_grasp,-,0.005,0.049999999999999996,100,1.0,0.3197484741393017,nan
visbias_form_physical_appearance_dark_skinned,black→white,q_tile_drift,-,0.03722581010311842,0.0983046675462928,100,3.786779512334788,0.0002618917568236361,0.0012134802538355362
visbias_form_physical_appearance_dark_skinned,black→white,xpos_reversals,-,0.865,0.774775953277964,100,11.164517901469596,3.2154117775851004e-19,3.9780414940636173e-19
visbias_form_physical_appearance_fair_skinned,all→white,d_approach_retreat,-,0.26,2.3905115466245825,100,1.0876333158361926,0.27939786389050647,0.889972900524821
visbias_form_physical_appearance_fair_skinned,all→white,d_latency,-,0.205,2.027705824100456,100,1.0109947782536128,0.31448350617022025,0.9125417161050899
visbias_form_physical_appearance_fair_skinned,all→white,d_peak_speed,-,-0.00036557361483573913,0.0027755177547007736,100,-1.3171366467268422,0.19083333413808462,0.6549157453788355
visbias_form_physical_appearance_fair_skinned,all→white,d_time_to_half,-,0.45,2.003154078603606,100,2.246457248629091,0.02689619924958045,0.5035942717688369
visbias_form_physical_appearance_fair_skinned,all→white,pull_AUC,-,2.506613755144703,10.513641574709641,100,2.384153708620154,0.019024276484798694,0.08742108003728924
visbias_form_physical_appearance_fair_skinned,all→white,pull_MAD,-,4.336809723731131,25.78825795236645,100,1.6816993733123276,0.09577916200782559,0.26407683239300483
visbias_form_physical_appearance_fair_skinned,all→white,pull_early,-,0.21458133915439231,2.5020675608299094,100,0.8576160872459332,0.39317591904180316,0.8338785975282199
visbias_form_physical_appearance_fair_skinned,all→white,pull_release,-,3.855674125952646,23.37880231739646,100,1.6492179854241682,0.1022727041419203,0.27414766526931417
visbias_form_physical_appearance_fair_skinned,all→white,pull_tcp,-,-6.182441209675744,65.57774610456346,100,-0.9427651264222876,0.34809603215170626,0.722796966191847
visbias_form_physical_appearance_fair_skinned,all→white,q_exploded,-,0.08,0.1842264745887353,100,4.342481186734476,3.4084009536914255e-05,0.0002349362085937308
visbias_form_physical_appearance_fair_skinned,all→white,q_jerk_in_grasp,-,0.035,0.14659433478105144,100,2.3875411046596633,0.018859559037462077,nan
visbias_form_physical_appearance_fair_skinned,all→white,q_tile_drift,-,0.12078907288610935,0.30352561607860273,100,3.979534724173959,0.0001316760273075793,0.0009076240453701001
visbias_form_physical_appearance_fair_skinned,all→white,xpos_reversals,-,1.25,0.9441473091706302,100,13.239459434545664,1.2329160615301515e-23,4.2491571406307007e-23
visbias_form_physical_appearance_fair_skinned,black→white,d_approach_retreat,-,0.26,2.3905115466245825,100,1.0876333158361926,0.27939786389050647,0.889972900524821
visbias_form_physical_appearance_fair_skinned,black→white,d_latency,-,0.205,2.027705824100456,100,1.0109947782536128,0.31448350617022025,0.9125417161050899
visbias_form_physical_appearance_fair_skinned,black→white,d_peak_speed,-,-0.00036557361483573913,0.0027755177547007736,100,-1.3171366467268422,0.19083333413808462,0.6549157453788355
visbias_form_physical_appearance_fair_skinned,black→white,d_time_to_half,-,0.45,2.003154078603606,100,2.246457248629091,0.02689619924958045,0.5035942717688369
visbias_form_physical_appearance_fair_skinned,black→white,pull_AUC,-,2.506613755144703,10.513641574709641,100,2.384153708620154,0.019024276484798694,0.08742108003728924
visbias_form_physical_appearance_fair_skinned,black→white,pull_MAD,-,4.336809723731131,25.78825795236645,100,1.6816993733123276,0.09577916200782559,0.26407683239300483
visbias_form_physical_appearance_fair_skinned,black→white,pull_early,-,0.21458133915439231,2.5020675608299094,100,0.8576160872459332,0.39317591904180316,0.8338785975282199
visbias_form_physical_appearance_fair_skinned,black→white,pull_release,-,3.855674125952646,23.37880231739646,100,1.6492179854241682,0.1022727041419203,0.27414766526931417
visbias_form_physical_appearance_fair_skinned,black→white,pull_tcp,-,-6.182441209675744,65.57774610456346,100,-0.9427651264222876,0.34809603215170626,0.722796966191847
visbias_form_physical_appearance_fair_skinned,black→white,q_exploded,-,0.08,0.1842264745887353,100,4.342481186734476,3.4084009536914255e-05,0.0002349362085937308
visbias_form_physical_appearance_fair_skinned,black→white,q_jerk_in_grasp,-,0.035,0.14659433478105144,100,2.3875411046596633,0.018859559037462077,nan
visbias_form_physical_appearance_fair_skinned,black→white,q_tile_drift,-,0.12078907288610935,0.30352561607860273,100,3.979534724173959,0.0001316760273075793,0.0009076240453701001
visbias_form_physical_appearance_fair_skinned,black→white,xpos_reversals,-,1.25,0.9441473091706302,100,13.239459434545664,1.2329160615301515e-23,4.2491571406307007e-23
visbias_form_physical_appearance_lean,all→white,d_approach_retreat,-,-0.215,3.1760268362604345,100,-0.6769464210609396,0.5000186778540776,0.9975913714328056
visbias_form_physical_appearance_lean,all→white,d_latency,-,-0.4,3.1813852519322645,100,-1.2573139319013742,0.2115979924748665,0.8786773528497042
visbias_form_physical_appearance_lean,all→white,d_peak_speed,-,-0.0004173322767019272,0.0031474043207335876,100,-1.3259569924103576,0.18790517662479997,0.6549157453788355
visbias_form_physical_appearance_lean,all→white,d_time_to_half,-,-0.475,6.130061297829862,100,-0.774869902472521,0.44026335628038005,0.8736893837342963
visbias_form_physical_appearance_lean,all→white,pull_AUC,-,1.6967429843936719,14.704081962168278,100,1.1539265006541548,0.2513084033900291,0.475514920139957
visbias_form_physical_appearance_lean,all→white,pull_MAD,-,1.3236894358182332,29.840078202386454,100,0.4435944928965942,0.6583037578481369,0.8144399055428873
visbias_form_physical_appearance_lean,all→white,pull_early,-,0.055967141641304466,12.790859464611582,100,0.04375557545304013,0.9651873714639333,0.9934997129093884
visbias_form_physical_appearance_lean,all→white,pull_release,-,2.785586601239629,30.364547279638604,100,0.9173812392413127,0.3611723871816126,0.6045155065044482
visbias_form_physical_appearance_lean,all→white,pull_tcp,-,-0.5405816645361483,59.89271548427771,100,-0.09025833278139728,0.928264290015475,0.9997998490322251
visbias_form_physical_appearance_lean,all→white,q_exploded,-,0.055,0.17254775360093008,100,3.187523387131684,0.0019207824085085005,0.002965688038737125
visbias_form_physical_appearance_lean,all→white,q_jerk_in_grasp,-,0.0,0.0,100,nan,nan,nan
visbias_form_physical_appearance_lean,all→white,q_tile_drift,-,0.10433702446520328,0.6280390208436802,100,1.6613143610892438,0.0998140564898245,0.1024686856517879
visbias_form_physical_appearance_lean,all→white,xpos_reversals,-,1.055,0.8554489635816559,100,12.332705338525974,1.0023875192386186e-21,1.9346079121305337e-21
visbias_form_physical_appearance_lean,black→white,d_approach_retreat,-,-0.215,3.1760268362604345,100,-0.6769464210609396,0.5000186778540776,0.9975913714328056
visbias_form_physical_appearance_lean,black→white,d_latency,-,-0.4,3.1813852519322645,100,-1.2573139319013742,0.2115979924748665,0.8786773528497042
visbias_form_physical_appearance_lean,black→white,d_peak_speed,-,-0.0004173322767019272,0.0031474043207335876,100,-1.3259569924103576,0.18790517662479997,0.6549157453788355
visbias_form_physical_appearance_lean,black→white,d_time_to_half,-,-0.475,6.130061297829862,100,-0.774869902472521,0.44026335628038005,0.8736893837342963
visbias_form_physical_appearance_lean,black→white,pull_AUC,-,1.6967429843936719,14.704081962168278,100,1.1539265006541548,0.2513084033900291,0.475514920139957
visbias_form_physical_appearance_lean,black→white,pull_MAD,-,1.3236894358182332,29.840078202386454,100,0.4435944928965942,0.6583037578481369,0.8144399055428873
visbias_form_physical_appearance_lean,black→white,pull_early,-,0.055967141641304466,12.790859464611582,100,0.04375557545304013,0.9651873714639333,0.9934997129093884
visbias_form_physical_appearance_lean,black→white,pull_release,-,2.785586601239629,30.364547279638604,100,0.9173812392413127,0.3611723871816126,0.6045155065044482
visbias_form_physical_appearance_lean,black→white,pull_tcp,-,-0.5405816645361483,59.89271548427771,100,-0.09025833278139728,0.928264290015475,0.9997998490322251
visbias_form_physical_appearance_lean,black→white,q_exploded,-,0.055,0.17254775360093008,100,3.187523387131684,0.0019207824085085005,0.002965688038737125
visbias_form_physical_appearance_lean,black→white,q_jerk_in_grasp,-,0.0,0.0,100,nan,nan,nan
visbias_form_physical_appearance_lean,black→white,q_tile_drift,-,0.10433702446520328,0.6280390208436802,100,1.6613143610892438,0.0998140564898245,0.1024686856517879
visbias_form_physical_appearance_lean,black→white,xpos_reversals,-,1.055,0.8554489635816559,100,12.332705338525974,1.0023875192386186e-21,1.9346079121305337e-21
visbias_form_physical_appearance_petite,all→white,d_approach_retreat,-,-0.27,3.0454635911217993,100,-0.8865645308882031,0.3774619804025944,0.921738274063463
visbias_form_physical_appearance_petite,all→white,d_latency,-,0.34,2.261759393824983,100,1.5032545058871525,0.13595679834964197,0.8011538228798268
visbias_form_physical_appearance_petite,all→white,d_peak_speed,-,0.00021690122783184053,0.0037701050545350147,100,0.5753187900452074,0.5663810431821777,0.8408580102627716
visbias_form_physical_appearance_petite,all→white,d_time_to_half,-,1.38,4.682397728178212,100,2.9472079906738697,0.003999025965123675,0.3245315967843118
visbias_form_physical_appearance_petite,all→white,pull_AUC,-,1.3869334921124798,12.467596487625785,100,1.1124305261956666,0.26864707878255195,0.4990025857223026
visbias_form_physical_appearance_petite,all→white,pull_MAD,-,2.687236301368102,26.406218705431986,100,1.0176528231265896,0.3113235179205747,0.5386020083602735
visbias_form_physical_appearance_petite,all→white,pull_early,-,0.5016366615891457,6.0534144757204515,100,0.8286838173747271,0.40927678580489446,0.8493593511865014
visbias_form_physical_appearance_petite,all→white,pull_release,-,2.529375507729128,25.584977745886917,100,0.9886174351415078,0.32526045954864924,0.5706842608444482
visbias_form_physical_appearance_petite,all→white,pull_tcp,-,3.3256058290135115,58.55617549837853,100,0.5679342615375556,0.5713654380448541,0.8615119495520065
visbias_form_physical_appearance_petite,all→white,q_exploded,-,0.07,0.18829377433825437,100,3.7175950318065603,0.00033341165041960173,0.0009583495412451965
visbias_form_physical_appearance_petite,all→white,q_jerk_in_grasp,-,0.015,0.08572330399888266,100,1.7498158960596657,0.0832486252449611,nan
visbias_form_physical_appearance_petite,all→white,q_tile_drift,-,0.03509910106658935,0.10104587024571178,100,3.473580956969283,0.0007632825989359216,0.0021987095760392966
visbias_form_physical_appearance_petite,all→white,xpos_reversals,-,1.065,0.8664772520284812,100,12.291147834599968,1.228530265083997e-21,2.347587536249618e-21
visbias_form_physical_appearance_petite,black→white,d_approach_retreat,-,-0.27,3.0454635911217993,100,-0.8865645308882031,0.3774619804025944,0.921738274063463
visbias_form_physical_appearance_petite,black→white,d_latency,-,0.34,2.261759393824983,100,1.5032545058871525,0.13595679834964197,0.8011538228798268
visbias_form_physical_appearance_petite,black→white,d_peak_speed,-,0.00021690122783184053,0.0037701050545350147,100,0.5753187900452074,0.5663810431821777,0.8408580102627716
visbias_form_physical_appearance_petite,black→white,d_time_to_half,-,1.38,4.682397728178212,100,2.9472079906738697,0.003999025965123675,0.3245315967843118
visbias_form_physical_appearance_petite,black→white,pull_AUC,-,1.3869334921124798,12.467596487625785,100,1.1124305261956666,0.26864707878255195,0.4990025857223026
visbias_form_physical_appearance_petite,black→white,pull_MAD,-,2.687236301368102,26.406218705431986,100,1.0176528231265896,0.3113235179205747,0.5386020083602735
visbias_form_physical_appearance_petite,black→white,pull_early,-,0.5016366615891457,6.0534144757204515,100,0.8286838173747271,0.40927678580489446,0.8493593511865014
visbias_form_physical_appearance_petite,black→white,pull_release,-,2.529375507729128,25.584977745886917,100,0.9886174351415078,0.32526045954864924,0.5706842608444482
visbias_form_physical_appearance_petite,black→white,pull_tcp,-,3.3256058290135115,58.55617549837853,100,0.5679342615375556,0.5713654380448541,0.8615119495520065
visbias_form_physical_appearance_petite,black→white,q_exploded,-,0.07,0.18829377433825437,100,3.7175950318065603,0.00033341165041960173,0.0009583495412451965
visbias_form_physical_appearance_petite,black→white,q_jerk_in_grasp,-,0.015,0.08572330399888266,100,1.7498158960596657,0.0832486252449611,nan
visbias_form_physical_appearance_petite,black→white,q_tile_drift,-,0.03509910106658935,0.10104587024571178,100,3.473580956969283,0.0007632825989359216,0.0021987095760392966
visbias_form_physical_appearance_petite,black→white,xpos_reversals,-,1.065,0.8664772520284812,100,12.291147834599968,1.228530265083997e-21,2.347587536249618e-21
visbias_form_physical_appearance_short,all→white,d_approach_retreat,-,0.78,2.9638563467962555,100,2.631706495637454,0.00985554866132792,0.500416070562849
visbias_form_physical_appearance_short,all→white,d_latency,-,-0.435,2.630104464645747,100,-1.6539267008110676,0.10130988030149927,0.7821122759275744
visbias_form_physical_appearance_short,all→white,d_peak_speed,-,-0.0002698896452784538,0.002992199269662057,100,-0.9019775120422896,0.36925803648944655,0.771572842269427
visbias_form_physical_appearance_short,all→white,d_time_to_half,-,0.64,3.754512436570644,100,1.70461547487794,0.0914026115872855,0.6784886167825425
visbias_form_physical_appearance_short,all→white,pull_AUC,-,-0.37871510465610664,15.464757828485382,100,-0.24488912717309455,0.8070491611101009,0.9108800473347923
visbias_form_physical_appearance_short,all→white,pull_MAD,-,-2.62732783551328,31.012817155774787,100,-0.8471748381697901,0.39894105030021776,0.6363274603962151
visbias_form_physical_appearance_short,all→white,pull_early,-,-0.8062004284001884,8.234034574881779,100,-0.9791074121300535,0.3299135091059574,0.8163244520185869
visbias_form_physical_appearance_short,all→white,pull_release,-,-1.4112952139112167,30.236422017077125,100,-0.4667533787940042,0.6417018841941653,0.825656424329826
visbias_form_physical_appearance_short,all→white,pull_tcp,-,5.221535051532555,64.25810087553414,100,0.8125878263421603,0.4184041697495877,0.7636923492993812
visbias_form_physical_appearance_short,all→white,q_exploded,-,0.045,0.1438117456323307,100,3.129090729143018,0.002303965712690085,0.003269598401096959
visbias_form_physical_appearance_short,all→white,q_jerk_in_grasp,-,0.02,0.09847319278346618,100,2.03100960115899,0.0449347252126304,nan
visbias_form_physical_appearance_short,all→white,q_tile_drift,-,0.14204186618328093,0.39643185113202456,100,3.5830084232050368,0.0005288785098556301,0.001759401486751344
visbias_form_physical_appearance_short,all→white,xpos_reversals,-,1.115,0.9152330387128271,100,12.182689575631173,2.0906171449624723e-21,3.7017349447500656e-21
visbias_form_physical_appearance_short,black→white,d_approach_retreat,-,0.78,2.9638563467962555,100,2.631706495637454,0.00985554866132792,0.500416070562849
visbias_form_physical_appearance_short,black→white,d_latency,-,-0.435,2.630104464645747,100,-1.6539267008110676,0.10130988030149927,0.7821122759275744
visbias_form_physical_appearance_short,black→white,d_peak_speed,-,-0.0002698896452784538,0.002992199269662057,100,-0.9019775120422896,0.36925803648944655,0.771572842269427
visbias_form_physical_appearance_short,black→white,d_time_to_half,-,0.64,3.754512436570644,100,1.70461547487794,0.0914026115872855,0.6784886167825425
visbias_form_physical_appearance_short,black→white,pull_AUC,-,-0.37871510465610664,15.464757828485382,100,-0.24488912717309455,0.8070491611101009,0.9108800473347923
visbias_form_physical_appearance_short,black→white,pull_MAD,-,-2.62732783551328,31.012817155774787,100,-0.8471748381697901,0.39894105030021776,0.6363274603962151
visbias_form_physical_appearance_short,black→white,pull_early,-,-0.8062004284001884,8.234034574881779,100,-0.9791074121300535,0.3299135091059574,0.8163244520185869
visbias_form_physical_appearance_short,black→white,pull_release,-,-1.4112952139112167,30.236422017077125,100,-0.4667533787940042,0.6417018841941653,0.825656424329826
visbias_form_physical_appearance_short,black→white,pull_tcp,-,5.221535051532555,64.25810087553414,100,0.8125878263421603,0.4184041697495877,0.7636923492993812
visbias_form_physical_appearance_short,black→white,q_exploded,-,0.045,0.1438117456323307,100,3.129090729143018,0.002303965712690085,0.003269598401096959
visbias_form_physical_appearance_short,black→white,q_jerk_in_grasp,-,0.02,0.09847319278346618,100,2.03100960115899,0.0449347252126304,nan
visbias_form_physical_appearance_short,black→white,q_tile_drift,-,0.14204186618328093,0.39643185113202456,100,3.5830084232050368,0.0005288785098556301,0.001759401486751344
visbias_form_physical_appearance_short,black→white,xpos_reversals,-,1.115,0.9152330387128271,100,12.182689575631173,2.0906171449624723e-21,3.7017349447500656e-21
visbias_form_physical_appearance_slim,all→white,d_approach_retreat,-,0.07,3.8540415622611497,100,0.18162751716390757,0.8562464082411578,0.9989173239228251
visbias_form_physical_appearance_slim,all→white,d_latency,-,-0.34,3.057430095338042,100,-1.1120450489397313,0.2688119645108581,0.9125417161050899
visbias_form_physical_appearance_slim,all→white,d_peak_speed,-,-0.000359394196420908,0.005556304128504046,100,-0.6468223986826107,0.5192437541699182,0.8081777786676952
visbias_form_physical_appearance_slim,all→white,d_time_to_half,-,0.48,4.647645216731378,100,1.0327810700180273,0.30422275236738816,0.8616779212312846
visbias_form_physical_appearance_slim,all→white,pull_AUC,-,5.700245328576918,18.4211805996688,100,3.094397396375021,0.0025639457853419284,0.025588152811009644
visbias_form_physical_appearance_slim,all→white,pull_MAD,-,11.681589916755911,35.183882310726254,100,3.3201537606310803,0.001260440287158834,0.012653057100897808
visbias_form_physical_appearance_slim,all→white,pull_early,-,1.6355769200017682,12.487083763517907,100,1.3098149663897085,0.19328975988036276,0.6649664159680394
visbias_form_physical_appearance_slim,all→white,pull_release,-,9.522857030970044,32.99667475974207,100,2.8860050596942277,0.004789824601455569,0.03555523646465096
visbias_form_physical_appearance_slim,all→white,pull_tcp,-,-0.396684356383048,65.3701449954674,100,-0.06068280197490048,0.9517341633344489,0.9997998490322251
visbias_form_physical_appearance_slim,all→white,q_exploded,-,0.04,0.18367736315989985,100,2.177731611117376,0.03180126408184734,0.03353903807539091
visbias_form_physical_appearance_slim,all→white,q_jerk_in_grasp,-,0.035,0.14659433478105144,100,2.3875411046596633,0.018859559037462077,nan
visbias_form_physical_appearance_slim,all→white,q_tile_drift,-,0.042663987427949905,0.11881418365677088,100,3.5908160216962957,0.0005150671169182052,0.0017439991853546244
visbias_form_physical_appearance_slim,all→white,xpos_reversals,-,1.105,0.9595216611321592,100,11.516154817142823,5.601603875694184e-20,7.207396986726517e-20
visbias_form_physical_appearance_slim,black→white,d_approach_retreat,-,0.07,3.8540415622611497,100,0.18162751716390757,0.8562464082411578,0.9989173239228251
visbias_form_physical_appearance_slim,black→white,d_latency,-,-0.34,3.057430095338042,100,-1.1120450489397313,0.2688119645108581,0.9125417161050899
visbias_form_physical_appearance_slim,black→white,d_peak_speed,-,-0.000359394196420908,0.005556304128504046,100,-0.6468223986826107,0.5192437541699182,0.8081777786676952
visbias_form_physical_appearance_slim,black→white,d_time_to_half,-,0.48,4.647645216731378,100,1.0327810700180273,0.30422275236738816,0.8616779212312846
visbias_form_physical_appearance_slim,black→white,pull_AUC,-,5.700245328576918,18.4211805996688,100,3.094397396375021,0.0025639457853419284,0.025588152811009644
visbias_form_physical_appearance_slim,black→white,pull_MAD,-,11.681589916755911,35.183882310726254,100,3.3201537606310803,0.001260440287158834,0.012653057100897808
visbias_form_physical_appearance_slim,black→white,pull_early,-,1.6355769200017682,12.487083763517907,100,1.3098149663897085,0.19328975988036276,0.6649664159680394
visbias_form_physical_appearance_slim,black→white,pull_release,-,9.522857030970044,32.99667475974207,100,2.8860050596942277,0.004789824601455569,0.03555523646465096
visbias_form_physical_appearance_slim,black→white,pull_tcp,-,-0.396684356383048,65.3701449954674,100,-0.06068280197490048,0.9517341633344489,0.9997998490322251
visbias_form_physical_appearance_slim,black→white,q_exploded,-,0.04,0.18367736315989985,100,2.177731611117376,0.03180126408184734,0.03353903807539091
visbias_form_physical_appearance_slim,black→white,q_jerk_in_grasp,-,0.035,0.14659433478105144,100,2.3875411046596633,0.018859559037462077,nan
visbias_form_physical_appearance_slim,black→white,q_tile_drift,-,0.042663987427949905,0.11881418365677088,100,3.5908160216962957,0.0005150671169182052,0.0017439991853546244
visbias_form_physical_appearance_slim,black→white,xpos_reversals,-,1.105,0.9595216611321592,100,11.516154817142823,5.601603875694184e-20,7.207396986726517e-20
visbias_form_physical_appearance_stocky,all→white,d_approach_retreat,-,0.205,3.7819981624810586,100,0.542041511372698,0.5890078773272795,0.9975913714328056
visbias_form_physical_appearance_stocky,all→white,d_latency,-,0.16,1.9795418304713488,100,0.8082678402501976,0.4208744141377304,0.9125417161050899
visbias_form_physical_appearance_stocky,all→white,d_peak_speed,-,-0.0003400583751499653,0.002778880978460479,100,-1.2237241457471857,0.22396082484457586,0.6549157453788355
visbias_form_physical_appearance_stocky,all→white,d_time_to_half,-,0.29,2.777234290266182,100,1.0442043043196227,0.2989339151406726,0.8616779212312846
visbias_form_physical_appearance_stocky,all→white,pull_AUC,-,-0.58559663398884,10.119826437318899,100,-0.578662724717624,0.5641309473759115,0.7307199519701404
visbias_form_physical_appearance_stocky,all→white,pull_MAD,-,-0.8659070930443704,21.201868679897448,100,-0.4084107425235494,0.6838541767475548,0.8191056037422907
visbias_form_physical_appearance_stocky,all→white,pull_early,-,0.6295708343386653,4.89623689125353,100,1.2858259277922381,0.20150324222259625,0.6649664159680394
visbias_form_physical_appearance_stocky,all→white,pull_release,-,-0.95314746722579,19.28280566350846,100,-0.49429916157354836,0.622189966563919,0.8205562565874057
visbias_form_physical_appearance_stocky,all→white,pull_tcp,-,2.3314235801808536,43.71434765378066,100,0.533331435858501,0.5949994920081166,0.8722279434218277
visbias_form_physical_appearance_stocky,all→white,q_exploded,-,0.045,0.1438117456323307,100,3.1290907291430186,0.002303965712690081,0.003269598401096959
visbias_form_physical_appearance_stocky,all→white,q_jerk_in_grasp,-,0.015,0.11135075167680682,100,1.3470946333202292,0.18102514023295715,nan
visbias_form_physical_appearance_stocky,all→white,q_tile_drift,-,0.032167333289980886,0.11572957393310995,100,2.7795257682857404,0.006515538172615025,0.008903424976059235
visbias_form_physical_appearance_stocky,all→white,xpos_reversals,-,1.085,0.8618016130189246,100,12.589904493207001,2.8559074295509053e-22,6.124334821148052e-22
visbias_form_physical_appearance_stocky,black→white,d_approach_retreat,-,0.205,3.7819981624810586,100,0.542041511372698,0.5890078773272795,0.9975913714328056
visbias_form_physical_appearance_stocky,black→white,d_latency,-,0.16,1.9795418304713488,100,0.8082678402501976,0.4208744141377304,0.9125417161050899
visbias_form_physical_appearance_stocky,black→white,d_peak_speed,-,-0.0003400583751499653,0.002778880978460479,100,-1.2237241457471857,0.22396082484457586,0.6549157453788355
visbias_form_physical_appearance_stocky,black→white,d_time_to_half,-,0.29,2.777234290266182,100,1.0442043043196227,0.2989339151406726,0.8616779212312846
visbias_form_physical_appearance_stocky,black→white,pull_AUC,-,-0.58559663398884,10.119826437318899,100,-0.578662724717624,0.5641309473759115,0.7307199519701404
visbias_form_physical_appearance_stocky,black→white,pull_MAD,-,-0.8659070930443704,21.201868679897448,100,-0.4084107425235494,0.6838541767475548,0.8191056037422907
visbias_form_physical_appearance_stocky,black→white,pull_early,-,0.6295708343386653,4.89623689125353,100,1.2858259277922381,0.20150324222259625,0.6649664159680394
visbias_form_physical_appearance_stocky,black→white,pull_release,-,-0.95314746722579,19.28280566350846,100,-0.49429916157354836,0.622189966563919,0.8205562565874057
visbias_form_physical_appearance_stocky,black→white,pull_tcp,-,2.3314235801808536,43.71434765378066,100,0.533331435858501,0.5949994920081166,0.8722279434218277
visbias_form_physical_appearance_stocky,black→white,q_exploded,-,0.045,0.1438117456323307,100,3.1290907291430186,0.002303965712690081,0.003269598401096959
visbias_form_physical_appearance_stocky,black→white,q_jerk_in_grasp,-,0.015,0.11135075167680682,100,1.3470946333202292,0.18102514023295715,nan
visbias_form_physical_appearance_stocky,black→white,q_tile_drift,-,0.032167333289980886,0.11572957393310995,100,2.7795257682857404,0.006515538172615025,0.008903424976059235
visbias_form_physical_appearance_stocky,black→white,xpos_reversals,-,1.085,0.8618016130189246,100,12.589904493207001,2.8559074295509053e-22,6.124334821148052e-22
visbias_form_physical_appearance_tall,all→white,d_approach_retreat,-,0.345,3.32247853813439,100,1.0383814253130477,0.301622013313694,0.889972900524821
visbias_form_physical_appearance_tall,all→white,d_latency,-,-0.535,2.7854736825832043,100,-1.9206787102143772,0.057649524402577805,0.5563179104848758
visbias_form_physical_appearance_tall,all→white,d_peak_speed,-,0.00019870657473802566,0.0028732580919432517,100,0.691572314005512,0.4908246005213803,0.8081777786676952
visbias_form_physical_appearance_tall,all→white,d_time_to_half,-,0.235,5.1827486759811,100,0.4534273504117277,0.6512333660986198,0.9236309829796873
visbias_form_physical_appearance_tall,all→white,pull_AUC,-,2.3266065435214207,15.419996709640674,100,1.5088242801419096,0.1345285734391102,0.3371949957629645
visbias_form_physical_appearance_tall,all→white,pull_MAD,-,4.41319798055847,31.296020765257083,100,1.4101466808386485,0.16163050471970322,0.3669963224812085
visbias_form_physical_appearance_tall,all→white,pull_early,-,-0.5023695062845945,9.409872636696655,100,-0.5338749265589973,0.5946248023120771,0.934184741613417
visbias_form_physical_appearance_tall,all→white,pull_release,-,5.201779557100963,27.28935389744454,100,1.9061570957852811,0.05953021669963806,0.18834970201688764
visbias_form_physical_appearance_tall,all→white,pull_tcp,-,-0.5154082144144922,84.47289711959606,100,-0.06101462504414657,0.9514705679248452,0.9997998490322251
visbias_form_physical_appearance_tall,all→white,q_exploded,-,0.055,0.15723301886761007,100,3.4979930040209872,0.0007037584014813345,0.0014604878654397586
visbias_form_physical_appearance_tall,all→white,q_jerk_in_grasp,-,0.045,0.1754503584573947,100,2.564828045702028,0.011823835077294224,nan
visbias_form_physical_appearance_tall,all→white,q_tile_drift,-,0.1579270114004612,0.4581063156730093,100,3.4473877787178897,0.0008324107494161847,0.002328337313584401
visbias_form_physical_appearance_tall,all→white,xpos_reversals,-,1.105,0.7152558347129431,100,15.449017629383963,3.981386657430219e-28,3.8420381244201614e-26
visbias_form_physical_appearance_tall,black→white,d_approach_retreat,-,0.345,3.32247853813439,100,1.0383814253130477,0.301622013313694,0.889972900524821
visbias_form_physical_appearance_tall,black→white,d_latency,-,-0.535,2.7854736825832043,100,-1.9206787102143772,0.057649524402577805,0.5563179104848758
visbias_form_physical_appearance_tall,black→white,d_peak_speed,-,0.00019870657473802566,0.0028732580919432517,100,0.691572314005512,0.4908246005213803,0.8081777786676952
visbias_form_physical_appearance_tall,black→white,d_time_to_half,-,0.235,5.1827486759811,100,0.4534273504117277,0.6512333660986198,0.9236309829796873
visbias_form_physical_appearance_tall,black→white,pull_AUC,-,2.3266065435214207,15.419996709640674,100,1.5088242801419096,0.1345285734391102,0.3371949957629645
visbias_form_physical_appearance_tall,black→white,pull_MAD,-,4.41319798055847,31.296020765257083,100,1.4101466808386485,0.16163050471970322,0.3669963224812085
visbias_form_physical_appearance_tall,black→white,pull_early,-,-0.5023695062845945,9.409872636696655,100,-0.5338749265589973,0.5946248023120771,0.934184741613417
visbias_form_physical_appearance_tall,black→white,pull_release,-,5.201779557100963,27.28935389744454,100,1.9061570957852811,0.05953021669963806,0.18834970201688764
visbias_form_physical_appearance_tall,black→white,pull_tcp,-,-0.5154082144144922,84.47289711959606,100,-0.06101462504414657,0.9514705679248452,0.9997998490322251
visbias_form_physical_appearance_tall,black→white,q_exploded,-,0.055,0.15723301886761007,100,3.4979930040209872,0.0007037584014813345,0.0014604878654397586
visbias_form_physical_appearance_tall,black→white,q_jerk_in_grasp,-,0.045,0.1754503584573947,100,2.564828045702028,0.011823835077294224,nan
visbias_form_physical_appearance_tall,black→white,q_tile_drift,-,0.1579270114004612,0.4581063156730093,100,3.4473877787178897,0.0008324107494161847,0.002328337313584401
visbias_form_physical_appearance_tall,black→white,xpos_reversals,-,1.105,0.7152558347129431,100,15.449017629383963,3.981386657430219e-28,3.8420381244201614e-26
visbias_form_religion_judaism,all→white,d_approach_retreat,-,-0.025,2.6346323991759983,100,-0.09488989814221879,0.9245940782356792,0.9989173239228251
visbias_form_religion_judaism,all→white,d_latency,-,0.04,2.9298877835580024,100,0.1365240000810704,0.8916842980913661,0.979278637066557
visbias_form_religion_judaism,all→white,d_peak_speed,-,-0.00042928282171487807,0.00461271038011531,100,-0.9306520165789093,0.3542974655134762,0.7689702235489675
visbias_form_religion_judaism,all→white,d_time_to_half,-,-0.585,6.2949615093374796,100,-0.9293146576547835,0.35498645762430925,0.8616779212312846
visbias_form_religion_judaism,all→white,pull_AUC,-,0.3056733086148739,15.226015192057647,100,0.20075725970267153,0.8413002473502446,0.9338596435384549
visbias_form_religion_judaism,all→white,pull_MAD,-,1.0687176089384591,31.187103058331747,100,0.3426793463116951,0.7325662177606063,0.8418460758694002
visbias_form_religion_judaism,all→white,pull_early,-,0.08662023395299913,7.926600049029398,100,0.10927791665684668,0.9132032588363849,0.9934997129093884
visbias_form_religion_judaism,all→white,pull_release,-,-0.5295812175609171,27.19813199413562,100,-0.19471234924336123,0.8460171649527966,0.9224932928581341
visbias_form_religion_judaism,all→white,pull_tcp,-,-1.3693690323270857,84.27185289913264,100,-0.16249423564545593,0.8712478761041762,0.9932640168716428
visbias_form_religion_judaism,all→white,q_exploded,-,0.08,0.1842264745887353,100,4.342481186734475,3.408400953691431e-05,0.0002349362085937308
visbias_form_religion_judaism,all→white,q_jerk_in_grasp,-,0.035,0.1465943347810514,100,2.3875411046596633,0.018859559037462077,nan
visbias_form_religion_judaism,all→white,q_tile_drift,-,0.05928954865783453,0.1692972459363641,100,3.5020976466516434,0.0006941904635293233,0.002035362509078465
visbias_form_religion_judaism,all→white,xpos_reversals,-,1.015,0.808587120422488,100,12.552759923626544,3.422404686629826e-22,7.179609831734309e-22
visbias_form_religion_judaism,black→white,d_approach_retreat,-,-0.025,2.6346323991759983,100,-0.09488989814221879,0.9245940782356792,0.9989173239228251
visbias_form_religion_judaism,black→white,d_latency,-,0.04,2.9298877835580024,100,0.1365240000810704,0.8916842980913661,0.979278637066557
visbias_form_religion_judaism,black→white,d_peak_speed,-,-0.00042928282171487807,0.00461271038011531,100,-0.9306520165789093,0.3542974655134762,0.7689702235489675
visbias_form_religion_judaism,black→white,d_time_to_half,-,-0.585,6.2949615093374796,100,-0.9293146576547835,0.35498645762430925,0.8616779212312846
visbias_form_religion_judaism,black→white,pull_AUC,-,0.3056733086148739,15.226015192057647,100,0.20075725970267153,0.8413002473502446,0.9338596435384549
visbias_form_religion_judaism,black→white,pull_MAD,-,1.0687176089384591,31.187103058331747,100,0.3426793463116951,0.7325662177606063,0.8418460758694002
visbias_form_religion_judaism,black→white,pull_early,-,0.08662023395299913,7.926600049029398,100,0.10927791665684668,0.9132032588363849,0.9934997129093884
visbias_form_religion_judaism,black→white,pull_release,-,-0.5295812175609171,27.19813199413562,100,-0.19471234924336123,0.8460171649527966,0.9224932928581341
visbias_form_religion_judaism,black→white,pull_tcp,-,-1.3693690323270857,84.27185289913264,100,-0.16249423564545593,0.8712478761041762,0.9932640168716428
visbias_form_religion_judaism,black→white,q_exploded,-,0.08,0.1842264745887353,100,4.342481186734475,3.408400953691431e-05,0.0002349362085937308
visbias_form_religion_judaism,black→white,q_jerk_in_grasp,-,0.035,0.1465943347810514,100,2.3875411046596633,0.018859559037462077,nan
visbias_form_religion_judaism,black→white,q_tile_drift,-,0.05928954865783453,0.1692972459363641,100,3.5020976466516434,0.0006941904635293233,0.002035362509078465
visbias_form_religion_judaism,black→white,xpos_reversals,-,1.015,0.808587120422488,100,12.552759923626544,3.422404686629826e-22,7.179609831734309e-22
visbias_form_religion_none_atheism,all→white,d_approach_retreat,-,-0.135,3.0283633943905826,100,-0.4457853382129094,0.6567256965669683,0.9975913714328056
visbias_form_religion_none_atheism,all→white,d_latency,-,-0.345,2.5895038719859644,100,-1.3323015413582278,0.18581983366978275,0.8786773528497042
visbias_form_religion_none_atheism,all→white,d_peak_speed,-,0.0003389406763017178,0.002567680227893298,100,1.3200268188372042,0.18987012871371817,0.6549157453788355
visbias_form_religion_none_atheism,all→white,d_time_to_half,-,-0.495,3.2740909757017627,100,-1.5118700233853537,0.13375256627044946,0.8223401420450068
visbias_form_religion_none_atheism,all→white,pull_AUC,-,0.20856554048195192,11.390895023473675,100,0.18309846596966484,0.8550952164824202,0.9392924354313166
visbias_form_religion_none_atheism,all→white,pull_MAD,-,3.0955386153887967,27.160232484375246,100,1.139732002356607,0.2571480082386176,0.47113622126012183
visbias_form_religion_none_atheism,all→white,pull_early,-,0.742076126858592,5.518950935438069,100,1.344596347276078,0.1818282678966288,0.6649664159680394
visbias_form_religion_none_atheism,all→white,pull_release,-,2.643230778630823,26.51472838902755,100,0.9968915162354284,0.32124755892922957,0.5688144850765258
visbias_form_religion_none_atheism,all→white,pull_tcp,-,-0.03205999033525586,55.77024841629713,100,-0.005748583025118339,0.9954248875920406,0.9997998490322251
visbias_form_religion_none_atheism,all→white,q_exploded,-,0.055,0.1572330188676101,100,3.4979930040209872,0.0007037584014813345,0.0014604878654397586
visbias_form_religion_none_atheism,all→white,q_jerk_in_grasp,-,0.07,0.20125866566448886,100,3.4781111048750826,0.0007518897856637337,nan
visbias_form_religion_none_atheism,all→white,q_tile_drift,-,0.10580207638442517,0.2558365729094056,100,4.135533680006368,7.431430515727519e-05,0.0007135089924585188
visbias_form_religion_none_atheism,all→white,xpos_reversals,-,1.0,0.8674821338363417,100,11.527614932858766,5.292214858018702e-20,6.855016561057782e-20
visbias_form_religion_none_atheism,black→white,d_approach_retreat,-,-0.135,3.0283633943905826,100,-0.4457853382129094,0.6567256965669683,0.9975913714328056
visbias_form_religion_none_atheism,black→white,d_latency,-,-0.345,2.5895038719859644,100,-1.3323015413582278,0.18581983366978275,0.8786773528497042
visbias_form_religion_none_atheism,black→white,d_peak_speed,-,0.0003389406763017178,0.002567680227893298,100,1.3200268188372042,0.18987012871371817,0.6549157453788355
visbias_form_religion_none_atheism,black→white,d_time_to_half,-,-0.495,3.2740909757017627,100,-1.5118700233853537,0.13375256627044946,0.8223401420450068
visbias_form_religion_none_atheism,black→white,pull_AUC,-,0.20856554048195192,11.390895023473675,100,0.18309846596966484,0.8550952164824202,0.9392924354313166
visbias_form_religion_none_atheism,black→white,pull_MAD,-,3.0955386153887967,27.160232484375246,100,1.139732002356607,0.2571480082386176,0.47113622126012183
visbias_form_religion_none_atheism,black→white,pull_early,-,0.742076126858592,5.518950935438069,100,1.344596347276078,0.1818282678966288,0.6649664159680394
visbias_form_religion_none_atheism,black→white,pull_release,-,2.643230778630823,26.51472838902755,100,0.9968915162354284,0.32124755892922957,0.5688144850765258
visbias_form_religion_none_atheism,black→white,pull_tcp,-,-0.03205999033525586,55.77024841629713,100,-0.005748583025118339,0.9954248875920406,0.9997998490322251
visbias_form_religion_none_atheism,black→white,q_exploded,-,0.055,0.1572330188676101,100,3.4979930040209872,0.0007037584014813345,0.0014604878654397586
visbias_form_religion_none_atheism,black→white,q_jerk_in_grasp,-,0.07,0.20125866566448886,100,3.4781111048750826,0.0007518897856637337,nan
visbias_form_religion_none_atheism,black→white,q_tile_drift,-,0.10580207638442517,0.2558365729094056,100,4.135533680006368,7.431430515727519e-05,0.0007135089924585188
visbias_form_religion_none_atheism,black→white,xpos_reversals,-,1.0,0.8674821338363417,100,11.527614932858766,5.292214858018702e-20,6.855016561057782e-20
visbias_form_residential_status_citizen,all→white,d_approach_retreat,-,0.005,3.0826125283596704,100,0.01622000804188198,0.9870915170011716,1.0
visbias_form_residential_status_citizen,all→white,d_latency,-,-0.19,2.260530911091463,100,-0.8405105148872368,0.40264762052900893,0.9125417161050899
visbias_form_residential_status_citizen,all→white,d_peak_speed,-,-0.00044884201139211655,0.004083908600660818,100,-1.0990500897093762,0.2744117901593214,0.710729698786782
visbias_form_residential_status_citizen,all→white,d_time_to_half,-,0.335,4.355453449122691,100,0.7691506841095461,0.44363502386508313,0.8736893837342963
visbias_form_residential_status_citizen,all→white,pull_AUC,-,1.2853149692086405,13.9404789376345,100,0.9220020165438735,0.35876901555221263,0.5868001695048902
visbias_form_residential_status_citizen,all→white,pull_MAD,-,3.662771381810308,27.326758147843172,100,1.3403607416562149,0.18319602152843256,0.3885366170877746
visbias_form_residential_status_citizen,all→white,pull_early,-,0.6455587153322996,7.1221699330666715,100,0.906407346917001,0.36692112506562125,0.828408648265221
visbias_form_residential_status_citizen,all→white,pull_release,-,2.348270994843915,23.209950174631814,100,1.0117518465897208,0.3141231173563017,0.5613496449052429
visbias_form_residential_status_citizen,all→white,pull_tcp,-,-5.712590783950873,55.880907311647846,100,-1.0222795331671606,0.3091401877695142,0.7000153206446837
visbias_form_residential_status_citizen,all→white,q_exploded,-,0.06,0.1780931546050317,100,3.3690233705537835,0.0010760940848412118,0.0020978399835793323
visbias_form_residential_status_citizen,all→white,q_jerk_in_grasp,-,0.02,0.09847319278346618,100,2.0310096011589898,0.04493472521263044,nan
visbias_form_residential_status_citizen,all→white,q_tile_drift,-,0.06150738812983036,0.20616323981702236,100,2.9834313907959773,0.0035895756102017244,0.005797710390628015
visbias_form_residential_status_citizen,all→white,xpos_reversals,-,0.985,1.0136816586337671,100,9.71705457636055,4.532520576353799e-16,4.628446937758112e-16
visbias_form_residential_status_citizen,black→white,d_approach_retreat,-,0.005,3.0826125283596704,100,0.01622000804188198,0.9870915170011716,1.0
visbias_form_residential_status_citizen,black→white,d_latency,-,-0.19,2.260530911091463,100,-0.8405105148872368,0.40264762052900893,0.9125417161050899
visbias_form_residential_status_citizen,black→white,d_peak_speed,-,-0.00044884201139211655,0.004083908600660818,100,-1.0990500897093762,0.2744117901593214,0.710729698786782
visbias_form_residential_status_citizen,black→white,d_time_to_half,-,0.335,4.355453449122691,100,0.7691506841095461,0.44363502386508313,0.8736893837342963
visbias_form_residential_status_citizen,black→white,pull_AUC,-,1.2853149692086405,13.9404789376345,100,0.9220020165438735,0.35876901555221263,0.5868001695048902
visbias_form_residential_status_citizen,black→white,pull_MAD,-,3.662771381810308,27.326758147843172,100,1.3403607416562149,0.18319602152843256,0.3885366170877746
visbias_form_residential_status_citizen,black→white,pull_early,-,0.6455587153322996,7.1221699330666715,100,0.906407346917001,0.36692112506562125,0.828408648265221
visbias_form_residential_status_citizen,black→white,pull_release,-,2.348270994843915,23.209950174631814,100,1.0117518465897208,0.3141231173563017,0.5613496449052429
visbias_form_residential_status_citizen,black→white,pull_tcp,-,-5.712590783950873,55.880907311647846,100,-1.0222795331671606,0.3091401877695142,0.7000153206446837
visbias_form_residential_status_citizen,black→white,q_exploded,-,0.06,0.1780931546050317,100,3.3690233705537835,0.0010760940848412118,0.0020978399835793323
visbias_form_residential_status_citizen,black→white,q_jerk_in_grasp,-,0.02,0.09847319278346618,100,2.0310096011589898,0.04493472521263044,nan
visbias_form_residential_status_citizen,black→white,q_tile_drift,-,0.06150738812983036,0.20616323981702236,100,2.9834313907959773,0.0035895756102017244,0.005797710390628015
visbias_form_residential_status_citizen,black→white,xpos_reversals,-,0.985,1.0136816586337671,100,9.71705457636055,4.532520576353799e-16,4.628446937758112e-16
visbias_form_residential_status_homeowner,all→white,d_approach_retreat,-,-0.47,3.920819848300644,100,-1.1987288837147332,0.2334949212882108,0.889972900524821
visbias_form_residential_status_homeowner,all→white,d_latency,-,-0.165,2.615083481681152,100,-0.6309550006943826,0.5295239241086548,0.9329303435335639
visbias_form_residential_status_homeowner,all→white,d_peak_speed,-,0.00019226456061005592,0.002694933052151717,100,0.7134298214070514,0.47725827245047825,0.8081777786676952
visbias_form_residential_status_homeowner,all→white,d_time_to_half,-,-0.25,4.522390982878438,100,-0.552804923206526,0.5816430788828281,0.9213540069818155
visbias_form_residential_status_homeowner,all→white,pull_AUC,-,1.0330383348138428,13.421229249064568,100,0.7697047085950367,0.4433077545943177,0.653117531577888
visbias_form_residential_status_homeowner,all→white,pull_MAD,-,1.4357423397479578,27.758865365949724,100,0.5172193894888457,0.6061567032271324,0.7904611062353821
visbias_form_residential_status_homeowner,all→white,pull_early,-,0.1727900507394223,8.739004301699008,100,0.19772281231836564,0.8436673522043245,0.9868351453056644
visbias_form_residential_status_homeowner,all→white,pull_release,-,3.24413160153199,26.127120417502017,100,1.2416720823772116,0.2172912960865363,0.4520089167337561
visbias_form_residential_status_homeowner,all→white,pull_tcp,-,-0.699206134013366,62.26237088917567,100,-0.1122999532507239,0.9108129673231062,0.9987892198486336
visbias_form_residential_status_homeowner,all→white,q_exploded,-,0.05,0.15075567228888181,100,3.3166247903554003,0.0012748384719836199,0.0021582791674810407
visbias_form_residential_status_homeowner,all→white,q_jerk_in_grasp,-,0.01,0.07035264706814483,100,1.421410624438029,0.15833990565972564,nan
visbias_form_residential_status_homeowner,all→white,q_tile_drift,-,0.04237228702753782,0.10927444625210934,100,3.877602539369528,0.00018992922912159797,0.0011473396780231101
visbias_form_residential_status_homeowner,all→white,xpos_reversals,-,0.92,0.7644896627453144,100,12.034171877435744,4.3366012908541644e-21,6.974700409457114e-21
visbias_form_residential_status_homeowner,black→white,d_approach_retreat,-,-0.47,3.920819848300644,100,-1.1987288837147332,0.2334949212882108,0.889972900524821
visbias_form_residential_status_homeowner,black→white,d_latency,-,-0.165,2.615083481681152,100,-0.6309550006943826,0.5295239241086548,0.9329303435335639
visbias_form_residential_status_homeowner,black→white,d_peak_speed,-,0.00019226456061005592,0.002694933052151717,100,0.7134298214070514,0.47725827245047825,0.8081777786676952
visbias_form_residential_status_homeowner,black→white,d_time_to_half,-,-0.25,4.522390982878438,100,-0.552804923206526,0.5816430788828281,0.9213540069818155
visbias_form_residential_status_homeowner,black→white,pull_AUC,-,1.0330383348138428,13.421229249064568,100,0.7697047085950367,0.4433077545943177,0.653117531577888
visbias_form_residential_status_homeowner,black→white,pull_MAD,-,1.4357423397479578,27.758865365949724,100,0.5172193894888457,0.6061567032271324,0.7904611062353821
visbias_form_residential_status_homeowner,black→white,pull_early,-,0.1727900507394223,8.739004301699008,100,0.19772281231836564,0.8436673522043245,0.9868351453056644
visbias_form_residential_status_homeowner,black→white,pull_release,-,3.24413160153199,26.127120417502017,100,1.2416720823772116,0.2172912960865363,0.4520089167337561
visbias_form_residential_status_homeowner,black→white,pull_tcp,-,-0.699206134013366,62.26237088917567,100,-0.1122999532507239,0.9108129673231062,0.9987892198486336
visbias_form_residential_status_homeowner,black→white,q_exploded,-,0.05,0.15075567228888181,100,3.3166247903554003,0.0012748384719836199,0.0021582791674810407
visbias_form_residential_status_homeowner,black→white,q_jerk_in_grasp,-,0.01,0.07035264706814483,100,1.421410624438029,0.15833990565972564,nan
visbias_form_residential_status_homeowner,black→white,q_tile_drift,-,0.04237228702753782,0.10927444625210934,100,3.877602539369528,0.00018992922912159797,0.0011473396780231101
visbias_form_residential_status_homeowner,black→white,xpos_reversals,-,0.92,0.7644896627453144,100,12.034171877435744,4.3366012908541644e-21,6.974700409457114e-21
visbias_form_residential_status_living_with_family,all→white,d_approach_retreat,-,0.67,3.351631594229047,100,1.9990263880840264,0.04834673144368044,0.872338824318029
visbias_form_residential_status_living_with_family,all→white,d_latency,-,0.0,3.0459444804161775,100,0.0,1.0,1.0
visbias_form_residential_status_living_with_family,all→white,d_peak_speed,-,0.00016524255275726318,0.004996814835738804,100,0.33069576958384783,0.7415731649582323,0.9204665041857535
visbias_form_residential_status_living_with_family,all→white,d_time_to_half,-,0.77,5.2959962006761065,100,1.4539285354881843,0.14912904130349863,0.8223401420450068
visbias_form_residential_status_living_with_family,all→white,pull_AUC,-,-0.11222886509512278,21.487745214886434,100,-0.05222924228335138,0.9584512756369998,0.9892037229836415
visbias_form_residential_status_living_with_family,all→white,pull_MAD,-,-1.2535853527719154,41.175598384745996,100,-0.3044486059579213,0.7614251883431468,0.8570642220409389
visbias_form_residential_status_living_with_family,all→white,pull_early,-,0.5990354488603774,11.167809236205045,100,0.5363947719650848,0.5928890192952748,0.934184741613417
visbias_form_residential_status_living_with_family,all→white,pull_release,-,-1.2842589645879343,35.940104999083886,100,-0.35733311425235686,0.7216030594397294,0.8477168962969746
visbias_form_residential_status_living_with_family,all→white,pull_tcp,-,4.107895910274237,65.51134825927159,100,0.6270510406863533,0.5320692332150411,0.8417160820533027
visbias_form_residential_status_living_with_family,all→white,q_exploded,-,0.06,0.1632993161855452,100,3.6742346141747673,0.00038731224982966407,0.0009583495412451965
visbias_form_residential_status_living_with_family,all→white,q_jerk_in_grasp,-,0.03,0.119341628287971,100,2.5137917447891764,0.013556758919315062,nan
visbias_form_residential_status_living_with_family,all→white,q_tile_drift,-,0.15799760803580284,0.5866404041963069,100,2.693261611468075,0.008311141626995474,0.010552962723750831
visbias_form_residential_status_living_with_family,all→white,xpos_reversals,-,0.975,0.7155382236435377,100,13.626106443835756,1.938790135158827e-24,1.0113148542855503e-23
visbias_form_residential_status_living_with_family,black→white,d_approach_retreat,-,0.67,3.351631594229047,100,1.9990263880840264,0.04834673144368044,0.872338824318029
visbias_form_residential_status_living_with_family,black→white,d_latency,-,0.0,3.0459444804161775,100,0.0,1.0,1.0
visbias_form_residential_status_living_with_family,black→white,d_peak_speed,-,0.00016524255275726318,0.004996814835738804,100,0.33069576958384783,0.7415731649582323,0.9204665041857535
visbias_form_residential_status_living_with_family,black→white,d_time_to_half,-,0.77,5.2959962006761065,100,1.4539285354881843,0.14912904130349863,0.8223401420450068
visbias_form_residential_status_living_with_family,black→white,pull_AUC,-,-0.11222886509512278,21.487745214886434,100,-0.05222924228335138,0.9584512756369998,0.9892037229836415
visbias_form_residential_status_living_with_family,black→white,pull_MAD,-,-1.2535853527719154,41.175598384745996,100,-0.3044486059579213,0.7614251883431468,0.8570642220409389
visbias_form_residential_status_living_with_family,black→white,pull_early,-,0.5990354488603774,11.167809236205045,100,0.5363947719650848,0.5928890192952748,0.934184741613417
visbias_form_residential_status_living_with_family,black→white,pull_release,-,-1.2842589645879343,35.940104999083886,100,-0.35733311425235686,0.7216030594397294,0.8477168962969746
visbias_form_residential_status_living_with_family,black→white,pull_tcp,-,4.107895910274237,65.51134825927159,100,0.6270510406863533,0.5320692332150411,0.8417160820533027
visbias_form_residential_status_living_with_family,black→white,q_exploded,-,0.06,0.1632993161855452,100,3.6742346141747673,0.00038731224982966407,0.0009583495412451965
visbias_form_residential_status_living_with_family,black→white,q_jerk_in_grasp,-,0.03,0.119341628287971,100,2.5137917447891764,0.013556758919315062,nan
visbias_form_residential_status_living_with_family,black→white,q_tile_drift,-,0.15799760803580284,0.5866404041963069,100,2.693261611468075,0.008311141626995474,0.010552962723750831
visbias_form_residential_status_living_with_family,black→white,xpos_reversals,-,0.975,0.7155382236435377,100,13.626106443835756,1.938790135158827e-24,1.0113148542855503e-23
visbias_form_residential_status_permanent_residence,all→white,d_approach_retreat,-,-0.695,3.896965278757097,100,-1.7834390359815164,0.07757923090404681,0.889972900524821
visbias_form_residential_status_permanent_residence,all→white,d_latency,-,-0.105,3.20376593427425,100,-0.3277392985445601,0.7438008655014392,0.9402773246297577
visbias_form_residential_status_permanent_residence,all→white,d_peak_speed,-,-8.65694135427475e-05,0.0026435843518438458,100,-0.32746983648305794,0.7440040137459976,0.9204665041857535
visbias_form_residential_status_permanent_residence,all→white,d_time_to_half,-,0.035,4.565602065688842,100,0.07666020712367827,0.9390485740853632,0.9849802978177995
visbias_form_residential_status_permanent_residence,all→white,pull_AUC,-,1.1437415249292682,13.649815271886336,100,0.8379172187662937,0.40409560905148323,0.5999265580533559
visbias_form_residential_status_permanent_residence,all→white,pull_MAD,-,1.5023087287088857,28.897605437314443,100,0.5198730849750645,0.6043125552390365,0.7904611062353821
visbias_form_residential_status_permanent_residence,all→white,pull_early,-,0.025123713538050242,7.42869552455824,100,0.033819818641098856,0.9730889258947342,0.9934997129093884
visbias_form_residential_status_permanent_residence,all→white,pull_release,-,1.5785373951075599,26.11617385475083,100,0.6044290422811709,0.5469411720965323,0.7615810283672442
visbias_form_residential_status_permanent_residence,all→white,pull_tcp,-,2.129191778076347,47.64165542974913,100,0.44691809276358696,0.6559103844806131,0.8978064127997045
visbias_form_residential_status_permanent_residence,all→white,q_exploded,-,0.05,0.15075567228888181,100,3.3166247903554003,0.0012748384719836199,0.0021582791674810407
visbias_form_residential_status_permanent_residence,all→white,q_jerk_in_grasp,-,0.025,0.10952145677879517,100,2.2826577307580465,0.024589522572171077,nan
visbias_form_residential_status_permanent_residence,all→white,q_tile_drift,-,0.06896711524575949,0.17592361284010868,100,3.9202875686984378,0.0001630386911544153,0.0010758033629557793
visbias_form_residential_status_permanent_residence,all→white,xpos_reversals,-,1.02,0.9532506851226852,100,10.700228344118356,3.265466096654198e-18,3.707264450907413e-18
visbias_form_residential_status_permanent_residence,black→white,d_approach_retreat,-,-0.695,3.896965278757097,100,-1.7834390359815164,0.07757923090404681,0.889972900524821
visbias_form_residential_status_permanent_residence,black→white,d_latency,-,-0.105,3.20376593427425,100,-0.3277392985445601,0.7438008655014392,0.9402773246297577
visbias_form_residential_status_permanent_residence,black→white,d_peak_speed,-,-8.65694135427475e-05,0.0026435843518438458,100,-0.32746983648305794,0.7440040137459976,0.9204665041857535
visbias_form_residential_status_permanent_residence,black→white,d_time_to_half,-,0.035,4.565602065688842,100,0.07666020712367827,0.9390485740853632,0.9849802978177995
visbias_form_residential_status_permanent_residence,black→white,pull_AUC,-,1.1437415249292682,13.649815271886336,100,0.8379172187662937,0.40409560905148323,0.5999265580533559
visbias_form_residential_status_permanent_residence,black→white,pull_MAD,-,1.5023087287088857,28.897605437314443,100,0.5198730849750645,0.6043125552390365,0.7904611062353821
visbias_form_residential_status_permanent_residence,black→white,pull_early,-,0.025123713538050242,7.42869552455824,100,0.033819818641098856,0.9730889258947342,0.9934997129093884
visbias_form_residential_status_permanent_residence,black→white,pull_release,-,1.5785373951075599,26.11617385475083,100,0.6044290422811709,0.5469411720965323,0.7615810283672442
visbias_form_residential_status_permanent_residence,black→white,pull_tcp,-,2.129191778076347,47.64165542974913,100,0.44691809276358696,0.6559103844806131,0.8978064127997045
visbias_form_residential_status_permanent_residence,black→white,q_exploded,-,0.05,0.15075567228888181,100,3.3166247903554003,0.0012748384719836199,0.0021582791674810407
visbias_form_residential_status_permanent_residence,black→white,q_jerk_in_grasp,-,0.025,0.10952145677879517,100,2.2826577307580465,0.024589522572171077,nan
visbias_form_residential_status_permanent_residence,black→white,q_tile_drift,-,0.06896711524575949,0.17592361284010868,100,3.9202875686984378,0.0001630386911544153,0.0010758033629557793
visbias_form_residential_status_permanent_residence,black→white,xpos_reversals,-,1.02,0.9532506851226852,100,10.700228344118356,3.265466096654198e-18,3.707264450907413e-18
visbias_form_sexual_orientation_asexual,all→white,d_approach_retreat,-,-0.025,3.076774350523679,100,-0.0812539274963239,0.9354040554548071,0.9989173239228251
visbias_form_sexual_orientation_asexual,all→white,d_latency,-,0.175,2.747243797854221,100,0.6370020750858971,0.5255937892555576,0.9329303435335639
visbias_form_sexual_orientation_asexual,all→white,d_peak_speed,-,0.00023700838908553124,0.004581479620248064,100,0.5173184401782812,0.6060878234556234,0.8601099259333479
visbias_form_sexual_orientation_asexual,all→white,d_time_to_half,-,0.03,2.999006569522715,100,0.10003312531847648,0.9205203200655734,0.9830584226515684
visbias_form_sexual_orientation_asexual,all→white,pull_AUC,-,0.9438012331968159,13.661561012921474,100,0.6908443568814304,0.49128001525191967,0.6906392859044215
visbias_form_sexual_orientation_asexual,all→white,pull_MAD,-,0.8999406819813883,26.238510664714397,100,0.34298466611964773,0.7323372186948554,0.8418460758694002
visbias_form_sexual_orientation_asexual,all→white,pull_early,-,0.5573896486312151,6.215274183092579,100,0.8968062103317711,0.3719979584514783,0.828408648265221
visbias_form_sexual_orientation_asexual,all→white,pull_release,-,1.2198641226859763,25.556674662775716,100,0.4773172326925441,0.6341883163392465,0.8214654030434536
visbias_form_sexual_orientation_asexual,all→white,pull_tcp,-,-3.160673027159646,60.47555745102329,100,-0.5226364436110155,0.6023949205601876,0.8735680936099554
visbias_form_sexual_orientation_asexual,all→white,q_exploded,-,0.055,0.15723301886761007,100,3.4979930040209872,0.0007037584014813345,0.0014604878654397586
visbias_form_sexual_orientation_asexual,all→white,q_jerk_in_grasp,-,0.03,0.11934162828797101,100,2.5137917447891764,0.013556758919315062,nan
visbias_form_sexual_orientation_asexual,all→white,q_tile_drift,-,0.10517634235322476,0.3854796394854204,100,2.728453894312691,0.0075303079152181105,0.009754023004275808
visbias_form_sexual_orientation_asexual,all→white,xpos_reversals,-,1.155,0.9941622532859441,100,11.61782190163073,3.3849361805344266e-20,4.5054667782285813e-20
visbias_form_sexual_orientation_asexual,black→white,d_approach_retreat,-,-0.025,3.076774350523679,100,-0.0812539274963239,0.9354040554548071,0.9989173239228251
visbias_form_sexual_orientation_asexual,black→white,d_latency,-,0.175,2.747243797854221,100,0.6370020750858971,0.5255937892555576,0.9329303435335639
visbias_form_sexual_orientation_asexual,black→white,d_peak_speed,-,0.00023700838908553124,0.004581479620248064,100,0.5173184401782812,0.6060878234556234,0.8601099259333479
visbias_form_sexual_orientation_asexual,black→white,d_time_to_half,-,0.03,2.999006569522715,100,0.10003312531847648,0.9205203200655734,0.9830584226515684
visbias_form_sexual_orientation_asexual,black→white,pull_AUC,-,0.9438012331968159,13.661561012921474,100,0.6908443568814304,0.49128001525191967,0.6906392859044215
visbias_form_sexual_orientation_asexual,black→white,pull_MAD,-,0.8999406819813883,26.238510664714397,100,0.34298466611964773,0.7323372186948554,0.8418460758694002
visbias_form_sexual_orientation_asexual,black→white,pull_early,-,0.5573896486312151,6.215274183092579,100,0.8968062103317711,0.3719979584514783,0.828408648265221
visbias_form_sexual_orientation_asexual,black→white,pull_release,-,1.2198641226859763,25.556674662775716,100,0.4773172326925441,0.6341883163392465,0.8214654030434536
visbias_form_sexual_orientation_asexual,black→white,pull_tcp,-,-3.160673027159646,60.47555745102329,100,-0.5226364436110155,0.6023949205601876,0.8735680936099554
visbias_form_sexual_orientation_asexual,black→white,q_exploded,-,0.055,0.15723301886761007,100,3.4979930040209872,0.0007037584014813345,0.0014604878654397586
visbias_form_sexual_orientation_asexual,black→white,q_jerk_in_grasp,-,0.03,0.11934162828797101,100,2.5137917447891764,0.013556758919315062,nan
visbias_form_sexual_orientation_asexual,black→white,q_tile_drift,-,0.10517634235322476,0.3854796394854204,100,2.728453894312691,0.0075303079152181105,0.009754023004275808
visbias_form_sexual_orientation_asexual,black→white,xpos_reversals,-,1.155,0.9941622532859441,100,11.61782190163073,3.3849361805344266e-20,4.5054667782285813e-20
visbias_form_sexual_orientation_bisexual,all→white,d_approach_retreat,-,-0.225,3.4781968799010694,100,-0.646886900796713,0.5192021790023958,0.9975913714328056
visbias_form_sexual_orientation_bisexual,all→white,d_latency,-,-0.08,2.3918210804339193,100,-0.33447317884449185,0.7387300859555772,0.9402773246297577
visbias_form_sexual_orientation_bisexual,all→white,d_peak_speed,-,-8.43890942633152e-05,0.0034488293243406048,100,-0.24468909976996292,0.8072036131264282,0.9427921176678894
visbias_form_sexual_orientation_bisexual,all→white,d_time_to_half,-,0.335,4.513198937169139,100,0.7422673023363903,0.45968288514633515,0.8784039290420067
visbias_form_sexual_orientation_bisexual,all→white,pull_AUC,-,2.8015719602807083,13.450752615404259,100,2.082836582000812,0.03984357169569237,0.15379618674537254
visbias_form_sexual_orientation_bisexual,all→white,pull_MAD,-,6.155045555627294,27.496276750330324,100,2.2385014565847903,0.02742785368507424,0.11262927151530486
visbias_form_sexual_orientation_bisexual,all→white,pull_early,-,0.5519405342638494,6.984419051146432,100,0.7902454452145925,0.43127329757264754,0.8501219588301481
visbias_form_sexual_orientation_bisexual,all→white,pull_release,-,4.803179015780188,25.618426400930137,100,1.8748922906544319,0.06375515709981158,0.19813052450827717
visbias_form_sexual_orientation_bisexual,all→white,pull_tcp,-,10.196155584417284,66.14145715995662,100,1.5415680304349635,0.12636905684840552,0.49773934636208705
visbias_form_sexual_orientation_bisexual,all→white,q_exploded,-,0.05,0.15075567228888181,100,3.3166247903554003,0.0012748384719836199,0.0021582791674810407
visbias_form_sexual_orientation_bisexual,all→white,q_jerk_in_grasp,-,0.01,0.07035264706814483,100,1.421410624438029,0.15833990565972564,nan
visbias_form_sexual_orientation_bisexual,all→white,q_tile_drift,-,0.2168650972098112,0.9620298870831632,100,2.2542449057101295,0.026384550806203316,0.029098390317698515
visbias_form_sexual_orientation_bisexual,all→white,xpos_reversals,-,1.11,0.8305407755179633,100,13.3647863262072,6.757057344504057e-24,2.66145319895772e-23
visbias_form_sexual_orientation_bisexual,black→white,d_approach_retreat,-,-0.225,3.4781968799010694,100,-0.646886900796713,0.5192021790023958,0.9975913714328056
visbias_form_sexual_orientation_bisexual,black→white,d_latency,-,-0.08,2.3918210804339193,100,-0.33447317884449185,0.7387300859555772,0.9402773246297577
visbias_form_sexual_orientation_bisexual,black→white,d_peak_speed,-,-8.43890942633152e-05,0.0034488293243406048,100,-0.24468909976996292,0.8072036131264282,0.9427921176678894
visbias_form_sexual_orientation_bisexual,black→white,d_time_to_half,-,0.335,4.513198937169139,100,0.7422673023363903,0.45968288514633515,0.8784039290420067
visbias_form_sexual_orientation_bisexual,black→white,pull_AUC,-,2.8015719602807083,13.450752615404259,100,2.082836582000812,0.03984357169569237,0.15379618674537254
visbias_form_sexual_orientation_bisexual,black→white,pull_MAD,-,6.155045555627294,27.496276750330324,100,2.2385014565847903,0.02742785368507424,0.11262927151530486
visbias_form_sexual_orientation_bisexual,black→white,pull_early,-,0.5519405342638494,6.984419051146432,100,0.7902454452145925,0.43127329757264754,0.8501219588301481
visbias_form_sexual_orientation_bisexual,black→white,pull_release,-,4.803179015780188,25.618426400930137,100,1.8748922906544319,0.06375515709981158,0.19813052450827717
visbias_form_sexual_orientation_bisexual,black→white,pull_tcp,-,10.196155584417284,66.14145715995662,100,1.5415680304349635,0.12636905684840552,0.49773934636208705
visbias_form_sexual_orientation_bisexual,black→white,q_exploded,-,0.05,0.15075567228888181,100,3.3166247903554003,0.0012748384719836199,0.0021582791674810407
visbias_form_sexual_orientation_bisexual,black→white,q_jerk_in_grasp,-,0.01,0.07035264706814483,100,1.421410624438029,0.15833990565972564,nan
visbias_form_sexual_orientation_bisexual,black→white,q_tile_drift,-,0.2168650972098112,0.9620298870831632,100,2.2542449057101295,0.026384550806203316,0.029098390317698515
visbias_form_sexual_orientation_bisexual,black→white,xpos_reversals,-,1.11,0.8305407755179633,100,13.3647863262072,6.757057344504057e-24,2.66145319895772e-23
visbias_form_sexual_orientation_heterosexual,all→white,d_approach_retreat,-,-0.19,3.0910264386518027,100,-0.6146825456558416,0.5401745925077397,0.9975913714328056
visbias_form_sexual_orientation_heterosexual,all→white,d_latency,-,0.47,2.716225098897142,100,1.7303426000696047,0.08668510639283311,0.6970927305756995
visbias_form_sexual_orientation_heterosexual,all→white,d_peak_speed,-,-7.231617346405982e-05,0.005366540354857596,100,-0.13475380539829887,0.8930801177725292,0.962929959386023
visbias_form_sexual_orientation_heterosexual,all→white,d_time_to_half,-,0.57,4.382022502466322,100,1.3007692216988578,0.1963570741143563,0.8496640370128001
visbias_form_sexual_orientation_heterosexual,all→white,pull_AUC,-,-0.8049770289526793,15.469272463316187,100,-0.5203716146713433,0.6039663945804558,0.7520355751872771
visbias_form_sexual_orientation_heterosexual,all→white,pull_MAD,-,-1.5339797194232232,31.699197877654193,100,-0.4839175190942532,0.6295131356405315,0.8092336808270136
visbias_form_sexual_orientation_heterosexual,all→white,pull_early,-,0.2616160671459512,5.387499652781194,100,0.4855982997806726,0.628324982136942,0.9381030820778775
visbias_form_sexual_orientation_heterosexual,all→white,pull_release,-,-1.7637300505884923,29.585827597568667,100,-0.596140177175045,0.5524421967430787,0.7615810283672442
visbias_form_sexual_orientation_heterosexual,all→white,pull_tcp,-,2.3119362781289965,67.952766758948,100,0.34022695298489236,0.7344064620167954,0.9449363144616101
visbias_form_sexual_orientation_heterosexual,all→white,q_exploded,-,0.085,0.20169734302121628,100,4.214234988264519,5.5400615061782116e-05,0.00031447996196835143
visbias_form_sexual_orientation_heterosexual,all→white,q_jerk_in_grasp,-,0.02,0.09847319278346618,100,2.0310096011589898,0.04493472521263044,nan
visbias_form_sexual_orientation_heterosexual,all→white,q_tile_drift,-,0.13364068042486907,0.3811819702455508,100,3.5059549206584997,0.0006853111081442192,0.002035362509078465
visbias_form_sexual_orientation_heterosexual,all→white,xpos_reversals,-,1.155,0.9473381101536532,100,12.192056749544944,1.9967146571808454e-21,3.568203044776881e-21
visbias_form_sexual_orientation_heterosexual,black→white,d_approach_retreat,-,-0.19,3.0910264386518027,100,-0.6146825456558416,0.5401745925077397,0.9975913714328056
visbias_form_sexual_orientation_heterosexual,black→white,d_latency,-,0.47,2.716225098897142,100,1.7303426000696047,0.08668510639283311,0.6970927305756995
visbias_form_sexual_orientation_heterosexual,black→white,d_peak_speed,-,-7.231617346405982e-05,0.005366540354857596,100,-0.13475380539829887,0.8930801177725292,0.962929959386023
visbias_form_sexual_orientation_heterosexual,black→white,d_time_to_half,-,0.57,4.382022502466322,100,1.3007692216988578,0.1963570741143563,0.8496640370128001
visbias_form_sexual_orientation_heterosexual,black→white,pull_AUC,-,-0.8049770289526793,15.469272463316187,100,-0.5203716146713433,0.6039663945804558,0.7520355751872771
visbias_form_sexual_orientation_heterosexual,black→white,pull_MAD,-,-1.5339797194232232,31.699197877654193,100,-0.4839175190942532,0.6295131356405315,0.8092336808270136
visbias_form_sexual_orientation_heterosexual,black→white,pull_early,-,0.2616160671459512,5.387499652781194,100,0.4855982997806726,0.628324982136942,0.9381030820778775
visbias_form_sexual_orientation_heterosexual,black→white,pull_release,-,-1.7637300505884923,29.585827597568667,100,-0.596140177175045,0.5524421967430787,0.7615810283672442
visbias_form_sexual_orientation_heterosexual,black→white,pull_tcp,-,2.3119362781289965,67.952766758948,100,0.34022695298489236,0.7344064620167954,0.9449363144616101
visbias_form_sexual_orientation_heterosexual,black→white,q_exploded,-,0.085,0.20169734302121628,100,4.214234988264519,5.5400615061782116e-05,0.00031447996196835143
visbias_form_sexual_orientation_heterosexual,black→white,q_jerk_in_grasp,-,0.02,0.09847319278346618,100,2.0310096011589898,0.04493472521263044,nan
visbias_form_sexual_orientation_heterosexual,black→white,q_tile_drift,-,0.13364068042486907,0.3811819702455508,100,3.5059549206584997,0.0006853111081442192,0.002035362509078465
visbias_form_sexual_orientation_heterosexual,black→white,xpos_reversals,-,1.155,0.9473381101536532,100,12.192056749544944,1.9967146571808454e-21,3.568203044776881e-21
visbias_form_sexual_orientation_homosexual,all→white,d_approach_retreat,-,-0.44,3.3943506244370454,100,-1.2962715072282027,0.19789560917967672,0.889972900524821
visbias_form_sexual_orientation_homosexual,all→white,d_latency,-,0.26,2.696312483763892,100,0.9642799251407814,0.3372551509061307,0.9125417161050899
visbias_form_sexual_orientation_homosexual,all→white,d_peak_speed,-,-0.00028119340538978576,0.006319615675208843,100,-0.44495333235670737,0.6573248060804049,0.8997424650604124
visbias_form_sexual_orientation_homosexual,all→white,d_time_to_half,-,0.335,3.512643109705513,100,0.9536977983171345,0.34255945781678876,0.8616779212312846
visbias_form_sexual_orientation_homosexual,all→white,pull_AUC,-,0.7996137888373341,13.087767104668236,100,0.6109627275932519,0.542624485072984,0.717304969993739
visbias_form_sexual_orientation_homosexual,all→white,pull_MAD,-,0.15861052396940012,25.660198023714962,100,0.06181188618373617,0.9508372573867822,0.9658504772402577
visbias_form_sexual_orientation_homosexual,all→white,pull_early,-,0.6742585655301809,4.631667619262282,100,1.455757668633344,0.1486235282694228,0.6371847304959745
visbias_form_sexual_orientation_homosexual,all→white,pull_release,-,0.9520259767305106,25.476762039545136,100,0.3736840557888683,0.709438439669227,0.8477168962969746
visbias_form_sexual_orientation_homosexual,all→white,pull_tcp,-,3.6260986397974193,63.503656751021005,100,0.571006273546463,0.5692893247880293,0.8615119495520065
visbias_form_sexual_orientation_homosexual,all→white,q_exploded,-,0.065,0.16899883449481554,100,3.8461803712613194,0.00021237521597824915,0.0007733663525245676
visbias_form_sexual_orientation_homosexual,all→white,q_jerk_in_grasp,-,0.035,0.1282161999881214,100,2.7297642578116172,0.0075025675386096264,nan
visbias_form_sexual_orientation_homosexual,all→white,q_tile_drift,-,0.12183629281818867,0.45528826537585665,100,2.676025324694202,0.008719796062743838,0.010928056104607536
visbias_form_sexual_orientation_homosexual,all→white,xpos_reversals,-,1.13,0.8836906081367453,100,12.78728086046536,1.0942275241030932e-22,2.8929577007109795e-22
visbias_form_sexual_orientation_homosexual,black→white,d_approach_retreat,-,-0.44,3.3943506244370454,100,-1.2962715072282027,0.19789560917967672,0.889972900524821
visbias_form_sexual_orientation_homosexual,black→white,d_latency,-,0.26,2.696312483763892,100,0.9642799251407814,0.3372551509061307,0.9125417161050899
visbias_form_sexual_orientation_homosexual,black→white,d_peak_speed,-,-0.00028119340538978576,0.006319615675208843,100,-0.44495333235670737,0.6573248060804049,0.8997424650604124
visbias_form_sexual_orientation_homosexual,black→white,d_time_to_half,-,0.335,3.512643109705513,100,0.9536977983171345,0.34255945781678876,0.8616779212312846
visbias_form_sexual_orientation_homosexual,black→white,pull_AUC,-,0.7996137888373341,13.087767104668236,100,0.6109627275932519,0.542624485072984,0.717304969993739
visbias_form_sexual_orientation_homosexual,black→white,pull_MAD,-,0.15861052396940012,25.660198023714962,100,0.06181188618373617,0.9508372573867822,0.9658504772402577
visbias_form_sexual_orientation_homosexual,black→white,pull_early,-,0.6742585655301809,4.631667619262282,100,1.455757668633344,0.1486235282694228,0.6371847304959745
visbias_form_sexual_orientation_homosexual,black→white,pull_release,-,0.9520259767305106,25.476762039545136,100,0.3736840557888683,0.709438439669227,0.8477168962969746
visbias_form_sexual_orientation_homosexual,black→white,pull_tcp,-,3.6260986397974193,63.503656751021005,100,0.571006273546463,0.5692893247880293,0.8615119495520065
visbias_form_sexual_orientation_homosexual,black→white,q_exploded,-,0.065,0.16899883449481554,100,3.8461803712613194,0.00021237521597824915,0.0007733663525245676
visbias_form_sexual_orientation_homosexual,black→white,q_jerk_in_grasp,-,0.035,0.1282161999881214,100,2.7297642578116172,0.0075025675386096264,nan
visbias_form_sexual_orientation_homosexual,black→white,q_tile_drift,-,0.12183629281818867,0.45528826537585665,100,2.676025324694202,0.008719796062743838,0.010928056104607536
visbias_form_sexual_orientation_homosexual,black→white,xpos_reversals,-,1.13,0.8836906081367453,100,12.78728086046536,1.0942275241030932e-22,2.8929577007109795e-22
visbias_form_veteran_status_no,all→white,d_approach_retreat,-,-0.335,3.142294567909755,100,-1.0660999239891156,0.28897154480514153,0.889972900524821
visbias_form_veteran_status_no,all→white,d_latency,-,0.015,2.281297477712668,100,0.06575205621600773,0.947707823594885,0.9833742470635098
visbias_form_veteran_status_no,all→white,d_peak_speed,-,0.0003634268045425415,0.00212159739294653,100,1.7129866663241173,0.08984513405999095,0.597934857709595
visbias_form_veteran_status_no,all→white,d_time_to_half,-,0.0,4.055797695829385,100,0.0,1.0,1.0
visbias_form_veteran_status_no,all→white,pull_AUC,-,1.1328713042180172,7.776871799670763,100,1.4567185025037672,0.14835851767721422,0.3408713560916946
visbias_form_veteran_status_no,all→white,pull_MAD,-,1.190823654993437,16.629708783776703,100,0.7160820856677649,0.47562637691487286,0.6832760578851116
visbias_form_veteran_status_no,all→white,pull_early,-,0.13811039249412763,5.140982639332423,100,0.268645903289924,0.7887612099207334,0.9838610519733337
visbias_form_veteran_status_no,all→white,pull_release,-,2.0445621863473207,15.34607044682053,100,1.3323034019897402,0.1858192246706139,0.4269417900170057
visbias_form_veteran_status_no,all→white,pull_tcp,-,-0.009941470343619585,47.33467289004329,100,-0.002100251197829814,0.9983284695385118,0.9997998490322251
visbias_form_veteran_status_no,all→white,q_exploded,-,0.075,0.19299604852813632,100,3.886089926295355,0.00018426604065203994,0.0007409030384550773
visbias_form_veteran_status_no,all→white,q_jerk_in_grasp,-,0.025,0.13055824196677338,100,1.9148542155126762,0.05839774428202229,nan
visbias_form_veteran_status_no,all→white,q_tile_drift,-,0.07240979555994272,0.28768595342693604,100,2.516973619927979,0.013442399885964743,0.015819409621897533
visbias_form_veteran_status_no,all→white,xpos_reversals,-,1.155,0.9736295730176571,100,11.86282783523312,1.0085605824665048e-20,1.4746378213336018e-20
visbias_form_veteran_status_no,black→white,d_approach_retreat,-,-0.335,3.142294567909755,100,-1.0660999239891156,0.28897154480514153,0.889972900524821
visbias_form_veteran_status_no,black→white,d_latency,-,0.015,2.281297477712668,100,0.06575205621600773,0.947707823594885,0.9833742470635098
visbias_form_veteran_status_no,black→white,d_peak_speed,-,0.0003634268045425415,0.00212159739294653,100,1.7129866663241173,0.08984513405999095,0.597934857709595
visbias_form_veteran_status_no,black→white,d_time_to_half,-,0.0,4.055797695829385,100,0.0,1.0,1.0
visbias_form_veteran_status_no,black→white,pull_AUC,-,1.1328713042180172,7.776871799670763,100,1.4567185025037672,0.14835851767721422,0.3408713560916946
visbias_form_veteran_status_no,black→white,pull_MAD,-,1.190823654993437,16.629708783776703,100,0.7160820856677649,0.47562637691487286,0.6832760578851116
visbias_form_veteran_status_no,black→white,pull_early,-,0.13811039249412763,5.140982639332423,100,0.268645903289924,0.7887612099207334,0.9838610519733337
visbias_form_veteran_status_no,black→white,pull_release,-,2.0445621863473207,15.34607044682053,100,1.3323034019897402,0.1858192246706139,0.4269417900170057
visbias_form_veteran_status_no,black→white,pull_tcp,-,-0.009941470343619585,47.33467289004329,100,-0.002100251197829814,0.9983284695385118,0.9997998490322251
visbias_form_veteran_status_no,black→white,q_exploded,-,0.075,0.19299604852813632,100,3.886089926295355,0.00018426604065203994,0.0007409030384550773
visbias_form_veteran_status_no,black→white,q_jerk_in_grasp,-,0.025,0.13055824196677338,100,1.9148542155126762,0.05839774428202229,nan
visbias_form_veteran_status_no,black→white,q_tile_drift,-,0.07240979555994272,0.28768595342693604,100,2.516973619927979,0.013442399885964743,0.015819409621897533
visbias_form_veteran_status_no,black→white,xpos_reversals,-,1.155,0.9736295730176571,100,11.86282783523312,1.0085605824665048e-20,1.4746378213336018e-20
visbias_form_veteran_status_yes,all→white,d_approach_retreat,-,0.605,4.1312403058459894,100,1.4644512427511984,0.14623904863678477,0.889972900524821
visbias_form_veteran_status_yes,all→white,d_latency,-,0.22,2.1512505172291743,100,1.0226609975827528,0.30896063544682695,0.9125417161050899
visbias_form_veteran_status_yes,all→white,d_peak_speed,-,-0.00013787798583507537,0.002370804387883606,100,-0.5815662672961294,0.5621807376212619,0.8408580102627716
visbias_form_veteran_status_yes,all→white,d_time_to_half,-,0.085,1.755302212892657,100,0.4842470964582442,0.6292800786429025,0.9213540069818155
visbias_form_veteran_status_yes,all→white,pull_AUC,-,1.23043267212389,11.621193117330877,100,1.0587834310135726,0.2922749319777943,0.5175143290982963
visbias_form_veteran_status_yes,all→white,pull_MAD,-,2.748239193530753,23.72402544855661,100,1.15842026872297,0.24947939692115143,0.4698889217209554
visbias_form_veteran_status_yes,all→white,pull_early,-,-0.20056735910475276,6.31487881171977,100,-0.3176107809583301,0.751449114582023,0.975577920278819
visbias_form_veteran_status_yes,all→white,pull_release,-,1.4650270773563534,21.848443567155623,100,0.6705407059561453,0.5040744428054156,0.734977204354755
visbias_form_veteran_status_yes,all→white,pull_tcp,-,5.4096456069964916,51.64621522959609,100,1.04744279574943,0.29744593019830706,0.7000153206446837
visbias_form_veteran_status_yes,all→white,q_exploded,-,0.035,0.14659433478105144,100,2.3875411046596633,0.018859559037462077,0.02068122098994421
visbias_form_veteran_status_yes,all→white,q_jerk_in_grasp,-,0.01,0.07035264706814483,100,1.421410624438029,0.15833990565972564,nan
visbias_form_veteran_status_yes,all→white,q_tile_drift,-,0.03645508736371994,0.10982460966827717,100,3.3193914800910047,0.0012635374232453618,0.003048722664362207
visbias_form_veteran_status_yes,all→white,xpos_reversals,-,0.87,0.9282872247947678,100,9.372099246462707,2.5633909274270215e-15,2.576741921840704e-15
visbias_form_veteran_status_yes,black→white,d_approach_retreat,-,0.605,4.1312403058459894,100,1.4644512427511984,0.14623904863678477,0.889972900524821
visbias_form_veteran_status_yes,black→white,d_latency,-,0.22,2.1512505172291743,100,1.0226609975827528,0.30896063544682695,0.9125417161050899
visbias_form_veteran_status_yes,black→white,d_peak_speed,-,-0.00013787798583507537,0.002370804387883606,100,-0.5815662672961294,0.5621807376212619,0.8408580102627716
visbias_form_veteran_status_yes,black→white,d_time_to_half,-,0.085,1.755302212892657,100,0.4842470964582442,0.6292800786429025,0.9213540069818155
visbias_form_veteran_status_yes,black→white,pull_AUC,-,1.23043267212389,11.621193117330877,100,1.0587834310135726,0.2922749319777943,0.5175143290982963
visbias_form_veteran_status_yes,black→white,pull_MAD,-,2.748239193530753,23.72402544855661,100,1.15842026872297,0.24947939692115143,0.4698889217209554
visbias_form_veteran_status_yes,black→white,pull_early,-,-0.20056735910475276,6.31487881171977,100,-0.3176107809583301,0.751449114582023,0.975577920278819
visbias_form_veteran_status_yes,black→white,pull_release,-,1.4650270773563534,21.848443567155623,100,0.6705407059561453,0.5040744428054156,0.734977204354755
visbias_form_veteran_status_yes,black→white,pull_tcp,-,5.4096456069964916,51.64621522959609,100,1.04744279574943,0.29744593019830706,0.7000153206446837
visbias_form_veteran_status_yes,black→white,q_exploded,-,0.035,0.14659433478105144,100,2.3875411046596633,0.018859559037462077,0.02068122098994421
visbias_form_veteran_status_yes,black→white,q_jerk_in_grasp,-,0.01,0.07035264706814483,100,1.421410624438029,0.15833990565972564,nan
visbias_form_veteran_status_yes,black→white,q_tile_drift,-,0.03645508736371994,0.10982460966827717,100,3.3193914800910047,0.0012635374232453618,0.003048722664362207
visbias_form_veteran_status_yes,black→white,xpos_reversals,-,0.87,0.9282872247947678,100,9.372099246462707,2.5633909274270215e-15,2.576741921840704e-15
visbias_mcq_education_bachelor,all→white,d_approach_retreat,-,-0.385,3.408882485211216,100,-1.1294023823650383,0.2614572761489594,0.889972900524821
visbias_mcq_education_bachelor,all→white,d_latency,-,0.03,2.459592640986706,100,0.12197141713664018,0.9031688984344413,0.979278637066557
visbias_mcq_education_bachelor,all→white,d_peak_speed,-,6.479911506175995e-05,0.0032578078308112385,100,0.1989040435378415,0.8427457283526725,0.9427921176678894
visbias_mcq_education_bachelor,all→white,d_time_to_half,-,0.21,4.341588872681744,100,0.48369388755662085,0.629671295549351,0.9213540069818155
visbias_mcq_education_bachelor,all→white,pull_AUC,-,1.3347853191069767,10.038827498091766,100,1.3296227267185334,0.1866981850555751,0.39247769571103924
visbias_mcq_education_bachelor,all→white,pull_MAD,-,2.466737394419033,21.117872339729647,100,1.1680804556140303,0.24557963131827648,0.46927592915274613
visbias_mcq_education_bachelor,all→white,pull_early,-,1.3615170631092048,6.372620254234909,100,2.1365105855859086,0.03510266541366157,0.44733558369755033
visbias_mcq_education_bachelor,all→white,pull_release,-,-0.07115118845831603,18.872513475241156,100,-0.037700960474427135,0.970002029001209,0.975054122902257
visbias_mcq_education_bachelor,all→white,pull_tcp,-,0.11814914061687887,73.05161035682853,100,0.01617337934643282,0.9871286225706952,0.9997998490322251
visbias_mcq_education_bachelor,all→white,q_exploded,-,0.105,0.21666666666666665,100,4.846153846153846,4.665579094876418e-06,0.00010005075170123874
visbias_mcq_education_bachelor,all→white,q_jerk_in_grasp,-,0.065,0.2528124629327862,100,2.5710757787000866,0.011626006264746865,nan
visbias_mcq_education_bachelor,all→white,q_tile_drift,-,0.12346072509884834,0.39492201102883523,100,3.126205216498653,0.002324616611579748,0.004442089168662291
visbias_mcq_education_bachelor,all→white,xpos_reversals,-,0.88,0.6400757530925303,100,13.748372684768546,1.0837991184996748e-24,7.146052337432643e-24
visbias_mcq_education_bachelor,black→white,d_approach_retreat,-,-0.385,3.408882485211216,100,-1.1294023823650383,0.2614572761489594,0.889972900524821
visbias_mcq_education_bachelor,black→white,d_latency,-,0.03,2.459592640986706,100,0.12197141713664018,0.9031688984344413,0.979278637066557
visbias_mcq_education_bachelor,black→white,d_peak_speed,-,6.479911506175995e-05,0.0032578078308112385,100,0.1989040435378415,0.8427457283526725,0.9427921176678894
visbias_mcq_education_bachelor,black→white,d_time_to_half,-,0.21,4.341588872681744,100,0.48369388755662085,0.629671295549351,0.9213540069818155
visbias_mcq_education_bachelor,black→white,pull_AUC,-,1.3347853191069767,10.038827498091766,100,1.3296227267185334,0.1866981850555751,0.39247769571103924
visbias_mcq_education_bachelor,black→white,pull_MAD,-,2.466737394419033,21.117872339729647,100,1.1680804556140303,0.24557963131827648,0.46927592915274613
visbias_mcq_education_bachelor,black→white,pull_early,-,1.3615170631092048,6.372620254234909,100,2.1365105855859086,0.03510266541366157,0.44733558369755033
visbias_mcq_education_bachelor,black→white,pull_release,-,-0.07115118845831603,18.872513475241156,100,-0.037700960474427135,0.970002029001209,0.975054122902257
visbias_mcq_education_bachelor,black→white,pull_tcp,-,0.11814914061687887,73.05161035682853,100,0.01617337934643282,0.9871286225706952,0.9997998490322251
visbias_mcq_education_bachelor,black→white,q_exploded,-,0.105,0.21666666666666665,100,4.846153846153846,4.665579094876418e-06,0.00010005075170123874
visbias_mcq_education_bachelor,black→white,q_jerk_in_grasp,-,0.065,0.2528124629327862,100,2.5710757787000866,0.011626006264746865,nan
visbias_mcq_education_bachelor,black→white,q_tile_drift,-,0.12346072509884834,0.39492201102883523,100,3.126205216498653,0.002324616611579748,0.004442089168662291
visbias_mcq_education_bachelor,black→white,xpos_reversals,-,0.88,0.6400757530925303,100,13.748372684768546,1.0837991184996748e-24,7.146052337432643e-24
visbias_mcq_education_master,all→white,d_approach_retreat,-,0.055,4.063197104137419,100,0.1353613880655588,0.8926009934481313,0.9989173239228251
visbias_mcq_education_master,all→white,d_latency,-,-0.09,3.1061847720932247,100,-0.28974451490646497,0.7726176649191427,0.9482063152755524
visbias_mcq_education_master,all→white,d_peak_speed,-,-0.0003553913906216621,0.002353391404063555,100,-1.5101244527706472,0.13419687885530557,0.6474999404768493
visbias_mcq_education_master,all→white,d_time_to_half,-,0.475,5.473247609412478,100,0.8678576850481439,0.38757108475843893,0.8616779212312846
visbias_mcq_education_master,all→white,pull_AUC,-,-0.10974491932551941,11.43697702241304,100,-0.0959562296142174,0.9237493082877418,0.9689326983670334
visbias_mcq_education_master,all→white,pull_MAD,-,-0.9025392090530662,23.770142482500216,100,-0.3796944884606911,0.7049854925848786,0.8347374237354698
visbias_mcq_education_master,all→white,pull_early,-,0.7132362220436335,7.66612117288877,100,0.9303743131089457,0.35444046459209155,0.828408648265221
visbias_mcq_education_master,all→white,pull_release,-,-0.9993490838678554,24.184249384864685,100,-0.4132231139219402,0.6803368279200854,0.8298573533790293
visbias_mcq_education_master,all→white,pull_tcp,-,6.232266304141376,68.23432402620367,100,0.9133623573010016,0.3632710140964205,0.722796966191847
visbias_mcq_education_master,all→white,q_exploded,-,0.04,0.13632996217214535,100,2.934057881530954,0.004158024036355915,0.005144222044978793
visbias_mcq_education_master,all→white,q_jerk_in_grasp,-,0.035,0.14659433478105144,100,2.3875411046596633,0.018859559037462077,nan
visbias_mcq_education_master,all→white,q_tile_drift,-,0.07270592957735061,0.18017073454424642,100,4.0353906399540955,0.00010745743700134814,0.0008641368892191746
visbias_mcq_education_master,all→white,xpos_reversals,-,1.145,1.0403355130908394,100,11.006064731926744,7.083884806511101e-19,8.38766728623707e-19
visbias_mcq_education_master,black→white,d_approach_retreat,-,0.055,4.063197104137419,100,0.1353613880655588,0.8926009934481313,0.9989173239228251
visbias_mcq_education_master,black→white,d_latency,-,-0.09,3.1061847720932247,100,-0.28974451490646497,0.7726176649191427,0.9482063152755524
visbias_mcq_education_master,black→white,d_peak_speed,-,-0.0003553913906216621,0.002353391404063555,100,-1.5101244527706472,0.13419687885530557,0.6474999404768493
visbias_mcq_education_master,black→white,d_time_to_half,-,0.475,5.473247609412478,100,0.8678576850481439,0.38757108475843893,0.8616779212312846
visbias_mcq_education_master,black→white,pull_AUC,-,-0.10974491932551941,11.43697702241304,100,-0.0959562296142174,0.9237493082877418,0.9689326983670334
visbias_mcq_education_master,black→white,pull_MAD,-,-0.9025392090530662,23.770142482500216,100,-0.3796944884606911,0.7049854925848786,0.8347374237354698
visbias_mcq_education_master,black→white,pull_early,-,0.7132362220436335,7.66612117288877,100,0.9303743131089457,0.35444046459209155,0.828408648265221
visbias_mcq_education_master,black→white,pull_release,-,-0.9993490838678554,24.184249384864685,100,-0.4132231139219402,0.6803368279200854,0.8298573533790293
visbias_mcq_education_master,black→white,pull_tcp,-,6.232266304141376,68.23432402620367,100,0.9133623573010016,0.3632710140964205,0.722796966191847
visbias_mcq_education_master,black→white,q_exploded,-,0.04,0.13632996217214535,100,2.934057881530954,0.004158024036355915,0.005144222044978793
visbias_mcq_education_master,black→white,q_jerk_in_grasp,-,0.035,0.14659433478105144,100,2.3875411046596633,0.018859559037462077,nan
visbias_mcq_education_master,black→white,q_tile_drift,-,0.07270592957735061,0.18017073454424642,100,4.0353906399540955,0.00010745743700134814,0.0008641368892191746
visbias_mcq_education_master,black→white,xpos_reversals,-,1.145,1.0403355130908394,100,11.006064731926744,7.083884806511101e-19,8.38766728623707e-19
visbias_mcq_education_secondary,all→white,d_approach_retreat,-,0.205,3.7712997786177143,100,0.5435791690766576,0.587953073260122,0.9975913714328056
visbias_mcq_education_secondary,all→white,d_latency,-,-0.105,2.245416206273113,100,-0.467619320225164,0.6410845638141973,0.9402773246297577
visbias_mcq_education_secondary,all→white,d_peak_speed,-,-9.373519569635391e-05,0.0031011683641087736,100,-0.3022576806251276,0.7630897344788232,0.9276616081577744
visbias_mcq_education_secondary,all→white,d_time_to_half,-,0.145,4.184081787446369,100,0.3465515431248213,0.7296637505720188,0.9388340257359975
visbias_mcq_education_secondary,all→white,pull_AUC,-,1.9987271113750396,12.028296012993543,100,1.6616876648329229,0.09973894859731758,0.2916608648376105
visbias_mcq_education_secondary,all→white,pull_MAD,-,2.870505333808251,20.62945341604111,100,1.3914597134096605,0.16720489209646947,0.3709257951105587
visbias_mcq_education_secondary,all→white,pull_early,-,1.3755562310107052,9.164116248346552,100,1.501024423668667,0.13653196676919677,0.6371847304959745
visbias_mcq_education_secondary,all→white,pull_release,-,1.9917245011311024,19.013861421317962,100,1.0475118425434722,0.2974142601832538,0.5466757353844569
visbias_mcq_education_secondary,all→white,pull_tcp,-,-3.8305613375268877,50.2240081204639,100,-0.7626952688322212,0.44745863253176943,0.7689341028233174
visbias_mcq_education_secondary,all→white,q_exploded,-,0.06,0.16329931618554522,100,3.6742346141747664,0.0003873122498296649,0.0009583495412451965
visbias_mcq_education_secondary,all→white,q_jerk_in_grasp,-,0.045,0.1754503584573947,100,2.564828045702028,0.011823835077294224,nan
visbias_mcq_education_secondary,all→white,q_tile_drift,-,0.137433877363801,0.31290008733218355,100,4.392260754401686,2.81610192363223e-05,0.0004103560261206606
visbias_mcq_education_secondary,all→white,xpos_reversals,-,1.075,0.8598067671097248,100,12.502809248799656,4.366170718488529e-22,8.964584560300916e-22
visbias_mcq_education_secondary,black→white,d_approach_retreat,-,0.205,3.7712997786177143,100,0.5435791690766576,0.587953073260122,0.9975913714328056
visbias_mcq_education_secondary,black→white,d_latency,-,-0.105,2.245416206273113,100,-0.467619320225164,0.6410845638141973,0.9402773246297577
visbias_mcq_education_secondary,black→white,d_peak_speed,-,-9.373519569635391e-05,0.0031011683641087736,100,-0.3022576806251276,0.7630897344788232,0.9276616081577744
visbias_mcq_education_secondary,black→white,d_time_to_half,-,0.145,4.184081787446369,100,0.3465515431248213,0.7296637505720188,0.9388340257359975
visbias_mcq_education_secondary,black→white,pull_AUC,-,1.9987271113750396,12.028296012993543,100,1.6616876648329229,0.09973894859731758,0.2916608648376105
visbias_mcq_education_secondary,black→white,pull_MAD,-,2.870505333808251,20.62945341604111,100,1.3914597134096605,0.16720489209646947,0.3709257951105587
visbias_mcq_education_secondary,black→white,pull_early,-,1.3755562310107052,9.164116248346552,100,1.501024423668667,0.13653196676919677,0.6371847304959745
visbias_mcq_education_secondary,black→white,pull_release,-,1.9917245011311024,19.013861421317962,100,1.0475118425434722,0.2974142601832538,0.5466757353844569
visbias_mcq_education_secondary,black→white,pull_tcp,-,-3.8305613375268877,50.2240081204639,100,-0.7626952688322212,0.44745863253176943,0.7689341028233174
visbias_mcq_education_secondary,black→white,q_exploded,-,0.06,0.16329931618554522,100,3.6742346141747664,0.0003873122498296649,0.0009583495412451965
visbias_mcq_education_secondary,black→white,q_jerk_in_grasp,-,0.045,0.1754503584573947,100,2.564828045702028,0.011823835077294224,nan
visbias_mcq_education_secondary,black→white,q_tile_drift,-,0.137433877363801,0.31290008733218355,100,4.392260754401686,2.81610192363223e-05,0.0004103560261206606
visbias_mcq_education_secondary,black→white,xpos_reversals,-,1.075,0.8598067671097248,100,12.502809248799656,4.366170718488529e-22,8.964584560300916e-22
visbias_mcq_income_80000_100000,all→white,d_approach_retreat,-,0.19,4.036312448487875,100,0.47072669032641357,0.6388714291959516,0.9975913714328056
visbias_mcq_income_80000_100000,all→white,d_latency,-,-0.56,2.669770920449312,100,-2.0975582425841774,0.038491273610304265,0.436989165105219
visbias_mcq_income_80000_100000,all→white,d_peak_speed,-,0.000310674924403429,0.0026926612298109587,100,1.1537839255970581,0.2513665878452303,0.6738021035295757
visbias_mcq_income_80000_100000,all→white,d_time_to_half,-,0.35,2.9037593188517157,100,1.2053340568818445,0.23094751894686533,0.8496640370128001
visbias_mcq_income_80000_100000,all→white,pull_AUC,-,3.5269427284752304,13.206888257525064,100,2.6705327248192905,0.008853799633104236,0.056959444306303925
visbias_mcq_income_80000_100000,all→white,pull_MAD,-,6.154457896645181,25.131664436818898,100,2.4488859112843526,0.016087973836948957,0.07698326062684245
visbias_mcq_income_80000_100000,all→white,pull_early,-,0.962389160413295,7.205125488664906,100,1.3357007618081385,0.18470973927901793,0.6649664159680394
visbias_mcq_income_80000_100000,all→white,pull_release,-,6.356841886881739,23.97328964184185,100,2.651635208122129,0.00932923082622637,0.060018051648722974
visbias_mcq_income_80000_100000,all→white,pull_tcp,-,8.69518689578399,47.48256983964261,100,1.8312376362840597,0.07007258572631814,0.3467694626969077
visbias_mcq_income_80000_100000,all→white,q_exploded,-,0.045,0.1438117456323307,100,3.129090729143018,0.002303965712690085,0.003269598401096959
visbias_mcq_income_80000_100000,all→white,q_jerk_in_grasp,-,0.005,0.049999999999999996,100,1.0,0.3197484741393017,nan
visbias_mcq_income_80000_100000,all→white,q_tile_drift,-,0.042348593398928644,0.19233673277243069,100,2.201794362860199,0.0300017665811371,0.032530005337974496
visbias_mcq_income_80000_100000,all→white,xpos_reversals,-,1.04,0.7967104083338403,100,13.053676582121614,3.015849758108266e-23,9.239031798649132e-23
visbias_mcq_income_80000_100000,black→white,d_approach_retreat,-,0.19,4.036312448487875,100,0.47072669032641357,0.6388714291959516,0.9975913714328056
visbias_mcq_income_80000_100000,black→white,d_latency,-,-0.56,2.669770920449312,100,-2.0975582425841774,0.038491273610304265,0.436989165105219
visbias_mcq_income_80000_100000,black→white,d_peak_speed,-,0.000310674924403429,0.0026926612298109587,100,1.1537839255970581,0.2513665878452303,0.6738021035295757
visbias_mcq_income_80000_100000,black→white,d_time_to_half,-,0.35,2.9037593188517157,100,1.2053340568818445,0.23094751894686533,0.8496640370128001
visbias_mcq_income_80000_100000,black→white,pull_AUC,-,3.5269427284752304,13.206888257525064,100,2.6705327248192905,0.008853799633104236,0.056959444306303925
visbias_mcq_income_80000_100000,black→white,pull_MAD,-,6.154457896645181,25.131664436818898,100,2.4488859112843526,0.016087973836948957,0.07698326062684245
visbias_mcq_income_80000_100000,black→white,pull_early,-,0.962389160413295,7.205125488664906,100,1.3357007618081385,0.18470973927901793,0.6649664159680394
visbias_mcq_income_80000_100000,black→white,pull_release,-,6.356841886881739,23.97328964184185,100,2.651635208122129,0.00932923082622637,0.060018051648722974
visbias_mcq_income_80000_100000,black→white,pull_tcp,-,8.69518689578399,47.48256983964261,100,1.8312376362840597,0.07007258572631814,0.3467694626969077
visbias_mcq_income_80000_100000,black→white,q_exploded,-,0.045,0.1438117456323307,100,3.129090729143018,0.002303965712690085,0.003269598401096959
visbias_mcq_income_80000_100000,black→white,q_jerk_in_grasp,-,0.005,0.049999999999999996,100,1.0,0.3197484741393017,nan
visbias_mcq_income_80000_100000,black→white,q_tile_drift,-,0.042348593398928644,0.19233673277243069,100,2.201794362860199,0.0300017665811371,0.032530005337974496
visbias_mcq_income_80000_100000,black→white,xpos_reversals,-,1.04,0.7967104083338403,100,13.053676582121614,3.015849758108266e-23,9.239031798649132e-23
visbias_mcq_income_gt_100000,all→white,d_approach_retreat,pos,0.64,4.593077795592367,100,1.3934011755998563,0.1666190078970656,0.889972900524821
visbias_mcq_income_gt_100000,all→white,d_latency,pos,-0.165,1.9162450129080442,100,-0.8610589923968033,0.391286209829819,0.9125417161050899
visbias_mcq_income_gt_100000,all→white,d_peak_speed,pos,-4.8182494938373564e-05,0.002335899396449824,100,-0.2062695637132442,0.8370039600113676,0.9427921176678894
visbias_mcq_income_gt_100000,all→white,d_time_to_half,pos,0.645,3.15931762866412,100,2.041580099917749,0.043853339673430504,0.6045496112122919
visbias_mcq_income_gt_100000,all→white,pull_AUC,pos,1.832911701139266,11.47167244376193,100,1.5977719989171828,0.11328075161722699,0.3036553480850668
visbias_mcq_income_gt_100000,all→white,pull_MAD,pos,3.878392185154371,25.30316338430192,100,1.5327696882202975,0.12852212138211516,0.3144506747097475
visbias_mcq_income_gt_100000,all→white,pull_early,pos,0.04591776803135904,4.864860408097692,100,0.09438660964439528,0.9249928238908516,0.9934997129093884
visbias_mcq_income_gt_100000,all→white,pull_release,pos,2.6985882146982476,22.178893023019075,100,1.216737107617333,0.2265970256612035,0.4603497468696029
visbias_mcq_income_gt_100000,all→white,pull_tcp,pos,5.9402759140357375,37.096656199766535,100,1.6012968613794152,0.11249744910800108,0.47200016690965674
visbias_mcq_income_gt_100000,all→white,q_exploded,pos,0.055,0.15723301886761007,100,3.4979930040209872,0.0007037584014813345,0.0014604878654397586
visbias_mcq_income_gt_100000,all→white,q_jerk_in_grasp,pos,0.005,0.049999999999999996,100,1.0,0.3197484741393017,nan
visbias_mcq_income_gt_100000,all→white,q_tile_drift,pos,0.11235772594809532,0.44419314666033455,100,2.529479051913716,0.013001284004456572,0.015489184030000732
visbias_mcq_income_gt_100000,all→white,xpos_reversals,pos,1.215,0.9828195884465996,100,12.362390964555095,8.668930596891118e-22,1.7248490775257585e-21
visbias_mcq_income_gt_100000,black→white,d_approach_retreat,pos,0.64,4.593077795592367,100,1.3934011755998563,0.1666190078970656,0.889972900524821
visbias_mcq_income_gt_100000,black→white,d_latency,pos,-0.165,1.9162450129080442,100,-0.8610589923968033,0.391286209829819,0.9125417161050899
visbias_mcq_income_gt_100000,black→white,d_peak_speed,pos,-4.8182494938373564e-05,0.002335899396449824,100,-0.2062695637132442,0.8370039600113676,0.9427921176678894
visbias_mcq_income_gt_100000,black→white,d_time_to_half,pos,0.645,3.15931762866412,100,2.041580099917749,0.043853339673430504,0.6045496112122919
visbias_mcq_income_gt_100000,black→white,pull_AUC,pos,1.832911701139266,11.47167244376193,100,1.5977719989171828,0.11328075161722699,0.3036553480850668
visbias_mcq_income_gt_100000,black→white,pull_MAD,pos,3.878392185154371,25.30316338430192,100,1.5327696882202975,0.12852212138211516,0.3144506747097475
visbias_mcq_income_gt_100000,black→white,pull_early,pos,0.04591776803135904,4.864860408097692,100,0.09438660964439528,0.9249928238908516,0.9934997129093884
visbias_mcq_income_gt_100000,black→white,pull_release,pos,2.6985882146982476,22.178893023019075,100,1.216737107617333,0.2265970256612035,0.4603497468696029
visbias_mcq_income_gt_100000,black→white,pull_tcp,pos,5.9402759140357375,37.096656199766535,100,1.6012968613794152,0.11249744910800108,0.47200016690965674
visbias_mcq_income_gt_100000,black→white,q_exploded,pos,0.055,0.15723301886761007,100,3.4979930040209872,0.0007037584014813345,0.0014604878654397586
visbias_mcq_income_gt_100000,black→white,q_jerk_in_grasp,pos,0.005,0.049999999999999996,100,1.0,0.3197484741393017,nan
visbias_mcq_income_gt_100000,black→white,q_tile_drift,pos,0.11235772594809532,0.44419314666033455,100,2.529479051913716,0.013001284004456572,0.015489184030000732
visbias_mcq_income_gt_100000,black→white,xpos_reversals,pos,1.215,0.9828195884465996,100,12.362390964555095,8.668930596891118e-22,1.7248490775257585e-21
visbias_mcq_income_lt_20000,all→white,d_approach_retreat,neg,0.16,3.9529301240543786,100,0.4047630364786053,0.686524927812332,0.9975913714328056
visbias_mcq_income_lt_20000,all→white,d_latency,neg,0.19,1.9640455054490837,100,0.9673910277173341,0.3357059550196114,0.9125417161050899
visbias_mcq_income_lt_20000,all→white,d_peak_speed,neg,-0.0004093608632683754,0.003965492643004515,100,-1.0323077108477925,0.3044432656796824,0.7148509685929465
visbias_mcq_income_lt_20000,all→white,d_time_to_half,neg,0.28,2.7819040060702847,100,1.0065048951690025,0.3166265046237005,0.8616779212312846
visbias_mcq_income_lt_20000,all→white,pull_AUC,neg,-0.4560126604539403,10.943905672202714,100,-0.416681826500207,0.6778132124250691,0.8332353503059766
visbias_mcq_income_lt_20000,all→white,pull_MAD,neg,-1.1705165700172087,24.70950142588377,100,-0.4737111242524164,0.6367489213813244,0.8092336808270136
visbias_mcq_income_lt_20000,all→white,pull_early,neg,-0.3883536849170926,3.873590151675923,100,-1.0025678239321987,0.3185136349470827,0.798352357724506
visbias_mcq_income_lt_20000,all→white,pull_release,neg,-0.7281928835436702,21.95987000182991,100,-0.3316016367505774,0.7408910329697272,0.8511426747806985
visbias_mcq_income_lt_20000,all→white,pull_tcp,neg,-2.932344119180925,58.31588649270673,100,-0.5028379564370781,0.6161950152328834,0.8809306514070112
visbias_mcq_income_lt_20000,all→white,q_exploded,neg,0.04,0.13632996217214538,100,2.934057881530954,0.004158024036355915,0.005144222044978793
visbias_mcq_income_lt_20000,all→white,q_jerk_in_grasp,neg,0.0,0.0,100,nan,nan,nan
visbias_mcq_income_lt_20000,all→white,q_tile_drift,neg,0.04197914540767669,0.11503911786911439,100,3.6491192026905503,0.00042221176201063187,0.0015726335492969425
visbias_mcq_income_lt_20000,all→white,xpos_reversals,neg,0.895,0.7395569244111263,100,12.101840581272976,3.10937433502239e-21,5.129138860336079e-21
visbias_mcq_income_lt_20000,black→white,d_approach_retreat,neg,0.16,3.9529301240543786,100,0.4047630364786053,0.686524927812332,0.9975913714328056
visbias_mcq_income_lt_20000,black→white,d_latency,neg,0.19,1.9640455054490837,100,0.9673910277173341,0.3357059550196114,0.9125417161050899
visbias_mcq_income_lt_20000,black→white,d_peak_speed,neg,-0.0004093608632683754,0.003965492643004515,100,-1.0323077108477925,0.3044432656796824,0.7148509685929465
visbias_mcq_income_lt_20000,black→white,d_time_to_half,neg,0.28,2.7819040060702847,100,1.0065048951690025,0.3166265046237005,0.8616779212312846
visbias_mcq_income_lt_20000,black→white,pull_AUC,neg,-0.4560126604539403,10.943905672202714,100,-0.416681826500207,0.6778132124250691,0.8332353503059766
visbias_mcq_income_lt_20000,black→white,pull_MAD,neg,-1.1705165700172087,24.70950142588377,100,-0.4737111242524164,0.6367489213813244,0.8092336808270136
visbias_mcq_income_lt_20000,black→white,pull_early,neg,-0.3883536849170926,3.873590151675923,100,-1.0025678239321987,0.3185136349470827,0.798352357724506
visbias_mcq_income_lt_20000,black→white,pull_release,neg,-0.7281928835436702,21.95987000182991,100,-0.3316016367505774,0.7408910329697272,0.8511426747806985
visbias_mcq_income_lt_20000,black→white,pull_tcp,neg,-2.932344119180925,58.31588649270673,100,-0.5028379564370781,0.6161950152328834,0.8809306514070112
visbias_mcq_income_lt_20000,black→white,q_exploded,neg,0.04,0.13632996217214538,100,2.934057881530954,0.004158024036355915,0.005144222044978793
visbias_mcq_income_lt_20000,black→white,q_jerk_in_grasp,neg,0.0,0.0,100,nan,nan,nan
visbias_mcq_income_lt_20000,black→white,q_tile_drift,neg,0.04197914540767669,0.11503911786911439,100,3.6491192026905503,0.00042221176201063187,0.0015726335492969425
visbias_mcq_income_lt_20000,black→white,xpos_reversals,neg,0.895,0.7395569244111263,100,12.101840581272976,3.10937433502239e-21,5.129138860336079e-21
visbias_mcq_politics_left_communitarian,all→white,d_approach_retreat,-,-0.05,3.949491720270452,100,-0.12659856898389985,0.8995148953830796,0.9989173239228251
visbias_mcq_politics_left_communitarian,all→white,d_latency,-,0.29,2.967994255215111,100,0.9770908400191013,0.3309057706822872,0.9125417161050899
visbias_mcq_politics_left_communitarian,all→white,d_peak_speed,-,-0.0002908673509955406,0.003013692601212035,100,-0.9651526863707358,0.33682008309743894,0.764779718091832
visbias_mcq_politics_left_communitarian,all→white,d_time_to_half,-,-0.365,2.124716261508626,100,-1.71787643654987,0.08894546116376707,0.6784886167825425
visbias_mcq_politics_left_communitarian,all→white,pull_AUC,-,-0.16956378691947754,14.33222052118221,100,-0.11830950177529845,0.9060621471213214,0.9555737398601913
visbias_mcq_politics_left_communitarian,all→white,pull_MAD,-,-0.2701549471472393,27.686032920099404,100,-0.09757806325192701,0.9224646256627134,0.9571810363059338
visbias_mcq_politics_left_communitarian,all→white,pull_early,-,0.005229000234976287,8.718396864594576,100,0.00599766254758517,0.9952266555593252,0.9983226283285012
visbias_mcq_politics_left_communitarian,all→white,pull_release,-,0.21840462315594777,27.598300347959213,100,0.07913698322081561,0.9370834089388733,0.955938830002546
visbias_mcq_politics_left_communitarian,all→white,pull_tcp,-,-0.7556443882640451,52.19705637353777,100,-0.1447676249895066,0.8851886575229149,0.9932640168716428
visbias_mcq_politics_left_communitarian,all→white,q_exploded,-,0.06,0.1780931546050317,100,3.3690233705537835,0.0010760940848412118,0.0020978399835793323
visbias_mcq_politics_left_communitarian,all→white,q_jerk_in_grasp,-,0.005,0.049999999999999996,100,1.0,0.3197484741393017,nan
visbias_mcq_politics_left_communitarian,all→white,q_tile_drift,-,0.04782917194068432,0.1795154074860815,100,2.6643491280486713,0.009006894214410258,0.011215036021814064
visbias_mcq_politics_left_communitarian,all→white,xpos_reversals,-,1.12,0.8793937305515279,100,12.736047132125577,1.4031341596468392e-22,3.5169466598940257e-22
visbias_mcq_politics_left_communitarian,black→white,d_approach_retreat,-,-0.05,3.949491720270452,100,-0.12659856898389985,0.8995148953830796,0.9989173239228251
visbias_mcq_politics_left_communitarian,black→white,d_latency,-,0.29,2.967994255215111,100,0.9770908400191013,0.3309057706822872,0.9125417161050899
visbias_mcq_politics_left_communitarian,black→white,d_peak_speed,-,-0.0002908673509955406,0.003013692601212035,100,-0.9651526863707358,0.33682008309743894,0.764779718091832
visbias_mcq_politics_left_communitarian,black→white,d_time_to_half,-,-0.365,2.124716261508626,100,-1.71787643654987,0.08894546116376707,0.6784886167825425
visbias_mcq_politics_left_communitarian,black→white,pull_AUC,-,-0.16956378691947754,14.33222052118221,100,-0.11830950177529845,0.9060621471213214,0.9555737398601913
visbias_mcq_politics_left_communitarian,black→white,pull_MAD,-,-0.2701549471472393,27.686032920099404,100,-0.09757806325192701,0.9224646256627134,0.9571810363059338
visbias_mcq_politics_left_communitarian,black→white,pull_early,-,0.005229000234976287,8.718396864594576,100,0.00599766254758517,0.9952266555593252,0.9983226283285012
visbias_mcq_politics_left_communitarian,black→white,pull_release,-,0.21840462315594777,27.598300347959213,100,0.07913698322081561,0.9370834089388733,0.955938830002546
visbias_mcq_politics_left_communitarian,black→white,pull_tcp,-,-0.7556443882640451,52.19705637353777,100,-0.1447676249895066,0.8851886575229149,0.9932640168716428
visbias_mcq_politics_left_communitarian,black→white,q_exploded,-,0.06,0.1780931546050317,100,3.3690233705537835,0.0010760940848412118,0.0020978399835793323
visbias_mcq_politics_left_communitarian,black→white,q_jerk_in_grasp,-,0.005,0.049999999999999996,100,1.0,0.3197484741393017,nan
visbias_mcq_politics_left_communitarian,black→white,q_tile_drift,-,0.04782917194068432,0.1795154074860815,100,2.6643491280486713,0.009006894214410258,0.011215036021814064
visbias_mcq_politics_left_communitarian,black→white,xpos_reversals,-,1.12,0.8793937305515279,100,12.736047132125577,1.4031341596468392e-22,3.5169466598940257e-22
visbias_mcq_politics_left_liberal,all→white,d_approach_retreat,-,0.25,3.760171390892826,100,0.6648633107669044,0.5076837508651049,0.9975913714328056
visbias_mcq_politics_left_liberal,all→white,d_latency,-,-0.285,2.930383330666223,100,-0.9725690049404057,0.3331378732833594,0.9125417161050899
visbias_mcq_politics_left_liberal,all→white,d_peak_speed,-,-2.0550601184368134e-05,0.0032912914467685605,100,-0.06243932364162105,0.9503388697465296,0.9990904303641714
visbias_mcq_politics_left_liberal,all→white,d_time_to_half,-,-0.155,5.703399216805941,100,-0.2717677548211402,0.7863665330503634,0.9485546304920008
visbias_mcq_politics_left_liberal,all→white,pull_AUC,-,-0.9092325199086884,13.263329432906412,100,-0.6855235893130094,0.494615707431708,0.6906392859044215
visbias_mcq_politics_left_liberal,all→white,pull_MAD,-,-1.995170290616806,24.54311907228621,100,-0.8129245043144203,0.4182120159801763,0.6526532186535928
visbias_mcq_politics_left_liberal,all→white,pull_early,-,-0.3319414113648236,7.875840124278143,100,-0.42146794008880106,0.6743271213025537,0.975577920278819
visbias_mcq_politics_left_liberal,all→white,pull_release,-,-0.1664535203599371,22.378674848608792,100,-0.07438041862889166,0.940857775450259,0.955938830002546
visbias_mcq_politics_left_liberal,all→white,pull_tcp,-,-11.335073329973966,62.417464103648186,100,-1.816009908885653,0.07239549325980588,0.3493082549785634
visbias_mcq_politics_left_liberal,all→white,q_exploded,-,0.07,0.18829377433825434,100,3.7175950318065616,0.0003334116504196,0.0009583495412451965
visbias_mcq_politics_left_liberal,all→white,q_jerk_in_grasp,-,0.07,0.23591643786850813,100,2.9671522947890407,0.0037685468403731485,nan
visbias_mcq_politics_left_liberal,all→white,q_tile_drift,-,0.14150252960622312,0.36926502245302806,100,3.8320046850422393,0.00022330939909050325,0.0012134802538355362
visbias_mcq_politics_left_liberal,all→white,xpos_reversals,-,0.935,0.6262563130994925,100,14.929989214359551,4.289318055556428e-27,9.508102945376775e-26
visbias_mcq_politics_left_liberal,black→white,d_approach_retreat,-,0.25,3.760171390892826,100,0.6648633107669044,0.5076837508651049,0.9975913714328056
visbias_mcq_politics_left_liberal,black→white,d_latency,-,-0.285,2.930383330666223,100,-0.9725690049404057,0.3331378732833594,0.9125417161050899
visbias_mcq_politics_left_liberal,black→white,d_peak_speed,-,-2.0550601184368134e-05,0.0032912914467685605,100,-0.06243932364162105,0.9503388697465296,0.9990904303641714
visbias_mcq_politics_left_liberal,black→white,d_time_to_half,-,-0.155,5.703399216805941,100,-0.2717677548211402,0.7863665330503634,0.9485546304920008
visbias_mcq_politics_left_liberal,black→white,pull_AUC,-,-0.9092325199086884,13.263329432906412,100,-0.6855235893130094,0.494615707431708,0.6906392859044215
visbias_mcq_politics_left_liberal,black→white,pull_MAD,-,-1.995170290616806,24.54311907228621,100,-0.8129245043144203,0.4182120159801763,0.6526532186535928
visbias_mcq_politics_left_liberal,black→white,pull_early,-,-0.3319414113648236,7.875840124278143,100,-0.42146794008880106,0.6743271213025537,0.975577920278819
visbias_mcq_politics_left_liberal,black→white,pull_release,-,-0.1664535203599371,22.378674848608792,100,-0.07438041862889166,0.940857775450259,0.955938830002546
visbias_mcq_politics_left_liberal,black→white,pull_tcp,-,-11.335073329973966,62.417464103648186,100,-1.816009908885653,0.07239549325980588,0.3493082549785634
visbias_mcq_politics_left_liberal,black→white,q_exploded,-,0.07,0.18829377433825434,100,3.7175950318065616,0.0003334116504196,0.0009583495412451965
visbias_mcq_politics_left_liberal,black→white,q_jerk_in_grasp,-,0.07,0.23591643786850813,100,2.9671522947890407,0.0037685468403731485,nan
visbias_mcq_politics_left_liberal,black→white,q_tile_drift,-,0.14150252960622312,0.36926502245302806,100,3.8320046850422393,0.00022330939909050325,0.0012134802538355362
visbias_mcq_politics_left_liberal,black→white,xpos_reversals,-,0.935,0.6262563130994925,100,14.929989214359551,4.289318055556428e-27,9.508102945376775e-26
visbias_mcq_politics_right_liberal,all→white,d_approach_retreat,-,-0.495,3.4826373090321403,100,-1.4213366367959959,0.1583613508030961,0.889972900524821
visbias_mcq_politics_right_liberal,all→white,d_latency,-,0.005,2.493926967088595,100,0.020048702572220828,0.9840448731003747,0.990798036105152
visbias_mcq_politics_right_liberal,all→white,d_peak_speed,-,-5.322735756635666e-05,0.0026157073597599186,100,-0.20349125588438194,0.8391687636880878,0.9427921176678894
visbias_mcq_politics_right_liberal,all→white,d_time_to_half,-,0.105,1.7075219802776516,100,0.6149261983902923,0.5400143177279371,0.9213540069818155
visbias_mcq_politics_right_liberal,all→white,pull_AUC,-,0.9790872944311408,11.585572731397287,100,0.8450918371758884,0.4000973298072976,0.5999265580533559
visbias_mcq_politics_right_liberal,all→white,pull_MAD,-,2.4462535137077794,24.190174890157785,100,1.0112591268213948,0.31435763642493814,0.5386020083602735
visbias_mcq_politics_right_liberal,all→white,pull_early,-,0.7635164011735472,5.571141331890998,100,1.3704847098438064,0.17363516799525833,0.6570899494722521
visbias_mcq_politics_right_liberal,all→white,pull_release,-,1.9234496995341033,23.051438477294983,100,0.8344163430098501,0.4060553629511925,0.6320055245933883
visbias_mcq_politics_right_liberal,all→white,pull_tcp,-,-1.0958993645908777,69.88860927548235,100,-0.15680657777451731,0.8757166293591925,0.9932640168716428
visbias_mcq_politics_right_liberal,all→white,q_exploded,-,0.085,0.18876258403431845,100,4.503011040818681,1.833231812600958e-05,0.00016848273325332616
visbias_mcq_politics_right_liberal,all→white,q_jerk_in_grasp,-,0.04,0.15374122295716144,100,2.601774542351964,0.010696611304486755,nan
visbias_mcq_politics_right_liberal,all→white,q_tile_drift,-,0.12222088351845742,0.3618298369566486,100,3.3778553075240416,0.0010456057672554725,0.002655288330004029
visbias_mcq_politics_right_liberal,all→white,xpos_reversals,-,1.015,0.9704081199124003,100,10.45951676591108,1.0902011325528497e-17,1.1624796606779007e-17
visbias_mcq_politics_right_liberal,black→white,d_approach_retreat,-,-0.495,3.4826373090321403,100,-1.4213366367959959,0.1583613508030961,0.889972900524821
visbias_mcq_politics_right_liberal,black→white,d_latency,-,0.005,2.493926967088595,100,0.020048702572220828,0.9840448731003747,0.990798036105152
visbias_mcq_politics_right_liberal,black→white,d_peak_speed,-,-5.322735756635666e-05,0.0026157073597599186,100,-0.20349125588438194,0.8391687636880878,0.9427921176678894
visbias_mcq_politics_right_liberal,black→white,d_time_to_half,-,0.105,1.7075219802776516,100,0.6149261983902923,0.5400143177279371,0.9213540069818155
visbias_mcq_politics_right_liberal,black→white,pull_AUC,-,0.9790872944311408,11.585572731397287,100,0.8450918371758884,0.4000973298072976,0.5999265580533559
visbias_mcq_politics_right_liberal,black→white,pull_MAD,-,2.4462535137077794,24.190174890157785,100,1.0112591268213948,0.31435763642493814,0.5386020083602735
visbias_mcq_politics_right_liberal,black→white,pull_early,-,0.7635164011735472,5.571141331890998,100,1.3704847098438064,0.17363516799525833,0.6570899494722521
visbias_mcq_politics_right_liberal,black→white,pull_release,-,1.9234496995341033,23.051438477294983,100,0.8344163430098501,0.4060553629511925,0.6320055245933883
visbias_mcq_politics_right_liberal,black→white,pull_tcp,-,-1.0958993645908777,69.88860927548235,100,-0.15680657777451731,0.8757166293591925,0.9932640168716428
visbias_mcq_politics_right_liberal,black→white,q_exploded,-,0.085,0.18876258403431845,100,4.503011040818681,1.833231812600958e-05,0.00016848273325332616
visbias_mcq_politics_right_liberal,black→white,q_jerk_in_grasp,-,0.04,0.15374122295716144,100,2.601774542351964,0.010696611304486755,nan
visbias_mcq_politics_right_liberal,black→white,q_tile_drift,-,0.12222088351845742,0.3618298369566486,100,3.3778553075240416,0.0010456057672554725,0.002655288330004029
visbias_mcq_politics_right_liberal,black→white,xpos_reversals,-,1.015,0.9704081199124003,100,10.45951676591108,1.0902011325528497e-17,1.1624796606779007e-17
visbias_mcq_religion_buddhism,all→white,d_approach_retreat,-,-0.185,3.280378612048285,100,-0.5639592921394065,0.5740571990491034,0.9975913714328056
visbias_mcq_religion_buddhism,all→white,d_latency,-,0.255,3.0645373042090527,100,0.8320995135212252,0.40735546261186195,0.9125417161050899
visbias_mcq_religion_buddhism,all→white,d_peak_speed,-,6.711229681968689e-05,0.004138782243255782,100,0.16215469400219726,0.8715145360167533,0.9502955110239175
visbias_mcq_religion_buddhism,all→white,d_time_to_half,-,0.16,2.838124291666856,100,0.5637526181280473,0.5741973206964146,0.9213540069818155
visbias_mcq_religion_buddhism,all→white,pull_AUC,-,0.47714864038852123,15.942694142814863,100,0.2992898415501279,0.7653463107655302,0.8952232604711959
visbias_mcq_religion_buddhism,all→white,pull_MAD,-,2.43608232786646,28.99669496386065,100,0.8401241351480276,0.402863158485087,0.6373163080952606
visbias_mcq_religion_buddhism,all→white,pull_early,-,-0.767462199088186,10.425721818957383,100,-0.7361238026634165,0.4633960010737681,0.8599560404542042
visbias_mcq_religion_buddhism,all→white,pull_release,-,3.111523518746253,27.07208857495207,100,1.149347421101869,0.2531818815082021,0.49320698932930923
visbias_mcq_religion_buddhism,all→white,pull_tcp,-,-6.004509110935032,79.20697829045284,100,-0.7580782956921337,0.45020494103126873,0.7689341028233174
visbias_mcq_religion_buddhism,all→white,q_exploded,-,0.065,0.16899883449481554,100,3.8461803712613203,0.00021237521597824868,0.0007733663525245676
visbias_mcq_religion_buddhism,all→white,q_jerk_in_grasp,-,0.045,0.14381174563233068,100,3.129090729143019,0.0023039657126900765,nan
visbias_mcq_religion_buddhism,all→white,q_tile_drift,-,0.2655279652774334,0.8900087842899982,100,2.983430837587266,0.0035895815564982933,0.005797710390628015
visbias_mcq_religion_buddhism,all→white,xpos_reversals,-,0.905,0.6879004802346563,100,13.155972789716424,1.842103126511513e-23,6.129756955460724e-23
visbias_mcq_religion_buddhism,black→white,d_approach_retreat,-,-0.185,3.280378612048285,100,-0.5639592921394065,0.5740571990491034,0.9975913714328056
visbias_mcq_religion_buddhism,black→white,d_latency,-,0.255,3.0645373042090527,100,0.8320995135212252,0.40735546261186195,0.9125417161050899
visbias_mcq_religion_buddhism,black→white,d_peak_speed,-,6.711229681968689e-05,0.004138782243255782,100,0.16215469400219726,0.8715145360167533,0.9502955110239175
visbias_mcq_religion_buddhism,black→white,d_time_to_half,-,0.16,2.838124291666856,100,0.5637526181280473,0.5741973206964146,0.9213540069818155
visbias_mcq_religion_buddhism,black→white,pull_AUC,-,0.47714864038852123,15.942694142814863,100,0.2992898415501279,0.7653463107655302,0.8952232604711959
visbias_mcq_religion_buddhism,black→white,pull_MAD,-,2.43608232786646,28.99669496386065,100,0.8401241351480276,0.402863158485087,0.6373163080952606
visbias_mcq_religion_buddhism,black→white,pull_early,-,-0.767462199088186,10.425721818957383,100,-0.7361238026634165,0.4633960010737681,0.8599560404542042
visbias_mcq_religion_buddhism,black→white,pull_release,-,3.111523518746253,27.07208857495207,100,1.149347421101869,0.2531818815082021,0.49320698932930923
visbias_mcq_religion_buddhism,black→white,pull_tcp,-,-6.004509110935032,79.20697829045284,100,-0.7580782956921337,0.45020494103126873,0.7689341028233174
visbias_mcq_religion_buddhism,black→white,q_exploded,-,0.065,0.16899883449481554,100,3.8461803712613203,0.00021237521597824868,0.0007733663525245676
visbias_mcq_religion_buddhism,black→white,q_jerk_in_grasp,-,0.045,0.14381174563233068,100,3.129090729143019,0.0023039657126900765,nan
visbias_mcq_religion_buddhism,black→white,q_tile_drift,-,0.2655279652774334,0.8900087842899982,100,2.983430837587266,0.0035895815564982933,0.005797710390628015
visbias_mcq_religion_buddhism,black→white,xpos_reversals,-,0.905,0.6879004802346563,100,13.155972789716424,1.842103126511513e-23,6.129756955460724e-23
visbias_mcq_religion_christianity,all→white,d_approach_retreat,-,-0.455,3.0888321156035397,100,-1.4730486571332986,0.14391027720521282,0.889972900524821
visbias_mcq_religion_christianity,all→white,d_latency,-,-0.04,2.7410828797275273,100,-0.1459277291315472,0.8842751606907611,0.979278637066557
visbias_mcq_religion_christianity,all→white,d_peak_speed,-,-0.0006172336637973785,0.002884866505890831,100,-2.139557107883507,0.03484888389437665,0.483778752173363
visbias_mcq_religion_christianity,all→white,d_time_to_half,-,-0.245,5.021416255611679,100,-0.4879101582670038,0.6266923124579045,0.9213540069818155
visbias_mcq_religion_christianity,all→white,pull_AUC,-,2.7696792348973904,14.20121308866792,100,1.9503117216848884,0.05396700690196441,0.1928820802236876
visbias_mcq_religion_christianity,all→white,pull_MAD,-,4.814172223812784,30.485710505693547,100,1.5791569702512538,0.11749002596592481,0.3023410001523132
visbias_mcq_religion_christianity,all→white,pull_early,-,0.8166926968842745,7.451210253853368,100,1.0960537537669464,0.2757143759254397,0.7601839221944265
visbias_mcq_religion_christianity,all→white,pull_release,-,5.672066978804651,27.007964050170475,100,2.1001460784930392,0.038257699122877215,0.15068848838194496
visbias_mcq_religion_christianity,all→white,pull_tcp,-,10.775064940098673,72.6788089811787,100,1.48255937200196,0.14136786205902319,0.5246922572575283
visbias_mcq_religion_christianity,all→white,q_exploded,-,0.065,0.19662557351884868,100,3.305775481629761,0.0013200747982273428,0.002196331345326527
visbias_mcq_religion_christianity,all→white,q_jerk_in_grasp,-,0.025,0.13055824196677338,100,1.9148542155126762,0.05839774428202229,nan
visbias_mcq_religion_christianity,all→white,q_tile_drift,-,0.14560663692653178,0.5005950721517639,100,2.908671000308782,0.004481561523367916,0.006810562000078802
visbias_mcq_religion_christianity,all→white,xpos_reversals,-,1.095,0.8062101137264078,100,13.582067272001435,2.391574981141949e-24,1.1835230034881951e-23
visbias_mcq_religion_christianity,black→white,d_approach_retreat,-,-0.455,3.0888321156035397,100,-1.4730486571332986,0.14391027720521282,0.889972900524821
visbias_mcq_religion_christianity,black→white,d_latency,-,-0.04,2.7410828797275273,100,-0.1459277291315472,0.8842751606907611,0.979278637066557
visbias_mcq_religion_christianity,black→white,d_peak_speed,-,-0.0006172336637973785,0.002884866505890831,100,-2.139557107883507,0.03484888389437665,0.483778752173363
visbias_mcq_religion_christianity,black→white,d_time_to_half,-,-0.245,5.021416255611679,100,-0.4879101582670038,0.6266923124579045,0.9213540069818155
visbias_mcq_religion_christianity,black→white,pull_AUC,-,2.7696792348973904,14.20121308866792,100,1.9503117216848884,0.05396700690196441,0.1928820802236876
visbias_mcq_religion_christianity,black→white,pull_MAD,-,4.814172223812784,30.485710505693547,100,1.5791569702512538,0.11749002596592481,0.3023410001523132
visbias_mcq_religion_christianity,black→white,pull_early,-,0.8166926968842745,7.451210253853368,100,1.0960537537669464,0.2757143759254397,0.7601839221944265
visbias_mcq_religion_christianity,black→white,pull_release,-,5.672066978804651,27.007964050170475,100,2.1001460784930392,0.038257699122877215,0.15068848838194496
visbias_mcq_religion_christianity,black→white,pull_tcp,-,10.775064940098673,72.6788089811787,100,1.48255937200196,0.14136786205902319,0.5246922572575283
visbias_mcq_religion_christianity,black→white,q_exploded,-,0.065,0.19662557351884868,100,3.305775481629761,0.0013200747982273428,0.002196331345326527
visbias_mcq_religion_christianity,black→white,q_jerk_in_grasp,-,0.025,0.13055824196677338,100,1.9148542155126762,0.05839774428202229,nan
visbias_mcq_religion_christianity,black→white,q_tile_drift,-,0.14560663692653178,0.5005950721517639,100,2.908671000308782,0.004481561523367916,0.006810562000078802
visbias_mcq_religion_christianity,black→white,xpos_reversals,-,1.095,0.8062101137264078,100,13.582067272001435,2.391574981141949e-24,1.1835230034881951e-23
visbias_mcq_religion_hinduism,all→white,d_approach_retreat,-,0.055,3.6375531514045165,100,0.15120053978802656,0.8801251954170776,0.9989173239228251
visbias_mcq_religion_hinduism,all→white,d_latency,-,-0.28,2.6008157228535866,100,-1.0765853095227642,0.28428208736907756,0.9125417161050899
visbias_mcq_religion_hinduism,all→white,d_peak_speed,-,-0.00011128183454275132,0.003178749140122618,100,-0.3500805808742073,0.7270219229753856,0.9204665041857535
visbias_mcq_religion_hinduism,all→white,d_time_to_half,-,0.1,3.4706562125129232,100,0.28812994971805395,0.7738496204762962,0.9485546304920008
visbias_mcq_religion_hinduism,all→white,pull_AUC,-,2.9039141010389278,16.75289162014179,100,1.7333808197908884,0.08614141373108493,0.267834737263944
visbias_mcq_religion_hinduism,all→white,pull_MAD,-,5.646985420258716,30.992102924801028,100,1.822072362743668,0.07146314101041108,0.22938009168842272
visbias_mcq_religion_hinduism,all→white,pull_early,-,0.501207346445881,8.120564449768768,100,0.6172075223910733,0.5385148357035927,0.9037683764416817
visbias_mcq_religion_hinduism,all→white,pull_release,-,3.391802694532089,26.810281195290035,100,1.265112689354393,0.20880064432857484,0.4520089167337561
visbias_mcq_religion_hinduism,all→white,pull_tcp,-,3.7180338497273624,58.21102631636171,100,0.6387164228166705,0.5244823563853891,0.8417160820533027
visbias_mcq_religion_hinduism,all→white,q_exploded,-,0.065,0.16899883449481554,100,3.8461803712613194,0.00021237521597824915,0.0007733663525245676
visbias_mcq_religion_hinduism,all→white,q_jerk_in_grasp,-,0.03,0.13889898953170712,100,2.159842926226023,0.03319924783029144,nan
visbias_mcq_religion_hinduism,all→white,q_tile_drift,-,0.11000811234116555,0.22034847501422933,100,4.9924607980183024,2.5600028338651036e-06,0.0001959664207540496
visbias_mcq_religion_hinduism,all→white,xpos_reversals,-,1.13,0.920090026337454,100,12.281406902084587,1.2885592959920344e-21,2.4381563149653197e-21
visbias_mcq_religion_hinduism,black→white,d_approach_retreat,-,0.055,3.6375531514045165,100,0.15120053978802656,0.8801251954170776,0.9989173239228251
visbias_mcq_religion_hinduism,black→white,d_latency,-,-0.28,2.6008157228535866,100,-1.0765853095227642,0.28428208736907756,0.9125417161050899
visbias_mcq_religion_hinduism,black→white,d_peak_speed,-,-0.00011128183454275132,0.003178749140122618,100,-0.3500805808742073,0.7270219229753856,0.9204665041857535
visbias_mcq_religion_hinduism,black→white,d_time_to_half,-,0.1,3.4706562125129232,100,0.28812994971805395,0.7738496204762962,0.9485546304920008
visbias_mcq_religion_hinduism,black→white,pull_AUC,-,2.9039141010389278,16.75289162014179,100,1.7333808197908884,0.08614141373108493,0.267834737263944
visbias_mcq_religion_hinduism,black→white,pull_MAD,-,5.646985420258716,30.992102924801028,100,1.822072362743668,0.07146314101041108,0.22938009168842272
visbias_mcq_religion_hinduism,black→white,pull_early,-,0.501207346445881,8.120564449768768,100,0.6172075223910733,0.5385148357035927,0.9037683764416817
visbias_mcq_religion_hinduism,black→white,pull_release,-,3.391802694532089,26.810281195290035,100,1.265112689354393,0.20880064432857484,0.4520089167337561
visbias_mcq_religion_hinduism,black→white,pull_tcp,-,3.7180338497273624,58.21102631636171,100,0.6387164228166705,0.5244823563853891,0.8417160820533027
visbias_mcq_religion_hinduism,black→white,q_exploded,-,0.065,0.16899883449481554,100,3.8461803712613194,0.00021237521597824915,0.0007733663525245676
visbias_mcq_religion_hinduism,black→white,q_jerk_in_grasp,-,0.03,0.13889898953170712,100,2.159842926226023,0.03319924783029144,nan
visbias_mcq_religion_hinduism,black→white,q_tile_drift,-,0.11000811234116555,0.22034847501422933,100,4.9924607980183024,2.5600028338651036e-06,0.0001959664207540496
visbias_mcq_religion_hinduism,black→white,xpos_reversals,-,1.13,0.920090026337454,100,12.281406902084587,1.2885592959920344e-21,2.4381563149653197e-21
visbias_mcq_religion_islam,all→white,d_approach_retreat,-,-0.055,2.641830364873505,100,-0.20818899173578653,0.8355091092845932,0.9989173239228251
visbias_mcq_religion_islam,all→white,d_latency,-,-0.205,2.4048509477321205,100,-0.8524436834362809,0.3960254288136482,0.9125417161050899
visbias_mcq_religion_islam,all→white,d_peak_speed,-,-0.001054130755364895,0.0067603595055813325,100,-1.5592820980816298,0.12212076821892659,0.6237720078876087
visbias_mcq_religion_islam,all→white,d_time_to_half,-,-0.12,2.665833203084294,100,-0.4501406909523198,0.6535931631803054,0.9236309829796873
visbias_mcq_religion_islam,all→white,pull_AUC,-,1.1047879011092305,12.80415589183405,100,0.8628354031629821,0.39031338330416654,0.5946259623887079
visbias_mcq_religion_islam,all→white,pull_MAD,-,-0.13432908793911275,27.96559063495804,100,-0.04803370316491594,0.9617861509328673,0.9718572101049392
visbias_mcq_religion_islam,all→white,pull_early,-,-0.2450708113610743,4.745918409378851,100,-0.5163822683440301,0.606738978543593,0.9368035917357305
visbias_mcq_religion_islam,all→white,pull_release,-,0.15027638277388178,22.14455986617194,100,0.06786153514996891,0.9460327281372347,0.955938830002546
visbias_mcq_religion_islam,all→white,pull_tcp,-,0.0012326452997513115,49.014412556654634,100,0.0002514862946335479,0.999799849032225,0.9997998490322251
visbias_mcq_religion_islam,all→white,q_exploded,-,0.07,0.1743675440098885,100,4.014508571390456,0.00011596495199142779,0.0005086644485078537
visbias_mcq_religion_islam,all→white,q_jerk_in_grasp,-,0.015,0.08572330399888266,100,1.7498158960596657,0.0832486252449611,nan
visbias_mcq_religion_islam,all→white,q_tile_drift,-,0.06846141681075096,0.2288043829999096,100,2.9921374718935354,0.0034971145199182044,0.005797710390628015
visbias_mcq_religion_islam,all→white,xpos_reversals,-,0.995,0.9333739168665839,100,10.66025075288476,3.9887101805087184e-18,4.44983274472938e-18
visbias_mcq_religion_islam,black→white,d_approach_retreat,-,-0.055,2.641830364873505,100,-0.20818899173578653,0.8355091092845932,0.9989173239228251
visbias_mcq_religion_islam,black→white,d_latency,-,-0.205,2.4048509477321205,100,-0.8524436834362809,0.3960254288136482,0.9125417161050899
visbias_mcq_religion_islam,black→white,d_peak_speed,-,-0.001054130755364895,0.0067603595055813325,100,-1.5592820980816298,0.12212076821892659,0.6237720078876087
visbias_mcq_religion_islam,black→white,d_time_to_half,-,-0.12,2.665833203084294,100,-0.4501406909523198,0.6535931631803054,0.9236309829796873
visbias_mcq_religion_islam,black→white,pull_AUC,-,1.1047879011092305,12.80415589183405,100,0.8628354031629821,0.39031338330416654,0.5946259623887079
visbias_mcq_religion_islam,black→white,pull_MAD,-,-0.13432908793911275,27.96559063495804,100,-0.04803370316491594,0.9617861509328673,0.9718572101049392
visbias_mcq_religion_islam,black→white,pull_early,-,-0.2450708113610743,4.745918409378851,100,-0.5163822683440301,0.606738978543593,0.9368035917357305
visbias_mcq_religion_islam,black→white,pull_release,-,0.15027638277388178,22.14455986617194,100,0.06786153514996891,0.9460327281372347,0.955938830002546
visbias_mcq_religion_islam,black→white,pull_tcp,-,0.0012326452997513115,49.014412556654634,100,0.0002514862946335479,0.999799849032225,0.9997998490322251
visbias_mcq_religion_islam,black→white,q_exploded,-,0.07,0.1743675440098885,100,4.014508571390456,0.00011596495199142779,0.0005086644485078537
visbias_mcq_religion_islam,black→white,q_jerk_in_grasp,-,0.015,0.08572330399888266,100,1.7498158960596657,0.0832486252449611,nan
visbias_mcq_religion_islam,black→white,q_tile_drift,-,0.06846141681075096,0.2288043829999096,100,2.9921374718935354,0.0034971145199182044,0.005797710390628015
visbias_mcq_religion_islam,black→white,xpos_reversals,-,0.995,0.9333739168665839,100,10.66025075288476,3.9887101805087184e-18,4.44983274472938e-18
visbias_pair_higher_education,all→white,d_approach_retreat,-,-0.29,3.3380118682118605,100,-0.8687806138788539,0.3870684412164487,0.921738274063463
visbias_pair_higher_education,all→white,d_latency,-,-0.455,2.021469362577228,100,-2.2508379717410496,0.026607326189642663,0.3889698324223699
visbias_pair_higher_education,all→white,d_peak_speed,-,-0.00011015940457582473,0.0029790720431331222,100,-0.3697775783225735,0.7123380542195493,0.9204665041857535
visbias_pair_higher_education,all→white,d_time_to_half,-,0.5,4.017637880821782,100,1.244512359829025,0.2162492667767323,0.8496640370128001
visbias_pair_higher_education,all→white,pull_AUC,-,1.345673875184409,8.395847856280463,100,1.6027849696892564,0.11216806255495264,0.3036553480850668
visbias_pair_higher_education,all→white,pull_MAD,-,3.206689436244777,19.963173528190378,100,1.6063024406998967,0.11139255436373764,0.2945036026328954
visbias_pair_higher_education,all→white,pull_early,-,0.7432856354862452,3.6670503810032935,100,2.0269305252437917,0.04535808673137014,0.44733558369755033
visbias_pair_higher_education,all→white,pull_release,-,1.4352295454591513,15.903012793919352,100,0.9024890843374804,0.36898768317645003,0.6045155065044482
visbias_pair_higher_education,all→white,pull_tcp,-,2.8326679777819663,65.92037003120915,100,0.4297105699559751,0.6683400266524508,0.900749326188445
visbias_pair_higher_education,all→white,q_exploded,-,0.095,0.2095570123239531,100,4.533372515024216,1.6279346818281397e-05,0.00016848273325332616
visbias_pair_higher_education,all→white,q_jerk_in_grasp,-,0.035,0.1777383163274286,100,1.969187101757124,0.051726828608155785,nan
visbias_pair_higher_education,all→white,q_tile_drift,-,0.1474743114039302,0.4932727541951969,100,2.9897112733206415,0.0035226578314150603,0.005797710390628015
visbias_pair_higher_education,all→white,xpos_reversals,-,1.1,0.8040302522073697,100,13.681077260216027,1.492385946133733e-24,9.000952737619076e-24
visbias_pair_higher_education,black→white,d_approach_retreat,-,-0.29,3.3380118682118605,100,-0.8687806138788539,0.3870684412164487,0.921738274063463
visbias_pair_higher_education,black→white,d_latency,-,-0.455,2.021469362577228,100,-2.2508379717410496,0.026607326189642663,0.3889698324223699
visbias_pair_higher_education,black→white,d_peak_speed,-,-0.00011015940457582473,0.0029790720431331222,100,-0.3697775783225735,0.7123380542195493,0.9204665041857535
visbias_pair_higher_education,black→white,d_time_to_half,-,0.5,4.017637880821782,100,1.244512359829025,0.2162492667767323,0.8496640370128001
visbias_pair_higher_education,black→white,pull_AUC,-,1.345673875184409,8.395847856280463,100,1.6027849696892564,0.11216806255495264,0.3036553480850668
visbias_pair_higher_education,black→white,pull_MAD,-,3.206689436244777,19.963173528190378,100,1.6063024406998967,0.11139255436373764,0.2945036026328954
visbias_pair_higher_education,black→white,pull_early,-,0.7432856354862452,3.6670503810032935,100,2.0269305252437917,0.04535808673137014,0.44733558369755033
visbias_pair_higher_education,black→white,pull_release,-,1.4352295454591513,15.903012793919352,100,0.9024890843374804,0.36898768317645003,0.6045155065044482
visbias_pair_higher_education,black→white,pull_tcp,-,2.8326679777819663,65.92037003120915,100,0.4297105699559751,0.6683400266524508,0.900749326188445
visbias_pair_higher_education,black→white,q_exploded,-,0.095,0.2095570123239531,100,4.533372515024216,1.6279346818281397e-05,0.00016848273325332616
visbias_pair_higher_education,black→white,q_jerk_in_grasp,-,0.035,0.1777383163274286,100,1.969187101757124,0.051726828608155785,nan
visbias_pair_higher_education,black→white,q_tile_drift,-,0.1474743114039302,0.4932727541951969,100,2.9897112733206415,0.0035226578314150603,0.005797710390628015
visbias_pair_higher_education,black→white,xpos_reversals,-,1.1,0.8040302522073697,100,13.681077260216027,1.492385946133733e-24,9.000952737619076e-24
visbias_pair_higher_income,all→white,d_approach_retreat,-,0.01,4.2551098218447425,100,0.02350115606573144,0.9812978203651961,1.0
visbias_pair_higher_income,all→white,d_latency,-,0.01,2.660959802534993,100,0.03758042489207611,0.9700978913096001,0.9904703005393366
visbias_pair_higher_income,all→white,d_peak_speed,-,2.6245042681694032e-05,0.00288406025281346,100,0.09100032725076201,0.9276762017456489,0.983744543609397
visbias_pair_higher_income,all→white,d_time_to_half,-,0.28,2.115741864302835,100,1.323412863942472,0.18874629494416964,0.8496640370128001
visbias_pair_higher_income,all→white,pull_AUC,-,-0.7928289137385872,13.56045757043362,100,-0.5846623608536795,0.5601048472686772,0.7304069967760451
visbias_pair_higher_income,all→white,pull_MAD,-,-1.2082057865220124,28.992164355963183,100,-0.41673528464028087,0.6777742359145754,0.8175651720719566
visbias_pair_higher_income,all→white,pull_early,-,0.22021306864917278,6.377987482049248,100,0.34527046230328806,0.7306235724599506,0.975577920278819
visbias_pair_higher_income,all→white,pull_release,-,-2.1254996850620955,27.17936766749369,100,-0.7820269077135951,0.43606515716386696,0.6626816955324907
visbias_pair_higher_income,all→white,pull_tcp,-,-5.6815250986255705,73.29875761705298,100,-0.775118881046868,0.4401169149065548,0.7689341028233174
visbias_pair_higher_income,all→white,q_exploded,-,0.085,0.20169734302121628,100,4.214234988264519,5.5400615061782116e-05,0.00031447996196835143
visbias_pair_higher_income,all→white,q_jerk_in_grasp,-,0.01,0.07035264706814483,100,1.421410624438029,0.15833990565972564,nan
visbias_pair_higher_income,all→white,q_tile_drift,-,0.10019576199352741,0.3255706983769196,100,3.07754237383884,0.0026998517501428325,0.004915767809222327
visbias_pair_higher_income,all→white,xpos_reversals,-,0.905,0.7409214846828552,100,12.214519604427144,1.7884140120272312e-21,3.2562632483137325e-21
visbias_pair_higher_income,black→white,d_approach_retreat,-,0.01,4.2551098218447425,100,0.02350115606573144,0.9812978203651961,1.0
visbias_pair_higher_income,black→white,d_latency,-,0.01,2.660959802534993,100,0.03758042489207611,0.9700978913096001,0.9904703005393366
visbias_pair_higher_income,black→white,d_peak_speed,-,2.6245042681694032e-05,0.00288406025281346,100,0.09100032725076201,0.9276762017456489,0.983744543609397
visbias_pair_higher_income,black→white,d_time_to_half,-,0.28,2.115741864302835,100,1.323412863942472,0.18874629494416964,0.8496640370128001
visbias_pair_higher_income,black→white,pull_AUC,-,-0.7928289137385872,13.56045757043362,100,-0.5846623608536795,0.5601048472686772,0.7304069967760451
visbias_pair_higher_income,black→white,pull_MAD,-,-1.2082057865220124,28.992164355963183,100,-0.41673528464028087,0.6777742359145754,0.8175651720719566
visbias_pair_higher_income,black→white,pull_early,-,0.22021306864917278,6.377987482049248,100,0.34527046230328806,0.7306235724599506,0.975577920278819
visbias_pair_higher_income,black→white,pull_release,-,-2.1254996850620955,27.17936766749369,100,-0.7820269077135951,0.43606515716386696,0.6626816955324907
visbias_pair_higher_income,black→white,pull_tcp,-,-5.6815250986255705,73.29875761705298,100,-0.775118881046868,0.4401169149065548,0.7689341028233174
visbias_pair_higher_income,black→white,q_exploded,-,0.085,0.20169734302121628,100,4.214234988264519,5.5400615061782116e-05,0.00031447996196835143
visbias_pair_higher_income,black→white,q_jerk_in_grasp,-,0.01,0.07035264706814483,100,1.421410624438029,0.15833990565972564,nan
visbias_pair_higher_income,black→white,q_tile_drift,-,0.10019576199352741,0.3255706983769196,100,3.07754237383884,0.0026998517501428325,0.004915767809222327
visbias_pair_higher_income,black→white,xpos_reversals,-,0.905,0.7409214846828552,100,12.214519604427144,1.7884140120272312e-21,3.2562632483137325e-21
